,symbol,name,description__profile,ceo__profile,industry__profile,price__profile,currency__profile,mktCap__profile,image__profile,volAvg__profile,ipoDate__profile,pe__quote,change__quote,volume__quote,ebitda__income_statement,netIncome__income_statement,annual_earnings,quaterly_earnings,eps__income_statement,epsdiluted__income_statement,totalAssets__balance_sheet_statement,totalCurrentAssets__balance_sheet_statement,cashAndShortTermInvestments__balance_sheet_statement,totalLiabilities__balance_sheet_statement,netReceivables__balance_sheet_statement,longTermInvestments__balance_sheet_statement,totalCurrentLiabilities__balance_sheet_statement,cashAndCashEquivalents__balance_sheet_statement,freeCashFlow__cash_flow_statement,growthEBITDA__income_statement_growth,growthNetIncome__income_statement_growth,growthEPS__income_statement_growth,dividend__historical-price-full/stock_dividend,date__historical-price-full/stock_dividend,derived__netIncomeMargin,derived__debtRatio
0,ON,ON Semiconductor Corporation Common Stock,,,,,,,,,,201.21,-2.52,7105968,,,[],"[{'period': ""Q4 '25"", 'revenue': 1530.0, 'unit': 'M', 'net_profit': 181.8}, {'period': ""Q3 '25"", 'revenue': 1550.0, 'unit': 'M', 'net_profit': 255.0}, {'period': ""Q2 '25"", 'revenue': 1470.0, 'unit': 'M', 'net_profit': 170.3}, {'period': ""Q1 '25"", 'revenue': 1450.0, 'unit': 'M', 'net_profit': -486.1}, {'period': ""Q4 '24"", 'revenue': 1720.0, 'unit': 'M', 'net_profit': 379.9}, {'period': ""Q3 '24"", 'revenue': 1760.0, 'unit': 'M', 'net_profit': 401.7}]",,,,,,,,,,,,,,,,,__nan__,__nan__
1,ONB,Old National Bancorp Common Stock,,,,,,,,,,11.97,-0.3,2657342,,,[],"[{'period': ""Q4 '25"", 'revenue': 1010.0, 'unit': 'M', 'net_profit': 216.62}, {'period': ""Q3 '25"", 'revenue': 1020.0, 'unit': 'M', 'net_profit': 182.57}, {'period': ""Q2 '25"", 'revenue': 957.48, 'unit': 'M', 'net_profit': 125.41}, {'period': ""Q1 '25"", 'revenue': 724.19, 'unit': 'M', 'net_profit': 144.66}, {'period': ""Q4 '24"", 'revenue': 757.85, 'unit': 'M', 'net_profit': 153.87}, {'period': ""Q3 '24"", 'revenue': 774.06, 'unit': 'M', 'net_profit': 143.8}]",,,,,,,,,,,,,,,,,__nan__,__nan__
2,ONCR,Oncorus Inc. Common Stock,,,,,,,,,,-0.03620689655172414,-0.004,135947,,,[],"[{'period': ""Q1 '23"", 'revenue': 0.0, 'unit': 'M', 'net_profit': -33.29}, {'period': ""Q4 '22"", 'revenue': 0.0, 'unit': 'M', 'net_profit': -21.49}, {'period': ""Q3 '22"", 'revenue': 0.0, 'unit': 'M', 'net_profit': -19.94}, {'period': ""Q2 '22"", 'revenue': 0.0, 'unit': 'M', 'net_profit': -19.54}, {'period': ""Q1 '22"", 'revenue': 0.0, 'unit': 'M', 'net_profit': -17.74}, {'period': ""Q4 '21"", 'revenue': 0.0, 'unit': 'M', 'net_profit': -19.84}]",,,,,,,,,,,,,,,,,__nan__,__nan__
3,ONCS,OncoSec Medical Incorporated Common Stock,,,,,,,,,,-0.013648449039881832,0.067,51295233,,,[],"[{'period': ""Q2 '23"", 'revenue': 0.0, 'unit': 'M', 'net_profit': -6.86}, {'period': ""Q1 '23"", 'revenue': 0.0, 'unit': 'M', 'net_profit': -8.82}, {'period': ""Q4 '22"", 'revenue': 0.0, 'unit': 'M', 'net_profit': -8.22}, {'period': ""Q3 '22"", 'revenue': 0.0, 'unit': 'M', 'net_profit': -6.25}, {'period': ""Q2 '22"", 'revenue': 0.0, 'unit': 'M', 'net_profit': -9.91}, {'period': ""Q1 '22"", 'revenue': 0.0, 'unit': 'M', 'net_profit': -9.69}]",,,,,,,,,,,,,,,,,__nan__,__nan__
4,ONCT,Oncternal Therapeutics Inc. Common Stock,,,,,,,,,,-0.04504704875962361,-0.1674,644135,,,[],"[{'period': ""Q3 '24"", 'revenue': 0.0, 'unit': 'M', 'net_profit': -8.46}, {'period': ""Q2 '24"", 'revenue': 0.801, 'unit': 'M', 'net_profit': -8.56}, {'period': ""Q1 '24"", 'revenue': 0.5690000000000001, 'unit': 'M', 'net_profit': -8.39}, {'period': ""Q4 '23"", 'revenue': 0.297, 'unit': 'M', 'net_profit': -9.16}, {'period': ""Q3 '23"", 'revenue': 0.179, 'unit': 'M', 'net_profit': -9.86}, {'period': ""Q2 '23"", 'revenue': 0.106, 'unit': 'M', 'net_profit': -8.97}]",,,,,,,,,,,,,,,,,__nan__,__nan__
5,ONCY,Oncolytics Biotech Inc. Common Shares,,,,,,,,,,-2.9,-0.061,1702169,,,[],"[{'period': ""Q3 '25"", 'revenue': 0.0, 'unit': 'M', 'net_profit': -14.4}, {'period': ""Q2 '25"", 'revenue': 0.0, 'unit': 'M', 'net_profit': -6.17}, {'period': ""Q1 '25"", 'revenue': 0.0, 'unit': 'M', 'net_profit': -6.69}, {'period': ""Q4 '24"", 'revenue': 0.0, 'unit': 'M', 'net_profit': -8.02}, {'period': ""Q3 '24"", 'revenue': 0.0, 'unit': 'M', 'net_profit': -9.54}, {'period': ""Q2 '24"", 'revenue': 0.0, 'unit': 'M', 'net_profit': -5.3}]",,,,,,,,,,,,,,,,,__nan__,__nan__
6,ONDS,Ondas Holdings Inc. Common Stock,,,,,,,,,,-14.19,-0.64,55542017,,,[],"[{'period': ""Q4 '25"", 'revenue': 30.11, 'unit': 'M', 'net_profit': -99.66}, {'period': ""Q3 '25"", 'revenue': 10.1, 'unit': 'M', 'net_profit': -7.47}, {'period': ""Q2 '25"", 'revenue': 6.27, 'unit': 'M', 'net_profit': -10.75}, {'period': ""Q1 '25"", 'revenue': 4.25, 'unit': 'M', 'net_profit': -14.14}, {'period': ""Q4 '24"", 'revenue': 4.13, 'unit': 'M', 'net_profit': -10.34}, {'period': ""Q3 '24"", 'revenue': 1.48, 'unit': 'M', 'net_profit': -9.53}]",,,,,,,,,,,,,,,,,__nan__,__nan__
7,ONEM,1Life Healthcare Inc. Common Stock,,,,,,,,,,-7.768867924528302,0.0,15268322,,,[],"[{'period': ""Q4 '22"", 'revenue': 274.24, 'unit': 'M', 'net_profit': -101.14}, {'period': ""Q3 '22"", 'revenue': 261.37, 'unit': 'M', 'net_profit': -112.04}, {'period': ""Q2 '22"", 'revenue': 255.84, 'unit': 'M', 'net_profit': -93.81}, {'period': ""Q1 '22"", 'revenue': 254.1, 'unit': 'M', 'net_profit': -90.86}, {'period': ""Q4 '21"", 'revenue': 228.45, 'unit': 'M', 'net_profit': -95.43}, {'period': ""Q3 '21"", 'revenue': 151.33, 'unit': 'M', 'net_profit': -78.6}]",,,,,,,,,,,,,,,,,__nan__,__nan__
8,ONEW,OneWater Marine Inc. Class A Common Stock,,,,,,,,,,-1.28,-0.41,100221,,,[],"[{'period': ""Q1 '26"", 'revenue': 380.56, 'unit': 'M', 'net_profit': -7.71}, {'period': ""Q4 '25"", 'revenue': 460.13, 'unit': 'M', 'net_profit': -112.96}, {'period': ""Q3 '25"", 'revenue': 552.86, 'unit': 'M', 'net_profit': 10.71}, {'period': ""Q2 '25"", 'revenue': 483520.0, 'unit': 'K', 'net_profit': -368.0}, {'period': ""Q1 '25"", 'revenue': 375.81, 'unit': 'M', 'net_profit': -11.97}, {'period': ""Q4 '24"", 'revenue': 377.86, 'unit': 'M', 'net_profit': -9.25}]",,,,,,,,,,,,,,,,,__nan__,__nan__
9,ONTX,Onconova Therapeutics Inc. Common Stock,,,,,,,,,,-1.0367708333333332,-0.0047,1254618,,,[],"[{'period': ""Q3 '25"", 'revenue': 0.0, 'unit': 'B', 'net_profit': -3.96}, {'period': ""Q2 '25"", 'revenue': 0.27330000000000004, 'unit': 'M', 'net_profit': -9.15}, {'period': ""Q1 '25"", 'revenue': 0.057, 'unit': 'M', 'net_profit': 21.49}, {'period': ""Q4 '24"", 'revenue': 57.0, 'unit': 'K', 'net_profit': 122.99}, {'period': ""Q3 '24"", 'revenue': 0.057, 'unit': 'M', 'net_profit': -8.47}, {'period': ""Q2 '24"", 'revenue': 0.056, 'unit': 'M', 'net_profit': -12.31}]",,,,,,,,,,,,,,,,,__nan__,__nan__
10,ONTXW,Onconova Therapeutics Inc. Warrants,,,,,,,,,,0.0,-0.0229,415931,,,[],"[{'period': ""Q2 '25"", 'revenue': 2730.0, 'unit': 'K', 'net_profit': -625.0}, {'period': ""Q4 '24"", 'revenue': 0.057, 'unit': 'M', 'net_profit': -8.47}, {'period': ""Q2 '24"", 'revenue': 0.056, 'unit': 'M', 'net_profit': -4.98}, {'period': ""Q4 '23"", 'revenue': 0.113, 'unit': 'M', 'net_profit': -8.92}, {'period': ""Q2 '23"", 'revenue': 0.113, 'unit': 'M', 'net_profit': -10.03}, {'period': ""Q4 '22"", 'revenue': 0.113, 'unit': 'M', 'net_profit': -10.82}]",,,,,,,,,,,,,,,,,__nan__,__nan__
11,ONVO,Organovo Holdings Inc. Common Stock,,,,,,,,,,-0.20238095238095238,0.03,243634,,,[],"[{'period': ""Q3 '26"", 'revenue': 0.026000000000000002, 'unit': 'M', 'net_profit': -2.69}, {'period': ""Q2 '26"", 'revenue': 0.028, 'unit': 'M', 'net_profit': -2.54}, {'period': ""Q1 '26"", 'revenue': 0.037, 'unit': 'M', 'net_profit': -2.84}, {'period': ""Q4 '25"", 'revenue': 0.051000000000000004, 'unit': 'M', 'net_profit': 6.85}, {'period': ""Q3 '25"", 'revenue': 0.024, 'unit': 'M', 'net_profit': -3.45}, {'period': ""Q2 '25"", 'revenue': 0.03, 'unit': 'M', 'net_profit': -2.55}]",,,,,,,,,,,,,,,,,__nan__,__nan__
12,OPBK,OP Bancorp Common Stock,,,,,,,,,,7.63,-0.17,7927,,,[],"[{'period': ""Q4 '25"", 'revenue': 42.7, 'unit': 'M', 'net_profit': 7.06}, {'period': ""Q3 '25"", 'revenue': 42.65, 'unit': 'M', 'net_profit': 6.7}, {'period': ""Q2 '25"", 'revenue': 41.63, 'unit': 'M', 'net_profit': 6.33}, {'period': ""Q1 '25"", 'revenue': 39.67, 'unit': 'M', 'net_profit': 5.56}, {'period': ""Q4 '24"", 'revenue': 39.47, 'unit': 'M', 'net_profit': 4.97}, {'period': ""Q3 '24"", 'revenue': 39.54, 'unit': 'M', 'net_profit': 5.44}]",,,,,,,,,,,,,,,,,__nan__,__nan__
13,OPCH,Option Care Health Inc. Common Stock,,,,,,,,,,21.47,-0.48,1234510,,,[],"[{'period': ""Q4 '25"", 'revenue': 1470.0, 'unit': 'M', 'net_profit': 58.5}, {'period': ""Q3 '25"", 'revenue': 1440.0, 'unit': 'M', 'net_profit': 51.82}, {'period': ""Q2 '25"", 'revenue': 1420.0, 'unit': 'M', 'net_profit': 50.52}, {'period': ""Q1 '25"", 'revenue': 1330.0, 'unit': 'M', 'net_profit': 46.74}, {'period': ""Q4 '24"", 'revenue': 1350.0, 'unit': 'M', 'net_profit': 60.13}, {'period': ""Q3 '24"", 'revenue': 1280.0, 'unit': 'M', 'net_profit': 53.86}]",,,,,,,,,,,,,,,,,__nan__,__nan__
14,OPEN,Opendoor Technologies Inc Common Stock,,,,,,,,,,-2.82,-0.1,26914946,,,[],"[{'period': ""Q4 '25"", 'revenue': 0.736, 'unit': 'B', 'net_profit': -1.1}, {'period': ""Q3 '25"", 'revenue': 915.0, 'unit': 'M', 'net_profit': -90.0}, {'period': ""Q2 '25"", 'revenue': 1570.0, 'unit': 'M', 'net_profit': -29.0}, {'period': ""Q1 '25"", 'revenue': 1150.0, 'unit': 'M', 'net_profit': -85.0}, {'period': ""Q4 '24"", 'revenue': 1080.0, 'unit': 'M', 'net_profit': -113.0}, {'period': ""Q3 '24"", 'revenue': 1380.0, 'unit': 'M', 'net_profit': -78.0}]",,,,,,,,,,,,,,,,,__nan__,__nan__
15,OPENW,Opendoor Technologies Inc Warrants expiring 12/18/2025,,,,,,,,,,,,,,,[],"[{'period': ""Q2 '21"", 'revenue': 1190.0, 'unit': 'M', 'net_profit': -143.81}, {'period': ""Q4 '20"", 'revenue': 2580.0, 'unit': 'M', 'net_profit': -286.76}, {'period': ""Q3 '20"", 'revenue': 0.0, 'unit': 'K', 'net_profit': -6.04}, {'period': ""Q2 '20"", 'revenue': 739.83, 'unit': 'M', 'net_profit': -55.92}]",,,,,,,,,,,,,,,,,__nan__,__nan__
16,OPGN,OpGen Inc. Common Stock,,,,,,,,,,132.83,9.75,1283,,,[],"[{'period': ""Q3 '25"", 'revenue': 0.0, 'unit': 'K', 'net_profit': -608.73}, {'period': ""Q2 '25"", 'revenue': 4.0, 'unit': 'M', 'net_profit': 3.51}, {'period': ""Q1 '25"", 'revenue': 0.0, 'unit': 'K', 'net_profit': -408.13}, {'period': ""Q4 '24"", 'revenue': 5.0, 'unit': 'M', 'net_profit': 4.35}, {'period': ""Q3 '24"", 'revenue': 0.0, 'unit': 'M', 'net_profit': 8.93}, {'period': ""Q2 '24"", 'revenue': 0.028, 'unit': 'M', 'net_profit': -1.58}]",,,,,,,,,,,,,,,,,__nan__,__nan__
17,OPHC,OptimumBank Holdings Inc. Common Stock,,,,,,,,,,7.37,-0.17,11299,,,[],"[{'period': ""Q4 '25"", 'revenue': 19.16, 'unit': 'M', 'net_profit': 4.85}, {'period': ""Q3 '25"", 'revenue': 18.3, 'unit': 'M', 'net_profit': 4.32}, {'period': ""Q2 '25"", 'revenue': 17.42, 'unit': 'M', 'net_profit': 3.6}, {'period': ""Q1 '25"", 'revenue': 16.24, 'unit': 'M', 'net_profit': 3.87}, {'period': ""Q4 '24"", 'revenue': 16.71, 'unit': 'M', 'net_profit': 3.95}, {'period': ""Q3 '24"", 'revenue': 16.45, 'unit': 'M', 'net_profit': 3.3}]",,,,,,,,,,,,,,,,,__nan__,__nan__
18,OPI,Office Properties Income Trust Common Shares of Beneficial Interest,,,,,,,,,,-0.03759398496240601,-0.0409,11283053,,,[],"[{'period': ""Q2 '25"", 'revenue': 114.5, 'unit': 'M', 'net_profit': -41.19}, {'period': ""Q1 '25"", 'revenue': 113.61, 'unit': 'M', 'net_profit': -45.87}, {'period': ""Q4 '24"", 'revenue': 118.24, 'unit': 'M', 'net_profit': -148.68}, {'period': ""Q3 '24"", 'revenue': 120.62, 'unit': 'M', 'net_profit': -58.41}, {'period': ""Q2 '24"", 'revenue': 123.69, 'unit': 'M', 'net_profit': 76.17}, {'period': ""Q1 '24"", 'revenue': 139.44, 'unit': 'M', 'net_profit': -5.19}]",,,,,,,,,,,,,,,,,__nan__,__nan__
19,OPINI,Office Properties Income Trust 5.875% Senior Notes due 2046,,,,,,,,,,,,,,,[],"[{'period': ""Q2 '21"", 'revenue': 0.0, 'unit': 'M', 'net_profit': -66.7}, {'period': ""Q4 '20"", 'revenue': 0.0, 'unit': 'M', 'net_profit': 6.68}]",,,,,,,,,,,,,,,,,__nan__,__nan__
20,OPINL,Office Properties Income Trust 6.375% Senior Notes due 2050,,,,,,,,,,0.0,0.035,24208,,,[],"[{'period': ""Q2 '25"", 'revenue': 114.5, 'unit': 'M', 'net_profit': -41.19}, {'period': ""Q1 '25"", 'revenue': 113.61, 'unit': 'M', 'net_profit': -45.87}, {'period': ""Q4 '24"", 'revenue': 118.24, 'unit': 'M', 'net_profit': -148.68}, {'period': ""Q3 '24"", 'revenue': 120.62, 'unit': 'M', 'net_profit': -58.41}, {'period': ""Q2 '24"", 'revenue': 123.69, 'unit': 'M', 'net_profit': 76.17}, {'period': ""Q1 '24"", 'revenue': 139.44, 'unit': 'M', 'net_profit': -5.19}]",,,,,,,,,,,,,,,,,__nan__,__nan__
21,OPK,OPKO Health Inc. Common Stock,,,,,,,,,,-3.73,-0.05,3376466,,,[],"[{'period': ""Q4 '25"", 'revenue': 148.5, 'unit': 'M', 'net_profit': -31.3}, {'period': ""Q3 '25"", 'revenue': 151.67, 'unit': 'M', 'net_profit': 21.63}, {'period': ""Q2 '25"", 'revenue': 156.81, 'unit': 'M', 'net_profit': -148.44}, {'period': ""Q1 '25"", 'revenue': 149.95, 'unit': 'M', 'net_profit': -67.61}, {'period': ""Q4 '24"", 'revenue': 183.64, 'unit': 'M', 'net_profit': 14.03}, {'period': ""Q3 '24"", 'revenue': 173.63, 'unit': 'M', 'net_profit': 24.89}]",,,,,,,,,,,,,,,,,__nan__,__nan__
22,OPNT,Opiant Pharmaceuticals Inc. Common Stock,,,,,,,,,,-3.1623277182235836,0.0,562778,,,[],"[{'period': ""Q3 '22"", 'revenue': 173.87, 'unit': 'M', 'net_profit': -9.92}, {'period': ""Q2 '22"", 'revenue': 2.33, 'unit': 'M', 'net_profit': -11.74}, {'period': ""Q1 '22"", 'revenue': 2.19, 'unit': 'M', 'net_profit': -12.59}, {'period': ""Q4 '21"", 'revenue': 13040.0, 'unit': 'K', 'net_profit': 752.33}, {'period': ""Q3 '21"", 'revenue': 14.04, 'unit': 'M', 'net_profit': 3.42}, {'period': ""Q2 '21"", 'revenue': 9.31, 'unit': 'M', 'net_profit': 1.68}]",,,,,,,,,,,,,,,,,__nan__,__nan__
23,OPOF,Old Point Financial Corporation Common Stock,,,,,,,,,,24.619883040935672,0.94,205957,,,[],"[{'period': ""Q2 '25"", 'revenue': 20.82, 'unit': 'M', 'net_profit': 1.24}, {'period': ""Q1 '25"", 'revenue': 21.15, 'unit': 'M', 'net_profit': 2.16}, {'period': ""Q4 '24"", 'revenue': 21.63, 'unit': 'M', 'net_profit': 2.88}, {'period': ""Q3 '24"", 'revenue': 21.99, 'unit': 'M', 'net_profit': 2.38}, {'period': ""Q2 '24"", 'revenue': 21.59, 'unit': 'M', 'net_profit': 2.53}, {'period': ""Q1 '24"", 'revenue': 20.61, 'unit': 'M', 'net_profit': 1.72}]",,,,,,,,,,,,,,,,,__nan__,__nan__
24,OPRA,Opera Limited American Depositary Shares,,,,,,,,,,11.34,-0.43,445804,,,[],"[{'period': ""Q4 '25"", 'revenue': 176.99, 'unit': 'M', 'net_profit': 55.64}, {'period': ""Q3 '25"", 'revenue': 151.94, 'unit': 'M', 'net_profit': 18.62}, {'period': ""Q2 '25"", 'revenue': 142.96, 'unit': 'M', 'net_profit': 15.68}, {'period': ""Q1 '25"", 'revenue': 142.72, 'unit': 'M', 'net_profit': 18.28}, {'period': ""Q4 '24"", 'revenue': 145.83, 'unit': 'M', 'net_profit': 28.69}, {'period': ""Q3 '24"", 'revenue': 123.21, 'unit': 'M', 'net_profit': 17.94}]",,,,,,,,,,,,,,,,,__nan__,__nan__
25,OPRT,Oportun Financial Corporation Common Stock,,,,,,,,,,8.45,-0.23,572517,,,[],"[{'period': ""Q4 '25"", 'revenue': 148.35, 'unit': 'M', 'net_profit': 3.4}, {'period': ""Q3 '25"", 'revenue': 161.67, 'unit': 'M', 'net_profit': 5.2}, {'period': ""Q2 '25"", 'revenue': 164.09, 'unit': 'M', 'net_profit': 6.88}, {'period': ""Q1 '25"", 'revenue': 163.23, 'unit': 'M', 'net_profit': 9.77}, {'period': ""Q4 '24"", 'revenue': 167.09, 'unit': 'M', 'net_profit': 8.74}, {'period': ""Q3 '24"", 'revenue': 118.37, 'unit': 'M', 'net_profit': -29.96}]",,,,,,,,,,,,,,,,,__nan__,__nan__
26,OPRX,OptimizeRx Corporation Common Stock,,,,,,,,,,24.44,-0.36,412782,,,[],"[{'period': ""Q4 '25"", 'revenue': 32.24, 'unit': 'M', 'net_profit': 5.02}, {'period': ""Q3 '25"", 'revenue': 26070.0, 'unit': 'K', 'net_profit': 779.0}, {'period': ""Q2 '25"", 'revenue': 29.2, 'unit': 'M', 'net_profit': 1.53}, {'period': ""Q1 '25"", 'revenue': 21.93, 'unit': 'M', 'net_profit': -2.2}, {'period': ""Q4 '24"", 'revenue': 32320.0, 'unit': 'K', 'net_profit': -78.0}, {'period': ""Q3 '24"", 'revenue': 21.31, 'unit': 'M', 'net_profit': -9.12}]",,,,,,,,,,,,,,,,,__nan__,__nan__
27,OPT,Opthea Limited American Depositary Shares,,,,,,,,,,-1.5155555555555555,0.05,3025,,,[],"[{'period': ""Q4 '25"", 'revenue': 0.00109, 'unit': 'M', 'net_profit': -31.38}, {'period': ""Q2 '25"", 'revenue': 0.02391, 'unit': 'M', 'net_profit': -131.41}, {'period': ""Q4 '24"", 'revenue': 0.08939, 'unit': 'M', 'net_profit': -185.99}, {'period': ""Q2 '24"", 'revenue': 0.09318000000000001, 'unit': 'M', 'net_profit': -147.42}, {'period': ""Q4 '23"", 'revenue': 0.08334000000000001, 'unit': 'M', 'net_profit': -96.84}, {'period': ""Q2 '23"", 'revenue': 0.07779000000000001, 'unit': 'M', 'net_profit': -115.11}]",,,,,,,,,,,,,,,,,__nan__,__nan__
28,OPTN,OptiNose Inc. Common Stock,,,,,,,,,,-4.423963133640553,0.0,811056,,,[],"[{'period': ""Q1 '25"", 'revenue': 18.51, 'unit': 'M', 'net_profit': -22.42}, {'period': ""Q4 '24"", 'revenue': 22420.0, 'unit': 'K', 'net_profit': -360.0}, {'period': ""Q3 '24"", 'revenue': 20440.0, 'unit': 'K', 'net_profit': 467.0}, {'period': ""Q2 '24"", 'revenue': 20.49, 'unit': 'M', 'net_profit': -7.58}, {'period': ""Q1 '24"", 'revenue': 14.88, 'unit': 'M', 'net_profit': -14.07}, {'period': ""Q4 '23"", 'revenue': 19.86, 'unit': 'M', 'net_profit': -9.97}]",,,,,,,,,,,,,,,,,__nan__,__nan__
29,OPTT,Ocean Power Technologies Inc. Common Stock,,,,,,,,,,-1.65,-0.0162,5857288,,,[],"[{'period': ""Q3 '26"", 'revenue': 0.513, 'unit': 'M', 'net_profit': -11.37}, {'period': ""Q2 '26"", 'revenue': 0.424, 'unit': 'M', 'net_profit': -10.82}, {'period': ""Q1 '26"", 'revenue': 1.18, 'unit': 'M', 'net_profit': -7.39}, {'period': ""Q4 '25"", 'revenue': 1.32, 'unit': 'M', 'net_profit': -6.42}, {'period': ""Q3 '25"", 'revenue': 0.8250000000000001, 'unit': 'M', 'net_profit': -6.72}, {'period': ""Q2 '25"", 'revenue': 2.42, 'unit': 'M', 'net_profit': -3.91}]",,,,,,,,,,,,,,,,,__nan__,__nan__
30,ORBC,ORBCOMM Inc. Common Stock,,,,,,,,,,0.0,0.0,1556128,,,[],"[{'period': ""Q2 '21"", 'revenue': 65.93, 'unit': 'M', 'net_profit': -7.64}, {'period': ""Q1 '21"", 'revenue': 63.7, 'unit': 'M', 'net_profit': -10.56}, {'period': ""Q4 '20"", 'revenue': 63.81, 'unit': 'M', 'net_profit': -14.77}, {'period': ""Q3 '20"", 'revenue': 61.74, 'unit': 'M', 'net_profit': -5.53}, {'period': ""Q2 '20"", 'revenue': 56.73, 'unit': 'M', 'net_profit': -6.67}, {'period': ""Q1 '20"", 'revenue': 66.18, 'unit': 'M', 'net_profit': -6.97}]",,,,,,,,,,,,,,,,,__nan__,__nan__
31,ORGO,Organogenesis Holdings Inc. Class A Common Stock,,,,,,,,,,15.27,-0.13,496757,,,[],"[{'period': ""Q4 '25"", 'revenue': 225.61, 'unit': 'M', 'net_profit': 43.7}, {'period': ""Q3 '25"", 'revenue': 150.86, 'unit': 'M', 'net_profit': 21.57}, {'period': ""Q2 '25"", 'revenue': 100.78, 'unit': 'M', 'net_profit': -9.39}, {'period': ""Q1 '25"", 'revenue': 86.69, 'unit': 'M', 'net_profit': -18.84}, {'period': ""Q4 '24"", 'revenue': 126.66, 'unit': 'M', 'net_profit': 7.67}, {'period': ""Q3 '24"", 'revenue': 115.18, 'unit': 'M', 'net_profit': 12.33}]",,,,,,,,,,,,,,,,,__nan__,__nan__
32,ORGS,Orgenesis Inc. Common Stock,,,,,,,,,,-0.02,-0.29,2349,,,[],"[{'period': ""Q3 '24"", 'revenue': 0.34700000000000003, 'unit': 'M', 'net_profit': 9.12}, {'period': ""Q2 '24"", 'revenue': 0.246, 'unit': 'M', 'net_profit': -8.9}, {'period': ""Q1 '24"", 'revenue': 0.14100000000000001, 'unit': 'M', 'net_profit': -9.77}, {'period': ""Q4 '23"", 'revenue': -13.6, 'unit': 'M', 'net_profit': -34.39}, {'period': ""Q3 '23"", 'revenue': 0.11, 'unit': 'M', 'net_profit': -3.73}, {'period': ""Q2 '23"", 'revenue': 0.113, 'unit': 'M', 'net_profit': -25.54}]",,,,,,,,,,,,,,,,,__nan__,__nan__
33,ORIAU,Orion Biotech Opportunities Corp. Units,,,,,,,,,,55.55555555555556,0.0,5,,,[],"[{'period': ""Q4 '22"", 'revenue': 0.0, 'unit': 'M', 'net_profit': 9.82}, {'period': ""Q3 '22"", 'revenue': 0.0, 'unit': 'M', 'net_profit': 2.05}, {'period': ""Q2 '22"", 'revenue': 0.0, 'unit': 'M', 'net_profit': 4.06}, {'period': ""Q1 '22"", 'revenue': 0.0, 'unit': 'T', 'net_profit': 4.9}, {'period': ""Q4 '21"", 'revenue': 0.0, 'unit': 'M', 'net_profit': -1.63}, {'period': ""Q3 '21"", 'revenue': 0.0, 'unit': 'M', 'net_profit': 2.26}]",,,,,,,,,,,,,,,,,__nan__,__nan__
34,ORIC,Oric Pharmaceuticals Inc. Common Stock,,,,,,,,,,-8.2,-0.32,1311971,,,[],"[{'period': ""Q4 '25"", 'revenue': 0.0, 'unit': 'M', 'net_profit': -30.5}, {'period': ""Q3 '25"", 'revenue': 0.0, 'unit': 'M', 'net_profit': -32.59}, {'period': ""Q2 '25"", 'revenue': 0.0, 'unit': 'M', 'net_profit': -36.35}, {'period': ""Q1 '25"", 'revenue': 0.0, 'unit': 'M', 'net_profit': -30.02}, {'period': ""Q4 '24"", 'revenue': 0.0, 'unit': 'M', 'net_profit': -36.31}, {'period': ""Q3 '24"", 'revenue': 0.0, 'unit': 'M', 'net_profit': -34.57}]",,,,,,,,,,,,,,,,,__nan__,__nan__
35,ORLY,O'Reilly Automotive Inc. Common Stock,,,,,,,,,,30.34,-2.16,6361809,,,[],"[{'period': ""Q4 '25"", 'revenue': 4410.0, 'unit': 'M', 'net_profit': 605.23}, {'period': ""Q3 '25"", 'revenue': 4710.0, 'unit': 'M', 'net_profit': 725.9}, {'period': ""Q2 '25"", 'revenue': 4530.0, 'unit': 'M', 'net_profit': 668.6}, {'period': ""Q1 '25"", 'revenue': 4140.0, 'unit': 'M', 'net_profit': 538.49}, {'period': ""Q4 '24"", 'revenue': 4100.0, 'unit': 'M', 'net_profit': 551.13}, {'period': ""Q3 '24"", 'revenue': 4360.0, 'unit': 'M', 'net_profit': 665.46}]",,,,,,,,,,,,,,,,,__nan__,__nan__
36,ORMP,Oramed Pharmaceuticals Inc. Common Stock,,,,,,,,,,2.21,-0.0101,102268,,,[],"[{'period': ""Q3 '25"", 'revenue': 0.0, 'unit': 'M', 'net_profit': 48.4}, {'period': ""Q2 '25"", 'revenue': 0.0, 'unit': 'M', 'net_profit': 13.29}, {'period': ""Q1 '25"", 'revenue': 2.0, 'unit': 'M', 'net_profit': -7.64}, {'period': ""Q4 '24"", 'revenue': 0.0, 'unit': 'M', 'net_profit': -10.19}, {'period': ""Q3 '24"", 'revenue': 0.0, 'unit': 'M', 'net_profit': -19.62}, {'period': ""Q2 '24"", 'revenue': 0.0, 'unit': 'M', 'net_profit': 9.21}]",,,,,,,,,,,,,,,,,__nan__,__nan__
37,ORPH,Orphazyme A/S American Depositary Shares,,,,,,,,,,-0.2269170579029734,0.0,941412,,,[],"[{'period': ""Q2 '24"", 'revenue': 0.0, 'unit': 'M', 'net_profit': 1.85}, {'period': ""Q4 '23"", 'revenue': 0.0, 'unit': 'M', 'net_profit': -13.26}, {'period': ""Q2 '23"", 'revenue': 0.0, 'unit': 'M', 'net_profit': -12.78}, {'period': ""Q4 '22"", 'revenue': 0.0, 'unit': 'M', 'net_profit': -36.61}, {'period': ""Q2 '22"", 'revenue': 0.0, 'unit': 'M', 'net_profit': -82.84}, {'period': ""Q4 '21"", 'revenue': 23.04, 'unit': 'M', 'net_profit': -162.76}]",,,,,,,,,,,,,,,,,__nan__,__nan__
38,ORRF,Orrstown Financial Services Inc Common Stock,,,,,,,,,,8.37,-0.37,89199,,,[],"[{'period': ""Q4 '25"", 'revenue': 90.65, 'unit': 'M', 'net_profit': 21.49}, {'period': ""Q3 '25"", 'revenue': 89.61, 'unit': 'M', 'net_profit': 21.86}, {'period': ""Q2 '25"", 'revenue': 87.13, 'unit': 'M', 'net_profit': 19.45}, {'period': ""Q1 '25"", 'revenue': 86.47, 'unit': 'M', 'net_profit': 18.05}, {'period': ""Q4 '24"", 'revenue': 90.46, 'unit': 'M', 'net_profit': 13.68}, {'period': ""Q3 '24"", 'revenue': 94.59, 'unit': 'M', 'net_profit': -7.9}]",,,,,,,,,,,,,,,,,__nan__,__nan__
39,ORTX,Orchard Therapeutics plc American Depositary Shares,,,,,,,,,,-4.073170731707317,0.05,372349,,,[],"[{'period': ""Q3 '23"", 'revenue': 6.3, 'unit': 'M', 'net_profit': -35.32}, {'period': ""Q2 '23"", 'revenue': 7.31, 'unit': 'M', 'net_profit': -12.31}, {'period': ""Q1 '23"", 'revenue': 1.24, 'unit': 'M', 'net_profit': -17.41}, {'period': ""Q4 '22"", 'revenue': 6.99, 'unit': 'M', 'net_profit': 134.89}, {'period': ""Q3 '22"", 'revenue': 5.78, 'unit': 'M', 'net_profit': -47.56}, {'period': ""Q2 '22"", 'revenue': 4.37, 'unit': 'M', 'net_profit': -50.92}]",,,,,,,,,,,,,,,,,__nan__,__nan__
40,OSBC,Old Second Bancorp Inc. Common Stock,,,,,,,,,,12.08,-0.13,256093,,,[],"[{'period': ""Q4 '25"", 'revenue': 114.46, 'unit': 'M', 'net_profit': 28.79}, {'period': ""Q3 '25"", 'revenue': 115.48, 'unit': 'M', 'net_profit': 9.87}, {'period': ""Q2 '25"", 'revenue': 84.65, 'unit': 'M', 'net_profit': 21.82}, {'period': ""Q1 '25"", 'revenue': 82.39, 'unit': 'M', 'net_profit': 19.83}, {'period': ""Q4 '24"", 'revenue': 85.39, 'unit': 'M', 'net_profit': 19.11}, {'period': ""Q3 '24"", 'revenue': 85.19, 'unit': 'M', 'net_profit': 22.95}]",,,,,,,,,,,,,,,,,__nan__,__nan__
41,OSIS,OSI Systems Inc. Common Stock (DE),,,,,,,,,,30.88,-2.37,273529,,,[],"[{'period': ""Q2 '26"", 'revenue': 464.06, 'unit': 'M', 'net_profit': 38.7}, {'period': ""Q1 '26"", 'revenue': 384.62, 'unit': 'M', 'net_profit': 20.56}, {'period': ""Q4 '25"", 'revenue': 504.99, 'unit': 'M', 'net_profit': 52.75}, {'period': ""Q3 '25"", 'revenue': 444.35, 'unit': 'M', 'net_profit': 41.13}, {'period': ""Q2 '25"", 'revenue': 419.82, 'unit': 'M', 'net_profit': 37.82}, {'period': ""Q1 '25"", 'revenue': 344.01, 'unit': 'M', 'net_profit': 17.94}]",,,,,,,,,,,,,,,,,__nan__,__nan__
42,OSMT,Osmotica Pharmaceuticals plc Ordinary Shares,,,,,,,,,,-0.6941838649155723,-0.01999998,296322,,,[],"[{'period': ""Q3 '21"", 'revenue': 2.2, 'unit': 'M', 'net_profit': -26.35}, {'period': ""Q2 '21"", 'revenue': 11.51, 'unit': 'M', 'net_profit': -17.73}, {'period': ""Q1 '21"", 'revenue': 23.88, 'unit': 'M', 'net_profit': -9.61}, {'period': ""Q4 '20"", 'revenue': 34.53, 'unit': 'M', 'net_profit': -54.87}, {'period': ""Q3 '20"", 'revenue': 57.17, 'unit': 'M', 'net_profit': -8.63}, {'period': ""Q2 '20"", 'revenue': 37.53, 'unit': 'M', 'net_profit': -13.0}]",,,,,,,,,,,,,,,,,__nan__,__nan__
43,OSN,Ossen Innovation Co. Ltd. American Depositary Shares,,,,,,,,,,3.0076831447290053,-0.00010014,0,,,[],"[{'period': ""Q2 '20"", 'revenue': 54.85, 'unit': 'M', 'net_profit': 5.85}, {'period': ""Q4 '19"", 'revenue': 73.82, 'unit': 'M', 'net_profit': 6.05}, {'period': ""Q2 '19"", 'revenue': 65.08, 'unit': 'M', 'net_profit': 6.18}, {'period': ""Q4 '18"", 'revenue': 66.08, 'unit': 'M', 'net_profit': 6.21}, {'period': ""Q2 '18"", 'revenue': 70.02, 'unit': 'M', 'net_profit': 5.17}, {'period': ""Q4 '17"", 'revenue': 42.82, 'unit': 'M', 'net_profit': 2.78}]",,,,,,,,,,,,,,,,,__nan__,__nan__
44,OSPN,OneSpan Inc. Common Stock,,,,,,,,,,5.4,-0.49,465016,,,[],"[{'period': ""Q4 '25"", 'revenue': 62.91, 'unit': 'M', 'net_profit': 43.54}, {'period': ""Q3 '25"", 'revenue': 57.06, 'unit': 'M', 'net_profit': 6.51}, {'period': ""Q2 '25"", 'revenue': 59.84, 'unit': 'M', 'net_profit': 8.34}, {'period': ""Q1 '25"", 'revenue': 63.37, 'unit': 'M', 'net_profit': 14.51}, {'period': ""Q4 '24"", 'revenue': 61.17, 'unit': 'M', 'net_profit': 28.79}, {'period': ""Q3 '24"", 'revenue': 56.24, 'unit': 'M', 'net_profit': 8.27}]",,,,,,,,,,,,,,,,,__nan__,__nan__
45,OSS,One Stop Systems Inc. Common Stock,,,,,,,,,,-54.75,-0.875,1833030,,,[],"[{'period': ""Q4 '25"", 'revenue': -12.91, 'unit': 'M', 'net_profit': 8.86}, {'period': ""Q3 '25"", 'revenue': 18760.0, 'unit': 'K', 'net_profit': 263.49}, {'period': ""Q2 '25"", 'revenue': 14.11, 'unit': 'M', 'net_profit': -2.02}, {'period': ""Q1 '25"", 'revenue': 12.26, 'unit': 'M', 'net_profit': -2.02}, {'period': ""Q4 '24"", 'revenue': 15.14, 'unit': 'M', 'net_profit': -3.13}, {'period': ""Q3 '24"", 'revenue': 13.7, 'unit': 'M', 'net_profit': -6.82}]",,,,,,,,,,,,,,,,,__nan__,__nan__
46,OSTK,Overstock.com Inc. Common Stock,,,,,,,,,,-4.6353591160221,0.0,3736902,,,[],"[{'period': ""Q4 '25"", 'revenue': 273.43, 'unit': 'M', 'net_profit': -20.88}, {'period': ""Q3 '25"", 'revenue': 257.19, 'unit': 'M', 'net_profit': -4.52}, {'period': ""Q2 '25"", 'revenue': 282.25, 'unit': 'M', 'net_profit': -19.31}, {'period': ""Q1 '25"", 'revenue': 231.75, 'unit': 'M', 'net_profit': -39.91}, {'period': ""Q4 '24"", 'revenue': 303.15, 'unit': 'M', 'net_profit': -81.26}, {'period': ""Q3 '24"", 'revenue': 311.43, 'unit': 'M', 'net_profit': -61.03}]",,,,,,,,,,,,,,,,,__nan__,__nan__
47,OSTR,Oyster Enterprises Acquisition Corp. Class A Common Stock,,,,,,,,,,62.9375,0.01,730,,,[],"[{'period': ""Q3 '22"", 'revenue': 0.0, 'unit': 'K', 'net_profit': 783.1}, {'period': ""Q2 '22"", 'revenue': 0.0, 'unit': 'M', 'net_profit': 4.84}, {'period': ""Q1 '22"", 'revenue': 0.0, 'unit': 'M', 'net_profit': 7.33}, {'period': ""Q4 '21"", 'revenue': 0.0, 'unit': 'M', 'net_profit': 18.32}, {'period': ""Q3 '21"", 'revenue': 0.0, 'unit': 'M', 'net_profit': 2.69}, {'period': ""Q2 '21"", 'revenue': 0.0, 'unit': 'M', 'net_profit': -3.74}]",,,,,,,,,,,,,,,,,__nan__,__nan__
48,OSTRU,Oyster Enterprises Acquisition Corp. Unit,,,,,,,,,,78.88888888888889,-0.11,5300,,,[],"[{'period': ""Q3 '22"", 'revenue': 0.0, 'unit': 'K', 'net_profit': 783.1}, {'period': ""Q2 '22"", 'revenue': 0.0, 'unit': 'M', 'net_profit': 4.84}, {'period': ""Q1 '22"", 'revenue': 0.0, 'unit': 'M', 'net_profit': 7.33}, {'period': ""Q4 '21"", 'revenue': 0.0, 'unit': 'M', 'net_profit': 18.32}, {'period': ""Q3 '21"", 'revenue': 0.0, 'unit': 'M', 'net_profit': 2.69}, {'period': ""Q2 '21"", 'revenue': 0.0, 'unit': 'M', 'net_profit': -3.74}]",,,,,,,,,,,,,,,,,__nan__,__nan__
49,OSTRW,Oyster Enterprises Acquisition Corp. Warrant,,,,,,,,,,0.0,0.0,141303,,,[],"[{'period': ""Q3 '22"", 'revenue': 0.0, 'unit': 'K', 'net_profit': 783.1}, {'period': ""Q2 '22"", 'revenue': 0.0, 'unit': 'M', 'net_profit': 4.84}, {'period': ""Q1 '22"", 'revenue': 0.0, 'unit': 'M', 'net_profit': 7.33}, {'period': ""Q4 '21"", 'revenue': 0.0, 'unit': 'M', 'net_profit': 18.32}, {'period': ""Q3 '21"", 'revenue': 0.0, 'unit': 'M', 'net_profit': 2.69}, {'period': ""Q2 '21"", 'revenue': 0.0, 'unit': 'M', 'net_profit': -3.74}]",,,,,,,,,,,,,,,,,__nan__,__nan__
50,OSUR,OraSure Technologies Inc. Common Stock,,,,,,,,,,-3.19,-0.07,384775,,,[],"[{'period': ""Q4 '25"", 'revenue': 26.76, 'unit': 'M', 'net_profit': -19.29}, {'period': ""Q3 '25"", 'revenue': 27.09, 'unit': 'M', 'net_profit': -13.71}, {'period': ""Q2 '25"", 'revenue': 31.24, 'unit': 'M', 'net_profit': -19.69}, {'period': ""Q1 '25"", 'revenue': 29.93, 'unit': 'M', 'net_profit': -16.04}, {'period': ""Q4 '24"", 'revenue': 37.45, 'unit': 'M', 'net_profit': -10.79}, {'period': ""Q3 '24"", 'revenue': 39.91, 'unit': 'M', 'net_profit': -4.51}]",,,,,,,,,,,,,,,,,__nan__,__nan__
51,OSW,OneSpaWorld Holdings Limited Common Shares,,,,,,,,,,32.43,-0.59,618394,,,[],"[{'period': ""Q4 '25"", 'revenue': 242.13, 'unit': 'M', 'net_profit': 12.06}, {'period': ""Q3 '25"", 'revenue': 258.52, 'unit': 'M', 'net_profit': 24.34}, {'period': ""Q2 '25"", 'revenue': 240.73, 'unit': 'M', 'net_profit': 19.94}, {'period': ""Q1 '25"", 'revenue': 219.63, 'unit': 'M', 'net_profit': 15.27}, {'period': ""Q4 '24"", 'revenue': 217.21, 'unit': 'M', 'net_profit': 14.39}, {'period': ""Q3 '24"", 'revenue': 241.7, 'unit': 'M', 'net_profit': 21.55}]",,,,,,,,,,,,,,,,,__nan__,__nan__
52,OTEX,Open Text Corporation Common Shares,,,,,,,,,,12.6,-0.71,1224684,,,[],"[{'period': ""Q2 '26"", 'revenue': 1330.0, 'unit': 'M', 'net_profit': 168.09}, {'period': ""Q1 '26"", 'revenue': 1290.0, 'unit': 'M', 'net_profit': 146.62}, {'period': ""Q4 '25"", 'revenue': 1330.0, 'unit': 'M', 'net_profit': 29.31}, {'period': ""Q3 '25"", 'revenue': 1250.0, 'unit': 'M', 'net_profit': 92.52}, {'period': ""Q2 '25"", 'revenue': 1300.0, 'unit': 'M', 'net_profit': 223.38}, {'period': ""Q1 '25"", 'revenue': 1280.0, 'unit': 'M', 'net_profit': 85.05}]",,,,,,,,,,,,,,,,,__nan__,__nan__
53,OTIC,Otonomy Inc. Common Stock,,,,,,,,,,-0.14166666666666666,-0.107,1943400,,,[],"[{'period': ""Q3 '22"", 'revenue': 0.0, 'unit': 'M', 'net_profit': -12.26}, {'period': ""Q2 '22"", 'revenue': 0.0, 'unit': 'M', 'net_profit': -13.41}, {'period': ""Q1 '22"", 'revenue': 0.0, 'unit': 'M', 'net_profit': -13.95}, {'period': ""Q4 '21"", 'revenue': 0.0, 'unit': 'M', 'net_profit': -13.37}, {'period': ""Q3 '21"", 'revenue': 0.0, 'unit': 'M', 'net_profit': -13.29}, {'period': ""Q2 '21"", 'revenue': 0.035, 'unit': 'M', 'net_profit': -12.51}]",,,,,,,,,,,,,,,,,__nan__,__nan__
54,OTLK,Outlook Therapeutics Inc. Common Stock,,,,,,,,,,-0.07,-0.0019,1881229,,,[],"[{'period': ""Q1 '26"", 'revenue': -1.21, 'unit': 'M', 'net_profit': -23.06}, {'period': ""Q4 '25"", 'revenue': -0.09179000000000001, 'unit': 'M', 'net_profit': -13.29}, {'period': ""Q3 '25"", 'revenue': 1.51, 'unit': 'M', 'net_profit': -20.15}, {'period': ""Q2 '25"", 'revenue': 0.0, 'unit': 'M', 'net_profit': -46.36}, {'period': ""Q1 '25"", 'revenue': 0.0, 'unit': 'M', 'net_profit': 17.38}, {'period': ""Q4 '24"", 'revenue': 0.17012000000000002, 'unit': 'M', 'net_profit': 5.69}]",,,,,,,,,,,,,,,,,__nan__,__nan__
55,OTLKW,Outlook Therapeutics Inc. Series A Warrant Expiring 02/18/2022,,,,,,,,,,0.0,-0.0006,162240,,,[],"[{'period': ""Q1 '26"", 'revenue': -1.21, 'unit': 'M', 'net_profit': -23.06}, {'period': ""Q4 '25"", 'revenue': -0.09179000000000001, 'unit': 'M', 'net_profit': -13.29}, {'period': ""Q3 '25"", 'revenue': 1.51, 'unit': 'M', 'net_profit': -20.15}, {'period': ""Q2 '25"", 'revenue': 0.0, 'unit': 'M', 'net_profit': -46.36}, {'period': ""Q1 '25"", 'revenue': 0.0, 'unit': 'M', 'net_profit': 17.38}, {'period': ""Q4 '24"", 'revenue': 0.17012000000000002, 'unit': 'M', 'net_profit': 5.69}]",,,,,,,,,,,,,,,,,__nan__,__nan__
56,OTLY,Oatly Group AB American Depositary Shares,,,,,,,,,,-1.93,0.05,53797,,,[],"[{'period': ""Q4 '25"", 'revenue': 233.78, 'unit': 'M', 'net_profit': -19.14}, {'period': ""Q3 '25"", 'revenue': 222.8, 'unit': 'M', 'net_profit': -65.29}, {'period': ""Q2 '25"", 'revenue': 208.35, 'unit': 'M', 'net_profit': -55.95}, {'period': ""Q1 '25"", 'revenue': 197.53, 'unit': 'M', 'net_profit': -12.43}, {'period': ""Q4 '24"", 'revenue': 214.32, 'unit': 'M', 'net_profit': -91.21}, {'period': ""Q3 '24"", 'revenue': 209.28, 'unit': 'M', 'net_profit': -34.77}]",,,,,,,,,,,,,,,,,__nan__,__nan__
57,OTRA,OTR Acquisition Corp. Class A Common Stock,,,,,,,,,,0.0,-1.3199997,838214,,,[],"[{'period': ""Q1 '22"", 'revenue': 0.0, 'unit': 'M', 'net_profit': 5.29}, {'period': ""Q4 '21"", 'revenue': 0.0, 'unit': 'K', 'net_profit': 309.43}, {'period': ""Q3 '21"", 'revenue': 0.0, 'unit': 'M', 'net_profit': 3.23}, {'period': ""Q2 '21"", 'revenue': 0.0, 'unit': 'M', 'net_profit': -2.73}, {'period': ""Q4 '20"", 'revenue': 0.0, 'unit': 'K', 'net_profit': -200.0}]",,,,,,,,,,,,,,,,,__nan__,__nan__
58,OTRAU,OTR Acquisition Corp. Unit,,,,,,,,,,0.0,-1.9899998,279,,,[],"[{'period': ""Q1 '22"", 'revenue': 0.0, 'unit': 'M', 'net_profit': 5.29}, {'period': ""Q4 '21"", 'revenue': 0.0, 'unit': 'K', 'net_profit': 309.43}, {'period': ""Q3 '21"", 'revenue': 0.0, 'unit': 'M', 'net_profit': 3.23}, {'period': ""Q2 '21"", 'revenue': 0.0, 'unit': 'M', 'net_profit': -2.73}, {'period': ""Q4 '20"", 'revenue': 0.0, 'unit': 'K', 'net_profit': -200.0}]",,,,,,,,,,,,,,,,,__nan__,__nan__
59,OTRAW,OTR Acquisition Corp. Warrant,,,,,,,,,,,,,,,[],"[{'period': ""Q1 '22"", 'revenue': 0.0, 'unit': 'M', 'net_profit': 5.29}, {'period': ""Q4 '21"", 'revenue': 0.0, 'unit': 'K', 'net_profit': 309.43}, {'period': ""Q3 '21"", 'revenue': 0.0, 'unit': 'M', 'net_profit': 3.23}, {'period': ""Q2 '21"", 'revenue': 0.0, 'unit': 'M', 'net_profit': -2.73}, {'period': ""Q1 '21"", 'revenue': 0.0, 'unit': 'M', 'net_profit': 4.25}, {'period': ""Q4 '20"", 'revenue': 0.0, 'unit': 'K', 'net_profit': -200.0}]",,,,,,,,,,,,,,,,,__nan__,__nan__
60,OTRK,Ontrak Inc. Common Stock,,,,,,,,,,-0.019383078730904817,0.2579,258319,,,[],"[{'period': ""Q1 '25"", 'revenue': 2.02, 'unit': 'M', 'net_profit': -6.89}, {'period': ""Q4 '24"", 'revenue': 3.15, 'unit': 'M', 'net_profit': -5.16}, {'period': ""Q3 '24"", 'revenue': 2.57, 'unit': 'M', 'net_profit': -5.58}, {'period': ""Q2 '24"", 'revenue': 2.45, 'unit': 'M', 'net_profit': -10.29}, {'period': ""Q1 '24"", 'revenue': 2.68, 'unit': 'M', 'net_profit': -4.46}, {'period': ""Q4 '23"", 'revenue': 3.54, 'unit': 'M', 'net_profit': -6.4}]",,,,,,,,,,,,,,,,,__nan__,__nan__
61,OTRKP,Ontrak Inc. 9.50% Series A Cumulative Perpetual Preferred Stock,,,,,,,,,,-0.0035174111853675696,-0.001,69635,,,[],"[{'period': ""Q1 '25"", 'revenue': 2.02, 'unit': 'M', 'net_profit': -6.89}, {'period': ""Q4 '24"", 'revenue': 3.15, 'unit': 'M', 'net_profit': -5.16}, {'period': ""Q3 '24"", 'revenue': 2.57, 'unit': 'M', 'net_profit': -5.58}, {'period': ""Q2 '24"", 'revenue': 2.45, 'unit': 'M', 'net_profit': -10.29}, {'period': ""Q1 '24"", 'revenue': 2.68, 'unit': 'M', 'net_profit': -4.46}, {'period': ""Q4 '23"", 'revenue': 3.54, 'unit': 'M', 'net_profit': -6.4}]",,,,,,,,,,,,,,,,,__nan__,__nan__
62,OTTR,Otter Tail Corporation Common Stock,,,,,,,,,,13.11,0.44,238298,,,[],"[{'period': ""Q4 '25"", 'revenue': 308.1, 'unit': 'M', 'net_profit': 51.77}, {'period': ""Q3 '25"", 'revenue': 325.56, 'unit': 'M', 'net_profit': 78.29}, {'period': ""Q2 '25"", 'revenue': 333.04, 'unit': 'M', 'net_profit': 77.73}, {'period': ""Q1 '25"", 'revenue': 337.35, 'unit': 'M', 'net_profit': 68.1}, {'period': ""Q4 '24"", 'revenue': 303.11, 'unit': 'M', 'net_profit': 54.85}, {'period': ""Q3 '24"", 'revenue': 338.03, 'unit': 'M', 'net_profit': 85.48}]",,,,,,,,,,,,,,,,,__nan__,__nan__
63,OVBC,Ohio Valley Banc Corp. Common Stock,,,,,,,,,,12.75,-0.05000076,7679,,,[],"[{'period': ""Q4 '25"", 'revenue': 23.58, 'unit': 'M', 'net_profit': 3.96}, {'period': ""Q3 '25"", 'revenue': 23.3, 'unit': 'M', 'net_profit': 3.03}, {'period': ""Q2 '25"", 'revenue': 23.89, 'unit': 'M', 'net_profit': 4.21}, {'period': ""Q1 '25"", 'revenue': 23.45, 'unit': 'M', 'net_profit': 4.41}, {'period': ""Q4 '24"", 'revenue': 23.94, 'unit': 'M', 'net_profit': 2.52}, {'period': ""Q3 '24"", 'revenue': 22.26, 'unit': 'M', 'net_profit': 2.72}]",,,,,,,,,,,,,,,,,__nan__,__nan__
64,OVID,Ovid Therapeutics Inc. Common Stock,,,,,,,,,,-10.0,-0.16,1995095,,,[],"[{'period': ""Q4 '25"", 'revenue': 0.718, 'unit': 'M', 'net_profit': 9.66}, {'period': ""Q3 '25"", 'revenue': 0.132, 'unit': 'M', 'net_profit': -12.16}, {'period': ""Q2 '25"", 'revenue': 6.27, 'unit': 'M', 'net_profit': -4.68}, {'period': ""Q1 '25"", 'revenue': 0.13, 'unit': 'M', 'net_profit': -10.23}, {'period': ""Q4 '24"", 'revenue': 0.076, 'unit': 'M', 'net_profit': -9.25}, {'period': ""Q3 '24"", 'revenue': 0.17300000000000001, 'unit': 'M', 'net_profit': -14.01}]",,,,,,,,,,,,,,,,,__nan__,__nan__
65,OVLY,Oak Valley Bancorp (CA) Common Stock,,,,,,,,,,11.05,-0.24,10187,,,[],"[{'period': ""Q4 '25"", 'revenue': 21.28, 'unit': 'M', 'net_profit': 6.33}, {'period': ""Q3 '25"", 'revenue': 24.49, 'unit': 'M', 'net_profit': 6.69}, {'period': ""Q2 '25"", 'revenue': 23.12, 'unit': 'M', 'net_profit': 5.59}, {'period': ""Q1 '25"", 'revenue': 22.73, 'unit': 'M', 'net_profit': 5.3}, {'period': ""Q4 '24"", 'revenue': 22.94, 'unit': 'M', 'net_profit': 6.01}, {'period': ""Q3 '24"", 'revenue': 22.99, 'unit': 'M', 'net_profit': 7.32}]",,,,,,,,,,,,,,,,,__nan__,__nan__
66,OXBR,Oxbridge Re Holdings Limited Ordinary Shares,,,,,,,,,,-2.34,-0.002,1363,,,[],"[{'period': ""Q3 '25"", 'revenue': 645.0, 'unit': 'K', 'net_profit': -185.0}, {'period': ""Q2 '25"", 'revenue': 0.664, 'unit': 'M', 'net_profit': -2.82}, {'period': ""Q1 '25"", 'revenue': 692.0, 'unit': 'K', 'net_profit': 108.0}, {'period': ""Q4 '24"", 'revenue': 422.0, 'unit': 'K', 'net_profit': -214.0}, {'period': ""Q3 '24"", 'revenue': 205.0, 'unit': 'K', 'net_profit': -293.0}, {'period': ""Q2 '24"", 'revenue': 44.0, 'unit': 'K', 'net_profit': -584.0}]",,,,,,,,,,,,,,,,,__nan__,__nan__
67,OXBRW,Oxbridge Re Holdings Limited Warrant expiring 3/26/2024,,,,,,,,,,0.08,0.0342,4465,,,[],"[{'period': ""Q3 '25"", 'revenue': 645.0, 'unit': 'K', 'net_profit': -185.0}, {'period': ""Q2 '25"", 'revenue': 0.664, 'unit': 'M', 'net_profit': -2.82}, {'period': ""Q1 '25"", 'revenue': 692.0, 'unit': 'K', 'net_profit': 108.0}, {'period': ""Q4 '24"", 'revenue': 422.0, 'unit': 'K', 'net_profit': -214.0}, {'period': ""Q3 '24"", 'revenue': 205.0, 'unit': 'K', 'net_profit': -293.0}, {'period': ""Q2 '24"", 'revenue': 44.0, 'unit': 'K', 'net_profit': -584.0}]",,,,,,,,,,,,,,,,,__nan__,__nan__
68,OXLC,Oxford Lane Capital Corp. Common Stock,,,,,,,,,,21.41,0.06,2758336,,,[],"[{'period': ""Q2 '26"", 'revenue': 225.51, 'unit': 'M', 'net_profit': 20.89}, {'period': ""Q4 '25"", 'revenue': 223.53, 'unit': 'M', 'net_profit': -17.13}, {'period': ""Q2 '25"", 'revenue': 204.2, 'unit': 'M', 'net_profit': 65.59}, {'period': ""Q4 '24"", 'revenue': 157.58, 'unit': 'M', 'net_profit': 119.86}, {'period': ""Q2 '24"", 'revenue': 133.07, 'unit': 'M', 'net_profit': 115.25}, {'period': ""Q4 '23"", 'revenue': 127.67, 'unit': 'M', 'net_profit': 14.15}]",,,,,,,,,,,,,,,,,__nan__,__nan__
69,OXLCL,Oxford Lane Capital Corp. 6.75% Notes due 2031,,,,,,,,,,,-0.3105,4677,,,[],"[{'period': ""Q2 '26"", 'revenue': 225.51, 'unit': 'M', 'net_profit': 20.89}, {'period': ""Q4 '25"", 'revenue': 223.53, 'unit': 'M', 'net_profit': -17.13}, {'period': ""Q2 '25"", 'revenue': 204.2, 'unit': 'M', 'net_profit': 65.59}, {'period': ""Q4 '24"", 'revenue': 157.58, 'unit': 'M', 'net_profit': 119.86}, {'period': ""Q2 '24"", 'revenue': 133.07, 'unit': 'M', 'net_profit': 115.25}, {'period': ""Q4 '23"", 'revenue': 127.67, 'unit': 'M', 'net_profit': 14.15}]",,,,,,,,,,,,,,,,,__nan__,__nan__
70,OXLCM,Oxford Lane Capital Corp. 6.75% Series 2024 Term Preferred Stock,,,,,,,,,,28.69150401836969,0.0103,1309,,,[],"[{'period': ""Q2 '26"", 'revenue': 225.51, 'unit': 'M', 'net_profit': 20.89}, {'period': ""Q4 '25"", 'revenue': 223.53, 'unit': 'M', 'net_profit': -17.13}, {'period': ""Q2 '25"", 'revenue': 204.2, 'unit': 'M', 'net_profit': 65.59}, {'period': ""Q4 '24"", 'revenue': 157.58, 'unit': 'M', 'net_profit': 119.86}, {'period': ""Q2 '24"", 'revenue': 133.07, 'unit': 'M', 'net_profit': 115.25}, {'period': ""Q4 '23"", 'revenue': 127.67, 'unit': 'M', 'net_profit': 14.15}]",,,,,,,,,,,,,,,,,__nan__,__nan__
71,OXLCP,Oxford Lane Capital Corp. 6.25% Series 2027 Term Preferred Shares,,,,,,,,,,28.24,-0.0599,4333,,,[],"[{'period': ""Q2 '26"", 'revenue': 225.51, 'unit': 'M', 'net_profit': 20.89}, {'period': ""Q4 '25"", 'revenue': 223.53, 'unit': 'M', 'net_profit': -17.13}, {'period': ""Q2 '25"", 'revenue': 204.2, 'unit': 'M', 'net_profit': 65.59}, {'period': ""Q4 '24"", 'revenue': 157.58, 'unit': 'M', 'net_profit': 119.86}, {'period': ""Q2 '24"", 'revenue': 133.07, 'unit': 'M', 'net_profit': 115.25}, {'period': ""Q4 '23"", 'revenue': 127.67, 'unit': 'M', 'net_profit': 14.15}]",,,,,,,,,,,,,,,,,__nan__,__nan__
72,OXSQ,Oxford Square Capital Corp. Common Stock,,,,,,,,,,-6.72,0.0,976453,,,[],"[{'period': ""Q4 '25"", 'revenue': 8.1, 'unit': 'M', 'net_profit': -12.9}, {'period': ""Q3 '25"", 'revenue': 1.66, 'unit': 'M', 'net_profit': -2.09}, {'period': ""Q2 '25"", 'revenue': 7.42, 'unit': 'M', 'net_profit': 4.39}, {'period': ""Q1 '25"", 'revenue': -5.12, 'unit': 'M', 'net_profit': -8.12}, {'period': ""Q4 '24"", 'revenue': 6.27, 'unit': 'M', 'net_profit': 3.26}, {'period': ""Q3 '24"", 'revenue': 2200.0, 'unit': 'K', 'net_profit': -874.54}]",,,,,,,,,,,,,,,,,__nan__,__nan__
73,OXSQG,Oxford Square Capital Corp. 5.50% Notes due 2028,,,,,,,,,,,0.0,742,,,[],"[{'period': ""Q4 '25"", 'revenue': 8.1, 'unit': 'M', 'net_profit': -12.9}, {'period': ""Q3 '25"", 'revenue': 1.66, 'unit': 'M', 'net_profit': -2.09}, {'period': ""Q2 '25"", 'revenue': 7.42, 'unit': 'M', 'net_profit': 4.39}, {'period': ""Q1 '25"", 'revenue': -5.12, 'unit': 'M', 'net_profit': -8.12}, {'period': ""Q4 '24"", 'revenue': 6.27, 'unit': 'M', 'net_profit': 3.26}, {'period': ""Q3 '24"", 'revenue': 2200.0, 'unit': 'K', 'net_profit': -874.54}]",,,,,,,,,,,,,,,,,__nan__,__nan__
74,OXSQL,Oxford Square Capital Corp. 6.50% Notes due 2024,,,,,,,,,,30.915750915750916,-0.01,133,,,[],"[{'period': ""Q4 '25"", 'revenue': 8.1, 'unit': 'M', 'net_profit': -12.9}, {'period': ""Q3 '25"", 'revenue': 1.66, 'unit': 'M', 'net_profit': -2.09}, {'period': ""Q2 '25"", 'revenue': 7.42, 'unit': 'M', 'net_profit': 4.39}, {'period': ""Q1 '25"", 'revenue': -5.12, 'unit': 'M', 'net_profit': -8.12}, {'period': ""Q4 '24"", 'revenue': 6.27, 'unit': 'M', 'net_profit': 3.26}, {'period': ""Q3 '24"", 'revenue': 2200.0, 'unit': 'K', 'net_profit': -874.54}]",,,,,,,,,,,,,,,,,__nan__,__nan__
75,OXSQZ,Oxford Square Capital Corp. 6.25% Notes due 2026,,,,,,,,,,0.0,0.01,387,,,[],"[{'period': ""Q4 '25"", 'revenue': 8.1, 'unit': 'M', 'net_profit': -12.9}, {'period': ""Q3 '25"", 'revenue': 1.66, 'unit': 'M', 'net_profit': -2.09}, {'period': ""Q2 '25"", 'revenue': 7.42, 'unit': 'M', 'net_profit': 4.39}, {'period': ""Q1 '25"", 'revenue': -5.12, 'unit': 'M', 'net_profit': -8.12}, {'period': ""Q4 '24"", 'revenue': 6.27, 'unit': 'M', 'net_profit': 3.26}, {'period': ""Q3 '24"", 'revenue': 2200.0, 'unit': 'K', 'net_profit': -874.54}]",,,,,,,,,,,,,,,,,__nan__,__nan__
76,OYST,Oyster Point Pharma Inc. Common Stock,,,,,,,,,,0.0,0.0,2088283,,,[],"[{'period': ""Q3 '22"", 'revenue': 5.59, 'unit': 'M', 'net_profit': -40.24}, {'period': ""Q2 '22"", 'revenue': 4.69, 'unit': 'M', 'net_profit': -53.1}, {'period': ""Q1 '22"", 'revenue': 2.7, 'unit': 'M', 'net_profit': -50.96}, {'period': ""Q4 '21"", 'revenue': 6.6, 'unit': 'M', 'net_profit': -44.67}, {'period': ""Q3 '21"", 'revenue': 17.94, 'unit': 'M', 'net_profit': -17.67}, {'period': ""Q2 '21"", 'revenue': 0.0, 'unit': 'M', 'net_profit': -22.02}]",,,,,,,,,,,,,,,,,__nan__,__nan__
77,OZK,Bank OZK Common Stock,,,,,,,,,,7.2,-0.89,984339,,,[],"[{'period': ""Q4 '25"", 'revenue': 704.61, 'unit': 'M', 'net_profit': 175.96}, {'period': ""Q3 '25"", 'revenue': 731.11, 'unit': 'M', 'net_profit': 184.58}, {'period': ""Q2 '25"", 'revenue': 699.63, 'unit': 'M', 'net_profit': 182.98}, {'period': ""Q1 '25"", 'revenue': 670.46, 'unit': 'M', 'net_profit': 171.96}, {'period': ""Q4 '24"", 'revenue': 695.58, 'unit': 'M', 'net_profit': 182.18}, {'period': ""Q3 '24"", 'revenue': 715.66, 'unit': 'M', 'net_profit': 181.19}]",,,,,,,,,,,,,,,,,__nan__,__nan__
78,OZON,Ozon Holdings PLC American Depositary Shares each ADS representing one ordinary share,,,,,,,,,,-2.6126126126126126,0.0,112254,,,[],"[{'period': ""Q3 '24"", 'revenue': 153690.0, 'unit': 'M', 'net_profit': -740.0}, {'period': ""Q2 '24"", 'revenue': 122.53, 'unit': 'B', 'net_profit': -27.97}, {'period': ""Q1 '24"", 'revenue': 122.93, 'unit': 'B', 'net_profit': -13.17}, {'period': ""Q4 '23"", 'revenue': 127.81, 'unit': 'B', 'net_profit': -18.18}, {'period': ""Q3 '23"", 'revenue': 108.96, 'unit': 'B', 'net_profit': -22.03}, {'period': ""Q2 '23"", 'revenue': 94.16, 'unit': 'B', 'net_profit': -13.09}]",,,,,,,,,,,,,,,,,__nan__,__nan__
79,PAA,Plains All American Pipeline L.P. Common Units representing Limited Partner Interests,,,,,,,,,,20.04,-0.08,3071768,,,[],"[{'period': ""Q4 '25"", 'revenue': 10560.0, 'unit': 'M', 'net_profit': 342.0}, {'period': ""Q3 '25"", 'revenue': 11580.0, 'unit': 'M', 'net_profit': 441.0}, {'period': ""Q2 '25"", 'revenue': 10640.0, 'unit': 'M', 'net_profit': 210.0}, {'period': ""Q1 '25"", 'revenue': 12010.0, 'unit': 'M', 'net_profit': 443.0}, {'period': ""Q4 '24"", 'revenue': 12400.0, 'unit': 'M', 'net_profit': 36.0}, {'period': ""Q3 '24"", 'revenue': 12740.0, 'unit': 'M', 'net_profit': 220.0}]",,,,,,,,,,,,,,,,,__nan__,__nan__
80,PAAS,Pan American Silver Corp. Common Stock,,,,,,,,,,20.2,2.05,4689690,,,[],"[{'period': ""Q4 '25"", 'revenue': 1200.0, 'unit': 'M', 'net_profit': 458.44}, {'period': ""Q3 '25"", 'revenue': 854.6, 'unit': 'M', 'net_profit': 168.6}, {'period': ""Q2 '25"", 'revenue': 811.9, 'unit': 'M', 'net_profit': 189.2}, {'period': ""Q1 '25"", 'revenue': 773.2, 'unit': 'M', 'net_profit': 168.7}, {'period': ""Q4 '24"", 'revenue': 815.1, 'unit': 'M', 'net_profit': 107.6}, {'period': ""Q3 '24"", 'revenue': 716.1, 'unit': 'M', 'net_profit': 57.16}]",,,,,,,,,,,,,,,,,__nan__,__nan__
81,PACB,Pacific Biosciences of California Inc. Common Stock,,,,,,,,,,-0.69,-0.09,8632965,,,[],"[{'period': ""Q4 '25"", 'revenue': 44.65, 'unit': 'M', 'net_profit': -40.37}, {'period': ""Q3 '25"", 'revenue': 38.44, 'unit': 'M', 'net_profit': -38.0}, {'period': ""Q2 '25"", 'revenue': 39.77, 'unit': 'M', 'net_profit': -41.93}, {'period': ""Q1 '25"", 'revenue': 37.15, 'unit': 'M', 'net_profit': -426.07}, {'period': ""Q4 '24"", 'revenue': 39.22, 'unit': 'M', 'net_profit': 2.37}, {'period': ""Q3 '24"", 'revenue': 39.97, 'unit': 'M', 'net_profit': -60.73}]",,,,,,,,,,,,,,,,,__nan__,__nan__
82,PACW,PacWest Bancorp Common Stock,,,,,,,,,,-0.6336134453781512,-0.21,24138031,,,[],"[{'period': ""Q3 '23"", 'revenue': 143.32, 'unit': 'M', 'net_profit': -23.34}, {'period': ""Q2 '23"", 'revenue': 25.45, 'unit': 'M', 'net_profit': -197.41}, {'period': ""Q1 '23"", 'revenue': 0.51779, 'unit': 'B', 'net_profit': -1.2}, {'period': ""Q4 '22"", 'revenue': 279.64, 'unit': 'M', 'net_profit': 49.51}, {'period': ""Q3 '22"", 'revenue': 354.9, 'unit': 'M', 'net_profit': 131.62}, {'period': ""Q2 '22"", 'revenue': 339.49, 'unit': 'M', 'net_profit': 122.36}]",,,,,,,,,,,,,,,,,__nan__,__nan__
83,PACX,Pioneer Merger Corp. Class A Ordinary Share,,,,,,,,,,0.0,0.0,3231780,,,[],"[{'period': ""Q3 '22"", 'revenue': 0.0, 'unit': 'M', 'net_profit': 5.81}, {'period': ""Q2 '22"", 'revenue': 0.0, 'unit': 'M', 'net_profit': 4.36}, {'period': ""Q1 '22"", 'revenue': 0.0, 'unit': 'M', 'net_profit': 52.88}, {'period': ""Q4 '21"", 'revenue': 0.0, 'unit': 'M', 'net_profit': 33.78}, {'period': ""Q3 '21"", 'revenue': 0.0, 'unit': 'M', 'net_profit': 14.9}, {'period': ""Q2 '21"", 'revenue': 0.0, 'unit': 'M', 'net_profit': -25.88}]",,,,,,,,,,,,,,,,,__nan__,__nan__
84,PACXU,Pioneer Merger Corp. Unit,,,,,,,,,,0.0,0.0,10,,,[],"[{'period': ""Q3 '22"", 'revenue': 0.0, 'unit': 'M', 'net_profit': 5.81}, {'period': ""Q2 '22"", 'revenue': 0.0, 'unit': 'M', 'net_profit': 4.36}, {'period': ""Q1 '22"", 'revenue': 0.0, 'unit': 'M', 'net_profit': 52.88}, {'period': ""Q4 '21"", 'revenue': 0.0, 'unit': 'M', 'net_profit': 33.78}, {'period': ""Q3 '21"", 'revenue': 0.0, 'unit': 'M', 'net_profit': 14.9}, {'period': ""Q2 '21"", 'revenue': 0.0, 'unit': 'M', 'net_profit': -25.88}]",,,,,,,,,,,,,,,,,__nan__,__nan__
85,PACXW,Pioneer Merger Corp. Warrant,,,,,,,,,,0.0,0.0,215950,,,[],"[{'period': ""Q3 '22"", 'revenue': 0.0, 'unit': 'M', 'net_profit': 5.81}, {'period': ""Q2 '22"", 'revenue': 0.0, 'unit': 'M', 'net_profit': 4.36}, {'period': ""Q1 '22"", 'revenue': 0.0, 'unit': 'M', 'net_profit': 52.88}, {'period': ""Q4 '21"", 'revenue': 0.0, 'unit': 'M', 'net_profit': 33.78}, {'period': ""Q3 '21"", 'revenue': 0.0, 'unit': 'M', 'net_profit': 14.9}, {'period': ""Q2 '21"", 'revenue': 0.0, 'unit': 'M', 'net_profit': -25.88}]",,,,,,,,,,,,,,,,,__nan__,__nan__
86,PAE,PAE Incorporated Class A Common Stock,,,,,,,,,,19.744597249508843,0.0,656531,,,[],"[{'period': ""Q3 '21"", 'revenue': 689.51, 'unit': 'M', 'net_profit': 29.79}, {'period': ""Q2 '21"", 'revenue': 747.2, 'unit': 'M', 'net_profit': 14.35}, {'period': ""Q1 '21"", 'revenue': 748.57, 'unit': 'M', 'net_profit': 13.38}, {'period': ""Q4 '20"", 'revenue': 787.83, 'unit': 'M', 'net_profit': -6.11}, {'period': ""Q3 '20"", 'revenue': 666.24, 'unit': 'M', 'net_profit': 10.32}, {'period': ""Q2 '20"", 'revenue': 643.3, 'unit': 'M', 'net_profit': 16.02}]",,,,,,,,,,,,,,,,,__nan__,__nan__
87,PAEWW,PAE Incorporated Warrants,,,,,,,,,,0.0,0.00999999,2200,,,[],"[{'period': ""Q3 '21"", 'revenue': 689.51, 'unit': 'M', 'net_profit': 29.79}, {'period': ""Q2 '21"", 'revenue': 747.2, 'unit': 'M', 'net_profit': 14.35}, {'period': ""Q1 '21"", 'revenue': 748.57, 'unit': 'M', 'net_profit': 13.38}, {'period': ""Q4 '20"", 'revenue': 787.83, 'unit': 'M', 'net_profit': -6.11}, {'period': ""Q3 '20"", 'revenue': 666.24, 'unit': 'M', 'net_profit': 10.32}, {'period': ""Q2 '20"", 'revenue': 643.3, 'unit': 'M', 'net_profit': 16.02}]",,,,,,,,,,,,,,,,,__nan__,__nan__
88,PAGP,Plains GP Holdings L.P. Class A Units representing Limited Partner Interests,,,,,,,,,,31.77,0.02,1684679,,,[],"[{'period': ""Q4 '25"", 'revenue': 10560.0, 'unit': 'M', 'net_profit': 62.0}, {'period': ""Q3 '25"", 'revenue': 11580.0, 'unit': 'M', 'net_profit': 83.0}, {'period': ""Q2 '25"", 'revenue': 10640.0, 'unit': 'M', 'net_profit': 30.0}, {'period': ""Q1 '25"", 'revenue': 12010.0, 'unit': 'M', 'net_profit': 84.0}, {'period': ""Q4 '24"", 'revenue': 12400.0, 'unit': 'M', 'net_profit': -11.0}, {'period': ""Q3 '24"", 'revenue': 12740.0, 'unit': 'M', 'net_profit': 33.0}]",,,,,,,,,,,,,,,,,__nan__,__nan__
89,PAHC,Phibro Animal Health Corporation Class A Common Stock,,,,,,,,,,23.84,-1.94,367495,,,[],"[{'period': ""Q2 '26"", 'revenue': 373.91, 'unit': 'M', 'net_profit': 27.46}, {'period': ""Q1 '26"", 'revenue': 363.89, 'unit': 'M', 'net_profit': 26.53}, {'period': ""Q4 '25"", 'revenue': 378.7, 'unit': 'M', 'net_profit': 17.22}, {'period': ""Q3 '25"", 'revenue': 347.82, 'unit': 'M', 'net_profit': 20.88}, {'period': ""Q2 '25"", 'revenue': 309.26, 'unit': 'M', 'net_profit': 3.19}, {'period': ""Q1 '25"", 'revenue': 260.43, 'unit': 'M', 'net_profit': 6.97}]",,,,,,,,,,,,,,,,,__nan__,__nan__
90,PAIC,Petra Acquisition Inc. Common Stock,,,,,,,,,,-29.928057553956833,-0.63,55409,,,[],"[{'period': ""Q4 '25"", 'revenue': 0.0, 'unit': 'B', 'net_profit': -14.85}, {'period': ""Q3 '25"", 'revenue': 0.0, 'unit': 'M', 'net_profit': -4.68}, {'period': ""Q2 '25"", 'revenue': 0.0, 'unit': 'M', 'net_profit': -5.63}, {'period': ""Q1 '25"", 'revenue': 0.0, 'unit': 'M', 'net_profit': -2.05}, {'period': ""Q4 '24"", 'revenue': 0.0, 'unit': 'B', 'net_profit': -15.04}, {'period': ""Q3 '24"", 'revenue': 0.0, 'unit': '', 'net_profit': 0.0}]",,,,,,,,,,,,,,,,,__nan__,__nan__
91,PAICU,Petra Acquisition Inc. Units,,,,,,,,,,-38.669064748201436,-0.41,363,,,[],"[{'period': ""Q4 '25"", 'revenue': 0.0, 'unit': 'B', 'net_profit': -14.85}, {'period': ""Q3 '25"", 'revenue': 0.0, 'unit': 'M', 'net_profit': -4.68}, {'period': ""Q2 '25"", 'revenue': 0.0, 'unit': 'M', 'net_profit': -5.63}, {'period': ""Q1 '25"", 'revenue': 0.0, 'unit': 'M', 'net_profit': -2.05}, {'period': ""Q4 '24"", 'revenue': 0.0, 'unit': 'B', 'net_profit': -15.04}, {'period': ""Q3 '24"", 'revenue': 0.0, 'unit': '', 'net_profit': 0.0}]",,,,,,,,,,,,,,,,,__nan__,__nan__
92,PAICW,Petra Acquisition Inc. Warrant,,,,,,,,,,,,,,,[],"[{'period': ""Q3 '21"", 'revenue': 0.0, 'unit': 'K', 'net_profit': -758.0}, {'period': ""Q2 '21"", 'revenue': 0.0, 'unit': 'M', 'net_profit': -1.33}, {'period': ""Q1 '21"", 'revenue': 0.0, 'unit': 'M', 'net_profit': 1.18}, {'period': ""Q4 '20"", 'revenue': 0.0, 'unit': 'K', 'net_profit': -128.0}, {'period': ""Q3 '20"", 'revenue': 0.0, 'unit': '', 'net_profit': -868.0}, {'period': ""Q2 '20"", 'revenue': 0.0, 'unit': '', 'net_profit': -521.0}]",,,,,,,,,,,,,,,,,__nan__,__nan__
93,PALI,Palisade Bio Inc. Common Stock,,,,,,,,,,-6.67,0.04,3485617,,,[],"[{'period': ""Q4 '25"", 'revenue': 0.0, 'unit': 'M', 'net_profit': -8.9}, {'period': ""Q3 '25"", 'revenue': 0.0, 'unit': 'M', 'net_profit': -2.87}, {'period': ""Q2 '25"", 'revenue': 0.0, 'unit': 'M', 'net_profit': -2.78}, {'period': ""Q1 '25"", 'revenue': 0.0, 'unit': 'M', 'net_profit': -2.23}, {'period': ""Q4 '24"", 'revenue': 0.0, 'unit': 'M', 'net_profit': -3.34}, {'period': ""Q3 '24"", 'revenue': 0.0, 'unit': 'M', 'net_profit': -3.49}]",,,,,,,,,,,,,,,,,__nan__,__nan__
94,PANA,Panacea Acquisition Corp. II Class A Ordinary Shares,,,,,,,,,,170.66666666666666,-0.01,114315,,,[],[],,,,,,,,,,,,,,,,,__nan__,__nan__
95,PANL,Pangaea Logistics Solutions Ltd. Common Shares,,,,,,,,,,22.57,-0.07,440142,,,[],"[{'period': ""Q4 '25"", 'revenue': 183.88, 'unit': 'M', 'net_profit': 11.88}, {'period': ""Q3 '25"", 'revenue': 168.67, 'unit': 'M', 'net_profit': 12.21}, {'period': ""Q2 '25"", 'revenue': 156.69, 'unit': 'M', 'net_profit': -2.74}, {'period': ""Q1 '25"", 'revenue': 122.8, 'unit': 'M', 'net_profit': -1.98}, {'period': ""Q4 '24"", 'revenue': 147.17, 'unit': 'M', 'net_profit': 8.44}, {'period': ""Q3 '24"", 'revenue': 153.12, 'unit': 'M', 'net_profit': 5.11}]",,,,,,,,,,,,,,,,,__nan__,__nan__
96,PAQC,Provident Acquisition Corp. Class A Ordinary Shares,,,,,,,,,,25.0,0.0,442615,,,[],"[{'period': ""Q2 '22"", 'revenue': 0.0, 'unit': 'M', 'net_profit': 9.73}, {'period': ""Q1 '22"", 'revenue': 0.0, 'unit': 'K', 'net_profit': 859.82}, {'period': ""Q4 '21"", 'revenue': 0.0, 'unit': 'M', 'net_profit': 1.22}, {'period': ""Q3 '21"", 'revenue': 0.0, 'unit': 'M', 'net_profit': 3.44}, {'period': ""Q2 '21"", 'revenue': 0.0, 'unit': 'K', 'net_profit': 515.78}, {'period': ""Q1 '21"", 'revenue': 0.0, 'unit': 'K', 'net_profit': 2.91}]",,,,,,,,,,,,,,,,,__nan__,__nan__
97,PAQCU,Provident Acquisition Corp. Units,,,,,,,,,,58.37837837837838,-0.18,15019,,,[],"[{'period': ""Q2 '22"", 'revenue': 0.0, 'unit': 'M', 'net_profit': 9.73}, {'period': ""Q1 '22"", 'revenue': 0.0, 'unit': 'K', 'net_profit': 859.82}, {'period': ""Q4 '21"", 'revenue': 0.0, 'unit': 'M', 'net_profit': 1.22}, {'period': ""Q3 '21"", 'revenue': 0.0, 'unit': 'M', 'net_profit': 3.44}, {'period': ""Q2 '21"", 'revenue': 0.0, 'unit': 'K', 'net_profit': 515.78}, {'period': ""Q1 '21"", 'revenue': 0.0, 'unit': 'K', 'net_profit': 2.91}]",,,,,,,,,,,,,,,,,__nan__,__nan__
98,PAQCW,Provident Acquisition Corp. Warrant,,,,,,,,,,0.0,-0.0322,62916,,,[],"[{'period': ""Q2 '22"", 'revenue': 0.0, 'unit': 'M', 'net_profit': 9.73}, {'period': ""Q1 '22"", 'revenue': 0.0, 'unit': 'K', 'net_profit': 859.82}, {'period': ""Q4 '21"", 'revenue': 0.0, 'unit': 'M', 'net_profit': 1.22}, {'period': ""Q3 '21"", 'revenue': 0.0, 'unit': 'M', 'net_profit': 3.44}, {'period': ""Q2 '21"", 'revenue': 0.0, 'unit': 'K', 'net_profit': 515.78}, {'period': ""Q1 '21"", 'revenue': 0.0, 'unit': 'K', 'net_profit': 2.91}]",,,,,,,,,,,,,,,,,__nan__,__nan__
99,PASG,Passage Bio Inc. Common Stock,,,,,,,,,,-0.44,-0.51,47370,,,[],"[{'period': ""Q4 '25"", 'revenue': 0.0, 'unit': 'M', 'net_profit': -12.98}, {'period': ""Q3 '25"", 'revenue': 0.0, 'unit': 'M', 'net_profit': -7.75}, {'period': ""Q2 '25"", 'revenue': 0.0, 'unit': 'M', 'net_profit': -9.38}, {'period': ""Q1 '25"", 'revenue': 0.0, 'unit': 'M', 'net_profit': -15.4}, {'period': ""Q4 '24"", 'revenue': 0.0, 'unit': 'M', 'net_profit': -12.72}, {'period': ""Q3 '24"", 'revenue': 0.0, 'unit': 'M', 'net_profit': -19.34}]",,,,,,,,,,,,,,,,,__nan__,__nan__
100,PATI,Patriot Transportation Holding Inc. Common Stock,,,,,,,,,,21.972972972972972,0.015,19376,,,[],"[{'period': ""Q4 '23"", 'revenue': 24220.0, 'unit': 'K', 'net_profit': 526.0}, {'period': ""Q3 '23"", 'revenue': 24.25, 'unit': 'M', 'net_profit': 1.19}, {'period': ""Q2 '23"", 'revenue': 23460.0, 'unit': 'K', 'net_profit': 475.0}, {'period': ""Q1 '23"", 'revenue': 22850.0, 'unit': 'K', 'net_profit': 485.0}, {'period': ""Q4 '22"", 'revenue': 22880.0, 'unit': 'K', 'net_profit': 470.0}, {'period': ""Q3 '22"", 'revenue': 23500.0, 'unit': 'K', 'net_profit': 771.0}]",,,,,,,,,,,,,,,,,__nan__,__nan__
101,PATK,Patrick Industries Inc. Common Stock,,,,,,,,,,27.54,-0.77,296126,,,[],"[{'period': ""Q4 '25"", 'revenue': 924.17, 'unit': 'M', 'net_profit': 29.08}, {'period': ""Q3 '25"", 'revenue': 975.63, 'unit': 'M', 'net_profit': 35.3}, {'period': ""Q2 '25"", 'revenue': 1050.0, 'unit': 'M', 'net_profit': 32.44}, {'period': ""Q1 '25"", 'revenue': 1000.0, 'unit': 'M', 'net_profit': 38.24}, {'period': ""Q4 '24"", 'revenue': 846.12, 'unit': 'M', 'net_profit': 14.56}, {'period': ""Q3 '24"", 'revenue': 919.44, 'unit': 'M', 'net_profit': 40.87}]",,,,,,,,,,,,,,,,,__nan__,__nan__
102,PAVM,PAVmed Inc. Common Stock,,,,,,,,,,-0.72,-0.27,15328,,,[],"[{'period': ""Q3 '25"", 'revenue': 0.005, 'unit': 'M', 'net_profit': -5.38}, {'period': ""Q2 '25"", 'revenue': 0.006, 'unit': 'M', 'net_profit': -11.92}, {'period': ""Q1 '25"", 'revenue': 0.008, 'unit': 'M', 'net_profit': 18.97}, {'period': ""Q4 '24"", 'revenue': 0.01, 'unit': 'M', 'net_profit': 1.43}, {'period': ""Q3 '24"", 'revenue': 0.996, 'unit': 'M', 'net_profit': 64.4}, {'period': ""Q2 '24"", 'revenue': 0.979, 'unit': 'M', 'net_profit': -10.83}]",,,,,,,,,,,,,,,,,__nan__,__nan__
103,PAVMW,PAVmed Inc. Warrant,,,,,,,,,,-0.050347222222222224,0.0149,32626,,,[],"[{'period': ""Q3 '25"", 'revenue': 0.005, 'unit': 'M', 'net_profit': -5.38}, {'period': ""Q2 '25"", 'revenue': 0.006, 'unit': 'M', 'net_profit': -11.92}, {'period': ""Q1 '25"", 'revenue': 0.008, 'unit': 'M', 'net_profit': 18.97}, {'period': ""Q4 '24"", 'revenue': 0.01, 'unit': 'M', 'net_profit': 1.43}, {'period': ""Q3 '24"", 'revenue': 0.996, 'unit': 'M', 'net_profit': 64.4}, {'period': ""Q2 '24"", 'revenue': 0.979, 'unit': 'M', 'net_profit': -10.83}]",,,,,,,,,,,,,,,,,__nan__,__nan__
104,PAVMZ,PAVmed Inc. Series Z Warrant,,,,,,,,,,0.0,-0.0006,258283,,,[],"[{'period': ""Q3 '25"", 'revenue': 0.005, 'unit': 'M', 'net_profit': -5.38}, {'period': ""Q2 '25"", 'revenue': 0.006, 'unit': 'M', 'net_profit': -11.92}, {'period': ""Q1 '25"", 'revenue': 0.008, 'unit': 'M', 'net_profit': 18.97}, {'period': ""Q4 '24"", 'revenue': 0.01, 'unit': 'M', 'net_profit': 1.43}, {'period': ""Q3 '24"", 'revenue': 0.996, 'unit': 'M', 'net_profit': 64.4}, {'period': ""Q2 '24"", 'revenue': 0.979, 'unit': 'M', 'net_profit': -10.83}]",,,,,,,,,,,,,,,,,__nan__,__nan__
105,PAX,Patria Investments Limited Class A Common Shares,,,,,,,,,,17.03,0.07,962950,,,[],"[{'period': ""Q4 '25"", 'revenue': 134.4, 'unit': 'M', 'net_profit': 34.5}, {'period': ""Q3 '25"", 'revenue': 86.46, 'unit': 'M', 'net_profit': 22.5}, {'period': ""Q2 '25"", 'revenue': 82.52, 'unit': 'M', 'net_profit': 12.85}, {'period': ""Q1 '25"", 'revenue': 79.57, 'unit': 'M', 'net_profit': 15.66}, {'period': ""Q4 '24"", 'revenue': 157.24, 'unit': 'M', 'net_profit': 55.25}, {'period': ""Q3 '24"", 'revenue': 78060.0, 'unit': 'K', 'net_profit': 466.0}]",,,,,,,,,,,,,,,,,__nan__,__nan__
106,PAYA,Paya Holdings Inc. Class A Common Stock,,,,,,,,,,139.14285714285714,0.0,1126108,,,[],"[{'period': ""Q4 '22"", 'revenue': 72.89, 'unit': 'M', 'net_profit': 3.05}, {'period': ""Q3 '22"", 'revenue': 71.37, 'unit': 'M', 'net_profit': 1.35}, {'period': ""Q2 '22"", 'revenue': 72.49, 'unit': 'M', 'net_profit': 1.65}, {'period': ""Q1 '22"", 'revenue': 65.99, 'unit': 'M', 'net_profit': 2.21}, {'period': ""Q4 '21"", 'revenue': 67.06, 'unit': 'M', 'net_profit': 4.26}, {'period': ""Q3 '21"", 'revenue': 63.06, 'unit': 'M', 'net_profit': -2.96}]",,,,,,,,,,,,,,,,,__nan__,__nan__
107,PAYAW,Paya Holdings Inc. Warrant,,,,,,,,,,,,,,,[],"[{'period': ""Q2 '21"", 'revenue': 63.98, 'unit': 'M', 'net_profit': -3.15}, {'period': ""Q4 '20"", 'revenue': 206050.0, 'unit': '', 'net_profit': -524.0}, {'period': ""Q2 '20"", 'revenue': 51090.0, 'unit': 'K', 'net_profit': 625.0}]",,,,,,,,,,,,,,,,,__nan__,__nan__
108,PAYS,Paysign Inc. Common Stock,,,,,,,,,,43.23,0.29,1567703,,,[],"[{'period': ""Q4 '25"", 'revenue': 22.76, 'unit': 'M', 'net_profit': 1.36}, {'period': ""Q3 '25"", 'revenue': 21.6, 'unit': 'M', 'net_profit': 2.22}, {'period': ""Q2 '25"", 'revenue': 19.08, 'unit': 'M', 'net_profit': 1.39}, {'period': ""Q1 '25"", 'revenue': 18.6, 'unit': 'M', 'net_profit': 2.59}, {'period': ""Q4 '24"", 'revenue': 15.61, 'unit': 'M', 'net_profit': 1.37}, {'period': ""Q3 '24"", 'revenue': 15.26, 'unit': 'M', 'net_profit': 1.44}]",,,,,,,,,,,,,,,,,__nan__,__nan__
109,PAYX,Paychex Inc. Common Stock,,,,,,,,,,20.24,-1.91,3583783,,,[],"[{'period': ""Q3 '26"", 'revenue': 1810.0, 'unit': 'M', 'net_profit': 560.3}, {'period': ""Q2 '26"", 'revenue': 1560.0, 'unit': 'M', 'net_profit': 395.4}, {'period': ""Q1 '26"", 'revenue': 1540.0, 'unit': 'M', 'net_profit': 383.8}, {'period': ""Q4 '25"", 'revenue': 1430.0, 'unit': 'M', 'net_profit': 297.2}, {'period': ""Q3 '25"", 'revenue': 1510.0, 'unit': 'M', 'net_profit': 519.3}, {'period': ""Q2 '25"", 'revenue': 1320.0, 'unit': 'M', 'net_profit': 413.4}]",,,,,,,,,,,,,,,,,__nan__,__nan__
110,PBCT,People's United Financial Inc. Common Stock,,,,,,,,,,13.964028776978417,0.0,1,,,[],"[{'period': ""Q4 '21"", 'revenue': 461.6, 'unit': 'M', 'net_profit': 149.9}, {'period': ""Q3 '21"", 'revenue': 470.7, 'unit': 'M', 'net_profit': 139.7}, {'period': ""Q2 '21"", 'revenue': 479.9, 'unit': 'M', 'net_profit': 170.8}, {'period': ""Q1 '21"", 'revenue': 480.5, 'unit': 'M', 'net_profit': 144.5}, {'period': ""Q4 '20"", 'revenue': 485.0, 'unit': 'M', 'net_profit': -145.3}, {'period': ""Q3 '20"", 'revenue': 492.5, 'unit': 'M', 'net_profit': 144.6}]",,,,,,,,,,,,,,,,,__nan__,__nan__
111,PBCTP,People's United Financial Inc. Perpetual Preferred Series A Fixed-to-floating Rate,,,,,,,,,,18.755395683453237,0.0,6452,,,[],"[{'period': ""Q4 '21"", 'revenue': 461.6, 'unit': 'M', 'net_profit': 149.9}, {'period': ""Q3 '21"", 'revenue': 470.7, 'unit': 'M', 'net_profit': 139.7}, {'period': ""Q2 '21"", 'revenue': 479.9, 'unit': 'M', 'net_profit': 170.8}, {'period': ""Q1 '21"", 'revenue': 480.5, 'unit': 'M', 'net_profit': 144.5}, {'period': ""Q4 '20"", 'revenue': 485.0, 'unit': 'M', 'net_profit': -145.3}, {'period': ""Q3 '20"", 'revenue': 492.5, 'unit': 'M', 'net_profit': 144.6}]",,,,,,,,,,,,,,,,,__nan__,__nan__
112,PBFS,Pioneer Bancorp Inc. Common Stock,,,,,,,,,,16.39,0.08,7325,,,[],"[{'period': ""Q2 '26"", 'revenue': 33.18, 'unit': 'M', 'net_profit': 3.75}, {'period': ""Q1 '26"", 'revenue': 32.1, 'unit': 'M', 'net_profit': 4.33}, {'period': ""Q4 '25"", 'revenue': 31.81, 'unit': 'M', 'net_profit': 6.45}, {'period': ""Q3 '25"", 'revenue': 29.57, 'unit': 'M', 'net_profit': 5.76}, {'period': ""Q2 '25"", 'revenue': 29.14, 'unit': 'M', 'net_profit': 3.29}, {'period': ""Q1 '25"", 'revenue': 28.5, 'unit': 'M', 'net_profit': 6.31}]",,,,,,,,,,,,,,,,,__nan__,__nan__
113,PBHC,Pathfinder Bancorp Inc. Common Stock (MD),,,,,,,,,,-25.13,0.57,63.2343,,,[],"[{'period': ""Q4 '25"", 'revenue': 19.61, 'unit': 'M', 'net_profit': -7.05}, {'period': ""Q3 '25"", 'revenue': 21240.0, 'unit': 'K', 'net_profit': 626.0}, {'period': ""Q2 '25"", 'revenue': 17660.0, 'unit': 'K', 'net_profit': 31.0}, {'period': ""Q1 '25"", 'revenue': 20.64, 'unit': 'M', 'net_profit': 2.97}, {'period': ""Q4 '24"", 'revenue': 20.78, 'unit': 'M', 'net_profit': 3.91}, {'period': ""Q3 '24"", 'revenue': 22.63, 'unit': 'M', 'net_profit': -4.64}]",,,,,,,,,,,,,,,,,__nan__,__nan__
114,PBIP,Prudential Bancorp Inc. Common Stock,,,,,,,,,,-265.43859649122805,-0.09999943,40567,,,[],"[{'period': ""Q2 '23"", 'revenue': 5.97, 'unit': 'M', 'net_profit': -6.51}, {'period': ""Q1 '23"", 'revenue': 6.3, 'unit': 'M', 'net_profit': 1.84}, {'period': ""Q4 '22"", 'revenue': 7.19, 'unit': 'M', 'net_profit': 1.99}, {'period': ""Q3 '22"", 'revenue': 7.17, 'unit': 'M', 'net_profit': 2.24}, {'period': ""Q2 '22"", 'revenue': 6.3, 'unit': 'M', 'net_profit': 1.72}, {'period': ""Q1 '22"", 'revenue': 6.22, 'unit': 'M', 'net_profit': 1.84}]",,,,,,,,,,,,,,,,,__nan__,__nan__
115,PBLA,Panbela Therapeutics Inc. Common Stock,,,,,,,,,,,0.0,1012,,,[],"[{'period': ""Q3 '24"", 'revenue': 0.0, 'unit': 'M', 'net_profit': -7.17}, {'period': ""Q2 '24"", 'revenue': 0.0, 'unit': 'M', 'net_profit': -7.14}, {'period': ""Q1 '24"", 'revenue': 0.0, 'unit': 'M', 'net_profit': -7.12}, {'period': ""Q4 '23"", 'revenue': 0.0, 'unit': 'M', 'net_profit': -6.47}, {'period': ""Q3 '23"", 'revenue': 0.0, 'unit': 'M', 'net_profit': -7.83}, {'period': ""Q2 '23"", 'revenue': 0.0, 'unit': 'M', 'net_profit': -5.83}]",,,,,,,,,,,,,,,,,__nan__,__nan__
116,PBPB,Potbelly Corporation Common Stock,,,,,,,,,,48.91428571428571,0.01,1201330,,,[],"[{'period': ""Q2 '25"", 'revenue': 123.71, 'unit': 'M', 'net_profit': 2.49}, {'period': ""Q1 '25"", 'revenue': 113680.0, 'unit': 'K', 'net_profit': -62.0}, {'period': ""Q4 '24"", 'revenue': 116.63, 'unit': 'M', 'net_profit': 4.61}, {'period': ""Q3 '24"", 'revenue': 115.12, 'unit': 'M', 'net_profit': 3.73}, {'period': ""Q2 '24"", 'revenue': 119.7, 'unit': 'M', 'net_profit': 34.71}, {'period': ""Q1 '24"", 'revenue': 111.15, 'unit': 'M', 'net_profit': -2.77}]",,,,,,,,,,,,,,,,,__nan__,__nan__
117,PBTS,Powerbridge Technologies Co. Ltd. Ordinary Shares,,,,,,,,,,-0.02788339670468948,0.075,370755,,,[],"[{'period': ""Q4 '22"", 'revenue': 3.46, 'unit': 'M', 'net_profit': -13.02}, {'period': ""Q2 '22"", 'revenue': 7.02, 'unit': 'M', 'net_profit': -8.53}, {'period': ""Q4 '21"", 'revenue': 4.77, 'unit': 'M', 'net_profit': 1.39}, {'period': ""Q2 '21"", 'revenue': 27.32, 'unit': 'M', 'net_profit': -10.87}, {'period': ""Q4 '20"", 'revenue': 12.21, 'unit': 'M', 'net_profit': -18.08}, {'period': ""Q2 '20"", 'revenue': 14450.0, 'unit': 'K', 'net_profit': -171.08}]",,,,,,,,,,,,,,,,,__nan__,__nan__
118,PBYI,Puma Biotechnology Inc Common Stock,,,,,,,,,,9.97,-0.19,225784,,,[],"[{'period': ""Q4 '25"", 'revenue': 75.5, 'unit': 'M', 'net_profit': 13.4}, {'period': ""Q3 '25"", 'revenue': 54.48, 'unit': 'M', 'net_profit': 8.84}, {'period': ""Q2 '25"", 'revenue': 52.44, 'unit': 'M', 'net_profit': 5.86}, {'period': ""Q1 '25"", 'revenue': 46.01, 'unit': 'M', 'net_profit': 2.97}, {'period': ""Q4 '24"", 'revenue': 59.08, 'unit': 'M', 'net_profit': 19.3}, {'period': ""Q3 '24"", 'revenue': 80.54, 'unit': 'M', 'net_profit': 20.32}]",,,,,,,,,,,,,,,,,__nan__,__nan__
119,PCAR,PACCAR Inc. Common Stock,,,,,,,,,,25.0,-2.58,2238381,,,[],"[{'period': ""Q4 '25"", 'revenue': 6820.0, 'unit': 'M', 'net_profit': 556.9}, {'period': ""Q3 '25"", 'revenue': 6670.0, 'unit': 'M', 'net_profit': 590.0}, {'period': ""Q2 '25"", 'revenue': 7510.0, 'unit': 'M', 'net_profit': 723.8}, {'period': ""Q1 '25"", 'revenue': 7440.0, 'unit': 'M', 'net_profit': 505.1}, {'period': ""Q4 '24"", 'revenue': 7910.0, 'unit': 'M', 'net_profit': 872.0}, {'period': ""Q3 '24"", 'revenue': 8240.0, 'unit': 'M', 'net_profit': 972.1}]",,,,,,,,,,,,,,,,,__nan__,__nan__
120,PCB,PCB Bancorp Common Stock,,,,,,,,,,8.54,-0.33,34685,,,[],"[{'period': ""Q4 '25"", 'revenue': 52.41, 'unit': 'M', 'net_profit': 9.23}, {'period': ""Q3 '25"", 'revenue': 54.88, 'unit': 'M', 'net_profit': 11.41}, {'period': ""Q2 '25"", 'revenue': 52.6, 'unit': 'M', 'net_profit': 9.07}, {'period': ""Q1 '25"", 'revenue': 49.47, 'unit': 'M', 'net_profit': 7.74}, {'period': ""Q4 '24"", 'revenue': 49.36, 'unit': 'M', 'net_profit': 7.03}, {'period': ""Q3 '24"", 'revenue': 48.62, 'unit': 'M', 'net_profit': 7.81}]",,,,,,,,,,,,,,,,,__nan__,__nan__
121,PCH,PotlatchDeltic Corporation Common Stock,,,,,,,,,,50.890243902439025,0.0,13280767,,,[],"[{'period': ""Q3 '25"", 'revenue': 314.18, 'unit': 'M', 'net_profit': 25.89}, {'period': ""Q2 '25"", 'revenue': 274.99, 'unit': 'M', 'net_profit': 7.35}, {'period': ""Q1 '25"", 'revenue': 268.26, 'unit': 'M', 'net_profit': 25.8}, {'period': ""Q4 '24"", 'revenue': 258.15, 'unit': 'M', 'net_profit': 5.19}, {'period': ""Q3 '24"", 'revenue': 255.13, 'unit': 'M', 'net_profit': 3.31}, {'period': ""Q2 '24"", 'revenue': 320.67, 'unit': 'M', 'net_profit': 13.68}]",,,,,,,,,,,,,,,,,__nan__,__nan__
122,PCOM,Points International Ltd. Common Shares,,,,,,,,,,166.6,0.020000458,84418,,,[],"[{'period': ""Q1 '22"", 'revenue': 127.42, 'unit': 'M', 'net_profit': 1.35}, {'period': ""Q4 '21"", 'revenue': 115.11, 'unit': 'M', 'net_profit': 1.53}, {'period': ""Q3 '21"", 'revenue': 86.87, 'unit': 'M', 'net_profit': -1.24}, {'period': ""Q2 '21"", 'revenue': 103010.0, 'unit': 'K', 'net_profit': 452.0}, {'period': ""Q1 '21"", 'revenue': 65.03, 'unit': 'M', 'net_profit': -1.09}, {'period': ""Q4 '20"", 'revenue': 56360.0, 'unit': 'K', 'net_profit': -683.0}]",,,,,,,,,,,,,,,,,__nan__,__nan__
123,PCRX,Pacira BioSciences Inc. Common Stock,,,,,,,,,,143.0,-0.43,474116,,,[],"[{'period': ""Q4 '25"", 'revenue': 196.87, 'unit': 'M', 'net_profit': 1.64}, {'period': ""Q3 '25"", 'revenue': 179.52, 'unit': 'M', 'net_profit': 5.43}, {'period': ""Q2 '25"", 'revenue': 181.1, 'unit': 'M', 'net_profit': -4.85}, {'period': ""Q1 '25"", 'revenue': 168.92, 'unit': 'M', 'net_profit': 4.81}, {'period': ""Q4 '24"", 'revenue': 187.25, 'unit': 'M', 'net_profit': 16.04}, {'period': ""Q3 '24"", 'revenue': 168.57, 'unit': 'M', 'net_profit': -143.47}]",,,,,,,,,,,,,,,,,__nan__,__nan__
124,PCSA,Processa Pharmaceuticals Inc. Common Stock,,,,,,,,,,-0.23,0.19,51028,,,[],"[{'period': ""Q4 '25"", 'revenue': 0.0, 'unit': 'M', 'net_profit': -3.36}, {'period': ""Q3 '25"", 'revenue': 0.0, 'unit': 'M', 'net_profit': -3.44}, {'period': ""Q2 '25"", 'revenue': 0.0, 'unit': 'M', 'net_profit': -3.93}, {'period': ""Q1 '25"", 'revenue': 0.0, 'unit': 'M', 'net_profit': -2.83}, {'period': ""Q4 '24"", 'revenue': 0.0, 'unit': 'M', 'net_profit': -2.73}, {'period': ""Q3 '24"", 'revenue': 0.0, 'unit': 'M', 'net_profit': -3.38}]",,,,,,,,,,,,,,,,,__nan__,__nan__
125,PCSB,PCSB Financial Corporation Common Stock,,,,,,,,,,0.0,-0.22,124818,,,[],"[{'period': ""Q1 '23"", 'revenue': 15.65, 'unit': 'M', 'net_profit': 4.78}, {'period': ""Q4 '22"", 'revenue': 15.02, 'unit': 'M', 'net_profit': 3.5}, {'period': ""Q3 '22"", 'revenue': 13.64, 'unit': 'M', 'net_profit': 3.47}, {'period': ""Q2 '22"", 'revenue': 14.45, 'unit': 'M', 'net_profit': 4.29}, {'period': ""Q1 '22"", 'revenue': 13.15, 'unit': 'M', 'net_profit': 3.61}, {'period': ""Q4 '21"", 'revenue': 13.15, 'unit': 'M', 'net_profit': 3.41}]",,,,,,,,,,,,,,,,,__nan__,__nan__
126,PCT,PureCycle Technologies Inc. Common stock,,,,,,,,,,-4.36,-0.19,3839202,,,[],"[{'period': ""Q4 '25"", 'revenue': 2.69, 'unit': 'M', 'net_profit': -18.79}, {'period': ""Q3 '25"", 'revenue': 2.43, 'unit': 'M', 'net_profit': -28.37}, {'period': ""Q2 '25"", 'revenue': 1.65, 'unit': 'M', 'net_profit': -144.24}, {'period': ""Q1 '25"", 'revenue': 1.58, 'unit': 'M', 'net_profit': 8.83}, {'period': ""Q4 '24"", 'revenue': 0.0, 'unit': 'M', 'net_profit': -64.68}, {'period': ""Q3 '24"", 'revenue': 0.0, 'unit': 'M', 'net_profit': -90.64}]",,,,,,,,,,,,,,,,,__nan__,__nan__
127,PCTI,PCTEL Inc. Common Stock,,,,,,,,,,30.391304347826086,-0.01,143862,,,[],"[{'period': ""Q3 '23"", 'revenue': 17390.0, 'unit': 'K', 'net_profit': -110.0}, {'period': ""Q2 '23"", 'revenue': 20580.0, 'unit': 'K', 'net_profit': 999.0}, {'period': ""Q1 '23"", 'revenue': 22.97, 'unit': 'M', 'net_profit': 1.32}, {'period': ""Q4 '22"", 'revenue': 25.92, 'unit': 'M', 'net_profit': 2.05}, {'period': ""Q3 '22"", 'revenue': 25.99, 'unit': 'M', 'net_profit': 1.97}, {'period': ""Q2 '22"", 'revenue': 24980.0, 'unit': 'K', 'net_profit': 411.0}]",,,,,,,,,,,,,,,,,__nan__,__nan__
128,PCTTU,PureCycle Technologies Inc. Unit,,,,,,,,,,-9.95,0.0,200,,,[],"[{'period': ""Q4 '25"", 'revenue': 2.69, 'unit': 'M', 'net_profit': -18.79}, {'period': ""Q3 '25"", 'revenue': 2.43, 'unit': 'M', 'net_profit': -28.37}, {'period': ""Q2 '25"", 'revenue': 1.65, 'unit': 'M', 'net_profit': -144.24}, {'period': ""Q1 '25"", 'revenue': 1.58, 'unit': 'M', 'net_profit': 8.83}, {'period': ""Q4 '24"", 'revenue': 0.0, 'unit': 'M', 'net_profit': -64.68}, {'period': ""Q3 '24"", 'revenue': 0.0, 'unit': 'M', 'net_profit': -90.64}]",,,,,,,,,,,,,,,,,__nan__,__nan__
129,PCTTW,PureCycle Technologies Inc. Warrant,,,,,,,,,,,0.0625,10417,,,[],"[{'period': ""Q4 '25"", 'revenue': 2.69, 'unit': 'M', 'net_profit': -18.79}, {'period': ""Q3 '25"", 'revenue': 2.43, 'unit': 'M', 'net_profit': -28.37}, {'period': ""Q2 '25"", 'revenue': 1.65, 'unit': 'M', 'net_profit': -144.24}, {'period': ""Q1 '25"", 'revenue': 1.58, 'unit': 'M', 'net_profit': 8.83}, {'period': ""Q4 '24"", 'revenue': 0.0, 'unit': 'M', 'net_profit': -64.68}, {'period': ""Q3 '24"", 'revenue': 0.0, 'unit': 'M', 'net_profit': -90.64}]",,,,,,,,,,,,,,,,,__nan__,__nan__
130,PCTY,Paylocity Holding Corporation Common Stock,,,,,,,,,,24.8,-5.64,642801,,,[],"[{'period': ""Q2 '26"", 'revenue': 416.13, 'unit': 'M', 'net_profit': 50.2}, {'period': ""Q1 '26"", 'revenue': 408.17, 'unit': 'M', 'net_profit': 47.99}, {'period': ""Q4 '25"", 'revenue': 400.74, 'unit': 'M', 'net_profit': 48.61}, {'period': ""Q3 '25"", 'revenue': 454.55, 'unit': 'M', 'net_profit': 91.48}, {'period': ""Q2 '25"", 'revenue': 376.98, 'unit': 'M', 'net_profit': 37.47}, {'period': ""Q1 '25"", 'revenue': 317.59, 'unit': 'M', 'net_profit': 34.52}]",,,,,,,,,,,,,,,,,__nan__,__nan__
131,PCVX,Vaxcyte Inc. Common Stock,,,,,,,,,,-9.44,-1.55,948875,,,[],"[{'period': ""Q4 '25"", 'revenue': 0.0, 'unit': 'M', 'net_profit': -246.51}, {'period': ""Q3 '25"", 'revenue': 0.0, 'unit': 'M', 'net_profit': -212.83}, {'period': ""Q2 '25"", 'revenue': 0.0, 'unit': 'M', 'net_profit': -166.57}, {'period': ""Q1 '25"", 'revenue': 0.0, 'unit': 'M', 'net_profit': -140.72}, {'period': ""Q4 '24"", 'revenue': 0.0, 'unit': 'M', 'net_profit': -137.08}, {'period': ""Q3 '24"", 'revenue': 0.0, 'unit': 'M', 'net_profit': -103.12}]",,,,,,,,,,,,,,,,,__nan__,__nan__
132,PCYG,Park City Group Inc. Common Stock,,,,,,,,,,36.2962962962963,0.06,25498,,,[],"[{'period': ""Q2 '26"", 'revenue': 5.86, 'unit': 'M', 'net_profit': 1.69}, {'period': ""Q1 '26"", 'revenue': 5.97, 'unit': 'M', 'net_profit': 1.82}, {'period': ""Q4 '25"", 'revenue': 5.76, 'unit': 'M', 'net_profit': 1.8}, {'period': ""Q3 '25"", 'revenue': 5.91, 'unit': 'M', 'net_profit': 1.97}, {'period': ""Q2 '25"", 'revenue': 5.49, 'unit': 'M', 'net_profit': 1.55}, {'period': ""Q1 '25"", 'revenue': 5.44, 'unit': 'M', 'net_profit': 1.67}]",,,,,,,,,,,,,,,,,__nan__,__nan__
133,PCYO,Pure Cycle Corporation Common Stock,,,,,,,,,,17.32,0.02,46041,,,[],"[{'period': ""Q1 '26"", 'revenue': 9.13, 'unit': 'M', 'net_profit': 4.57}, {'period': ""Q4 '25"", 'revenue': 11.2, 'unit': 'M', 'net_profit': 6.11}, {'period': ""Q3 '25"", 'revenue': 5.14, 'unit': 'M', 'net_profit': 2.26}, {'period': ""Q2 '25"", 'revenue': 4000.0, 'unit': 'K', 'net_profit': 809.0}, {'period': ""Q1 '25"", 'revenue': 5.75, 'unit': 'M', 'net_profit': 3.94}, {'period': ""Q4 '24"", 'revenue': 12.56, 'unit': 'M', 'net_profit': 6.61}]",,,,,,,,,,,,,,,,,__nan__,__nan__
134,PDCE,PDC Energy Inc. Common Stock (Delaware),,,,,,,,,,3.1695278969957084,0.0,15498053,,,[],"[{'period': ""Q2 '23"", 'revenue': 871.81, 'unit': 'M', 'net_profit': 288.71}, {'period': ""Q1 '23"", 'revenue': 813.28, 'unit': 'M', 'net_profit': 414.13}, {'period': ""Q4 '22"", 'revenue': 976.0, 'unit': 'M', 'net_profit': 349.74}, {'period': ""Q3 '22"", 'revenue': 1200.0, 'unit': 'M', 'net_profit': 797.97}, {'period': ""Q2 '22"", 'revenue': 1240.0, 'unit': 'M', 'net_profit': 662.38}, {'period': ""Q1 '22"", 'revenue': 882.38, 'unit': 'M', 'net_profit': -31.96}]",,,,,,,,,,,,,,,,,__nan__,__nan__
135,PDCO,Patterson Companies Inc. Common Stock,,,,,,,,,,20.477124183006534,-0.28,6773075,,,[],"[{'period': ""Q3 '25"", 'revenue': 1570.0, 'unit': 'M', 'net_profit': 31.25}, {'period': ""Q2 '25"", 'revenue': 1670.0, 'unit': 'M', 'net_profit': 26.77}, {'period': ""Q1 '25"", 'revenue': 1540.0, 'unit': 'M', 'net_profit': 13.71}, {'period': ""Q4 '24"", 'revenue': 1720.0, 'unit': 'M', 'net_profit': 67.04}, {'period': ""Q3 '24"", 'revenue': 1620.0, 'unit': 'M', 'net_profit': 47.7}, {'period': ""Q2 '24"", 'revenue': 1650.0, 'unit': 'M', 'net_profit': 39.96}]",,,,,,,,,,,,,,,,,__nan__,__nan__
136,PDD,Pinduoduo Inc. American Depositary Shares,,,,,,,,,,10.28,-0.81,6944021,,,[],"[{'period': ""Q4 '25"", 'revenue': 122.2, 'unit': 'B', 'net_profit': 24.2}, {'period': ""Q3 '25"", 'revenue': 108.28, 'unit': 'B', 'net_profit': 29.33}, {'period': ""Q2 '25"", 'revenue': 103.98, 'unit': 'B', 'net_profit': 30.75}, {'period': ""Q1 '25"", 'revenue': 95.67, 'unit': 'B', 'net_profit': 14.74}, {'period': ""Q4 '24"", 'revenue': 110.61, 'unit': 'B', 'net_profit': 27.45}, {'period': ""Q3 '24"", 'revenue': 99.35, 'unit': 'B', 'net_profit': 24.98}]",,,,,,,,,,,,,,,,,__nan__,__nan__
137,PDEX,Pro-Dex Inc. Common Stock,,,,,,,,,,14.36,-0.32,30573,,,[],"[{'period': ""Q2 '26"", 'revenue': 18.66, 'unit': 'M', 'net_profit': 2.19}, {'period': ""Q1 '26"", 'revenue': 18.53, 'unit': 'M', 'net_profit': 4.68}, {'period': ""Q4 '25"", 'revenue': 17.49, 'unit': 'M', 'net_profit': 1.2}, {'period': ""Q3 '25"", 'revenue': 17.41, 'unit': 'M', 'net_profit': 3.27}, {'period': ""Q2 '25"", 'revenue': 16.79, 'unit': 'M', 'net_profit': 2.04}, {'period': ""Q1 '25"", 'revenue': 14.89, 'unit': 'M', 'net_profit': 2.47}]",,,,,,,,,,,,,,,,,__nan__,__nan__
138,PDFS,PDF Solutions Inc. Common Stock,,,,,,,,,,-1673.0,-0.96,907863,,,[],"[{'period': ""Q4 '25"", 'revenue': 62400.0, 'unit': 'K', 'net_profit': -48.0}, {'period': ""Q3 '25"", 'revenue': 57.12, 'unit': 'M', 'net_profit': 1.29}, {'period': ""Q2 '25"", 'revenue': 51.73, 'unit': 'M', 'net_profit': 1.15}, {'period': ""Q1 '25"", 'revenue': 47.78, 'unit': 'M', 'net_profit': -3.03}, {'period': ""Q4 '24"", 'revenue': 50090.0, 'unit': 'K', 'net_profit': 539.0}, {'period': ""Q3 '24"", 'revenue': 46.41, 'unit': 'M', 'net_profit': 2.21}]",,,,,,,,,,,,,,,,,__nan__,__nan__
139,PDLB,PDL Community Bancorp Common Stock,,,,,,,,,,13.72,-0.14,24885,,,[],"[{'period': ""Q4 '25"", 'revenue': 52.3, 'unit': 'M', 'net_profit': 10.14}, {'period': ""Q3 '25"", 'revenue': 48.34, 'unit': 'M', 'net_profit': 6.51}, {'period': ""Q2 '25"", 'revenue': 47.68, 'unit': 'M', 'net_profit': 6.1}, {'period': ""Q1 '25"", 'revenue': 45.99, 'unit': 'M', 'net_profit': 5.96}, {'period': ""Q4 '24"", 'revenue': 44.37, 'unit': 'M', 'net_profit': 2.93}, {'period': ""Q3 '24"", 'revenue': 41.87, 'unit': 'M', 'net_profit': 2.43}]",,,,,,,,,,,,,,,,,__nan__,__nan__
140,PDSB,PDS Biotechnology Corporation Common Stock,,,,,,,,,,-0.67,-0.0987,987217,,,[],"[{'period': ""Q3 '25"", 'revenue': 0.0, 'unit': 'M', 'net_profit': -9.01}, {'period': ""Q2 '25"", 'revenue': 0.0, 'unit': 'M', 'net_profit': -9.43}, {'period': ""Q1 '25"", 'revenue': 0.0, 'unit': 'M', 'net_profit': -8.49}, {'period': ""Q4 '24"", 'revenue': 0.0, 'unit': 'M', 'net_profit': -7.95}, {'period': ""Q3 '24"", 'revenue': 0.0, 'unit': 'M', 'net_profit': -10.73}, {'period': ""Q2 '24"", 'revenue': 0.0, 'unit': 'M', 'net_profit': -8.33}]",,,,,,,,,,,,,,,,,__nan__,__nan__
141,PEBK,Peoples Bancorp of North Carolina Inc. Common Stock,,,,,,,,,,10.63,-0.1,16134,,,[],"[{'period': ""Q4 '25"", 'revenue': 31.15, 'unit': 'M', 'net_profit': 6.63}, {'period': ""Q3 '25"", 'revenue': 24.87, 'unit': 'M', 'net_profit': 3.69}, {'period': ""Q2 '25"", 'revenue': 25.03, 'unit': 'M', 'net_profit': 5.16}, {'period': ""Q1 '25"", 'revenue': 23.84, 'unit': 'M', 'net_profit': 4.34}, {'period': ""Q4 '24"", 'revenue': 24.73, 'unit': 'M', 'net_profit': 3.56}, {'period': ""Q3 '24"", 'revenue': 24.79, 'unit': 'M', 'net_profit': 3.96}]",,,,,,,,,,,,,,,,,__nan__,__nan__
142,PEBO,Peoples Bancorp Inc. Common Stock,,,,,,,,,,10.72,-0.26,218473,,,[],"[{'period': ""Q4 '25"", 'revenue': 156.82, 'unit': 'M', 'net_profit': 31.75}, {'period': ""Q3 '25"", 'revenue': 136.66, 'unit': 'M', 'net_profit': 29.48}, {'period': ""Q2 '25"", 'revenue': 150.34, 'unit': 'M', 'net_profit': 21.21}, {'period': ""Q1 '25"", 'revenue': 148.86, 'unit': 'M', 'net_profit': 24.34}, {'period': ""Q4 '24"", 'revenue': 156.94, 'unit': 'M', 'net_profit': 26.93}, {'period': ""Q3 '24"", 'revenue': 156.19, 'unit': 'M', 'net_profit': 31.68}]",,,,,,,,,,,,,,,,,__nan__,__nan__
143,PEGA,Pegasystems Inc. Common Stock,,,,,,,,,,18.92,-1.85,1491652,,,[],"[{'period': ""Q4 '25"", 'revenue': 504.32, 'unit': 'M', 'net_profit': 234.57}, {'period': ""Q3 '25"", 'revenue': 381.35, 'unit': 'M', 'net_profit': 43.36}, {'period': ""Q2 '25"", 'revenue': 384.51, 'unit': 'M', 'net_profit': 30.08}, {'period': ""Q1 '25"", 'revenue': 475.63, 'unit': 'M', 'net_profit': 85.42}, {'period': ""Q4 '24"", 'revenue': 490.83, 'unit': 'M', 'net_profit': 119.09}, {'period': ""Q3 '24"", 'revenue': 325.05, 'unit': 'M', 'net_profit': -14.39}]",,,,,,,,,,,,,,,,,__nan__,__nan__
144,PENN,Penn National Gaming Inc. Common Stock,,,,,,,,,,-2.36,-0.8,3394973,,,[],"[{'period': ""Q4 '25"", 'revenue': 1810.0, 'unit': 'M', 'net_profit': -73.0}, {'period': ""Q3 '25"", 'revenue': 1720.0, 'unit': 'M', 'net_profit': -864.6}, {'period': ""Q2 '25"", 'revenue': 1760.0, 'unit': 'M', 'net_profit': -17.4}, {'period': ""Q1 '25"", 'revenue': 1670.0, 'unit': 'M', 'net_profit': 111.8}, {'period': ""Q4 '24"", 'revenue': 1670.0, 'unit': 'M', 'net_profit': -133.3}, {'period': ""Q3 '24"", 'revenue': 1640.0, 'unit': 'M', 'net_profit': -36.7}]",,,,,,,,,,,,,,,,,__nan__,__nan__
145,PEP,PepsiCo Inc. Common Stock,,,,,,,,,,25.51,2.21,6662961,,,[],"[{'period': ""Q4 '25"", 'revenue': 29.34, 'unit': 'B', 'net_profit': 2.54}, {'period': ""Q3 '25"", 'revenue': 23.94, 'unit': 'B', 'net_profit': 2.6}, {'period': ""Q2 '25"", 'revenue': 22.73, 'unit': 'B', 'net_profit': 1.26}, {'period': ""Q1 '25"", 'revenue': 17.92, 'unit': 'B', 'net_profit': 1.83}, {'period': ""Q4 '24"", 'revenue': 27.78, 'unit': 'B', 'net_profit': 1.52}, {'period': ""Q3 '24"", 'revenue': 23.32, 'unit': 'B', 'net_profit': 2.93}]",,,,,,,,,,,,,,,,,__nan__,__nan__
146,PERI,Perion Network Ltd. Ordinary Shares,,,,,,,,,,-51.68,-0.46,442397,,,[],"[{'period': ""Q4 '25"", 'revenue': 137.14, 'unit': 'M', 'net_profit': 7.96}, {'period': ""Q3 '25"", 'revenue': 110.46, 'unit': 'M', 'net_profit': -4.08}, {'period': ""Q2 '25"", 'revenue': 102.98, 'unit': 'M', 'net_profit': -3.47}, {'period': ""Q1 '25"", 'revenue': 89.34, 'unit': 'M', 'net_profit': -8.35}, {'period': ""Q4 '24"", 'revenue': 129.58, 'unit': 'M', 'net_profit': 4.94}, {'period': ""Q3 '24"", 'revenue': 102.2, 'unit': 'M', 'net_profit': 2.11}]",,,,,,,,,,,,,,,,,__nan__,__nan__
147,PESI,Perma-Fix Environmental Services Inc. Common Stock,,,,,,,,,,-18.36,-0.22,241070,,,[],"[{'period': ""Q4 '25"", 'revenue': 15.71, 'unit': 'M', 'net_profit': -5.66}, {'period': ""Q3 '25"", 'revenue': 17.45, 'unit': 'M', 'net_profit': -1.83}, {'period': ""Q2 '25"", 'revenue': 14.59, 'unit': 'M', 'net_profit': -2.72}, {'period': ""Q1 '25"", 'revenue': 13.92, 'unit': 'M', 'net_profit': -3.57}, {'period': ""Q4 '24"", 'revenue': 14.7, 'unit': 'M', 'net_profit': -3.49}, {'period': ""Q3 '24"", 'revenue': 16.81, 'unit': 'M', 'net_profit': -8.98}]",,,,,,,,,,,,,,,,,__nan__,__nan__
148,PETQ,PetIQ Inc. Class A Common Stock,,,,,,,,,,83.72972972972973,-0.01,928270,,,[],"[{'period': ""Q2 '24"", 'revenue': 328.94, 'unit': 'M', 'net_profit': 15.32}, {'period': ""Q1 '24"", 'revenue': 308.44, 'unit': 'M', 'net_profit': 14.91}, {'period': ""Q4 '23"", 'revenue': 219.93, 'unit': 'M', 'net_profit': -17.49}, {'period': ""Q3 '23"", 'revenue': 277020.0, 'unit': 'K', 'net_profit': 451.0}, {'period': ""Q2 '23"", 'revenue': 314.55, 'unit': 'M', 'net_profit': 9.47}, {'period': ""Q1 '23"", 'revenue': 290.47, 'unit': 'M', 'net_profit': 9.7}]",,,,,,,,,,,,,,,,,__nan__,__nan__
149,PETS,PetMed Express Inc. Common Stock,,,,,,,,,,-0.72,-0.08,105608,,,[],"[{'period': ""Q3 '26"", 'revenue': 40.66, 'unit': 'M', 'net_profit': -10.55}, {'period': ""Q2 '26"", 'revenue': 44.36, 'unit': 'M', 'net_profit': -8.52}, {'period': ""Q1 '26"", 'revenue': 51.18, 'unit': 'M', 'net_profit': -34.15}, {'period': ""Q4 '25"", 'revenue': 46.47, 'unit': 'M', 'net_profit': -11.64}, {'period': ""Q3 '25"", 'revenue': 52980.0, 'unit': 'K', 'net_profit': -707.0}, {'period': ""Q2 '25"", 'revenue': 59.57, 'unit': 'M', 'net_profit': 2.33}]",,,,,,,,,,,,,,,,,__nan__,__nan__
150,PETZ,TDH Holdings Inc. Common Shares,,,,,,,,,,7.18,-0.02,3915,,,[],"[{'period': ""Q2 '25"", 'revenue': 0.58569, 'unit': 'M', 'net_profit': 1.38}, {'period': ""Q4 '24"", 'revenue': 460.32, 'unit': 'K', 'net_profit': 345.96}, {'period': ""Q2 '24"", 'revenue': 0.10341, 'unit': 'M', 'net_profit': 1.32}, {'period': ""Q4 '23"", 'revenue': 1.62, 'unit': 'M', 'net_profit': -8.61}, {'period': ""Q2 '23"", 'revenue': 1550.0, 'unit': 'K', 'net_profit': 64.6}, {'period': ""Q4 '22"", 'revenue': 1.65, 'unit': 'M', 'net_profit': 1.7}]",,,,,,,,,,,,,,,,,__nan__,__nan__
151,PFBC,Preferred Bank Common Stock,,,,,,,,,,8.59,-0.5,78019,,,[],"[{'period': ""Q4 '25"", 'revenue': 129.26, 'unit': 'M', 'net_profit': 34.82}, {'period': ""Q3 '25"", 'revenue': 130.51, 'unit': 'M', 'net_profit': 35.94}, {'period': ""Q2 '25"", 'revenue': 124.2, 'unit': 'M', 'net_profit': 32.85}, {'period': ""Q1 '25"", 'revenue': 118.53, 'unit': 'M', 'net_profit': 30.02}, {'period': ""Q4 '24"", 'revenue': 127.26, 'unit': 'M', 'net_profit': 30.22}, {'period': ""Q3 '24"", 'revenue': 132.88, 'unit': 'M', 'net_profit': 33.38}]",,,,,,,,,,,,,,,,,__nan__,__nan__
152,PFBI,Premier Financial Bancorp Inc. Common Stock,,,,,,,,,,11.11875,-0.05999947,524099,,,[],"[{'period': ""Q2 '21"", 'revenue': 19.07, 'unit': 'M', 'net_profit': 5.17}, {'period': ""Q1 '21"", 'revenue': 19.29, 'unit': 'M', 'net_profit': 6.55}, {'period': ""Q4 '20"", 'revenue': 0.0, 'unit': 'M', 'net_profit': 22.44}, {'period': ""Q3 '20"", 'revenue': 19.17, 'unit': 'M', 'net_profit': 5.62}, {'period': ""Q2 '20"", 'revenue': 18.7, 'unit': 'M', 'net_profit': 5.51}, {'period': ""Q1 '20"", 'revenue': 18.59, 'unit': 'M', 'net_profit': 5.37}]",,,,,,,,,,,,,,,,,__nan__,__nan__
153,PFC,Premier Financial Corp. Common Stock,,,,,,,,,,14.16161616161616,0.0,3065094,,,[],"[{'period': ""Q4 '24"", 'revenue': 63.06, 'unit': 'M', 'net_profit': 19.0}, {'period': ""Q3 '24"", 'revenue': 61.56, 'unit': 'M', 'net_profit': 16.66}, {'period': ""Q2 '24"", 'revenue': 110.62, 'unit': 'M', 'net_profit': 14.13}, {'period': ""Q1 '24"", 'revenue': 103.83, 'unit': 'M', 'net_profit': 15.44}, {'period': ""Q4 '23"", 'revenue': 108.09, 'unit': 'M', 'net_profit': 19.27}, {'period': ""Q3 '23"", 'revenue': 67.52, 'unit': 'M', 'net_profit': 21.41}]",,,,,,,,,,,,,,,,,__nan__,__nan__
154,PFDR,Pathfinder Acquisition Corporation Class A Ordinary Shares,,,,,,,,,,0.0,-1.42,158577,,,[],"[{'period': ""Q2 '23"", 'revenue': 8.36, 'unit': 'M', 'net_profit': -13.86}, {'period': ""Q1 '23"", 'revenue': 9.17, 'unit': 'M', 'net_profit': 15.71}, {'period': ""Q4 '22"", 'revenue': 12.12, 'unit': 'M', 'net_profit': -14.4}, {'period': ""Q3 '22"", 'revenue': 0.0, 'unit': 'M', 'net_profit': 14.75}, {'period': ""Q2 '22"", 'revenue': 0.0, 'unit': 'M', 'net_profit': 5.29}, {'period': ""Q1 '22"", 'revenue': 0.0, 'unit': 'M', 'net_profit': 2.11}]",,,,,,,,,,,,,,,,,__nan__,__nan__
155,PFDRU,Pathfinder Acquisition Corporation Unit,,,,,,,,,,0.0,-2.46,5030,,,[],"[{'period': ""Q2 '23"", 'revenue': 8.36, 'unit': 'M', 'net_profit': -13.86}, {'period': ""Q1 '23"", 'revenue': 9.17, 'unit': 'M', 'net_profit': 15.71}, {'period': ""Q4 '22"", 'revenue': 12.12, 'unit': 'M', 'net_profit': -14.4}, {'period': ""Q3 '22"", 'revenue': 0.0, 'unit': 'M', 'net_profit': 14.75}, {'period': ""Q2 '22"", 'revenue': 0.0, 'unit': 'M', 'net_profit': 5.29}, {'period': ""Q1 '22"", 'revenue': 0.0, 'unit': 'M', 'net_profit': 2.11}]",,,,,,,,,,,,,,,,,__nan__,__nan__
156,PFDRW,Pathfinder Acquisition Corporation Warrant,,,,,,,,,,0.0,0.07,111161,,,[],"[{'period': ""Q2 '23"", 'revenue': 8.36, 'unit': 'M', 'net_profit': -13.86}, {'period': ""Q1 '23"", 'revenue': 9.17, 'unit': 'M', 'net_profit': 15.71}, {'period': ""Q4 '22"", 'revenue': 12.12, 'unit': 'M', 'net_profit': -14.4}, {'period': ""Q3 '22"", 'revenue': 0.0, 'unit': 'M', 'net_profit': 14.75}, {'period': ""Q2 '22"", 'revenue': 0.0, 'unit': 'M', 'net_profit': 5.29}, {'period': ""Q1 '22"", 'revenue': 0.0, 'unit': 'M', 'net_profit': 2.11}]",,,,,,,,,,,,,,,,,__nan__,__nan__
157,PFG,Principal Financial Group Inc Common Stock,,,,,,,,,,16.57,-1.93,1321722,,,[],"[{'period': ""Q4 '25"", 'revenue': 4580.0, 'unit': 'M', 'net_profit': 517.0}, {'period': ""Q3 '25"", 'revenue': 3680.0, 'unit': 'M', 'net_profit': 213.8}, {'period': ""Q2 '25"", 'revenue': 3670.0, 'unit': 'M', 'net_profit': 406.2}, {'period': ""Q1 '25"", 'revenue': 3700.0, 'unit': 'M', 'net_profit': 48.1}, {'period': ""Q4 '24"", 'revenue': 4750.0, 'unit': 'M', 'net_profit': 905.4}, {'period': ""Q3 '24"", 'revenue': 3010.0, 'unit': 'M', 'net_profit': -220.0}]",,,,,,,,,,,,,,,,,__nan__,__nan__
158,PFHD,Professional Holding Corp. Class A Common stock,,,,,,,,,,0.0,-0.15,274894,,,[],"[{'period': ""Q4 '22"", 'revenue': 23.9, 'unit': 'M', 'net_profit': 4.26}, {'period': ""Q3 '22"", 'revenue': 26.02, 'unit': 'M', 'net_profit': 8.47}, {'period': ""Q2 '22"", 'revenue': 23.69, 'unit': 'M', 'net_profit': 6.99}, {'period': ""Q1 '22"", 'revenue': 20.32, 'unit': 'M', 'net_profit': 2.42}, {'period': ""Q4 '21"", 'revenue': 19.41, 'unit': 'M', 'net_profit': 3.96}, {'period': ""Q3 '21"", 'revenue': 20.58, 'unit': 'M', 'net_profit': 6.29}]",,,,,,,,,,,,,,,,,__nan__,__nan__
159,PFIE,Profire Energy Inc. Common Stock,,,,,,,,,,13.368421052631579,0.0,0,,,[],"[{'period': ""Q3 '24"", 'revenue': 17.2, 'unit': 'M', 'net_profit': 2.18}, {'period': ""Q2 '24"", 'revenue': 15.16, 'unit': 'M', 'net_profit': 2.06}, {'period': ""Q1 '24"", 'revenue': 13.64, 'unit': 'M', 'net_profit': 1.43}, {'period': ""Q4 '23"", 'revenue': 14.38, 'unit': 'M', 'net_profit': 3.29}, {'period': ""Q3 '23"", 'revenue': 14.83, 'unit': 'M', 'net_profit': 2.04}, {'period': ""Q2 '23"", 'revenue': 14.44, 'unit': 'M', 'net_profit': 2.86}]",,,,,,,,,,,,,,,,,__nan__,__nan__
160,PFIN,P & F Industries Inc. Class A Common Stock,,,,,,,,,,-56.5,-0.005,3979,,,[],"[{'period': ""Q3 '23"", 'revenue': 14400.0, 'unit': 'K', 'net_profit': -721.0}, {'period': ""Q2 '23"", 'revenue': 16160.0, 'unit': 'K', 'net_profit': 237.0}, {'period': ""Q1 '23"", 'revenue': 15740.0, 'unit': 'K', 'net_profit': 337.0}, {'period': ""Q4 '22"", 'revenue': 12690.0, 'unit': 'K', 'net_profit': -600.0}, {'period': ""Q3 '22"", 'revenue': 14520.0, 'unit': 'K', 'net_profit': -237.0}, {'period': ""Q2 '22"", 'revenue': 17810.0, 'unit': 'K', 'net_profit': -21.0}]",,,,,,,,,,,,,,,,,__nan__,__nan__
161,PFIS,Peoples Financial Services Corp. Common Stock,,,,,,,,,,9.0,0.12,21379,,,[],"[{'period': ""Q4 '25"", 'revenue': 70.5, 'unit': 'M', 'net_profit': 11.98}, {'period': ""Q3 '25"", 'revenue': 71.28, 'unit': 'M', 'net_profit': 15.25}, {'period': ""Q2 '25"", 'revenue': 71.58, 'unit': 'M', 'net_profit': 16.96}, {'period': ""Q1 '25"", 'revenue': 68.0, 'unit': 'M', 'net_profit': 15.01}, {'period': ""Q4 '24"", 'revenue': 71.47, 'unit': 'M', 'net_profit': 6.09}, {'period': ""Q3 '24"", 'revenue': 74.01, 'unit': 'M', 'net_profit': -4.34}]",,,,,,,,,,,,,,,,,__nan__,__nan__
162,PFLT,PennantPark Floating Rate Capital Ltd. Common Stock,,,,,,,,,,23.42,-0.27,1495630,,,[],"[{'period': ""Q1 '26"", 'revenue': 25.76, 'unit': 'M', 'net_profit': -3.58}, {'period': ""Q4 '25"", 'revenue': 46.58, 'unit': 'M', 'net_profit': 17.51}, {'period': ""Q3 '25"", 'revenue': 47.15, 'unit': 'M', 'net_profit': 19.3}, {'period': ""Q2 '25"", 'revenue': 25.82, 'unit': 'M', 'net_profit': 1.23}, {'period': ""Q1 '25"", 'revenue': 62.06, 'unit': 'M', 'net_profit': 28.33}, {'period': ""Q4 '24"", 'revenue': 51.69, 'unit': 'M', 'net_profit': 21.34}]",,,,,,,,,,,,,,,,,__nan__,__nan__
163,PFMT,Performant Financial Corporation Common Stock,,,,,,,,,,-35.6,-0.12,155789,,,[],"[{'period': ""Q2 '25"", 'revenue': 37.8, 'unit': 'M', 'net_profit': 2.08}, {'period': ""Q1 '25"", 'revenue': 33270.0, 'unit': 'K', 'net_profit': -81.0}, {'period': ""Q4 '24"", 'revenue': 34770.0, 'unit': 'K', 'net_profit': -498.0}, {'period': ""Q3 '24"", 'revenue': 31.52, 'unit': 'M', 'net_profit': -2.38}, {'period': ""Q2 '24"", 'revenue': 29.36, 'unit': 'M', 'net_profit': -3.0}, {'period': ""Q1 '24"", 'revenue': 27.33, 'unit': 'M', 'net_profit': -4.02}]",,,,,,,,,,,,,,,,,__nan__,__nan__
164,PFPT,Proofpoint Inc. Common Stock,,,,,,,,,,0.0,0.0,4847762,,,[],"[{'period': ""Q2 '21"", 'revenue': 308.65, 'unit': 'M', 'net_profit': -52.91}, {'period': ""Q1 '21"", 'revenue': 287.83, 'unit': 'M', 'net_profit': -45.32}, {'period': ""Q4 '20"", 'revenue': 275.13, 'unit': 'M', 'net_profit': -35.1}, {'period': ""Q3 '20"", 'revenue': 266.67, 'unit': 'M', 'net_profit': -31.88}, {'period': ""Q2 '20"", 'revenue': 258.44, 'unit': 'M', 'net_profit': -22.59}, {'period': ""Q1 '20"", 'revenue': 249.77, 'unit': 'M', 'net_profit': -74.24}]",,,,,,,,,,,,,,,,,__nan__,__nan__
165,PFSW,PFSweb Inc. Common Stock,,,,,,,,,,-17.430232558139537,0.005,111793,,,[],"[{'period': ""Q2 '23"", 'revenue': 67920.0, 'unit': 'K', 'net_profit': -128.0}, {'period': ""Q1 '23"", 'revenue': 69.26, 'unit': 'M', 'net_profit': -1.48}, {'period': ""Q4 '22"", 'revenue': 98.52, 'unit': 'M', 'net_profit': -2.15}, {'period': ""Q3 '22"", 'revenue': 65.48, 'unit': 'M', 'net_profit': -6.09}, {'period': ""Q2 '22"", 'revenue': 64.63, 'unit': 'M', 'net_profit': -4.5}, {'period': ""Q1 '22"", 'revenue': 66.49, 'unit': 'M', 'net_profit': -7.47}]",,,,,,,,,,,,,,,,,__nan__,__nan__
166,PFX,PhenixFIN Corporation Common Stock,,,,,,,,,,-25.15,-0.79,68.09,,,[],"[{'period': ""Q1 '26"", 'revenue': 7.35, 'unit': 'M', 'net_profit': -4.77}, {'period': ""Q4 '25"", 'revenue': 6.83, 'unit': 'M', 'net_profit': 4.08}, {'period': ""Q3 '25"", 'revenue': 3.45, 'unit': 'M', 'net_profit': -1.5}, {'period': ""Q2 '25"", 'revenue': 4490.0, 'unit': 'K', 'net_profit': -896.13}, {'period': ""Q1 '25"", 'revenue': 7.06, 'unit': 'M', 'net_profit': 2.46}, {'period': ""Q4 '24"", 'revenue': 10.31, 'unit': 'M', 'net_profit': 6.1}]",,,,,,,,,,,,,,,,,__nan__,__nan__
167,PFXNL,PhenixFIN Corporation 6.125% Senior Notes due 2023,,,,,,,,,,0.0,0.01,3140,,,[],"[{'period': ""Q1 '26"", 'revenue': 7.35, 'unit': 'M', 'net_profit': -4.77}, {'period': ""Q4 '25"", 'revenue': 6.83, 'unit': 'M', 'net_profit': 4.08}, {'period': ""Q3 '25"", 'revenue': 3.45, 'unit': 'M', 'net_profit': -1.5}, {'period': ""Q2 '25"", 'revenue': 4490.0, 'unit': 'K', 'net_profit': -896.13}, {'period': ""Q1 '25"", 'revenue': 7.06, 'unit': 'M', 'net_profit': 2.46}, {'period': ""Q4 '24"", 'revenue': 10.31, 'unit': 'M', 'net_profit': 6.1}]",,,,,,,,,,,,,,,,,__nan__,__nan__
168,PGC,Peapack-Gladstone Financial Corporation Common Stock,,,,,,,,,,16.53,-0.12,115755,,,[],"[{'period': ""Q4 '25"", 'revenue': 115.64, 'unit': 'M', 'net_profit': 12.16}, {'period': ""Q3 '25"", 'revenue': 111.56, 'unit': 'M', 'net_profit': 9.63}, {'period': ""Q2 '25"", 'revenue': 110.01, 'unit': 'M', 'net_profit': 7.94}, {'period': ""Q1 '25"", 'revenue': 104.16, 'unit': 'M', 'net_profit': 7.59}, {'period': ""Q4 '24"", 'revenue': 105.02, 'unit': 'M', 'net_profit': 9.24}, {'period': ""Q3 '24"", 'revenue': 101.08, 'unit': 'M', 'net_profit': 7.59}]",,,,,,,,,,,,,,,,,__nan__,__nan__
169,PGEN,Precigen Inc. Common Stock,,,,,,,,,,-2.68,-0.22,7040855,,,[],"[{'period': ""Q4 '25"", 'revenue': 4.57, 'unit': 'M', 'net_profit': -23.5}, {'period': ""Q3 '25"", 'revenue': 2.92, 'unit': 'M', 'net_profit': -146.34}, {'period': ""Q2 '25"", 'revenue': 0.856, 'unit': 'M', 'net_profit': -26.64}, {'period': ""Q1 '25"", 'revenue': 1.34, 'unit': 'M', 'net_profit': -54.15}, {'period': ""Q4 '24"", 'revenue': 1.19, 'unit': 'M', 'net_profit': -19.73}, {'period': ""Q3 '24"", 'revenue': 0.9530000000000001, 'unit': 'M', 'net_profit': -23.98}]",,,,,,,,,,,,,,,,,__nan__,__nan__
170,PGNY,Progyny Inc. Common Stock,,,,,,,,,,26.57,-0.52,769352,,,[],"[{'period': ""Q4 '25"", 'revenue': 318.4, 'unit': 'M', 'net_profit': 12.48}, {'period': ""Q3 '25"", 'revenue': 313.35, 'unit': 'M', 'net_profit': 13.86}, {'period': ""Q2 '25"", 'revenue': 332.87, 'unit': 'M', 'net_profit': 17.11}, {'period': ""Q1 '25"", 'revenue': 324.04, 'unit': 'M', 'net_profit': 15.06}, {'period': ""Q4 '24"", 'revenue': 298.43, 'unit': 'M', 'net_profit': 10.53}, {'period': ""Q3 '24"", 'revenue': 286.62, 'unit': 'M', 'net_profit': 10.42}]",,,,,,,,,,,,,,,,,__nan__,__nan__
171,PGRW,Progress Acquisition Corp. Class A Common Stock,,,,,,,,,,515.5,-0.04,4396,,,[],[],,,,,,,,,,,,,,,,,__nan__,__nan__
172,PGRWU,Progress Acquisition Corp. Units,,,,,,,,,,5175.0,-0.02,3197,,,[],[],,,,,,,,,,,,,,,,,__nan__,__nan__
173,PGRWW,Progress Acquisition Corp. Warrant,,,,,,,,,,0.0,0.0,1580958,,,[],[],,,,,,,,,,,,,,,,,__nan__,__nan__
174,PHAR,Pharming Group N.V. ADS each representing 10 ordinary shares,,,,,,,,,,407.75,-3.552713678800501e-15,26375,,,[],"[{'period': ""Q4 '25"", 'revenue': 90.58, 'unit': 'M', 'net_profit': 4.51}, {'period': ""Q3 '25"", 'revenue': 97.29, 'unit': 'M', 'net_profit': 7.55}, {'period': ""Q2 '25"", 'revenue': 93.22, 'unit': 'M', 'net_profit': 4.69}, {'period': ""Q1 '25"", 'revenue': 79.09, 'unit': 'M', 'net_profit': -14.72}, {'period': ""Q4 '24"", 'revenue': 92.67, 'unit': 'M', 'net_profit': 2.86}, {'period': ""Q3 '24"", 'revenue': 74.85, 'unit': 'M', 'net_profit': -1.03}]",,,,,,,,,,,,,,,,,__nan__,__nan__
175,PHAS,PhaseBio Pharmaceuticals Inc. Common Stock,,,,,,,,,,-0.029453781512605044,0.0,8603716,,,[],"[{'period': ""Q2 '22"", 'revenue': 0.20800000000000002, 'unit': 'M', 'net_profit': -16.78}, {'period': ""Q1 '22"", 'revenue': 0.117, 'unit': 'M', 'net_profit': -11.29}, {'period': ""Q4 '21"", 'revenue': 0.158, 'unit': 'M', 'net_profit': 87.83}, {'period': ""Q3 '21"", 'revenue': 0.335, 'unit': 'M', 'net_profit': -31.92}, {'period': ""Q2 '21"", 'revenue': 10.34, 'unit': 'M', 'net_profit': -28.68}, {'period': ""Q1 '21"", 'revenue': 0.0, 'unit': 'M', 'net_profit': -27.36}]",,,,,,,,,,,,,,,,,__nan__,__nan__
176,PHAT,Phathom Pharmaceuticals Inc. Common Stock,,,,,,,,,,-3.49,-0.21,1481461,,,[],"[{'period': ""Q4 '25"", 'revenue': 57.58, 'unit': 'M', 'net_profit': -21.15}, {'period': ""Q3 '25"", 'revenue': 49.5, 'unit': 'M', 'net_profit': -29.97}, {'period': ""Q2 '25"", 'revenue': 39.5, 'unit': 'M', 'net_profit': -75.81}, {'period': ""Q1 '25"", 'revenue': 28.52, 'unit': 'M', 'net_profit': -94.32}, {'period': ""Q4 '24"", 'revenue': 29.66, 'unit': 'M', 'net_profit': -74.45}, {'period': ""Q3 '24"", 'revenue': 16.35, 'unit': 'M', 'net_profit': -85.58}]",,,,,,,,,,,,,,,,,__nan__,__nan__
177,PHCF,Puhui Wealth Investment Management Co. Ltd. Ordinary Shares,,,,,,,,,,-0.78125,0.0,4037,,,[],"[{'period': ""Q4 '21"", 'revenue': 2.18, 'unit': 'B', 'net_profit': -4.68}, {'period': ""Q4 '20"", 'revenue': 800.92, 'unit': 'K', 'net_profit': -533.27}, {'period': ""Q4 '19"", 'revenue': 1.31, 'unit': 'M', 'net_profit': -1.99}, {'period': ""Q2 '19"", 'revenue': 1870.0, 'unit': 'K', 'net_profit': -463.49}, {'period': ""Q4 '18"", 'revenue': 3.39, 'unit': 'M', 'net_profit': 1.29}]",,,,,,,,,,,,,,,,,__nan__,__nan__
178,PHIC,Population Health Investment Co. Inc. Class A Ordinary Share,,,,,,,,,,31.5,0.01,1048,,,[],"[{'period': ""Q3 '22"", 'revenue': 0.0, 'unit': 'M', 'net_profit': 3.12}, {'period': ""Q2 '22"", 'revenue': 0.0, 'unit': 'M', 'net_profit': 3.56}, {'period': ""Q1 '22"", 'revenue': 0.0, 'unit': 'M', 'net_profit': 1.89}, {'period': ""Q4 '21"", 'revenue': 0.0, 'unit': 'M', 'net_profit': 4.05}, {'period': ""Q3 '21"", 'revenue': 0.0, 'unit': 'M', 'net_profit': 3.24}, {'period': ""Q2 '21"", 'revenue': 0.0, 'unit': 'M', 'net_profit': -1.05}]",,,,,,,,,,,,,,,,,__nan__,__nan__
179,PHICU,Population Health Investment Co. Inc. Unit,,,,,,,,,,36.34057971014493,-0.02,655,,,[],"[{'period': ""Q3 '22"", 'revenue': 0.0, 'unit': 'M', 'net_profit': 3.12}, {'period': ""Q2 '22"", 'revenue': 0.0, 'unit': 'M', 'net_profit': 3.56}, {'period': ""Q1 '22"", 'revenue': 0.0, 'unit': 'M', 'net_profit': 1.89}, {'period': ""Q4 '21"", 'revenue': 0.0, 'unit': 'M', 'net_profit': 4.05}, {'period': ""Q3 '21"", 'revenue': 0.0, 'unit': 'M', 'net_profit': 3.24}, {'period': ""Q2 '21"", 'revenue': 0.0, 'unit': 'M', 'net_profit': -1.05}]",,,,,,,,,,,,,,,,,__nan__,__nan__
180,PHICW,Population Health Investment Co. Inc. Warrant,,,,,,,,,,0.0,-0.0005,2903,,,[],"[{'period': ""Q3 '22"", 'revenue': 0.0, 'unit': 'M', 'net_profit': 3.12}, {'period': ""Q2 '22"", 'revenue': 0.0, 'unit': 'M', 'net_profit': 3.56}, {'period': ""Q1 '22"", 'revenue': 0.0, 'unit': 'M', 'net_profit': 1.89}, {'period': ""Q4 '21"", 'revenue': 0.0, 'unit': 'M', 'net_profit': 4.05}, {'period': ""Q3 '21"", 'revenue': 0.0, 'unit': 'M', 'net_profit': 3.24}, {'period': ""Q2 '21"", 'revenue': 0.0, 'unit': 'M', 'net_profit': -1.05}]",,,,,,,,,,,,,,,,,__nan__,__nan__
181,PHIO,Phio Pharmaceuticals Corp. Common Stock,,,,,,,,,,-0.87,0.0,285876,,,[],"[{'period': ""Q4 '25"", 'revenue': 0.0, 'unit': 'M', 'net_profit': -2.37}, {'period': ""Q3 '25"", 'revenue': 0.0, 'unit': 'M', 'net_profit': -2.39}, {'period': ""Q2 '25"", 'revenue': 0.0, 'unit': 'M', 'net_profit': -2.17}, {'period': ""Q1 '25"", 'revenue': 0.0, 'unit': 'M', 'net_profit': -1.77}, {'period': ""Q4 '24"", 'revenue': 0.0, 'unit': 'M', 'net_profit': -1.63}, {'period': ""Q3 '24"", 'revenue': 0.0, 'unit': 'M', 'net_profit': -1.52}]",,,,,,,,,,,,,,,,,__nan__,__nan__
182,PHIOW,Phio Pharmaceuticals Corp. Warrants expiring 12/21/2021,,,,,,,,,,-0.020549158547387068,0.0062,214336,,,[],"[{'period': ""Q4 '25"", 'revenue': 0.0, 'unit': 'M', 'net_profit': -2.37}, {'period': ""Q3 '25"", 'revenue': 0.0, 'unit': 'M', 'net_profit': -2.39}, {'period': ""Q2 '25"", 'revenue': 0.0, 'unit': 'M', 'net_profit': -2.17}, {'period': ""Q1 '25"", 'revenue': 0.0, 'unit': 'M', 'net_profit': -1.77}, {'period': ""Q4 '24"", 'revenue': 0.0, 'unit': 'M', 'net_profit': -1.63}, {'period': ""Q3 '24"", 'revenue': 0.0, 'unit': 'M', 'net_profit': -1.52}]",,,,,,,,,,,,,,,,,__nan__,__nan__
183,PHUN,Phunware Inc. Common Stock,,,,,,,,,,-2.93,-0.07,312086,,,[],"[{'period': ""Q4 '25"", 'revenue': 0.788, 'unit': 'M', 'net_profit': -2.16}, {'period': ""Q3 '25"", 'revenue': 0.622, 'unit': 'M', 'net_profit': -2.41}, {'period': ""Q2 '25"", 'revenue': 0.455, 'unit': 'M', 'net_profit': -3.14}, {'period': ""Q1 '25"", 'revenue': 0.6880000000000001, 'unit': 'M', 'net_profit': -3.72}, {'period': ""Q4 '24"", 'revenue': 0.592, 'unit': 'M', 'net_profit': -2.63}, {'period': ""Q3 '24"", 'revenue': 0.665, 'unit': 'M', 'net_profit': -2.76}]",,,,,,,,,,,,,,,,,__nan__,__nan__
184,PHUNW,Phunware Inc. Warrants,,,,,,,,,,0.0,0.0,6663,,,[],"[{'period': ""Q4 '25"", 'revenue': 0.788, 'unit': 'M', 'net_profit': -2.16}, {'period': ""Q3 '25"", 'revenue': 0.622, 'unit': 'M', 'net_profit': -2.41}, {'period': ""Q2 '25"", 'revenue': 0.455, 'unit': 'M', 'net_profit': -3.14}, {'period': ""Q1 '25"", 'revenue': 0.6880000000000001, 'unit': 'M', 'net_profit': -3.72}, {'period': ""Q4 '24"", 'revenue': 0.592, 'unit': 'M', 'net_profit': -2.63}, {'period': ""Q3 '24"", 'revenue': 0.665, 'unit': 'M', 'net_profit': -2.76}]",,,,,,,,,,,,,,,,,__nan__,__nan__
185,PHVS,Pharvaris N.V. Ordinary Shares,,,,,,,,,,-8.12,-0.04,82364,,,[],"[{'period': ""Q3 '25"", 'revenue': 0.0, 'unit': 'M', 'net_profit': -37.14}, {'period': ""Q2 '25"", 'revenue': 0.0, 'unit': 'M', 'net_profit': -45.48}, {'period': ""Q1 '25"", 'revenue': 0.0, 'unit': 'M', 'net_profit': -46.34}, {'period': ""Q4 '24"", 'revenue': 0.0, 'unit': 'M', 'net_profit': -37.08}, {'period': ""Q3 '24"", 'revenue': 0.0, 'unit': 'M', 'net_profit': -41.71}, {'period': ""Q2 '24"", 'revenue': 0.0, 'unit': 'M', 'net_profit': -29.73}]",,,,,,,,,,,,,,,,,__nan__,__nan__
186,PI,Impinj Inc. Common Stock,,,,,,,,,,-266.89,-3.03,384892,,,[],"[{'period': ""Q4 '25"", 'revenue': 92.85, 'unit': 'M', 'net_profit': -1.14}, {'period': ""Q3 '25"", 'revenue': 96.06, 'unit': 'M', 'net_profit': -12.81}, {'period': ""Q2 '25"", 'revenue': 97.89, 'unit': 'M', 'net_profit': 11.55}, {'period': ""Q1 '25"", 'revenue': 74.28, 'unit': 'M', 'net_profit': -8.45}, {'period': ""Q4 '24"", 'revenue': 91.57, 'unit': 'M', 'net_profit': -2.69}, {'period': ""Q3 '24"", 'revenue': 95200.0, 'unit': 'K', 'net_profit': 221.0}]",,,,,,,,,,,,,,,,,__nan__,__nan__
187,PINC,Premier Inc. Class A Common Stock,,,,,,,,,,166.23529411764707,0.09,2058635,,,[],"[{'period': ""Q1 '26"", 'revenue': 240.0, 'unit': 'M', 'net_profit': 17.58}, {'period': ""Q4 '25"", 'revenue': 261.38, 'unit': 'M', 'net_profit': 27.07}, {'period': ""Q3 '25"", 'revenue': 261.38, 'unit': 'M', 'net_profit': 27.07}, {'period': ""Q2 '25"", 'revenue': 240.27, 'unit': 'M', 'net_profit': -96.02}, {'period': ""Q1 '25"", 'revenue': 248.14, 'unit': 'M', 'net_profit': 70.78}, {'period': ""Q4 '24"", 'revenue': 350.27, 'unit': 'M', 'net_profit': 60.68}]",,,,,,,,,,,,,,,,,__nan__,__nan__
188,PIRS,Pieris Pharmaceuticals Inc. Common Stock,,,,,,,,,,-1.1230388109000826,-2.51,51728,,,[],"[{'period': ""Q3 '25"", 'revenue': 0.0, 'unit': 'M', 'net_profit': -11.35}, {'period': ""Q2 '25"", 'revenue': 0.0, 'unit': 'M', 'net_profit': -9.47}, {'period': ""Q1 '25"", 'revenue': 0.0, 'unit': 'M', 'net_profit': -8.19}, {'period': ""Q4 '24"", 'revenue': -0.053, 'unit': 'M', 'net_profit': -6.07}, {'period': ""Q3 '24"", 'revenue': 0.0, 'unit': 'M', 'net_profit': -2.89}, {'period': ""Q2 '24"", 'revenue': 0.0, 'unit': 'M', 'net_profit': -3.59}]",,,,,,,,,,,,,,,,,__nan__,__nan__
189,PIXY,ShiftPixy Inc. Common Stock,,,,,,,,,,0.01088877772219443,-1.09,247238,,,[],"[{'period': ""Q3 '24"", 'revenue': 4.13, 'unit': 'M', 'net_profit': -4.42}, {'period': ""Q2 '24"", 'revenue': 3.81, 'unit': 'M', 'net_profit': -4.7}, {'period': ""Q1 '24"", 'revenue': 3.77, 'unit': 'M', 'net_profit': -5.55}, {'period': ""Q4 '23"", 'revenue': 3.3, 'unit': 'M', 'net_profit': -14.98}, {'period': ""Q3 '23"", 'revenue': 3.99, 'unit': 'M', 'net_profit': -7.46}, {'period': ""Q2 '23"", 'revenue': 4.58, 'unit': 'M', 'net_profit': -5.77}]",,,,,,,,,,,,,,,,,__nan__,__nan__
190,PKBK,Parke Bancorp Inc. Common Stock,,,,,,,,,,8.94,-0.11,53624,,,[],"[{'period': ""Q4 '25"", 'revenue': 38.22, 'unit': 'M', 'net_profit': 11.08}, {'period': ""Q3 '25"", 'revenue': 37.36, 'unit': 'M', 'net_profit': 10.63}, {'period': ""Q2 '25"", 'revenue': 35.84, 'unit': 'M', 'net_profit': 8.28}, {'period': ""Q1 '25"", 'revenue': 34.67, 'unit': 'M', 'net_profit': 7.78}, {'period': ""Q4 '24"", 'revenue': 34.46, 'unit': 'M', 'net_profit': 7.4}, {'period': ""Q3 '24"", 'revenue': 33.02, 'unit': 'M', 'net_profit': 7.51}]",,,,,,,,,,,,,,,,,__nan__,__nan__
191,PKOH,Park-Ohio Holdings Corp. Common Stock,,,,,,,,,,13.46,-0.51,24563,,,[],"[{'period': ""Q4 '25"", 'revenue': 395000.0, 'unit': 'K', 'net_profit': 800.0}, {'period': ""Q3 '25"", 'revenue': 398.6, 'unit': 'M', 'net_profit': 5.5}, {'period': ""Q2 '25"", 'revenue': 400.1, 'unit': 'M', 'net_profit': 9.2}, {'period': ""Q1 '25"", 'revenue': 405.4, 'unit': 'M', 'net_profit': 8.3}, {'period': ""Q4 '24"", 'revenue': 388400.0, 'unit': 'K', 'net_profit': 500.0}, {'period': ""Q3 '24"", 'revenue': 417.6, 'unit': 'M', 'net_profit': 9.8}]",,,,,,,,,,,,,,,,,__nan__,__nan__
192,PLAB,Photronics Inc. Common Stock,,,,,,,,,,16.92,-0.16,553972,,,[],"[{'period': ""Q1 '26"", 'revenue': 225.07, 'unit': 'M', 'net_profit': 42.94}, {'period': ""Q4 '25"", 'revenue': 215.77, 'unit': 'M', 'net_profit': 61.8}, {'period': ""Q3 '25"", 'revenue': 210.39, 'unit': 'M', 'net_profit': 22.89}, {'period': ""Q2 '25"", 'revenue': 210.99, 'unit': 'M', 'net_profit': 8.86}, {'period': ""Q1 '25"", 'revenue': 212.14, 'unit': 'M', 'net_profit': 42.85}, {'period': ""Q4 '24"", 'revenue': 222.63, 'unit': 'M', 'net_profit': 33.87}]",,,,,,,,,,,,,,,,,__nan__,__nan__
193,PLAY,Dave & Buster's Entertainment Inc. Common Stock,,,,,,,,,,-981.0,-0.84,2814106,,,[],"[{'period': ""Q3 '25"", 'revenue': 448.2, 'unit': 'M', 'net_profit': -42.1}, {'period': ""Q2 '25"", 'revenue': 557.4, 'unit': 'M', 'net_profit': 11.4}, {'period': ""Q1 '25"", 'revenue': 567.7, 'unit': 'M', 'net_profit': 21.7}, {'period': ""Q4 '24"", 'revenue': 534.5, 'unit': 'M', 'net_profit': 9.3}, {'period': ""Q3 '24"", 'revenue': 453.0, 'unit': 'M', 'net_profit': -32.7}, {'period': ""Q2 '24"", 'revenue': 557.1, 'unit': 'M', 'net_profit': 40.3}]",,,,,,,,,,,,,,,,,__nan__,__nan__
194,PLBC,Plumas Bancorp,,,,,,,,,,10.59,-0.69,27030,,,[],"[{'period': ""Q4 '25"", 'revenue': 33.33, 'unit': 'M', 'net_profit': 10.97}, {'period': ""Q3 '25"", 'revenue': 31.94, 'unit': 'M', 'net_profit': 5.15}, {'period': ""Q2 '25"", 'revenue': 22.99, 'unit': 'M', 'net_profit': 6.32}, {'period': ""Q1 '25"", 'revenue': 23.73, 'unit': 'M', 'net_profit': 7.18}, {'period': ""Q4 '24"", 'revenue': 23.41, 'unit': 'M', 'net_profit': 7.75}, {'period': ""Q3 '24"", 'revenue': 24.0, 'unit': 'M', 'net_profit': 7.83}]",,,,,,,,,,,,,,,,,__nan__,__nan__
195,PLBY,PLBY Group Inc. Common Stock,,,,,,,,,,-12.08,-0.05,624792,,,[],"[{'period': ""Q4 '25"", 'revenue': 34.91, 'unit': 'M', 'net_profit': 3.59}, {'period': ""Q3 '25"", 'revenue': 28990.0, 'unit': 'K', 'net_profit': 460.0}, {'period': ""Q2 '25"", 'revenue': 28.15, 'unit': 'M', 'net_profit': -7.68}, {'period': ""Q1 '25"", 'revenue': 28.88, 'unit': 'M', 'net_profit': -9.04}, {'period': ""Q4 '24"", 'revenue': 83.31, 'unit': 'M', 'net_profit': -12.54}, {'period': ""Q3 '24"", 'revenue': 12.86, 'unit': 'M', 'net_profit': -33.76}]",,,,,,,,,,,,,,,,,__nan__,__nan__
196,PLCE,Children's Place Inc. (The) Common Stock,,,,,,,,,,-1.21,-0.34,368806,,,[],"[{'period': ""Q3 '25"", 'revenue': 339.47, 'unit': 'M', 'net_profit': -4.32}, {'period': ""Q2 '25"", 'revenue': 298.01, 'unit': 'M', 'net_profit': -5.37}, {'period': ""Q1 '25"", 'revenue': 242.12, 'unit': 'M', 'net_profit': -34.02}, {'period': ""Q4 '24"", 'revenue': 408.56, 'unit': 'M', 'net_profit': -7.99}, {'period': ""Q3 '24"", 'revenue': 390.17, 'unit': 'M', 'net_profit': 20.08}, {'period': ""Q2 '24"", 'revenue': 319.65, 'unit': 'M', 'net_profit': -32.11}]",,,,,,,,,,,,,,,,,__nan__,__nan__
197,PLIN,China Xiangtai Food Co. Ltd. Ordinary Shares,,,,,,,,,,-0.8345428156748912,0.02999997,290617,,,[],"[{'period': ""Q2 '19"", 'revenue': 25610.0, 'unit': 'K', 'net_profit': -308.53}, {'period': ""Q4 '18"", 'revenue': 102.55, 'unit': 'M', 'net_profit': 4.36}, {'period': ""Q2 '18"", 'revenue': 54.91, 'unit': 'M', 'net_profit': 1.14}, {'period': ""Q4 '17"", 'revenue': 101.1, 'unit': 'M', 'net_profit': 3.77}]",,,,,,,,,,,,,,,,,__nan__,__nan__
198,PLL,Piedmont Lithium Inc. Common Stock,,,,,,,,,,-2.843137254901961,-0.71,3031983,,,[],"[{'period': ""Q2 '25"", 'revenue': 11.86, 'unit': 'M', 'net_profit': -9.74}, {'period': ""Q1 '25"", 'revenue': 20.0, 'unit': 'M', 'net_profit': -15.63}, {'period': ""Q4 '24"", 'revenue': 45.59, 'unit': 'M', 'net_profit': -11.13}, {'period': ""Q3 '24"", 'revenue': 27.66, 'unit': 'M', 'net_profit': -16.69}, {'period': ""Q2 '24"", 'revenue': 13.23, 'unit': 'M', 'net_profit': -13.33}, {'period': ""Q1 '24"", 'revenue': 13.4, 'unit': 'M', 'net_profit': -23.61}]",,,,,,,,,,,,,,,,,__nan__,__nan__
199,PLMI,Plum Acquisition Corp. I Class A Ordinary Share,,,,,,,,,,-50.0,-2.98,8522,,,[],"[{'period': ""Q3 '25"", 'revenue': 0.0, 'unit': 'M', 'net_profit': 1.38}, {'period': ""Q2 '25"", 'revenue': 0.0, 'unit': 'M', 'net_profit': -7.41}, {'period': ""Q1 '25"", 'revenue': 0.03693, 'unit': 'M', 'net_profit': 4.3}, {'period': ""Q4 '24"", 'revenue': -0.05068, 'unit': 'B', 'net_profit': 33.28}, {'period': ""Q3 '24"", 'revenue': 0.05068, 'unit': 'B', 'net_profit': -33.32}, {'period': ""Q2 '24"", 'revenue': 0.0, 'unit': 'M', 'net_profit': 3.23}]",,,,,,,,,,,,,,,,,__nan__,__nan__
200,PLMIU,Plum Acquisition Corp. I Units,,,,,,,,,,45.949367088607595,1.38,2499,,,[],"[{'period': ""Q3 '25"", 'revenue': 0.0, 'unit': 'M', 'net_profit': 1.38}, {'period': ""Q2 '25"", 'revenue': 0.0, 'unit': 'M', 'net_profit': -7.41}, {'period': ""Q1 '25"", 'revenue': 0.03693, 'unit': 'M', 'net_profit': 4.3}, {'period': ""Q4 '24"", 'revenue': -0.05068, 'unit': 'B', 'net_profit': 33.28}, {'period': ""Q3 '24"", 'revenue': 0.05068, 'unit': 'B', 'net_profit': -33.32}, {'period': ""Q2 '24"", 'revenue': 0.0, 'unit': 'M', 'net_profit': 3.23}]",,,,,,,,,,,,,,,,,__nan__,__nan__
201,PLMIW,Plum Acquisition Corp. I Warrant,,,,,,,,,,0.0,0.0841,47258,,,[],"[{'period': ""Q3 '25"", 'revenue': 0.0, 'unit': 'M', 'net_profit': 1.38}, {'period': ""Q2 '25"", 'revenue': 0.0, 'unit': 'M', 'net_profit': -7.41}, {'period': ""Q1 '25"", 'revenue': 0.03693, 'unit': 'M', 'net_profit': 4.3}, {'period': ""Q4 '24"", 'revenue': -0.05068, 'unit': 'B', 'net_profit': 33.28}, {'period': ""Q3 '24"", 'revenue': 0.05068, 'unit': 'B', 'net_profit': -33.32}, {'period': ""Q2 '24"", 'revenue': 0.0, 'unit': 'M', 'net_profit': 3.23}]",,,,,,,,,,,,,,,,,__nan__,__nan__
202,PLMR,Palomar Holdings Inc. Common stock,,,,,,,,,,16.29,-4.46,168007,,,[],"[{'period': ""Q4 '25"", 'revenue': 253.36, 'unit': 'M', 'net_profit': 56.16}, {'period': ""Q3 '25"", 'revenue': 244.66, 'unit': 'M', 'net_profit': 51.45}, {'period': ""Q2 '25"", 'revenue': 201.03, 'unit': 'M', 'net_profit': 46.53}, {'period': ""Q1 '25"", 'revenue': 174.63, 'unit': 'M', 'net_profit': 42.92}, {'period': ""Q4 '24"", 'revenue': 155.64, 'unit': 'M', 'net_profit': 34.97}, {'period': ""Q3 '24"", 'revenue': 148.35, 'unit': 'M', 'net_profit': 30.5}]",,,,,,,,,,,,,,,,,__nan__,__nan__
203,PLPC,Preformed Line Products Company Common Stock,,,,,,,,,,38.58,3.18,194802,,,[],"[{'period': ""Q4 '25"", 'revenue': 173.11, 'unit': 'M', 'net_profit': 8.44}, {'period': ""Q3 '25"", 'revenue': 178.09, 'unit': 'M', 'net_profit': 2.63}, {'period': ""Q2 '25"", 'revenue': 169.6, 'unit': 'M', 'net_profit': 12.71}, {'period': ""Q1 '25"", 'revenue': 148.54, 'unit': 'M', 'net_profit': 11.52}, {'period': ""Q4 '24"", 'revenue': 167.12, 'unit': 'M', 'net_profit': 10.45}, {'period': ""Q3 '24"", 'revenue': 146.97, 'unit': 'M', 'net_profit': 7.68}]",,,,,,,,,,,,,,,,,__nan__,__nan__
204,PLRX,Pliant Therapeutics Inc. Common Stock,,,,,,,,,,-0.48,-0.06,724833,,,[],"[{'period': ""Q4 '25"", 'revenue': 0.0, 'unit': 'M', 'net_profit': -23.58}, {'period': ""Q3 '25"", 'revenue': 0.0, 'unit': 'M', 'net_profit': -26.3}, {'period': ""Q2 '25"", 'revenue': 0.0, 'unit': 'M', 'net_profit': -43.3}, {'period': ""Q1 '25"", 'revenue': 0.0, 'unit': 'M', 'net_profit': -56.17}, {'period': ""Q4 '24"", 'revenue': 0.0, 'unit': 'M', 'net_profit': -49.73}, {'period': ""Q3 '24"", 'revenue': 0.0, 'unit': 'M', 'net_profit': -57.76}]",,,,,,,,,,,,,,,,,__nan__,__nan__
205,PLSE,Pulse Biosciences Inc Common Stock (DE),,,,,,,,,,-19.05,-0.93,150700,,,[],"[{'period': ""Q4 '25"", 'revenue': 0.264, 'unit': 'M', 'net_profit': -17.43}, {'period': ""Q3 '25"", 'revenue': 0.08600000000000001, 'unit': 'M', 'net_profit': -19.39}, {'period': ""Q2 '25"", 'revenue': 0.0, 'unit': 'M', 'net_profit': -19.17}, {'period': ""Q1 '25"", 'revenue': 0.0, 'unit': 'M', 'net_profit': -16.8}, {'period': ""Q4 '24"", 'revenue': 0.0, 'unit': 'M', 'net_profit': -19.39}, {'period': ""Q3 '24"", 'revenue': 0.0, 'unit': 'M', 'net_profit': -12.68}]",,,,,,,,,,,,,,,,,__nan__,__nan__
206,PLTK,Playtika Holding Corp. Common Stock,,,,,,,,,,-4.96,-0.23,1253004,,,[],"[{'period': ""Q4 '25"", 'revenue': 678.8, 'unit': 'M', 'net_profit': -309.3}, {'period': ""Q3 '25"", 'revenue': 674.6, 'unit': 'M', 'net_profit': 39.1}, {'period': ""Q2 '25"", 'revenue': 696.0, 'unit': 'M', 'net_profit': 33.2}, {'period': ""Q1 '25"", 'revenue': 706.0, 'unit': 'M', 'net_profit': 30.6}, {'period': ""Q4 '24"", 'revenue': 650.3, 'unit': 'M', 'net_profit': -16.7}, {'period': ""Q3 '24"", 'revenue': 620.8, 'unit': 'M', 'net_profit': 39.3}]",,,,,,,,,,,,,,,,,__nan__,__nan__
207,PLUG,Plug Power Inc. Common Stock,,,,,,,,,,-1.54,-0.07,51057296,,,[],"[{'period': ""Q4 '25"", 'revenue': 225.22, 'unit': 'M', 'net_profit': -845.97}, {'period': ""Q3 '25"", 'revenue': 177.06, 'unit': 'M', 'net_profit': -361.87}, {'period': ""Q2 '25"", 'revenue': 173.97, 'unit': 'M', 'net_profit': -227.1}, {'period': ""Q1 '25"", 'revenue': 133.67, 'unit': 'M', 'net_profit': -196.66}, {'period': ""Q4 '24"", 'revenue': 0.19147, 'unit': 'B', 'net_profit': -1.34}, {'period': ""Q3 '24"", 'revenue': 173.73, 'unit': 'M', 'net_profit': -211.17}]",,,,,,,,,,,,,,,,,__nan__,__nan__
208,PLUS,ePlus inc. Common Stock,,,,,,,,,,13.37,-2.08,173734,,,[],"[{'period': ""Q3 '26"", 'revenue': 614.77, 'unit': 'M', 'net_profit': 35.05}, {'period': ""Q2 '26"", 'revenue': 608.83, 'unit': 'M', 'net_profit': 34.85}, {'period': ""Q1 '26"", 'revenue': 637.32, 'unit': 'M', 'net_profit': 37.7}, {'period': ""Q4 '25"", 'revenue': 498.11, 'unit': 'M', 'net_profit': 25.2}, {'period': ""Q3 '25"", 'revenue': 510.96, 'unit': 'M', 'net_profit': 24.13}, {'period': ""Q2 '25"", 'revenue': 493.37, 'unit': 'M', 'net_profit': 31.31}]",,,,,,,,,,,,,,,,,__nan__,__nan__
209,PLXP,PLx Pharma Inc. Common Stock,,,,,,,,,,-0.2230769230769231,0.0,50382179,,,[],"[{'period': ""Q3 '22"", 'revenue': 0.386, 'unit': 'M', 'net_profit': -6.16}, {'period': ""Q2 '22"", 'revenue': 0.483, 'unit': 'M', 'net_profit': -9.18}, {'period': ""Q1 '22"", 'revenue': 2.08, 'unit': 'M', 'net_profit': -3.37}, {'period': ""Q4 '21"", 'revenue': 1.59, 'unit': 'M', 'net_profit': 3.56}, {'period': ""Q3 '21"", 'revenue': 6.62, 'unit': 'M', 'net_profit': -21.64}, {'period': ""Q2 '21"", 'revenue': 0.0, 'unit': 'M', 'net_profit': -16.5}]",,,,,,,,,,,,,,,,,__nan__,__nan__
210,PLXS,Plexus Corp. Common Stock,,,,,,,,,,30.98,-1.0,318418,,,[],"[{'period': ""Q1 '26"", 'revenue': 1070.0, 'unit': 'M', 'net_profit': 41.18}, {'period': ""Q4 '25"", 'revenue': 1060.0, 'unit': 'M', 'net_profit': 51.43}, {'period': ""Q3 '25"", 'revenue': 1020.0, 'unit': 'M', 'net_profit': 45.12}, {'period': ""Q2 '25"", 'revenue': 980.17, 'unit': 'M', 'net_profit': 39.07}, {'period': ""Q1 '25"", 'revenue': 976.12, 'unit': 'M', 'net_profit': 37.27}, {'period': ""Q4 '24"", 'revenue': 1050.0, 'unit': 'M', 'net_profit': 41.22}]",,,,,,,,,,,,,,,,,__nan__,__nan__
211,PLYA,Playa Hotels & Resorts N.V. Ordinary Shares,,,,,,,,,,26.431372549019606,0.0,836842,,,[],"[{'period': ""Q1 '25"", 'revenue': 267.29, 'unit': 'M', 'net_profit': 43.12}, {'period': ""Q4 '24"", 'revenue': 218.94, 'unit': 'M', 'net_profit': 9.04}, {'period': ""Q3 '24"", 'revenue': 183.52, 'unit': 'M', 'net_profit': -12.7}, {'period': ""Q2 '24"", 'revenue': 236.23, 'unit': 'M', 'net_profit': 13.17}, {'period': ""Q1 '24"", 'revenue': 300.4, 'unit': 'M', 'net_profit': 54.34}, {'period': ""Q4 '23"", 'revenue': 242.52, 'unit': 'M', 'net_profit': 1.0}]",,,,,,,,,,,,,,,,,__nan__,__nan__
212,PMBC,Pacific Mercantile Bancorp Common Stock,,,,,,,,,,15.905245346869712,-0.110001,149544,,,[],"[{'period': ""Q2 '21"", 'revenue': 14.55, 'unit': 'M', 'net_profit': 3.89}, {'period': ""Q1 '21"", 'revenue': 14.32, 'unit': 'M', 'net_profit': 3.39}, {'period': ""Q4 '20"", 'revenue': 14.54, 'unit': 'M', 'net_profit': 3.7}, {'period': ""Q3 '20"", 'revenue': 16.41, 'unit': 'M', 'net_profit': 5.09}, {'period': ""Q2 '20"", 'revenue': 14.34, 'unit': 'M', 'net_profit': 1.91}, {'period': ""Q1 '20"", 'revenue': 12.44, 'unit': 'M', 'net_profit': -2.36}]",,,,,,,,,,,,,,,,,__nan__,__nan__
213,PMD,Psychemedics Corporation,,,,,,,,,,-5.235294117647059,2.67,112269,,,[],"[{'period': ""Q4 '24"", 'revenue': 4420.0, 'unit': 'K', 'net_profit': 189.0}, {'period': ""Q3 '24"", 'revenue': 5170.0, 'unit': 'K', 'net_profit': -535.0}, {'period': ""Q2 '24"", 'revenue': 4730.0, 'unit': 'K', 'net_profit': -827.0}, {'period': ""Q1 '24"", 'revenue': 5360.0, 'unit': 'K', 'net_profit': -688.0}, {'period': ""Q4 '23"", 'revenue': 5000.0, 'unit': 'K', 'net_profit': -945.0}, {'period': ""Q3 '23"", 'revenue': 5.7, 'unit': 'M', 'net_profit': -2.1}]",,,,,,,,,,,,,,,,,__nan__,__nan__
214,PME,Pingtan Marine Enterprise Ltd.,,,,,,,,,,13.5,-0.02,2350,,,[],"[{'period': ""Q4 '21"", 'revenue': 62.81, 'unit': 'M', 'net_profit': 6.67}, {'period': ""Q3 '21"", 'revenue': 36.1, 'unit': 'M', 'net_profit': -1.16}, {'period': ""Q2 '21"", 'revenue': 36.87, 'unit': 'M', 'net_profit': -3.64}, {'period': ""Q1 '21"", 'revenue': 28.31, 'unit': 'M', 'net_profit': -15.23}, {'period': ""Q4 '20"", 'revenue': 31.02, 'unit': 'M', 'net_profit': -83.41}, {'period': ""Q3 '20"", 'revenue': 15450.0, 'unit': 'K', 'net_profit': 689.18}]",,,,,,,,,,,,,,,,,__nan__,__nan__
215,PMGM,Priveterra Acquisition Corp. Class A Common Stock,,,,,,,,,,52.61904761904762,-0.01,24807,,,[],"[{'period': ""Q3 '25"", 'revenue': 0.0, 'unit': 'M', 'net_profit': -4.54}, {'period': ""Q2 '25"", 'revenue': 0.0, 'unit': 'M', 'net_profit': -6.64}, {'period': ""Q1 '25"", 'revenue': 0.0, 'unit': 'M', 'net_profit': 9.1}, {'period': ""Q4 '24"", 'revenue': 0.0, 'unit': 'M', 'net_profit': 2.08}, {'period': ""Q3 '24"", 'revenue': 0.0, 'unit': 'M', 'net_profit': -6.17}, {'period': ""Q2 '24"", 'revenue': 0.0, 'unit': 'M', 'net_profit': 164.11}]",,,,,,,,,,,,,,,,,__nan__,__nan__
216,PMGMU,Priveterra Acquisition Corp. Units,,,,,,,,,,81.18518518518519,0.05,2500,,,[],"[{'period': ""Q3 '25"", 'revenue': 0.0, 'unit': 'M', 'net_profit': -4.54}, {'period': ""Q2 '25"", 'revenue': 0.0, 'unit': 'M', 'net_profit': -6.64}, {'period': ""Q1 '25"", 'revenue': 0.0, 'unit': 'M', 'net_profit': 9.1}, {'period': ""Q4 '24"", 'revenue': 0.0, 'unit': 'M', 'net_profit': 2.08}, {'period': ""Q3 '24"", 'revenue': 0.0, 'unit': 'M', 'net_profit': -6.17}, {'period': ""Q2 '24"", 'revenue': 0.0, 'unit': 'M', 'net_profit': 164.11}]",,,,,,,,,,,,,,,,,__nan__,__nan__
217,PMGMW,Priveterra Acquisition Corp. Warrant,,,,,,,,,,0.0,-0.0001,40700,,,[],"[{'period': ""Q3 '25"", 'revenue': 0.0, 'unit': 'M', 'net_profit': -4.54}, {'period': ""Q2 '25"", 'revenue': 0.0, 'unit': 'M', 'net_profit': -6.64}, {'period': ""Q1 '25"", 'revenue': 0.0, 'unit': 'M', 'net_profit': 9.1}, {'period': ""Q4 '24"", 'revenue': 0.0, 'unit': 'M', 'net_profit': 2.08}, {'period': ""Q3 '24"", 'revenue': 0.0, 'unit': 'M', 'net_profit': -6.17}, {'period': ""Q2 '24"", 'revenue': 0.0, 'unit': 'M', 'net_profit': 164.11}]",,,,,,,,,,,,,,,,,__nan__,__nan__
218,PMVP,PMV Pharmaceuticals Inc. Common Stock,,,,,,,,,,-0.89,-0.04,273302,,,[],"[{'period': ""Q4 '25"", 'revenue': 0.0, 'unit': 'M', 'net_profit': -18.04}, {'period': ""Q3 '25"", 'revenue': 0.0, 'unit': 'M', 'net_profit': -21.06}, {'period': ""Q2 '25"", 'revenue': 0.0, 'unit': 'M', 'net_profit': -21.21}, {'period': ""Q1 '25"", 'revenue': 0.0, 'unit': 'M', 'net_profit': -17.44}, {'period': ""Q4 '24"", 'revenue': 0.0, 'unit': 'M', 'net_profit': -23.0}, {'period': ""Q3 '24"", 'revenue': 0.0, 'unit': 'M', 'net_profit': -19.23}]",,,,,,,,,,,,,,,,,__nan__,__nan__
219,PNBK,Patriot National Bancorp Inc. Common Stock,,,,,,,,,,-0.5,-0.01999997,189155,,,[],"[{'period': ""Q3 '25"", 'revenue': 13.74, 'unit': 'M', 'net_profit': -2.66}, {'period': ""Q2 '25"", 'revenue': 13.51, 'unit': 'M', 'net_profit': -5.0}, {'period': ""Q1 '25"", 'revenue': 15.17, 'unit': 'M', 'net_profit': -2.78}, {'period': ""Q4 '24"", 'revenue': 14.22, 'unit': 'M', 'net_profit': -9.55}, {'period': ""Q3 '24"", 'revenue': 14.87, 'unit': 'M', 'net_profit': -26.95}, {'period': ""Q2 '24"", 'revenue': 15.23, 'unit': 'M', 'net_profit': -3.08}]",,,,,,,,,,,,,,,,,__nan__,__nan__
220,PNFP,Pinnacle Financial Partners Inc. Common Stock,,,,,,,,,,10.58,-1.73,737798,,,[],"[{'period': ""Q4 '25"", 'revenue': 846.22, 'unit': 'M', 'net_profit': 169.78}, {'period': ""Q3 '25"", 'revenue': 544.8, 'unit': 'M', 'net_profit': 173.37}, {'period': ""Q2 '25"", 'revenue': 820.23, 'unit': 'M', 'net_profit': 158.54}, {'period': ""Q1 '25"", 'revenue': 711.13, 'unit': 'M', 'net_profit': 140.41}, {'period': ""Q4 '24"", 'revenue': 745.53, 'unit': 'M', 'net_profit': 151.26}, {'period': ""Q3 '24"", 'revenue': 751.24, 'unit': 'M', 'net_profit': 146.69}]",,,,,,,,,,,,,,,,,__nan__,__nan__
221,PNFPP,Pinnacle Financial Partners Inc. Depositary shares of Pinnacle Financial Partners Inc. each representing a 1/40th Interest in a share of its 6.75% Fixed-Rate Non-Cumulative Perpetual Preferred Stock Series B,,,,,,,,,,3.6936671575846836,0.1,2085,,,[],"[{'period': ""Q4 '25"", 'revenue': 846.22, 'unit': 'M', 'net_profit': 169.78}, {'period': ""Q3 '25"", 'revenue': 544.8, 'unit': 'M', 'net_profit': 173.37}, {'period': ""Q2 '25"", 'revenue': 820.23, 'unit': 'M', 'net_profit': 158.54}, {'period': ""Q1 '25"", 'revenue': 711.13, 'unit': 'M', 'net_profit': 140.41}, {'period': ""Q4 '24"", 'revenue': 745.53, 'unit': 'M', 'net_profit': 151.26}, {'period': ""Q3 '24"", 'revenue': 751.24, 'unit': 'M', 'net_profit': 146.69}]",,,,,,,,,,,,,,,,,__nan__,__nan__
222,PNNT,PennantPark Investment Corporation Common Stock,,,,,,,,,,11.18,-0.15,781044,,,[],"[{'period': ""Q1 '26"", 'revenue': 27.25, 'unit': 'M', 'net_profit': 8.96}, {'period': ""Q4 '25"", 'revenue': 10990.0, 'unit': 'K', 'net_profit': -964.0}, {'period': ""Q3 '25"", 'revenue': 19.52, 'unit': 'M', 'net_profit': 8.15}, {'period': ""Q2 '25"", 'revenue': 22.26, 'unit': 'M', 'net_profit': 9.46}, {'period': ""Q1 '25"", 'revenue': 30.31, 'unit': 'M', 'net_profit': 16.08}, {'period': ""Q4 '24"", 'revenue': 32.74, 'unit': 'M', 'net_profit': 18.37}]",,,,,,,,,,,,,,,,,__nan__,__nan__
223,PNNTG,PennantPark Investment Corporation 5.50% Notes Due 2024,,,,,,,,,,0.0,-0.0100002,2643,,,[],"[{'period': ""Q1 '26"", 'revenue': 24170.0, 'unit': 'K', 'net_profit': 430.0}, {'period': ""Q4 '25"", 'revenue': -0.020390000000000002, 'unit': 'B', 'net_profit': -23.97}, {'period': ""Q3 '25"", 'revenue': 233.71, 'unit': 'M', 'net_profit': -4.59}, {'period': ""Q1 '21"", 'revenue': 7000000.0, 'unit': '', 'net_profit': 0.0}, {'period': ""Q4 '20"", 'revenue': 0.07482, 'unit': 'B', 'net_profit': 23.9}, {'period': ""Q3 '20"", 'revenue': 78.95, 'unit': 'M', 'net_profit': 74.64}]",,,,,,,,,,,,,,,,,__nan__,__nan__
224,PNRG,PrimeEnergy Resources Corporation Common Stock,,,,,,,,,,23.03,13.41,61554,,,[],"[{'period': ""Q3 '25"", 'revenue': 44.66, 'unit': 'M', 'net_profit': 10.56}, {'period': ""Q2 '25"", 'revenue': 41.81, 'unit': 'M', 'net_profit': 3.23}, {'period': ""Q1 '25"", 'revenue': 49.37, 'unit': 'M', 'net_profit': 9.13}, {'period': ""Q4 '24"", 'revenue': 60.21, 'unit': 'M', 'net_profit': 2.28}, {'period': ""Q3 '24"", 'revenue': 66.67, 'unit': 'M', 'net_profit': 22.08}, {'period': ""Q2 '24"", 'revenue': 64.6, 'unit': 'M', 'net_profit': 19.73}]",,,,,,,,,,,,,,,,,__nan__,__nan__
225,PNTG,The Pennant Group Inc. Common Stock ,,,,,,,,,,35.52,-0.72,203602,,,[],"[{'period': ""Q4 '25"", 'revenue': 289.32, 'unit': 'M', 'net_profit': 8.64}, {'period': ""Q3 '25"", 'revenue': 229.04, 'unit': 'M', 'net_profit': 6.08}, {'period': ""Q2 '25"", 'revenue': 219.5, 'unit': 'M', 'net_profit': 7.08}, {'period': ""Q1 '25"", 'revenue': 209.84, 'unit': 'M', 'net_profit': 7.78}, {'period': ""Q4 '24"", 'revenue': 188.89, 'unit': 'M', 'net_profit': 5.76}, {'period': ""Q3 '24"", 'revenue': 180.69, 'unit': 'M', 'net_profit': 6.21}]",,,,,,,,,,,,,,,,,__nan__,__nan__
226,POAI,Predictive Oncology Inc. Common Stock,,,,,,,,,,-0.01,0.08,41639,,,[],"[{'period': ""Q3 '25"", 'revenue': 0.0036200000000000004, 'unit': 'M', 'net_profit': -77.65}, {'period': ""Q2 '25"", 'revenue': 0.00268, 'unit': 'M', 'net_profit': -2.07}, {'period': ""Q1 '25"", 'revenue': 0.11031, 'unit': 'M', 'net_profit': -2.44}, {'period': ""Q4 '24"", 'revenue': 0.6115900000000001, 'unit': 'M', 'net_profit': -2.17}, {'period': ""Q3 '24"", 'revenue': 0.34569, 'unit': 'M', 'net_profit': -3.09}, {'period': ""Q2 '24"", 'revenue': 0.27872, 'unit': 'M', 'net_profit': -3.18}]",,,,,,,,,,,,,,,,,__nan__,__nan__
227,PODD,Insulet Corporation Common Stock,,,,,,,,,,59.83,-9.89,892819,,,[],"[{'period': ""Q4 '25"", 'revenue': 783.8, 'unit': 'M', 'net_profit': 101.6}, {'period': ""Q3 '25"", 'revenue': 706.3, 'unit': 'M', 'net_profit': 87.6}, {'period': ""Q2 '25"", 'revenue': 649.1, 'unit': 'M', 'net_profit': 22.5}, {'period': ""Q1 '25"", 'revenue': 569.0, 'unit': 'M', 'net_profit': 35.4}, {'period': ""Q4 '24"", 'revenue': 597.5, 'unit': 'M', 'net_profit': 100.7}, {'period': ""Q3 '24"", 'revenue': 543.9, 'unit': 'M', 'net_profit': 77.5}]",,,,,,,,,,,,,,,,,__nan__,__nan__
228,POLA,Polar Power Inc. Common Stock,,,,,,,,,,-0.45,-0.08,112199,,,[],"[{'period': ""Q3 '25"", 'revenue': 1.27, 'unit': 'M', 'net_profit': -4.08}, {'period': ""Q2 '25"", 'revenue': 2710.0, 'unit': 'K', 'net_profit': -271.0}, {'period': ""Q1 '25"", 'revenue': 1.72, 'unit': 'M', 'net_profit': -1.26}, {'period': ""Q4 '24"", 'revenue': 2.62, 'unit': 'M', 'net_profit': -3.05}, {'period': ""Q3 '24"", 'revenue': 4910.0, 'unit': 'K', 'net_profit': 13.0}, {'period': ""Q2 '24"", 'revenue': 4660.0, 'unit': 'K', 'net_profit': 501.0}]",,,,,,,,,,,,,,,,,__nan__,__nan__
229,POOL,Pool Corporation Common Stock,,,,,,,,,,18.3,-2.3,648048,,,[],"[{'period': ""Q4 '25"", 'revenue': 982.21, 'unit': 'M', 'net_profit': 31.59}, {'period': ""Q3 '25"", 'revenue': 1450.0, 'unit': 'M', 'net_profit': 127.01}, {'period': ""Q2 '25"", 'revenue': 1780.0, 'unit': 'M', 'net_profit': 194.26}, {'period': ""Q1 '25"", 'revenue': 1070.0, 'unit': 'M', 'net_profit': 53.55}, {'period': ""Q4 '24"", 'revenue': 987.48, 'unit': 'M', 'net_profit': 37.3}, {'period': ""Q3 '24"", 'revenue': 1430.0, 'unit': 'M', 'net_profit': 125.7}]",,,,,,,,,,,,,,,,,__nan__,__nan__
230,POSH,Poshmark Inc. Class A Common Stock,,,,,,,,,,0.0,0.0,5195459,,,[],"[{'period': ""Q3 '22"", 'revenue': 88.43, 'unit': 'M', 'net_profit': -23.54}, {'period': ""Q2 '22"", 'revenue': 89.1, 'unit': 'M', 'net_profit': -22.88}, {'period': ""Q1 '22"", 'revenue': 90.9, 'unit': 'M', 'net_profit': -14.02}, {'period': ""Q4 '21"", 'revenue': 84.2, 'unit': 'M', 'net_profit': -14.78}, {'period': ""Q3 '21"", 'revenue': 79.65, 'unit': 'M', 'net_profit': -7.2}, {'period': ""Q2 '21"", 'revenue': 81.76, 'unit': 'M', 'net_profit': -3.0}]",,,,,,,,,,,,,,,,,__nan__,__nan__
231,POW,Powered Brands Class A Ordinary Shares,,,,,,,,,,26.79,-0.1667,9919,,,[],[],,,,,,,,,,,,,,,,,__nan__,__nan__
232,POWI,Power Integrations Inc. Common Stock,,,,,,,,,,126.92,-0.55,670656,,,[],"[{'period': ""Q4 '25"", 'revenue': 103.2, 'unit': 'M', 'net_profit': 13.29}, {'period': ""Q3 '25"", 'revenue': 118.92, 'unit': 'M', 'net_profit': -1.36}, {'period': ""Q2 '25"", 'revenue': 115.85, 'unit': 'M', 'net_profit': 1.37}, {'period': ""Q1 '25"", 'revenue': 105.53, 'unit': 'M', 'net_profit': 8.79}, {'period': ""Q4 '24"", 'revenue': 105.25, 'unit': 'M', 'net_profit': 9.14}, {'period': ""Q3 '24"", 'revenue': 115.84, 'unit': 'M', 'net_profit': 14.29}]",,,,,,,,,,,,,,,,,__nan__,__nan__
233,POWL,Powell Industries Inc. Common Stock,,,,,,,,,,34.98,13.65,206455,,,[],"[{'period': ""Q1 '26"", 'revenue': 251.18, 'unit': 'M', 'net_profit': 41.39}, {'period': ""Q4 '25"", 'revenue': 297.98, 'unit': 'M', 'net_profit': 51.42}, {'period': ""Q3 '25"", 'revenue': 286.27, 'unit': 'M', 'net_profit': 48.23}, {'period': ""Q2 '25"", 'revenue': 278.63, 'unit': 'M', 'net_profit': 46.33}, {'period': ""Q1 '25"", 'revenue': 241.43, 'unit': 'M', 'net_profit': 34.76}, {'period': ""Q4 '24"", 'revenue': 275.06, 'unit': 'M', 'net_profit': 46.05}]",,,,,,,,,,,,,,,,,__nan__,__nan__
234,POWRU,Powered Brands Units,,,,,,,,,,0.0,0.04,10,,,[],"[{'period': ""Q3 '22"", 'revenue': 0.0, 'unit': 'M', 'net_profit': 4.05}, {'period': ""Q2 '22"", 'revenue': 0.0, 'unit': 'M', 'net_profit': 8.02}, {'period': ""Q1 '22"", 'revenue': 0.0, 'unit': 'M', 'net_profit': 6.94}, {'period': ""Q4 '21"", 'revenue': 0.0, 'unit': 'M', 'net_profit': 4.07}, {'period': ""Q3 '21"", 'revenue': 0.0, 'unit': 'M', 'net_profit': 9.39}, {'period': ""Q2 '21"", 'revenue': 0.0, 'unit': 'M', 'net_profit': -6.75}]",,,,,,,,,,,,,,,,,__nan__,__nan__
235,POWRW,Powered Brands Warrants,,,,,,,,,,0.0,0.0,277398,,,[],"[{'period': ""Q3 '22"", 'revenue': 0.0, 'unit': 'M', 'net_profit': 2.83}, {'period': ""Q2 '22"", 'revenue': 0.0, 'unit': 'M', 'net_profit': 8.37}, {'period': ""Q1 '22"", 'revenue': 0.0, 'unit': 'M', 'net_profit': 6.94}, {'period': ""Q4 '21"", 'revenue': 0.0, 'unit': 'M', 'net_profit': 1.43}, {'period': ""Q3 '21"", 'revenue': 0.0, 'unit': 'M', 'net_profit': 9.39}, {'period': ""Q2 '21"", 'revenue': 0.0, 'unit': 'M', 'net_profit': -6.75}]",,,,,,,,,,,,,,,,,__nan__,__nan__
236,POWW,AMMO Inc. Common Stock,,,,,,,,,,-6.71,-0.1,543335,,,[],"[{'period': ""Q3 '26"", 'revenue': 13.39, 'unit': 'M', 'net_profit': 2.23}, {'period': ""Q2 '26"", 'revenue': 11.98, 'unit': 'M', 'net_profit': 1.4}, {'period': ""Q1 '26"", 'revenue': 11.86, 'unit': 'M', 'net_profit': -6.46}, {'period': ""Q4 '25"", 'revenue': -42.16, 'unit': 'M', 'net_profit': -77.52}, {'period': ""Q3 '25"", 'revenue': 29.19, 'unit': 'M', 'net_profit': -26.13}, {'period': ""Q2 '25"", 'revenue': 31.42, 'unit': 'M', 'net_profit': -12.43}]",,,,,,,,,,,,,,,,,__nan__,__nan__
237,POWWP,AMMO Inc. 8.75% Series A Cumulative Redeemable Perpetual Preferred Stock,,,,,,,,,,84.93,-0.1829,6137,,,[],"[{'period': ""Q3 '26"", 'revenue': 13.39, 'unit': 'M', 'net_profit': 2.23}, {'period': ""Q2 '26"", 'revenue': 11.98, 'unit': 'M', 'net_profit': 1.4}, {'period': ""Q1 '26"", 'revenue': 11.86, 'unit': 'M', 'net_profit': -6.46}, {'period': ""Q4 '25"", 'revenue': -42.16, 'unit': 'M', 'net_profit': -77.52}, {'period': ""Q3 '25"", 'revenue': 29.19, 'unit': 'M', 'net_profit': -26.13}, {'period': ""Q2 '25"", 'revenue': 31.42, 'unit': 'M', 'net_profit': -12.43}]",,,,,,,,,,,,,,,,,__nan__,__nan__
238,PPBI,Pacific Premier Bancorp Inc,,,,,,,,,,17.125874125874127,0.0,19566748,,,[],"[{'period': ""Q2 '25"", 'revenue': 192.27, 'unit': 'M', 'net_profit': 32.06}, {'period': ""Q1 '25"", 'revenue': 195.12, 'unit': 'M', 'net_profit': 36.02}, {'period': ""Q4 '24"", 'revenue': 203.19, 'unit': 'M', 'net_profit': 33.89}, {'period': ""Q3 '24"", 'revenue': 211.28, 'unit': 'M', 'net_profit': 35.98}, {'period': ""Q2 '24"", 'revenue': 213.15, 'unit': 'M', 'net_profit': 41.91}, {'period': ""Q1 '24"", 'revenue': 225.77, 'unit': 'M', 'net_profit': 47.02}]",,,,,,,,,,,,,,,,,__nan__,__nan__
239,PPBT,Purple Biotech Ltd. American Depositary Shares,,,,,,,,,,-0.07,0.015,5212,,,[],"[{'period': ""Q4 '25"", 'revenue': 0.0, 'unit': 'M', 'net_profit': -23.89}, {'period': ""Q3 '25"", 'revenue': 0.0, 'unit': 'M', 'net_profit': -1.31}, {'period': ""Q2 '25"", 'revenue': 0.0, 'unit': 'M', 'net_profit': -1.08}, {'period': ""Q1 '25"", 'revenue': 0.0, 'unit': 'K', 'net_profit': -453.0}, {'period': ""Q4 '24"", 'revenue': 0.0, 'unit': 'K', 'net_profit': -410.0}, {'period': ""Q3 '24"", 'revenue': 0.0, 'unit': 'K', 'net_profit': -663.0}]",,,,,,,,,,,,,,,,,__nan__,__nan__
240,PPC,Pilgrim's Pride Corporation Common Stock,,,,,,,,,,8.09,0.59,1237093,,,[],"[{'period': ""Q4 '25"", 'revenue': 4520.0, 'unit': 'M', 'net_profit': 87.99}, {'period': ""Q3 '25"", 'revenue': 4760.0, 'unit': 'M', 'net_profit': 342.81}, {'period': ""Q2 '25"", 'revenue': 4760.0, 'unit': 'M', 'net_profit': 355.52}, {'period': ""Q1 '25"", 'revenue': 4460.0, 'unit': 'M', 'net_profit': 296.03}, {'period': ""Q4 '24"", 'revenue': 4370.0, 'unit': 'M', 'net_profit': 235.85}, {'period': ""Q3 '24"", 'revenue': 4580.0, 'unit': 'M', 'net_profit': 349.86}]",,,,,,,,,,,,,,,,,__nan__,__nan__
241,PPD,PPD Inc. Common Stock,,,,,,,,,,0.0,0.0,1868187,,,[],"[{'period': ""Q3 '21"", 'revenue': 1560.0, 'unit': 'M', 'net_profit': 167.07}, {'period': ""Q2 '21"", 'revenue': 1580.0, 'unit': 'M', 'net_profit': 51.01}, {'period': ""Q1 '21"", 'revenue': 1380.0, 'unit': 'M', 'net_profit': 45.88}, {'period': ""Q4 '20"", 'revenue': 1360.0, 'unit': 'M', 'net_profit': 100.1}, {'period': ""Q3 '20"", 'revenue': 1230.0, 'unit': 'M', 'net_profit': 7.51}, {'period': ""Q2 '20"", 'revenue': 1010.0, 'unit': 'M', 'net_profit': 61.92}]",,,,,,,,,,,,,,,,,__nan__,__nan__
242,PPGH,Poema Global Holdings Corp. Class A Ordinary Share,,,,,,,,,,0.0,2.4399996,5986014,,,[],"[{'period': ""Q4 '21"", 'revenue': 0.0, 'unit': 'M', 'net_profit': -6.35}, {'period': ""Q3 '21"", 'revenue': 0.0, 'unit': '', 'net_profit': 0.0}, {'period': ""Q2 '21"", 'revenue': 0.0, 'unit': 'M', 'net_profit': -5.99}, {'period': ""Q4 '20"", 'revenue': 0.0, 'unit': '', 'net_profit': 0.0}]",,,,,,,,,,,,,,,,,__nan__,__nan__
243,PPGHU,Poema Global Holdings Corp. Unit,,,,,,,,,,0.0,2.227,12597,,,[],"[{'period': ""Q4 '21"", 'revenue': 0.0, 'unit': 'M', 'net_profit': -6.35}, {'period': ""Q3 '21"", 'revenue': 0.0, 'unit': '', 'net_profit': 0.0}, {'period': ""Q2 '21"", 'revenue': 0.0, 'unit': 'M', 'net_profit': -5.99}, {'period': ""Q4 '20"", 'revenue': 0.0, 'unit': '', 'net_profit': 0.0}]",,,,,,,,,,,,,,,,,__nan__,__nan__
244,PPGHW,Poema Global Holdings Corp. Warrant,,,,,,,,,,0.0,0.17999995,1303946,,,[],"[{'period': ""Q4 '21"", 'revenue': 0.0, 'unit': 'M', 'net_profit': -6.35}, {'period': ""Q3 '21"", 'revenue': 0.0, 'unit': '', 'net_profit': 0.0}, {'period': ""Q2 '21"", 'revenue': 0.0, 'unit': 'M', 'net_profit': -5.99}, {'period': ""Q4 '20"", 'revenue': 0.0, 'unit': '', 'net_profit': 0.0}]",,,,,,,,,,,,,,,,,__nan__,__nan__
245,PPIH,Perma-Pipe International Holdings Inc. Common Stock,,,,,,,,,,17.16,-0.51,44136,,,[],"[{'period': ""Q3 '26"", 'revenue': 61.15, 'unit': 'M', 'net_profit': 6.32}, {'period': ""Q2 '26"", 'revenue': 47900.0, 'unit': 'K', 'net_profit': 851.0}, {'period': ""Q1 '26"", 'revenue': 46.75, 'unit': 'M', 'net_profit': 4.95}, {'period': ""Q4 '25"", 'revenue': 44.99, 'unit': 'M', 'net_profit': 1.76}, {'period': ""Q3 '25"", 'revenue': 41.56, 'unit': 'M', 'net_profit': 2.49}, {'period': ""Q2 '25"", 'revenue': 37.51, 'unit': 'M', 'net_profit': 3.29}]",,,,,,,,,,,,,,,,,__nan__,__nan__
246,PPSI,Pioneer Power Solutions Inc. Common Stock,,,,,,,,,,-8.37,-0.08,68596,,,[],"[{'period': ""Q3 '25"", 'revenue': 6.89, 'unit': 'M', 'net_profit': -1.77}, {'period': ""Q2 '25"", 'revenue': 8.37, 'unit': 'M', 'net_profit': -1.33}, {'period': ""Q1 '25"", 'revenue': 6740.0, 'unit': 'K', 'net_profit': -929.0}, {'period': ""Q4 '24"", 'revenue': 5.26, 'unit': 'M', 'net_profit': 36.29}, {'period': ""Q3 '24"", 'revenue': 10.91, 'unit': 'M', 'net_profit': -1.12}, {'period': ""Q2 '24"", 'revenue': 3.4, 'unit': 'M', 'net_profit': -2.28}]",,,,,,,,,,,,,,,,,__nan__,__nan__
247,PPTA,Perpetua Resources Corp. Common Shares,,,,,,,,,,-49.92,1.21,1444643,,,[],"[{'period': ""Q3 '25"", 'revenue': 0.0, 'unit': 'M', 'net_profit': -25.76}, {'period': ""Q2 '25"", 'revenue': 0.0, 'unit': 'M', 'net_profit': -6.03}, {'period': ""Q1 '25"", 'revenue': 0.0, 'unit': 'M', 'net_profit': -8.2}, {'period': ""Q4 '24"", 'revenue': 0.0, 'unit': 'M', 'net_profit': -4.3}, {'period': ""Q3 '24"", 'revenue': 0.0, 'unit': 'M', 'net_profit': -3.56}, {'period': ""Q2 '24"", 'revenue': 0.0, 'unit': 'M', 'net_profit': -3.67}]",,,,,,,,,,,,,,,,,__nan__,__nan__
248,PRAA,PRA Group Inc. Common Stock,,,,,,,,,,-2.16,-0.76,320282,,,[],"[{'period': ""Q4 '25"", 'revenue': 363.32, 'unit': 'M', 'net_profit': 56.53}, {'period': ""Q3 '25"", 'revenue': 314.15, 'unit': 'M', 'net_profit': -407.7}, {'period': ""Q2 '25"", 'revenue': 290.73, 'unit': 'M', 'net_profit': 42.37}, {'period': ""Q1 '25"", 'revenue': 272.04, 'unit': 'M', 'net_profit': 3.66}, {'period': ""Q4 '24"", 'revenue': 295.94, 'unit': 'M', 'net_profit': 18.46}, {'period': ""Q3 '24"", 'revenue': 283.58, 'unit': 'M', 'net_profit': 27.15}]",,,,,,,,,,,,,,,,,__nan__,__nan__
249,PRAH,PRA Health Sciences Inc. Common Stock,,,,,,,,,,,,,,,[],"[{'period': ""Q1 '21"", 'revenue': 933.77, 'unit': 'M', 'net_profit': 56.94}, {'period': ""Q4 '20"", 'revenue': 873.46, 'unit': 'M', 'net_profit': 51.26}, {'period': ""Q3 '20"", 'revenue': 796.31, 'unit': 'M', 'net_profit': 91.25}, {'period': ""Q2 '20"", 'revenue': 729.89, 'unit': 'M', 'net_profit': 13.87}, {'period': ""Q1 '20"", 'revenue': 783.71, 'unit': 'M', 'net_profit': 40.66}, {'period': ""Q4 '19"", 'revenue': 800.24, 'unit': 'M', 'net_profit': 74.8}]",,,,,,,,,,,,,,,,,__nan__,__nan__
250,PRAX,Praxis Precision Medicines Inc. Common Stock,,,,,,,,,,-21.52,-12.59,393584,,,[],"[{'period': ""Q4 '25"", 'revenue': 0.0, 'unit': 'M', 'net_profit': -88.91}, {'period': ""Q3 '25"", 'revenue': 0.0, 'unit': 'M', 'net_profit': -73.93}, {'period': ""Q2 '25"", 'revenue': 0.0, 'unit': 'M', 'net_profit': -71.13}, {'period': ""Q1 '25"", 'revenue': 0.0, 'unit': 'M', 'net_profit': -69.3}, {'period': ""Q4 '24"", 'revenue': 7.46, 'unit': 'M', 'net_profit': -58.68}, {'period': ""Q3 '24"", 'revenue': 0.302, 'unit': 'M', 'net_profit': -51.91}]",,,,,,,,,,,,,,,,,__nan__,__nan__
251,PRCH,Porch Group Inc. Common Stock,,,,,,,,,,-225.33,-0.45,1009627,,,[],"[{'period': ""Q4 '25"", 'revenue': 124.3, 'unit': 'M', 'net_profit': 4.32}, {'period': ""Q3 '25"", 'revenue': 118.08, 'unit': 'M', 'net_profit': -10.86}, {'period': ""Q2 '25"", 'revenue': 119.3, 'unit': 'M', 'net_profit': 2.58}, {'period': ""Q1 '25"", 'revenue': 104.75, 'unit': 'M', 'net_profit': 8.39}, {'period': ""Q4 '24"", 'revenue': 100.36, 'unit': 'M', 'net_profit': 30.47}, {'period': ""Q3 '24"", 'revenue': 111.2, 'unit': 'M', 'net_profit': 14.38}]",,,,,,,,,,,,,,,,,__nan__,__nan__
252,PRDO,Perdoceo Education Corporation Common Stock,,,,,,,,,,15.38,-0.66,604709,,,[],"[{'period': ""Q4 '25"", 'revenue': 211.64, 'unit': 'M', 'net_profit': 35.35}, {'period': ""Q3 '25"", 'revenue': 211.87, 'unit': 'M', 'net_profit': 39.85}, {'period': ""Q2 '25"", 'revenue': 209.58, 'unit': 'M', 'net_profit': 41.03}, {'period': ""Q1 '25"", 'revenue': 213.0, 'unit': 'M', 'net_profit': 43.69}, {'period': ""Q4 '24"", 'revenue': 176.43, 'unit': 'M', 'net_profit': 31.46}, {'period': ""Q3 '24"", 'revenue': 169.83, 'unit': 'M', 'net_profit': 38.26}]",,,,,,,,,,,,,,,,,__nan__,__nan__
253,PRFT,Perficient Inc. Common Stock,,,,,,,,,,36.344497607655505,0.48,2993827,,,[],"[{'period': ""Q2 '24"", 'revenue': 222.82, 'unit': 'M', 'net_profit': 17.44}, {'period': ""Q1 '24"", 'revenue': 215.3, 'unit': 'M', 'net_profit': 11.55}, {'period': ""Q4 '23"", 'revenue': 220.79, 'unit': 'M', 'net_profit': 23.18}, {'period': ""Q3 '23"", 'revenue': 223.24, 'unit': 'M', 'net_profit': 22.6}, {'period': ""Q2 '23"", 'revenue': 231.1, 'unit': 'M', 'net_profit': 26.36}, {'period': ""Q1 '23"", 'revenue': 231.41, 'unit': 'M', 'net_profit': 26.8}]",,,,,,,,,,,,,,,,,__nan__,__nan__
254,PRFX,PainReform Ltd. Ordinary Shares,,,,,,,,,,0.01,-0.28,65579,,,[],"[{'period': ""Q2 '25"", 'revenue': 0.0, 'unit': 'M', 'net_profit': -1.16}, {'period': ""Q1 '25"", 'revenue': 0.0, 'unit': 'M', 'net_profit': -1.16}, {'period': ""Q4 '24"", 'revenue': 0.0, 'unit': 'K', 'net_profit': -885.0}, {'period': ""Q3 '24"", 'revenue': 0.0, 'unit': 'K', 'net_profit': -885.0}, {'period': ""Q2 '24"", 'revenue': 0.0, 'unit': 'M', 'net_profit': -7.31}, {'period': ""Q1 '24"", 'revenue': 0.0, 'unit': 'M', 'net_profit': -5.51}]",,,,,,,,,,,,,,,,,__nan__,__nan__
255,PRGS,Progress Software Corporation Common Stock (DE),,,,,,,,,,16.67,-1.5,875832,,,[],"[{'period': ""Q4 '25"", 'revenue': 252.67, 'unit': 'M', 'net_profit': 25.75}, {'period': ""Q3 '25"", 'revenue': 249.79, 'unit': 'M', 'net_profit': 19.41}, {'period': ""Q2 '25"", 'revenue': 237.35, 'unit': 'M', 'net_profit': 17.03}, {'period': ""Q1 '25"", 'revenue': 238.01, 'unit': 'M', 'net_profit': 10.95}, {'period': ""Q4 '24"", 'revenue': 214.96, 'unit': 'M', 'net_profit': 1.15}, {'period': ""Q3 '24"", 'revenue': 178.69, 'unit': 'M', 'net_profit': 28.46}]",,,,,,,,,,,,,,,,,__nan__,__nan__
256,PRIM,Primoris Services Corporation Common Stock,,,,,,,,,,28.59,2.9,417514,,,[],"[{'period': ""Q4 '25"", 'revenue': 1860.0, 'unit': 'M', 'net_profit': 51.8}, {'period': ""Q3 '25"", 'revenue': 2180.0, 'unit': 'M', 'net_profit': 94.62}, {'period': ""Q2 '25"", 'revenue': 1890.0, 'unit': 'M', 'net_profit': 84.32}, {'period': ""Q1 '25"", 'revenue': 1650.0, 'unit': 'M', 'net_profit': 44.24}, {'period': ""Q4 '24"", 'revenue': 1740.0, 'unit': 'M', 'net_profit': 53.97}, {'period': ""Q3 '24"", 'revenue': 1650.0, 'unit': 'M', 'net_profit': 58.44}]",,,,,,,,,,,,,,,,,__nan__,__nan__
257,PRLD,Prelude Therapeutics Incorporated Common Stock,,,,,,,,,,-2.36,-0.19,118766,,,[],"[{'period': ""Q4 '25"", 'revenue': 5.64, 'unit': 'M', 'net_profit': -16.46}, {'period': ""Q3 '25"", 'revenue': 6.5, 'unit': 'M', 'net_profit': -19.73}, {'period': ""Q2 '25"", 'revenue': 0.0, 'unit': 'M', 'net_profit': -31.23}, {'period': ""Q1 '25"", 'revenue': 0.0, 'unit': 'M', 'net_profit': -32.09}, {'period': ""Q4 '24"", 'revenue': 4.0, 'unit': 'M', 'net_profit': -28.73}, {'period': ""Q3 '24"", 'revenue': 3.0, 'unit': 'M', 'net_profit': -32.27}]",,,,,,,,,,,,,,,,,__nan__,__nan__
258,PROF,Profound Medical Corp. Common Stock,,,,,,,,,,-4.39,-0.11,235928,,,[],"[{'period': ""Q4 '25"", 'revenue': 6.04, 'unit': 'M', 'net_profit': -8.18}, {'period': ""Q3 '25"", 'revenue': 5.23, 'unit': 'M', 'net_profit': -7.89}, {'period': ""Q2 '25"", 'revenue': 2.21, 'unit': 'M', 'net_profit': -15.7}, {'period': ""Q1 '25"", 'revenue': 2.62, 'unit': 'M', 'net_profit': -10.72}, {'period': ""Q4 '24"", 'revenue': 5.33, 'unit': 'M', 'net_profit': -7.67}, {'period': ""Q3 '24"", 'revenue': 3.83, 'unit': 'M', 'net_profit': -12.66}]",,,,,,,,,,,,,,,,,__nan__,__nan__
259,PROG,Progenity Inc. Common Stock,,,,,,,,,,-0.2568234610917538,-0.03179997,2779613,,,[],"[{'period': ""Q1 '22"", 'revenue': 0.107, 'unit': 'M', 'net_profit': -11.73}, {'period': ""Q4 '21"", 'revenue': 0.602, 'unit': 'M', 'net_profit': -67.98}, {'period': ""Q3 '21"", 'revenue': 0.182, 'unit': 'M', 'net_profit': -43.74}, {'period': ""Q2 '21"", 'revenue': 0.463, 'unit': 'M', 'net_profit': -78.53}, {'period': ""Q1 '21"", 'revenue': 24.53, 'unit': 'M', 'net_profit': -32.26}, {'period': ""Q4 '20"", 'revenue': 14.28, 'unit': 'M', 'net_profit': -75.53}]",,,,,,,,,,,,,,,,,__nan__,__nan__
260,PROV,Provident Financial Holdings Inc. Common Stock,,,,,,,,,,16.17,-0.07,18565,,,[],"[{'period': ""Q2 '26"", 'revenue': 14.87, 'unit': 'M', 'net_profit': 1.44}, {'period': ""Q1 '26"", 'revenue': 14.96, 'unit': 'M', 'net_profit': 1.68}, {'period': ""Q4 '25"", 'revenue': 14.98, 'unit': 'M', 'net_profit': 1.63}, {'period': ""Q3 '25"", 'revenue': 15.34, 'unit': 'M', 'net_profit': 1.86}, {'period': ""Q2 '25"", 'revenue': 14870.0, 'unit': 'K', 'net_profit': 872.0}, {'period': ""Q1 '25"", 'revenue': 14.97, 'unit': 'M', 'net_profit': 1.9}]",,,,,,,,,,,,,,,,,__nan__,__nan__
261,PRPH,ProPhase Labs Inc. Common Stock (DE),,,,,,,,,,,0.0,33683,,,[],"[{'period': ""Q3 '25"", 'revenue': 0.883, 'unit': 'M', 'net_profit': -6.84}, {'period': ""Q2 '25"", 'revenue': 1.25, 'unit': 'M', 'net_profit': -4.47}, {'period': ""Q1 '25"", 'revenue': 1.43, 'unit': 'M', 'net_profit': 3.97}, {'period': ""Q4 '24"", 'revenue': -2.48, 'unit': 'M', 'net_profit': -34.36}, {'period': ""Q3 '24"", 'revenue': 3.15, 'unit': 'M', 'net_profit': -6.59}, {'period': ""Q2 '24"", 'revenue': 2.47, 'unit': 'M', 'net_profit': -6.15}]",,,,,,,,,,,,,,,,,__nan__,__nan__
262,PRPL,Purple Innovation Inc. Common Stock,,,,,,,,,,-1.31,0.0619,578680,,,[],"[{'period': ""Q3 '25"", 'revenue': 118.77, 'unit': 'M', 'net_profit': -11.72}, {'period': ""Q2 '25"", 'revenue': 105.1, 'unit': 'M', 'net_profit': -17.34}, {'period': ""Q1 '25"", 'revenue': 104.17, 'unit': 'M', 'net_profit': -19.14}, {'period': ""Q4 '24"", 'revenue': 128.97, 'unit': 'M', 'net_profit': -8.48}, {'period': ""Q3 '24"", 'revenue': 118.6, 'unit': 'M', 'net_profit': -39.23}, {'period': ""Q2 '24"", 'revenue': 120270.0, 'unit': 'K', 'net_profit': 27.0}]",,,,,,,,,,,,,,,,,__nan__,__nan__
263,PRPO,Precipio Inc.  Common Stock,,,,,,,,,,-32.06,-0.57,22331,,,[],"[{'period': ""Q3 '25"", 'revenue': 6160.0, 'unit': 'K', 'net_profit': -79.0}, {'period': ""Q2 '25"", 'revenue': 5650.0, 'unit': 'K', 'net_profit': 74.0}, {'period': ""Q1 '25"", 'revenue': 4260.0, 'unit': 'K', 'net_profit': -884.0}, {'period': ""Q4 '24"", 'revenue': 5450.0, 'unit': 'K', 'net_profit': -365.0}, {'period': ""Q3 '24"", 'revenue': 5210.0, 'unit': 'K', 'net_profit': -626.0}, {'period': ""Q2 '24"", 'revenue': 4.44, 'unit': 'M', 'net_profit': -1.22}]",,,,,,,,,,,,,,,,,__nan__,__nan__
264,PRQR,ProQR Therapeutics N.V. Ordinary Shares,,,,,,,,,,-2.98,-0.13,559736,,,[],"[{'period': ""Q4 '25"", 'revenue': 4.64, 'unit': 'M', 'net_profit': -8.84}, {'period': ""Q3 '25"", 'revenue': 2.92, 'unit': 'M', 'net_profit': -11.01}, {'period': ""Q2 '25"", 'revenue': 3.82, 'unit': 'M', 'net_profit': -12.18}, {'period': ""Q1 '25"", 'revenue': 4.52, 'unit': 'M', 'net_profit': -10.08}, {'period': ""Q4 '24"", 'revenue': 4.31, 'unit': 'M', 'net_profit': -9.3}, {'period': ""Q3 '24"", 'revenue': 3.84, 'unit': 'M', 'net_profit': -8.11}]",,,,,,,,,,,,,,,,,__nan__,__nan__
265,PRSR,Prospector Capital Corp. Class A Ordinary Shares,,,,,,,,,,-18.96,0.0,162443,,,[],"[{'period': ""Q3 '23"", 'revenue': 0.0, 'unit': 'K', 'net_profit': 372.81}, {'period': ""Q2 '23"", 'revenue': 0.0, 'unit': 'M', 'net_profit': -3.38}, {'period': ""Q1 '23"", 'revenue': 0.0, 'unit': 'K', 'net_profit': -160.0}, {'period': ""Q4 '22"", 'revenue': 0.0, 'unit': 'M', 'net_profit': 2.5}, {'period': ""Q3 '22"", 'revenue': 0.0, 'unit': 'M', 'net_profit': 1.28}, {'period': ""Q2 '22"", 'revenue': 0.0, 'unit': 'K', 'net_profit': 259.94}]",,,,,,,,,,,,,,,,,__nan__,__nan__
266,PRSRU,Prospector Capital Corp. Unit,,,,,,,,,,-295.3333333333333,-0.02,6206,,,[],"[{'period': ""Q3 '23"", 'revenue': 0.0, 'unit': 'K', 'net_profit': 372.81}, {'period': ""Q2 '23"", 'revenue': 0.0, 'unit': 'M', 'net_profit': -3.38}, {'period': ""Q1 '23"", 'revenue': 0.0, 'unit': 'K', 'net_profit': -160.0}, {'period': ""Q4 '22"", 'revenue': 0.0, 'unit': 'M', 'net_profit': 2.5}, {'period': ""Q3 '22"", 'revenue': 0.0, 'unit': 'M', 'net_profit': 1.28}, {'period': ""Q2 '22"", 'revenue': 0.0, 'unit': 'K', 'net_profit': 259.94}]",,,,,,,,,,,,,,,,,__nan__,__nan__
267,PRSRW,Prospector Capital Corp. Warrants,,,,,,,,,,0.0,0.035,83939,,,[],"[{'period': ""Q3 '23"", 'revenue': 0.0, 'unit': 'K', 'net_profit': 372.81}, {'period': ""Q2 '23"", 'revenue': 0.0, 'unit': 'M', 'net_profit': -3.38}, {'period': ""Q1 '23"", 'revenue': 0.0, 'unit': 'K', 'net_profit': -160.0}, {'period': ""Q4 '22"", 'revenue': 0.0, 'unit': 'M', 'net_profit': 2.5}, {'period': ""Q3 '22"", 'revenue': 0.0, 'unit': 'M', 'net_profit': 1.28}, {'period': ""Q2 '22"", 'revenue': 0.0, 'unit': 'K', 'net_profit': 259.94}]",,,,,,,,,,,,,,,,,__nan__,__nan__
268,PRTA,Prothena Corporation plc Ordinary Shares,,,,,,,,,,-2.04,-0.26,395827,,,[],"[{'period': ""Q4 '25"", 'revenue': 0.021, 'unit': 'M', 'net_profit': -21.59}, {'period': ""Q3 '25"", 'revenue': 2.42, 'unit': 'M', 'net_profit': -36.54}, {'period': ""Q2 '25"", 'revenue': 4.42, 'unit': 'M', 'net_profit': -125.77}, {'period': ""Q1 '25"", 'revenue': 2.83, 'unit': 'M', 'net_profit': -60.2}, {'period': ""Q4 '24"", 'revenue': 2.12, 'unit': 'M', 'net_profit': -57.96}, {'period': ""Q3 '24"", 'revenue': 0.97, 'unit': 'M', 'net_profit': -59.0}]",,,,,,,,,,,,,,,,,__nan__,__nan__
269,PRTC,PureTech Health plc American Depositary Shares,,,,,,,,,,9.05,-0.37,9091,,,[],"[{'period': ""Q2 '25"", 'revenue': 1.85, 'unit': 'M', 'net_profit': -44.6}, {'period': ""Q4 '24"", 'revenue': 4.03, 'unit': 'M', 'net_profit': 95.28}, {'period': ""Q2 '24"", 'revenue': 0.28800000000000003, 'unit': 'M', 'net_profit': -41.77}, {'period': ""Q4 '23"", 'revenue': 0.17857, 'unit': 'M', 'net_profit': -40.37}, {'period': ""Q2 '23"", 'revenue': 3.15, 'unit': 'M', 'net_profit': -25.0}, {'period': ""Q4 '22"", 'revenue': 9.01, 'unit': 'M', 'net_profit': -23.09}]",,,,,,,,,,,,,,,,,__nan__,__nan__
270,PRTG,Portage Biotech Inc. Common Stock,,,,,,,,,,-1.1905594405594406,-0.15,371668,,,[],"[{'period': ""Q4 '25"", 'revenue': 0.0, 'unit': 'M', 'net_profit': -1.88}, {'period': ""Q3 '25"", 'revenue': 0.0, 'unit': 'M', 'net_profit': -1.88}, {'period': ""Q2 '25"", 'revenue': 0.0, 'unit': 'M', 'net_profit': -1.36}, {'period': ""Q1 '25"", 'revenue': 0.0, 'unit': 'M', 'net_profit': -1.66}, {'period': ""Q4 '24"", 'revenue': 0.0, 'unit': 'M', 'net_profit': -24.89}, {'period': ""Q3 '24"", 'revenue': 0.0, 'unit': 'M', 'net_profit': -39.37}]",,,,,,,,,,,,,,,,,__nan__,__nan__
271,PRTH,Priority Technology Holdings Inc. Common Stock,,,,,,,,,,6.82,-0.17,266446,,,[],"[{'period': ""Q4 '25"", 'revenue': 247.13, 'unit': 'M', 'net_profit': 8.95}, {'period': ""Q3 '25"", 'revenue': 241.44, 'unit': 'M', 'net_profit': 27.59}, {'period': ""Q2 '25"", 'revenue': 239.81, 'unit': 'M', 'net_profit': 10.88}, {'period': ""Q1 '25"", 'revenue': 224.63, 'unit': 'M', 'net_profit': 8.27}, {'period': ""Q4 '24"", 'revenue': 227.07, 'unit': 'M', 'net_profit': 7.86}, {'period': ""Q3 '24"", 'revenue': 227.05, 'unit': 'M', 'net_profit': 10.61}]",,,,,,,,,,,,,,,,,__nan__,__nan__
272,PRTK,Paratek Pharmaceuticals Inc. Common Stock,,,,,,,,,,-2.009009009009009,0.04,4476125,,,[],"[{'period': ""Q2 '23"", 'revenue': 38.06, 'unit': 'M', 'net_profit': -14.55}, {'period': ""Q1 '23"", 'revenue': 29.21, 'unit': 'M', 'net_profit': -20.14}, {'period': ""Q4 '22"", 'revenue': 72.63, 'unit': 'M', 'net_profit': -7.16}, {'period': ""Q3 '22"", 'revenue': 27.84, 'unit': 'M', 'net_profit': -25.27}, {'period': ""Q2 '22"", 'revenue': 27.55, 'unit': 'M', 'net_profit': -22.07}, {'period': ""Q1 '22"", 'revenue': 22.76, 'unit': 'M', 'net_profit': -17.91}]",,,,,,,,,,,,,,,,,__nan__,__nan__
273,PRTS,CarParts.com Inc. Common Stock,,,,,,,,,,-1.01,0.0035,362510,,,[],"[{'period': ""Q4 '25"", 'revenue': 120.43, 'unit': 'M', 'net_profit': -11.56}, {'period': ""Q3 '25"", 'revenue': 127.77, 'unit': 'M', 'net_profit': -10.88}, {'period': ""Q2 '25"", 'revenue': 151.95, 'unit': 'M', 'net_profit': -12.71}, {'period': ""Q1 '25"", 'revenue': 147.38, 'unit': 'M', 'net_profit': -15.28}, {'period': ""Q4 '24"", 'revenue': 133.54, 'unit': 'M', 'net_profit': -15.42}, {'period': ""Q3 '24"", 'revenue': 144.75, 'unit': 'M', 'net_profit': -10.02}]",,,,,,,,,,,,,,,,,__nan__,__nan__
274,PRVA,Privia Health Group Inc. Common Stock,,,,,,,,,,111.22,-0.16,900940,,,[],"[{'period': ""Q4 '25"", 'revenue': 541.17, 'unit': 'M', 'net_profit': 9.15}, {'period': ""Q3 '25"", 'revenue': 580.42, 'unit': 'M', 'net_profit': 6.86}, {'period': ""Q2 '25"", 'revenue': 521.15, 'unit': 'M', 'net_profit': 2.69}, {'period': ""Q1 '25"", 'revenue': 480.1, 'unit': 'M', 'net_profit': 4.22}, {'period': ""Q4 '24"", 'revenue': 460.9, 'unit': 'M', 'net_profit': 4.4}, {'period': ""Q3 '24"", 'revenue': 437.92, 'unit': 'M', 'net_profit': 3.54}]",,,,,,,,,,,,,,,,,__nan__,__nan__
275,PRVB,Provention Bio Inc. Common Stock,,,,,,,,,,-16.43421052631579,0.0,9124151,,,[],"[{'period': ""Q4 '22"", 'revenue': 10.81, 'unit': 'M', 'net_profit': -33.28}, {'period': ""Q3 '22"", 'revenue': 0.756, 'unit': 'M', 'net_profit': -28.19}, {'period': ""Q2 '22"", 'revenue': 0.746, 'unit': 'M', 'net_profit': -29.54}, {'period': ""Q1 '22"", 'revenue': 0.58, 'unit': 'M', 'net_profit': -21.97}, {'period': ""Q4 '21"", 'revenue': 0.717, 'unit': 'M', 'net_profit': -25.83}, {'period': ""Q3 '21"", 'revenue': 0.678, 'unit': 'M', 'net_profit': -27.02}]",,,,,,,,,,,,,,,,,__nan__,__nan__
276,PSAC,Property Solutions Acquisition Corp. Common Stock,,,,,,,,,,0.0,-0.05000019,1401866,,,[],"[{'period': ""Q3 '25"", 'revenue': 0.037, 'unit': 'M', 'net_profit': -222.19}, {'period': ""Q2 '25"", 'revenue': 0.054, 'unit': 'M', 'net_profit': -124.68}, {'period': ""Q1 '25"", 'revenue': 0.316, 'unit': 'M', 'net_profit': -10.28}, {'period': ""Q2 '21"", 'revenue': 0.0, 'unit': 'M', 'net_profit': -5.73}, {'period': ""Q4 '20"", 'revenue': 0.0, 'unit': 'M', 'net_profit': -2.11}]",,,,,,,,,,,,,,,,,__nan__,__nan__
277,PSACU,Property Solutions Acquisition Corp. Unit,,,,,,,,,,-108.78980891719745,0.05999947,1854,,,[],"[{'period': ""Q3 '25"", 'revenue': 0.037, 'unit': 'M', 'net_profit': -222.19}, {'period': ""Q2 '25"", 'revenue': 0.054, 'unit': 'M', 'net_profit': -124.68}, {'period': ""Q1 '25"", 'revenue': 0.316, 'unit': 'M', 'net_profit': -10.28}, {'period': ""Q2 '21"", 'revenue': 0.0, 'unit': 'M', 'net_profit': -5.73}, {'period': ""Q4 '20"", 'revenue': 0.0, 'unit': 'M', 'net_profit': -2.11}]",,,,,,,,,,,,,,,,,__nan__,__nan__
278,PSACW,Property Solutions Acquisition Corp. Warrant,,,,,,,,,,,,,,,[],"[{'period': ""Q2 '21"", 'revenue': 0.0, 'unit': 'M', 'net_profit': -5.73}, {'period': ""Q1 '21"", 'revenue': 0.0, 'unit': 'M', 'net_profit': -1.82}]",,,,,,,,,,,,,,,,,__nan__,__nan__
279,PSAG,Property Solutions Acquisition Corporation II Class A Common Stock,,,,,,,,,,0.0,-0.02,15755,,,[],"[{'period': ""Q3 '22"", 'revenue': 0.0, 'unit': 'M', 'net_profit': 1.13}, {'period': ""Q2 '22"", 'revenue': 0.0, 'unit': 'M', 'net_profit': 2.11}, {'period': ""Q1 '22"", 'revenue': 0.0, 'unit': 'M', 'net_profit': 3.68}, {'period': ""Q4 '21"", 'revenue': 0.0, 'unit': 'M', 'net_profit': 1.99}, {'period': ""Q3 '21"", 'revenue': 0.0, 'unit': 'M', 'net_profit': 3.92}, {'period': ""Q2 '21"", 'revenue': 0.0, 'unit': 'M', 'net_profit': -2.9}]",,,,,,,,,,,,,,,,,__nan__,__nan__
280,PSAGU,Property Solutions Acquisition Corporation II Units,,,,,,,,,,121.20481927710843,-0.02,100,,,[],"[{'period': ""Q3 '22"", 'revenue': 0.0, 'unit': 'M', 'net_profit': 1.13}, {'period': ""Q2 '22"", 'revenue': 0.0, 'unit': 'M', 'net_profit': 2.11}, {'period': ""Q1 '22"", 'revenue': 0.0, 'unit': 'M', 'net_profit': 3.68}, {'period': ""Q4 '21"", 'revenue': 0.0, 'unit': 'M', 'net_profit': 1.99}, {'period': ""Q3 '21"", 'revenue': 0.0, 'unit': 'M', 'net_profit': 3.92}, {'period': ""Q2 '21"", 'revenue': 0.0, 'unit': 'M', 'net_profit': -2.9}]",,,,,,,,,,,,,,,,,__nan__,__nan__
281,PSAGW,Property Solutions Acquisition Corporation II Warrant,,,,,,,,,,0.0,0.0,1207,,,[],"[{'period': ""Q3 '22"", 'revenue': 0.0, 'unit': 'M', 'net_profit': 1.13}, {'period': ""Q2 '22"", 'revenue': 0.0, 'unit': 'M', 'net_profit': 2.11}, {'period': ""Q1 '22"", 'revenue': 0.0, 'unit': 'M', 'net_profit': 3.68}, {'period': ""Q4 '21"", 'revenue': 0.0, 'unit': 'M', 'net_profit': 1.99}, {'period': ""Q3 '21"", 'revenue': 0.0, 'unit': 'M', 'net_profit': 3.92}, {'period': ""Q2 '21"", 'revenue': 0.0, 'unit': 'M', 'net_profit': -2.9}]",,,,,,,,,,,,,,,,,__nan__,__nan__
282,PSEC,Prospect Capital Corporation Common Stock,,,,,,,,,,-3.04,-0.06,5152946,,,[],"[{'period': ""Q2 '26"", 'revenue': 56.97, 'unit': 'M', 'net_profit': 23.72}, {'period': ""Q1 '26"", 'revenue': 121.48, 'unit': 'M', 'net_profit': 77.98}, {'period': ""Q4 '25"", 'revenue': -149.63, 'unit': 'M', 'net_profit': -195.93}, {'period': ""Q3 '25"", 'revenue': -93.12, 'unit': 'M', 'net_profit': -139.92}, {'period': ""Q2 '25"", 'revenue': 48030.0, 'unit': 'K', 'net_profit': -66.0}, {'period': ""Q1 '25"", 'revenue': -82.11, 'unit': 'M', 'net_profit': -134.01}]",,,,,,,,,,,,,,,,,__nan__,__nan__
283,PSHG,Performance Shipping Inc. Common Shares,,,,,,,,,,1.43,-0.08,96474,,,[],"[{'period': ""Q4 '25"", 'revenue': 26.16, 'unit': 'M', 'net_profit': 7.56}, {'period': ""Q3 '25"", 'revenue': 18.54, 'unit': 'M', 'net_profit': 3.91}, {'period': ""Q2 '25"", 'revenue': 18.14, 'unit': 'M', 'net_profit': 9.07}, {'period': ""Q1 '25"", 'revenue': 21.33, 'unit': 'M', 'net_profit': 29.43}, {'period': ""Q4 '24"", 'revenue': 21.68, 'unit': 'M', 'net_profit': 9.7}, {'period': ""Q3 '24"", 'revenue': 22.89, 'unit': 'M', 'net_profit': 12.41}]",,,,,,,,,,,,,,,,,__nan__,__nan__
284,PSMT,PriceSmart Inc. Common Stock,,,,,,,,,,30.04,1.09,166862,,,[],"[{'period': ""Q1 '26"", 'revenue': 1380.0, 'unit': 'M', 'net_profit': 38.94}, {'period': ""Q4 '25"", 'revenue': 1330.0, 'unit': 'M', 'net_profit': 30.69}, {'period': ""Q3 '25"", 'revenue': 1320.0, 'unit': 'M', 'net_profit': 34.2}, {'period': ""Q2 '25"", 'revenue': 1360.0, 'unit': 'M', 'net_profit': 43.6}, {'period': ""Q1 '25"", 'revenue': 1260.0, 'unit': 'M', 'net_profit': 36.38}, {'period': ""Q4 '24"", 'revenue': 1230.0, 'unit': 'M', 'net_profit': 28.34}]",,,,,,,,,,,,,,,,,__nan__,__nan__
285,PSNL,Personalis Inc. Common Stock,,,,,,,,,,-6.97,-0.98,3453552,,,[],"[{'period': ""Q4 '25"", 'revenue': 17.34, 'unit': 'M', 'net_profit': -23.81}, {'period': ""Q3 '25"", 'revenue': 14.49, 'unit': 'M', 'net_profit': -21.65}, {'period': ""Q2 '25"", 'revenue': 17.2, 'unit': 'M', 'net_profit': -20.06}, {'period': ""Q1 '25"", 'revenue': 20.61, 'unit': 'M', 'net_profit': -15.75}, {'period': ""Q4 '24"", 'revenue': 16.8, 'unit': 'M', 'net_profit': -16.43}, {'period': ""Q3 '24"", 'revenue': 25.71, 'unit': 'M', 'net_profit': -39.09}]",,,,,,,,,,,,,,,,,__nan__,__nan__
286,PSTI,Pluristem Therapeutics Inc. Common Stock,,,,,,,,,,-0.6839945280437757,-0.029999971,170627,,,[],"[{'period': ""Q2 '26"", 'revenue': 0.198, 'unit': 'M', 'net_profit': -6.87}, {'period': ""Q1 '26"", 'revenue': 0.316, 'unit': 'M', 'net_profit': -6.13}, {'period': ""Q4 '25"", 'revenue': 0.49, 'unit': 'M', 'net_profit': 8.99}, {'period': ""Q3 '25"", 'revenue': 0.427, 'unit': 'M', 'net_profit': -6.33}, {'period': ""Q2 '25"", 'revenue': 0.185, 'unit': 'M', 'net_profit': 1.85}, {'period': ""Q3 '22"", 'revenue': 0.234, 'unit': 'M', 'net_profit': -10.04}]",,,,,,,,,,,,,,,,,__nan__,__nan__
287,PSTV,PLUS THERAPEUTICS Inc. Common Stock ,,,,,,,,,,-0.79,-0.0129,3505590,,,[],"[{'period': ""Q4 '25"", 'revenue': 1.37, 'unit': 'M', 'net_profit': -5.71}, {'period': ""Q3 '25"", 'revenue': 1.4, 'unit': 'M', 'net_profit': -4.42}, {'period': ""Q2 '25"", 'revenue': 1.39, 'unit': 'M', 'net_profit': 5.15}, {'period': ""Q1 '25"", 'revenue': 1.06, 'unit': 'M', 'net_profit': -17.4}, {'period': ""Q4 '24"", 'revenue': 1.41, 'unit': 'M', 'net_profit': -3.9}, {'period': ""Q3 '24"", 'revenue': 1.46, 'unit': 'M', 'net_profit': -2.87}]",,,,,,,,,,,,,,,,,__nan__,__nan__
288,PSTX,Poseida Therapeutics Inc. Common Stock,,,,,,,,,,-15.079365079365079,0.0,21344052,,,[],"[{'period': ""Q3 '24"", 'revenue': 71.75, 'unit': 'M', 'net_profit': 20.23}, {'period': ""Q2 '24"", 'revenue': 25.97, 'unit': 'M', 'net_profit': -31.37}, {'period': ""Q1 '24"", 'revenue': 28.14, 'unit': 'M', 'net_profit': -24.27}, {'period': ""Q4 '23"", 'revenue': 25.0, 'unit': 'M', 'net_profit': -23.99}, {'period': ""Q3 '23"", 'revenue': 9.35, 'unit': 'M', 'net_profit': -31.78}, {'period': ""Q2 '23"", 'revenue': 20.01, 'unit': 'M', 'net_profit': -27.46}]",,,,,,,,,,,,,,,,,__nan__,__nan__
289,PT,Pintec Technology Holdings Limited American Depositary Shares,,,,,,,,,,-9.6,0.0005,28407,,,[],"[{'period': ""Q2 '25"", 'revenue': 7.66, 'unit': 'M', 'net_profit': -2.44}, {'period': ""Q1 '25"", 'revenue': 7.66, 'unit': 'M', 'net_profit': -2.44}, {'period': ""Q4 '24"", 'revenue': 10.11, 'unit': 'M', 'net_profit': -3.51}, {'period': ""Q3 '24"", 'revenue': 10.11, 'unit': 'M', 'net_profit': -3.51}, {'period': ""Q2 '24"", 'revenue': 7.46, 'unit': 'M', 'net_profit': -4.21}, {'period': ""Q1 '24"", 'revenue': 7.46, 'unit': 'M', 'net_profit': -4.21}]",,,,,,,,,,,,,,,,,__nan__,__nan__
290,PTC,PTC Inc. Common Stock,,,,,,,,,,20.3,-6.4,1448515,,,[],"[{'period': ""Q1 '26"", 'revenue': 685.83, 'unit': 'M', 'net_profit': 166.52}, {'period': ""Q4 '25"", 'revenue': 893.79, 'unit': 'M', 'net_profit': 347.79}, {'period': ""Q3 '25"", 'revenue': 643.94, 'unit': 'M', 'net_profit': 141.33}, {'period': ""Q2 '25"", 'revenue': 636.37, 'unit': 'M', 'net_profit': 162.64}, {'period': ""Q1 '25"", 'revenue': 565.13, 'unit': 'M', 'net_profit': 82.23}, {'period': ""Q4 '24"", 'revenue': 626.55, 'unit': 'M', 'net_profit': 126.52}]",,,,,,,,,,,,,,,,,__nan__,__nan__
291,PTCT,PTC Therapeutics Inc. Common Stock,,,,,,,,,,7.71,-0.87,1013120,,,[],"[{'period': ""Q4 '25"", 'revenue': 164.68, 'unit': 'M', 'net_profit': -134.97}, {'period': ""Q3 '25"", 'revenue': 211.01, 'unit': 'M', 'net_profit': 15.9}, {'period': ""Q2 '25"", 'revenue': 178.88, 'unit': 'M', 'net_profit': -64.85}, {'period': ""Q1 '25"", 'revenue': 1180.0, 'unit': 'M', 'net_profit': 866.56}, {'period': ""Q4 '24"", 'revenue': 213.17, 'unit': 'M', 'net_profit': -65.89}, {'period': ""Q3 '24"", 'revenue': 196.79, 'unit': 'M', 'net_profit': -106.65}]",,,,,,,,,,,,,,,,,__nan__,__nan__
292,PTE,PolarityTE Inc. Common Stock,,,,,,,,,,-0.41551724137931034,-0.002,8317499,,,[],"[{'period': ""Q1 '23"", 'revenue': 0.0, 'unit': 'M', 'net_profit': -3.24}, {'period': ""Q4 '22"", 'revenue': 0.0, 'unit': 'M', 'net_profit': 15.45}, {'period': ""Q3 '22"", 'revenue': 0.0, 'unit': 'M', 'net_profit': -1.4}, {'period': ""Q2 '22"", 'revenue': 0.073, 'unit': 'M', 'net_profit': 6.59}, {'period': ""Q1 '22"", 'revenue': 0.741, 'unit': 'M', 'net_profit': 1.28}, {'period': ""Q4 '21"", 'revenue': 1.04, 'unit': 'M', 'net_profit': -8.55}]",,,,,,,,,,,,,,,,,__nan__,__nan__
293,PTEN,Patterson-UTI Energy Inc. Common Stock,,,,,,,,,,-47.33,0.1,10833266,,,[],"[{'period': ""Q4 '25"", 'revenue': 1150.0, 'unit': 'M', 'net_profit': -9.09}, {'period': ""Q3 '25"", 'revenue': 1180.0, 'unit': 'M', 'net_profit': -36.4}, {'period': ""Q2 '25"", 'revenue': 1220.0, 'unit': 'M', 'net_profit': -49.14}, {'period': ""Q1 '25"", 'revenue': 1280.0, 'unit': 'M', 'net_profit': 1.0}, {'period': ""Q4 '24"", 'revenue': 1160.0, 'unit': 'M', 'net_profit': -51.58}, {'period': ""Q3 '24"", 'revenue': 1360.0, 'unit': 'M', 'net_profit': -978.76}]",,,,,,,,,,,,,,,,,__nan__,__nan__
294,PTGX,Protagonist Therapeutics Inc. Common Stock,,,,,,,,,,-48.28,-3.2,781903,,,[],"[{'period': ""Q4 '25"", 'revenue': 7.44, 'unit': 'M', 'net_profit': -44.38}, {'period': ""Q3 '25"", 'revenue': 4.71, 'unit': 'M', 'net_profit': -39.34}, {'period': ""Q2 '25"", 'revenue': 5.55, 'unit': 'M', 'net_profit': -34.77}, {'period': ""Q1 '25"", 'revenue': 28.32, 'unit': 'M', 'net_profit': -11.65}, {'period': ""Q4 '24"", 'revenue': 170.64, 'unit': 'M', 'net_profit': 131.67}, {'period': ""Q3 '24"", 'revenue': 4.67, 'unit': 'M', 'net_profit': -33.21}]",,,,,,,,,,,,,,,,,__nan__,__nan__
295,PTIC,PropTech Investment Corporation II Class A Common Stock,,,,,,,,,,268.25,0.79,28414,,,[],"[{'period': ""Q3 '22"", 'revenue': 0.0, 'unit': 'K', 'net_profit': -830.0}, {'period': ""Q2 '22"", 'revenue': 0.0, 'unit': 'M', 'net_profit': -5.23}, {'period': ""Q1 '22"", 'revenue': 0.0, 'unit': 'T', 'net_profit': 7.98}, {'period': ""Q4 '21"", 'revenue': 0.0, 'unit': 'M', 'net_profit': 6.21}, {'period': ""Q3 '21"", 'revenue': 0.0, 'unit': 'M', 'net_profit': 1.96}, {'period': ""Q2 '21"", 'revenue': 0.0, 'unit': 'M', 'net_profit': -2.72}]",,,,,,,,,,,,,,,,,__nan__,__nan__
296,PTICU,PropTech Investment Corporation II Unit,,,,,,,,,,51.16504854368932,1.26,2157,,,[],"[{'period': ""Q3 '22"", 'revenue': 0.0, 'unit': 'K', 'net_profit': -830.0}, {'period': ""Q2 '22"", 'revenue': 0.0, 'unit': 'M', 'net_profit': -5.23}, {'period': ""Q1 '22"", 'revenue': 0.0, 'unit': 'T', 'net_profit': 7.98}, {'period': ""Q4 '21"", 'revenue': 0.0, 'unit': 'M', 'net_profit': 6.21}, {'period': ""Q3 '21"", 'revenue': 0.0, 'unit': 'M', 'net_profit': 1.96}, {'period': ""Q2 '21"", 'revenue': 0.0, 'unit': 'M', 'net_profit': -2.72}]",,,,,,,,,,,,,,,,,__nan__,__nan__
297,PTICW,PropTech Investment Corporation II Warrant,,,,,,,,,,0.0,-0.03,34542,,,[],"[{'period': ""Q3 '22"", 'revenue': 0.0, 'unit': 'K', 'net_profit': -830.0}, {'period': ""Q2 '22"", 'revenue': 0.0, 'unit': 'M', 'net_profit': -5.23}, {'period': ""Q1 '22"", 'revenue': 0.0, 'unit': 'T', 'net_profit': 7.98}, {'period': ""Q4 '21"", 'revenue': 0.0, 'unit': 'M', 'net_profit': 6.21}, {'period': ""Q3 '21"", 'revenue': 0.0, 'unit': 'M', 'net_profit': 1.96}, {'period': ""Q2 '21"", 'revenue': 0.0, 'unit': 'M', 'net_profit': -2.72}]",,,,,,,,,,,,,,,,,__nan__,__nan__
298,PTIX,Protagenic Therapeutics Inc. Common Stock,,,,,,,,,,-0.04,-0.23,3,,,[],"[{'period': ""Q4 '25"", 'revenue': 0.0, 'unit': 'M', 'net_profit': 2.21}, {'period': ""Q3 '25"", 'revenue': 0.0, 'unit': 'K', 'net_profit': -869.5}, {'period': ""Q2 '25"", 'revenue': 0.0, 'unit': 'M', 'net_profit': -5.06}, {'period': ""Q1 '25"", 'revenue': 0.0, 'unit': 'M', 'net_profit': -1.44}, {'period': ""Q4 '24"", 'revenue': -0.025140000000000003, 'unit': 'M', 'net_profit': -1.55}, {'period': ""Q3 '24"", 'revenue': 0.0, 'unit': 'K', 'net_profit': -641.0}]",,,,,,,,,,,,,,,,,__nan__,__nan__
299,PTIXW,Protagenic Therapeutics Inc. Warrant,,,,,,,,,,0.0,-0.001,24019,,,[],"[{'period': ""Q4 '25"", 'revenue': 0.0, 'unit': 'M', 'net_profit': 2.21}, {'period': ""Q3 '25"", 'revenue': 0.0, 'unit': 'K', 'net_profit': -869.5}, {'period': ""Q2 '25"", 'revenue': 0.0, 'unit': 'M', 'net_profit': -5.06}, {'period': ""Q1 '25"", 'revenue': 0.0, 'unit': 'M', 'net_profit': -1.44}, {'period': ""Q4 '24"", 'revenue': -0.025140000000000003, 'unit': 'M', 'net_profit': -1.55}, {'period': ""Q3 '24"", 'revenue': 0.0, 'unit': 'K', 'net_profit': -641.0}]",,,,,,,,,,,,,,,,,__nan__,__nan__
300,PTMN,Portman Ridge Finance Corporation Common Stock,,,,,,,,,,-13.053191489361701,0.17,53281,,,[],"[{'period': ""Q4 '25"", 'revenue': 14680000.0, 'unit': '', 'net_profit': 0.0}, {'period': ""Q3 '25"", 'revenue': 14730000.0, 'unit': '', 'net_profit': 0.0}, {'period': ""Q2 '25"", 'revenue': -3.21, 'unit': 'M', 'net_profit': -4.52}, {'period': ""Q1 '25"", 'revenue': 12.12, 'unit': 'M', 'net_profit': -4.25}, {'period': ""Q4 '24"", 'revenue': 3.28, 'unit': 'M', 'net_profit': -2.54}, {'period': ""Q3 '24"", 'revenue': 3.76, 'unit': 'M', 'net_profit': -1.51}]",,,,,,,,,,,,,,,,,__nan__,__nan__
301,PTNR,Partner Communications Company Ltd. American Depositary Shares,,,,,,,,,,0.0,0.0,35591,,,[],"[{'period': ""Q3 '22"", 'revenue': 891.0, 'unit': 'M', 'net_profit': 51.0}, {'period': ""Q2 '22"", 'revenue': 859.0, 'unit': 'M', 'net_profit': 47.0}, {'period': ""Q1 '22"", 'revenue': 854.0, 'unit': 'M', 'net_profit': 39.0}, {'period': ""Q4 '21"", 'revenue': 853.0, 'unit': 'M', 'net_profit': 77.0}, {'period': ""Q3 '21"", 'revenue': 837.0, 'unit': 'M', 'net_profit': 24.0}, {'period': ""Q2 '21"", 'revenue': 840.0, 'unit': 'M', 'net_profit': 9.0}]",,,,,,,,,,,,,,,,,__nan__,__nan__
302,PTOC,Pine Technology Acquisition Corp. Class A Common Stock,,,,,,,,,,72.64285714285714,0.03,209912,,,[],"[{'period': ""Q3 '22"", 'revenue': 0.0, 'unit': 'M', 'net_profit': 1.14}, {'period': ""Q2 '22"", 'revenue': 0.0, 'unit': 'M', 'net_profit': 1.75}, {'period': ""Q1 '22"", 'revenue': 0.0, 'unit': 'M', 'net_profit': 40.79}, {'period': ""Q4 '21"", 'revenue': 0.0, 'unit': 'M', 'net_profit': -15.29}, {'period': ""Q3 '21"", 'revenue': 0.0, 'unit': 'M', 'net_profit': 1.41}, {'period': ""Q2 '21"", 'revenue': 0.0, 'unit': 'M', 'net_profit': 6.42}]",,,,,,,,,,,,,,,,,__nan__,__nan__
303,PTOCU,Pine Technology Acquisition Corp. Unit,,,,,,,,,,22.17105263157895,0.0,64,,,[],"[{'period': ""Q3 '22"", 'revenue': 0.0, 'unit': 'M', 'net_profit': 1.14}, {'period': ""Q2 '22"", 'revenue': 0.0, 'unit': 'M', 'net_profit': 1.75}, {'period': ""Q1 '22"", 'revenue': 0.0, 'unit': 'M', 'net_profit': 40.79}, {'period': ""Q4 '21"", 'revenue': 0.0, 'unit': 'M', 'net_profit': -15.29}, {'period': ""Q3 '21"", 'revenue': 0.0, 'unit': 'M', 'net_profit': 1.41}, {'period': ""Q2 '21"", 'revenue': 0.0, 'unit': 'M', 'net_profit': 6.42}]",,,,,,,,,,,,,,,,,__nan__,__nan__
304,PTOCW,Pine Technology Acquisition Corp. Warrant,,,,,,,,,,0.0,0.0001,6438,,,[],"[{'period': ""Q3 '22"", 'revenue': 0.0, 'unit': 'M', 'net_profit': 1.14}, {'period': ""Q2 '22"", 'revenue': 0.0, 'unit': 'M', 'net_profit': 1.75}, {'period': ""Q1 '22"", 'revenue': 0.0, 'unit': 'M', 'net_profit': 40.79}, {'period': ""Q4 '21"", 'revenue': 0.0, 'unit': 'M', 'net_profit': -15.29}, {'period': ""Q3 '21"", 'revenue': 0.0, 'unit': 'M', 'net_profit': 1.41}, {'period': ""Q2 '21"", 'revenue': 0.0, 'unit': 'M', 'net_profit': 6.42}]",,,,,,,,,,,,,,,,,__nan__,__nan__
305,PTON,Peloton Interactive Inc. Class A Common Stock,,,,,,,,,,-36.92,0.36,37407135,,,[],"[{'period': ""Q2 '26"", 'revenue': 656.5, 'unit': 'M', 'net_profit': -38.7}, {'period': ""Q1 '26"", 'revenue': 550.8, 'unit': 'M', 'net_profit': 13.9}, {'period': ""Q4 '25"", 'revenue': 606.9, 'unit': 'M', 'net_profit': 21.6}, {'period': ""Q3 '25"", 'revenue': 624.0, 'unit': 'M', 'net_profit': -47.7}, {'period': ""Q2 '25"", 'revenue': 674.0, 'unit': 'M', 'net_profit': -92.0}, {'period': ""Q1 '25"", 'revenue': 585900.0, 'unit': 'K', 'net_profit': -900.0}]",,,,,,,,,,,,,,,,,__nan__,__nan__
306,PTPI,Petros Pharmaceuticals Inc. Common Stock,,,,,,,,,,,-0.001,17028,,,[],"[{'period': ""Q3 '25"", 'revenue': 0.0, 'unit': 'K', 'net_profit': -922.72}, {'period': ""Q2 '25"", 'revenue': 0.0, 'unit': 'M', 'net_profit': 5.43}, {'period': ""Q1 '25"", 'revenue': 0.0, 'unit': 'M', 'net_profit': -2.26}, {'period': ""Q4 '24"", 'revenue': 0.7254, 'unit': 'M', 'net_profit': -9.27}, {'period': ""Q3 '24"", 'revenue': 1.58, 'unit': 'M', 'net_profit': -2.22}, {'period': ""Q2 '24"", 'revenue': 1420.0, 'unit': 'K', 'net_profit': -662.03}]",,,,,,,,,,,,,,,,,__nan__,__nan__
307,PTRS,Partners Bancorp Common Stock,,,,,,,,,,8.03370786516854,0.07,157109,,,[],"[{'period': ""Q3 '23"", 'revenue': 16.39, 'unit': 'M', 'net_profit': 4.54}, {'period': ""Q2 '23"", 'revenue': 15.91, 'unit': 'M', 'net_profit': 3.76}, {'period': ""Q1 '23"", 'revenue': 16.42, 'unit': 'M', 'net_profit': 3.33}, {'period': ""Q4 '22"", 'revenue': 17.22, 'unit': 'M', 'net_profit': 4.22}, {'period': ""Q3 '22"", 'revenue': 1.1e-05, 'unit': 'M', 'net_profit': 4.11}, {'period': ""Q2 '22"", 'revenue': 14.34, 'unit': 'M', 'net_profit': 3.18}]",,,,,,,,,,,,,,,,,__nan__,__nan__
308,PTSI,P.A.M. Transportation Services Inc. Common Stock,,,,,,,,,,-164.33333333333334,,0,,,[],"[{'period': ""Q4 '25"", 'revenue': 141.32, 'unit': 'M', 'net_profit': -29.25}, {'period': ""Q3 '25"", 'revenue': 150.26, 'unit': 'M', 'net_profit': -5.59}, {'period': ""Q2 '25"", 'revenue': 151.13, 'unit': 'M', 'net_profit': -9.63}, {'period': ""Q1 '25"", 'revenue': 155.34, 'unit': 'M', 'net_profit': -8.14}, {'period': ""Q4 '24"", 'revenue': -548120.0, 'unit': 'K', 'net_profit': 204.8}, {'period': ""Q3 '24"", 'revenue': 182.58, 'unit': 'M', 'net_profit': 2.41}]",,,,,,,,,,,,,,,,,__nan__,__nan__
309,PTVCA,Protective Insurance Corporation Class A Common Stock,,,,,,,,,,,,,,,[],"[{'period': ""Q1 '21"", 'revenue': 140.53, 'unit': 'M', 'net_profit': 12.94}, {'period': ""Q4 '20"", 'revenue': 0.0, 'unit': 'M', 'net_profit': 4.46}, {'period': ""Q3 '20"", 'revenue': 124.95, 'unit': 'M', 'net_profit': 3.28}, {'period': ""Q2 '20"", 'revenue': 116.61, 'unit': 'M', 'net_profit': 11.37}, {'period': ""Q1 '20"", 'revenue': 90.8, 'unit': 'M', 'net_profit': -22.16}, {'period': ""Q4 '19"", 'revenue': 0.0, 'unit': 'M', 'net_profit': 7.35}]",,,,,,,,,,,,,,,,,__nan__,__nan__
310,PTVCB,Protective Insurance Corporation Class B Common Stock,,,,,,,,,,,,,,,[],"[{'period': ""Q1 '21"", 'revenue': 140.53, 'unit': 'M', 'net_profit': 12.94}, {'period': ""Q4 '20"", 'revenue': 136.38, 'unit': 'M', 'net_profit': 11.97}, {'period': ""Q3 '20"", 'revenue': 34.15, 'unit': 'M', 'net_profit': 25.44}, {'period': ""Q2 '20"", 'revenue': 99.62, 'unit': 'M', 'net_profit': 11.37}, {'period': ""Q1 '20"", 'revenue': 111.32, 'unit': 'M', 'net_profit': -22.16}, {'period': ""Q4 '19"", 'revenue': 113.77, 'unit': 'M', 'net_profit': 3.77}]",,,,,,,,,,,,,,,,,__nan__,__nan__
311,PTVE,Pactiv Evergreen Inc. Common stock,,,,,,,,,,-23.38961038961039,0.0,5762075,,,[],"[{'period': ""Q4 '24"", 'revenue': 1230.0, 'unit': 'M', 'net_profit': 49.0}, {'period': ""Q3 '24"", 'revenue': 1330.0, 'unit': 'M', 'net_profit': -213.0}, {'period': ""Q2 '24"", 'revenue': 1340.0, 'unit': 'M', 'net_profit': 19.0}, {'period': ""Q1 '24"", 'revenue': 1170.0, 'unit': 'M', 'net_profit': 20.0}, {'period': ""Q4 '23"", 'revenue': 1270.0, 'unit': 'M', 'net_profit': 21.0}, {'period': ""Q3 '23"", 'revenue': 1380.0, 'unit': 'M', 'net_profit': 72.0}]",,,,,,,,,,,,,,,,,__nan__,__nan__
312,PUBM,PubMatic Inc. Class A Common Stock,,,,,,,,,,-26.42,-0.12,1150540,,,[],"[{'period': ""Q4 '25"", 'revenue': 80.05, 'unit': 'M', 'net_profit': 6.68}, {'period': ""Q3 '25"", 'revenue': 67.96, 'unit': 'M', 'net_profit': -6.45}, {'period': ""Q2 '25"", 'revenue': 71.09, 'unit': 'M', 'net_profit': -5.21}, {'period': ""Q1 '25"", 'revenue': 63.83, 'unit': 'M', 'net_profit': -9.49}, {'period': ""Q4 '24"", 'revenue': 85.5, 'unit': 'M', 'net_profit': 13.9}, {'period': ""Q3 '24"", 'revenue': 71790.0, 'unit': 'K', 'net_profit': -912.0}]",,,,,,,,,,,,,,,,,__nan__,__nan__
313,PUCK,Goal Acquisitions Corp. Common Stock,,,,,,,,,,-36.67,0.0,1,,,[],"[{'period': ""Q3 '24"", 'revenue': 0.0, 'unit': 'K', 'net_profit': -594.0}, {'period': ""Q2 '24"", 'revenue': 0.0, 'unit': 'K', 'net_profit': -734.0}, {'period': ""Q1 '24"", 'revenue': 0.0, 'unit': 'K', 'net_profit': -593.0}, {'period': ""Q4 '23"", 'revenue': 0.0, 'unit': 'K', 'net_profit': -573.0}, {'period': ""Q3 '23"", 'revenue': 0.0, 'unit': 'K', 'net_profit': 17.58}, {'period': ""Q2 '23"", 'revenue': 0.0, 'unit': 'K', 'net_profit': -191.0}]",,,,,,,,,,,,,,,,,__nan__,__nan__
314,PUCKU,Goal Acquisitions Corp. Unit,,,,,,,,,,-200.0,0.0,100,,,[],"[{'period': ""Q3 '24"", 'revenue': 0.0, 'unit': 'K', 'net_profit': -594.0}, {'period': ""Q2 '24"", 'revenue': 0.0, 'unit': 'K', 'net_profit': -734.0}, {'period': ""Q1 '24"", 'revenue': 0.0, 'unit': 'K', 'net_profit': -593.0}, {'period': ""Q4 '23"", 'revenue': 0.0, 'unit': 'K', 'net_profit': -573.0}, {'period': ""Q3 '23"", 'revenue': 0.0, 'unit': 'K', 'net_profit': 17.58}, {'period': ""Q2 '23"", 'revenue': 0.0, 'unit': 'K', 'net_profit': -191.0}]",,,,,,,,,,,,,,,,,__nan__,__nan__
315,PUCKW,Goal Acquisitions Corp. Warrant,,,,,,,,,,0.0,-0.0047,19300,,,[],"[{'period': ""Q3 '24"", 'revenue': 0.0, 'unit': 'K', 'net_profit': -594.0}, {'period': ""Q2 '24"", 'revenue': 0.0, 'unit': 'K', 'net_profit': -734.0}, {'period': ""Q1 '24"", 'revenue': 0.0, 'unit': 'K', 'net_profit': -593.0}, {'period': ""Q4 '23"", 'revenue': 0.0, 'unit': 'K', 'net_profit': -573.0}, {'period': ""Q3 '23"", 'revenue': 0.0, 'unit': 'K', 'net_profit': 17.58}, {'period': ""Q2 '23"", 'revenue': 0.0, 'unit': 'K', 'net_profit': -191.0}]",,,,,,,,,,,,,,,,,__nan__,__nan__
316,PULM,Pulmatrix Inc. Common Stock,,,,,,,,,,-0.96,-0.15,143654,,,[],"[{'period': ""Q4 '25"", 'revenue': 0.0, 'unit': 'K', 'net_profit': -928.0}, {'period': ""Q3 '25"", 'revenue': 0.0, 'unit': 'K', 'net_profit': -877.0}, {'period': ""Q2 '25"", 'revenue': 0.0, 'unit': 'M', 'net_profit': -1.55}, {'period': ""Q1 '25"", 'revenue': 0.0, 'unit': 'M', 'net_profit': -1.81}, {'period': ""Q4 '24"", 'revenue': 0.003, 'unit': 'M', 'net_profit': -1.99}, {'period': ""Q3 '24"", 'revenue': 0.366, 'unit': 'M', 'net_profit': -2.59}]",,,,,,,,,,,,,,,,,__nan__,__nan__
317,PUYI,Puyi Inc. American Depository Shares,,,,,,,,,,-89.6,2.27,13581,,,[],"[{'period': ""Q4 '23"", 'revenue': 48.08, 'unit': 'M', 'net_profit': -12.67}, {'period': ""Q2 '23"", 'revenue': 67.15, 'unit': 'M', 'net_profit': -30.86}, {'period': ""Q4 '22"", 'revenue': 90.21, 'unit': 'M', 'net_profit': -22.15}, {'period': ""Q2 '22"", 'revenue': 98.53, 'unit': 'M', 'net_profit': -38.52}, {'period': ""Q4 '21"", 'revenue': 95.6, 'unit': 'M', 'net_profit': -23.18}, {'period': ""Q2 '21"", 'revenue': 95.6, 'unit': 'M', 'net_profit': -23.18}]",,,,,,,,,,,,,,,,,__nan__,__nan__
318,PVAC,Penn Virginia Corporation Common Stock,,,,,,,,,,0.0,-0.960001,624716,,,[],"[{'period': ""Q3 '22"", 'revenue': 305.09, 'unit': 'M', 'net_profit': 227.59}, {'period': ""Q3 '21"", 'revenue': 140.13, 'unit': 'M', 'net_profit': 43.06}, {'period': ""Q2 '21"", 'revenue': 123.79, 'unit': 'M', 'net_profit': 7.6}, {'period': ""Q1 '21"", 'revenue': 88.31, 'unit': 'M', 'net_profit': -20.02}, {'period': ""Q4 '20"", 'revenue': 67.0, 'unit': 'M', 'net_profit': -135.52}, {'period': ""Q3 '20"", 'revenue': 69.41, 'unit': 'M', 'net_profit': -243.41}]",,,,,,,,,,,,,,,,,__nan__,__nan__
319,PVBC,Provident Bancorp Inc. (MD) Common Stock,,,,,,,,,,18.243243243243242,0.4,395545,,,[],"[{'period': ""Q3 '25"", 'revenue': 22.57, 'unit': 'M', 'net_profit': 2.67}, {'period': ""Q2 '25"", 'revenue': 23.16, 'unit': 'M', 'net_profit': 2.82}, {'period': ""Q1 '25"", 'revenue': 21.64, 'unit': 'M', 'net_profit': 2.17}, {'period': ""Q4 '24"", 'revenue': 24.2, 'unit': 'M', 'net_profit': 4.88}, {'period': ""Q3 '24"", 'revenue': 23730.0, 'unit': 'K', 'net_profit': 716.0}, {'period': ""Q2 '24"", 'revenue': 23.16, 'unit': 'M', 'net_profit': -3.31}]",,,,,,,,,,,,,,,,,__nan__,__nan__
320,PWFL,PowerFleet Inc. Common Stock,,,,,,,,,,-9.326530612244898,0.01,13698637,,,[],"[{'period': ""Q3 '26"", 'revenue': 113.49, 'unit': 'M', 'net_profit': -3.36}, {'period': ""Q2 '26"", 'revenue': 111.68, 'unit': 'M', 'net_profit': -4.29}, {'period': ""Q1 '26"", 'revenue': 104.12, 'unit': 'M', 'net_profit': -10.23}, {'period': ""Q4 '25"", 'revenue': 103.64, 'unit': 'M', 'net_profit': -12.44}, {'period': ""Q3 '25"", 'revenue': 106.43, 'unit': 'M', 'net_profit': -7.72}, {'period': ""Q2 '25"", 'revenue': 77.02, 'unit': 'M', 'net_profit': -1.89}]",,,,,,,,,,,,,,,,,__nan__,__nan__
321,PWOD,Penns Woods Bancorp Inc. Common Stock,,,,,,,,,,10.75268817204301,-0.5,114247,,,[],"[{'period': ""Q1 '25"", 'revenue': 30.95, 'unit': 'M', 'net_profit': 7.37}, {'period': ""Q4 '24"", 'revenue': 30.96, 'unit': 'M', 'net_profit': 3.74}, {'period': ""Q3 '24"", 'revenue': 30.61, 'unit': 'M', 'net_profit': 4.8}, {'period': ""Q2 '24"", 'revenue': 29.05, 'unit': 'M', 'net_profit': 5.39}, {'period': ""Q1 '24"", 'revenue': 28.69, 'unit': 'M', 'net_profit': 3.81}, {'period': ""Q4 '23"", 'revenue': 28.14, 'unit': 'M', 'net_profit': 5.55}]",,,,,,,,,,,,,,,,,__nan__,__nan__
322,PXLW,Pixelworks Inc.  Common Stock,,,,,,,,,,-3.35,-0.23,55050,,,[],"[{'period': ""Q4 '25"", 'revenue': -23.42, 'unit': 'M', 'net_profit': -3.72}, {'period': ""Q3 '25"", 'revenue': 8.77, 'unit': 'M', 'net_profit': -4.59}, {'period': ""Q2 '25"", 'revenue': 8.25, 'unit': 'M', 'net_profit': -6.71}, {'period': ""Q1 '25"", 'revenue': 7.09, 'unit': 'M', 'net_profit': -7.76}, {'period': ""Q4 '24"", 'revenue': 9.09, 'unit': 'M', 'net_profit': -5.36}, {'period': ""Q3 '24"", 'revenue': 9.53, 'unit': 'M', 'net_profit': -8.14}]",,,,,,,,,,,,,,,,,__nan__,__nan__
323,PXS,Pyxis Tankers Inc. Common Stock,,,,,,,,,,-19.17,-0.05,18304,,,[],"[{'period': ""Q4 '25"", 'revenue': 10.54, 'unit': 'M', 'net_profit': 2.04}, {'period': ""Q3 '25"", 'revenue': 9.7, 'unit': 'M', 'net_profit': 1.2}, {'period': ""Q2 '25"", 'revenue': 9.15, 'unit': 'M', 'net_profit': -2.0}, {'period': ""Q1 '25"", 'revenue': 9610.0, 'unit': 'K', 'net_profit': 766.0}, {'period': ""Q4 '24"", 'revenue': 12040.0, 'unit': 'K', 'net_profit': 314.0}, {'period': ""Q3 '24"", 'revenue': 13.79, 'unit': 'M', 'net_profit': 3.71}]",,,,,,,,,,,,,,,,,__nan__,__nan__
324,PXSAP,Pyxis Tankers Inc. 7.75% Series A Cumulative Convertible Preferred Shares,,,,,,,,,,-16.95186693822132,-0.0299,761,,,[],"[{'period': ""Q4 '25"", 'revenue': 10.54, 'unit': 'M', 'net_profit': 2.04}, {'period': ""Q3 '25"", 'revenue': 9.7, 'unit': 'M', 'net_profit': 1.2}, {'period': ""Q2 '25"", 'revenue': 9.15, 'unit': 'M', 'net_profit': -2.0}, {'period': ""Q1 '25"", 'revenue': 9610.0, 'unit': 'K', 'net_profit': 766.0}, {'period': ""Q4 '24"", 'revenue': 12040.0, 'unit': 'K', 'net_profit': 314.0}, {'period': ""Q3 '24"", 'revenue': 13.79, 'unit': 'M', 'net_profit': 3.71}]",,,,,,,,,,,,,,,,,__nan__,__nan__
325,PXSAW,Pyxis Tankers Inc. Warrant,,,,,,,,,,0.0,-0.0139,159316,,,[],"[{'period': ""Q4 '25"", 'revenue': 10.54, 'unit': 'M', 'net_profit': 2.04}, {'period': ""Q3 '25"", 'revenue': 9.7, 'unit': 'M', 'net_profit': 1.2}, {'period': ""Q2 '25"", 'revenue': 9.15, 'unit': 'M', 'net_profit': -2.0}, {'period': ""Q1 '25"", 'revenue': 9610.0, 'unit': 'K', 'net_profit': 766.0}, {'period': ""Q4 '24"", 'revenue': 12040.0, 'unit': 'K', 'net_profit': 314.0}, {'period': ""Q3 '24"", 'revenue': 13.79, 'unit': 'M', 'net_profit': 3.71}]",,,,,,,,,,,,,,,,,__nan__,__nan__
326,PYPD,PolyPid Ltd. Ordinary Shares,,,,,,,,,,-2.05,-0.04,51330,,,[],"[{'period': ""Q4 '25"", 'revenue': 0.0, 'unit': 'M', 'net_profit': -8.47}, {'period': ""Q3 '25"", 'revenue': 0.0, 'unit': 'M', 'net_profit': -7.45}, {'period': ""Q2 '25"", 'revenue': 0.0, 'unit': 'M', 'net_profit': -9.98}, {'period': ""Q1 '25"", 'revenue': 0.0, 'unit': 'M', 'net_profit': -8.27}, {'period': ""Q4 '24"", 'revenue': 0.0, 'unit': 'M', 'net_profit': -8.52}, {'period': ""Q3 '24"", 'revenue': 0.0, 'unit': 'M', 'net_profit': -7.76}]",,,,,,,,,,,,,,,,,__nan__,__nan__
327,PYPL,PayPal Holdings Inc. Common Stock,,,,,,,,,,8.06,-1.61,17389085,,,[],"[{'period': ""Q4 '25"", 'revenue': 8.68, 'unit': 'B', 'net_profit': 1.44}, {'period': ""Q3 '25"", 'revenue': 8.42, 'unit': 'B', 'net_profit': 1.25}, {'period': ""Q2 '25"", 'revenue': 8.29, 'unit': 'B', 'net_profit': 1.26}, {'period': ""Q1 '25"", 'revenue': 7.79, 'unit': 'B', 'net_profit': 1.29}, {'period': ""Q4 '24"", 'revenue': 8.37, 'unit': 'B', 'net_profit': 1.12}, {'period': ""Q3 '24"", 'revenue': 7.85, 'unit': 'B', 'net_profit': 1.01}]",,,,,,,,,,,,,,,,,__nan__,__nan__
328,PYR,PyroGenesis Canada Inc. Common Shares,,,,,,,,,,-3.1658333333333335,0.0,24183,,,[],"[{'period': ""Q3 '23"", 'revenue': 3.69, 'unit': 'M', 'net_profit': -6.23}, {'period': ""Q2 '23"", 'revenue': 3.04, 'unit': 'M', 'net_profit': -6.35}, {'period': ""Q1 '23"", 'revenue': 2.59, 'unit': 'M', 'net_profit': -5.84}, {'period': ""Q4 '22"", 'revenue': 3.3, 'unit': 'M', 'net_profit': -10.94}, {'period': ""Q3 '22"", 'revenue': 5.66, 'unit': 'M', 'net_profit': -6.06}, {'period': ""Q2 '22"", 'revenue': 5.85, 'unit': 'M', 'net_profit': -13.05}]",,,,,,,,,,,,,,,,,__nan__,__nan__
329,PZZA,Papa John's International Inc. Common Stock,,,,,,,,,,35.29,-0.88,933569,,,[],"[{'period': ""Q4 '25"", 'revenue': 498.18, 'unit': 'M', 'net_profit': 7.07}, {'period': ""Q3 '25"", 'revenue': 508.15, 'unit': 'M', 'net_profit': 4.71}, {'period': ""Q2 '25"", 'revenue': 529.17, 'unit': 'M', 'net_profit': 9.53}, {'period': ""Q1 '25"", 'revenue': 518.31, 'unit': 'M', 'net_profit': 9.22}, {'period': ""Q4 '24"", 'revenue': 530.77, 'unit': 'M', 'net_profit': 14.8}, {'period': ""Q3 '24"", 'revenue': 506.81, 'unit': 'M', 'net_profit': 41.81}]",,,,,,,,,,,,,,,,,__nan__,__nan__
330,QADA,QAD Inc. Class A Common Stock,,,,,,,,,,0.0,0.02000427,0,,,[],"[{'period': ""Q2 '22"", 'revenue': 84.84, 'unit': 'M', 'net_profit': -6.32}, {'period': ""Q1 '22"", 'revenue': 82.97, 'unit': 'M', 'net_profit': 1.83}, {'period': ""Q4 '21"", 'revenue': 82.98, 'unit': 'M', 'net_profit': 8.2}, {'period': ""Q3 '21"", 'revenue': 76.66, 'unit': 'M', 'net_profit': 3.21}, {'period': ""Q2 '21"", 'revenue': 74080.0, 'unit': 'K', 'net_profit': 60.0}, {'period': ""Q1 '21"", 'revenue': 74150.0, 'unit': 'K', 'net_profit': -410.0}]",,,,,,,,,,,,,,,,,__nan__,__nan__
331,QADB,QAD Inc. Class B Common Stock,,,,,,,,,,143.2733224222586,0.0,0,,,[],"[{'period': ""Q2 '22"", 'revenue': 84.84, 'unit': 'M', 'net_profit': -6.32}, {'period': ""Q1 '22"", 'revenue': 82.97, 'unit': 'M', 'net_profit': 1.83}, {'period': ""Q4 '21"", 'revenue': 82.98, 'unit': 'M', 'net_profit': 8.2}, {'period': ""Q3 '21"", 'revenue': 76660.0, 'unit': 'K', 'net_profit': 3.21}, {'period': ""Q2 '21"", 'revenue': 74080.0, 'unit': 'K', 'net_profit': 60.0}, {'period': ""Q1 '21"", 'revenue': 74150.0, 'unit': 'K', 'net_profit': -410.0}]",,,,,,,,,,,,,,,,,__nan__,__nan__
332,QCOM,QUALCOMM Incorporated Common Stock,,,,,,,,,,25.63,-3.43,8951083,,,[],"[{'period': ""Q1 '26"", 'revenue': 12.25, 'unit': 'B', 'net_profit': 3.0}, {'period': ""Q4 '25"", 'revenue': 11.27, 'unit': 'B', 'net_profit': -3.12}, {'period': ""Q3 '25"", 'revenue': 10.37, 'unit': 'B', 'net_profit': 2.67}, {'period': ""Q2 '25"", 'revenue': 10.98, 'unit': 'B', 'net_profit': 2.81}, {'period': ""Q1 '25"", 'revenue': 11.67, 'unit': 'B', 'net_profit': 3.18}, {'period': ""Q4 '24"", 'revenue': 10.24, 'unit': 'B', 'net_profit': 2.92}]",,,,,,,,,,,,,,,,,__nan__,__nan__
333,QCRH,QCR Holdings Inc. Common Stock,,,,,,,,,,11.14,-0.94,100198,,,[],"[{'period': ""Q4 '25"", 'revenue': 166.16, 'unit': 'M', 'net_profit': 35.66}, {'period': ""Q3 '25"", 'revenue': 159.32, 'unit': 'M', 'net_profit': 36.71}, {'period': ""Q2 '25"", 'revenue': 139.96, 'unit': 'M', 'net_profit': 29.02}, {'period': ""Q1 '25"", 'revenue': 131.31, 'unit': 'M', 'net_profit': 25.8}, {'period': ""Q4 '24"", 'revenue': 149.45, 'unit': 'M', 'net_profit': 30.23}, {'period': ""Q3 '24"", 'revenue': 149.88, 'unit': 'M', 'net_profit': 27.79}]",,,,,,,,,,,,,,,,,__nan__,__nan__
334,QDEL,Quidel Corporation Common Stock,,,,,,,,,,-0.89,-0.82,2120052,,,[],"[{'period': ""Q4 '25"", 'revenue': 723.6, 'unit': 'M', 'net_profit': -130.7}, {'period': ""Q3 '25"", 'revenue': 699.9, 'unit': 'M', 'net_profit': -733.0}, {'period': ""Q2 '25"", 'revenue': 613.9, 'unit': 'M', 'net_profit': -255.4}, {'period': ""Q1 '25"", 'revenue': 692.8, 'unit': 'M', 'net_profit': -12.7}, {'period': ""Q4 '24"", 'revenue': 707.8, 'unit': 'M', 'net_profit': -178.4}, {'period': ""Q3 '24"", 'revenue': 727.1, 'unit': 'M', 'net_profit': -19.9}]",,,,,,,,,,,,,,,,,__nan__,__nan__
335,QELL,Qell Acquisition Corp. Class A Ordinary Shares,,,,,,,,,,0.0,0.02999973,737006,,,[],"[{'period': ""Q2 '21"", 'revenue': 0.0, 'unit': 'K', 'net_profit': -401.74}, {'period': ""Q4 '20"", 'revenue': 0.0, 'unit': 'M', 'net_profit': -293.71}]",,,,,,,,,,,,,,,,,__nan__,__nan__
336,QELLU,Qell Acquisition Corp. Unit,,,,,,,,,,0.0,0.0199995,11920,,,[],"[{'period': ""Q2 '21"", 'revenue': 0.0, 'unit': 'K', 'net_profit': -401.74}, {'period': ""Q4 '20"", 'revenue': 0.0, 'unit': 'M', 'net_profit': -293.71}]",,,,,,,,,,,,,,,,,__nan__,__nan__
337,QELLW,Qell Acquisition Corp. Warrant,,,,,,,,,,,,,,,[],"[{'period': ""Q1 '21"", 'revenue': 0.0, 'unit': 'M', 'net_profit': 23.59}, {'period': ""Q4 '20"", 'revenue': 0.0, 'unit': 'M', 'net_profit': -293.71}]",,,,,,,,,,,,,,,,,__nan__,__nan__
338,QFIN,360 DigiTech Inc. American Depositary Shares,,,,,,,,,,2.0,-0.09,1175957,,,[],"[{'period': ""Q4 '25"", 'revenue': 4040.0, 'unit': 'M', 'net_profit': 998.68}, {'period': ""Q3 '25"", 'revenue': 5.21, 'unit': 'B', 'net_profit': 1.44}, {'period': ""Q2 '25"", 'revenue': 4.33, 'unit': 'B', 'net_profit': 1.73}, {'period': ""Q1 '25"", 'revenue': 4.06, 'unit': 'B', 'net_profit': 1.8}, {'period': ""Q4 '24"", 'revenue': 4.48, 'unit': 'B', 'net_profit': 1.92}, {'period': ""Q3 '24"", 'revenue': 4.37, 'unit': 'B', 'net_profit': 1.8}]",,,,,,,,,,,,,,,,,__nan__,__nan__
339,QH,Quhuo Limited American Depository Shares,,,,,,,,,,,0.0135,9512985,,,[],"[{'period': ""Q2 '25"", 'revenue': 565.7, 'unit': 'M', 'net_profit': -26.55}, {'period': ""Q1 '25"", 'revenue': 565.7, 'unit': 'M', 'net_profit': -26.55}, {'period': ""Q4 '24"", 'revenue': 713.47, 'unit': 'M', 'net_profit': 27.62}, {'period': ""Q3 '24"", 'revenue': 713.47, 'unit': 'M', 'net_profit': 27.62}, {'period': ""Q2 '24"", 'revenue': 809.97, 'unit': 'M', 'net_profit': -26.27}, {'period': ""Q1 '24"", 'revenue': 809.97, 'unit': 'M', 'net_profit': -26.27}]",,,,,,,,,,,,,,,,,__nan__,__nan__
340,QIWI,QIWI plc American Depositary Shares,,,,,,,,,,1.1477732793522266,0.0,0,,,[],"[{'period': ""Q4 '23"", 'revenue': -45.91, 'unit': 'B', 'net_profit': -9.09}, {'period': ""Q3 '23"", 'revenue': 17.21, 'unit': 'B', 'net_profit': 2.86}, {'period': ""Q2 '23"", 'revenue': 18.04, 'unit': 'B', 'net_profit': 4.65}, {'period': ""Q1 '23"", 'revenue': 17.87, 'unit': 'B', 'net_profit': 4.34}, {'period': ""Q4 '22"", 'revenue': 14.81, 'unit': 'B', 'net_profit': 3.86}, {'period': ""Q3 '22"", 'revenue': 12.96, 'unit': 'B', 'net_profit': 4.46}]",,,,,,,,,,,,,,,,,__nan__,__nan__
341,QK,Q&K International Group Limited American Depositary Shares,,,,,,,,,,-0.31422018348623854,-0.1,5729,,,[],"[{'period': ""Q4 '25"", 'revenue': -87.47, 'unit': 'M', 'net_profit': -399.88}, {'period': ""Q2 '25"", 'revenue': 87.84, 'unit': 'M', 'net_profit': -338.86}, {'period': ""Q4 '24"", 'revenue': 211.62, 'unit': 'M', 'net_profit': -614.25}, {'period': ""Q2 '24"", 'revenue': 76.74, 'unit': 'M', 'net_profit': 387.43}, {'period': ""Q4 '23"", 'revenue': 0.0, 'unit': 'M', 'net_profit': -27.99}, {'period': ""Q2 '23"", 'revenue': 0.0, 'unit': 'M', 'net_profit': -43.33}]",,,,,,,,,,,,,,,,,__nan__,__nan__
342,QLGN,Qualigen Therapeutics Inc. Common Stock,,,,,,,,,,1.1263157894736842,0.17,368768,,,[],"[{'period': ""Q3 '25"", 'revenue': 0.0, 'unit': 'M', 'net_profit': -2.04}, {'period': ""Q2 '25"", 'revenue': 0.0, 'unit': 'M', 'net_profit': -1.69}, {'period': ""Q1 '25"", 'revenue': 0.0, 'unit': 'M', 'net_profit': -2.65}, {'period': ""Q4 '24"", 'revenue': 0.0, 'unit': 'K', 'net_profit': -855.82}, {'period': ""Q3 '24"", 'revenue': 0.0, 'unit': 'M', 'net_profit': -1.79}, {'period': ""Q2 '24"", 'revenue': 0.0, 'unit': 'M', 'net_profit': -1.58}]",,,,,,,,,,,,,,,,,__nan__,__nan__
343,QLI,Qilian International Holding Group Ltd. Ordinary Shares,,,,,,,,,,-4.918181818181818,-0.2,330,,,[],"[{'period': ""Q4 '23"", 'revenue': 17.31, 'unit': 'M', 'net_profit': -8.28}, {'period': ""Q2 '23"", 'revenue': 29160.0, 'unit': 'K', 'net_profit': 495.52}, {'period': ""Q4 '22"", 'revenue': 32770.0, 'unit': 'K', 'net_profit': 988.83}, {'period': ""Q2 '22"", 'revenue': 32090.000000000004, 'unit': 'K', 'net_profit': 87.86}, {'period': ""Q4 '21"", 'revenue': 27160.0, 'unit': 'K', 'net_profit': 802.28}, {'period': ""Q2 '21"", 'revenue': 29.94, 'unit': 'M', 'net_profit': 2.35}]",,,,,,,,,,,,,,,,,__nan__,__nan__
344,QLYS,Qualys Inc. Common Stock,,,,,,,,,,15.74,-5.48,1080234,,,[],"[{'period': ""Q4 '25"", 'revenue': 175.28, 'unit': 'M', 'net_profit': 53.15}, {'period': ""Q3 '25"", 'revenue': 169.88, 'unit': 'M', 'net_profit': 50.35}, {'period': ""Q2 '25"", 'revenue': 164.06, 'unit': 'M', 'net_profit': 47.29}, {'period': ""Q1 '25"", 'revenue': 159.9, 'unit': 'M', 'net_profit': 47.53}, {'period': ""Q4 '24"", 'revenue': 159.19, 'unit': 'M', 'net_profit': 43.97}, {'period': ""Q3 '24"", 'revenue': 153.87, 'unit': 'M', 'net_profit': 46.21}]",,,,,,,,,,,,,,,,,__nan__,__nan__
345,QMCO,Quantum Corporation Common Stock,,,,,,,,,,-0.61,-0.54,487381,,,[],"[{'period': ""Q3 '26"", 'revenue': 74.59, 'unit': 'M', 'net_profit': -27.84}, {'period': ""Q2 '26"", 'revenue': 62.72, 'unit': 'M', 'net_profit': -46.46}, {'period': ""Q1 '26"", 'revenue': 64.29, 'unit': 'M', 'net_profit': -17.21}, {'period': ""Q4 '25"", 'revenue': 59.69, 'unit': 'M', 'net_profit': -9.31}, {'period': ""Q3 '25"", 'revenue': 72.55, 'unit': 'M', 'net_profit': -71.43}, {'period': ""Q2 '25"", 'revenue': 70.47, 'unit': 'M', 'net_profit': -13.53}]",,,,,,,,,,,,,,,,,__nan__,__nan__
346,QNST,QuinStreet Inc. Common Stock,,,,,,,,,,11.07,-0.27,677713,,,[],"[{'period': ""Q2 '26"", 'revenue': 287.85, 'unit': 'M', 'net_profit': 50.23}, {'period': ""Q1 '26"", 'revenue': 285.85, 'unit': 'M', 'net_profit': 4.54}, {'period': ""Q4 '25"", 'revenue': 262.05, 'unit': 'M', 'net_profit': 3.21}, {'period': ""Q3 '25"", 'revenue': 269.84, 'unit': 'M', 'net_profit': 4.42}, {'period': ""Q2 '25"", 'revenue': 282.6, 'unit': 'M', 'net_profit': -1.55}, {'period': ""Q1 '25"", 'revenue': 279.22, 'unit': 'M', 'net_profit': -1.37}]",,,,,,,,,,,,,,,,,__nan__,__nan__
347,QQQX,Nuveen NASDAQ 100 Dynamic Overwrite Fund Shares of Beneficial Interest,,,,,,,,,,6.8,-0.72,170464,,,[],"[{'period': ""Q4 '25"", 'revenue': 95.68, 'unit': 'M', 'net_profit': 194.14}, {'period': ""Q2 '25"", 'revenue': -7.8, 'unit': 'M', 'net_profit': -10.92}, {'period': ""Q4 '24"", 'revenue': 58.22, 'unit': 'M', 'net_profit': 140.65}, {'period': ""Q2 '24"", 'revenue': 21.69, 'unit': 'M', 'net_profit': 179.41}, {'period': ""Q4 '23"", 'revenue': 88.5, 'unit': 'M', 'net_profit': 60.57}, {'period': ""Q2 '23"", 'revenue': -34.71, 'unit': 'M', 'net_profit': 266.93}]",,,,,,,,,,,,,,,,,__nan__,__nan__
348,QRHC,Quest Resource Holding Corporation Common Stock,,,,,,,,,,-1.56,-0.04,61235,,,[],"[{'period': ""Q4 '25"", 'revenue': 58.91, 'unit': 'M', 'net_profit': -1.66}, {'period': ""Q3 '25"", 'revenue': 63.34, 'unit': 'M', 'net_profit': -1.35}, {'period': ""Q2 '25"", 'revenue': 59.54, 'unit': 'M', 'net_profit': -1.97}, {'period': ""Q1 '25"", 'revenue': 68.43, 'unit': 'M', 'net_profit': -10.41}, {'period': ""Q4 '24"", 'revenue': 69.97, 'unit': 'M', 'net_profit': -9.51}, {'period': ""Q3 '24"", 'revenue': 72.77, 'unit': 'M', 'net_profit': -3.39}]",,,,,,,,,,,,,,,,,__nan__,__nan__
349,QRTEA,Qurate Retail Inc. Series A Common Stock ,,,,,,,,,,-0.5053521126760563,-0.0012,1646589,,,[],"[{'period': ""Q3 '25"", 'revenue': 2210.0, 'unit': 'M', 'net_profit': -80.0}, {'period': ""Q2 '25"", 'revenue': 2.24, 'unit': 'B', 'net_profit': -2.22}, {'period': ""Q1 '25"", 'revenue': 2100.0, 'unit': 'M', 'net_profit': -100.0}, {'period': ""Q4 '24"", 'revenue': 2.94, 'unit': 'B', 'net_profit': -1.29}, {'period': ""Q3 '24"", 'revenue': 2340.0, 'unit': 'M', 'net_profit': -23.0}, {'period': ""Q2 '24"", 'revenue': 2410.0, 'unit': 'M', 'net_profit': 20.0}]",,,,,,,,,,,,,,,,,__nan__,__nan__
350,QRTEB,Qurate Retail Inc. Series B Common Stock ,,,,,,,,,,-2.816901408450704,-0.02,5451,,,[],"[{'period': ""Q3 '25"", 'revenue': 2210.0, 'unit': 'M', 'net_profit': -80.0}, {'period': ""Q2 '25"", 'revenue': 2.24, 'unit': 'B', 'net_profit': -2.22}, {'period': ""Q1 '25"", 'revenue': 2100.0, 'unit': 'M', 'net_profit': -100.0}, {'period': ""Q4 '24"", 'revenue': 2.94, 'unit': 'B', 'net_profit': -1.29}, {'period': ""Q3 '24"", 'revenue': 2340.0, 'unit': 'M', 'net_profit': -23.0}, {'period': ""Q2 '24"", 'revenue': 2410.0, 'unit': 'M', 'net_profit': 20.0}]",,,,,,,,,,,,,,,,,__nan__,__nan__
351,QRTEP,Qurate Retail Inc. 8.0% Fixed Rate Cumulative Redeemable Preferred Stock,,,,,,,,,,120.21084337349397,0.41,21526,,,[],"[{'period': ""Q3 '25"", 'revenue': 2210.0, 'unit': 'M', 'net_profit': -80.0}, {'period': ""Q2 '25"", 'revenue': 2.24, 'unit': 'B', 'net_profit': -2.22}, {'period': ""Q1 '25"", 'revenue': 2100.0, 'unit': 'M', 'net_profit': -100.0}, {'period': ""Q4 '24"", 'revenue': 2.94, 'unit': 'B', 'net_profit': -1.29}, {'period': ""Q3 '24"", 'revenue': 2340.0, 'unit': 'M', 'net_profit': -23.0}, {'period': ""Q2 '24"", 'revenue': 2410.0, 'unit': 'M', 'net_profit': 20.0}]",,,,,,,,,,,,,,,,,__nan__,__nan__
352,QRVO,Qorvo Inc. Common Stock,,,,,,,,,,21.31,-3.26,1136000,,,[],"[{'period': ""Q3 '26"", 'revenue': 992.96, 'unit': 'M', 'net_profit': 164.06}, {'period': ""Q2 '26"", 'revenue': 1060.0, 'unit': 'M', 'net_profit': 119.6}, {'period': ""Q1 '26"", 'revenue': 818.78, 'unit': 'M', 'net_profit': 25.59}, {'period': ""Q4 '25"", 'revenue': 869.47, 'unit': 'M', 'net_profit': 31.36}, {'period': ""Q3 '25"", 'revenue': 916.32, 'unit': 'M', 'net_profit': 41.27}, {'period': ""Q2 '25"", 'revenue': 1050.0, 'unit': 'M', 'net_profit': -17.43}]",,,,,,,,,,,,,,,,,__nan__,__nan__
353,QTNT,Quotient Limited Ordinary Shares,,,,,,,,,,0.0,0.0,5811488,,,[],"[{'period': ""Q3 '23"", 'revenue': 9.95, 'unit': 'M', 'net_profit': -13.32}, {'period': ""Q2 '23"", 'revenue': 8.86, 'unit': 'M', 'net_profit': -45.93}, {'period': ""Q1 '23"", 'revenue': 8.81, 'unit': 'M', 'net_profit': -38.87}, {'period': ""Q4 '22"", 'revenue': 9.79, 'unit': 'M', 'net_profit': -25.91}, {'period': ""Q3 '22"", 'revenue': 10.17, 'unit': 'M', 'net_profit': -44.82}, {'period': ""Q2 '22"", 'revenue': 9.47, 'unit': 'M', 'net_profit': -27.11}]",,,,,,,,,,,,,,,,,__nan__,__nan__
354,QTRX,Quanterix Corporation Common Stock,,,,,,,,,,-1.43,-0.32,1355906,,,[],"[{'period': ""Q4 '25"", 'revenue': 43.85, 'unit': 'M', 'net_profit': -23.12}, {'period': ""Q3 '25"", 'revenue': 40.15, 'unit': 'M', 'net_profit': -33.52}, {'period': ""Q2 '25"", 'revenue': 24.45, 'unit': 'M', 'net_profit': -30.01}, {'period': ""Q1 '25"", 'revenue': 30.27, 'unit': 'M', 'net_profit': -20.5}, {'period': ""Q4 '24"", 'revenue': 34.11, 'unit': 'M', 'net_profit': -11.63}, {'period': ""Q3 '24"", 'revenue': 35.41, 'unit': 'M', 'net_profit': -8.35}]",,,,,,,,,,,,,,,,,__nan__,__nan__
355,QTT,Qutoutiao Inc. American Depositary Shares,,,,,,,,,,-0.10167597765363129,-0.1136,4480227,,,[],[],,,,,,,,,,,,,,,,,__nan__,__nan__
356,QUIK,QuickLogic Corporation Common Stock,,,,,,,,,,-12.54,-0.09,101043,,,[],"[{'period': ""Q4 '25"", 'revenue': 3.73, 'unit': 'M', 'net_profit': -5.97}, {'period': ""Q3 '25"", 'revenue': 2.03, 'unit': 'M', 'net_profit': -4.01}, {'period': ""Q2 '25"", 'revenue': 3.69, 'unit': 'M', 'net_profit': -2.67}, {'period': ""Q1 '25"", 'revenue': 4.33, 'unit': 'M', 'net_profit': -2.19}, {'period': ""Q4 '24"", 'revenue': 5710.0, 'unit': 'K', 'net_profit': -305.0}, {'period': ""Q3 '24"", 'revenue': 4.27, 'unit': 'M', 'net_profit': -2.09}]",,,,,,,,,,,,,,,,,__nan__,__nan__
357,QUMU,Qumu Corporation Common Stock,,,,,,,,,,0.0,-0.001,45531,,,[],"[{'period': ""Q3 '22"", 'revenue': 5.47, 'unit': 'M', 'net_profit': -1.37}, {'period': ""Q2 '22"", 'revenue': 5.13, 'unit': 'M', 'net_profit': -2.62}, {'period': ""Q1 '22"", 'revenue': 4.94, 'unit': 'M', 'net_profit': -4.64}, {'period': ""Q4 '21"", 'revenue': 5.91, 'unit': 'M', 'net_profit': -3.85}, {'period': ""Q3 '21"", 'revenue': 6.42, 'unit': 'M', 'net_profit': -3.75}, {'period': ""Q2 '21"", 'revenue': 5.87, 'unit': 'M', 'net_profit': -4.32}]",,,,,,,,,,,,,,,,,__nan__,__nan__
358,QURE,uniQure N.V. Ordinary Shares,,,,,,,,,,-4.27,-0.83,1340011,,,[],"[{'period': ""Q4 '25"", 'revenue': 5.57, 'unit': 'M', 'net_profit': -37.09}, {'period': ""Q3 '25"", 'revenue': 3.7, 'unit': 'M', 'net_profit': -80.53}, {'period': ""Q2 '25"", 'revenue': 5.26, 'unit': 'M', 'net_profit': -37.72}, {'period': ""Q1 '25"", 'revenue': 1.57, 'unit': 'M', 'net_profit': -43.64}, {'period': ""Q4 '24"", 'revenue': 5.22, 'unit': 'M', 'net_profit': -73.26}, {'period': ""Q3 '24"", 'revenue': 2.29, 'unit': 'M', 'net_profit': -44.38}]",,,,,,,,,,,,,,,,,__nan__,__nan__
359,RAAC,Revolution Acceleration Acquisition Corp Class A Common Stock,,,,,,,,,,0.0,0.3699999,174787,,,[],"[{'period': ""Q2 '21"", 'revenue': 0.0, 'unit': 'M', 'net_profit': -1.55}, {'period': ""Q1 '21"", 'revenue': 0.0, 'unit': 'M', 'net_profit': -9.63}]",,,,,,,,,,,,,,,,,__nan__,__nan__
360,RAACU,Revolution Acceleration Acquisition Corp Unit,,,,,,,,,,0.0,0.5199,1372,,,[],"[{'period': ""Q2 '21"", 'revenue': 0.0, 'unit': 'M', 'net_profit': -1.55}, {'period': ""Q1 '21"", 'revenue': 0.0, 'unit': 'M', 'net_profit': -9.63}]",,,,,,,,,,,,,,,,,__nan__,__nan__
361,RAACW,Revolution Acceleration Acquisition Corp Warrant,,,,,,,,,,0.0,0.13999999,78140,,,[],"[{'period': ""Q2 '21"", 'revenue': 0.0, 'unit': 'M', 'net_profit': -1.55}, {'period': ""Q1 '21"", 'revenue': 0.0, 'unit': 'M', 'net_profit': -9.63}]",,,,,,,,,,,,,,,,,__nan__,__nan__
362,RACA,Therapeutics Acquisition Corp. Class A Common Stock,,,,,,,,,,0.0,0.24429989,31325,,,[],"[{'period': ""Q2 '21"", 'revenue': 0.0, 'unit': 'M', 'net_profit': -14.26}, {'period': ""Q1 '21"", 'revenue': 0.0, 'unit': 'M', 'net_profit': -1.4}, {'period': ""Q2 '20"", 'revenue': 0.0, 'unit': 'K', 'net_profit': -19.37}]",,,,,,,,,,,,,,,,,__nan__,__nan__
363,RACB,Research Alliance Corp. II Class A Common Stock,,,,,,,,,,168.41666666666666,0.0,5,,,[],"[{'period': ""Q3 '22"", 'revenue': 0.0, 'unit': 'M', 'net_profit': 1.81}, {'period': ""Q2 '22"", 'revenue': 0.0, 'unit': 'K', 'net_profit': 398.0}, {'period': ""Q1 '22"", 'revenue': 0.0, 'unit': 'K', 'net_profit': -264.0}, {'period': ""Q4 '21"", 'revenue': 0.0, 'unit': 'K', 'net_profit': -151.0}, {'period': ""Q3 '21"", 'revenue': 0.0, 'unit': 'K', 'net_profit': -144.0}, {'period': ""Q2 '21"", 'revenue': 0.0, 'unit': 'K', 'net_profit': -132.0}]",,,,,,,,,,,,,,,,,__nan__,__nan__
364,RADA,RADA Electronic Industries Ltd. Ordinary Shares,,,,,,,,,,89.72727272727273,0.0,411864,,,[],"[{'period': ""Q2 '22"", 'revenue': 23.06, 'unit': 'M', 'net_profit': -4.39}, {'period': ""Q1 '22"", 'revenue': 22510.0, 'unit': 'K', 'net_profit': -685.0}, {'period': ""Q4 '21"", 'revenue': 31.76, 'unit': 'M', 'net_profit': 4.82}, {'period': ""Q3 '21"", 'revenue': 32.0, 'unit': 'M', 'net_profit': 6.04}, {'period': ""Q2 '21"", 'revenue': 28.25, 'unit': 'M', 'net_profit': 10.44}, {'period': ""Q1 '21"", 'revenue': 25.22, 'unit': 'M', 'net_profit': 3.77}]",,,,,,,,,,,,,,,,,__nan__,__nan__
365,RADI,Radius Global Infrastructure Inc. Class A Common Stock,,,,,,,,,,-8.670520231213873,0.03,8304694,,,[],"[{'period': ""Q2 '23"", 'revenue': 42.48, 'unit': 'M', 'net_profit': -41.86}, {'period': ""Q1 '23"", 'revenue': 41.21, 'unit': 'M', 'net_profit': -47.81}, {'period': ""Q4 '22"", 'revenue': 36.99, 'unit': 'M', 'net_profit': -107.94}, {'period': ""Q3 '22"", 'revenue': 35.3, 'unit': 'M', 'net_profit': 23.55}, {'period': ""Q2 '22"", 'revenue': 32.57, 'unit': 'M', 'net_profit': 22.17}, {'period': ""Q1 '22"", 'revenue': 30.6, 'unit': 'M', 'net_profit': -4.44}]",,,,,,,,,,,,,,,,,__nan__,__nan__
366,RAIL,FreightCar America Inc. Common Stock,,,,,,,,,,7.38,0.03,128842,,,[],"[{'period': ""Q4 '25"", 'revenue': 125.57, 'unit': 'M', 'net_profit': -16.58}, {'period': ""Q3 '25"", 'revenue': 160.51, 'unit': 'M', 'net_profit': -7.45}, {'period': ""Q2 '25"", 'revenue': 118.62, 'unit': 'M', 'net_profit': 11.68}, {'period': ""Q1 '25"", 'revenue': 96.29, 'unit': 'M', 'net_profit': 50.45}, {'period': ""Q4 '24"", 'revenue': 137.7, 'unit': 'M', 'net_profit': 34.62}, {'period': ""Q3 '24"", 'revenue': 113.25, 'unit': 'M', 'net_profit': -107.05}]",,,,,,,,,,,,,,,,,__nan__,__nan__
367,RAIN,Rain Therapeutics Inc. Common Stock,,,,,,,,,,-3.87,-0.1,5580,,,[],"[{'period': ""Q3 '25"", 'revenue': 0.0, 'unit': 'M', 'net_profit': -2.2}, {'period': ""Q2 '25"", 'revenue': 0.0, 'unit': 'K', 'net_profit': -952.77}, {'period': ""Q1 '25"", 'revenue': 0.0, 'unit': 'M', 'net_profit': -1.48}, {'period': ""Q4 '24"", 'revenue': 0.0, 'unit': 'M', 'net_profit': -1.17}, {'period': ""Q3 '24"", 'revenue': 0.0, 'unit': 'M', 'net_profit': -3.01}, {'period': ""Q2 '24"", 'revenue': 0.0, 'unit': 'K', 'net_profit': -324.79}]",,,,,,,,,,,,,,,,,__nan__,__nan__
368,RAMMU,Aries I Acquisition Corporation Unit,,,,,,,,,,54.48979591836735,0.0,200,,,[],"[{'period': ""Q3 '22"", 'revenue': 0.0, 'unit': 'M', 'net_profit': 1.26}, {'period': ""Q2 '22"", 'revenue': 0.0, 'unit': 'M', 'net_profit': 4.82}, {'period': ""Q1 '22"", 'revenue': 0.0, 'unit': 'M', 'net_profit': 8.14}, {'period': ""Q4 '21"", 'revenue': 0.0, 'unit': 'M', 'net_profit': 6.44}, {'period': ""Q3 '21"", 'revenue': 0.0, 'unit': 'M', 'net_profit': 20.93}, {'period': ""Q2 '21"", 'revenue': 0.0, 'unit': 'M', 'net_profit': -5.64}]",,,,,,,,,,,,,,,,,__nan__,__nan__
369,RAND,Rand Capital Corporation Common Stock,,,,,,,,,,-4.39,0.48,4790,,,[],"[{'period': ""Q4 '25"", 'revenue': 1.29, 'unit': 'M', 'net_profit': 1.09}, {'period': ""Q3 '25"", 'revenue': 1.58, 'unit': 'M', 'net_profit': -2.23}, {'period': ""Q2 '25"", 'revenue': -7.34, 'unit': 'M', 'net_profit': -7.74}, {'period': ""Q1 '25"", 'revenue': 1340.0, 'unit': 'K', 'net_profit': 841.45}, {'period': ""Q4 '24"", 'revenue': -2.36, 'unit': 'M', 'net_profit': -2.95}, {'period': ""Q3 '24"", 'revenue': 2.98, 'unit': 'M', 'net_profit': 2.64}]",,,,,,,,,,,,,,,,,__nan__,__nan__
370,RAPT,RAPT Therapeutics Inc. Common Stock,,,,,,,,,,-4.974699828473414,1.1e-06,10846697,,,[],"[{'period': ""Q3 '25"", 'revenue': 0.0, 'unit': 'M', 'net_profit': -17.58}, {'period': ""Q2 '25"", 'revenue': 0.0, 'unit': 'M', 'net_profit': -17.64}, {'period': ""Q1 '25"", 'revenue': 0.0, 'unit': 'M', 'net_profit': -17.16}, {'period': ""Q4 '24"", 'revenue': 0.0, 'unit': 'M', 'net_profit': -53.25}, {'period': ""Q3 '24"", 'revenue': 0.0, 'unit': 'M', 'net_profit': -18.43}, {'period': ""Q2 '24"", 'revenue': 0.0, 'unit': 'M', 'net_profit': -27.66}]",,,,,,,,,,,,,,,,,__nan__,__nan__
371,RARE,Ultragenyx Pharmaceutical Inc. Common Stock,,,,,,,,,,-3.32,-0.62,1530384,,,[],"[{'period': ""Q4 '25"", 'revenue': 207.0, 'unit': 'M', 'net_profit': -129.0}, {'period': ""Q3 '25"", 'revenue': 159.93, 'unit': 'M', 'net_profit': -180.41}, {'period': ""Q2 '25"", 'revenue': 166.5, 'unit': 'M', 'net_profit': -114.95}, {'period': ""Q1 '25"", 'revenue': 139.29, 'unit': 'M', 'net_profit': -151.08}, {'period': ""Q4 '24"", 'revenue': 164.88, 'unit': 'M', 'net_profit': -133.38}, {'period': ""Q3 '24"", 'revenue': 139.49, 'unit': 'M', 'net_profit': -133.52}]",,,,,,,,,,,,,,,,,__nan__,__nan__
372,RAVE,Rave Restaurant Group Inc. Common Stock,,,,,,,,,,12.7,-0.05,12115,,,[],"[{'period': ""Q2 '26"", 'revenue': 3040.0, 'unit': 'K', 'net_profit': 637.0}, {'period': ""Q1 '26"", 'revenue': 3210.0, 'unit': 'K', 'net_profit': 645.0}, {'period': ""Q4 '25"", 'revenue': 3150.0, 'unit': 'K', 'net_profit': 847.0}, {'period': ""Q3 '25"", 'revenue': 2970.0, 'unit': 'K', 'net_profit': 722.0}, {'period': ""Q2 '25"", 'revenue': 2870.0, 'unit': 'K', 'net_profit': 607.0}, {'period': ""Q1 '25"", 'revenue': 3050.0, 'unit': 'K', 'net_profit': 526.0}]",,,,,,,,,,,,,,,,,__nan__,__nan__
373,RAVN,Raven Industries Inc. Common Stock,,,,,,,,,,0.0,0.0,1397863,,,[],"[{'period': ""Q1 '22"", 'revenue': 112.49, 'unit': 'M', 'net_profit': 9.62}, {'period': ""Q4 '21"", 'revenue': 80080.0, 'unit': 'K', 'net_profit': 282.0}, {'period': ""Q3 '21"", 'revenue': 96.61, 'unit': 'M', 'net_profit': 8.73}, {'period': ""Q2 '21"", 'revenue': 85.18, 'unit': 'M', 'net_profit': 5.82}, {'period': ""Q1 '21"", 'revenue': 86.5, 'unit': 'M', 'net_profit': 4.05}, {'period': ""Q4 '20"", 'revenue': 85.76, 'unit': 'M', 'net_profit': 3.29}]",,,,,,,,,,,,,,,,,__nan__,__nan__
374,RBB,RBB Bancorp Common Stock,,,,,,,,,,11.41,-0.27,50266,,,[],"[{'period': ""Q4 '25"", 'revenue': 60.0, 'unit': 'M', 'net_profit': 10.18}, {'period': ""Q3 '25"", 'revenue': 60.69, 'unit': 'M', 'net_profit': 10.15}, {'period': ""Q2 '25"", 'revenue': 62.68, 'unit': 'M', 'net_profit': 9.33}, {'period': ""Q1 '25"", 'revenue': 54.63, 'unit': 'M', 'net_profit': 2.29}, {'period': ""Q4 '24"", 'revenue': 57.28, 'unit': 'M', 'net_profit': 4.38}, {'period': ""Q3 '24"", 'revenue': 60.17, 'unit': 'M', 'net_profit': 7.0}]",,,,,,,,,,,,,,,,,__nan__,__nan__
375,RBBN,Ribbon Communications Inc. Common Stock,,,,,,,,,,9.68,-0.01,359687,,,[],"[{'period': ""Q4 '25"", 'revenue': 227.32, 'unit': 'M', 'net_profit': 89.06}, {'period': ""Q3 '25"", 'revenue': 215.37, 'unit': 'M', 'net_profit': -12.11}, {'period': ""Q2 '25"", 'revenue': 220.58, 'unit': 'M', 'net_profit': -11.09}, {'period': ""Q1 '25"", 'revenue': 181.28, 'unit': 'M', 'net_profit': -26.23}, {'period': ""Q4 '24"", 'revenue': 251.36, 'unit': 'M', 'net_profit': 6.36}, {'period': ""Q3 '24"", 'revenue': 210.24, 'unit': 'M', 'net_profit': -13.42}]",,,,,,,,,,,,,,,,,__nan__,__nan__
376,RBCAA,Republic Bancorp Inc. Class A Common Stock,,,,,,,,,,10.3,-0.43,96329,,,[],"[{'period': ""Q4 '25"", 'revenue': 118.69, 'unit': 'M', 'net_profit': 22.82}, {'period': ""Q3 '25"", 'revenue': 118.17, 'unit': 'M', 'net_profit': 29.74}, {'period': ""Q2 '25"", 'revenue': 118.36, 'unit': 'M', 'net_profit': 31.48}, {'period': ""Q1 '25"", 'revenue': 161.36, 'unit': 'M', 'net_profit': 47.27}, {'period': ""Q4 '24"", 'revenue': 115.63, 'unit': 'M', 'net_profit': 19.02}, {'period': ""Q3 '24"", 'revenue': 116.82, 'unit': 'M', 'net_profit': 26.54}]",,,,,,,,,,,,,,,,,__nan__,__nan__
377,RBCN,Rubicon Technology Inc. Common Stock,,,,,,,,,,-13.09,-0.05,298,,,[],"[{'period': ""Q3 '25"", 'revenue': 140.0, 'unit': 'K', 'net_profit': -358.0}, {'period': ""Q2 '25"", 'revenue': 218.0, 'unit': 'K', 'net_profit': -152.0}, {'period': ""Q1 '25"", 'revenue': 218.0, 'unit': 'K', 'net_profit': -149.0}, {'period': ""Q4 '24"", 'revenue': 253.0, 'unit': 'K', 'net_profit': -71.0}, {'period': ""Q3 '24"", 'revenue': 259.0, 'unit': 'K', 'net_profit': -58.0}, {'period': ""Q2 '24"", 'revenue': 563.0, 'unit': 'K', 'net_profit': 147.0}]",,,,,,,,,,,,,,,,,__nan__,__nan__
378,RBKB,Rhinebeck Bancorp Inc. Common Stock,,,,,,,,,,16.58,-0.09,2326,,,[],"[{'period': ""Q4 '25"", 'revenue': 19.4, 'unit': 'M', 'net_profit': 2.34}, {'period': ""Q3 '25"", 'revenue': 19.7, 'unit': 'M', 'net_profit': 2.69}, {'period': ""Q2 '25"", 'revenue': 18.36, 'unit': 'M', 'net_profit': 2.73}, {'period': ""Q1 '25"", 'revenue': 18.39, 'unit': 'M', 'net_profit': 2.29}, {'period': ""Q4 '24"", 'revenue': 13.79, 'unit': 'M', 'net_profit': -2.65}, {'period': ""Q3 '24"", 'revenue': 6.01, 'unit': 'M', 'net_profit': -8.06}]",,,,,,,,,,,,,,,,,__nan__,__nan__
379,RBNC,Reliant Bancorp Inc. Common Stock,,,,,,,,,,11.766655618163739,0.49000168,501823,,,[],"[{'period': ""Q3 '21"", 'revenue': 39.87, 'unit': 'M', 'net_profit': 13.29}, {'period': ""Q2 '21"", 'revenue': 36.87, 'unit': 'M', 'net_profit': 13.04}, {'period': ""Q1 '21"", 'revenue': 37.36, 'unit': 'M', 'net_profit': 12.15}, {'period': ""Q4 '20"", 'revenue': 38.26, 'unit': 'M', 'net_profit': 12.23}, {'period': ""Q3 '20"", 'revenue': 36.54, 'unit': 'M', 'net_profit': 11.53}, {'period': ""Q2 '20"", 'revenue': 34.38, 'unit': 'M', 'net_profit': 7.87}]",,,,,,,,,,,,,,,,,__nan__,__nan__
380,RCAT,Red Cat Holdings Inc. Common Stock,,,,,,,,,,-17.37,-1.32,11362248,,,[],"[{'period': ""Q3 '26"", 'revenue': 26.23, 'unit': 'M', 'net_profit': -19.66}, {'period': ""Q2 '26"", 'revenue': 9.65, 'unit': 'M', 'net_profit': -16.02}, {'period': ""Q1 '26"", 'revenue': 3.22, 'unit': 'M', 'net_profit': -13.28}, {'period': ""Q4 '25"", 'revenue': 1.63, 'unit': 'M', 'net_profit': -23.12}, {'period': ""Q3 '25"", 'revenue': 1.33, 'unit': 'M', 'net_profit': -16.55}, {'period': ""Q2 '25"", 'revenue': 1.53, 'unit': 'M', 'net_profit': -13.33}]",,,,,,,,,,,,,,,,,__nan__,__nan__
381,RCEL,Avita Therapeutics Inc. Common Stock,,,,,,,,,,-2.2,-0.04,398598,,,[],"[{'period': ""Q4 '25"", 'revenue': 17.62, 'unit': 'M', 'net_profit': -11.62}, {'period': ""Q3 '25"", 'revenue': 17.06, 'unit': 'M', 'net_profit': -13.19}, {'period': ""Q2 '25"", 'revenue': 18.42, 'unit': 'M', 'net_profit': -9.92}, {'period': ""Q1 '25"", 'revenue': 18.51, 'unit': 'M', 'net_profit': -13.86}, {'period': ""Q4 '24"", 'revenue': 18.41, 'unit': 'M', 'net_profit': -11.59}, {'period': ""Q3 '24"", 'revenue': 19.55, 'unit': 'M', 'net_profit': -16.2}]",,,,,,,,,,,,,,,,,__nan__,__nan__
382,RCHG,Recharge Acquisition Corp. Class A Common Stock,,,,,,,,,,19.84313725490196,0.01,112,,,[],"[{'period': ""Q2 '22"", 'revenue': 0.0, 'unit': 'M', 'net_profit': 3.05}, {'period': ""Q1 '22"", 'revenue': 0.0, 'unit': 'M', 'net_profit': 89.0}, {'period': ""Q4 '21"", 'revenue': 0.0, 'unit': 'M', 'net_profit': 2.39}, {'period': ""Q3 '21"", 'revenue': 0.0, 'unit': 'M', 'net_profit': 2.91}, {'period': ""Q2 '21"", 'revenue': 0.0, 'unit': 'M', 'net_profit': -1.07}, {'period': ""Q1 '21"", 'revenue': 0.0, 'unit': 'M', 'net_profit': 14.9}]",,,,,,,,,,,,,,,,,__nan__,__nan__
383,RCHGU,Recharge Acquisition Corp. Unit,,,,,,,,,,29.533527696793,0.02,600,,,[],"[{'period': ""Q2 '22"", 'revenue': 0.0, 'unit': 'M', 'net_profit': 3.05}, {'period': ""Q1 '22"", 'revenue': 0.0, 'unit': 'M', 'net_profit': 89.0}, {'period': ""Q4 '21"", 'revenue': 0.0, 'unit': 'M', 'net_profit': 2.39}, {'period': ""Q3 '21"", 'revenue': 0.0, 'unit': 'M', 'net_profit': 2.91}, {'period': ""Q2 '21"", 'revenue': 0.0, 'unit': 'M', 'net_profit': -1.07}, {'period': ""Q1 '21"", 'revenue': 0.0, 'unit': 'M', 'net_profit': 14.9}]",,,,,,,,,,,,,,,,,__nan__,__nan__
384,RCHGW,Recharge Acquisition Corp. Warrant,,,,,,,,,,0.0,0.0,16900,,,[],"[{'period': ""Q2 '22"", 'revenue': 0.0, 'unit': 'M', 'net_profit': 3.05}, {'period': ""Q1 '22"", 'revenue': 0.0, 'unit': 'M', 'net_profit': 89.0}, {'period': ""Q4 '21"", 'revenue': 0.0, 'unit': 'M', 'net_profit': 2.39}, {'period': ""Q3 '21"", 'revenue': 0.0, 'unit': 'M', 'net_profit': 2.91}, {'period': ""Q2 '21"", 'revenue': 0.0, 'unit': 'M', 'net_profit': -1.07}, {'period': ""Q1 '21"", 'revenue': 0.0, 'unit': 'M', 'net_profit': 14.9}]",,,,,,,,,,,,,,,,,__nan__,__nan__
385,RCII,Rent-A-Center Inc. Common Stock,,,,,,,,,,81.15151515151516,-0.03,866331,,,[],"[{'period': ""Q4 '25"", 'revenue': 1200.0, 'unit': 'M', 'net_profit': 19.74}, {'period': ""Q3 '25"", 'revenue': 1160.0, 'unit': 'M', 'net_profit': 13.22}, {'period': ""Q2 '25"", 'revenue': 1160.0, 'unit': 'M', 'net_profit': 15.48}, {'period': ""Q1 '25"", 'revenue': 1180.0, 'unit': 'M', 'net_profit': 24.79}, {'period': ""Q4 '24"", 'revenue': 1350.0, 'unit': 'M', 'net_profit': 76.15}, {'period': ""Q3 '24"", 'revenue': 1070.0, 'unit': 'M', 'net_profit': 30.86}]",,,,,,,,,,,,,,,,,__nan__,__nan__
386,RCKT,Rocket Pharmaceuticals Inc. Common Stock,,,,,,,,,,-1.88,-0.92,23046314,,,[],"[{'period': ""Q4 '25"", 'revenue': 0.0, 'unit': 'M', 'net_profit': -42.54}, {'period': ""Q3 '25"", 'revenue': 0.0, 'unit': 'M', 'net_profit': -50.33}, {'period': ""Q2 '25"", 'revenue': 0.0, 'unit': 'M', 'net_profit': -68.92}, {'period': ""Q1 '25"", 'revenue': 0.0, 'unit': 'M', 'net_profit': -61.33}, {'period': ""Q4 '24"", 'revenue': 0.0, 'unit': 'M', 'net_profit': -60.33}, {'period': ""Q3 '24"", 'revenue': 0.0, 'unit': 'M', 'net_profit': -66.72}]",,,,,,,,,,,,,,,,,__nan__,__nan__
387,RCKY,Rocky Brands Inc. Common Stock,,,,,,,,,,12.81,-0.29,54475,,,[],"[{'period': ""Q4 '25"", 'revenue': 139.72, 'unit': 'M', 'net_profit': 6.51}, {'period': ""Q3 '25"", 'revenue': 122.54, 'unit': 'M', 'net_profit': 7.21}, {'period': ""Q2 '25"", 'revenue': 105.65, 'unit': 'M', 'net_profit': 3.61}, {'period': ""Q1 '25"", 'revenue': 114.07, 'unit': 'M', 'net_profit': 4.94}, {'period': ""Q4 '24"", 'revenue': 128.05, 'unit': 'M', 'net_profit': 4.8}, {'period': ""Q3 '24"", 'revenue': 114.55, 'unit': 'M', 'net_profit': 5.28}]",,,,,,,,,,,,,,,,,__nan__,__nan__
388,RCLF,Rosecliff Acquisition Corp I Class A Common Stock,,,,,,,,,,-52.59090909090909,-0.92,148236,,,[],"[{'period': ""Q4 '25"", 'revenue': 4.09, 'unit': 'M', 'net_profit': 1.05}, {'period': ""Q3 '25"", 'revenue': 3.79, 'unit': 'M', 'net_profit': -3.55}, {'period': ""Q2 '25"", 'revenue': 5.07, 'unit': 'M', 'net_profit': -7.97}, {'period': ""Q1 '25"", 'revenue': 6.71, 'unit': 'M', 'net_profit': 2.9}, {'period': ""Q4 '24"", 'revenue': 26.14, 'unit': 'M', 'net_profit': -2.37}, {'period': ""Q3 '24"", 'revenue': 8.17, 'unit': 'M', 'net_profit': -1.5}]",,,,,,,,,,,,,,,,,__nan__,__nan__
389,RCLFU,Rosecliff Acquisition Corp I Unit,,,,,,,,,,213.77358490566039,1.19,4902,,,[],"[{'period': ""Q4 '25"", 'revenue': 3850.0, 'unit': 'K', 'net_profit': 642.0}, {'period': ""Q3 '25"", 'revenue': 3.79, 'unit': 'M', 'net_profit': -3.55}, {'period': ""Q2 '25"", 'revenue': 5.07, 'unit': 'M', 'net_profit': -7.97}, {'period': ""Q1 '25"", 'revenue': 6.71, 'unit': 'M', 'net_profit': 2.9}, {'period': ""Q4 '24"", 'revenue': 7.6, 'unit': 'M', 'net_profit': -7.74}, {'period': ""Q3 '24"", 'revenue': 8.17, 'unit': 'M', 'net_profit': -1.5}]",,,,,,,,,,,,,,,,,__nan__,__nan__
390,RCLFW,Rosecliff Acquisition Corp I Warrants,,,,,,,,,,0.0,0.02,263958,,,[],"[{'period': ""Q4 '25"", 'revenue': 3850.0, 'unit': 'K', 'net_profit': 642.0}, {'period': ""Q3 '25"", 'revenue': 3.79, 'unit': 'M', 'net_profit': -3.55}, {'period': ""Q2 '25"", 'revenue': 5.07, 'unit': 'M', 'net_profit': -7.97}, {'period': ""Q1 '25"", 'revenue': 6.71, 'unit': 'M', 'net_profit': 2.9}, {'period': ""Q4 '24"", 'revenue': 7.6, 'unit': 'M', 'net_profit': -7.74}, {'period': ""Q3 '24"", 'revenue': 8.17, 'unit': 'M', 'net_profit': -1.5}]",,,,,,,,,,,,,,,,,__nan__,__nan__
391,RCM,R1 RCM Inc. Common Stock,,,,,,,,,,-102.21428571428571,,0,,,[],"[{'period': ""Q3 '24"", 'revenue': 656.8, 'unit': 'M', 'net_profit': -19.9}, {'period': ""Q2 '24"", 'revenue': 627.9, 'unit': 'M', 'net_profit': -7.6}, {'period': ""Q1 '24"", 'revenue': 603.9, 'unit': 'M', 'net_profit': -35.1}, {'period': ""Q4 '23"", 'revenue': 575.1, 'unit': 'M', 'net_profit': 1.4}, {'period': ""Q3 '23"", 'revenue': 572.8, 'unit': 'M', 'net_profit': 1.3}, {'period': ""Q2 '23"", 'revenue': 560700.0, 'unit': 'K', 'net_profit': 300.0}]",,,,,,,,,,,,,,,,,__nan__,__nan__
392,RCMT,RCM Technologies Inc. Common Stock,,,,,,,,,,10.88,-0.52,47376,,,[],"[{'period': ""Q3 '25"", 'revenue': 70.29, 'unit': 'M', 'net_profit': 2.26}, {'period': ""Q2 '25"", 'revenue': 78.17, 'unit': 'M', 'net_profit': 3.79}, {'period': ""Q1 '25"", 'revenue': 84.47, 'unit': 'M', 'net_profit': 4.19}, {'period': ""Q4 '24"", 'revenue': 76.91, 'unit': 'M', 'net_profit': 2.87}, {'period': ""Q3 '24"", 'revenue': 60.37, 'unit': 'M', 'net_profit': 2.75}, {'period': ""Q2 '24"", 'revenue': 69.16, 'unit': 'M', 'net_profit': 3.76}]",,,,,,,,,,,,,,,,,__nan__,__nan__
393,RCON,Recon Technology Ltd. Class A Ordinary Shares,,,,,,,,,,-1.89,-0.0377,14119,,,[],"[{'period': ""Q4 '25"", 'revenue': 12.11, 'unit': 'M', 'net_profit': -11.0}, {'period': ""Q3 '25"", 'revenue': 12.11, 'unit': 'M', 'net_profit': -11.0}, {'period': ""Q2 '25"", 'revenue': 21.03, 'unit': 'M', 'net_profit': -10.29}, {'period': ""Q1 '25"", 'revenue': 21.03, 'unit': 'M', 'net_profit': -10.29}, {'period': ""Q4 '24"", 'revenue': 11.8, 'unit': 'M', 'net_profit': -13.66}, {'period': ""Q3 '24"", 'revenue': 11.8, 'unit': 'M', 'net_profit': -13.66}]",,,,,,,,,,,,,,,,,__nan__,__nan__
394,RDCM,Radcom Ltd. Ordinary Shares,,,,,,,,,,17.18,0.34,96206,,,[],"[{'period': ""Q4 '25"", 'revenue': 18.86, 'unit': 'M', 'net_profit': 3.64}, {'period': ""Q3 '25"", 'revenue': 18.39, 'unit': 'M', 'net_profit': 3.47}, {'period': ""Q2 '25"", 'revenue': 17.66, 'unit': 'M', 'net_profit': 2.44}, {'period': ""Q1 '25"", 'revenue': 16.59, 'unit': 'M', 'net_profit': 2.44}, {'period': ""Q4 '24"", 'revenue': 16.26, 'unit': 'M', 'net_profit': 2.25}, {'period': ""Q3 '24"", 'revenue': 15.82, 'unit': 'M', 'net_profit': 2.25}]",,,,,,,,,,,,,,,,,__nan__,__nan__
395,RDFN,Redfin Corporation Common Stock,,,,,,,,,,-7.3618421052631575,-0.04,33889,,,[],"[{'period': ""Q1 '25"", 'revenue': 221.03, 'unit': 'M', 'net_profit': -92.52}, {'period': ""Q4 '24"", 'revenue': 244.28, 'unit': 'M', 'net_profit': -36.37}, {'period': ""Q3 '24"", 'revenue': 278.01, 'unit': 'M', 'net_profit': -33.78}, {'period': ""Q2 '24"", 'revenue': 295.2, 'unit': 'M', 'net_profit': -27.88}, {'period': ""Q1 '24"", 'revenue': 225.48, 'unit': 'M', 'net_profit': -66.77}, {'period': ""Q4 '23"", 'revenue': 218.08, 'unit': 'M', 'net_profit': -22.9}]",,,,,,,,,,,,,,,,,__nan__,__nan__
396,RDHL,Redhill Biopharma Ltd. American Depositary Shares,,,,,,,,,,,-0.0311,28644,,,[],"[{'period': ""Q2 '25"", 'revenue': 2.04, 'unit': 'M', 'net_profit': -2.07}, {'period': ""Q1 '25"", 'revenue': 2.04, 'unit': 'M', 'net_profit': -2.07}, {'period': ""Q4 '24"", 'revenue': 2.74, 'unit': 'M', 'net_profit': -2.59}, {'period': ""Q3 '24"", 'revenue': 2.74, 'unit': 'M', 'net_profit': -2.59}, {'period': ""Q2 '24"", 'revenue': 1.29, 'unit': 'M', 'net_profit': -1.54}, {'period': ""Q1 '24"", 'revenue': 1.29, 'unit': 'M', 'net_profit': -1.54}]",,,,,,,,,,,,,,,,,__nan__,__nan__
397,RDI,Reading International Inc Class A Common Stock,,,,,,,,,,-1.82,-0.02,35002,,,[],"[{'period': ""Q3 '25"", 'revenue': 52.17, 'unit': 'M', 'net_profit': -4.16}, {'period': ""Q2 '25"", 'revenue': 60.38, 'unit': 'M', 'net_profit': -2.67}, {'period': ""Q1 '25"", 'revenue': 40.17, 'unit': 'M', 'net_profit': -4.75}, {'period': ""Q4 '24"", 'revenue': 58.58, 'unit': 'M', 'net_profit': -5.82}, {'period': ""Q3 '24"", 'revenue': 60.09, 'unit': 'M', 'net_profit': -7.03}, {'period': ""Q2 '24"", 'revenue': 46.81, 'unit': 'M', 'net_profit': -12.81}]",,,,,,,,,,,,,,,,,__nan__,__nan__
398,RDIB,Reading International Inc Class B Common Stock,,,,,,,,,,-15.26,-0.1,586.18809,,,[],"[{'period': ""Q3 '25"", 'revenue': 52.17, 'unit': 'M', 'net_profit': -4.16}, {'period': ""Q2 '25"", 'revenue': 60.38, 'unit': 'M', 'net_profit': -2.67}, {'period': ""Q1 '25"", 'revenue': 40.17, 'unit': 'M', 'net_profit': -4.75}, {'period': ""Q4 '24"", 'revenue': 58.58, 'unit': 'M', 'net_profit': -2.24}, {'period': ""Q3 '24"", 'revenue': 60.09, 'unit': 'M', 'net_profit': -6.92}, {'period': ""Q2 '24"", 'revenue': 46.81, 'unit': 'M', 'net_profit': -9.34}]",,,,,,,,,,,,,,,,,__nan__,__nan__
399,RDNT,RadNet Inc. Common Stock,,,,,,,,,,-224.6,-3.26,844004,,,[],"[{'period': ""Q4 '25"", 'revenue': 547710.0, 'unit': 'K', 'net_profit': -597.0}, {'period': ""Q3 '25"", 'revenue': 522.87, 'unit': 'M', 'net_profit': 5.42}, {'period': ""Q2 '25"", 'revenue': 498.23, 'unit': 'M', 'net_profit': 14.45}, {'period': ""Q1 '25"", 'revenue': 471.4, 'unit': 'M', 'net_profit': -37.93}, {'period': ""Q4 '24"", 'revenue': 477.1, 'unit': 'M', 'net_profit': 5.34}, {'period': ""Q3 '24"", 'revenue': 461.14, 'unit': 'M', 'net_profit': 3.21}]",,,,,,,,,,,,,,,,,__nan__,__nan__
400,RDUS,Radius Health Inc. Common Stock,,,,,,,,,,-8.356545961002785,0.0,947697,,,[],"[{'period': ""Q3 '25"", 'revenue': 726.99, 'unit': 'M', 'net_profit': -16.96}, {'period': ""Q2 '25"", 'revenue': 642.51, 'unit': 'M', 'net_profit': -32.98}, {'period': ""Q1 '25"", 'revenue': 656.54, 'unit': 'M', 'net_profit': -37.17}, {'period': ""Q4 '24"", 'revenue': 770.82, 'unit': 'M', 'net_profit': -16.08}, {'period': ""Q3 '24"", 'revenue': 673.92, 'unit': 'M', 'net_profit': -198.39}, {'period': ""Q2 '24"", 'revenue': 621.06, 'unit': 'M', 'net_profit': -33.98}]",,,,,,,,,,,,,,,,,__nan__,__nan__
401,RDVT,Red Violet Inc. Common Stock ,,,,,,,,,,38.52,-1.23,103754,,,[],"[{'period': ""Q4 '25"", 'revenue': 23.39, 'unit': 'M', 'net_profit': 2.81}, {'period': ""Q3 '25"", 'revenue': 23.08, 'unit': 'M', 'net_profit': 4.21}, {'period': ""Q2 '25"", 'revenue': 21.77, 'unit': 'M', 'net_profit': 2.69}, {'period': ""Q1 '25"", 'revenue': 22.0, 'unit': 'M', 'net_profit': 3.44}, {'period': ""Q4 '24"", 'revenue': 19570.0, 'unit': 'K', 'net_profit': 863.0}, {'period': ""Q3 '24"", 'revenue': 19.06, 'unit': 'M', 'net_profit': 1.72}]",,,,,,,,,,,,,,,,,__nan__,__nan__
402,RDWR,Radware Ltd. Ordinary Shares,,,,,,,,,,57.2,-1.3,234530,,,[],"[{'period': ""Q4 '25"", 'revenue': 80.25, 'unit': 'M', 'net_profit': 6.04}, {'period': ""Q3 '25"", 'revenue': 75.31, 'unit': 'M', 'net_profit': 5.65}, {'period': ""Q2 '25"", 'revenue': 74.22, 'unit': 'M', 'net_profit': 4.22}, {'period': ""Q1 '25"", 'revenue': 72.08, 'unit': 'M', 'net_profit': 4.34}, {'period': ""Q4 '24"", 'revenue': 73.03, 'unit': 'M', 'net_profit': 2.45}, {'period': ""Q3 '24"", 'revenue': 69.49, 'unit': 'M', 'net_profit': 3.14}]",,,,,,,,,,,,,,,,,__nan__,__nan__
403,REAL,The RealReal Inc. Common Stock,,,,,,,,,,-12.24,-0.43,2879291,,,[],"[{'period': ""Q4 '25"", 'revenue': 194.05, 'unit': 'M', 'net_profit': -38.78}, {'period': ""Q3 '25"", 'revenue': 173.57, 'unit': 'M', 'net_profit': -54.05}, {'period': ""Q2 '25"", 'revenue': 165.19, 'unit': 'M', 'net_profit': -11.37}, {'period': ""Q1 '25"", 'revenue': 160.03, 'unit': 'M', 'net_profit': 62.4}, {'period': ""Q4 '24"", 'revenue': 164.0, 'unit': 'M', 'net_profit': -68.45}, {'period': ""Q3 '24"", 'revenue': 147.75, 'unit': 'M', 'net_profit': -17.94}]",,,,,,,,,,,,,,,,,__nan__,__nan__
404,REDU,RISE Education Cayman Ltd American Depositary Shares,,,,,,,,,,-23.04054054054054,1.9800001,3647523,,,[],"[{'period': ""Q2 '21"", 'revenue': 256.65, 'unit': 'M', 'net_profit': -52.66}, {'period': ""Q1 '21"", 'revenue': 261.54, 'unit': 'M', 'net_profit': -24.61}, {'period': ""Q4 '20"", 'revenue': 364.46, 'unit': 'M', 'net_profit': 1.43}, {'period': ""Q3 '20"", 'revenue': 320.03, 'unit': 'M', 'net_profit': 28.01}, {'period': ""Q2 '20"", 'revenue': 164.99, 'unit': 'M', 'net_profit': -58.03}, {'period': ""Q1 '20"", 'revenue': 108.99, 'unit': 'M', 'net_profit': -103.84}]",,,,,,,,,,,,,,,,,__nan__,__nan__
405,REED,Reeds Inc. Common Stock,,,,,,,,,,-1.96,0.83,33671,,,[],"[{'period': ""Q4 '25"", 'revenue': 7.48, 'unit': 'M', 'net_profit': -3.78}, {'period': ""Q3 '25"", 'revenue': 7.03, 'unit': 'M', 'net_profit': -3.98}, {'period': ""Q2 '25"", 'revenue': 9.52, 'unit': 'M', 'net_profit': -6.05}, {'period': ""Q1 '25"", 'revenue': 10.03, 'unit': 'M', 'net_profit': -2.03}, {'period': ""Q4 '24"", 'revenue': 9.73, 'unit': 'M', 'net_profit': -4.12}, {'period': ""Q3 '24"", 'revenue': 6.75, 'unit': 'M', 'net_profit': -4.15}]",,,,,,,,,,,,,,,,,__nan__,__nan__
406,REFR,Research Frontiers Incorporated Common Stock,,,,,,,,,,-14.85,-0.0102,9338,,,[],"[{'period': ""Q4 '25"", 'revenue': 72.12, 'unit': 'K', 'net_profit': -765.56}, {'period': ""Q3 '25"", 'revenue': 359.44, 'unit': 'K', 'net_profit': -298.51}, {'period': ""Q2 '25"", 'revenue': 129.9, 'unit': 'K', 'net_profit': -803.83}, {'period': ""Q1 '25"", 'revenue': 559.78, 'unit': 'K', 'net_profit': -177.69}, {'period': ""Q4 '24"", 'revenue': 178.15, 'unit': 'K', 'net_profit': -607.94}, {'period': ""Q3 '24"", 'revenue': 354.41, 'unit': 'K', 'net_profit': -166.82}]",,,,,,,,,,,,,,,,,__nan__,__nan__
407,REG,Regency Centers Corporation Common Stock,,,,,,,,,,26.35,-0.07,870110,,,[],"[{'period': ""Q4 '25"", 'revenue': 506.78, 'unit': 'M', 'net_profit': 304.71}, {'period': ""Q3 '25"", 'revenue': 386.98, 'unit': 'M', 'net_profit': 109.37}, {'period': ""Q2 '25"", 'revenue': 394.61, 'unit': 'M', 'net_profit': 106.02}, {'period': ""Q1 '25"", 'revenue': 395.41, 'unit': 'M', 'net_profit': 109.59}, {'period': ""Q4 '24"", 'revenue': 384.16, 'unit': 'M', 'net_profit': 86.48}, {'period': ""Q3 '24"", 'revenue': 373.75, 'unit': 'M', 'net_profit': 101.47}]",,,,,,,,,,,,,,,,,__nan__,__nan__
408,REGI,Renewable Energy Group Inc. Common Stock,,,,,,,,,,16.505636070853463,0.0,2345177,,,[],"[{'period': ""Q1 '22"", 'revenue': 935.99, 'unit': 'M', 'net_profit': 12.48}, {'period': ""Q4 '21"", 'revenue': 881.75, 'unit': 'M', 'net_profit': 52.61}, {'period': ""Q3 '21"", 'revenue': 1010.0, 'unit': 'M', 'net_profit': 42.47}, {'period': ""Q2 '21"", 'revenue': 816.22, 'unit': 'M', 'net_profit': 79.52}, {'period': ""Q1 '21"", 'revenue': 539.74, 'unit': 'M', 'net_profit': 39.22}, {'period': ""Q4 '20"", 'revenue': 540.46, 'unit': 'M', 'net_profit': 18.28}]",,,,,,,,,,,,,,,,,__nan__,__nan__
409,REGN,Regeneron Pharmaceuticals Inc. Common Stock,,,,,,,,,,17.79,-19.02,492123,,,[],"[{'period': ""Q4 '25"", 'revenue': 3880.0, 'unit': 'M', 'net_profit': 844.6}, {'period': ""Q3 '25"", 'revenue': 3.75, 'unit': 'B', 'net_profit': 1.46}, {'period': ""Q2 '25"", 'revenue': 3.68, 'unit': 'B', 'net_profit': 1.39}, {'period': ""Q1 '25"", 'revenue': 3030.0, 'unit': 'M', 'net_profit': 808.7}, {'period': ""Q4 '24"", 'revenue': 3790.0, 'unit': 'M', 'net_profit': 917.7}, {'period': ""Q3 '24"", 'revenue': 3.72, 'unit': 'B', 'net_profit': 1.34}]",,,,,,,,,,,,,,,,,__nan__,__nan__
410,REKR,Rekor Systems Inc. Common Stock,,,,,,,,,,-1.83,-0.0441,2876616,,,[],"[{'period': ""Q3 '25"", 'revenue': 14.19, 'unit': 'M', 'net_profit': -4.15}, {'period': ""Q2 '25"", 'revenue': 12.36, 'unit': 'M', 'net_profit': -8.66}, {'period': ""Q1 '25"", 'revenue': 9.2, 'unit': 'M', 'net_profit': -10.87}, {'period': ""Q4 '24"", 'revenue': 13.28, 'unit': 'M', 'net_profit': -20.36}, {'period': ""Q3 '24"", 'revenue': 10.55, 'unit': 'M', 'net_profit': -12.65}, {'period': ""Q2 '24"", 'revenue': 12.43, 'unit': 'M', 'net_profit': -9.79}]",,,,,,,,,,,,,,,,,__nan__,__nan__
411,RELI,Reliance Global Group Inc. Common Stock,,,,,,,,,,2.2363636363636363,0.02390001,2924762,,,[],"[{'period': ""Q4 '25"", 'revenue': 1.69, 'unit': 'M', 'net_profit': -1.38}, {'period': ""Q3 '25"", 'revenue': 2.5, 'unit': 'M', 'net_profit': -1.16}, {'period': ""Q2 '25"", 'revenue': 3.09, 'unit': 'M', 'net_profit': -2.71}, {'period': ""Q1 '25"", 'revenue': 4.24, 'unit': 'M', 'net_profit': -1.74}, {'period': ""Q4 '24"", 'revenue': 3.3, 'unit': 'M', 'net_profit': -1.4}, {'period': ""Q3 '24"", 'revenue': 3440.0, 'unit': 'K', 'net_profit': -837.31}]",,,,,,,,,,,,,,,,,__nan__,__nan__
412,RELIW,Reliance Global Group Inc. Series A Warrants,,,,,,,,,,0.0,-0.0017,188932,,,[],"[{'period': ""Q4 '25"", 'revenue': 1.69, 'unit': 'M', 'net_profit': -1.38}, {'period': ""Q3 '25"", 'revenue': 2.5, 'unit': 'M', 'net_profit': -1.16}, {'period': ""Q2 '25"", 'revenue': 3.09, 'unit': 'M', 'net_profit': -2.71}, {'period': ""Q1 '25"", 'revenue': 4.24, 'unit': 'M', 'net_profit': -1.74}, {'period': ""Q4 '24"", 'revenue': 3.3, 'unit': 'M', 'net_profit': -1.4}, {'period': ""Q3 '24"", 'revenue': 3440.0, 'unit': 'K', 'net_profit': -837.31}]",,,,,,,,,,,,,,,,,__nan__,__nan__
413,RELL,Richardson Electronics Ltd. Common Stock,,,,,,,,,,220.8,-0.36,36493,,,[],"[{'period': ""Q2 '26"", 'revenue': 52290.0, 'unit': 'K', 'net_profit': -121.0}, {'period': ""Q1 '26"", 'revenue': 54.61, 'unit': 'M', 'net_profit': 1.91}, {'period': ""Q4 '25"", 'revenue': 51.89, 'unit': 'M', 'net_profit': 1.07}, {'period': ""Q3 '25"", 'revenue': 53.8, 'unit': 'M', 'net_profit': -2.06}, {'period': ""Q2 '25"", 'revenue': 49490.0, 'unit': 'K', 'net_profit': -751.0}, {'period': ""Q1 '25"", 'revenue': 53730.0, 'unit': 'K', 'net_profit': 590.0}]",,,,,,,,,,,,,,,,,__nan__,__nan__
414,REPH,Recro Pharma Inc. Common Stock,,,,,,,,,,-8.038461538461538,-0.00999999,137536,,,[],"[{'period': ""Q4 '23"", 'revenue': 27720.0, 'unit': 'K', 'net_profit': -786.0}, {'period': ""Q3 '23"", 'revenue': 23.59, 'unit': 'M', 'net_profit': -4.59}, {'period': ""Q2 '23"", 'revenue': 21.8, 'unit': 'M', 'net_profit': -3.21}, {'period': ""Q1 '23"", 'revenue': 21.53, 'unit': 'M', 'net_profit': -4.68}, {'period': ""Q4 '22"", 'revenue': 24.28, 'unit': 'M', 'net_profit': -9.17}, {'period': ""Q3 '22"", 'revenue': 21.59, 'unit': 'M', 'net_profit': -6.87}]",,,,,,,,,,,,,,,,,__nan__,__nan__
415,REPL,Replimune Group Inc. Common Stock,,,,,,,,,,-2.1,-0.32,1195969,,,[],"[{'period': ""Q3 '26"", 'revenue': 0.0, 'unit': 'M', 'net_profit': -70.93}, {'period': ""Q2 '26"", 'revenue': 0.0, 'unit': 'M', 'net_profit': -83.1}, {'period': ""Q1 '26"", 'revenue': 0.0, 'unit': 'M', 'net_profit': -86.69}, {'period': ""Q4 '25"", 'revenue': 0.0, 'unit': 'M', 'net_profit': -74.13}, {'period': ""Q3 '25"", 'revenue': 0.0, 'unit': 'M', 'net_profit': -66.34}, {'period': ""Q2 '25"", 'revenue': 0.0, 'unit': 'M', 'net_profit': -53.05}]",,,,,,,,,,,,,,,,,__nan__,__nan__
416,RESN,Resonant Inc. Common Stock,,,,,,,,,,-7.777777777777778,0.0,4523756,,,[],"[{'period': ""Q4 '21"", 'revenue': 0.531, 'unit': 'M', 'net_profit': -9.09}, {'period': ""Q3 '21"", 'revenue': 0.425, 'unit': 'M', 'net_profit': -8.98}, {'period': ""Q2 '21"", 'revenue': 0.614, 'unit': 'M', 'net_profit': -9.07}, {'period': ""Q1 '21"", 'revenue': 0.608, 'unit': 'M', 'net_profit': -8.82}, {'period': ""Q4 '20"", 'revenue': 0.607, 'unit': 'M', 'net_profit': -7.13}, {'period': ""Q3 '20"", 'revenue': 1.41, 'unit': 'M', 'net_profit': -6.06}]",,,,,,,,,,,,,,,,,__nan__,__nan__
417,RETA,Reata Pharmaceuticals Inc. Class A Common Stock,,,,,,,,,,-66.29230769230769,0.04,1909215,,,[],"[{'period': ""Q2 '23"", 'revenue': 22.75, 'unit': 'M', 'net_profit': 193.0}, {'period': ""Q1 '23"", 'revenue': 0.195, 'unit': 'M', 'net_profit': -110.76}, {'period': ""Q4 '22"", 'revenue': 0.914, 'unit': 'M', 'net_profit': -85.5}, {'period': ""Q3 '22"", 'revenue': 0.54, 'unit': 'M', 'net_profit': -76.79}, {'period': ""Q2 '22"", 'revenue': 0.762, 'unit': 'M', 'net_profit': -73.56}, {'period': ""Q1 '22"", 'revenue': 0.914, 'unit': 'M', 'net_profit': -73.84}]",,,,,,,,,,,,,,,,,__nan__,__nan__
418,RETO,ReTo Eco-Solutions Inc. Common Shares,,,,,,,,,,,-0.0623,34078,,,[],"[{'period': ""Q2 '25"", 'revenue': 1.05, 'unit': 'M', 'net_profit': -1.38}, {'period': ""Q2 '24"", 'revenue': 1840.0, 'unit': 'K', 'net_profit': -678.46}, {'period': ""Q4 '23"", 'revenue': 2.0, 'unit': 'M', 'net_profit': -4.42}, {'period': ""Q2 '23"", 'revenue': 1.23, 'unit': 'M', 'net_profit': -11.22}, {'period': ""Q4 '22"", 'revenue': 3.58, 'unit': 'M', 'net_profit': -8.95}, {'period': ""Q2 '22"", 'revenue': 2.89, 'unit': 'M', 'net_profit': -5.68}]",,,,,,,,,,,,,,,,,__nan__,__nan__
419,REVH,Revolution Healthcare Acquisition Corp. SAIL Class A Common Stock,,,,,,,,,,28.7,0.005,371,,,[],"[{'period': ""Q3 '22"", 'revenue': 0.0, 'unit': 'M', 'net_profit': 5.9}, {'period': ""Q2 '22"", 'revenue': 0.0, 'unit': 'M', 'net_profit': 4.51}, {'period': ""Q1 '22"", 'revenue': 0.0, 'unit': 'M', 'net_profit': 6.29}, {'period': ""Q3 '21"", 'revenue': 0.0, 'unit': 'M', 'net_profit': 10.96}, {'period': ""Q2 '21"", 'revenue': 0.0, 'unit': 'M', 'net_profit': 19.26}]",,,,,,,,,,,,,,,,,__nan__,__nan__
420,REVHU,Revolution Healthcare Acquisition Corp. SAIL Units,,,,,,,,,,11.772300469483568,0.0,300,,,[],"[{'period': ""Q3 '22"", 'revenue': 0.0, 'unit': 'M', 'net_profit': 5.9}, {'period': ""Q2 '22"", 'revenue': 0.0, 'unit': 'M', 'net_profit': 4.51}, {'period': ""Q1 '22"", 'revenue': 0.0, 'unit': 'M', 'net_profit': 6.29}, {'period': ""Q3 '21"", 'revenue': 0.0, 'unit': 'M', 'net_profit': 10.96}, {'period': ""Q2 '21"", 'revenue': 0.0, 'unit': 'M', 'net_profit': 19.26}]",,,,,,,,,,,,,,,,,__nan__,__nan__
421,REVHW,Revolution Healthcare Acquisition Corp. SAIL Warrant.,,,,,,,,,,0.0,0.0,29758,,,[],"[{'period': ""Q3 '22"", 'revenue': 0.0, 'unit': 'M', 'net_profit': 5.9}, {'period': ""Q2 '22"", 'revenue': 0.0, 'unit': 'M', 'net_profit': 4.51}, {'period': ""Q1 '22"", 'revenue': 0.0, 'unit': 'M', 'net_profit': 6.29}, {'period': ""Q3 '21"", 'revenue': 0.0, 'unit': 'M', 'net_profit': 10.96}, {'period': ""Q2 '21"", 'revenue': 0.0, 'unit': 'M', 'net_profit': 19.26}]",,,,,,,,,,,,,,,,,__nan__,__nan__
422,REYN,Reynolds Consumer Products Inc. Common Stock,,,,,,,,,,14.61,-0.03999924,764214,,,[],"[{'period': ""Q4 '25"", 'revenue': 1030.0, 'unit': 'M', 'net_profit': 118.0}, {'period': ""Q3 '25"", 'revenue': 931.0, 'unit': 'M', 'net_profit': 79.0}, {'period': ""Q2 '25"", 'revenue': 938.0, 'unit': 'M', 'net_profit': 73.0}, {'period': ""Q1 '25"", 'revenue': 818.0, 'unit': 'M', 'net_profit': 31.0}, {'period': ""Q4 '24"", 'revenue': 1020.0, 'unit': 'M', 'net_profit': 121.0}, {'period': ""Q3 '24"", 'revenue': 910.0, 'unit': 'M', 'net_profit': 86.0}]",,,,,,,,,,,,,,,,,__nan__,__nan__
423,RFIL,RF Industries Ltd. Common Stock,,,,,,,,,,373.83,0.645,348845,,,[],"[{'period': ""Q1 '26"", 'revenue': 18970.0, 'unit': 'K', 'net_profit': -50.0}, {'period': ""Q4 '25"", 'revenue': 22690.0, 'unit': 'K', 'net_profit': 173.0}, {'period': ""Q3 '25"", 'revenue': 19790.0, 'unit': 'K', 'net_profit': 392.0}, {'period': ""Q2 '25"", 'revenue': 18910.0, 'unit': 'K', 'net_profit': -245.0}, {'period': ""Q1 '25"", 'revenue': 19200.0, 'unit': 'K', 'net_profit': -245.0}, {'period': ""Q4 '24"", 'revenue': 18450.0, 'unit': 'K', 'net_profit': -238.0}]",,,,,,,,,,,,,,,,,__nan__,__nan__
424,RGCO,RGC Resources Inc. Common Stock,,,,,,,,,,16.94,0.03,4811,,,[],"[{'period': ""Q1 '26"", 'revenue': 30.26, 'unit': 'M', 'net_profit': 4.88}, {'period': ""Q4 '25"", 'revenue': 14320.0, 'unit': 'K', 'net_profit': -204.34}, {'period': ""Q3 '25"", 'revenue': 17260.0, 'unit': 'K', 'net_profit': 538.41}, {'period': ""Q2 '25"", 'revenue': 36.46, 'unit': 'M', 'net_profit': 7.68}, {'period': ""Q1 '25"", 'revenue': 27.29, 'unit': 'M', 'net_profit': 5.27}, {'period': ""Q4 '24"", 'revenue': 13100.0, 'unit': 'K', 'net_profit': 140.82}]",,,,,,,,,,,,,,,,,__nan__,__nan__
425,RGEN,Repligen Corporation Common Stock,,,,,,,,,,128.05,-4.3,797926,,,[],"[{'period': ""Q4 '25"", 'revenue': 197.91, 'unit': 'M', 'net_profit': 13.29}, {'period': ""Q3 '25"", 'revenue': 188.81, 'unit': 'M', 'net_profit': 14.91}, {'period': ""Q2 '25"", 'revenue': 182.37, 'unit': 'M', 'net_profit': 14.87}, {'period': ""Q1 '25"", 'revenue': 169.17, 'unit': 'M', 'net_profit': 5.83}, {'period': ""Q4 '24"", 'revenue': 167.55, 'unit': 'M', 'net_profit': -33.87}, {'period': ""Q3 '24"", 'revenue': 154870.0, 'unit': 'K', 'net_profit': -654.0}]",,,,,,,,,,,,,,,,,__nan__,__nan__
426,RGLD,Royal Gold Inc. Common Stock,,,,,,,,,,35.45,6.85,1046382,,,[],"[{'period': ""Q4 '25"", 'revenue': 375.32, 'unit': 'M', 'net_profit': 93.61}, {'period': ""Q3 '25"", 'revenue': 252.07, 'unit': 'M', 'net_profit': 126.82}, {'period': ""Q2 '25"", 'revenue': 209.64, 'unit': 'M', 'net_profit': 132.35}, {'period': ""Q1 '25"", 'revenue': 191.68, 'unit': 'M', 'net_profit': 113.5}, {'period': ""Q4 '24"", 'revenue': 202.56, 'unit': 'M', 'net_profit': 107.41}, {'period': ""Q3 '24"", 'revenue': 192.32, 'unit': 'M', 'net_profit': 96.24}]",,,,,,,,,,,,,,,,,__nan__,__nan__
427,RGLS,Regulus Therapeutics Inc. Common Stock,,,,,,,,,,-12.0,0.0,8756394,,,[],"[{'period': ""Q1 '25"", 'revenue': 0.0, 'unit': 'M', 'net_profit': -9.63}, {'period': ""Q4 '24"", 'revenue': 0.34, 'unit': 'M', 'net_profit': -12.79}, {'period': ""Q3 '24"", 'revenue': 0.0, 'unit': 'M', 'net_profit': -14.06}, {'period': ""Q2 '24"", 'revenue': 0.0, 'unit': 'M', 'net_profit': -11.04}, {'period': ""Q1 '24"", 'revenue': 0.0, 'unit': 'M', 'net_profit': -8.47}, {'period': ""Q4 '23"", 'revenue': 0.302, 'unit': 'M', 'net_profit': -8.06}]",,,,,,,,,,,,,,,,,__nan__,__nan__
428,RGNX,REGENXBIO Inc. Common Stock,,,,,,,,,,-2.06,-0.5,629929,,,[],"[{'period': ""Q4 '25"", 'revenue': 30.34, 'unit': 'M', 'net_profit': -67.15}, {'period': ""Q3 '25"", 'revenue': 29.73, 'unit': 'M', 'net_profit': -61.94}, {'period': ""Q2 '25"", 'revenue': 21.36, 'unit': 'M', 'net_profit': -70.87}, {'period': ""Q1 '25"", 'revenue': 89.01, 'unit': 'M', 'net_profit': 6.08}, {'period': ""Q4 '24"", 'revenue': 21.21, 'unit': 'M', 'net_profit': -51.19}, {'period': ""Q3 '24"", 'revenue': 24.2, 'unit': 'M', 'net_profit': -59.6}]",,,,,,,,,,,,,,,,,__nan__,__nan__
429,RGP,Resources Connection Inc. Common Stock,,,,,,,,,,-0.9,-0.1,158955,,,[],"[{'period': ""Q2 '26"", 'revenue': 117.73, 'unit': 'M', 'net_profit': -12.66}, {'period': ""Q1 '26"", 'revenue': 120.23, 'unit': 'M', 'net_profit': -2.4}, {'period': ""Q4 '25"", 'revenue': 139.34, 'unit': 'M', 'net_profit': -73.31}, {'period': ""Q3 '25"", 'revenue': 129.44, 'unit': 'M', 'net_profit': -44.05}, {'period': ""Q2 '25"", 'revenue': 145.62, 'unit': 'M', 'net_profit': -68.72}, {'period': ""Q1 '25"", 'revenue': 136.94, 'unit': 'M', 'net_profit': -5.71}]",,,,,,,,,,,,,,,,,__nan__,__nan__
430,RIBT,RiceBran Technologies Common Stock,,,,,,,,,,,0.0,59,,,[],"[{'period': ""Q1 '24"", 'revenue': 2.12, 'unit': 'M', 'net_profit': -1.86}, {'period': ""Q4 '23"", 'revenue': 5.68, 'unit': 'M', 'net_profit': -3.42}, {'period': ""Q3 '23"", 'revenue': 4.86, 'unit': 'M', 'net_profit': -1.78}, {'period': ""Q2 '23"", 'revenue': 6.27, 'unit': 'M', 'net_profit': -10.33}, {'period': ""Q1 '23"", 'revenue': 9.27, 'unit': 'M', 'net_profit': -2.03}, {'period': ""Q4 '22"", 'revenue': 10.62, 'unit': 'M', 'net_profit': -1.68}]",,,,,,,,,,,,,,,,,__nan__,__nan__
431,RICK,RCI Hospitality Holdings Inc. Common Stock,,,,,,,,,,18.67,-0.9,92291,,,[],"[{'period': ""Q4 '25"", 'revenue': 70.93, 'unit': 'M', 'net_profit': -5.5}, {'period': ""Q3 '25"", 'revenue': 71.14, 'unit': 'M', 'net_profit': 4.06}, {'period': ""Q2 '25"", 'revenue': 65.88, 'unit': 'M', 'net_profit': 3.23}, {'period': ""Q1 '25"", 'revenue': 71.48, 'unit': 'M', 'net_profit': 9.02}, {'period': ""Q4 '24"", 'revenue': 73230.0, 'unit': 'K', 'net_profit': 244.0}, {'period': ""Q3 '24"", 'revenue': 76.18, 'unit': 'M', 'net_profit': -5.23}]",,,,,,,,,,,,,,,,,__nan__,__nan__
432,RIDE,Lordstown Motors Corp. Class A Common Stock,,,,,,,,,,-0.11066398390342053,0.0,1328882,,,[],"[{'period': ""Q4 '25"", 'revenue': 0.0, 'unit': 'M', 'net_profit': -1.86}, {'period': ""Q3 '25"", 'revenue': 0.0, 'unit': 'K', 'net_profit': 217.0}, {'period': ""Q2 '25"", 'revenue': 0.0, 'unit': 'K', 'net_profit': 19.0}, {'period': ""Q1 '25"", 'revenue': 0.0, 'unit': 'M', 'net_profit': -1.92}, {'period': ""Q4 '24"", 'revenue': -180.76, 'unit': 'M', 'net_profit': -2.98}, {'period': ""Q3 '24"", 'revenue': 0.0, 'unit': 'K', 'net_profit': -344.0}]",,,,,,,,,,,,,,,,,__nan__,__nan__
433,RIGL,Rigel Pharmaceuticals Inc. Common Stock,,,,,,,,,,1.32,-0.56,262646,,,[],"[{'period': ""Q4 '25"", 'revenue': 69.8, 'unit': 'M', 'net_profit': 268.06}, {'period': ""Q3 '25"", 'revenue': 69.46, 'unit': 'M', 'net_profit': 27.9}, {'period': ""Q2 '25"", 'revenue': 101.69, 'unit': 'M', 'net_profit': 59.61}, {'period': ""Q1 '25"", 'revenue': 53.33, 'unit': 'M', 'net_profit': 11.45}, {'period': ""Q4 '24"", 'revenue': 57.6, 'unit': 'M', 'net_profit': 14.34}, {'period': ""Q3 '24"", 'revenue': 55.31, 'unit': 'M', 'net_profit': 12.42}]",,,,,,,,,,,,,,,,,__nan__,__nan__
434,RILY,B. Riley Financial Inc. Common Stock,,,,,,,,,,-2.29,-0.36,785662,,,[],"[{'period': ""Q4 '25"", 'revenue': 265.0, 'unit': 'M', 'net_profit': 62.0}, {'period': ""Q3 '25"", 'revenue': 276.57, 'unit': 'M', 'net_profit': 91.08}, {'period': ""Q2 '25"", 'revenue': 224.5, 'unit': 'M', 'net_profit': 139.47}, {'period': ""Q1 '25"", 'revenue': 194.16, 'unit': 'M', 'net_profit': -9.97}, {'period': ""Q4 '24"", 'revenue': 267.61, 'unit': 'M', 'net_profit': 2.89}, {'period': ""Q3 '24"", 'revenue': 246.84, 'unit': 'M', 'net_profit': -284.4}]",,,,,,,,,,,,,,,,,__nan__,__nan__
435,RILYG,B. Riley Financial Inc. 7.25% Senior Notes due 2027,,,,,,,,,,,0.0901,12010,,,[],"[{'period': ""Q4 '25"", 'revenue': 265.0, 'unit': 'M', 'net_profit': 62.0}, {'period': ""Q3 '25"", 'revenue': 276.57, 'unit': 'M', 'net_profit': 91.08}, {'period': ""Q2 '25"", 'revenue': 224.5, 'unit': 'M', 'net_profit': 139.47}, {'period': ""Q1 '25"", 'revenue': 194.16, 'unit': 'M', 'net_profit': -9.97}, {'period': ""Q4 '24"", 'revenue': 267.61, 'unit': 'M', 'net_profit': 2.89}, {'period': ""Q3 '24"", 'revenue': 246.84, 'unit': 'M', 'net_profit': -284.4}]",,,,,,,,,,,,,,,,,__nan__,__nan__
436,RILYH,B. Riley Financial Inc. 7.375% Senior Notes due 2023,,,,,,,,,,43.6986301369863,-0.01000023,8704,,,[],"[{'period': ""Q4 '25"", 'revenue': 265.0, 'unit': 'M', 'net_profit': 62.0}, {'period': ""Q3 '25"", 'revenue': 276.57, 'unit': 'M', 'net_profit': 91.08}, {'period': ""Q2 '25"", 'revenue': 224.5, 'unit': 'M', 'net_profit': 139.47}, {'period': ""Q1 '25"", 'revenue': 194.16, 'unit': 'M', 'net_profit': -9.97}, {'period': ""Q4 '24"", 'revenue': 267.61, 'unit': 'M', 'net_profit': 2.89}, {'period': ""Q3 '24"", 'revenue': 246.84, 'unit': 'M', 'net_profit': -284.4}]",,,,,,,,,,,,,,,,,__nan__,__nan__
437,RILYI,B. Riley Financial Inc. 6.875% Senior Notes due 2023,,,,,,,,,,0.0,0.01,9210,,,[],"[{'period': ""Q4 '25"", 'revenue': 271.0, 'unit': 'M', 'net_profit': 62.0}, {'period': ""Q3 '25"", 'revenue': 109.12, 'unit': 'M', 'net_profit': 41.77}, {'period': ""Q2 '25"", 'revenue': 225.3, 'unit': 'M', 'net_profit': 139.47}, {'period': ""Q1 '25"", 'revenue': 186.06, 'unit': 'M', 'net_profit': -26.05}, {'period': ""Q3 '24"", 'revenue': 199.31, 'unit': 'M', 'net_profit': -284.4}, {'period': ""Q2 '24"", 'revenue': 148.37, 'unit': 'M', 'net_profit': -433.6}]",,,,,,,,,,,,,,,,,__nan__,__nan__
438,RILYK,B. Riley Financial Inc. 5.50% Senior Notes Due 2026,,,,,,,,,,,0.04,22255,,,[],"[{'period': ""Q4 '25"", 'revenue': 265.0, 'unit': 'M', 'net_profit': 62.0}, {'period': ""Q3 '25"", 'revenue': 276.57, 'unit': 'M', 'net_profit': 91.08}, {'period': ""Q2 '25"", 'revenue': 224.5, 'unit': 'M', 'net_profit': 139.47}, {'period': ""Q1 '25"", 'revenue': 194.16, 'unit': 'M', 'net_profit': -9.97}, {'period': ""Q4 '24"", 'revenue': 267.61, 'unit': 'M', 'net_profit': 2.89}, {'period': ""Q3 '24"", 'revenue': 246.84, 'unit': 'M', 'net_profit': -284.4}]",,,,,,,,,,,,,,,,,__nan__,__nan__
439,RILYL,B. Riley Financial Inc. Depositary Shares each representing 1/1000th in a share of 7.375% Series B Cumulative Perpetual Preferred Stock par value $0.0001,,,,,,,,,,2.0,-0.27,15889,,,[],"[{'period': ""Q4 '25"", 'revenue': 265.0, 'unit': 'M', 'net_profit': 62.0}, {'period': ""Q3 '25"", 'revenue': 276.57, 'unit': 'M', 'net_profit': 91.08}, {'period': ""Q2 '25"", 'revenue': 224.5, 'unit': 'M', 'net_profit': 139.47}, {'period': ""Q1 '25"", 'revenue': 194.16, 'unit': 'M', 'net_profit': -9.97}, {'period': ""Q4 '24"", 'revenue': 267.61, 'unit': 'M', 'net_profit': 2.89}, {'period': ""Q3 '24"", 'revenue': 246.84, 'unit': 'M', 'net_profit': -284.4}]",,,,,,,,,,,,,,,,,__nan__,__nan__
440,RILYM,B. Riley Financial Inc. 6.375% Senior Notes due 2025,,,,,,,,,,0.0,0.0,45069,,,[],"[{'period': ""Q4 '25"", 'revenue': 265.0, 'unit': 'M', 'net_profit': 62.0}, {'period': ""Q3 '25"", 'revenue': 276.57, 'unit': 'M', 'net_profit': 91.08}, {'period': ""Q2 '25"", 'revenue': 224.5, 'unit': 'M', 'net_profit': 139.47}, {'period': ""Q1 '25"", 'revenue': 194.16, 'unit': 'M', 'net_profit': -9.97}, {'period': ""Q4 '24"", 'revenue': 267.61, 'unit': 'M', 'net_profit': 2.89}, {'period': ""Q3 '24"", 'revenue': 246.84, 'unit': 'M', 'net_profit': -284.4}]",,,,,,,,,,,,,,,,,__nan__,__nan__
441,RILYN,B. Riley Financial Inc. 6.50% Senior Notes Due 2026,,,,,,,,,,,-0.2301,7089,,,[],"[{'period': ""Q4 '25"", 'revenue': 265.0, 'unit': 'M', 'net_profit': 62.0}, {'period': ""Q3 '25"", 'revenue': 276.57, 'unit': 'M', 'net_profit': 91.08}, {'period': ""Q2 '25"", 'revenue': 224.5, 'unit': 'M', 'net_profit': 139.47}, {'period': ""Q1 '25"", 'revenue': 194.16, 'unit': 'M', 'net_profit': -9.97}, {'period': ""Q4 '24"", 'revenue': 267.61, 'unit': 'M', 'net_profit': 2.89}, {'period': ""Q3 '24"", 'revenue': 246.84, 'unit': 'M', 'net_profit': -284.4}]",,,,,,,,,,,,,,,,,__nan__,__nan__
442,RILYO,B. Riley Financial Inc. 6.75% Senior Notes due 2024,,,,,,,,,,0.0,-0.0061,1448,,,[],"[{'period': ""Q4 '25"", 'revenue': 265.0, 'unit': 'M', 'net_profit': 62.0}, {'period': ""Q3 '25"", 'revenue': 276.57, 'unit': 'M', 'net_profit': 91.08}, {'period': ""Q2 '25"", 'revenue': 224.5, 'unit': 'M', 'net_profit': 139.47}, {'period': ""Q1 '25"", 'revenue': 194.16, 'unit': 'M', 'net_profit': -9.97}, {'period': ""Q4 '24"", 'revenue': 267.61, 'unit': 'M', 'net_profit': 2.89}, {'period': ""Q3 '24"", 'revenue': 246.84, 'unit': 'M', 'net_profit': -284.4}]",,,,,,,,,,,,,,,,,__nan__,__nan__
443,RILYP,B. Riley Financial Inc. Depositary Shares each representing a 1/1000th fractional interest in a share of Series A Cumulative Perpetual Preferred Stock,,,,,,,,,,1.91,-0.21,14807,,,[],"[{'period': ""Q4 '25"", 'revenue': 265.0, 'unit': 'M', 'net_profit': 62.0}, {'period': ""Q3 '25"", 'revenue': 276.57, 'unit': 'M', 'net_profit': 91.08}, {'period': ""Q2 '25"", 'revenue': 224.5, 'unit': 'M', 'net_profit': 139.47}, {'period': ""Q1 '25"", 'revenue': 194.16, 'unit': 'M', 'net_profit': -9.97}, {'period': ""Q4 '24"", 'revenue': 267.61, 'unit': 'M', 'net_profit': 2.89}, {'period': ""Q3 '24"", 'revenue': 246.84, 'unit': 'M', 'net_profit': -284.4}]",,,,,,,,,,,,,,,,,__nan__,__nan__
444,RILYT,B. Riley Financial Inc. 6.00% Senior Notes Due 2028,,,,,,,,,,,-0.29,24459,,,[],"[{'period': ""Q4 '25"", 'revenue': 265.0, 'unit': 'M', 'net_profit': 62.0}, {'period': ""Q3 '25"", 'revenue': 276.57, 'unit': 'M', 'net_profit': 91.08}, {'period': ""Q2 '25"", 'revenue': 224.5, 'unit': 'M', 'net_profit': 139.47}, {'period': ""Q1 '25"", 'revenue': 194.16, 'unit': 'M', 'net_profit': -9.97}, {'period': ""Q4 '24"", 'revenue': 267.61, 'unit': 'M', 'net_profit': 2.89}, {'period': ""Q3 '24"", 'revenue': 246.84, 'unit': 'M', 'net_profit': -284.4}]",,,,,,,,,,,,,,,,,__nan__,__nan__
445,RIOT,Riot Blockchain Inc.  Common Stock ,,,,,,,,,,-6.56,-1.205,17306784,,,[],"[{'period': ""Q4 '25"", 'revenue': 152.83, 'unit': 'M', 'net_profit': -690.75}, {'period': ""Q3 '25"", 'revenue': 180.23, 'unit': 'M', 'net_profit': 104.48}, {'period': ""Q2 '25"", 'revenue': 152.99, 'unit': 'M', 'net_profit': 219.45}, {'period': ""Q1 '25"", 'revenue': 161.39, 'unit': 'M', 'net_profit': -296.37}, {'period': ""Q4 '24"", 'revenue': 142.56, 'unit': 'M', 'net_profit': 136.44}, {'period': ""Q3 '24"", 'revenue': 84.79, 'unit': 'M', 'net_profit': -154.36}]",,,,,,,,,,,,,,,,,__nan__,__nan__
446,RIVE,Riverview Financial Corporation Common Stock,,,,,,,,,,11.56203288490284,0.22000027,55121,,,[],[],,,,,,,,,,,,,,,,,__nan__,__nan__
447,RKDA,Arcadia Biosciences Inc. Common Stock,,,,,,,,,,-0.86,-0.05,16610,,,[],"[{'period': ""Q4 '25"", 'revenue': 0.901, 'unit': 'M', 'net_profit': -1.34}, {'period': ""Q3 '25"", 'revenue': 1300.0, 'unit': 'K', 'net_profit': 856.0}, {'period': ""Q2 '25"", 'revenue': 1.46, 'unit': 'M', 'net_profit': -4.46}, {'period': ""Q1 '25"", 'revenue': 1.2, 'unit': 'M', 'net_profit': 2.6}, {'period': ""Q4 '24"", 'revenue': 1.22, 'unit': 'M', 'net_profit': -4.06}, {'period': ""Q3 '24"", 'revenue': 1.54, 'unit': 'M', 'net_profit': -1.61}]",,,,,,,,,,,,,,,,,__nan__,__nan__
448,RLAY,Relay Therapeutics Inc. Common Stock,,,,,,,,,,-5.96,-0.52,2008400,,,[],"[{'period': ""Q4 '25"", 'revenue': 7.0, 'unit': 'M', 'net_profit': -54.89}, {'period': ""Q3 '25"", 'revenue': 0.0, 'unit': 'M', 'net_profit': -74.15}, {'period': ""Q2 '25"", 'revenue': 0.677, 'unit': 'M', 'net_profit': -70.38}, {'period': ""Q1 '25"", 'revenue': 7.68, 'unit': 'M', 'net_profit': -77.06}, {'period': ""Q4 '24"", 'revenue': 0.0, 'unit': 'M', 'net_profit': -76.0}, {'period': ""Q3 '24"", 'revenue': 0.0, 'unit': 'M', 'net_profit': -88.11}]",,,,,,,,,,,,,,,,,__nan__,__nan__
449,RLMD,Relmada Therapeutics Inc. Common Stock,,,,,,,,,,-4.43,-0.1,734476,,,[],"[{'period': ""Q4 '25"", 'revenue': 0.0, 'unit': 'M', 'net_profit': -19.87}, {'period': ""Q3 '25"", 'revenue': 0.0, 'unit': 'M', 'net_profit': -10.09}, {'period': ""Q2 '25"", 'revenue': 0.0, 'unit': 'M', 'net_profit': -9.87}, {'period': ""Q1 '25"", 'revenue': 0.0, 'unit': 'M', 'net_profit': -17.56}, {'period': ""Q4 '24"", 'revenue': 0.0, 'unit': 'M', 'net_profit': -18.66}, {'period': ""Q3 '24"", 'revenue': 0.0, 'unit': 'M', 'net_profit': -21.73}]",,,,,,,,,,,,,,,,,__nan__,__nan__
450,RMBI,Richmond Mutual Bancorporation Inc. Common Stock,,,,,,,,,,11.45,-0.055,10149,,,[],"[{'period': ""Q4 '25"", 'revenue': 23.4, 'unit': 'M', 'net_profit': 3.41}, {'period': ""Q3 '25"", 'revenue': 23.07, 'unit': 'M', 'net_profit': 3.6}, {'period': ""Q2 '25"", 'revenue': 22.39, 'unit': 'M', 'net_profit': 2.6}, {'period': ""Q1 '25"", 'revenue': 22.03, 'unit': 'M', 'net_profit': 1.97}, {'period': ""Q4 '24"", 'revenue': 21.81, 'unit': 'M', 'net_profit': 2.48}, {'period': ""Q3 '24"", 'revenue': 21.52, 'unit': 'M', 'net_profit': 2.47}]",,,,,,,,,,,,,,,,,__nan__,__nan__
451,RMBL,RumbleOn Inc. Class B Common Stock,,,,,,,,,,-1.228476821192053,0.46,9990,,,[],"[{'period': ""Q4 '25"", 'revenue': 256.9, 'unit': 'M', 'net_profit': -6.4}, {'period': ""Q3 '25"", 'revenue': 281.0, 'unit': 'M', 'net_profit': -4.1}, {'period': ""Q2 '25"", 'revenue': 299.9, 'unit': 'M', 'net_profit': -32.2}, {'period': ""Q1 '25"", 'revenue': 244.7, 'unit': 'M', 'net_profit': -9.7}, {'period': ""Q4 '24"", 'revenue': 269.6, 'unit': 'M', 'net_profit': -56.4}, {'period': ""Q3 '24"", 'revenue': 295.0, 'unit': 'M', 'net_profit': -11.2}]",,,,,,,,,,,,,,,,,__nan__,__nan__
452,RMBS,Rambus Inc. Common Stock,,,,,,,,,,42.53,-1.71,1707653,,,[],"[{'period': ""Q4 '25"", 'revenue': 190.24, 'unit': 'M', 'net_profit': 63.84}, {'period': ""Q3 '25"", 'revenue': 178.51, 'unit': 'M', 'net_profit': 48.38}, {'period': ""Q2 '25"", 'revenue': 172.21, 'unit': 'M', 'net_profit': 57.94}, {'period': ""Q1 '25"", 'revenue': 166.66, 'unit': 'M', 'net_profit': 60.3}, {'period': ""Q4 '24"", 'revenue': 161.1, 'unit': 'M', 'net_profit': 62.2}, {'period': ""Q3 '24"", 'revenue': 145.51, 'unit': 'M', 'net_profit': 48.66}]",,,,,,,,,,,,,,,,,__nan__,__nan__
453,RMCF,Rocky Mountain Chocolate Factory Inc. Common Stock,,,,,,,,,,-4.2,-0.04,18037,,,[],"[{'period': ""Q3 '26"", 'revenue': 7540.0, 'unit': 'K', 'net_profit': -155.0}, {'period': ""Q2 '26"", 'revenue': 6820.0, 'unit': 'K', 'net_profit': -662.0}, {'period': ""Q1 '26"", 'revenue': 6370.0, 'unit': 'K', 'net_profit': -324.0}, {'period': ""Q4 '25"", 'revenue': 8.9, 'unit': 'M', 'net_profit': -2.9}, {'period': ""Q3 '25"", 'revenue': 7890.0, 'unit': 'K', 'net_profit': -847.0}, {'period': ""Q2 '25"", 'revenue': 6380.0, 'unit': 'K', 'net_profit': -722.0}]",,,,,,,,,,,,,,,,,__nan__,__nan__
454,RMGB,RMG Acquisition Corp. II Class A Ordinary Shares,,,,,,,,,,,,,,,[],"[{'period': ""Q2 '21"", 'revenue': 0.0, 'unit': 'M', 'net_profit': -5.27}, {'period': ""Q4 '20"", 'revenue': 0.0, 'unit': 'K', 'net_profit': -202.81}]",,,,,,,,,,,,,,,,,__nan__,__nan__
455,RMGBU,RMG Acquisition Corp. II Unit,,,,,,,,,,-148.8709677419355,-0.12000084,5396,,,[],"[{'period': ""Q3 '23"", 'revenue': 0.0, 'unit': 'M', 'net_profit': -1.75}, {'period': ""Q2 '23"", 'revenue': 0.0, 'unit': 'M', 'net_profit': -3.25}, {'period': ""Q1 '23"", 'revenue': 0.0, 'unit': 'M', 'net_profit': -2.78}, {'period': ""Q4 '22"", 'revenue': 0.0, 'unit': 'M', 'net_profit': 2.23}, {'period': ""Q3 '22"", 'revenue': 0.0, 'unit': 'M', 'net_profit': 1.19}, {'period': ""Q2 '22"", 'revenue': 0.0, 'unit': 'M', 'net_profit': 6.68}]",,,,,,,,,,,,,,,,,__nan__,__nan__
456,RMGBW,RMG Acquisition Corp. II Warrant,,,,,,,,,,,,,,,[],"[{'period': ""Q2 '21"", 'revenue': 0.0, 'unit': 'M', 'net_profit': -5.27}, {'period': ""Q4 '20"", 'revenue': 0.0, 'unit': 'K', 'net_profit': -202.81}]",,,,,,,,,,,,,,,,,__nan__,__nan__
457,RMGC,RMG Acquisition Corp. III Class A Ordinary Shares,,,,,,,,,,-20.367346938775512,-0.04,16148,,,[],"[{'period': ""Q3 '23"", 'revenue': 0.0, 'unit': 'M', 'net_profit': -1.75}, {'period': ""Q2 '23"", 'revenue': 0.0, 'unit': 'M', 'net_profit': -3.25}, {'period': ""Q1 '23"", 'revenue': 0.0, 'unit': 'M', 'net_profit': -2.78}, {'period': ""Q4 '22"", 'revenue': 0.0, 'unit': 'M', 'net_profit': 2.23}, {'period': ""Q3 '22"", 'revenue': 0.0, 'unit': 'M', 'net_profit': 1.19}, {'period': ""Q2 '22"", 'revenue': 0.0, 'unit': 'M', 'net_profit': 6.68}]",,,,,,,,,,,,,,,,,__nan__,__nan__
458,RMGCU,RMG Acquisition Corp. III Unit,,,,,,,,,,40.24291497975708,-0.08,579,,,[],"[{'period': ""Q3 '23"", 'revenue': 0.0, 'unit': 'M', 'net_profit': -1.75}, {'period': ""Q2 '23"", 'revenue': 0.0, 'unit': 'M', 'net_profit': -3.25}, {'period': ""Q1 '23"", 'revenue': 0.0, 'unit': 'M', 'net_profit': -2.78}, {'period': ""Q4 '22"", 'revenue': 0.0, 'unit': 'M', 'net_profit': 2.23}, {'period': ""Q3 '22"", 'revenue': 0.0, 'unit': 'M', 'net_profit': 1.19}, {'period': ""Q2 '22"", 'revenue': 0.0, 'unit': 'M', 'net_profit': 6.68}]",,,,,,,,,,,,,,,,,__nan__,__nan__
459,RMGCW,RMG Acquisition Corp. III Warrant,,,,,,,,,,0.0,-0.0091,119816,,,[],"[{'period': ""Q3 '23"", 'revenue': 0.0, 'unit': 'M', 'net_profit': -1.75}, {'period': ""Q2 '23"", 'revenue': 0.0, 'unit': 'M', 'net_profit': -3.25}, {'period': ""Q1 '23"", 'revenue': 0.0, 'unit': 'M', 'net_profit': -2.78}, {'period': ""Q4 '22"", 'revenue': 0.0, 'unit': 'M', 'net_profit': 2.23}, {'period': ""Q3 '22"", 'revenue': 0.0, 'unit': 'M', 'net_profit': 1.19}, {'period': ""Q2 '22"", 'revenue': 0.0, 'unit': 'M', 'net_profit': 6.68}]",,,,,,,,,,,,,,,,,__nan__,__nan__
460,RMNI,Rimini Street Inc. (DE) Common Stock,,,,,,,,,,7.97,-0.1,186542,,,[],"[{'period': ""Q4 '25"", 'revenue': 109790.0, 'unit': 'K', 'net_profit': 724.0}, {'period': ""Q3 '25"", 'revenue': 103.43, 'unit': 'M', 'net_profit': 2.77}, {'period': ""Q2 '25"", 'revenue': 104.11, 'unit': 'M', 'net_profit': 30.26}, {'period': ""Q1 '25"", 'revenue': 104.2, 'unit': 'M', 'net_profit': 3.35}, {'period': ""Q4 '24"", 'revenue': 114.21, 'unit': 'M', 'net_profit': 6.66}, {'period': ""Q3 '24"", 'revenue': 104.67, 'unit': 'M', 'net_profit': -43.1}]",,,,,,,,,,,,,,,,,__nan__,__nan__
461,RMR,The RMR Group Inc. Class A Common Stock,,,,,,,,,,11.29,-0.2,61569,,,[],"[{'period': ""Q1 '26"", 'revenue': 180.42, 'unit': 'M', 'net_profit': 12.19}, {'period': ""Q4 '25"", 'revenue': 159.41, 'unit': 'M', 'net_profit': 3.41}, {'period': ""Q3 '25"", 'revenue': 154.73, 'unit': 'M', 'net_profit': 4.19}, {'period': ""Q2 '25"", 'revenue': 166.67, 'unit': 'M', 'net_profit': 3.62}, {'period': ""Q1 '25"", 'revenue': 219.48, 'unit': 'M', 'net_profit': 6.38}, {'period': ""Q4 '24"", 'revenue': 212.71, 'unit': 'M', 'net_profit': 5.34}]",,,,,,,,,,,,,,,,,__nan__,__nan__
462,RMRM,RMR Mortgage Trust Common Stock,,,,,,,,,,0.0,-0.23999977,63407,,,[],"[{'period': ""Q4 '25"", 'revenue': 7.3, 'unit': 'M', 'net_profit': 4.79}, {'period': ""Q3 '25"", 'revenue': 7.09, 'unit': 'M', 'net_profit': 3.43}, {'period': ""Q2 '25"", 'revenue': 7.39, 'unit': 'M', 'net_profit': 2.68}, {'period': ""Q1 '25"", 'revenue': 7.59, 'unit': 'M', 'net_profit': 4.53}]",,,,,,,,,,,,,,,,,__nan__,__nan__
463,RMTI,Rockwell Medical Inc. (DE) Common Stock,,,,,,,,,,-5.8,-0.0719,245681,,,[],"[{'period': ""Q4 '25"", 'revenue': 69.21, 'unit': 'B', 'net_profit': -5.31}, {'period': ""Q3 '25"", 'revenue': 15.93, 'unit': 'M', 'net_profit': -1.75}, {'period': ""Q2 '25"", 'revenue': 16.07, 'unit': 'M', 'net_profit': -1.49}, {'period': ""Q1 '25"", 'revenue': 18.91, 'unit': 'M', 'net_profit': -1.51}, {'period': ""Q4 '24"", 'revenue': 24660.0, 'unit': 'K', 'net_profit': -756.0}, {'period': ""Q3 '24"", 'revenue': 28.32, 'unit': 'M', 'net_profit': 1.66}]",,,,,,,,,,,,,,,,,__nan__,__nan__
464,RNA,Avidity Biosciences Inc. Common Stock,,,,,,,,,,-2.95,0.13,410778,,,[],"[{'period': ""Q4 '25"", 'revenue': 0.859, 'unit': 'M', 'net_profit': -48.07}]",,,,,,,,,,,,,,,,,__nan__,__nan__
465,RNDB,Randolph Bancorp Inc. Common Stock,,,,,,,,,,34.61538461538461,0.01,6383,,,[],"[{'period': ""Q2 '22"", 'revenue': 7840.0, 'unit': 'K', 'net_profit': 248.0}, {'period': ""Q1 '22"", 'revenue': 7460.0, 'unit': 'K', 'net_profit': -235.0}, {'period': ""Q4 '21"", 'revenue': 10230.0, 'unit': 'K', 'net_profit': 786.0}, {'period': ""Q3 '21"", 'revenue': 14.12, 'unit': 'M', 'net_profit': 3.13}, {'period': ""Q2 '21"", 'revenue': 12.02, 'unit': 'M', 'net_profit': 1.58}, {'period': ""Q1 '21"", 'revenue': 17.51, 'unit': 'M', 'net_profit': 4.11}]",,,,,,,,,,,,,,,,,__nan__,__nan__
466,RNLX,Renalytix AI plc American Depositary Shares,,,,,,,,,,-0.33403225806451614,0.0111,726332,,,[],"[{'period': ""Q1 '25"", 'revenue': 0.522, 'unit': 'M', 'net_profit': -4.73}, {'period': ""Q4 '24"", 'revenue': 0.586, 'unit': 'M', 'net_profit': -7.07}, {'period': ""Q3 '24"", 'revenue': 0.535, 'unit': 'M', 'net_profit': -7.74}, {'period': ""Q2 '24"", 'revenue': 0.709, 'unit': 'M', 'net_profit': -8.48}, {'period': ""Q1 '24"", 'revenue': 0.459, 'unit': 'M', 'net_profit': -10.15}, {'period': ""Q4 '23"", 'revenue': 0.518, 'unit': 'M', 'net_profit': -11.1}]",,,,,,,,,,,,,,,,,__nan__,__nan__
467,RNST,Renasant Corporation Common Stock,,,,,,,,,,17.0,-0.95,374362,,,[],"[{'period': ""Q4 '25"", 'revenue': 376.44, 'unit': 'M', 'net_profit': 78.95}, {'period': ""Q3 '25"", 'revenue': 362.15, 'unit': 'M', 'net_profit': 59.79}, {'period': ""Q2 '25"", 'revenue': 351.21, 'unit': 'M', 'net_profit': 1.02}, {'period': ""Q1 '25"", 'revenue': 255.21, 'unit': 'M', 'net_profit': 41.52}, {'period': ""Q4 '24"", 'revenue': 259.56, 'unit': 'M', 'net_profit': 44.75}, {'period': ""Q3 '24"", 'revenue': 264.99, 'unit': 'M', 'net_profit': 72.45}]",,,,,,,,,,,,,,,,,__nan__,__nan__
468,RNWK,RealNetworks Inc. Common Stock,,,,,,,,,,0.0,0.0,0,,,[],"[{'period': ""Q3 '22"", 'revenue': 11.71, 'unit': 'M', 'net_profit': -6.67}, {'period': ""Q2 '22"", 'revenue': 11.86, 'unit': 'M', 'net_profit': -5.14}, {'period': ""Q1 '22"", 'revenue': 13.28, 'unit': 'M', 'net_profit': -5.22}, {'period': ""Q4 '21"", 'revenue': 13.4, 'unit': 'M', 'net_profit': -1.78}, {'period': ""Q3 '21"", 'revenue': 14.33, 'unit': 'M', 'net_profit': -7.67}, {'period': ""Q2 '21"", 'revenue': 14.56, 'unit': 'M', 'net_profit': -1.35}]",,,,,,,,,,,,,,,,,__nan__,__nan__
469,ROAD,Construction Partners Inc. Class A Common Stock,,,,,,,,,,49.34,-0.67,541191,,,[],"[{'period': ""Q1 '26"", 'revenue': 809.47, 'unit': 'M', 'net_profit': 17.2}, {'period': ""Q4 '25"", 'revenue': 899.85, 'unit': 'M', 'net_profit': 56.57}, {'period': ""Q3 '25"", 'revenue': 779.28, 'unit': 'M', 'net_profit': 44.05}, {'period': ""Q2 '25"", 'revenue': 571.65, 'unit': 'M', 'net_profit': 4.21}, {'period': ""Q1 '25"", 'revenue': 561.58, 'unit': 'M', 'net_profit': -3.05}, {'period': ""Q4 '24"", 'revenue': 538.16, 'unit': 'M', 'net_profit': 29.31}]",,,,,,,,,,,,,,,,,__nan__,__nan__
470,ROCC,Roth CH Acquisition II Co. Common Stock,,,,,,,,,,2.7410387710314557,-0.75,5674935,,,[],"[{'period': ""Q1 '23"", 'revenue': 257.43, 'unit': 'M', 'net_profit': 113.79}, {'period': ""Q4 '22"", 'revenue': 268.45, 'unit': 'M', 'net_profit': 109.55}, {'period': ""Q3 '22"", 'revenue': 304.11, 'unit': 'M', 'net_profit': 227.59}, {'period': ""Q2 '22"", 'revenue': 313.44, 'unit': 'M', 'net_profit': 148.04}, {'period': ""Q1 '22"", 'revenue': 255.6, 'unit': 'M', 'net_profit': -20.66}, {'period': ""Q4 '21"", 'revenue': 224.59, 'unit': 'M', 'net_profit': 68.28}]",,,,,,,,,,,,,,,,,__nan__,__nan__
471,ROCCU,Roth CH Acquisition II Co. Unit,,,,,,,,,,,,,,,[],"[{'period': ""Q2 '21"", 'revenue': 0.0, 'unit': 'K', 'net_profit': -848.71}, {'period': ""Q4 '20"", 'revenue': 0.0, 'unit': 'K', 'net_profit': -103.39}]",,,,,,,,,,,,,,,,,__nan__,__nan__
472,ROCCW,Roth CH Acquisition II Co. Warrant,,,,,,,,,,,,,,,[],"[{'period': ""Q2 '21"", 'revenue': 0.0, 'unit': 'K', 'net_profit': -848.71}, {'period': ""Q1 '21"", 'revenue': 0.0, 'unit': 'K', 'net_profit': -247.53}, {'period': ""Q1 '20"", 'revenue': 0.0, 'unit': '', 'net_profit': -85.0}]",,,,,,,,,,,,,,,,,__nan__,__nan__
473,ROCK,Gibraltar Industries Inc. Common Stock,,,,,,,,,,12.43,-0.53,244604,,,[],"[{'period': ""Q4 '25"", 'revenue': 225.03, 'unit': 'M', 'net_profit': 139.5}, {'period': ""Q3 '25"", 'revenue': 310.94, 'unit': 'M', 'net_profit': -89.06}, {'period': ""Q2 '25"", 'revenue': 309.52, 'unit': 'M', 'net_profit': 26.0}, {'period': ""Q1 '25"", 'revenue': 290.01, 'unit': 'M', 'net_profit': 21.12}, {'period': ""Q4 '24"", 'revenue': 302.06, 'unit': 'M', 'net_profit': 46.16}, {'period': ""Q3 '24"", 'revenue': 361.2, 'unit': 'M', 'net_profit': 34.04}]",,,,,,,,,,,,,,,,,__nan__,__nan__
474,ROCR,Roth CH Acquisition III Co. Common stock,,,,,,,,,,-95.41666666666667,0.24,96499,,,[],"[{'period': ""Q3 '21"", 'revenue': 0.0, 'unit': '', 'net_profit': 0.0}, {'period': ""Q2 '21"", 'revenue': 0.0, 'unit': 'K', 'net_profit': -583.97}, {'period': ""Q3 '20"", 'revenue': 0.0, 'unit': '', 'net_profit': -800.0}]",,,,,,,,,,,,,,,,,__nan__,__nan__
475,ROCRU,Roth CH Acquisition III Co. Unit,,,,,,,,,,-104.16666666666667,1.0,3355,,,[],"[{'period': ""Q3 '21"", 'revenue': 0.0, 'unit': '', 'net_profit': 0.0}, {'period': ""Q2 '21"", 'revenue': 0.0, 'unit': 'K', 'net_profit': -583.97}, {'period': ""Q3 '20"", 'revenue': 0.0, 'unit': '', 'net_profit': -800.0}]",,,,,,,,,,,,,,,,,__nan__,__nan__
476,ROCRW,Roth CH Acquisition III Co. Warrant,,,,,,,,,,0.0,0.04000002,9897,,,[],"[{'period': ""Q3 '21"", 'revenue': 0.0, 'unit': '', 'net_profit': 0.0}, {'period': ""Q2 '21"", 'revenue': 0.0, 'unit': 'K', 'net_profit': -583.97}, {'period': ""Q3 '20"", 'revenue': 0.0, 'unit': '', 'net_profit': -800.0}]",,,,,,,,,,,,,,,,,__nan__,__nan__
477,ROIC,Retail Opportunity Investments Corp. Common Stock (MD),,,,,,,,,,38.86666666666667,0.0,4300723,,,[],"[{'period': ""Q3 '24"", 'revenue': 83.48, 'unit': 'M', 'net_profit': 32.13}, {'period': ""Q2 '24"", 'revenue': 83.32, 'unit': 'M', 'net_profit': 7.37}, {'period': ""Q1 '24"", 'revenue': 85.33, 'unit': 'M', 'net_profit': 11.02}, {'period': ""Q4 '23"", 'revenue': 84.65, 'unit': 'M', 'net_profit': 8.04}, {'period': ""Q3 '23"", 'revenue': 81.75, 'unit': 'M', 'net_profit': 8.43}, {'period': ""Q2 '23"", 'revenue': 82.04, 'unit': 'M', 'net_profit': 9.93}]",,,,,,,,,,,,,,,,,__nan__,__nan__
478,ROKU,Roku Inc. Class A Common Stock,,,,,,,,,,147.71,-1.88,2058278,,,[],"[{'period': ""Q4 '25"", 'revenue': 1390.0, 'unit': 'M', 'net_profit': 80.48}, {'period': ""Q3 '25"", 'revenue': 1210.0, 'unit': 'M', 'net_profit': 24.81}, {'period': ""Q2 '25"", 'revenue': 1110.0, 'unit': 'M', 'net_profit': 10.5}, {'period': ""Q1 '25"", 'revenue': 1020.0, 'unit': 'M', 'net_profit': -27.43}, {'period': ""Q4 '24"", 'revenue': 1200.0, 'unit': 'M', 'net_profit': -35.55}, {'period': ""Q3 '24"", 'revenue': 1060.0, 'unit': 'M', 'net_profit': -9.03}]",,,,,,,,,,,,,,,,,__nan__,__nan__
479,ROLL,RBC Bearings Incorporated Common Stock,,,,,,,,,,105.66169154228855,-8.23,208644,,,[],"[{'period': ""Q3 '26"", 'revenue': 461.6, 'unit': 'M', 'net_profit': 67.4}, {'period': ""Q2 '26"", 'revenue': 455.3, 'unit': 'M', 'net_profit': 60.0}, {'period': ""Q1 '26"", 'revenue': 436.0, 'unit': 'M', 'net_profit': 68.5}, {'period': ""Q4 '25"", 'revenue': 437.7, 'unit': 'M', 'net_profit': 61.6}, {'period': ""Q3 '25"", 'revenue': 394.4, 'unit': 'M', 'net_profit': 46.6}, {'period': ""Q2 '25"", 'revenue': 397.9, 'unit': 'M', 'net_profit': 51.7}]",,,,,,,,,,,,,,,,,__nan__,__nan__
480,ROOT,Root Inc. Class A Common Stock,,,,,,,,,,18.6,-4.0,274257,,,[],"[{'period': ""Q4 '25"", 'revenue': 397.0, 'unit': 'M', 'net_profit': 5.3}, {'period': ""Q3 '25"", 'revenue': 387.8, 'unit': 'M', 'net_profit': -5.4}, {'period': ""Q2 '25"", 'revenue': 382.9, 'unit': 'M', 'net_profit': 22.0}, {'period': ""Q1 '25"", 'revenue': 349.4, 'unit': 'M', 'net_profit': 18.4}, {'period': ""Q4 '24"", 'revenue': 326.7, 'unit': 'M', 'net_profit': 22.1}, {'period': ""Q3 '24"", 'revenue': 305.7, 'unit': 'M', 'net_profit': 22.8}]",,,,,,,,,,,,,,,,,__nan__,__nan__
481,ROST,Ross Stores Inc. Common Stock,,,,,,,,,,32.07,-2.61,2571875,,,[],"[{'period': ""Q4 '25"", 'revenue': 6640.0, 'unit': 'M', 'net_profit': 645.87}, {'period': ""Q3 '25"", 'revenue': 5600.0, 'unit': 'M', 'net_profit': 511.94}, {'period': ""Q2 '25"", 'revenue': 5530.0, 'unit': 'M', 'net_profit': 508.0}, {'period': ""Q1 '25"", 'revenue': 4980.0, 'unit': 'M', 'net_profit': 479.25}, {'period': ""Q4 '24"", 'revenue': 5910.0, 'unit': 'M', 'net_profit': 586.78}, {'period': ""Q3 '24"", 'revenue': 5070.0, 'unit': 'M', 'net_profit': 488.81}]",,,,,,,,,,,,,,,,,__nan__,__nan__
482,RPAY,Repay Holdings Corporation Class A Common Stock,,,,,,,,,,-1.02,0.02,877983,,,[],"[{'period': ""Q4 '25"", 'revenue': 78.58, 'unit': 'M', 'net_profit': -140.11}, {'period': ""Q3 '25"", 'revenue': 77.72, 'unit': 'M', 'net_profit': -6.41}, {'period': ""Q2 '25"", 'revenue': 75.63, 'unit': 'M', 'net_profit': -102.25}, {'period': ""Q1 '25"", 'revenue': 77.33, 'unit': 'M', 'net_profit': -7.95}, {'period': ""Q4 '24"", 'revenue': 78.27, 'unit': 'M', 'net_profit': -4.12}, {'period': ""Q3 '24"", 'revenue': 79.14, 'unit': 'M', 'net_profit': 3.24}]",,,,,,,,,,,,,,,,,__nan__,__nan__
483,RPD,Rapid7 Inc. Common Stock,,,,,,,,,,14.64,-0.43,1878018,,,[],"[{'period': ""Q4 '25"", 'revenue': 217.39, 'unit': 'M', 'net_profit': 3.13}, {'period': ""Q3 '25"", 'revenue': 217.96, 'unit': 'M', 'net_profit': 9.81}, {'period': ""Q2 '25"", 'revenue': 214.19, 'unit': 'M', 'net_profit': 8.34}, {'period': ""Q1 '25"", 'revenue': 210.25, 'unit': 'M', 'net_profit': 2.1}, {'period': ""Q4 '24"", 'revenue': 216.26, 'unit': 'M', 'net_profit': -1.48}, {'period': ""Q3 '24"", 'revenue': 214.65, 'unit': 'M', 'net_profit': 16.55}]",,,,,,,,,,,,,,,,,__nan__,__nan__
484,RPHM,Reneo Pharmaceuticals Inc. Common Stock,,,,,,,,,,-1.0833333333333333,16.47,437523,,,[],"[{'period': ""Q4 '25"", 'revenue': 0.0, 'unit': '', 'net_profit': 0.0}, {'period': ""Q3 '25"", 'revenue': 0.0, 'unit': '', 'net_profit': 0.0}, {'period': ""Q2 '25"", 'revenue': 0.0, 'unit': '', 'net_profit': 0.0}, {'period': ""Q1 '25"", 'revenue': 0.0, 'unit': '', 'net_profit': 0.0}, {'period': ""Q4 '24"", 'revenue': -0.734, 'unit': 'M', 'net_profit': 37.34}, {'period': ""Q3 '24"", 'revenue': 0.0, 'unit': 'M', 'net_profit': -3.69}]",,,,,,,,,,,,,,,,,__nan__,__nan__
485,RPRX,Royalty Pharma plc Class A Ordinary Shares ,,,,,,,,,,26.04,-0.59,2633810,,,[],"[{'period': ""Q4 '25"", 'revenue': 621.99, 'unit': 'M', 'net_profit': 214.21}, {'period': ""Q3 '25"", 'revenue': 609.29, 'unit': 'M', 'net_profit': 288.22}, {'period': ""Q2 '25"", 'revenue': 578.66, 'unit': 'M', 'net_profit': 30.18}, {'period': ""Q1 '25"", 'revenue': 568.25, 'unit': 'M', 'net_profit': 238.35}, {'period': ""Q4 '24"", 'revenue': 593.64, 'unit': 'M', 'net_profit': 208.21}, {'period': ""Q3 '24"", 'revenue': 564.69, 'unit': 'M', 'net_profit': 543.99}]",,,,,,,,,,,,,,,,,__nan__,__nan__
486,RPTX,Repare Therapeutics Inc. Common Shares,,,,,,,,,,-1.5588235294117647,0.0,1167676,,,[],"[{'period': ""Q3 '25"", 'revenue': 11.62, 'unit': 'M', 'net_profit': 3.26}, {'period': ""Q2 '25"", 'revenue': 0.25, 'unit': 'M', 'net_profit': -16.74}, {'period': ""Q1 '25"", 'revenue': 0.0, 'unit': 'M', 'net_profit': -30.04}, {'period': ""Q4 '24"", 'revenue': 0.0, 'unit': 'M', 'net_profit': -28.67}, {'period': ""Q3 '24"", 'revenue': 0.0, 'unit': 'M', 'net_profit': -34.41}, {'period': ""Q2 '24"", 'revenue': 1.07, 'unit': 'M', 'net_profit': -34.77}]",,,,,,,,,,,,,,,,,__nan__,__nan__
487,RRBI,Red River Bancshares Inc. Common Stock,,,,,,,,,,14.09,-0.49,69356,,,[],"[{'period': ""Q4 '25"", 'revenue': 44.16, 'unit': 'M', 'net_profit': 11.41}, {'period': ""Q3 '25"", 'revenue': 42.82, 'unit': 'M', 'net_profit': 10.8}, {'period': ""Q2 '25"", 'revenue': 41.05, 'unit': 'M', 'net_profit': 10.2}, {'period': ""Q1 '25"", 'revenue': 41.02, 'unit': 'M', 'net_profit': 10.35}, {'period': ""Q4 '24"", 'revenue': 40.29, 'unit': 'M', 'net_profit': 9.31}, {'period': ""Q3 '24"", 'revenue': 40.03, 'unit': 'M', 'net_profit': 8.75}]",,,,,,,,,,,,,,,,,__nan__,__nan__
488,RRGB,Red Robin Gourmet Burgers Inc. Common Stock,,,,,,,,,,-2.02,-0.21,690529,,,[],"[{'period': ""Q4 '25"", 'revenue': 269.04, 'unit': 'M', 'net_profit': -10.11}, {'period': ""Q3 '25"", 'revenue': 265.13, 'unit': 'M', 'net_profit': -18.42}, {'period': ""Q2 '25"", 'revenue': 283.7, 'unit': 'M', 'net_profit': 3.99}, {'period': ""Q1 '25"", 'revenue': 392.35, 'unit': 'M', 'net_profit': 1.25}, {'period': ""Q4 '24"", 'revenue': 285.23, 'unit': 'M', 'net_profit': -39.72}, {'period': ""Q3 '24"", 'revenue': 274.64, 'unit': 'M', 'net_profit': -18.88}]",,,,,,,,,,,,,,,,,__nan__,__nan__
489,RRR,Red Rock Resorts Inc. Class A Common Stock,,,,,,,,,,17.27,-1.85,1455570,,,[],"[{'period': ""Q4 '25"", 'revenue': 511.78, 'unit': 'M', 'net_profit': 44.66}, {'period': ""Q3 '25"", 'revenue': 475.57, 'unit': 'M', 'net_profit': 42.25}, {'period': ""Q2 '25"", 'revenue': 526.27, 'unit': 'M', 'net_profit': 56.4}, {'period': ""Q1 '25"", 'revenue': 497.86, 'unit': 'M', 'net_profit': 44.75}, {'period': ""Q4 '24"", 'revenue': 495.69, 'unit': 'M', 'net_profit': 46.59}, {'period': ""Q3 '24"", 'revenue': 468.02, 'unit': 'M', 'net_profit': 28.95}]",,,,,,,,,,,,,,,,,__nan__,__nan__
490,RSSS,Research Solutions Inc Common Stock,,,,,,,,,,19.58,0.0,19361,,,[],"[{'period': ""Q2 '26"", 'revenue': 11790.0, 'unit': 'K', 'net_profit': 546.92}, {'period': ""Q1 '26"", 'revenue': 12310.0, 'unit': 'K', 'net_profit': 749.39}, {'period': ""Q4 '25"", 'revenue': 12.44, 'unit': 'M', 'net_profit': 2.36}, {'period': ""Q3 '25"", 'revenue': 12660.0, 'unit': 'K', 'net_profit': 216.47}, {'period': ""Q2 '25"", 'revenue': 11.91, 'unit': 'M', 'net_profit': -1.98}, {'period': ""Q1 '25"", 'revenue': 12040.0, 'unit': 'K', 'net_profit': 669.0}]",,,,,,,,,,,,,,,,,__nan__,__nan__
491,RSVA,Rodgers Silicon Valley Acquisition Corp. Common Stock,,,,,,,,,,,,,,,[],"[{'period': ""Q2 '21"", 'revenue': 0.112, 'unit': 'M', 'net_profit': -14.3}, {'period': ""Q4 '20"", 'revenue': 0.0, 'unit': 'K', 'net_profit': -202.29}]",,,,,,,,,,,,,,,,,__nan__,__nan__
492,RSVAU,Rodgers Silicon Valley Acquisition Corp. Unit,,,,,,,,,,,,,,,[],"[{'period': ""Q2 '21"", 'revenue': 0.112, 'unit': 'M', 'net_profit': -14.3}, {'period': ""Q4 '20"", 'revenue': 0.0, 'unit': 'K', 'net_profit': -202.29}]",,,,,,,,,,,,,,,,,__nan__,__nan__
493,RSVAW,Rodgers Silicon Valley Acquisition Corp. Warrant,,,,,,,,,,,,,,,[],"[{'period': ""Q2 '21"", 'revenue': 0.112, 'unit': 'M', 'net_profit': -14.3}, {'period': ""Q1 '21"", 'revenue': 0.0, 'unit': 'M', 'net_profit': -51.35}]",,,,,,,,,,,,,,,,,__nan__,__nan__
494,RTLR,Rattler Midstream LP Common Units,,,,,,,,,,16.365591397849464,0.0,4666784,,,[],"[{'period': ""Q2 '22"", 'revenue': 104.36, 'unit': 'M', 'net_profit': 67.06}, {'period': ""Q1 '22"", 'revenue': 103.46, 'unit': 'M', 'net_profit': 45.02}, {'period': ""Q4 '21"", 'revenue': 99.83, 'unit': 'M', 'net_profit': 54.29}, {'period': ""Q3 '21"", 'revenue': 96.57, 'unit': 'M', 'net_profit': 47.42}, {'period': ""Q2 '21"", 'revenue': 101.13, 'unit': 'M', 'net_profit': 66.92}, {'period': ""Q1 '21"", 'revenue': 98.81, 'unit': 'M', 'net_profit': 31.92}]",,,,,,,,,,,,,,,,,__nan__,__nan__
495,RTPY,Reinvent Technology Partners Y Class A Ordinary Shares,,,,,,,,,,0.0,-0.02999973,1298902,,,[],"[{'period': ""Q4 '25"", 'revenue': 1.0, 'unit': 'M', 'net_profit': -206.0}, {'period': ""Q3 '25"", 'revenue': 1.0, 'unit': 'M', 'net_profit': -201.0}, {'period': ""Q2 '25"", 'revenue': 1.0, 'unit': 'M', 'net_profit': -201.0}, {'period': ""Q1 '25"", 'revenue': 0.0, 'unit': 'M', 'net_profit': -208.0}, {'period': ""Q4 '24"", 'revenue': 0.0, 'unit': 'M', 'net_profit': -744.39}, {'period': ""Q3 '24"", 'revenue': 0.0, 'unit': 'M', 'net_profit': -208.0}]",,,,,,,,,,,,,,,,,__nan__,__nan__
496,RTPYU,Reinvent Technology Partners Y Unit,,,,,,,,,,0.0,0.28,12226,,,[],"[{'period': ""Q4 '25"", 'revenue': 1.0, 'unit': 'M', 'net_profit': -206.0}, {'period': ""Q3 '25"", 'revenue': 1.0, 'unit': 'M', 'net_profit': -201.0}, {'period': ""Q2 '25"", 'revenue': 1.0, 'unit': 'M', 'net_profit': -201.0}, {'period': ""Q1 '25"", 'revenue': 0.0, 'unit': 'M', 'net_profit': -208.0}, {'period': ""Q4 '24"", 'revenue': 0.0, 'unit': 'M', 'net_profit': -744.39}, {'period': ""Q3 '24"", 'revenue': 0.0, 'unit': 'M', 'net_profit': -208.0}]",,,,,,,,,,,,,,,,,__nan__,__nan__
497,RTPYW,Reinvent Technology Partners Y Warrant,,,,,,,,,,,,,,,[],"[{'period': ""Q3 '21"", 'revenue': 0.0, 'unit': 'K', 'net_profit': -390.52}]",,,,,,,,,,,,,,,,,__nan__,__nan__
498,RUBY,Rubius Therapeutics Inc. Common Stock,,,,,,,,,,-0.02864321608040201,0.0015,755858,,,[],"[{'period': ""Q4 '22"", 'revenue': 0.0, 'unit': 'M', 'net_profit': -41.28}, {'period': ""Q3 '22"", 'revenue': 0.0, 'unit': 'M', 'net_profit': -92.92}, {'period': ""Q2 '22"", 'revenue': 0.0, 'unit': 'M', 'net_profit': -45.58}, {'period': ""Q1 '22"", 'revenue': 0.0, 'unit': 'M', 'net_profit': -53.96}, {'period': ""Q4 '21"", 'revenue': 0.0, 'unit': 'M', 'net_profit': -55.02}, {'period': ""Q3 '21"", 'revenue': 0.0, 'unit': 'M', 'net_profit': -49.02}]",,,,,,,,,,,,,,,,,__nan__,__nan__
499,RUN,Sunrun Inc. Common Stock,,,,,,,,,,7.37,0.2,5306662,,,[],"[{'period': ""Q4 '25"", 'revenue': 1160.0, 'unit': 'M', 'net_profit': 103.57}, {'period': ""Q3 '25"", 'revenue': 724.56, 'unit': 'M', 'net_profit': 16.59}, {'period': ""Q2 '25"", 'revenue': 569.34, 'unit': 'M', 'net_profit': 280.39}, {'period': ""Q1 '25"", 'revenue': 504.27, 'unit': 'M', 'net_profit': 50.01}, {'period': ""Q4 '24"", 'revenue': 0.51849, 'unit': 'B', 'net_profit': -2.81}, {'period': ""Q3 '24"", 'revenue': 537.17, 'unit': 'M', 'net_profit': -83.77}]",,,,,,,,,,,,,,,,,__nan__,__nan__
500,RUSHA,Rush Enterprises Inc. Common Stock Cl A,,,,,,,,,,20.21,-0.12,238836,,,[],"[{'period': ""Q4 '25"", 'revenue': 1770.0, 'unit': 'M', 'net_profit': 64.33}, {'period': ""Q3 '25"", 'revenue': 1880.0, 'unit': 'M', 'net_profit': 66.69}, {'period': ""Q2 '25"", 'revenue': 1930.0, 'unit': 'M', 'net_profit': 72.44}, {'period': ""Q1 '25"", 'revenue': 1850.0, 'unit': 'M', 'net_profit': 60.32}, {'period': ""Q4 '24"", 'revenue': 2009.9999999999998, 'unit': 'M', 'net_profit': 74.75}, {'period': ""Q3 '24"", 'revenue': 1900.0, 'unit': 'M', 'net_profit': 79.13}]",,,,,,,,,,,,,,,,,__nan__,__nan__
501,RUSHB,Rush Enterprises Inc. Class B,,,,,,,,,,19.4,0.35,118198,,,[],"[{'period': ""Q4 '25"", 'revenue': 1770.0, 'unit': 'M', 'net_profit': 64.33}, {'period': ""Q3 '25"", 'revenue': 1880.0, 'unit': 'M', 'net_profit': 66.69}, {'period': ""Q2 '25"", 'revenue': 1930.0, 'unit': 'M', 'net_profit': 72.44}, {'period': ""Q1 '25"", 'revenue': 1850.0, 'unit': 'M', 'net_profit': 60.32}, {'period': ""Q4 '24"", 'revenue': 2009.9999999999998, 'unit': 'M', 'net_profit': 74.75}, {'period': ""Q3 '24"", 'revenue': 1900.0, 'unit': 'M', 'net_profit': 79.13}]",,,,,,,,,,,,,,,,,__nan__,__nan__
502,RUTH,Ruth's Hospitality Group Inc. Common Stock,,,,,,,,,,18.058823529411764,0.01,1469051,,,[],"[{'period': ""Q1 '23"", 'revenue': 136.86, 'unit': 'M', 'net_profit': 11.34}, {'period': ""Q4 '22"", 'revenue': 138.34, 'unit': 'M', 'net_profit': 12.38}, {'period': ""Q3 '22"", 'revenue': 112.74, 'unit': 'M', 'net_profit': 5.5}, {'period': ""Q2 '22"", 'revenue': 128.65, 'unit': 'M', 'net_profit': 10.34}, {'period': ""Q1 '22"", 'revenue': 126.13, 'unit': 'M', 'net_profit': 10.41}, {'period': ""Q4 '21"", 'revenue': 126.74, 'unit': 'M', 'net_profit': 13.8}]",,,,,,,,,,,,,,,,,__nan__,__nan__
503,RVMD,Revolution Medicines Inc. Common Stock,,,,,,,,,,-15.55,-0.7,1102734,,,[],"[{'period': ""Q4 '25"", 'revenue': 0.0, 'unit': 'M', 'net_profit': -364.89}, {'period': ""Q3 '25"", 'revenue': 0.0, 'unit': 'M', 'net_profit': -305.21}, {'period': ""Q2 '25"", 'revenue': 0.0, 'unit': 'M', 'net_profit': -247.79}, {'period': ""Q1 '25"", 'revenue': 0.0, 'unit': 'M', 'net_profit': -213.42}, {'period': ""Q4 '24"", 'revenue': 0.0, 'unit': 'M', 'net_profit': -194.57}, {'period': ""Q3 '24"", 'revenue': 0.0, 'unit': 'M', 'net_profit': -156.29}]",,,,,,,,,,,,,,,,,__nan__,__nan__
504,RVNC,Revance Therapeutics Inc. Common Stock,,,,,,,,,,-1.092814371257485,0.0,0,,,[],"[{'period': ""Q3 '24"", 'revenue': 59.88, 'unit': 'M', 'net_profit': -35.12}, {'period': ""Q2 '24"", 'revenue': 65.39, 'unit': 'M', 'net_profit': -37.47}, {'period': ""Q1 '24"", 'revenue': 51.94, 'unit': 'M', 'net_profit': -53.15}, {'period': ""Q4 '23"", 'revenue': 69.8, 'unit': 'M', 'net_profit': -55.7}, {'period': ""Q3 '23"", 'revenue': 56.78, 'unit': 'M', 'net_profit': -141.18}, {'period': ""Q2 '23"", 'revenue': 58.13, 'unit': 'M', 'net_profit': -67.32}]",,,,,,,,,,,,,,,,,__nan__,__nan__
505,RVPH,Reviva Pharmaceuticals Holdings Inc. Common Stock ,,,,,,,,,,-0.08,-0.0422,413917,,,[],"[{'period': ""Q3 '25"", 'revenue': 0.0, 'unit': 'M', 'net_profit': -4.01}, {'period': ""Q2 '25"", 'revenue': 0.0, 'unit': 'M', 'net_profit': -6.05}, {'period': ""Q1 '25"", 'revenue': 0.0, 'unit': 'M', 'net_profit': -6.43}, {'period': ""Q4 '24"", 'revenue': 0.0, 'unit': 'M', 'net_profit': -6.26}, {'period': ""Q3 '24"", 'revenue': 0.0, 'unit': 'M', 'net_profit': -8.37}, {'period': ""Q2 '24"", 'revenue': 0.0, 'unit': 'M', 'net_profit': -7.86}]",,,,,,,,,,,,,,,,,__nan__,__nan__
506,RVPHW,Reviva Pharmaceuticals Holdings Inc. Warrants,,,,,,,,,,0.0,-0.0006,303375,,,[],"[{'period': ""Q3 '25"", 'revenue': 0.0, 'unit': 'M', 'net_profit': -4.01}, {'period': ""Q2 '25"", 'revenue': 0.0, 'unit': 'M', 'net_profit': -6.05}, {'period': ""Q1 '25"", 'revenue': 0.0, 'unit': 'M', 'net_profit': -6.43}, {'period': ""Q4 '24"", 'revenue': 0.0, 'unit': 'M', 'net_profit': -6.26}, {'period': ""Q3 '24"", 'revenue': 0.0, 'unit': 'M', 'net_profit': -8.37}, {'period': ""Q2 '24"", 'revenue': 0.0, 'unit': 'M', 'net_profit': -7.86}]",,,,,,,,,,,,,,,,,__nan__,__nan__
507,RVSB,Riverview Bancorp Inc Common Stock,,,,,,,,,,24.0,-0.01,22565,,,[],"[{'period': ""Q3 '26"", 'revenue': 19.47, 'unit': 'M', 'net_profit': 1.38}, {'period': ""Q2 '26"", 'revenue': 19.21, 'unit': 'M', 'net_profit': 1.1}, {'period': ""Q1 '26"", 'revenue': 18.8, 'unit': 'M', 'net_profit': 1.23}, {'period': ""Q4 '25"", 'revenue': 18.2, 'unit': 'M', 'net_profit': 1.15}, {'period': ""Q3 '25"", 'revenue': 18.47, 'unit': 'M', 'net_profit': 1.23}, {'period': ""Q2 '25"", 'revenue': 18.78, 'unit': 'M', 'net_profit': 1.56}]",,,,,,,,,,,,,,,,,__nan__,__nan__
508,RWLK,ReWalk Robotics Ltd. Ordinary Shares,,,,,,,,,,-2.9169444444444443,0.0601,300510,,,[],"[{'period': ""Q4 '25"", 'revenue': 5.08, 'unit': 'M', 'net_profit': -16.77}, {'period': ""Q3 '25"", 'revenue': 6.2, 'unit': 'M', 'net_profit': -3.17}, {'period': ""Q2 '25"", 'revenue': 5720.0, 'unit': 'K', 'net_profit': 1.0}, {'period': ""Q1 '25"", 'revenue': 5030.0, 'unit': 'K', 'net_profit': 30.0}, {'period': ""Q4 '24"", 'revenue': 13.04, 'unit': 'M', 'net_profit': 18.26}, {'period': ""Q3 '24"", 'revenue': 6130.0, 'unit': 'K', 'net_profit': 119.0}]",,,,,,,,,,,,,,,,,__nan__,__nan__
509,RXDX,Prometheus Biosciences Inc. Common Stock,,,,,,,,,,-56.47457627118644,0.18,1787021,,,[],"[{'period': ""Q1 '23"", 'revenue': 1.1, 'unit': 'M', 'net_profit': -40.88}, {'period': ""Q4 '22"", 'revenue': 0.653, 'unit': 'M', 'net_profit': -38.76}, {'period': ""Q3 '22"", 'revenue': 0.968, 'unit': 'M', 'net_profit': -36.17}, {'period': ""Q2 '22"", 'revenue': 1.27, 'unit': 'M', 'net_profit': -33.33}, {'period': ""Q1 '22"", 'revenue': 3.92, 'unit': 'M', 'net_profit': -32.04}, {'period': ""Q4 '21"", 'revenue': 1.04, 'unit': 'M', 'net_profit': -31.61}]",,,,,,,,,,,,,,,,,__nan__,__nan__
510,RXRA,RXR Acquisition Corp. Class A Common Stock,,,,,,,,,,52.8421052631579,0.04,309637,,,[],"[{'period': ""Q3 '22"", 'revenue': 0.0, 'unit': 'M', 'net_profit': 2.57}, {'period': ""Q2 '22"", 'revenue': 0.0, 'unit': 'M', 'net_profit': 3.97}, {'period': ""Q1 '22"", 'revenue': 0.0, 'unit': 'M', 'net_profit': 6.18}, {'period': ""Q3 '21"", 'revenue': 0.0, 'unit': 'M', 'net_profit': 3.17}, {'period': ""Q2 '21"", 'revenue': 0.0, 'unit': 'K', 'net_profit': -939.0}]",,,,,,,,,,,,,,,,,__nan__,__nan__
511,RXRAU,RXR Acquisition Corp. Units,,,,,,,,,,0.0,0.0,2264,,,[],"[{'period': ""Q3 '22"", 'revenue': 0.0, 'unit': 'M', 'net_profit': 2.57}, {'period': ""Q2 '22"", 'revenue': 0.0, 'unit': 'M', 'net_profit': 3.97}, {'period': ""Q1 '22"", 'revenue': 0.0, 'unit': 'M', 'net_profit': 6.18}, {'period': ""Q3 '21"", 'revenue': 0.0, 'unit': 'M', 'net_profit': 3.17}, {'period': ""Q2 '21"", 'revenue': 0.0, 'unit': 'K', 'net_profit': -939.0}]",,,,,,,,,,,,,,,,,__nan__,__nan__
512,RXRAW,RXR Acquisition Corp. Warrants to purchase Class A common stock,,,,,,,,,,0.0,-0.0012,1601,,,[],"[{'period': ""Q3 '22"", 'revenue': 0.0, 'unit': 'M', 'net_profit': 2.57}, {'period': ""Q2 '22"", 'revenue': 0.0, 'unit': 'M', 'net_profit': 3.97}, {'period': ""Q1 '22"", 'revenue': 0.0, 'unit': 'M', 'net_profit': 6.18}, {'period': ""Q3 '21"", 'revenue': 0.0, 'unit': 'M', 'net_profit': 3.17}, {'period': ""Q2 '21"", 'revenue': 0.0, 'unit': 'K', 'net_profit': -939.0}]",,,,,,,,,,,,,,,,,__nan__,__nan__
513,RXRX,Recursion Pharmaceuticals Inc. Class A Common Stock,,,,,,,,,,-2.04,-0.21,18901174,,,[],"[{'period': ""Q4 '25"", 'revenue': 35.54, 'unit': 'M', 'net_profit': -108.12}, {'period': ""Q3 '25"", 'revenue': 5.17, 'unit': 'M', 'net_profit': -162.25}, {'period': ""Q2 '25"", 'revenue': 19.1, 'unit': 'M', 'net_profit': -171.9}, {'period': ""Q1 '25"", 'revenue': 14.74, 'unit': 'M', 'net_profit': -202.49}, {'period': ""Q4 '24"", 'revenue': 4.51, 'unit': 'M', 'net_profit': -178.91}, {'period': ""Q3 '24"", 'revenue': 26.08, 'unit': 'M', 'net_profit': -95.67}]",,,,,,,,,,,,,,,,,__nan__,__nan__
514,RXT,Rackspace Technology Inc. Common Stock,,,,,,,,,,-1.11,-0.11,6195933,,,[],"[{'period': ""Q4 '25"", 'revenue': 682.8, 'unit': 'M', 'net_profit': -32.7}, {'period': ""Q3 '25"", 'revenue': 671.2, 'unit': 'M', 'net_profit': -67.1}, {'period': ""Q2 '25"", 'revenue': 666.3, 'unit': 'M', 'net_profit': -54.5}, {'period': ""Q1 '25"", 'revenue': 665.4, 'unit': 'M', 'net_profit': -71.5}, {'period': ""Q4 '24"", 'revenue': 685.6, 'unit': 'M', 'net_profit': -56.0}, {'period': ""Q3 '24"", 'revenue': 675.8, 'unit': 'M', 'net_profit': -186.6}]",,,,,,,,,,,,,,,,,__nan__,__nan__
515,RYAAY,Ryanair Holdings plc American Depositary Shares,,,,,,,,,,11.84,-2.21,1312971,,,[],"[{'period': ""Q3 '26"", 'revenue': 3210.0, 'unit': 'M', 'net_profit': 30.4}, {'period': ""Q2 '26"", 'revenue': 5.48, 'unit': 'B', 'net_profit': 1.72}, {'period': ""Q1 '26"", 'revenue': 4340.0, 'unit': 'M', 'net_profit': 819.9}, {'period': ""Q4 '25"", 'revenue': 2300.0, 'unit': 'M', 'net_profit': -328.2}, {'period': ""Q3 '25"", 'revenue': 2960.0, 'unit': 'M', 'net_profit': 148.6}, {'period': ""Q2 '25"", 'revenue': 5.07, 'unit': 'B', 'net_profit': 1.43}]",,,,,,,,,,,,,,,,,__nan__,__nan__
516,RYTM,Rhythm Pharmaceuticals Inc. Common Stock,,,,,,,,,,-24.38,-6.08,1389360,,,[],"[{'period': ""Q4 '25"", 'revenue': 57.25, 'unit': 'M', 'net_profit': -47.51}, {'period': ""Q3 '25"", 'revenue': 51.3, 'unit': 'M', 'net_profit': -52.9}, {'period': ""Q2 '25"", 'revenue': 48.5, 'unit': 'M', 'net_profit': -46.63}, {'period': ""Q1 '25"", 'revenue': 32.7, 'unit': 'M', 'net_profit': -49.5}, {'period': ""Q4 '24"", 'revenue': 41.83, 'unit': 'M', 'net_profit': -43.29}, {'period': ""Q3 '24"", 'revenue': 33.25, 'unit': 'M', 'net_profit': -43.64}]",,,,,,,,,,,,,,,,,__nan__,__nan__
517,RZLT,Rezolute Inc. Common Stock,,,,,,,,,,-3.22,-0.26,2175717,,,[],"[{'period': ""Q2 '26"", 'revenue': 0.0, 'unit': 'M', 'net_profit': -22.77}, {'period': ""Q1 '26"", 'revenue': 0.0, 'unit': 'M', 'net_profit': -18.15}, {'period': ""Q4 '25"", 'revenue': 0.0, 'unit': 'M', 'net_profit': -24.39}, {'period': ""Q3 '25"", 'revenue': 0.0, 'unit': 'M', 'net_profit': -18.91}, {'period': ""Q2 '25"", 'revenue': 0.0, 'unit': 'M', 'net_profit': -15.73}, {'period': ""Q1 '25"", 'revenue': 0.0, 'unit': 'M', 'net_profit': -15.38}]",,,,,,,,,,,,,,,,,__nan__,__nan__
518,SABR,Sabre Corporation Common Stock,,,,,,,,,,-2.34,-0.01,4927709,,,[],"[{'period': ""Q4 '25"", 'revenue': 666.52, 'unit': 'M', 'net_profit': -103.1}, {'period': ""Q3 '25"", 'revenue': 715.18, 'unit': 'M', 'net_profit': 848.74}, {'period': ""Q2 '25"", 'revenue': 687.15, 'unit': 'M', 'net_profit': -256.36}, {'period': ""Q1 '25"", 'revenue': 776.62, 'unit': 'M', 'net_profit': 35.34}, {'period': ""Q4 '24"", 'revenue': 714.72, 'unit': 'M', 'net_profit': -74.7}, {'period': ""Q3 '24"", 'revenue': 764.71, 'unit': 'M', 'net_profit': -62.82}]",,,,,,,,,,,,,,,,,__nan__,__nan__
519,SABRP,Sabre Corporation 6.50% Series A Mandatory Convertible Preferred Stock,,,,,,,,,,-35.871421396283274,-0.56,287031,,,[],"[{'period': ""Q4 '25"", 'revenue': 666.52, 'unit': 'M', 'net_profit': -103.1}, {'period': ""Q3 '25"", 'revenue': 715.18, 'unit': 'M', 'net_profit': 848.74}, {'period': ""Q2 '25"", 'revenue': 687.15, 'unit': 'M', 'net_profit': -256.36}, {'period': ""Q1 '25"", 'revenue': 776.62, 'unit': 'M', 'net_profit': 35.34}, {'period': ""Q4 '24"", 'revenue': 714.72, 'unit': 'M', 'net_profit': -74.7}, {'period': ""Q3 '24"", 'revenue': 764.71, 'unit': 'M', 'net_profit': -62.82}]",,,,,,,,,,,,,,,,,__nan__,__nan__
520,SAFM,Sanderson Farms Inc. Common Stock,,,,,,,,,,5.278137128072445,-5.25,,,,[],"[{'period': ""Q2 '22"", 'revenue': 1540.0, 'unit': 'M', 'net_profit': 321.19}, {'period': ""Q1 '22"", 'revenue': 1330.0, 'unit': 'M', 'net_profit': 192.81}, {'period': ""Q4 '21"", 'revenue': 1400.0, 'unit': 'M', 'net_profit': 183.94}, {'period': ""Q3 '21"", 'revenue': 1350.0, 'unit': 'M', 'net_profit': 164.76}, {'period': ""Q2 '21"", 'revenue': 1130.0, 'unit': 'M', 'net_profit': 96.91}, {'period': ""Q1 '21"", 'revenue': 909.31, 'unit': 'M', 'net_profit': 9.48}]",,,,,,,,,,,,,,,,,__nan__,__nan__
521,SAFT,Safety Insurance Group Inc. Common Stock,,,,,,,,,,10.85,-0.59,90189,,,[],"[{'period': ""Q4 '25"", 'revenue': 315.3, 'unit': 'M', 'net_profit': 20.11}, {'period': ""Q3 '25"", 'revenue': 323.21, 'unit': 'M', 'net_profit': 28.31}, {'period': ""Q2 '25"", 'revenue': 315.93, 'unit': 'M', 'net_profit': 28.94}, {'period': ""Q1 '25"", 'revenue': 299.64, 'unit': 'M', 'net_profit': 21.9}, {'period': ""Q4 '24"", 'revenue': 284.7, 'unit': 'M', 'net_profit': 8.13}, {'period': ""Q3 '24"", 'revenue': 291.1, 'unit': 'M', 'net_profit': 25.89}]",,,,,,,,,,,,,,,,,__nan__,__nan__
522,SAGE,Sage Therapeutics Inc. Common Stock,,,,,,,,,,-1.7750511247443763,0.0,17394354,,,[],"[{'period': ""Q2 '25"", 'revenue': 31.66, 'unit': 'M', 'net_profit': -49.65}, {'period': ""Q1 '25"", 'revenue': 14.06, 'unit': 'M', 'net_profit': -62.21}, {'period': ""Q4 '24"", 'revenue': 12.82, 'unit': 'M', 'net_profit': -95.78}, {'period': ""Q3 '24"", 'revenue': 11.87, 'unit': 'M', 'net_profit': -93.55}, {'period': ""Q2 '24"", 'revenue': 8.65, 'unit': 'M', 'net_profit': -102.85}, {'period': ""Q1 '24"", 'revenue': 7.9, 'unit': 'M', 'net_profit': -108.48}]",,,,,,,,,,,,,,,,,__nan__,__nan__
523,SAIA,Saia Inc. Common Stock,,,,,,,,,,35.08,-2.47,647035,,,[],"[{'period': ""Q4 '25"", 'revenue': 789.95, 'unit': 'M', 'net_profit': 47.52}, {'period': ""Q3 '25"", 'revenue': 839.64, 'unit': 'M', 'net_profit': 86.32}, {'period': ""Q2 '25"", 'revenue': 817.12, 'unit': 'M', 'net_profit': 71.39}, {'period': ""Q1 '25"", 'revenue': 787.58, 'unit': 'M', 'net_profit': 49.81}, {'period': ""Q4 '24"", 'revenue': 788.95, 'unit': 'M', 'net_profit': 76.1}, {'period': ""Q3 '24"", 'revenue': 842.1, 'unit': 'M', 'net_profit': 92.75}]",,,,,,,,,,,,,,,,,__nan__,__nan__
524,SAII,Software Acquisition Group Inc. II Class A Common Stock,,,,,,,,,,0.0,-0.57000065,71831,,,[],"[{'period': ""Q2 '21"", 'revenue': 0.0, 'unit': 'M', 'net_profit': -1.31}, {'period': ""Q4 '20"", 'revenue': 0.0, 'unit': 'K', 'net_profit': -402.1}, {'period': ""Q3 '20"", 'revenue': 0.0, 'unit': 'K', 'net_profit': -71.36}]",,,,,,,,,,,,,,,,,__nan__,__nan__
525,SAIIU,Software Acquisition Group Inc. II Unit,,,,,,,,,,-57.40112994350282,0.01000023,7,,,[],"[{'period': ""Q2 '21"", 'revenue': 0.0, 'unit': 'M', 'net_profit': -1.31}, {'period': ""Q4 '20"", 'revenue': 0.0, 'unit': 'K', 'net_profit': -402.1}, {'period': ""Q3 '20"", 'revenue': 0.0, 'unit': 'K', 'net_profit': -71.36}]",,,,,,,,,,,,,,,,,__nan__,__nan__
526,SAIIW,Software Acquisition Group Inc. II Warrant,,,,,,,,,,,,,,,[],"[{'period': ""Q2 '21"", 'revenue': 0.0, 'unit': 'M', 'net_profit': -1.31}, {'period': ""Q1 '21"", 'revenue': 0.0, 'unit': 'M', 'net_profit': -3.55}, {'period': ""Q4 '20"", 'revenue': 0.0, 'unit': 'K', 'net_profit': -402.1}]",,,,,,,,,,,,,,,,,__nan__,__nan__
527,SAL,Salisbury Bancorp Inc. Common Stock,,,,,,,,,,10.56060606060606,0.43,27630,,,[],"[{'period': ""Q2 '23"", 'revenue': 12.25, 'unit': 'M', 'net_profit': 3.4}, {'period': ""Q1 '23"", 'revenue': 13.59, 'unit': 'M', 'net_profit': 3.02}, {'period': ""Q4 '22"", 'revenue': 14.56, 'unit': 'M', 'net_profit': 4.12}, {'period': ""Q3 '22"", 'revenue': 14.47, 'unit': 'M', 'net_profit': 4.34}, {'period': ""Q2 '22"", 'revenue': 14.05, 'unit': 'M', 'net_profit': 3.85}, {'period': ""Q1 '22"", 'revenue': 13.27, 'unit': 'M', 'net_profit': 3.57}]",,,,,,,,,,,,,,,,,__nan__,__nan__
528,SALM,Salem Media Group Inc. Class A Common Stock,,,,,,,,,,-0.42,0.053,45003,,,[],"[{'period': ""Q4 '25"", 'revenue': 55.54, 'unit': 'M', 'net_profit': -7.59}, {'period': ""Q3 '25"", 'revenue': 51.3, 'unit': 'M', 'net_profit': -2.3}, {'period': ""Q2 '25"", 'revenue': 54.15, 'unit': 'M', 'net_profit': -17.59}, {'period': ""Q1 '25"", 'revenue': 51.7, 'unit': 'M', 'net_profit': -7.13}, {'period': ""Q4 '24"", 'revenue': 59.62, 'unit': 'M', 'net_profit': 25.69}, {'period': ""Q3 '24"", 'revenue': 58.72, 'unit': 'M', 'net_profit': -6.62}]",,,,,,,,,,,,,,,,,__nan__,__nan__
529,SAMG,Silvercrest Asset Management Group Inc. Class A Common Stock,,,,,,,,,,23.82,0.03,53954,,,[],"[{'period': ""Q4 '25"", 'revenue': 31960.0, 'unit': 'K', 'net_profit': -120.0}, {'period': ""Q3 '25"", 'revenue': 31300.0, 'unit': 'K', 'net_profit': 618.0}, {'period': ""Q2 '25"", 'revenue': 30.68, 'unit': 'M', 'net_profit': 1.92}, {'period': ""Q1 '25"", 'revenue': 31.39, 'unit': 'M', 'net_profit': 2.47}, {'period': ""Q4 '24"", 'revenue': 31.96, 'unit': 'M', 'net_profit': 1.62}, {'period': ""Q3 '24"", 'revenue': 30.42, 'unit': 'M', 'net_profit': 2.25}]",,,,,,,,,,,,,,,,,__nan__,__nan__
530,SANA,Sana Biotechnology Inc. Common Stock,,,,,,,,,,-2.89,-0.26,2533056,,,[],"[{'period': ""Q4 '25"", 'revenue': 0.0, 'unit': 'M', 'net_profit': -58.83}, {'period': ""Q3 '25"", 'revenue': 0.0, 'unit': 'M', 'net_profit': -42.15}, {'period': ""Q2 '25"", 'revenue': 0.0, 'unit': 'M', 'net_profit': -93.8}, {'period': ""Q1 '25"", 'revenue': 0.0, 'unit': 'M', 'net_profit': -49.39}, {'period': ""Q4 '24"", 'revenue': 0.0, 'unit': 'M', 'net_profit': -49.07}, {'period': ""Q3 '24"", 'revenue': 0.0, 'unit': 'M', 'net_profit': -59.92}]",,,,,,,,,,,,,,,,,__nan__,__nan__
531,SANM,Sanmina Corporation Common Stock,,,,,,,,,,31.17,-0.07,402324,,,[],"[{'period': ""Q1 '26"", 'revenue': 3190.0, 'unit': 'M', 'net_profit': 49.29}, {'period': ""Q4 '25"", 'revenue': 2100.0, 'unit': 'M', 'net_profit': 48.07}, {'period': ""Q3 '25"", 'revenue': 2040.0, 'unit': 'M', 'net_profit': 68.62}, {'period': ""Q2 '25"", 'revenue': 1980.0, 'unit': 'M', 'net_profit': 64.21}, {'period': ""Q1 '25"", 'revenue': 2009.9999999999998, 'unit': 'M', 'net_profit': 65.0}, {'period': ""Q4 '24"", 'revenue': 2020.0, 'unit': 'M', 'net_profit': 61.38}]",,,,,,,,,,,,,,,,,__nan__,__nan__
532,SANW,S&W Seed Company Common Stock (NV),,,,,,,,,,-0.01,0.0,1,,,[],"[{'period': ""Q3 '25"", 'revenue': 9.55, 'unit': 'M', 'net_profit': -2.24}, {'period': ""Q2 '25"", 'revenue': 5.08, 'unit': 'M', 'net_profit': -1.66}, {'period': ""Q1 '25"", 'revenue': 8.31, 'unit': 'M', 'net_profit': -16.23}, {'period': ""Q4 '24"", 'revenue': 14.82, 'unit': 'M', 'net_profit': -12.11}, {'period': ""Q3 '24"", 'revenue': 9.37, 'unit': 'M', 'net_profit': -5.5}, {'period': ""Q2 '24"", 'revenue': 8.26, 'unit': 'M', 'net_profit': -6.47}]",,,,,,,,,,,,,,,,,__nan__,__nan__
533,SASR,Sandy Spring Bancorp Inc. Common Stock,,,,,,,,,,63.52272727272727,0.35,1711403,,,[],"[{'period': ""Q4 '24"", 'revenue': 190.47, 'unit': 'M', 'net_profit': -39.45}, {'period': ""Q3 '24"", 'revenue': 101.13, 'unit': 'M', 'net_profit': 16.21}, {'period': ""Q2 '24"", 'revenue': 184.7, 'unit': 'M', 'net_profit': 22.81}, {'period': ""Q1 '24"", 'revenue': 184.38, 'unit': 'M', 'net_profit': 20.37}, {'period': ""Q4 '23"", 'revenue': 182.18, 'unit': 'M', 'net_profit': 26.1}, {'period': ""Q3 '23"", 'revenue': 102.47, 'unit': 'M', 'net_profit': 20.75}]",,,,,,,,,,,,,,,,,__nan__,__nan__
534,SATS,EchoStar  Corporation Common Stock,,,,,,,,,,-2.29,3.81,5539894,,,[],"[{'period': ""Q4 '25"", 'revenue': 3.8, 'unit': 'B', 'net_profit': -9.99}, {'period': ""Q3 '25"", 'revenue': 3.61, 'unit': 'B', 'net_profit': -12.78}, {'period': ""Q2 '25"", 'revenue': 3720.0, 'unit': 'M', 'net_profit': -306.13}, {'period': ""Q1 '25"", 'revenue': 3870.0, 'unit': 'M', 'net_profit': -202.67}, {'period': ""Q4 '24"", 'revenue': 3970.0, 'unit': 'M', 'net_profit': 335.23}, {'period': ""Q3 '24"", 'revenue': 3890.0, 'unit': 'M', 'net_profit': -214.12}]",,,,,,,,,,,,,,,,,__nan__,__nan__
535,SAVA,Cassava Sciences Inc. Common Stock,,,,,,,,,,-0.8806306306306306,-0.035,258479,,,[],"[{'period': ""Q4 '25"", 'revenue': 0.0, 'unit': 'M', 'net_profit': -12.54}, {'period': ""Q3 '25"", 'revenue': 0.0, 'unit': 'M', 'net_profit': -10.81}, {'period': ""Q2 '25"", 'revenue': 0.0, 'unit': 'M', 'net_profit': -44.22}, {'period': ""Q1 '25"", 'revenue': 0.0, 'unit': 'M', 'net_profit': -23.4}, {'period': ""Q4 '24"", 'revenue': 0.0, 'unit': 'M', 'net_profit': -27.6}, {'period': ""Q3 '24"", 'revenue': 0.0, 'unit': 'M', 'net_profit': -27.94}]",,,,,,,,,,,,,,,,,__nan__,__nan__
536,SBAC,SBA Communications Corporation Class A Common Stock,,,,,,,,,,17.03,0.89,836649,,,[],"[{'period': ""Q4 '25"", 'revenue': 719.58, 'unit': 'M', 'net_profit': 370.29}, {'period': ""Q3 '25"", 'revenue': 732.33, 'unit': 'M', 'net_profit': 236.82}, {'period': ""Q2 '25"", 'revenue': 698.98, 'unit': 'M', 'net_profit': 225.79}, {'period': ""Q1 '25"", 'revenue': 664.25, 'unit': 'M', 'net_profit': 220.73}, {'period': ""Q4 '24"", 'revenue': 693.7, 'unit': 'M', 'net_profit': 173.63}, {'period': ""Q3 '24"", 'revenue': 667.6, 'unit': 'M', 'net_profit': 258.53}]",,,,,,,,,,,,,,,,,__nan__,__nan__
537,SBBP,Strongbridge Biopharma plc Ordinary Shares,,,,,,,,,,0.0,0.02999997,684683,,,[],"[{'period': ""Q2 '21"", 'revenue': 10.04, 'unit': 'M', 'net_profit': -13.24}, {'period': ""Q1 '21"", 'revenue': 8.38, 'unit': 'M', 'net_profit': -11.81}, {'period': ""Q4 '20"", 'revenue': 8.23, 'unit': 'M', 'net_profit': -11.95}, {'period': ""Q3 '20"", 'revenue': 8.07, 'unit': 'M', 'net_profit': -3.16}, {'period': ""Q2 '20"", 'revenue': 7.76, 'unit': 'M', 'net_profit': -17.27}, {'period': ""Q1 '20"", 'revenue': 6.67, 'unit': 'M', 'net_profit': -12.7}]",,,,,,,,,,,,,,,,,__nan__,__nan__
538,SBCF,Seacoast Banking Corporation of Florida Common Stock,,,,,,,,,,18.7,-0.58,519805,,,[],"[{'period': ""Q4 '25"", 'revenue': 247.62, 'unit': 'M', 'net_profit': 34.26}, {'period': ""Q3 '25"", 'revenue': 226.53, 'unit': 'M', 'net_profit': 36.47}, {'period': ""Q2 '25"", 'revenue': 217.87, 'unit': 'M', 'net_profit': 42.69}, {'period': ""Q1 '25"", 'revenue': 206.44, 'unit': 'M', 'net_profit': 31.46}, {'period': ""Q4 '24"", 'revenue': 203.0, 'unit': 'M', 'net_profit': 34.09}, {'period': ""Q3 '24"", 'revenue': 207.79, 'unit': 'M', 'net_profit': 30.65}]",,,,,,,,,,,,,,,,,__nan__,__nan__
539,SBEA,SilverBox Engaged Merger Corp I Class A Common Stock,,,,,,,,,,0.0,0.0,1469336,,,[],"[{'period': ""Q2 '21"", 'revenue': 0.0, 'unit': 'M', 'net_profit': 8.32}, {'period': ""Q1 '21"", 'revenue': 0.0, 'unit': 'M', 'net_profit': -1.15}]",,,,,,,,,,,,,,,,,__nan__,__nan__
540,SBEAU,SilverBox Engaged Merger Corp I Units,,,,,,,,,,0.0,2.3999996,22335,,,[],"[{'period': ""Q2 '21"", 'revenue': 0.0, 'unit': 'M', 'net_profit': 8.32}, {'period': ""Q1 '21"", 'revenue': 0.0, 'unit': 'M', 'net_profit': -1.15}]",,,,,,,,,,,,,,,,,__nan__,__nan__
541,SBEAW,SilverBox Engaged Merger Corp I Warrant,,,,,,,,,,0.0,0.03999996,836500,,,[],"[{'period': ""Q2 '21"", 'revenue': 0.0, 'unit': 'M', 'net_profit': 8.32}, {'period': ""Q1 '21"", 'revenue': 0.0, 'unit': 'M', 'net_profit': -1.15}]",,,,,,,,,,,,,,,,,__nan__,__nan__
542,SBFG,SB Financial Group Inc. Common Stock,,,,,,,,,,9.4,-0.02,6363,,,[],"[{'period': ""Q4 '25"", 'revenue': 22.98, 'unit': 'M', 'net_profit': 3.92}, {'period': ""Q3 '25"", 'revenue': 23.05, 'unit': 'M', 'net_profit': 4.05}, {'period': ""Q2 '25"", 'revenue': 23.52, 'unit': 'M', 'net_profit': 3.85}, {'period': ""Q1 '25"", 'revenue': 21.48, 'unit': 'M', 'net_profit': 2.16}, {'period': ""Q4 '24"", 'revenue': 21.4, 'unit': 'M', 'net_profit': 3.63}, {'period': ""Q3 '24"", 'revenue': 20.67, 'unit': 'M', 'net_profit': 2.35}]",,,,,,,,,,,,,,,,,__nan__,__nan__
543,SBGI,Sinclair Broadcast Group Inc. Class A Common Stock,,,,,,,,,,-8.16,-0.02,426229,,,[],"[{'period': ""Q4 '25"", 'revenue': 836.0, 'unit': 'M', 'net_profit': 109.0}, {'period': ""Q3 '25"", 'revenue': 773.0, 'unit': 'M', 'net_profit': -1.0}, {'period': ""Q2 '25"", 'revenue': 784.0, 'unit': 'M', 'net_profit': -64.0}, {'period': ""Q1 '25"", 'revenue': 776.0, 'unit': 'M', 'net_profit': -156.0}, {'period': ""Q4 '24"", 'revenue': 1000.0, 'unit': 'M', 'net_profit': 176.0}, {'period': ""Q3 '24"", 'revenue': 917.0, 'unit': 'M', 'net_profit': 94.0}]",,,,,,,,,,,,,,,,,__nan__,__nan__
544,SBLK,Star Bulk Carriers Corp. Common Shares,,,,,,,,,,30.48,-0.25,1226475,,,[],"[{'period': ""Q4 '25"", 'revenue': 300.59, 'unit': 'M', 'net_profit': 65.15}, {'period': ""Q3 '25"", 'revenue': 263.86, 'unit': 'M', 'net_profit': 18.52}, {'period': ""Q2 '25"", 'revenue': 247410.0, 'unit': 'K', 'net_profit': 39.0}, {'period': ""Q1 '25"", 'revenue': 230650.0, 'unit': 'K', 'net_profit': 462.0}, {'period': ""Q4 '24"", 'revenue': 308.92, 'unit': 'M', 'net_profit': 42.45}, {'period': ""Q3 '24"", 'revenue': 344.28, 'unit': 'M', 'net_profit': 81.27}]",,,,,,,,,,,,,,,,,__nan__,__nan__
545,SBLKZ,Star Bulk Carriers Corp. 8.30% Senior Notes due 2022,,,,,,,,,,104.91735537190083,-0.01000023,6011,,,[],"[{'period': ""Q4 '25"", 'revenue': 300.59, 'unit': 'M', 'net_profit': 65.15}, {'period': ""Q3 '25"", 'revenue': 263.86, 'unit': 'M', 'net_profit': 18.52}, {'period': ""Q2 '25"", 'revenue': 247410.0, 'unit': 'K', 'net_profit': 39.0}, {'period': ""Q1 '25"", 'revenue': 230650.0, 'unit': 'K', 'net_profit': 462.0}, {'period': ""Q4 '24"", 'revenue': 308.92, 'unit': 'M', 'net_profit': 42.45}, {'period': ""Q3 '24"", 'revenue': 344.28, 'unit': 'M', 'net_profit': 81.27}]",,,,,,,,,,,,,,,,,__nan__,__nan__
546,SBNY,Signature Bank Common Stock,,,,,,,,,,0.04,0.05,97668,,,[],"[{'period': ""Q4 '22"", 'revenue': 683.9, 'unit': 'M', 'net_profit': 300.85}, {'period': ""Q3 '22"", 'revenue': 1020.0, 'unit': 'M', 'net_profit': 358.47}, {'period': ""Q2 '22"", 'revenue': 812.24, 'unit': 'M', 'net_profit': 339.2}, {'period': ""Q1 '22"", 'revenue': 676.57, 'unit': 'M', 'net_profit': 338.53}, {'period': ""Q4 '21"", 'revenue': 639.76, 'unit': 'M', 'net_profit': 271.99}, {'period': ""Q3 '21"", 'revenue': 512.24, 'unit': 'M', 'net_profit': 241.42}]",,,,,,,,,,,,,,,,,__nan__,__nan__
547,SBNYP,Signature Bank Depositary shares each representing a 1/40th ownership interest in a share of 5.000% Noncumulative Perpetual Series A Preferred Stock,,,,,,,,,,0.6958657388456816,0.0,0,,,[],"[{'period': ""Q4 '22"", 'revenue': 683.9, 'unit': 'M', 'net_profit': 300.85}, {'period': ""Q3 '22"", 'revenue': 1020.0, 'unit': 'M', 'net_profit': 358.47}, {'period': ""Q2 '22"", 'revenue': 812.24, 'unit': 'M', 'net_profit': 339.2}, {'period': ""Q1 '22"", 'revenue': 676.57, 'unit': 'M', 'net_profit': 338.53}, {'period': ""Q4 '21"", 'revenue': 639.76, 'unit': 'M', 'net_profit': 271.99}, {'period': ""Q3 '21"", 'revenue': 512.24, 'unit': 'M', 'net_profit': 241.42}]",,,,,,,,,,,,,,,,,__nan__,__nan__
548,SBRA,Sabra Health Care REIT Inc. Common Stock,,,,,,,,,,30.64,-0.02,1833235,,,[],"[{'period': ""Q4 '25"", 'revenue': 211.9, 'unit': 'M', 'net_profit': 27.23}, {'period': ""Q3 '25"", 'revenue': 190.04, 'unit': 'M', 'net_profit': 22.54}, {'period': ""Q2 '25"", 'revenue': 189.15, 'unit': 'M', 'net_profit': 65.54}, {'period': ""Q1 '25"", 'revenue': 183.54, 'unit': 'M', 'net_profit': 40.3}, {'period': ""Q4 '24"", 'revenue': 182.35, 'unit': 'M', 'net_profit': 46.7}, {'period': ""Q3 '24"", 'revenue': 178.0, 'unit': 'M', 'net_profit': 29.79}]",,,,,,,,,,,,,,,,,__nan__,__nan__
549,SBSI,Southside Bancshares Inc. Common Stock,,,,,,,,,,13.28,-0.58,58090,,,[],"[{'period': ""Q4 '25"", 'revenue': 107.91, 'unit': 'M', 'net_profit': 20.99}, {'period': ""Q3 '25"", 'revenue': 118.5, 'unit': 'M', 'net_profit': 4.91}, {'period': ""Q2 '25"", 'revenue': 110.3, 'unit': 'M', 'net_profit': 21.81}, {'period': ""Q1 '25"", 'revenue': 110.13, 'unit': 'M', 'net_profit': 21.51}, {'period': ""Q4 '24"", 'revenue': 115.08, 'unit': 'M', 'net_profit': 21.79}, {'period': ""Q3 '24"", 'revenue': 113.46, 'unit': 'M', 'net_profit': 20.52}]",,,,,,,,,,,,,,,,,__nan__,__nan__
550,SBT,Sterling Bancorp Inc. Common Stock,,,,,,,,,,121.0,-0.04,566162,,,[],"[{'period': ""Q4 '24"", 'revenue': 33.7, 'unit': 'M', 'net_profit': 1.16}, {'period': ""Q3 '24"", 'revenue': 14000.0, 'unit': 'K', 'net_profit': -143.0}, {'period': ""Q2 '24"", 'revenue': 34.3, 'unit': 'M', 'net_profit': 1.32}, {'period': ""Q1 '24"", 'revenue': 33530.0, 'unit': 'K', 'net_profit': -197.0}, {'period': ""Q4 '23"", 'revenue': 32.94, 'unit': 'M', 'net_profit': 5.06}, {'period': ""Q3 '23"", 'revenue': 16379.999999999998, 'unit': 'K', 'net_profit': 314.0}]",,,,,,,,,,,,,,,,,__nan__,__nan__
551,SBTX,Silverback Therapeutics Inc. Common Stock,,,,,,,,,,0.0,0.06,116690,,,[],"[{'period': ""Q4 '25"", 'revenue': 28.09, 'unit': 'M', 'net_profit': -41.32}, {'period': ""Q3 '25"", 'revenue': 32.5, 'unit': 'M', 'net_profit': -51.15}, {'period': ""Q2 '25"", 'revenue': 15.72, 'unit': 'M', 'net_profit': -44.88}, {'period': ""Q1 '25"", 'revenue': 7.97, 'unit': 'M', 'net_profit': -33.94}, {'period': ""Q4 '24"", 'revenue': 86.58, 'unit': 'M', 'net_profit': 49.93}, {'period': ""Q3 '24"", 'revenue': 2.07, 'unit': 'M', 'net_profit': -19.13}]",,,,,,,,,,,,,,,,,__nan__,__nan__
552,SBUX,Starbucks Corporation Common Stock,,,,,,,,,,72.34,-4.41,12429189,,,[],"[{'period': ""Q1 '26"", 'revenue': 9910.0, 'unit': 'M', 'net_profit': 293.3}, {'period': ""Q4 '25"", 'revenue': 9570.0, 'unit': 'M', 'net_profit': 133.1}, {'period': ""Q3 '25"", 'revenue': 9460.0, 'unit': 'M', 'net_profit': 558.3}, {'period': ""Q2 '25"", 'revenue': 8760.0, 'unit': 'M', 'net_profit': 384.2}, {'period': ""Q1 '25"", 'revenue': 9400.0, 'unit': 'M', 'net_profit': 780.8}, {'period': ""Q4 '24"", 'revenue': 9070.0, 'unit': 'M', 'net_profit': 909.2}]",,,,,,,,,,,,,,,,,__nan__,__nan__
553,SCAQ,Stratim Cloud Acquisition Corp. Class A Common Stock,,,,,,,,,,208.6,0.06,590885,,,[],"[{'period': ""Q1 '23"", 'revenue': 0.0, 'unit': 'M', 'net_profit': -2.42}, {'period': ""Q4 '22"", 'revenue': 0.0, 'unit': 'M', 'net_profit': 2.41}, {'period': ""Q3 '22"", 'revenue': 0.0, 'unit': 'K', 'net_profit': 540.81}, {'period': ""Q2 '22"", 'revenue': 0.0, 'unit': 'M', 'net_profit': 3.4}, {'period': ""Q1 '22"", 'revenue': 0.0, 'unit': 'M', 'net_profit': 9.68}, {'period': ""Q4 '21"", 'revenue': 0.0, 'unit': 'K', 'net_profit': 986.4}]",,,,,,,,,,,,,,,,,__nan__,__nan__
554,SCAQU,Stratim Cloud Acquisition Corp. Unit,,,,,,,,,,8.94019349164468,0.165,200,,,[],"[{'period': ""Q1 '23"", 'revenue': 0.0, 'unit': 'M', 'net_profit': -2.42}, {'period': ""Q4 '22"", 'revenue': 0.0, 'unit': 'M', 'net_profit': 2.41}, {'period': ""Q3 '22"", 'revenue': 0.0, 'unit': 'K', 'net_profit': 540.81}, {'period': ""Q2 '22"", 'revenue': 0.0, 'unit': 'M', 'net_profit': 3.4}, {'period': ""Q1 '22"", 'revenue': 0.0, 'unit': 'M', 'net_profit': 9.68}, {'period': ""Q4 '21"", 'revenue': 0.0, 'unit': 'K', 'net_profit': 986.4}]",,,,,,,,,,,,,,,,,__nan__,__nan__
555,SCAQW,Stratim Cloud Acquisition Corp. Warrant,,,,,,,,,,0.0,-0.0001,41618,,,[],"[{'period': ""Q1 '23"", 'revenue': 0.0, 'unit': 'M', 'net_profit': -2.42}, {'period': ""Q4 '22"", 'revenue': 0.0, 'unit': 'M', 'net_profit': 2.41}, {'period': ""Q3 '22"", 'revenue': 0.0, 'unit': 'K', 'net_profit': 540.81}, {'period': ""Q2 '22"", 'revenue': 0.0, 'unit': 'M', 'net_profit': 3.4}, {'period': ""Q1 '22"", 'revenue': 0.0, 'unit': 'M', 'net_profit': 9.68}, {'period': ""Q4 '21"", 'revenue': 0.0, 'unit': 'K', 'net_profit': 986.4}]",,,,,,,,,,,,,,,,,__nan__,__nan__
556,SCHL,Scholastic Corporation Common Stock,,,,,,,,,,16.07,-0.28,410388,,,[],"[{'period': ""Q3 '26"", 'revenue': 329.1, 'unit': 'M', 'net_profit': 62.5}, {'period': ""Q2 '26"", 'revenue': 551.1, 'unit': 'M', 'net_profit': 55.9}, {'period': ""Q1 '26"", 'revenue': 225.6, 'unit': 'M', 'net_profit': -71.1}, {'period': ""Q4 '25"", 'revenue': 508.3, 'unit': 'M', 'net_profit': 15.4}, {'period': ""Q3 '25"", 'revenue': 335.4, 'unit': 'M', 'net_profit': -3.6}, {'period': ""Q2 '25"", 'revenue': 544.6, 'unit': 'M', 'net_profit': 48.8}]",,,,,,,,,,,,,,,,,__nan__,__nan__
557,SCHN,Schnitzer Steel Industries Inc. Class A Common Stock,,,,,,,,,,87.36842105263158,-0.19,81712,,,[],"[{'period': ""Q3 '25"", 'revenue': 726.99, 'unit': 'M', 'net_profit': -16.96}, {'period': ""Q2 '25"", 'revenue': 642.51, 'unit': 'M', 'net_profit': -32.98}, {'period': ""Q1 '25"", 'revenue': 656.54, 'unit': 'M', 'net_profit': -36.93}, {'period': ""Q4 '24"", 'revenue': 770.82, 'unit': 'M', 'net_profit': -16.11}, {'period': ""Q3 '24"", 'revenue': 673.92, 'unit': 'M', 'net_profit': -198.39}, {'period': ""Q2 '24"", 'revenue': 621.06, 'unit': 'M', 'net_profit': -33.95}]",,,,,,,,,,,,,,,,,__nan__,__nan__
558,SCKT,Socket Mobile Inc. Common Stock,,,,,,,,,,-0.5,-0.0008,5469,,,[],"[{'period': ""Q4 '25"", 'revenue': 3.96, 'unit': 'M', 'net_profit': -11.39}, {'period': ""Q3 '25"", 'revenue': 3.11, 'unit': 'M', 'net_profit': -1.2}, {'period': ""Q2 '25"", 'revenue': 4040.0, 'unit': 'K', 'net_profit': -792.0}, {'period': ""Q1 '25"", 'revenue': 3970.0, 'unit': 'K', 'net_profit': -994.0}, {'period': ""Q4 '24"", 'revenue': 4830.0, 'unit': 'K', 'net_profit': 38.0}, {'period': ""Q3 '24"", 'revenue': 3.87, 'unit': 'M', 'net_profit': -1.12}]",,,,,,,,,,,,,,,,,__nan__,__nan__
559,SCLE,Broadscale Acquisition Corp. Class A common stock,,,,,,,,,,71.78571428571429,0.01,26325,,,[],"[{'period': ""Q3 '22"", 'revenue': 0.0, 'unit': 'M', 'net_profit': 3.08}, {'period': ""Q2 '22"", 'revenue': 0.0, 'unit': 'M', 'net_profit': 4.75}, {'period': ""Q1 '22"", 'revenue': 0.0, 'unit': 'M', 'net_profit': 8.33}, {'period': ""Q4 '21"", 'revenue': 0.0, 'unit': 'M', 'net_profit': -4.0}, {'period': ""Q3 '21"", 'revenue': 0.0, 'unit': 'M', 'net_profit': 4.2}, {'period': ""Q2 '21"", 'revenue': 0.0, 'unit': 'M', 'net_profit': -1.08}]",,,,,,,,,,,,,,,,,__nan__,__nan__
560,SCLEU,Broadscale Acquisition Corp. Units,,,,,,,,,,182.9090909090909,0.02,5201,,,[],"[{'period': ""Q3 '22"", 'revenue': 0.0, 'unit': 'M', 'net_profit': 3.08}, {'period': ""Q2 '22"", 'revenue': 0.0, 'unit': 'M', 'net_profit': 4.75}, {'period': ""Q1 '22"", 'revenue': 0.0, 'unit': 'M', 'net_profit': 8.33}, {'period': ""Q4 '21"", 'revenue': 0.0, 'unit': 'M', 'net_profit': -4.0}, {'period': ""Q3 '21"", 'revenue': 0.0, 'unit': 'M', 'net_profit': 4.2}, {'period': ""Q2 '21"", 'revenue': 0.0, 'unit': 'M', 'net_profit': -1.08}]",,,,,,,,,,,,,,,,,__nan__,__nan__
561,SCLEW,Broadscale Acquisition Corp. Warrant,,,,,,,,,,0.0,-0.005,258,,,[],"[{'period': ""Q3 '22"", 'revenue': 0.0, 'unit': 'M', 'net_profit': 3.08}, {'period': ""Q2 '22"", 'revenue': 0.0, 'unit': 'M', 'net_profit': 4.75}, {'period': ""Q1 '22"", 'revenue': 0.0, 'unit': 'M', 'net_profit': 8.33}, {'period': ""Q4 '21"", 'revenue': 0.0, 'unit': 'M', 'net_profit': -4.0}, {'period': ""Q3 '21"", 'revenue': 0.0, 'unit': 'M', 'net_profit': 4.2}, {'period': ""Q2 '21"", 'revenue': 0.0, 'unit': 'M', 'net_profit': -1.08}]",,,,,,,,,,,,,,,,,__nan__,__nan__
562,SCOA,ScION Tech Growth I Class A Ordinary Shares,,,,,,,,,,25.25,0.0,114079,,,[],"[{'period': ""Q3 '22"", 'revenue': 0.0, 'unit': 'M', 'net_profit': 13.26}, {'period': ""Q2 '22"", 'revenue': 0.0, 'unit': 'M', 'net_profit': 11.04}, {'period': ""Q1 '22"", 'revenue': 0.0, 'unit': 'M', 'net_profit': 22.57}, {'period': ""Q4 '21"", 'revenue': 0.0, 'unit': 'M', 'net_profit': 8.53}, {'period': ""Q3 '21"", 'revenue': 0.0, 'unit': 'M', 'net_profit': 19.41}, {'period': ""Q2 '21"", 'revenue': 0.0, 'unit': 'M', 'net_profit': -9.26}]",,,,,,,,,,,,,,,,,__nan__,__nan__
563,SCOAU,ScION Tech Growth I Unit,,,,,,,,,,33.521594684385384,0.0,70157,,,[],"[{'period': ""Q3 '22"", 'revenue': 0.0, 'unit': 'M', 'net_profit': 13.26}, {'period': ""Q2 '22"", 'revenue': 0.0, 'unit': 'M', 'net_profit': 11.04}, {'period': ""Q1 '22"", 'revenue': 0.0, 'unit': 'M', 'net_profit': 22.57}, {'period': ""Q4 '21"", 'revenue': 0.0, 'unit': 'M', 'net_profit': 8.53}, {'period': ""Q3 '21"", 'revenue': 0.0, 'unit': 'M', 'net_profit': 19.41}, {'period': ""Q2 '21"", 'revenue': 0.0, 'unit': 'M', 'net_profit': -9.26}]",,,,,,,,,,,,,,,,,__nan__,__nan__
564,SCOAW,ScION Tech Growth I Warrant,,,,,,,,,,0.0,-0.0045,8472,,,[],"[{'period': ""Q3 '22"", 'revenue': 0.0, 'unit': 'M', 'net_profit': 13.26}, {'period': ""Q2 '22"", 'revenue': 0.0, 'unit': 'M', 'net_profit': 11.04}, {'period': ""Q1 '22"", 'revenue': 0.0, 'unit': 'M', 'net_profit': 22.57}, {'period': ""Q4 '21"", 'revenue': 0.0, 'unit': 'M', 'net_profit': 8.53}, {'period': ""Q3 '21"", 'revenue': 0.0, 'unit': 'M', 'net_profit': 19.41}, {'period': ""Q2 '21"", 'revenue': 0.0, 'unit': 'M', 'net_profit': -9.26}]",,,,,,,,,,,,,,,,,__nan__,__nan__
565,SCOB,ScION Tech Growth II Class A Ordinary Shares,"ScION Tech Growth II does not have significant operations. It focuses on effecting a merger, share exchange, asset acquisition, share purchase, reorganization, or similar business combination with one or more businesses. The company intends to focus its search on technology-enabled businesses that offer technology solutions, and broader technology software and services in the financial services sector. ScION Tech Growth II was incorporated in 2020 and is based in London, the United Kingdom.",Andrea Pignataro,Shell Companies,10.195,USD,0,https://images.financialmodelingprep.com/symbol/SCOB.png,131302,2021-04-05,0.0,0.005,1059,3390000,7611000,"[{'period': '2021', 'revenue': 0.0, 'unit': 'M', 'net_profit': 7.61}]","[{'period': ""Q3 '22"", 'revenue': 0.0, 'unit': 'M', 'net_profit': 6.95}, {'period': ""Q2 '22"", 'revenue': 0.0, 'unit': 'M', 'net_profit': 9.94}, {'period': ""Q1 '22"", 'revenue': 0.0, 'unit': 'M', 'net_profit': 14.23}, {'period': ""Q4 '21"", 'revenue': 0.0, 'unit': 'M', 'net_profit': 4.49}, {'period': ""Q3 '21"", 'revenue': 0.0, 'unit': 'M', 'net_profit': 5.13}, {'period': ""Q2 '21"", 'revenue': 0.0, 'unit': 'M', 'net_profit': -2.35}]",0.2,0.2,346388056,1340042,890042,26130189,0,0,295188,890042,-1011692,0,0,0,__nan__,__nan__,__nan__,0.07543617208325451
566,SCOBU,ScION Tech Growth II Units,"ScION Tech Growth II does not have significant operations. It focuses on effecting a merger, share exchange, asset acquisition, share purchase, reorganization, or similar business combination with one or more businesses. The company intends to focus its search on technology-enabled businesses that offer technology solutions, and broader technology software and services in the financial services sector. ScION Tech Growth II was incorporated in 2020 and is based in London, the United Kingdom.",Andrea Pignataro,Shell Companies,10.18,USD,0,https://images.financialmodelingprep.com/symbol/SCOBU.png,2410,2021-02-10,0.0,0.01,0,3390000,7611000,"[{'period': '2021', 'revenue': 0.0, 'unit': 'M', 'net_profit': 7.61}]","[{'period': ""Q3 '22"", 'revenue': 0.0, 'unit': 'M', 'net_profit': 6.95}, {'period': ""Q2 '22"", 'revenue': 0.0, 'unit': 'M', 'net_profit': 9.94}, {'period': ""Q1 '22"", 'revenue': 0.0, 'unit': 'M', 'net_profit': 14.23}, {'period': ""Q4 '21"", 'revenue': 0.0, 'unit': 'M', 'net_profit': 4.49}, {'period': ""Q3 '21"", 'revenue': 0.0, 'unit': 'M', 'net_profit': 5.13}, {'period': ""Q2 '21"", 'revenue': 0.0, 'unit': 'M', 'net_profit': -2.35}]",0.2,0.2,346388056,1340042,890042,26130189,0,0,295188,890042,-1011692,0,0,0,__nan__,__nan__,__nan__,0.07543617208325451
567,SCOBW,ScION Tech Growth II Warrants,"ScION Tech Growth II focuses on effecting a merger, share exchange, asset acquisition, share purchase, reorganization, or similar business combination with one or more businesses. It intends to focus on technology-enabled businesses that offer technology solutions, broader technology software and services in the financial services sector. The company was incorporated in 2020 and is based in London, the United Kingdom.",Andrea Pignataro,Shell Companies,0.0048,USD,0,https://images.financialmodelingprep.com/symbol/SCOBW.png,0,2021-04-05,0.0,0.0,1022,3390000,7611000,"[{'period': '2021', 'revenue': 0.0, 'unit': 'M', 'net_profit': 7.61}]","[{'period': ""Q3 '22"", 'revenue': 0.0, 'unit': 'M', 'net_profit': 6.95}, {'period': ""Q2 '22"", 'revenue': 0.0, 'unit': 'M', 'net_profit': 9.94}, {'period': ""Q1 '22"", 'revenue': 0.0, 'unit': 'M', 'net_profit': 14.23}, {'period': ""Q4 '21"", 'revenue': 0.0, 'unit': 'M', 'net_profit': 4.49}, {'period': ""Q3 '21"", 'revenue': 0.0, 'unit': 'M', 'net_profit': 5.13}, {'period': ""Q2 '21"", 'revenue': 0.0, 'unit': 'M', 'net_profit': -2.35}]",0.2,0.2,346388056,1340042,890042,26130189,0,0,295188,890042,-1011692,0,0,0,__nan__,__nan__,__nan__,0.07543617208325451
568,SCOR,comScore Inc. Common Stock,"comScore, Inc. operates as an information and analytics company that measures advertising, consumer behavior, and audiences across media platforms in the United States, Europe, Latin America, Canada, and internationally. The company offers ratings and planning products and services, including Media Metrix Multi-Platform and Mobile Metrix, which measure Websites and apps on computers, smartphones, and tablets; Video Metrix that delivers measurement of digital video consumption; Plan Metrix, which offers understanding of consumer lifestyle; TV Essentials that combines TV viewing information with marketing segmentation and consumer databases; and StationView Essentials to understand consumer viewing patterns and characteristics. Its ratings and planning products and services also comprises Cross-Platform solutions, including Comscore Campaign Ratings for verification of mobile and desktop video campaigns; OnDemand Essentials that provides transactional tracking and reporting; validated Campaign Essentials, which validates whether digital ad impressions are visible to humans, identifies those that are fraudulent, and verifies that ads are shown in brand safe content and delivered to the right audience targets; and Total Home Panel Suite, which capture OTT, connected TV, and IOT device usage and content consumption. In addition, the company offers analytics and optimization products and services that provide solutions for planning, optimization, and evaluation of advertising campaigns and brand protection. Further, it provides movies reporting and analytics products and services to measure movie viewership and box office results by capturing movie ticket sales in real time or near real time. The company serves digital publishers, television networks, movie studios, content owners, brand advertisers, agencies, and technology providers. comScore, Inc. was incorporated in 1999 and is headquartered in Reston, Virginia.",Jonathan Carpenter,Internet Content & Information,7.2,USD,36112752,https://images.financialmodelingprep.com/symbol/SCOR.png,26449,2007-06-27,1.69,-0.01,6335,35759000,-10004000,"[{'period': '2025', 'revenue': 357.47, 'unit': 'M', 'net_profit': -10.0}, {'period': '2024', 'revenue': 356.05, 'unit': 'M', 'net_profit': -60.25}, {'period': '2023', 'revenue': 371.34, 'unit': 'M', 'net_profit': -79.36}, {'period': '2022', 'revenue': 376.42, 'unit': 'M', 'net_profit': -66.56}]","[{'period': ""Q4 '25"", 'revenue': 93.47, 'unit': 'M', 'net_profit': 3.03}, {'period': ""Q3 '25"", 'revenue': 88910.0, 'unit': 'K', 'net_profit': 453.0}, {'period': ""Q2 '25"", 'revenue': 89.39, 'unit': 'M', 'net_profit': -9.49}, {'period': ""Q1 '25"", 'revenue': 85.71, 'unit': 'M', 'net_profit': -3.99}, {'period': ""Q4 '24"", 'revenue': 94.94, 'unit': 'M', 'net_profit': 3.14}, {'period': ""Q3 '24"", 'revenue': 88.48, 'unit': 'M', 'net_profit': -60.63}]",4.3,4.25,407709000,96270000,23621000,206548000,57260000,0,122891000,23621000,21780000,2.2483069189415623,0.8339529942902669,1.2768834513844172,__nan__,__nan__,__nan__,0.5066064276236237
569,SCPH,scPharmaceuticals Inc. Common Stock,"scPharmaceuticals Inc., a pharmaceutical company, engages in the development and commercialization of various pharmaceutical products. The company's lead product candidate is FUROSCIX that consists of formulation of furosemide, which is delivered through an on-body infusor for treatment of congestion in patients with heart failure. Its product pipeline also includes scCeftriaxone, an antibiotic to treat infections caused by gram-positive and gram-negative organisms; and scCarbapenem program, an antibiotic for treating infections caused by gram-negative organisms. The company has a development agreement with West Pharmaceutical Services, Inc. for development of single use SmartDose device. scPharmaceuticals Inc. was incorporated in 2013 and is headquartered in Burlington, Massachusetts.",John H. Tucker,Biotechnology,5.67,USD,302201435,https://images.financialmodelingprep.com/symbol/SCPH.png,1449396,2017-11-17,-3.132596685082873,0.0,10898632,-77430000,-85148000,"[{'period': '2024', 'revenue': 36.33, 'unit': 'M', 'net_profit': -85.15}, {'period': '2023', 'revenue': 13.59, 'unit': 'M', 'net_profit': -54.81}, {'period': '2022', 'revenue': 0.0, 'unit': 'M', 'net_profit': -36.84}, {'period': '2021', 'revenue': 0.0, 'unit': 'M', 'net_profit': -28.03}]","[{'period': ""Q2 '25"", 'revenue': 16.04, 'unit': 'M', 'net_profit': -18.02}, {'period': ""Q1 '25"", 'revenue': 11.75, 'unit': 'M', 'net_profit': -19.74}, {'period': ""Q4 '24"", 'revenue': 12.15, 'unit': 'M', 'net_profit': -18.84}, {'period': ""Q3 '24"", 'revenue': 10.03, 'unit': 'M', 'net_profit': -35.1}, {'period': ""Q2 '24"", 'revenue': 8.05, 'unit': 'M', 'net_profit': -17.09}, {'period': ""Q1 '24"", 'revenue': 6.1, 'unit': 'M', 'net_profit': -14.11}]",-1.91,-1.91,107519000,105849000,75655000,94199000,11721000,0,14876000,75655000,-70559000,-0.6810316753869868,-0.5535121328224777,-0.34507042253521125,__nan__,__nan__,__nan__,0.8761149192235791
570,SCPL,SciPlay Corporation Class A Common Stock,"SciPlay Corporation develops, markets, and operates a portfolio of social games for mobile and web platforms in North America and internationally. It offers social casino games, such as Jackpot Party Casino, Gold Fish Casino, Quick Hit Slots, 88 Fortunes Slots, MONOPOLY Slots, and Hot Shot Casino, as well as casual games comprising Bingo Showdown, Solitaire Pets Adventure, and Backgammon Live. The company's social casino games include slots-style game play, as well as table games-style game play; and casual games blend slots-style or bingo game play with adventure game features. It also offers titles and content from third-party licensed brands. The company was formerly known as SG Social Games Corporation and changed its name to SciPlay Corporation in March 2019. SciPlay Corporation was founded in 1997 and is based in Las Vegas, Nevada. SciPlay Corporation is a subsidiary of Scientific Games Corporation.",Joshua J. Wilson,Electronic Gaming & Multimedia,22.945,USD,495600528,https://images.financialmodelingprep.com/symbol/SCPL.png,420854,2019-05-03,23.17676767676768,0.005,641776,180100000,150800000,"[{'period': '2022', 'revenue': 671.0, 'unit': 'M', 'net_profit': 150.8}, {'period': '2021', 'revenue': 606.1, 'unit': 'M', 'net_profit': 125.0}, {'period': '2020', 'revenue': 582.2, 'unit': 'M', 'net_profit': 146.0}, {'period': '2019', 'revenue': 465.8, 'unit': 'M', 'net_profit': 93.5}]","[{'period': ""Q2 '23"", 'revenue': 189.9, 'unit': 'M', 'net_profit': 5.6}, {'period': ""Q1 '23"", 'revenue': 186.4, 'unit': 'M', 'net_profit': 41.8}, {'period': ""Q4 '22"", 'revenue': 182.1, 'unit': 'M', 'net_profit': 52.8}, {'period': ""Q3 '22"", 'revenue': 170.8, 'unit': 'M', 'net_profit': 33.7}, {'period': ""Q2 '22"", 'revenue': 160.1, 'unit': 'M', 'net_profit': 32.3}, {'period': ""Q1 '22"", 'revenue': 158.0, 'unit': 'M', 'net_profit': 4.4}]",6.16,6.16,765700000,389100000,330100000,150100000,51000000,0,57400000,330100000,138900000,-0.14319695528068507,0.2064,0.23200000000000004,__nan__,__nan__,__nan__,0.19602977667493796
571,SCPS,Scopus BioPharma Inc. Common Stock,"Scopus BioPharma Inc., a clinical-stage biopharmaceutical company, focuses on developing transformational therapeutics targeting serious diseases. The company lead development programs are immuno-oncology gene therapy for the treatment of various cancers. It offers Duet Platform, a CpG signal transducer and activator of transcription 3 (STAT3) inhibitors; and MRI-1867, rationally designed, orally available, dual-action, hybrid, and small molecule that is an inverse agonist of the endocannabinoid system/cannabinoid receptor 1, as well as an inhibitor of inducible nitric oxide synthase. Scopus BioPharma Inc. has strategic partnerships with the City of Hope, National Institutes of Health Program, and The Hebrew University of Jerusalem for its lead development and other programs. The company was formerly known as Project18 Inc. and changed its name to Scopus BioPharma Inc. in December 2017. Scopus BioPharma Inc. was incorporated in 2017 and is headquartered in New York, New York.",Alan D. Horsager,Biotechnology,0.0004,USD,16833,https://images.financialmodelingprep.com/symbol/SCPS.png,1179,2020-12-16,,0.0,47076,-11713149,-11609827,"[{'period': '2022', 'revenue': 0.0, 'unit': 'M', 'net_profit': -11.61}, {'period': '2021', 'revenue': 0.0, 'unit': 'M', 'net_profit': -27.73}, {'period': '2020', 'revenue': 0.0, 'unit': 'M', 'net_profit': -11.57}, {'period': '2019', 'revenue': 0.0, 'unit': 'M', 'net_profit': -2.69}]","[{'period': ""Q2 '23"", 'revenue': 0.0, 'unit': 'M', 'net_profit': -2.62}, {'period': ""Q1 '23"", 'revenue': 0.0, 'unit': 'M', 'net_profit': -2.45}, {'period': ""Q4 '22"", 'revenue': 0.0, 'unit': 'M', 'net_profit': -1.73}, {'period': ""Q3 '22"", 'revenue': 0.0, 'unit': 'M', 'net_profit': -1.9}, {'period': ""Q2 '22"", 'revenue': 0.0, 'unit': 'M', 'net_profit': -3.32}, {'period': ""Q1 '22"", 'revenue': 0.0, 'unit': 'M', 'net_profit': -4.66}]",-0.55,-0.55,392265,390000,124575,7454434,0,0,7454434,124575,-8128180,0.5525443677577804,0.5812972391028187,0.6583850931677019,__nan__,__nan__,__nan__,19.00356646654685
572,SCR,Score Media and Gaming Inc. Class A Subordinate Voting Shares,"Score Media and Gaming Inc. operates as a sports media company in North America. It offers theScore, a mobile sports application that delivers customizable news, scores, stats, and notifications for various leagues and sports; and theScore esports, which produces and shares original video content pieces across its web and social platforms, including features and documentaries on high-profile teams, games, and players from across the esports scene, as well as highlights and interviews. The company also provides theScore Bet, a mobile sports betting platform that delivers various pre-game and in-game markets and betting options, lightning-fast scores, and in-game data comprising early cash-out, and easy and secure deposit and withdrawal options. In addition, it operates theScore.com, a web platform that provides sports news, scores, and video and editorial content written by original sports voices. The company was incorporated in 2012 and is based in Toronto, Canada.",John S. Levy,Electronic Gaming & Multimedia,35.58,USD,0,https://images.financialmodelingprep.com/symbol/SCR.png,1353701,2021-02-25,0.0,0.0,692716,-30849000,-37930000,"[{'period': '2020', 'revenue': 20.72, 'unit': 'M', 'net_profit': -37.93}, {'period': '2019', 'revenue': 31.12, 'unit': 'M', 'net_profit': -9.41}, {'period': '2018', 'revenue': 27.74, 'unit': 'M', 'net_profit': -5.91}, {'period': '2017', 'revenue': 26.35, 'unit': 'M', 'net_profit': -9.24}]","[{'period': ""Q3 '21"", 'revenue': 6.43, 'unit': 'M', 'net_profit': -37.13}, {'period': ""Q2 '21"", 'revenue': 5.59, 'unit': 'M', 'net_profit': -17.57}, {'period': ""Q1 '21"", 'revenue': 8.54, 'unit': 'M', 'net_profit': -12.67}, {'period': ""Q4 '20"", 'revenue': 2.47, 'unit': 'M', 'net_profit': -12.69}, {'period': ""Q3 '20"", 'revenue': 2.38, 'unit': 'M', 'net_profit': -10.68}, {'period': ""Q2 '20"", 'revenue': 6.65, 'unit': 'M', 'net_profit': -10.45}]",-1.15,-1.15,78707000,51094000,40116000,49503000,7071000,0,18137000,40116000,-31054000,-3.8997776365946635,-3.0295336237118877,-2.96551724137931,__nan__,__nan__,__nan__,0.6289529520881243
573,SCSC,ScanSource Inc. Common Stock,"ScanSource, Inc. distributes technology products and solutions in the United States, Canada, and internationally. It operates through two segments, Specialty Technology Solutions and Modern Communications & Cloud. The Specialty Technology Solutions segment provides a portfolio of solutions primarily for enterprise mobile computing, data capture, barcode printing, point of sale (POS), payments, networking, electronic physical security, cyber security, and other technologies. This segment offers data capture and POS solutions to automate the collection, processing, and communication of information for commercial and industrial applications, including retail sales, distribution, shipping, inventory control, materials handling, warehouse management, and health care applications. It also provides electronic physical security products, such as identification, access control, video surveillance, intrusion-related, and wireless and networking infrastructure products. The Modern Communications & Cloud segment offers a portfolio of solutions primarily for communications technologies and services comprising voice, video conferencing, wireless, data networking, cable, unified communications and collaboration, cloud, and technology services, as well as IP networks and other solutions for various vertical markets, such as education, healthcare, and government. The company serves manufacturing, warehouse and distribution, retail and e-commerce, hospitality, transportation and logistics, government, education and healthcare, and other industries. ScanSource, Inc. was incorporated in 1992 and is headquartered in Greenville, South Carolina.",Michael L. Baur,Technology Distributors,36.05,USD,791027233,https://images.financialmodelingprep.com/symbol/SCSC.png,213827,1994-03-18,11.13,-0.74,179843,132604000,71548000,"[{'period': '2025', 'revenue': 3040.0, 'unit': 'M', 'net_profit': 71.55}, {'period': '2024', 'revenue': 3260.0, 'unit': 'M', 'net_profit': 77.06}, {'period': '2023', 'revenue': 3790.0, 'unit': 'M', 'net_profit': 89.81}, {'period': '2022', 'revenue': 3530.0, 'unit': 'M', 'net_profit': 88.8}]","[{'period': ""Q2 '26"", 'revenue': 766.51, 'unit': 'M', 'net_profit': 16.49}, {'period': ""Q1 '26"", 'revenue': 739.65, 'unit': 'M', 'net_profit': 19.88}, {'period': ""Q4 '25"", 'revenue': 812.89, 'unit': 'M', 'net_profit': 20.09}, {'period': ""Q3 '25"", 'revenue': 704.85, 'unit': 'M', 'net_profit': 17.43}, {'period': ""Q2 '25"", 'revenue': 747.5, 'unit': 'M', 'net_profit': 17.05}, {'period': ""Q1 '25"", 'revenue': 775.58, 'unit': 'M', 'net_profit': 16.97}]",3.05,3.0,1785606000,1370452000,126157000,879197000,734975000,0,682964000,126157000,104063000,-0.05875171243815703,-0.07152867895146639,-0.016129032258064602,__nan__,__nan__,__nan__,0.4923801779339899
574,SCVL,Shoe Carnival Inc. Common Stock,"Shoe Carnival, Inc., together with its subsidiaries, operates as a family footwear retailer in the United States. The company offers range of dress, casual, work, and athletic shoes, as well as sandals and boots for men, women, and children; and various accessories. As of January 29, 2022, it operated 372 stores in 35 states and Puerto Rico under the Shoe Carnival banner; and 21 locations across the Southeast under the Shoe Station banner. The company also sells its products through online shopping at shoecarnival.com, as well as through mobile application. Shoe Carnival, Inc. was founded in 1978 and is headquartered in Evansville, Indiana.",Clifton E. Sifford,Apparel - Retail,16.02,USD,440062527,https://images.financialmodelingprep.com/symbol/SCVL.png,395722,1993-03-16,8.43,-0.41,765797,101081000,52269000,"[{'period': '2025', 'revenue': 1140.0, 'unit': 'M', 'net_profit': 52.27}, {'period': '2024', 'revenue': 1200.0, 'unit': 'M', 'net_profit': 73.77}, {'period': '2023', 'revenue': 1180.0, 'unit': 'M', 'net_profit': 73.35}, {'period': '2022', 'revenue': 1260.0, 'unit': 'M', 'net_profit': 110.07}]","[{'period': ""Q4 '25"", 'revenue': 254.07, 'unit': 'M', 'net_profit': 9.05}, {'period': ""Q3 '25"", 'revenue': 297.15, 'unit': 'M', 'net_profit': 14.65}, {'period': ""Q2 '25"", 'revenue': 306.39, 'unit': 'M', 'net_profit': 19.23}, {'period': ""Q1 '25"", 'revenue': 277.71, 'unit': 'M', 'net_profit': 9.34}, {'period': ""Q4 '24"", 'revenue': 262.94, 'unit': 'M', 'net_profit': 14.66}, {'period': ""Q3 '24"", 'revenue': 306.88, 'unit': 'M', 'net_profit': 19.24}]",1.91,1.9,1201743000,596137000,130727000,512077000,6370000,0,158426000,117091000,26584000,-0.21560547860163737,-0.2914215221104574,-0.2977941176470589,"[0.17, 0.05]","['2026-04-06', '2012-06-28']",__nan__,0.4261119057901731
575,SCWX,SecureWorks Corp. Class A Common Stock,"SecureWorks Corp., through its subsidiaries, provides technology-driven information security solutions for protecting its customers in the United States and internationally. The company's solutions include software-as-a-service solutions, managed security services, and professional services, including incident response and security risk consulting services. Its solutions enable organizations to prevent security breaches, detect malicious activity, respond rapidly to security breaches, and identify emerging threats. The company sells its solutions primarily through its direct sales organization, as well as through referral agents, regional value-added resellers, and trade associations. It serves customers in a range of industries, including financial services, manufacturing, technology, retail, insurance, utility, and healthcare sectors. The company was formerly known as SecureWorks Holding Corporation and changed its name to SecureWorks Corp. in November 2015. SecureWorks Corp. was founded in 1999 and is headquartered in Atlanta, Georgia. SecureWorks Corp. operates as a subsidiary of Dell Marketing L.P.",Wendy K. Thomas,Software - Infrastructure,8.51,USD,756454717,https://images.financialmodelingprep.com/symbol/SCWX.png,288082,2016-04-21,-8.595959595959595,0.0,2158196,-60904000,-86042000,"[{'period': '2024', 'revenue': 365.88, 'unit': 'M', 'net_profit': -86.04}, {'period': '2023', 'revenue': 463.48, 'unit': 'M', 'net_profit': -114.5}, {'period': '2022', 'revenue': 535.21, 'unit': 'M', 'net_profit': -39.79}, {'period': '2021', 'revenue': 561.03, 'unit': 'M', 'net_profit': -21.9}]","[{'period': ""Q3 '25"", 'revenue': 82.73, 'unit': 'M', 'net_profit': -27.5}, {'period': ""Q2 '25"", 'revenue': 82.18, 'unit': 'M', 'net_profit': -14.73}, {'period': ""Q1 '25"", 'revenue': 85.65, 'unit': 'M', 'net_profit': -36.08}, {'period': ""Q4 '24"", 'revenue': 89.15, 'unit': 'M', 'net_profit': -8.29}, {'period': ""Q3 '24"", 'revenue': 89.36, 'unit': 'M', 'net_profit': -14.42}, {'period': ""Q2 '24"", 'revenue': 92.97, 'unit': 'M', 'net_profit': -32.36}]",-1.0,-1.0,724779000,138139000,68655000,223454000,59358000,0,202114000,68655000,-65582000,0.40019696671262556,0.24853492170237296,0.26470588235294124,__nan__,__nan__,__nan__,0.30830639408702515
576,SCYX,SCYNEXIS Inc. Common Stock,"SCYNEXIS, Inc., a biotechnology company, develops products for the treatment fungal infections in the United States. It offers BREXAFEMME (ibrexafungerp tablets) for the treatment of vulvovaginal candidiasis (VVC). The company is developing its lead product candidate, Ibrexafungerp, as a novel oral and intravenous drug for the treatment of various fungal infections, including recurrent VVC, invasive aspergillosis, invasive candidiasis, and refractory invasive fungal infections; and ibrexafungerp that has completed Phase 3 CANDLE study for the prevention of recurrent (VVC). It has research collaborations with Merck Sharp & Dohme Corp., Hansoh (Shanghai) Health Technology Co., Ltd., Jiangsu Hansoh Pharmaceutical Group Company Limited, and R-Pharm, CJSC to develop and commercialize rights for ibrexafungerp. The company was formerly known as SCYNEXIS Chemistry & Automation, Inc. and changed its name to SCYNEXIS, Inc. in June 2002. SCYNEXIS, Inc. was incorporated in 1999 and is headquartered in Jersey City, New Jersey.",David Gonzalez Angulo,Drug Manufacturers - Specialty & Generic,0.8129,USD,36307203,https://images.financialmodelingprep.com/symbol/SCYX.png,404301,2014-05-02,-4.78,-0.0246,144340,-16074000,-8609000,"[{'period': '2025', 'revenue': 20.6, 'unit': 'M', 'net_profit': -8.61}, {'period': '2024', 'revenue': 3.75, 'unit': 'M', 'net_profit': -21.29}, {'period': '2023', 'revenue': 140.14, 'unit': 'M', 'net_profit': 67.04}, {'period': '2022', 'revenue': 5.09, 'unit': 'M', 'net_profit': -62.81}]","[{'period': ""Q4 '25"", 'revenue': 18.65, 'unit': 'M', 'net_profit': 12.26}, {'period': ""Q3 '25"", 'revenue': 0.334, 'unit': 'M', 'net_profit': -8.59}, {'period': ""Q2 '25"", 'revenue': 1.36, 'unit': 'M', 'net_profit': -6.88}, {'period': ""Q1 '25"", 'revenue': 0.257, 'unit': 'M', 'net_profit': -5.39}, {'period': ""Q4 '24"", 'revenue': 0.977, 'unit': 'M', 'net_profit': -4.43}, {'period': ""Q3 '24"", 'revenue': 0.66, 'unit': 'M', 'net_profit': -2.81}]",-0.17,-0.17,59027000,40374000,21259000,9651000,0,16247000,5734000,21259000,-5283000,0.1350158747242103,0.5955937617437054,0.6136363636363636,__nan__,__nan__,__nan__,0.1635014484896742
577,SDAC,Sustainable Development Acquisition I Corp. Class A Common Stock,"Sustainable Development Acquisition I Corp., does not have significant operations. It focuses on effecting a merger, capital stock exchange, asset acquisition, stock purchase, reorganization, or related business combination with one or more businesses. The company was incorporated in 2020 and is based in Bakersfield, California.",Nicole Neeman Brady,Shell Companies,10.38,USD,104684376,https://images.financialmodelingprep.com/symbol/SDAC.png,1891,2021-03-30,103.8,-0.02,3329,-16139878,15082507,"[{'period': '2022', 'revenue': 0.0, 'unit': 'M', 'net_profit': 15.08}, {'period': '2021', 'revenue': 0.0, 'unit': 'M', 'net_profit': 10.48}]","[{'period': ""Q1 '23"", 'revenue': 0.0, 'unit': 'M', 'net_profit': -1.95}, {'period': ""Q4 '22"", 'revenue': 0.0, 'unit': 'M', 'net_profit': 1.03}, {'period': ""Q3 '22"", 'revenue': 0.0, 'unit': 'M', 'net_profit': 1.68}, {'period': ""Q2 '22"", 'revenue': 0.0, 'unit': 'M', 'net_profit': 5.38}, {'period': ""Q1 '22"", 'revenue': 0.0, 'unit': 'M', 'net_profit': 14.31}, {'period': ""Q4 '21"", 'revenue': 0.0, 'unit': 'M', 'net_profit': 1.71}]",0.48,1.91,321059910,381597,318932,14348673,0,0,2454739,318932,-1744911,-0.012396303082130236,0.43893339332344755,-0.6417910447761195,__nan__,__nan__,__nan__,0.04469157485280551
578,SDACU,Sustainable Development Acquisition I Corp. Unit,"Sustainable Development Acquisition I Corp., does not have significant operations. It focuses on effecting a merger, capital stock exchange, asset acquisition, stock purchase, reorganization, or related business combination with one or more businesses. The company was incorporated in 2020 and is based in Bakersfield, California.",Nicole Neeman Brady,Shell Companies,10.375,USD,0,https://images.financialmodelingprep.com/symbol/SDACU.png,803,2021-02-05,50.36407766990291,-0.125,12274,-16139878,15082507,"[{'period': '2022', 'revenue': 0.0, 'unit': 'M', 'net_profit': 15.08}, {'period': '2021', 'revenue': 0.0, 'unit': 'M', 'net_profit': 10.48}]","[{'period': ""Q1 '23"", 'revenue': 0.0, 'unit': 'M', 'net_profit': -1.95}, {'period': ""Q4 '22"", 'revenue': 0.0, 'unit': 'M', 'net_profit': 1.03}, {'period': ""Q3 '22"", 'revenue': 0.0, 'unit': 'M', 'net_profit': 1.68}, {'period': ""Q2 '22"", 'revenue': 0.0, 'unit': 'M', 'net_profit': 5.38}, {'period': ""Q1 '22"", 'revenue': 0.0, 'unit': 'M', 'net_profit': 14.31}, {'period': ""Q4 '21"", 'revenue': 0.0, 'unit': 'M', 'net_profit': 1.71}]",0.48,1.91,321059910,381597,318932,14348673,0,0,2454739,318932,-1744911,-0.012396303082130236,0.43893339332344755,-0.6417910447761195,__nan__,__nan__,__nan__,0.04469157485280551
579,SDACW,Sustainable Development Acquisition I Corp. Warrant,"Sustainable Development Acquisition I Corp., a blank check company, intends to effect a merger, capital stock exchange, asset acquisition, stock purchase, reorganization, or related business combination with one or more businesses. The company was founded in 2020 and is based in Los Angeles, California.",Nicole Neeman Brady,Shell Companies,0.0029,USD,0,https://images.financialmodelingprep.com/symbol/SDACW.png,0,2021-03-29,0.0,0.0007,26300,-16139878,15082507,"[{'period': '2022', 'revenue': 0.0, 'unit': 'M', 'net_profit': 15.08}, {'period': '2021', 'revenue': 0.0, 'unit': 'M', 'net_profit': 10.48}]","[{'period': ""Q1 '23"", 'revenue': 0.0, 'unit': 'M', 'net_profit': -1.95}, {'period': ""Q4 '22"", 'revenue': 0.0, 'unit': 'M', 'net_profit': 1.03}, {'period': ""Q3 '22"", 'revenue': 0.0, 'unit': 'M', 'net_profit': 1.68}, {'period': ""Q2 '22"", 'revenue': 0.0, 'unit': 'M', 'net_profit': 5.38}, {'period': ""Q1 '22"", 'revenue': 0.0, 'unit': 'M', 'net_profit': 14.31}, {'period': ""Q4 '21"", 'revenue': 0.0, 'unit': 'M', 'net_profit': 1.71}]",0.48,1.91,321059910,381597,318932,14348673,0,0,2454739,318932,-1744911,-0.012396303082130236,0.43893339332344755,-0.6417910447761195,__nan__,__nan__,__nan__,0.04469157485280551
580,SDC,SmileDirectClub Inc. Class A Common Stock,"SmileDirectClub, Inc., an oral care company, offers clear aligner therapy treatment. The company manages the end-to-end process, which include marketing, aligner manufacturing, fulfillment, treatment by a doctor, and monitoring through completion of their treatment with a network of approximately 250 licensed orthodontists and general dentists through its teledentistry platform, SmileCheck in the United States, Puerto Rico, Canada, Australia, the United Kingdom, New Zealand, Ireland, Hong Kong, Germany, Singapore, France, Spain, and Austria. It also offers aligners, impression and whitening kits, whitening gels, and retainers; and toothbrushes, toothpastes, water flossers, SmileSpa, and various ancillary oral care products. The company was founded in 2014 and is headquartered in Nashville, Tennessee.",David B. Katzman,Medical - Instruments & Supplies,0.075,USD,29108251,https://images.financialmodelingprep.com/symbol/SDC.png,4030612,2019-09-12,-0.028538812785388126,-0.0861,63397794,-166599000,-277853000,"[{'period': '2022', 'revenue': 470.74, 'unit': 'M', 'net_profit': -277.85}, {'period': '2021', 'revenue': 637.61, 'unit': 'M', 'net_profit': -335.65}, {'period': '2020', 'revenue': 656.78, 'unit': 'M', 'net_profit': -278.5}, {'period': '2019', 'revenue': 750.43, 'unit': 'M', 'net_profit': -537.8}]","[{'period': ""Q2 '23"", 'revenue': 125.8, 'unit': 'M', 'net_profit': -20.3}, {'period': ""Q1 '23"", 'revenue': 119.78, 'unit': 'M', 'net_profit': -65.73}, {'period': ""Q4 '22"", 'revenue': 86.53, 'unit': 'M', 'net_profit': -69.43}, {'period': ""Q3 '22"", 'revenue': 106.77, 'unit': 'M', 'net_profit': -69.73}, {'period': ""Q2 '22"", 'revenue': 125.8, 'unit': 'M', 'net_profit': -65.49}, {'period': ""Q1 '22"", 'revenue': 151.65, 'unit': 'M', 'net_profit': -22.58}]",-0.71,-0.71,597063000,297419000,93120000,982261000,143082000,5659000,116800000,93120000,-210170000,0.11480035068143779,0.17219424996275884,0.18390804597701152,__nan__,__nan__,__nan__,1.6451546989178696
581,SDGR,Schrodinger Inc. Common Stock,"Schrödinger, Inc., together with its subsidiaries, provides physics-based software platform that enables discovery of novel molecules for drug development and materials applications. The company operates in two segments, Software and Drug Discovery. The Software segment is focused on selling its software for drug discovery in the life sciences industry, as well as to customers in materials science industries. The Drug Discovery segment focuses on building a portfolio of preclinical and clinical programs, internally and through collaborations. The company serves biopharmaceutical and industrial companies, academic institutions, and government laboratories worldwide. Schrödinger, Inc. was incorporated in 1990 and is based in New York, New York.",Ramy Farid,Medical - Healthcare Information Services,11.08,USD,817982141,https://images.financialmodelingprep.com/symbol/SDGR.png,1351557,2020-02-06,-7.86,-0.49,991712,-96304000,-103265000,"[{'period': '2025', 'revenue': 255.87, 'unit': 'M', 'net_profit': -103.27}, {'period': '2024', 'revenue': 207.54, 'unit': 'M', 'net_profit': -187.12}, {'period': '2023', 'revenue': 216.67, 'unit': 'M', 'net_profit': 40.72}, {'period': '2022', 'revenue': 180.96, 'unit': 'M', 'net_profit': -149.19}]","[{'period': ""Q4 '25"", 'revenue': 87.23, 'unit': 'M', 'net_profit': 32.51}, {'period': ""Q3 '25"", 'revenue': 54.32, 'unit': 'M', 'net_profit': -32.8}, {'period': ""Q2 '25"", 'revenue': 54.76, 'unit': 'M', 'net_profit': -43.17}, {'period': ""Q1 '25"", 'revenue': 59.55, 'unit': 'M', 'net_profit': -59.81}, {'period': ""Q4 '24"", 'revenue': 88.32, 'unit': 'M', 'net_profit': -40.22}, {'period': ""Q3 '24"", 'revenue': 35.29, 'unit': 'M', 'net_profit': -38.14}]",-1.41,-1.41,726160000,519265000,395464000,362107000,83041000,73647000,189136000,230517000,12457000,0.5259160074235615,0.4481437343351699,0.45136186770428016,__nan__,__nan__,__nan__,0.4986600749146194
582,SDH,Global Internet of People Inc. Ordinary Shares,"Global Internet of People, Inc., a consulting company, provides enterprise services to small and medium-sized enterprises in the People's Republic of China. It operates a peer-to-peer knowledge sharing and enterprise service platform, where knowledge is shared, and services are requested and provided. It also provides educational consulting, new energy investment, cultural and artistic exchanges and planning, conference, information technology, technical, business incubation, and enterprise information technology integration services, as well as manufactures lithium battery materials. The company offers its services through Shidonghui App, a mobile application; and offline through directly operated local offices and 51 local centers. Global Internet of People, Inc. was founded in 2014 and is headquartered in Zibo, the People's Republic of China.",Haiping Hu,Consulting Services,2.16,USD,52980480,https://images.financialmodelingprep.com/symbol/SDH.png,0,2021-02-09,-6.084507042253521,0.00999999,1971,-10238273,-11776436,"[{'period': '2024', 'revenue': 65.0, 'unit': 'M', 'net_profit': -11.78}, {'period': '2023', 'revenue': 45.05, 'unit': 'M', 'net_profit': -24.23}, {'period': '2022', 'revenue': 38.13, 'unit': 'M', 'net_profit': -22.64}, {'period': '2021', 'revenue': 7.41, 'unit': 'M', 'net_profit': -8.4}]","[{'period': ""Q4 '24"", 'revenue': 42.71, 'unit': 'M', 'net_profit': -7.32}, {'period': ""Q2 '24"", 'revenue': 22.28, 'unit': 'M', 'net_profit': -4.45}, {'period': ""Q4 '23"", 'revenue': 24.34, 'unit': 'M', 'net_profit': -19.52}, {'period': ""Q2 '23"", 'revenue': 20.71, 'unit': 'M', 'net_profit': -4.71}, {'period': ""Q4 '22"", 'revenue': 27.86, 'unit': 'M', 'net_profit': -15.12}, {'period': ""Q2 '22"", 'revenue': 10.27, 'unit': 'M', 'net_profit': -7.52}]",-0.44,-0.44,143023032,63010873,1264463,115728359,32551450,2007957,86756609,1264463,-7817072,0.5565271395944562,0.5140246725689134,0.5925925925925927,__nan__,__nan__,__nan__,0.8091588982675182
583,SEAC,SeaChange International Inc. Common Stock,"SeaChange International, Inc. provides multiscreen, advertising, and premium over the top (OTT) video products and services that facilitate the aggregation, licensing, management, and distribution of video and advertising content worldwide. The company offers video products, including video back-office, a software platform that enables content and service providers to manage, monetize and deliver a seamless viewing experience to subscribers across televisions, personal computers (PCs), tablets, smart phones, and other IP-enabled devices; and media asset management software, which is used to receive, manage and publish video content for viewing on televisions, tablets, PCs and other consumer devices. It also provides an advertising platform to maximize advertising revenue across multiscreen, broadcast, on-demand, and OTT viewing. In addition, the company offers client application, a multiscreen user experience product that empower service providers and content owners to optimize live and on-demand video consumption on multiscreen and OTT services. Further, it provides professional, and maintenance and technical support services, as well as managed services. The company sells and markets its products and services through a direct sales process, as well as to systems integrators and value-added resellers. It serves cable system operators, telecommunications companies, and satellite operators, as well as broadcasters and other content providers. The company was incorporated in 1993 and is headquartered in Boston, Massachusetts.",Mark Paul Szynkowski,Software - Application,4.0,USD,10337172,https://images.financialmodelingprep.com/symbol/SEAC.png,370,1996-11-05,-1.63,0.09,196,-462000,-11404000,"[{'period': '2023', 'revenue': 32.49, 'unit': 'M', 'net_profit': -11.4}, {'period': '2022', 'revenue': 27.31, 'unit': 'M', 'net_profit': -7.43}, {'period': '2021', 'revenue': 22.0, 'unit': 'M', 'net_profit': -21.76}, {'period': '2020', 'revenue': 67.15, 'unit': 'M', 'net_profit': -8.92}]","[{'period': ""Q1 '24"", 'revenue': 6990.0, 'unit': 'K', 'net_profit': -714.0}, {'period': ""Q4 '23"", 'revenue': 10.16, 'unit': 'M', 'net_profit': 1.73}, {'period': ""Q3 '23"", 'revenue': 8.29, 'unit': 'M', 'net_profit': -3.68}, {'period': ""Q2 '23"", 'revenue': 7.32, 'unit': 'M', 'net_profit': -6.45}, {'period': ""Q1 '23"", 'revenue': 6.72, 'unit': 'M', 'net_profit': -3.0}, {'period': ""Q4 '22"", 'revenue': 8.57, 'unit': 'M', 'net_profit': -1.48}]",-4.58,-4.6,42659000,35112000,14659000,11448000,18139000,0,10526000,13415000,-2090000,0.9199445503378963,-0.5348586810228803,-0.5115511551155116,__nan__,__nan__,__nan__,0.26836072106706677
584,SECO,Secoo Holding Limited ADR,"Secoo Holding Limited, through its subsidiaries, operates an integrated online and offline shopping platform in the People's Republic of China, Hong Kong, and internationally. It provides upscale brand products and services, including handbags, watches, clothing, footwear, jewelry and accessories, cosmetics and skincare, home accessories, sportswear, home goods, fine food and beverage products, arts, 3C electronic devices, and Chinese original products, as well as lifestyle services through its website, mobile applications, and offline experience centers. The company also offers its website as a marketplace to third party merchants to facilitate their sales of upscale products and services. Secoo Holding Limited was incorporated in 2011 and is headquartered in Beijing, China.",Rixue Li,Specialty Retail,0.4049,USD,2860724,https://images.financialmodelingprep.com/symbol/SECO.png,20901,2017-09-22,-0.015454198473282443,0.0,306914,-533520000,-87722370,"[{'period': '2021', 'revenue': 485.57, 'unit': 'M', 'net_profit': -87.72}, {'period': '2020', 'revenue': 872.14, 'unit': 'M', 'net_profit': -10.48}, {'period': '2019', 'revenue': 990.7, 'unit': 'M', 'net_profit': 22.35}, {'period': '2018', 'revenue': 814.2, 'unit': 'M', 'net_profit': 22.95}]","[{'period': ""Q2 '22"", 'revenue': 179.65, 'unit': 'M', 'net_profit': -125.97}, {'period': ""Q4 '21"", 'revenue': 249.72, 'unit': 'M', 'net_profit': -81.61}, {'period': ""Q2 '21"", 'revenue': 235.86, 'unit': 'M', 'net_profit': -6.32}]",-12.42,-12.42,701495759,647720900,26723622,422265684,514874000,4561808,209505989,26723622,-61303307,-5.608607017604478,-7.367149011063472,-6.2631578947368425,__nan__,__nan__,__nan__,0.6019504445785252
585,SEDG,SolarEdge Technologies Inc. Common Stock,"SolarEdge Technologies, Inc., together with its subsidiaries, designs, develops, and sells direct current (DC) optimized inverter systems for solar photovoltaic (PV) installations worldwide. It operates through five segments: Solar, Energy Storage, e-Mobility, Critical Power, and Automation Machines. The company offers inverters, power optimizers, communication devices, and smart energy management solutions used in residential, commercial, and small utility-scale solar installations; and a cloud-based monitoring platform that collects and processes information from the power optimizers and inverters, as well as monitors and manages the solar PV system. It also provides residential, commercial, and large scale PV, energy storage and backup, electric vehicle charging, and home energy management solutions, as well as grid services; and e-Mobility, automation machines, lithium-ion cells and battery packs, and uninterrupted power supply solutions, as well as virtual power plants, which helps to manage the load on the grid and grid stability. In addition, the company offers pre-sales support, ongoing trainings, and technical support and after installation services. The company sells its products to the providers of solar PV systems; and solar installers and distributors, electrical equipment wholesalers, and PV module manufacturers, as well as engineering, procurement, and construction firms. SolarEdge Technologies, Inc. was founded in 2006 and is headquartered in Herzliya, Israel.",Yehoshua Nir,Solar,51.76,USD,3124559222,https://images.financialmodelingprep.com/symbol/SEDG.png,3250711,2015-03-26,-7.52,1.49,3034818,-286815999,-405448000,"[{'period': '2025', 'revenue': 1180.0, 'unit': 'M', 'net_profit': -405.45}, {'period': '2024', 'revenue': 0.90146, 'unit': 'B', 'net_profit': -1.81}, {'period': '2023', 'revenue': 2980.0, 'unit': 'M', 'net_profit': 34.33}, {'period': '2022', 'revenue': 3110.0, 'unit': 'M', 'net_profit': 93.78}]","[{'period': ""Q4 '25"", 'revenue': 335.36, 'unit': 'M', 'net_profit': -132.12}, {'period': ""Q3 '25"", 'revenue': 340.18, 'unit': 'M', 'net_profit': -50.06}, {'period': ""Q2 '25"", 'revenue': 289.43, 'unit': 'M', 'net_profit': -124.74}, {'period': ""Q1 '25"", 'revenue': 219.48, 'unit': 'M', 'net_profit': -98.52}, {'period': ""Q4 '24"", 'revenue': 170.75, 'unit': 'M', 'net_profit': -312.91}, {'period': ""Q3 '24"", 'revenue': 0.26089999999999997, 'unit': 'B', 'net_profit': -1.21}]",-6.9,-6.9,2182194000,1739847000,577943000,1754730000,267440999,0,803495000,539846000,80794000,0.8251510036796711,0.7755438155359101,0.7819216182048041,__nan__,__nan__,__nan__,0.8041127415802628
586,SEED,Origin Agritech Limited Common Stock,"Origin Agritech Limited, together with its subsidiaries, operates an agricultural biotechnology and an e-commerce platform in the People's Republic of China. The company engages in crop seed breeding and genetic improvement activities. It develops, produces, and distributes hybrid crop seeds, as well as develops hybrid seed technology. The company also operates an e-commerce platform, which provides range of products, including agricultural seed products that comprise corn, rice, and vegetable seeds; other agricultural inputs, such as fertilizers and agricultural chemicals; foods; household products; and other consumer products to farmers through online and mobile ordering. It has a collaboration agreement with Chinese Academy of Agricultural Sciences, the National Maize Improvement Center, China Agricultural University, and Zhejiang University. Origin Agritech Limited was founded in 1997 and is headquartered in Beijing, China.",Weibin Yan,Agricultural Inputs,1.45,USD,10861614,https://images.financialmodelingprep.com/symbol/SEED.png,96108,2004-03-29,-1.41,0.21,347669,-51641716,-52643663,"[{'period': '2025', 'revenue': 90.12, 'unit': 'M', 'net_profit': -52.64}, {'period': '2024', 'revenue': 113.38, 'unit': 'M', 'net_profit': 20.71}, {'period': '2023', 'revenue': 93.31, 'unit': 'M', 'net_profit': 55.33}, {'period': '2022', 'revenue': 52.58, 'unit': 'M', 'net_profit': -6.26}]","[{'period': ""Q4 '25"", 'revenue': 18.75, 'unit': 'M', 'net_profit': -27.45}, {'period': ""Q2 '25"", 'revenue': 36.17, 'unit': 'M', 'net_profit': -12.79}, {'period': ""Q1 '25"", 'revenue': 36.17, 'unit': 'M', 'net_profit': -12.79}, {'period': ""Q4 '24"", 'revenue': 10.67, 'unit': 'M', 'net_profit': 9.68}, {'period': ""Q3 '24"", 'revenue': 10.67, 'unit': 'M', 'net_profit': 9.68}, {'period': ""Q2 '24"", 'revenue': 46020.0, 'unit': 'K', 'net_profit': 677.5}]",-7.03,-7.03,100668911,66090381,15905460,151706025,13996040,0,149364513,15905460,-35922037,-3.2375093587521664,-3.5416986770954035,-3.196875,__nan__,__nan__,__nan__,1.5069798957098086
587,SEEL,Seelos Therapeutics Inc. Common Stock,"Seelos Therapeutics, Inc., a clinical-stage biopharmaceutical company, focuses on the development and commercialization of therapeutics for the treatment of central nervous system, respiratory, and other disorders. The company's lead programs are SLS-002, an intranasal racemic ketamine for the treatment of acute suicidal ideation and behavior in patients with major depressive disorders; SLS-005, a protein stabilizer for the treatment of amyotrophic lateral sclerosis and Sanfilippo syndrome; and SLS-006, a partial dopamine agonist for the treatment of patients with Parkinson's disease (PD). Its preclinical programs include SLS-007, an anti-alpha-synuclein peptidic inhibitor to treat patients with PD; SLS-008, an orally available antagonist for chemoattractant receptor-homologous molecule for the treatment of chronic inflammation in asthma and pediatric orphan indications; SLS-004 for the treatment of PD; SLS-010, an oral histamine H3A receptor antagonist for narcolepsy and related disorders; and SLS-012, an injectable therapy for post-operative pain management. Seelos Therapeutics, Inc. was incorporated in 1987 and is headquartered in New York, New York.",Raj Mehra,Biotechnology,0.37,USD,214970,https://images.financialmodelingprep.com/symbol/SEEL.png,0,1999-04-19,0.001054010938924339,,0,-37750000,-37882000,"[{'period': '2023', 'revenue': 2.2, 'unit': 'M', 'net_profit': -37.88}, {'period': '2022', 'revenue': 0.0, 'unit': 'M', 'net_profit': -76.14}, {'period': '2021', 'revenue': 0.0, 'unit': 'M', 'net_profit': -67.53}, {'period': '2020', 'revenue': 0.0, 'unit': 'M', 'net_profit': -19.22}]","[{'period': ""Q2 '24"", 'revenue': 0.376, 'unit': 'M', 'net_profit': 1.71}, {'period': ""Q1 '24"", 'revenue': 0.579, 'unit': 'M', 'net_profit': -2.66}, {'period': ""Q4 '23"", 'revenue': 0.653, 'unit': 'M', 'net_profit': -5.45}, {'period': ""Q3 '23"", 'revenue': 0.406, 'unit': 'M', 'net_profit': 10.5}, {'period': ""Q2 '23"", 'revenue': 0.336, 'unit': 'M', 'net_profit': -29.5}, {'period': ""Q1 '23"", 'revenue': 0.808, 'unit': 'M', 'net_profit': -17.25}]",-7.73,-7.73,5418000,5403000,2996000,38928000,763000,0,38928000,2996000,-23912000,0.4861638558808717,0.5024560666158817,0.6401303538175046,__nan__,__nan__,__nan__,7.184939091915836
588,SEER,Seer Inc. Class A Common Stock,"Seer, Inc., a life sciences company, engages in developing and commercializing products to decode the secrets of the proteome. It develops Proteograph Product Suite, an integrated solution that comprises consumables, an automation instrumentation, and software that allows researchers to conduct proteomic studies in therapeutic and diagnostic research, and clinical trials. The company intends to sell its products for research purposes, which cover academic institutions, life sciences, and research laboratories, as well as biopharmaceutical and biotechnology companies for non-diagnostic and non-clinical purposes. It has a collaboration agreement with Discovery Life Sciences, LLC. and the Salk Institute for Biological Studies. The company was formerly known as Seer Biosciences, Inc. and changed its name to Seer, Inc. in July 2018. Seer, Inc. was incorporated in 2017 and is headquartered in Redwood City, California.",Omid C. Farokhzad,Biotechnology,1.66,USD,93658482,https://images.financialmodelingprep.com/symbol/SEER.png,277349,2020-12-04,-1.3,-0.03,221514,-66154000,-73600000,"[{'period': '2025', 'revenue': 16.58, 'unit': 'M', 'net_profit': -73.6}, {'period': '2024', 'revenue': 13.95, 'unit': 'M', 'net_profit': -86.6}, {'period': '2023', 'revenue': 15.18, 'unit': 'M', 'net_profit': -86.28}, {'period': '2022', 'revenue': 14.69, 'unit': 'M', 'net_profit': -92.97}]","[{'period': ""Q4 '25"", 'revenue': 4.2, 'unit': 'M', 'net_profit': -15.99}, {'period': ""Q3 '25"", 'revenue': 4.12, 'unit': 'M', 'net_profit': -18.23}, {'period': ""Q2 '25"", 'revenue': 4.05, 'unit': 'M', 'net_profit': -19.42}, {'period': ""Q1 '25"", 'revenue': 4.21, 'unit': 'M', 'net_profit': -19.95}, {'period': ""Q4 '24"", 'revenue': 3.95, 'unit': 'M', 'net_profit': -21.74}, {'period': ""Q3 '24"", 'revenue': 3.94, 'unit': 'M', 'net_profit': -21.33}]",-1.28,-1.28,296083000,201534000,185897000,36776000,5652000,54686000,15691000,47285000,-46245000,0.2956720787862656,0.1501056594187,0.07913669064748192,__nan__,__nan__,__nan__,0.12420841453241152
589,SEIC,SEI Investments Company Common Stock,"SEI Investments Company is a publicly owned asset management holding company. Through its subsidiaries, the firm provides wealth management, retirement and investment solutions, asset management, asset administration, investment processing outsourcing solutions, financial services, and investment advisory services to its clients. It provides its services to private banks, independent financial advisers, institutional investors, investment managers, investment advisors, wealth management organizations, corporations, retirement scheme sponsors, not-for-profit organizations, hedge fund managers, registered investment advisers, independent broker-dealers, financial planners, life insurance agents, defined-benefit schemes, defined-contribution schemes, endowments, foundations, and board-designated fund, through its subsidiaries. Through its subsidiaries, the firm manages separate client-focused portfolios. It also launches and manages equity, fixed income, and balanced mutual funds, through its subsidiaries. Through its subsidiaries, the firm invests in public equity and fixed income markets. It employs fundamental and quantitative analysis with a focus on top-down and bottom-up analysis to make its investments, through its subsidiaries. SEI Investments Company was founded in 1968 and is based in Oaks, Pennsylvania.",Ryan Hicke,Asset Management,75.72,USD,9271111671,https://images.financialmodelingprep.com/symbol/SEIC.png,755754,1981-03-25,13.45,-1.2,729704,859285000,715305000,"[{'period': '2025', 'revenue': 2300.0, 'unit': 'M', 'net_profit': 715.3}, {'period': '2024', 'revenue': 2130.0, 'unit': 'M', 'net_profit': 581.19}, {'period': '2023', 'revenue': 1920.0, 'unit': 'M', 'net_profit': 462.26}, {'period': '2022', 'revenue': 1990.0, 'unit': 'M', 'net_profit': 475.47}]","[{'period': ""Q4 '25"", 'revenue': 607.92, 'unit': 'M', 'net_profit': 172.5}, {'period': ""Q3 '25"", 'revenue': 578.51, 'unit': 'M', 'net_profit': 164.2}, {'period': ""Q2 '25"", 'revenue': 559.6, 'unit': 'M', 'net_profit': 227.08}, {'period': ""Q1 '25"", 'revenue': 551.34, 'unit': 'M', 'net_profit': 151.52}, {'period': ""Q4 '24"", 'revenue': 557.19, 'unit': 'M', 'net_profit': 155.77}, {'period': ""Q3 '24"", 'revenue': 537.4, 'unit': 'M', 'net_profit': 154.9}]",5.76,5.63,3259844000,1273337000,433581000,556068000,773065000,428004000,387211000,399804000,585018000,0.04466370918622279,0.23075718653592364,0.28859060402684567,"[0.52, 0.05]","['2025-12-29', '1988-06-20']",__nan__,0.1705811689148315
590,SELB,Selecta Biosciences Inc. Common Stock,"Selecta Biosciences, Inc., a clinical-stage biopharmaceutical company, engages in the research and development of nanoparticle immunomodulatory drugs for the treatment and prevention of human diseases. The company's lead therapeutic gene therapy program is SEL-302 that is in preclinical stage to improve the treatment of methylmalonic acidemia. It is also developing biologic therapies, such as SEL-212 that is in Phase III clinical trials for the treatment of chronic refractory gout; and product candidates to treat IgA-mediated diseases, including IgA nephropathy, linear IgA bullous dermatitis, IgA pemphigus, and Henoch-Schonlein purpura. In addition, the company is developing gene therapies comprising SEL-313, a product candidate in preclinical stage to treat ornithine transcarbamylase deficiency; SEL-399, a product candidate to evaluate the appropriate dose of ImmTOR in humans to reduce the formation of antibodies to AAV capsids; and products for the treatment of pompe disease, duchenne muscular dystrophy, limb-girdle muscular dystrophy, lysosomal storage disorder, and other autoimmune diseases. Further, it develops tolerogenic therapies to treat primary biliary cholangitis and other autoimmune diseases. The company has license and collaboration agreements with Takeda Pharmaceuticals USA, Inc.; Swedish Orphan Biovitrum; Sarepta Therapeutics, Inc.; Asklepios Biopharmaceutical, Inc.; Massachusetts Institute of Technology; Shenyang Sunshine Pharmaceutical Co., Ltd.; Ginkgo Bioworks Holdings, Inc.; and IGAN Biosciences, Inc. Selecta Biosciences, Inc. was incorporated in 2007 and is headquartered in Watertown, Massachusetts.",Carsten Brunn,Biotechnology,0.8812,USD,135200754,https://images.financialmodelingprep.com/symbol/SELB.png,634418,2016-06-22,-3.0386206896551724,-0.0766,2763021,0,-130302000,"[{'period': '2025', 'revenue': 2.8, 'unit': 'M', 'net_profit': -130.3}, {'period': '2024', 'revenue': 38.91, 'unit': 'M', 'net_profit': -77.42}, {'period': '2023', 'revenue': 0.0, 'unit': 'M', 'net_profit': -219.71}, {'period': '2022', 'revenue': 110.78, 'unit': 'M', 'net_profit': 35.38}]","[{'period': ""Q4 '25"", 'revenue': 0.9470000000000001, 'unit': 'M', 'net_profit': -92.58}, {'period': ""Q3 '25"", 'revenue': 0.452, 'unit': 'M', 'net_profit': -35.9}, {'period': ""Q2 '25"", 'revenue': 0.298, 'unit': 'M', 'net_profit': 15.89}, {'period': ""Q1 '25"", 'revenue': 1.1, 'unit': 'M', 'net_profit': -17.71}, {'period': ""Q4 '24"", 'revenue': 21.18, 'unit': 'M', 'net_profit': -31.28}, {'period': ""Q3 '24"", 'revenue': 0.387, 'unit': 'M', 'net_profit': -24.18}]",-5.02,-5.02,296411000,129276000,125139000,422651000,1115000,0,14937000,125139000,-79395000,0,-0.6829665220086795,-9.04,__nan__,__nan__,__nan__,1.425895125349599
591,SELF,Global Self Storage Inc. Common Stock,"Global Self Storage is a self-administered and self-managed REIT that owns, operates, manages, acquires, develops and redevelops self-storage properties. The company's self-storage properties are designed to offer affordable, easily accessible and secure storage space for residential and commercial customers. Through its wholly owned subsidiaries, the company owns and/or manages 13 self-storage properties in Connecticut, Illinois, Indiana, New York, Ohio, Pennsylvania, South Carolina, and Oklahoma.",Mark Campbell Winmill,REIT - Industrial,5.04,USD,57156382,https://images.financialmodelingprep.com/symbol/SELF.png,34847,1997-02-07,28.0,-0.08,45212,4526982,2038451,"[{'period': '2025', 'revenue': 12.71, 'unit': 'M', 'net_profit': 2.04}, {'period': '2024', 'revenue': 12.53, 'unit': 'M', 'net_profit': 2.12}, {'period': '2023', 'revenue': 12.19, 'unit': 'M', 'net_profit': 2.94}, {'period': '2022', 'revenue': 11.94, 'unit': 'M', 'net_profit': 2.06}]","[{'period': ""Q4 '25"", 'revenue': 3160.0, 'unit': 'K', 'net_profit': 322.82}, {'period': ""Q3 '25"", 'revenue': 3230.0, 'unit': 'K', 'net_profit': 496.26}, {'period': ""Q2 '25"", 'revenue': 3190.0, 'unit': 'K', 'net_profit': 664.22}, {'period': ""Q1 '25"", 'revenue': 3130.0, 'unit': 'K', 'net_profit': 555.15}, {'period': ""Q4 '24"", 'revenue': 3190.0, 'unit': 'K', 'net_profit': 84.41}, {'period': ""Q3 '24"", 'revenue': 3.2, 'unit': 'M', 'net_profit': 1.18}]",0.18,0.18,64072646,7482865,7364963,17536256,117902,54869252,655481,7364963,4146470,-0.024147014442767838,-0.040161168276952534,-0.05263157894736847,"[0.0725, 0.05]","['2026-03-16', '1997-03-20']",__nan__,0.27369333240896593
592,SENEA,Seneca Foods Corp. Class A Common Stock,"Seneca Foods Corporation provides packaged fruits and vegetables in the United States and internationally. The company offers canned, frozen, and bottled produce; jarred fruit; and snack chips and other food products under the private label, as well as under various national and regional brands that the company owns or licenses, including Seneca, Libby's, Aunt Nellie's, Cherryman, Green Valley, and READ. It also packs canned and frozen vegetables under contract packing agreements. In addition, the company engages in the sale of cans and ends, as well as trucking and aircraft operations. It provides its products to grocery outlets, including supermarkets, mass merchandisers, limited assortment stores, club stores, and dollar stores; and food service distributors, restaurant chains, industrial markets, other food packagers, and export customers in 90 countries, as well as federal, state, and local governments for school and other feeding programs. The company was incorporated in 1949 and is headquartered in Marion, New York.",Paul L. Palmby,Packaged Foods,151.78,USD,1044405617,https://images.financialmodelingprep.com/symbol/SENEA.png,62844,1998-06-03,11.69,4.43,73708,133471000,41224000,"[{'period': '2025', 'revenue': 1580.0, 'unit': 'M', 'net_profit': 41.22}, {'period': '2024', 'revenue': 1460.0, 'unit': 'M', 'net_profit': 63.32}, {'period': '2023', 'revenue': 1510.0, 'unit': 'M', 'net_profit': 9.23}, {'period': '2022', 'revenue': 1390.0, 'unit': 'M', 'net_profit': 46.2}]","[{'period': ""Q3 '26"", 'revenue': 508.35, 'unit': 'M', 'net_profit': 44.77}, {'period': ""Q2 '26"", 'revenue': 460.02, 'unit': 'M', 'net_profit': 29.74}, {'period': ""Q1 '26"", 'revenue': 297.46, 'unit': 'M', 'net_profit': 14.88}, {'period': ""Q4 '25"", 'revenue': 345840.0, 'unit': 'K', 'net_profit': 601.0}, {'period': ""Q3 '25"", 'revenue': 502.86, 'unit': 'M', 'net_profit': 14.66}, {'period': ""Q2 '25"", 'revenue': 425.46, 'unit': 'M', 'net_profit': 13.3}]",5.95,5.9,1181429000,755654000,42685000,548406000,97002000,0,214558000,42685000,298250000,-0.1719955830169483,-0.3489371110900534,-0.3113425925925926,__nan__,__nan__,__nan__,0.46418870706576526
593,SENEB,Seneca Foods Corp. Class B Common Stock,"Seneca Foods Corporation provides packaged fruits and vegetables in the United States and internationally. The company offers canned, frozen, and bottled produce; jarred fruit; and snack chips and other food products under the private label, as well as under various national and regional brands that the company owns or licenses, including Seneca, Libby's, Aunt Nellie's, Cherryman, Green Valley, and READ. It also packs canned and frozen vegetables under contract packing agreements. In addition, the company engages in the sale of cans and ends, as well as trucking and aircraft operations. It provides its products to grocery outlets, including supermarkets, mass merchandisers, limited assortment stores, club stores, and dollar stores; and food service distributors, restaurant chains, industrial markets, other food packagers, and export customers in 90 countries, as well as federal, state, and local governments for school and other feeding programs. The company was incorporated in 1949 and is headquartered in Marion, New York.",Paul L. Palmby,Packaged Foods,151.0,USD,1036688990,https://images.financialmodelingprep.com/symbol/SENEB.png,167,1980-03-17,11.64,2.97,34.12293,133471000,41224000,"[{'period': '2025', 'revenue': 1580.0, 'unit': 'M', 'net_profit': 41.22}, {'period': '2024', 'revenue': 1460.0, 'unit': 'M', 'net_profit': 63.32}, {'period': '2023', 'revenue': 1510.0, 'unit': 'M', 'net_profit': 9.23}, {'period': '2022', 'revenue': 1390.0, 'unit': 'M', 'net_profit': 46.2}]","[{'period': ""Q3 '26"", 'revenue': 508.35, 'unit': 'M', 'net_profit': 44.77}, {'period': ""Q2 '26"", 'revenue': 460.02, 'unit': 'M', 'net_profit': 29.74}, {'period': ""Q1 '26"", 'revenue': 297.46, 'unit': 'M', 'net_profit': 14.88}, {'period': ""Q4 '25"", 'revenue': 345840.0, 'unit': 'K', 'net_profit': 601.0}, {'period': ""Q3 '25"", 'revenue': 502.86, 'unit': 'M', 'net_profit': 14.66}, {'period': ""Q2 '25"", 'revenue': 425.46, 'unit': 'M', 'net_profit': 13.3}]",5.95,5.9,1181429000,755654000,42685000,548406000,97002000,0,214558000,42685000,298250000,-0.1719955830169483,-0.3489371110900534,-0.3113425925925926,"[0.8, 0.8]","['1980-10-28', '1980-04-25']",__nan__,0.46418870706576526
594,SESN,Sesen Bio Inc. Common Stock,"Sesen Bio, Inc., a late-stage clinical company, focuses on designing, engineering, developing, and commercializing targeted fusion protein therapeutics (TFPTs) for the treatment patients with cancer. Its lead product candidates include Vicineum, a locally-administered targeted fusion protein that is in Phase III clinical trials for the treatment of bacillus Calmette-Guérin (BCG)-unresponsive non-muscle invasive bladder cancer; to treat non-muscle invasive carcinoma in situ of the bladder in patients previously treated with BCG; and for the treatment of squamous cell carcinoma of the head and neck, as well as VB6-845d, a product candidate for use in the treatment of various types of an anti-epithelial cell adhesion molecule-positive solid tumors. Sesen Bio, Inc. has an agreement with Leiden University Medical Center to co-develop an imaging agent. The company was formerly known as Eleven Biotherapeutics, Inc. and changed its name to Sesen Bio, Inc. in May 2018. Sesen Bio, Inc. was incorporated in 2008 and is headquartered in Cambridge, Massachusetts.",Thomas R. Cannell D.V.M.,Biotechnology,0.6288,USD,127955770,https://images.financialmodelingprep.com/symbol/SESN.png,1236121,2014-02-06,-6.288,0.0427,1782290,0,-60477000,"[{'period': '2024', 'revenue': 0.0, 'unit': 'M', 'net_profit': -60.48}, {'period': '2022', 'revenue': 40.0, 'unit': 'M', 'net_profit': -19.88}, {'period': '2021', 'revenue': 26540.0, 'unit': 'K', 'net_profit': -336.0}, {'period': '2020', 'revenue': 11.24, 'unit': 'M', 'net_profit': -22.4}]","[{'period': ""Q3 '25"", 'revenue': 0.0, 'unit': 'M', 'net_profit': 44.72}, {'period': ""Q2 '25"", 'revenue': 0.0, 'unit': 'M', 'net_profit': -9.77}, {'period': ""Q1 '25"", 'revenue': 0.0, 'unit': 'M', 'net_profit': -9.27}, {'period': ""Q4 '24"", 'revenue': -10.63, 'unit': 'M', 'net_profit': 5.44}, {'period': ""Q3 '24"", 'revenue': 3.38, 'unit': 'M', 'net_profit': -12.7}, {'period': ""Q2 '24"", 'revenue': 9.2, 'unit': 'M', 'net_profit': -11.16}]",-1.46,-1.46,30458000,23825000,17909000,58367000,0,0,16055000,17909000,-60040000,0,0,0,"[0.018, 0.018]","['2023-03-06', '2023-03-06']",__nan__,1.9163109856195417
595,SFBC,Sound Financial Bancorp Inc. Common Stock,"Sound Financial Bancorp, Inc. operates as the bank holding company for Sound Community Bank that provides banking and other financial services for consumers and businesses. It accepts various deposits products comprising savings, money market deposit, NOW, and demand accounts, as well as certificates of deposit. The company also offers loans secured by first and second mortgages on one-to four-family residences; home equity loans, including fixed-rate loans and variable-rate lines of credit; commercial and multifamily real estate loans; construction loans secured by single-family residences, and commercial and multifamily real estate; land loans; commercial business loans to finance commercial vehicles and equipment, as well as loans secured by accounts receivable and/or inventory; and secured and unsecured consumer loans, such as new and used manufactured homes, floating homes, automobiles, boats, and recreational vehicle loans, and loans secured by deposit accounts. It operates eight branch offices, including four branches in Seattle Metropolitan Statistical Area, three branches in Clallam County, and one branch in Jefferson County; and a loan production office in the Madison Park neighborhood of Seattle. The company was founded in 1953 and is headquartered in Seattle, Washington.",Laura Lee Stewart,Banks - Regional,43.32,USD,111162152,https://images.financialmodelingprep.com/symbol/SFBC.png,6349,2008-01-09,15.64,-0.565,4023,8672000,7158000,"[{'period': '2025', 'revenue': 61.62, 'unit': 'M', 'net_profit': 7.16}, {'period': '2024', 'revenue': 62.06, 'unit': 'M', 'net_profit': 4.64}, {'period': '2023', 'revenue': 55.6, 'unit': 'M', 'net_profit': 7.44}, {'period': '2022', 'revenue': 44.38, 'unit': 'M', 'net_profit': 8.8}]","[{'period': ""Q4 '25"", 'revenue': 15.27, 'unit': 'M', 'net_profit': 2.25}, {'period': ""Q3 '25"", 'revenue': 15.53, 'unit': 'M', 'net_profit': 1.7}, {'period': ""Q2 '25"", 'revenue': 16.03, 'unit': 'M', 'net_profit': 2.05}, {'period': ""Q1 '25"", 'revenue': 14.8, 'unit': 'M', 'net_profit': 1.17}, {'period': ""Q4 '24"", 'revenue': 15.92, 'unit': 'M', 'net_profit': 1.92}, {'period': ""Q3 '24"", 'revenue': 16.07, 'unit': 'M', 'net_profit': 1.15}]",2.8,2.78,1092173000,149923000,146152000,982774000,3771000,908465000,3671000,138453000,6991000,0.20027681660899654,0.5426724137931035,0.5469613259668507,"[0.21, 0.04]","['2026-02-09', '2008-07-23']",__nan__,0.8998336344150606
596,SFBS,ServisFirst Bancshares Inc. Common Stock,"ServisFirst Bancshares, Inc. operates as the bank holding company for ServisFirst Bank that provides various banking services to individual and corporate customers. It accepts demand, time, savings, and other deposits; checking, money market, and IRA accounts; and certificates of deposit. The company's loan products include commercial lending products, such as seasonal, bridge, and term loans for working capital, expansion of the business, acquisition of property, and plant and equipment, as well as commercial lines of credit; commercial real estate loans, construction and development loans, and residential real estate loans; and consumer loans, such as home equity loans, vehicle financing, loans secured by deposits, and secured and unsecured personal loans. It also offers other banking products and services comprising telephone and mobile banking, direct deposit, Internet banking, traveler's checks, safe deposit boxes, attorney trust accounts, automatic account transfers, automated teller machines, and debit card systems, as well as Visa credit cards; treasury and cash management services; wire transfer, night depository, banking-by-mail, and remote capture services; and correspondent banking services to other financial institutions. In addition, the company holds and manages participations in residential mortgages and commercial real estate loans originated by ServisFirst Bank in Alabama, Florida, Georgia, and Tennessee. It operates 23 full-service banking offices located in Alabama, Florida, Georgia, South Carolina, and Tennessee, as well as 2 loan production offices in Florida. The company was founded in 2005 and is headquartered in Birmingham, Alabama.",Thomas Ashford Broughton,Banks - Regional,72.53,USD,3963075465,https://images.financialmodelingprep.com/symbol/SFBS.png,331505,2014-05-14,14.33,-0.85,133606,342130000,276603000,"[{'period': '2025', 'revenue': 1020.0, 'unit': 'M', 'net_profit': 276.6}, {'period': '2024', 'revenue': 977.12, 'unit': 'M', 'net_profit': 227.24}, {'period': '2023', 'revenue': 828.82, 'unit': 'M', 'net_profit': 206.85}, {'period': '2022', 'revenue': 580.46, 'unit': 'M', 'net_profit': 251.5}]","[{'period': ""Q4 '25"", 'revenue': 267.07, 'unit': 'M', 'net_profit': 86.38}, {'period': ""Q3 '25"", 'revenue': 254.14, 'unit': 'M', 'net_profit': 65.57}, {'period': ""Q2 '25"", 'revenue': 247.06, 'unit': 'M', 'net_profit': 61.42}, {'period': ""Q1 '25"", 'revenue': 249.37, 'unit': 'M', 'net_profit': 63.22}, {'period': ""Q4 '24"", 'revenue': 248.64, 'unit': 'M', 'net_profit': 65.17}, {'period': ""Q3 '24"", 'revenue': 256.53, 'unit': 'M', 'net_profit': 59.91}]",5.06,5.06,17727190000,1163952000,1163952000,15876843000,61956000,14197049000,4155899999,95127000,349265000,0.20567225928314428,0.21721776784221228,0.21634615384615372,"[0.38, 0.15]","['2026-04-01', '2014-07-03']",__nan__,0.8956209641798841
597,SFET,Safe-T Group Ltd. American Depositary Share,"Safe-T Group Ltd. provides cybersecurity and privacy solutions to consumers and enterprises in Israel, the United States, Hong Kong, the Asia Pacific, and internationally. Its cybersecurity solutions comprise iShield, a cybersecurity cloud software that protects users from online threats, including phishing, malware, ransomware and others; AdBlocker, an iOS application for an ad-free internet experience; ZoneZero SDP, a solution based on software defined perimeter and zero trust network access concepts that grant access to applications on a need-to-know basis only; ZoneZero MFA, a solution designed to add centralized multi-factor authentication capabilities for various types of internal applications; and SDE, which is designed to unify various data exchange scenarios of an organization. The company also provides Proxy solutions consisting of static and dynamic residential proxy network cloud services, data center proxy network cloud services, and data collection API cloud services; Proxy-in-a-Box, an on-premise solution of private proxy access network for customers who wish to deploy and maintain their own proxy network; and Premium dedicated static residential proxies, a solution that creates a dedicated static IP for each user. It offers its products through resellers, distributors, and internet service providers. The company serves finance, healthcare, and retail sectors; and government agencies, commercial and online companies, and educational institutions. Safe-T Group Ltd. was founded in 2013 and is headquartered in Herzliya, Israel.",Shachar Daniel,Software - Infrastructure,2.86,USD,0,https://images.financialmodelingprep.com/symbol/SFET.png,43233,2017-08-02,0.0,0.06,112056,-11950000,-13532000,"[{'period': '2022', 'revenue': 18.78, 'unit': 'M', 'net_profit': -13.53}, {'period': '2021', 'revenue': 10.28, 'unit': 'M', 'net_profit': -13.12}, {'period': '2020', 'revenue': 4.89, 'unit': 'M', 'net_profit': -7.84}, {'period': '2019', 'revenue': 3.28, 'unit': 'M', 'net_profit': -13.0}]","[{'period': ""Q4 '22"", 'revenue': 5.81, 'unit': 'M', 'net_profit': -4.23}, {'period': ""Q3 '22"", 'revenue': 4.81, 'unit': 'M', 'net_profit': -2.37}, {'period': ""Q2 '22"", 'revenue': 4.78, 'unit': 'M', 'net_profit': -3.16}, {'period': ""Q4 '21"", 'revenue': 3.69, 'unit': 'M', 'net_profit': -6.68}, {'period': ""Q3 '21"", 'revenue': 3.38, 'unit': 'M', 'net_profit': -3.72}, {'period': ""Q2 '21"", 'revenue': 1.78, 'unit': 'M', 'net_profit': -2.37}]",-0.43,-0.43,22371000,3290000,3290000,9060000,0,0,2427000,3290000,-8100000,0.01759289707333114,-0.03100952380952381,0.9111570247933884,"[0.0001, 0.0001]","['2018-06-05', '2018-06-05']",__nan__,0.40498860131420145
598,SFIX,Stitch Fix Inc. Class A Common Stock,"Stitch Fix, Inc. sells a range of apparel, shoes, and accessories through its Website and mobile application in the United States. It offers denim, dresses, blouses, skirts, shoes, jewelry, and handbags for men, women, and kids under the Stitch Fix brand. The company was formerly known as rack habit inc. and changed its name to Stitch Fix, Inc. in October 2011. Stitch Fix, Inc. was incorporated in 2011 and is headquartered in San Francisco, California.",Matthew H. Baer,Apparel - Retail,3.33,USD,454619998,https://images.financialmodelingprep.com/symbol/SFIX.png,2182233,2017-11-17,-17.53,-0.1,3224520,-1899000,-28739000,"[{'period': '2025', 'revenue': 1270.0, 'unit': 'M', 'net_profit': -28.74}, {'period': '2024', 'revenue': 1340.0, 'unit': 'M', 'net_profit': -128.84}, {'period': '2023', 'revenue': 1590.0, 'unit': 'M', 'net_profit': -171.97}, {'period': '2022', 'revenue': 2020.0, 'unit': 'M', 'net_profit': -207.12}]","[{'period': ""Q2 '26"", 'revenue': 341.3, 'unit': 'M', 'net_profit': -2.65}, {'period': ""Q1 '26"", 'revenue': 342.13, 'unit': 'M', 'net_profit': -6.36}, {'period': ""Q4 '25"", 'revenue': 311.23, 'unit': 'M', 'net_profit': -8.58}, {'period': ""Q3 '25"", 'revenue': 325.02, 'unit': 'M', 'net_profit': -7.38}, {'period': ""Q2 '25"", 'revenue': 312.11, 'unit': 'M', 'net_profit': -6.53}, {'period': ""Q1 '25"", 'revenue': 318.82, 'unit': 'M', 'net_profit': -6.26}]",-0.22,-0.22,480622000,373872000,234853000,277644000,1100000,7894000,206227000,113952000,9282000,0.9786480469540579,0.7769403911828625,0.7943925233644861,__nan__,__nan__,__nan__,0.5776764276291971
599,SFM,Sprouts Farmers Market Inc. Common Stock,"Sprouts Farmers Market, Inc. offers fresh, natural, and organic food products in the United States. The company offers perishable product categories, including fresh produce, meat, seafood, deli, bakery, floral and dairy, and dairy alternatives; and non-perishable product categories, such as grocery, vitamins and supplements, bulk items, frozen foods, beer and wine, and natural health and body care. As of January 2, 2022, it operated 374 stores in 23 states. Sprouts Farmers Market, Inc. was founded in 2002 and is headquartered in Phoenix, Arizona.",Jack L. Sinclair,Grocery Stores,77.4,USD,7536394733,https://images.financialmodelingprep.com/symbol/SFM.png,2944222,2013-08-01,14.58,0.13,1755997,995764000,523670000,"[{'period': '2025', 'revenue': 8810.0, 'unit': 'M', 'net_profit': 523.67}, {'period': '2024', 'revenue': 7720.0, 'unit': 'M', 'net_profit': 380.6}, {'period': '2023', 'revenue': 6840.0, 'unit': 'M', 'net_profit': 258.86}, {'period': '2022', 'revenue': 6400.0, 'unit': 'M', 'net_profit': 261.16}]","[{'period': ""Q4 '25"", 'revenue': 2150.0, 'unit': 'M', 'net_profit': 89.83}, {'period': ""Q3 '25"", 'revenue': 2200.0, 'unit': 'M', 'net_profit': 120.12}, {'period': ""Q2 '25"", 'revenue': 2220.0, 'unit': 'M', 'net_profit': 133.7}, {'period': ""Q1 '25"", 'revenue': 2240.0, 'unit': 'M', 'net_profit': 180.03}, {'period': ""Q4 '24"", 'revenue': 2000.0, 'unit': 'M', 'net_profit': 79.6}, {'period': ""Q3 '24"", 'revenue': 1950.0, 'unit': 'M', 'net_profit': 91.61}]",5.36,5.31,4158649000,809904000,257282000,2755575000,65221000,0,870803000,257282000,467731000,0.5436598058806295,0.37590284838978355,0.4142480211081795,__nan__,__nan__,__nan__,0.6626130264900933
600,SFNC,Simmons First National Corporation Class A Common Stock,"Simmons First National Corporation operates as the holding company for Simmons Bank that provides banking and other financial products and services to individuals and businesses. It offers checking, savings, and time deposits; consumer, real estate, and commercial loans; agricultural finance, equipment, and small business administration lending; trust and fiduciary services; credit cards; investment management products; insurance products; and securities and investment services. The company also provides ATM services; Internet and mobile banking platforms; overdraft facilities; and safe deposit boxes. As of January 27, 2022, the company operated through 199 financial centers in Arkansas, Missouri, Tennessee, Texas, Oklahoma, and Kansas. Simmons First National Corporation was founded in 1903 and is headquartered in Pine Bluff, Arkansas.",James Brogdon,Banks - Regional,18.96,USD,2746694360,https://images.financialmodelingprep.com/symbol/SFNC.png,1183344,1985-03-14,-6.41,-0.44,1224365,-474966000,-397553000,"[{'period': '2025', 'revenue': 626.8, 'unit': 'M', 'net_profit': -397.55}, {'period': '2024', 'revenue': 1450.0, 'unit': 'M', 'net_profit': 152.69}, {'period': '2023', 'revenue': 1340.0, 'unit': 'M', 'net_profit': 175.06}, {'period': '2022', 'revenue': 1020.0, 'unit': 'M', 'net_profit': 256.41}]","[{'period': ""Q4 '25"", 'revenue': 358.81, 'unit': 'M', 'net_profit': 78.08}, {'period': ""Q3 '25"", 'revenue': -445.98, 'unit': 'M', 'net_profit': -562.79}, {'period': ""Q2 '25"", 'revenue': 354.19, 'unit': 'M', 'net_profit': 54.77}, {'period': ""Q1 '25"", 'revenue': 350.96, 'unit': 'M', 'net_profit': 32.39}, {'period': ""Q4 '24"", 'revenue': 366.4, 'unit': 'M', 'net_profit': 48.32}, {'period': ""Q3 '24"", 'revenue': 348.22, 'unit': 'M', 'net_profit': 24.74}]",-2.78,-2.95,24540877000,3750722000,3646660000,21121637000,104062000,0,4351594000,380439000,423047000,-3.18451504893664,-3.6036098576883027,-3.278688524590164,"[0.215, 5.76]","['2026-03-13', '1985-03-21']",__nan__,0.8606716459236563
601,SFST,Southern First Bancshares Inc. Common Stock,"Southern First Bancshares, Inc. operates as the bank holding company for Southern First Bank that provides various banking products and services to general public in South Carolina, North Carolina, and Georgia. It operates through three segments: Commercial and Retail Banking, Mortgage Banking, and Corporate Operations. The company accepts various deposit products that include checking accounts, commercial checking accounts, and savings accounts, as well as other time deposits, including daily money market accounts and long-term certificates of deposit. Its loan portfolio comprises commercial real estate loans; construction real estate loans; commercial business loans for various lines of businesses, such as the manufacturing, service industry, and professional service areas; consumer real estate and home equity loans; and other consumer loans, including secured and unsecured installment loans and revolving lines of credit. In addition, the company provides other bank services, such as internet banking, cash management, safe deposit boxes, direct deposit, automatic drafts, bill payment, and mobile banking services. It operates through eight retail offices located in Greenville, Charleston, and Columbia; three retail offices located in Raleigh, Greensboro, and Charlotte markets; and one retail office located in Atlanta. The company was incorporated in 1999 and is headquartered in Greenville, South Carolina.",R. Arthur Seaver Jr.,Banks - Regional,53.48,USD,440204469,https://images.financialmodelingprep.com/symbol/SFST.png,65130,1999-10-28,14.38,-0.37,41440,44342000,30366000,"[{'period': '2025', 'revenue': 224.62, 'unit': 'M', 'net_profit': 30.37}, {'period': '2024', 'revenue': 213.32, 'unit': 'M', 'net_profit': 15.53}, {'period': '2023', 'revenue': 187.46, 'unit': 'M', 'net_profit': 13.43}, {'period': '2022', 'revenue': 127.64, 'unit': 'M', 'net_profit': 29.11}]","[{'period': ""Q4 '25"", 'revenue': 57.62, 'unit': 'M', 'net_profit': 9.86}, {'period': ""Q3 '25"", 'revenue': 58.59, 'unit': 'M', 'net_profit': 8.66}, {'period': ""Q2 '25"", 'revenue': 55.65, 'unit': 'M', 'net_profit': 6.58}, {'period': ""Q1 '25"", 'revenue': 52.76, 'unit': 'M', 'net_profit': 5.27}, {'period': ""Q4 '24"", 'revenue': 53.88, 'unit': 'M', 'net_profit': 5.63}, {'period': ""Q3 '24"", 'revenue': 54.35, 'unit': 'M', 'net_profit': 4.38}]",3.77,3.75,4403494000,155551000,155551000,4034837000,11800000,3947647000,3716803000,27821000,29876000,0.7936251112369549,0.9553122987765615,0.9635416666666667,__nan__,__nan__,__nan__,0.916280798838377
602,SFT,Shift Technologies Inc. Class A Common Stock,"Shift Technologies, Inc., together with its subsidiaries, provides an ecommerce platform for buying and selling used cars. The company operates in two segments, Retail and Wholesale. It engages in the retail sale of used vehicles through its platform that enables mobile digital transaction, such as at-home car searching, scheduling an on-demand test drive, and purchasing at home or at the preferred site of a test drive, as well as provides financing and services. The company also provides value-added products, such as vehicle service contracts, guaranteed asset protection waiver coverage, wheel and tire coverage, prepaid maintenance plans, and appearance protection plans. In addition, it is involved in the sale of used vehicles through wholesale auctions or directly to a wholesaler. The company was incorporated in 2013 and is headquartered in San Francisco, California.",Ayman Moussa,Auto - Dealerships,0.1703,USD,2887436,https://images.financialmodelingprep.com/symbol/SFT.png,173143750,2019-06-04,-0.018097768331562167,0.0,173143750,-100163000,-172042000,"[{'period': '2022', 'revenue': 670.75, 'unit': 'M', 'net_profit': -172.04}, {'period': '2021', 'revenue': 636.87, 'unit': 'M', 'net_profit': -166.27}, {'period': '2020', 'revenue': 195.72, 'unit': 'M', 'net_profit': -66.79}, {'period': '2019', 'revenue': 166.24, 'unit': 'M', 'net_profit': -84.27}]","[{'period': ""Q2 '23"", 'revenue': 47.26, 'unit': 'M', 'net_profit': -25.78}, {'period': ""Q1 '23"", 'revenue': 57.69, 'unit': 'M', 'net_profit': -48.1}, {'period': ""Q4 '22"", 'revenue': 65.57, 'unit': 'M', 'net_profit': 13.01}, {'period': ""Q3 '22"", 'revenue': 161.87, 'unit': 'M', 'net_profit': -75.81}, {'period': ""Q2 '22"", 'revenue': 223.73, 'unit': 'M', 'net_profit': -52.2}, {'period': ""Q1 '22"", 'revenue': 219.58, 'unit': 'M', 'net_profit': -57.05}]",-19.91,-19.91,248018000,178421000,97423000,307804000,4558000,707000,95356000,96159000,-125449000,0.33976019564028026,-0.03472706714460991,0.06481916392672611,__nan__,__nan__,__nan__,1.2410550847115935
603,SGA,Saga Communications Inc. Class A Common Stock (FL),"Saga Communications, Inc., a broadcast company, acquires, develops, and operates broadcast properties in the United States. The company's radio stations employ various programming formats, including classic hits, adult hits, top 40, country, country legends, mainstream/hot/soft adult contemporary, pure oldies, classic rock, and news/talk. As of February 28, 2022, it owned seventy-nine FM, thirty- four AM radio stations, and seventy-nine metro signals serving twenty-seven markets. The company was founded in 1986 and is headquartered in Grosse Pointe Farms, Michigan.",Christopher S. Forgy,Broadcasting,11.9685,USD,77076183,https://images.financialmodelingprep.com/symbol/SGA.png,10316,1993-03-02,-9.81,-0.0315,5971,3009000,-7899000,"[{'period': '2025', 'revenue': 107.11, 'unit': 'M', 'net_profit': -7.9}, {'period': '2024', 'revenue': 112.92, 'unit': 'M', 'net_profit': 3.46}, {'period': '2023', 'revenue': 112.77, 'unit': 'M', 'net_profit': 9.5}, {'period': '2022', 'revenue': 114.89, 'unit': 'M', 'net_profit': 9.2}]","[{'period': ""Q4 '25"", 'revenue': 26.5, 'unit': 'M', 'net_profit': -6.92}, {'period': ""Q3 '25"", 'revenue': 28170.0, 'unit': 'K', 'net_profit': -532.0}, {'period': ""Q2 '25"", 'revenue': 28.23, 'unit': 'M', 'net_profit': 1.13}, {'period': ""Q1 '25"", 'revenue': 24.21, 'unit': 'M', 'net_profit': -1.57}, {'period': ""Q4 '24"", 'revenue': 31.39, 'unit': 'M', 'net_profit': 1.27}, {'period': ""Q3 '24"", 'revenue': 28.12, 'unit': 'M', 'net_profit': 1.27}]",-1.28,-1.28,201322000,0,0,0,0,0,0,0,2423000,-0.7050289187334575,-3.2829479768786127,-3.327272727272727,"[0.25, 1.65]","['2026-02-26', '2012-11-13']",__nan__,0.0
604,SGAM,Seaport Global Acquisition Corp. Class A Common Stock,,,,,,,,,,,,,-184669,-184669,"[{'period': '2020', 'revenue': 0.0, 'unit': 'K', 'net_profit': -184.67}]","[{'period': ""Q2 '21"", 'revenue': 0.0, 'unit': 'M', 'net_profit': -3.82}, {'period': ""Q4 '20"", 'revenue': 0.0, 'unit': 'K', 'net_profit': -184.67}]",-0.0103,-0.0103,146451301,1257099,948584,5160094,0,0,128844,948584,,0,0,0,__nan__,__nan__,__nan__,0.03523419706595846
605,SGAMU,Seaport Global Acquisition Corp. Unit,"Seaport Global Acquisition Corp. focuses on effectuating a merger, capital stock exchange, asset acquisition, stock purchase, reorganization, or other similar business combination with one or more businesses. The company was founded in 2020 and is based in New York, New York.",Stephen C. Smith,Shell Companies,0.0,USD,0,https://images.financialmodelingprep.com/symbol/SGAMU.png,3631,2020-11-25,0.0,0.0,7511,-11652000,6762000,"[{'period': '2022', 'revenue': 0.0, 'unit': 'M', 'net_profit': 6.76}, {'period': '2021', 'revenue': 0.0, 'unit': 'K', 'net_profit': 7.93}]","[{'period': ""Q3 '23"", 'revenue': 0.0, 'unit': 'K', 'net_profit': -396.0}, {'period': ""Q2 '23"", 'revenue': 0.0, 'unit': 'M', 'net_profit': -2.65}, {'period': ""Q1 '23"", 'revenue': 0.0, 'unit': 'K', 'net_profit': -553.0}, {'period': ""Q4 '22"", 'revenue': 0.0, 'unit': 'M', 'net_profit': 2.71}, {'period': ""Q3 '22"", 'revenue': 0.0, 'unit': 'M', 'net_profit': 1.8}, {'period': ""Q2 '22"", 'revenue': 0.0, 'unit': 'K', 'net_profit': 70.23}]",0.38,0.38,148107770,468204,292717,6333923,0,0,1007620,292717,-1076690,-1406.3298327932484,851.2157988861455,344.45454545454544,__nan__,__nan__,__nan__,0.042765636131041604
606,SGAMW,Seaport Global Acquisition Corp. Warrant,,,,,,,,,,,,,-185000,-185000,"[{'period': '2020', 'revenue': 0.0, 'unit': 'K', 'net_profit': -185.0}]","[{'period': ""Q2 '21"", 'revenue': 0.0, 'unit': 'M', 'net_profit': -3.82}, {'period': ""Q1 '21"", 'revenue': 0.0, 'unit': 'M', 'net_profit': 5.13}, {'period': ""Q4 '20"", 'revenue': 0.0, 'unit': 'K', 'net_profit': -185.0}]",-0.05,-0.05,146451301,1257099,948584,5160094,0,0,128844,948584,-371042,0,0,0,__nan__,__nan__,__nan__,0.03523419706595846
607,SGBX,SG Blocks Inc. Common Stock,"Safe & Green Holdings Corp. designs and modifies code-engineered cargo shipping containers and purpose-built modules for commercial, industrial, and residential building construction in the United States. The company redesigns, repurposes, and convert heavy-gauge steel cargo shipping containers into SGBlocks, which are green building blocks for construction. It serves architects, landowners, builders, and developers. The company was formerly known as SG Blocks, Inc and changes its name to Safe & Green Holdings Corp. in December 2022. The company was founded in 2007 and is headquartered in Miami, Florida.",Michael D. McLaren,Manufacturing - Metal Fabrication,1.06,USD,533682,https://images.financialmodelingprep.com/symbol/SGBX.png,6871847,2017-06-22,-0.004337507160978803,-0.03,165821,-15008000,-16980000,"[{'period': '2024', 'revenue': 4.98, 'unit': 'M', 'net_profit': -16.98}, {'period': '2023', 'revenue': 16.52, 'unit': 'M', 'net_profit': -26.28}, {'period': '2022', 'revenue': 24.39, 'unit': 'M', 'net_profit': -8.32}, {'period': '2021', 'revenue': 38.34, 'unit': 'M', 'net_profit': -10.83}]","[{'period': ""Q3 '25"", 'revenue': 1.05, 'unit': 'M', 'net_profit': -5.32}, {'period': ""Q2 '25"", 'revenue': 0.72135, 'unit': 'M', 'net_profit': -4.57}, {'period': ""Q1 '25"", 'revenue': 0.56635, 'unit': 'M', 'net_profit': -2.75}, {'period': ""Q4 '24"", 'revenue': 1.04, 'unit': 'M', 'net_profit': -6.62}, {'period': ""Q3 '24"", 'revenue': 1.75, 'unit': 'M', 'net_profit': -3.72}, {'period': ""Q2 '24"", 'revenue': 1.21, 'unit': 'M', 'net_profit': -4.68}]",-673.92,-673.92,6071524,1159952,375873,18531832,108015,738056,13810148,375873,-10989129,0.17243808573592162,0.35394354874395095,0.6905671466353217,__nan__,__nan__,__nan__,3.052253766929028
608,SGC,Superior Group of Companies Inc. Common Stock,"Superior Group of Companies, Inc. manufactures and sells apparel and accessories in the United States and internationally. It operates through three segments: Uniforms and Related Products, Remote Staffing Solutions, and Promotional Products. The Uniforms and Related Products segment manufactures and sells a range of uniforms, corporate identity apparel, career apparel, and accessories for personnel of hospitals and healthcare facilities; hotels; food and other restaurants; retail stores; special purpose industrial facilities; commercial markets; transportation; public and private safety and security organizations; and miscellaneous service uses. It also provides various products directly related to uniforms and service apparel; industrial laundry bags for linen suppliers and industrial launderers; personal protective equipment; and promotional and related products for branded marketing programs, corporate awards, incentives and recognition programs, event promotions, employee and consumer rewards and incentives, and specialty packaging and displays. This segment sells its products under the Fashion Seal Healthcare, HPI, and WonderWink brand names. The Remote Staffing Solutions segment provides multilingual telemarketing and business process outsourced solutions through the recruitment and employment of qualified English-speaking agents. The Promotional Products segment produces and sells promotional products and other branded merchandise under the BAMKO, Public Identity, Tangerine, Gifts by Design, and Sutter's Mill brands to corporate clients and universities. The company was formerly known as Superior Uniform Group, Inc. and changed its name to Superior Group of Companies, Inc. in May 2018. Superior Group of Companies, Inc. was founded in 1920 and is headquartered in Seminole, Florida.",Michael L. Benstock,Apparel - Manufacturers,9.98,USD,156735022,https://images.financialmodelingprep.com/symbol/SGC.png,45408,1992-03-17,21.7,-0.05,26002,25744000,7000000,"[{'period': '2025', 'revenue': 566.18, 'unit': 'M', 'net_profit': 7.0}, {'period': '2024', 'revenue': 565.68, 'unit': 'M', 'net_profit': 12.0}, {'period': '2023', 'revenue': 543.3, 'unit': 'M', 'net_profit': 8.77}, {'period': '2022', 'revenue': 578.83, 'unit': 'M', 'net_profit': -31.97}]","[{'period': ""Q4 '25"", 'revenue': 146.57, 'unit': 'M', 'net_profit': 3.46}, {'period': ""Q3 '25"", 'revenue': 138.47, 'unit': 'M', 'net_profit': 2.74}, {'period': ""Q2 '25"", 'revenue': 144.04, 'unit': 'M', 'net_profit': 1.55}, {'period': ""Q1 '25"", 'revenue': 137100.0, 'unit': 'K', 'net_profit': -758.0}, {'period': ""Q4 '24"", 'revenue': 145.41, 'unit': 'M', 'net_profit': 2.09}, {'period': ""Q3 '24"", 'revenue': 149.69, 'unit': 'M', 'net_profit': 5.4}]",0.47,0.46,421844000,287663000,23691000,229026000,153239000,0,107947000,23691000,15762000,-0.23917604988621924,-0.41686104631789406,-0.37333333333333335,"[0.14, 0.11]","['2026-02-13', '1987-02-26']",__nan__,0.5429163387413357
609,SGEN,Seagen Inc. Common Stock,"Seagen Inc., a biotechnology company, develops and commercializes therapies for the treatment of cancer in the United States and internationally. The company offers ADCETRIS, an antibody-drug conjugate (ADC) for the treatment of patients with Hodgkin lymphoma or CD30-positive T-cell lymphomas; PADCEV, an ADC targeting Nectin-4 for the treatment of advanced or metastatic urothelial cancer; and TUKYSA, an oral small molecule tyrosine kinase inhibitor for the treatment of adult patients with advanced unresectable or metastatic HER2-positive breast cancer. It also develops TIVDAK for metastatic cervical cancer and other solid tumors; Ladiratuzumab Vedotin, an ADC targeting LIV-1 for metastatic breast cancer and solid tumors; Disitamab Vedotin, a novel HER2-targeted ADC; and SEA-CD40, SEA-TGT, SEA-BCMA, and SEA-CD70 for various cancer diseases. Seagen Inc. has collaboration agreements with Takeda Pharmaceutical Company Limited; Agensys, Inc.; Genmab A/S; Merck; and RemeGen, Co. Ltd. The company was formerly known as Seattle Genetics, Inc. and changed its name to Seagen Inc. in October 2020. Seagen Inc. was incorporated in 1997 and is headquartered in Bothell, Washington.",David R. Epstein,Biotechnology,228.74,USD,43154776450,https://images.financialmodelingprep.com/symbol/SGEN.png,1634027,2001-03-09,-57.185,-0.16,19392808,-623625000,-610308000,"[{'period': '2022', 'revenue': 1960.0, 'unit': 'M', 'net_profit': -610.31}, {'period': '2021', 'revenue': 1570.0, 'unit': 'M', 'net_profit': -674.47}, {'period': '2020', 'revenue': 2180.0, 'unit': 'M', 'net_profit': 613.67}, {'period': '2019', 'revenue': 916.71, 'unit': 'M', 'net_profit': -63.24}]","[{'period': ""Q3 '23"", 'revenue': 648.65, 'unit': 'M', 'net_profit': -215.79}, {'period': ""Q2 '23"", 'revenue': 603.83, 'unit': 'M', 'net_profit': -211.53}, {'period': ""Q1 '23"", 'revenue': 519.72, 'unit': 'M', 'net_profit': -174.74}, {'period': ""Q4 '22"", 'revenue': 528.15, 'unit': 'M', 'net_profit': -148.17}, {'period': ""Q3 '22"", 'revenue': 510.3, 'unit': 'M', 'net_profit': -190.82}, {'period': ""Q2 '22"", 'revenue': 497.5, 'unit': 'M', 'net_profit': -134.83}]",-3.3,-3.3,3674532000,1735070000,1735070000,870713000,501912000,3854000,818404000,319940000,-531091000,0.09410421451263569,0.09513085069632349,0.1081081081081082,__nan__,__nan__,__nan__,0.23695888347141894
610,SGH,SMART Global Holdings Inc. Ordinary Shares,"SMART Global Holdings, Inc. designs and manufactures specialty solutions for the computing, memory, and LED markets in the United states, Brazil, China, Europe, and internationally. It operates through Memory Solutions, Intelligent Platforms Solutions, and LED Solutions segments. The company offers dynamic random access memory modules for desktops, notebooks, servers, and smartphones; embedded and removable flash memory products; and flash component products. It also provides supply chain services, including procurement, logistics, inventory management, temporary warehousing, programming, kitting, and packaging. In addition, the company offers Penguin Computing solutions to customers in financial services, energy, government, social media, and education end markets; Penguin Edge solutions to government, telecommunications, health care, smart city, network edge, and industrial applications; and hardware and software products, including solutions based on the Open Compute Project. Further, it provides servers, software, integrated turn-key clusters, enterprise-grade storage, and networking in hardware or cloud-based solutions through Penguin-On-Demand; Open Compute Tundra Extreme Scale products; turn-key storage solutions; and rackmount servers and GPU accelerated computing platforms. Additionally, the company's LED Solutions offers application-optimized LEDs for lighting, video screens, and specialty lighting applications under the CreeLED brand. It sells its products directly to original equipment manufacturers, enterprise, government and other end customers through direct sales force, e-commerce, customer service representatives, on-site field application engineers, independent sales representatives, distributors, integrators, and resellers. The company was formerly known as Saleen Holdings, Inc. and changed its name to SMART Global Holdings, Inc. in August 2014. SMART Global Holdings, Inc. was founded in 1988 and is headquartered in Newark, California.",Mark W. Adams,Semiconductors,20.85,USD,1103273580,https://images.financialmodelingprep.com/symbol/SGH.png,997013,2017-05-24,-24.529411764705884,0.09,665218,112422000,25391000,"[{'period': '2025', 'revenue': 1370.0, 'unit': 'M', 'net_profit': 25.39}, {'period': '2024', 'revenue': 1170.0, 'unit': 'M', 'net_profit': -52.47}, {'period': '2023', 'revenue': 1440.0, 'unit': 'M', 'net_profit': -187.53}, {'period': '2022', 'revenue': 1400.0, 'unit': 'M', 'net_profit': 66.56}]","[{'period': ""Q1 '26"", 'revenue': 343.07, 'unit': 'M', 'net_profit': 5.27}, {'period': ""Q4 '25"", 'revenue': 337.92, 'unit': 'M', 'net_profit': 9.43}, {'period': ""Q3 '25"", 'revenue': 324.25, 'unit': 'M', 'net_profit': 3.45}, {'period': ""Q2 '25"", 'revenue': 365.52, 'unit': 'M', 'net_profit': 8.08}, {'period': ""Q1 '25"", 'revenue': 341.1, 'unit': 'M', 'net_profit': 5.22}, {'period': ""Q4 '24"", 'revenue': 311.15, 'unit': 'M', 'net_profit': -24.55}]",0.28,0.28,1617200000,1064227000,453754000,1008973000,307904000,0,473899000,453754000,113183000,0.786546315572012,1.4838961731971336,1.2828282828282829,__nan__,__nan__,__nan__,0.6239011872372001
611,SGLB,Sigma Labs Inc. Common Stock,"Sigma Labs, Inc., a software company, provides in-process quality assurance software to the additive manufacturing industry. It offers PrintRite3D, an integrated hardware and software edge computing platform that combines inspection, feedback, data collection, and critical analysis. The company also provides PrintRite3D Direct Energy Deposition for metal parts and PrintRite3D Selective Laser Sintering, for polymer materials. It serves aerospace, defense, oil and gas, bio-medical, and power generation industries. The company was formerly known as Framewaves Inc. and changed its name to Sigma Labs, Inc. in September 2010. Sigma Labs, Inc. was incorporated in 1985 and is headquartered in Santa Fe, New Mexico.",John Rice,Information Technology Services,1.05,USD,11311335,https://images.financialmodelingprep.com/symbol/SGLB.png,54297,2002-05-17,-1.37434554973822,0.01999998,20116,-9975616,-10690417,"[{'period': '2025', 'revenue': 2.14, 'unit': 'M', 'net_profit': -10.69}, {'period': '2024', 'revenue': 0.50142, 'unit': 'T', 'net_profit': -10.12}, {'period': '2023', 'revenue': 0.45875, 'unit': 'T', 'net_profit': -7.33}, {'period': '2021', 'revenue': 1.65, 'unit': 'M', 'net_profit': -7.37}]","[{'period': ""Q4 '25"", 'revenue': 1.2, 'unit': 'M', 'net_profit': -3.28}, {'period': ""Q3 '25"", 'revenue': 0.75765, 'unit': 'M', 'net_profit': -2.9}, {'period': ""Q2 '25"", 'revenue': 0.13883, 'unit': 'M', 'net_profit': -4.46}, {'period': ""Q1 '25"", 'revenue': 43.68, 'unit': 'K', 'net_profit': -59.46}, {'period': ""Q4 '24"", 'revenue': 0.07464, 'unit': 'M', 'net_profit': -2.01}, {'period': ""Q3 '24"", 'revenue': 0.1545, 'unit': 'M', 'net_profit': -1.53}]",-1.44,-1.44,14424933,4301271,2427299,8149753,372438,2415000,5051395,2427299,-1619492,0.9999989404766254,0.999998943643452,0.3542600896860987,__nan__,__nan__,__nan__,0.5649768355943143
612,SGLBW,Sigma Labs Inc. Warrant,,None,Travel Services,0.0057,USD,0,https://images.financialmodelingprep.com/symbol/SGLBW.png,0,2019-11-04,0.0,-0.0043,95857,-9975616,-10690417,"[{'period': '2025', 'revenue': 2.14, 'unit': 'M', 'net_profit': -10.69}, {'period': '2024', 'revenue': 0.50142, 'unit': 'T', 'net_profit': -10.12}, {'period': '2023', 'revenue': 0.45875, 'unit': 'M', 'net_profit': -7.33}, {'period': '2022', 'revenue': 0.38283, 'unit': 'M', 'net_profit': -5.03}]","[{'period': ""Q4 '25"", 'revenue': 1.2, 'unit': 'M', 'net_profit': -3.28}, {'period': ""Q3 '25"", 'revenue': 0.75765, 'unit': 'M', 'net_profit': -2.9}, {'period': ""Q2 '25"", 'revenue': 0.13883, 'unit': 'M', 'net_profit': -4.46}, {'period': ""Q1 '25"", 'revenue': 43.68, 'unit': 'K', 'net_profit': -59.46}, {'period': ""Q4 '24"", 'revenue': 0.07464, 'unit': 'M', 'net_profit': -2.01}, {'period': ""Q3 '24"", 'revenue': 0.1545, 'unit': 'M', 'net_profit': -1.53}]",-1.44,-1.44,14424933,4301271,2427299,8149753,372438,2415000,5051395,2427299,-1482503,0.9999989404766254,0.999998943643452,0.3542600896860987,__nan__,__nan__,__nan__,0.5649768355943143
613,SGMA,SigmaTron International Inc. Common Stock,"SigmaTron International, Inc. operates as an independent provider of electronic manufacturing services (EMS). Its EMS services include printed circuit board assemblies and completely assembled (box-build) electronic products. The company also offers automatic and manual assembly and testing of products; material sourcing and procurement services; manufacturing and test engineering support services; design services; warehousing and distribution services; and assistance in obtaining product approval from governmental and other regulatory bodies. In addition, the company offers electronic and electromechanical manufacturing solutions. It primarily serves industrial electronics, consumer electronics, and medical/life sciences industries in the United States, Mexico, China, Vietnam, and Taiwan. The company markets its services through independent manufacturers' representative organizations. SigmaTron International, Inc. was incorporated in 1993 and is headquartered in Elk Grove Village, Illinois.",Gary R. Fairhead,"Hardware, Equipment & Parts",3.01,USD,18419063,https://images.financialmodelingprep.com/symbol/SGMA.png,430958,1994-02-09,-1.505,0.0,24614,1771662,-10254908,"[{'period': '2024', 'revenue': 304.72, 'unit': 'M', 'net_profit': -10.25}, {'period': '2023', 'revenue': 373.88, 'unit': 'M', 'net_profit': -2.49}, {'period': '2022', 'revenue': 414.44, 'unit': 'M', 'net_profit': 14.19}, {'period': '2021', 'revenue': 378.87, 'unit': 'M', 'net_profit': 9.86}]","[{'period': ""Q3 '24"", 'revenue': 71.07, 'unit': 'M', 'net_profit': 3.88}, {'period': ""Q2 '24"", 'revenue': 74.72, 'unit': 'M', 'net_profit': -9.47}, {'period': ""Q1 '24"", 'revenue': 84.78, 'unit': 'M', 'net_profit': -3.29}, {'period': ""Q4 '23"", 'revenue': 81.14, 'unit': 'M', 'net_profit': -3.38}, {'period': ""Q3 '23"", 'revenue': 95920.0, 'unit': 'K', 'net_profit': 599.01}, {'period': ""Q2 '23"", 'revenue': 98690.0, 'unit': 'K', 'net_profit': 28.26}]",-1.65,-1.65,0,0,0,11334781,0,0,126440531,0,18530322,-0.8722816188351058,-3.1248030595010694,-3.024390243902439,__nan__,__nan__,__nan__,__nan__
614,SGMO,Sangamo Therapeutics Inc. Common Stock,"Sangamo Therapeutics, Inc., a clinical-stage biotechnology company, focuses on translating science into genomic medicines that transform patients' lives using platform technologies in gene therapy, cell therapy, genome editing, and genome regulation. The company offers zinc finger protein (ZFP), a technology platform for making zinc finger nucleases, which are proteins used in modifying DNA sequences by adding or knocking out specific genes; and ZFP transcription factors proteins used in increasing or decreasing gene expression. It develops SB-525, which is in Phase III AFFINE clinical trial for the treatment of hemophilia A; ST-920, a gene therapy, which is in Phase I/II STAAR clinical trials for the treatment of Fabry disease; and SAR445136, a cell therapy, which is in Phase I/II PRECIZN-1 clinical trials for the treatment of sickle cell disease. The company also develops TX200, chimeric antigen receptor for the treatment of HLA-A2 mismatched kidney transplant rejection; KITE-037, a cell therapy for the treatment of cancer; ST-501 for the treatment of tauopathies; and ST-502 for the treatment of synucleinopathies, including Parkinson's disease and neuromuscular disease. It has collaborative and strategic partnerships with Biogen MA, Inc.; Kite Pharma, Inc.; Pfizer Inc.; Sanofi S.A.; Novartis Institutes for BioMedical Research, Inc.; Shire International GmbH; Dow AgroSciences LLC; Sigma-Aldrich Corporation; Genentech, Inc.; Open Monoclonal Technology, Inc.; F. Hoffmann-La Roche Ltd and Hoffmann-La Roche Inc.; and California Institute for Regenerative Medicine. The company was formerly known as Sangamo BioSciences, Inc. and changed its name to Sangamo Therapeutics, Inc. in January 2017. Sangamo Therapeutics, Inc. was incorporated in 1995 and is headquartered in Brisbane, California.",Alexander D. Macrae Ch.B,Biotechnology,0.3209,USD,119273646,https://images.financialmodelingprep.com/symbol/SGMO.png,6002047,2000-04-06,-0.71,-0.0232,6947862,-89087000,-97941000,"[{'period': '2024', 'revenue': 57.8, 'unit': 'M', 'net_profit': -97.94}, {'period': '2023', 'revenue': 176.23, 'unit': 'M', 'net_profit': -257.83}, {'period': '2022', 'revenue': 111.3, 'unit': 'M', 'net_profit': -192.28}, {'period': '2021', 'revenue': 110.7, 'unit': 'M', 'net_profit': -178.29}]","[{'period': ""Q3 '25"", 'revenue': 0.581, 'unit': 'M', 'net_profit': -34.93}, {'period': ""Q2 '25"", 'revenue': 18.31, 'unit': 'M', 'net_profit': -19.99}, {'period': ""Q1 '25"", 'revenue': 6.44, 'unit': 'M', 'net_profit': -30.6}, {'period': ""Q4 '24"", 'revenue': 7.55, 'unit': 'M', 'net_profit': -23.4}, {'period': ""Q3 '24"", 'revenue': 49.41, 'unit': 'M', 'net_profit': 10.67}, {'period': ""Q2 '24"", 'revenue': 0.356, 'unit': 'M', 'net_profit': -36.13}]",-0.49,-0.49,101635000,51691000,41918000,78865000,4598000,1500000,45805000,41918000,-67406000,0.0796797520661157,0.6201348945627174,0.668918918918919,__nan__,__nan__,__nan__,0.7759630048703695
615,SGMS,Scientific Games Corp Common Stock,"Scientific Games Corporation, doing business as Light & Wonder Inc., develops technology-based products and services, and related content for the gaming, lottery, social and digital gaming industries in the United States and internationally. The company's Gaming segment sells new and used gaming machines, electronic table systems, video lottery terminals, conversion game kits, and spare parts; table products, including shufflers; and perpetual licenses to proprietary table games. It also supplies game content, gaming machines; provides table game products and services to licensed gaming entities; and installs and supports casino management systems, such as ongoing hardware and software maintenance and upgrade services of customer casino management systems. The company's SciPlay segment develops and publishes digital games on mobile and web platforms. It sells virtual coins, chips, or bingo cards, which players can use to play slot games, table games, or bingo games. Its iGaming segment provides a suite of digital gaming content, including digital real-money gaming, distribution platforms, content, products, and services. This segment also offers the Open Platform System, which offers a range of reporting and administrative functions and tools providing operators control over various areas of digital gaming operations. The company also offers software design, development, licensing, maintenance, support services, and technology solutions. Majestic Corporation Limited was incorporated in 1984 and is based in Las Vegas, Nevada.",Michael Chambrello,"Gambling, Resorts & Casinos",58.07,USD,5284311930,https://images.financialmodelingprep.com/symbol/SGMS.png,811953,1984-08-23,30.708619777895294,1.3199997,515689,1085000000,276000000,"[{'period': '2025', 'revenue': 3310.0, 'unit': 'M', 'net_profit': 276.0}, {'period': '2024', 'revenue': 3190.0, 'unit': 'M', 'net_profit': 506.0}, {'period': '2021', 'revenue': 2150.0, 'unit': 'M', 'net_profit': 24.0}, {'period': '2020', 'revenue': 2720.0, 'unit': 'M', 'net_profit': -569.0}]","[{'period': ""Q4 '25"", 'revenue': 891.0, 'unit': 'M', 'net_profit': -15.0}, {'period': ""Q3 '25"", 'revenue': 841.0, 'unit': 'M', 'net_profit': 114.0}, {'period': ""Q2 '25"", 'revenue': 809.0, 'unit': 'M', 'net_profit': 95.0}, {'period': ""Q1 '25"", 'revenue': 774.0, 'unit': 'M', 'net_profit': 82.0}, {'period': ""Q4 '24"", 'revenue': 1500.0, 'unit': 'M', 'net_profit': 329.0}, {'period': ""Q3 '24"", 'revenue': 817.0, 'unit': 'M', 'net_profit': 98.0}]",3.32,3.26,6462000000,1283000000,167000000,6217000000,689000000,0,803000000,167000000,484000000,1.2188139059304703,-0.45454545454545453,-0.41652021089630936,__nan__,__nan__,__nan__,0.9620860414732281
616,SGOC,SGOCO Group Ltd Ordinary Shares (Cayman Islands),"SGOCO Group Ltd. is a holding company, which engages in environmental protection, energy saving technologies, equipment development and applications, money lending business in Hong Kong providing mortgage loans to high quality target borrowers and property investment to generate additional rental income. The company employs 8 full-time employees The firm is focused on developing its own-brands and distributing its branded products in the Chinese flat-panel display market. The firm's main products are liquid crystal display (LCD)/light emitting diode (LED) monitors, All-in-One (AIO) and Part-in-One (PIO) computers and other application-specific products. The firm's product lines include LCD/LED monitors with screen sizes of approximately 40 inches and application-specific LCD/LED display products, such as tablet personal computers (PCs) for commercial and consumer use, all-in-one e-reader notebooks, cell phone devices, mobile Internet devices, e-boards that integrate software and hardware functionalities, rotating screens, closed-circuit television (CCTV) monitors for security systems, billboard monitors for advertising and public notice systems, as well as touch screens for non-keyed entries. The company offers LCD/LED products under various brands, such as SGOCO, No. 10 and POVIZON.",Shi-bin Xie,Manufacturing - Miscellaneous,6.2,USD,629907600,https://images.financialmodelingprep.com/symbol/SGOC.png,2198203,2000-10-20,0.0,-0.01999998,129186,-62408000,-67918000,"[{'period': '2020', 'revenue': 4.29, 'unit': 'M', 'net_profit': -67.92}, {'period': '2019', 'revenue': 5.53, 'unit': 'M', 'net_profit': -19.4}, {'period': '2018', 'revenue': 1.58, 'unit': 'M', 'net_profit': -12.37}, {'period': '2017', 'revenue': 0.051000000000000004, 'unit': 'M', 'net_profit': -11.21}]","[{'period': ""Q2 '20"", 'revenue': 2.53, 'unit': 'M', 'net_profit': -1.95}, {'period': ""Q4 '19"", 'revenue': 2.76, 'unit': 'M', 'net_profit': -18.44}, {'period': ""Q2 '19"", 'revenue': 2770.0, 'unit': 'K', 'net_profit': -959.0}, {'period': ""Q4 '18"", 'revenue': 1.3, 'unit': 'M', 'net_profit': -11.24}, {'period': ""Q2 '18"", 'revenue': 0.276, 'unit': 'M', 'net_profit': -1.13}, {'period': ""Q4 '17"", 'revenue': 0.034, 'unit': 'M', 'net_profit': -8.78}]",-0.86,-0.86,90130000,25650000,3028000,19503000,22497000,0,7447000,3028000,21735000,-0.6441329890932083,-2.500566951860633,-2.5833333333333335,__nan__,__nan__,__nan__,0.21638744036391877
617,SGRP,SPAR Group Inc. Common Stock,"SPAR Group, Inc., together with its subsidiaries, provides merchandising and brand marketing services worldwide. The company offers syndicated and dedicated merchandising services at the retail store level for retailers, manufacturers, and distributors; and project services, such as new product launches, special seasonal or promotional merchandising, product support, product recalls, and in-store product demonstrations and in-store product sampling, as well as kiosk product replenishment, inventory control, new and existing store resets, re-merchandising, remodels and category implementations, and under annual or stand-alone project contracts or agreements. It also provides retailer specific services consisting of in-store services, including new store openings, new store sets and existing store resets and remodels, and under annual or stand-alone project contracts or agreements. In addition, the company assembles furniture, grills, and other products in stores, homes, and offices; performs ongoing routed coverage at retail locations; and offers in-home and in-office assembly to customers who purchase their product from retailers. Further, it provides staff and distribution center experienced resources to retailers and consumer goods manufacturers; offers retail compliance and price audit services initiated by retailers and manufacturers and focuses on validating store promotions, auditing compliance with branding and signage, verifying product placement and displays, collecting inventory levels, and out-of-stock status; and competitive price intelligence gathering for retailers, as well as ensuring price accuracy and consistency within the retail itself. The company serves grocery and drug, discount, dollar, convenience, cash and carry, home improvement, consumer electronics, automotive, and office supply stores; pharmacies; and mass merchandisers. SPAR Group, Inc. was founded in 1967 and is headquartered in Auburn Hills, Michigan.",William Linnane,Specialty Business Services,0.7,USD,16764994,https://images.financialmodelingprep.com/symbol/SGRP.png,39528,1996-03-01,-1.11,-0.0191,7004,1428000,-3891000,"[{'period': '2024', 'revenue': 43.4, 'unit': 'M', 'net_profit': -3.89}, {'period': '2023', 'revenue': 45920.0, 'unit': 'K', 'net_profit': 639.0}, {'period': '2022', 'revenue': 261269.99999999997, 'unit': 'K', 'net_profit': -732.0}, {'period': '2021', 'revenue': 255.72, 'unit': 'M', 'net_profit': -1.78}]","[{'period': ""Q3 '25"", 'revenue': 41.42, 'unit': 'M', 'net_profit': -8.76}, {'period': ""Q2 '25"", 'revenue': 38630.0, 'unit': 'K', 'net_profit': -1.0}, {'period': ""Q1 '25"", 'revenue': 34040.0, 'unit': 'K', 'net_profit': 462.0}, {'period': ""Q4 '24"", 'revenue': 33.04, 'unit': 'M', 'net_profit': -13.26}, {'period': ""Q3 '24"", 'revenue': 37790.0, 'unit': 'K', 'net_profit': -144.0}, {'period': ""Q2 '24"", 'revenue': 43.4, 'unit': 'M', 'net_profit': -3.89}]",-0.13,-0.13,56431000,45996000,18221000,32125000,24766000,0,30050000,18221000,-1804000,-0.6227212681638045,-7.089201877934272,-1.7647058823529413,__nan__,__nan__,__nan__,0.5692792968403891
618,SGRY,Surgery Partners Inc. Common Stock,"Surgery Partners, Inc., through its subsidiaries, owns and operates a network of surgical facilities and ancillary services in the United States. The company operates through two segments, Surgical Facility Services and Ancillary Services. Its surgical facilities comprise ambulatory surgery centers and surgical hospitals that offer non-emergency surgical procedures in various specialties, including gastroenterology, general surgery, ophthalmology, orthopedics, and pain management. The company's surgical hospitals also provide ancillary services, such as diagnostic imaging, pharmacy, laboratory, obstetrics, oncology, physical therapy, and wound care; and ancillary services, which consist of multi-specialty physician practices, urgent care facilities, and anesthesia services. As of December 31, 2021, it owned or operated a portfolio of 126 surgical facilities, including 108 ambulatory surgical centers and 18 surgical hospitals in 31 states. Surgery Partners, Inc. was founded in 2004 and is headquartered in Brentwood, Tennessee.",J. Eric Evans,Medical - Care Facilities,11.49,USD,1487033916,https://images.financialmodelingprep.com/symbol/SGRY.png,1678167,2015-09-30,-18.84,-0.36,750764,565500000,-77900000,"[{'period': '2025', 'revenue': 3310.0, 'unit': 'M', 'net_profit': -77.9}, {'period': '2024', 'revenue': 3110.0, 'unit': 'M', 'net_profit': -168.1}, {'period': '2023', 'revenue': 2740.0, 'unit': 'M', 'net_profit': -11.9}, {'period': '2022', 'revenue': 2540.0, 'unit': 'M', 'net_profit': -54.6}]","[{'period': ""Q4 '25"", 'revenue': 885.0, 'unit': 'M', 'net_profit': -15.0}, {'period': ""Q3 '25"", 'revenue': 821.5, 'unit': 'M', 'net_profit': -22.7}, {'period': ""Q2 '25"", 'revenue': 826.2, 'unit': 'M', 'net_profit': -2.5}, {'period': ""Q1 '25"", 'revenue': 776.0, 'unit': 'M', 'net_profit': -37.7}, {'period': ""Q4 '24"", 'revenue': 864.4, 'unit': 'M', 'net_profit': -108.5}, {'period': ""Q3 '24"", 'revenue': 770.4, 'unit': 'M', 'net_profit': -31.7}]",-0.61,-0.61,8242000000,1150700000,239900000,4715200000,602200000,234000000,615500000,239900000,195600000,0.1278420422816115,0.5365853658536586,0.5413533834586467,__nan__,__nan__,__nan__,0.5720941519048774
619,SGTX,Sigilon Therapeutics Inc. Common Stock,"Sigilon Therapeutics, Inc., a clinical stage biotechnology company, develops functional cures for patients with chronic diseases. Its lead product candidate is SIG-001, which is in Phase I/II clinical trial to prevent bleeding episodes in patients with moderate to severe Hemophilia A. The company is also developing SIG-005 to treat the non-neurological manifestations of mucopolysaccharidosis type 1; SIG-007 to provide continuous and prolonged release of functional enzyme at levels sufficient to produce clinical benefits and alleviate progression of the downstream aspects of Fabry disease; and SIG-002 to replace islet cells for the treatment of type 1 diabetes. Sigilon Therapeutics, Inc. has a research collaboration and license agreement with Eli Lilly and Company for the development and commercialization of SLTx product candidates for the treatment of Type 1 Diabetes. The company was formerly known as Sigilon, Inc. and changed its name to Sigilon Therapeutics, Inc. in June 2017. Sigilon Therapeutics, Inc. was incorporated in 2015 and is headquartered in Cambridge, Massachusetts.",Rogerio Vivaldi Coelho MBA,Biotechnology,22.47,USD,56217671,https://images.financialmodelingprep.com/symbol/SGTX.png,120683,2020-12-04,-1.5151719487525288,-0.59,81878,-38876000,-43456000,"[{'period': '2022', 'revenue': 12.94, 'unit': 'M', 'net_profit': -43.46}, {'period': '2021', 'revenue': 9.6, 'unit': 'M', 'net_profit': -78.24}, {'period': '2020', 'revenue': 13.37, 'unit': 'M', 'net_profit': -54.87}, {'period': '2019', 'revenue': 14.15, 'unit': 'M', 'net_profit': -44.57}]","[{'period': ""Q2 '23"", 'revenue': 5.9, 'unit': 'M', 'net_profit': -7.51}, {'period': ""Q1 '23"", 'revenue': 4.86, 'unit': 'M', 'net_profit': -7.51}, {'period': ""Q4 '22"", 'revenue': 2.64, 'unit': 'M', 'net_profit': -5.64}, {'period': ""Q3 '22"", 'revenue': 4.25, 'unit': 'M', 'net_profit': -8.92}, {'period': ""Q2 '22"", 'revenue': 2.88, 'unit': 'M', 'net_profit': -14.66}, {'period': ""Q1 '22"", 'revenue': 3.17, 'unit': 'M', 'net_profit': -13.86}]",-1.34,-1.34,87278000,74411000,69626000,48136000,3458000,0,30994000,42066000,-52011000,0.4817224370083989,0.44455237997852654,0.9580200501253133,__nan__,__nan__,__nan__,0.5515250120305232
620,SHAC,SCP & CO Healthcare Acquisition Company Class A Common Stock,"SCP & CO Healthcare Acquisition Company does not have significant business. The company focuses on effecting a merger, capital stock exchange, asset acquisition, stock purchase, reorganization, or similar business combination with one or more businesses. It intends to identify a prospective target business in the healthcare technology or healthcare-related platform in the United States and other developed countries. The company was incorporated in 2020 and is based in Tampa, Florida.",Scott N. Feuer,Shell Companies,10.0767,USD,0,https://images.financialmodelingprep.com/symbol/SHAC.png,61925,2021-03-15,29.63735294117647,0.0167,2682,8868000,19040000,"[{'period': '2021', 'revenue': 0.0, 'unit': 'M', 'net_profit': 19.04}]","[{'period': ""Q3 '22"", 'revenue': 0.0, 'unit': 'M', 'net_profit': 1.15}, {'period': ""Q2 '22"", 'revenue': 0.0, 'unit': 'M', 'net_profit': 2.3}, {'period': ""Q1 '22"", 'revenue': 0.0, 'unit': 'M', 'net_profit': 13.65}, {'period': ""Q4 '21"", 'revenue': 0.0, 'unit': 'K', 'net_profit': 664.87}, {'period': ""Q3 '21"", 'revenue': 0.0, 'unit': 'M', 'net_profit': 5.05}, {'period': ""Q2 '21"", 'revenue': 0.0, 'unit': 'M', 'net_profit': -6.17}]",0.7,0.7,232014326,1908041,1246209,19268305,0,0,425345,1246209,-1647982,0,0,0,__nan__,__nan__,__nan__,0.08304791058462485
621,SHACU,SCP & CO Healthcare Acquisition Company Unit,"SCP & CO Healthcare Acquisition Company does not have significant business. The company focuses on effecting a merger, capital stock exchange, asset acquisition, stock purchase, reorganization, or similar business combination with one or more businesses. It intends to identify a prospective target business in the healthcare technology or healthcare-related platform in the United States and other developed countries. The company was incorporated in 2020 and is based in Tampa, Florida.",Scott N. Feuer,Shell Companies,10.05,USD,0,https://images.financialmodelingprep.com/symbol/SHACU.png,6015,2021-01-22,52.34375,0.0,0,8868000,19040000,"[{'period': '2021', 'revenue': 0.0, 'unit': 'M', 'net_profit': 19.04}]","[{'period': ""Q3 '22"", 'revenue': 0.0, 'unit': 'M', 'net_profit': 1.15}, {'period': ""Q2 '22"", 'revenue': 0.0, 'unit': 'M', 'net_profit': 2.3}, {'period': ""Q1 '22"", 'revenue': 0.0, 'unit': 'M', 'net_profit': 13.65}, {'period': ""Q4 '21"", 'revenue': 0.0, 'unit': 'K', 'net_profit': 664.87}, {'period': ""Q3 '21"", 'revenue': 0.0, 'unit': 'M', 'net_profit': 5.05}, {'period': ""Q2 '21"", 'revenue': 0.0, 'unit': 'M', 'net_profit': -6.17}]",0.7,0.7,232014326,1908041,1246209,19268305,0,0,425345,1246209,-1647982,0,0,0,__nan__,__nan__,__nan__,0.08304791058462485
622,SHACW,SCP & CO Healthcare Acquisition Company Warrant,"SCP & CO Healthcare Acquisition Company is a blank check company. The company was incorporated in 2020 and is based in Tampa, Florida.",Scott N. Feuer,Shell Companies,0.0005,USD,0,https://images.financialmodelingprep.com/symbol/SHACW.png,0,2021-03-15,0.0,0.0,30000,8868000,19040000,"[{'period': '2021', 'revenue': 0.0, 'unit': 'M', 'net_profit': 19.04}]","[{'period': ""Q3 '22"", 'revenue': 0.0, 'unit': 'M', 'net_profit': 1.15}, {'period': ""Q2 '22"", 'revenue': 0.0, 'unit': 'M', 'net_profit': 2.3}, {'period': ""Q1 '22"", 'revenue': 0.0, 'unit': 'M', 'net_profit': 13.65}, {'period': ""Q4 '21"", 'revenue': 0.0, 'unit': 'K', 'net_profit': 664.87}, {'period': ""Q3 '21"", 'revenue': 0.0, 'unit': 'M', 'net_profit': 5.05}, {'period': ""Q2 '21"", 'revenue': 0.0, 'unit': 'M', 'net_profit': -6.17}]",0.7,0.7,232014326,1908041,1246209,19268305,0,0,425345,1246209,-1647982,0,0,0,__nan__,__nan__,__nan__,0.08304791058462485
623,SHBI,Shore Bancshares Inc Common Stock,"Shore Bancshares, Inc. operates as a bank holding company for the Shore United Bank that provides various commercial and consumer banking products and services to individuals, businesses, and other organizations. It offers checking, savings, overnight investment sweep, and money market accounts; and regular and IRA certificates of deposit, as well as CDARS programs and cash management services. The company also provides commercial loans, such as secured and unsecured loans, working capital loans, lines of credit, term loans, accounts receivable financing, real estate acquisition and development loans, construction loans, and letters of credit; residential real estate construction loans; residential mortgage loans; and loans to consumers, including home equity, automobile, installment, home improvement, and personal lines of credit, as well as other consumer financing products. In addition, it offers non-deposit products, such as mutual funds and annuities, and discount brokerage services; and trust, asset management, and financial planning services. Further, the company provides merchant credit card clearing, as well as telephone, mobile, and Internet banking services; safe deposit boxes; debit and credit cards; direct deposit of payroll; and automatic teller machine (ATM) services. It operates 29 full service branches, 30 ATMs, and 5 loan production offices in Baltimore City, Baltimore County, Howard County, Kent County, Queen Anne's County, Caroline County, Talbot County, Dorchester County, Anne Arundel County, and Worcester County in Maryland; Kent County, Delaware; and Accomack County, Virginia. The company was founded in 1876 and is headquartered in Easton, Maryland.",James Burke,Banks - Regional,18.1,USD,605024247,https://images.financialmodelingprep.com/symbol/SHBI.png,226530,2001-04-09,10.17,-0.25,132545,78774000,59506000,"[{'period': '2025', 'revenue': 342.72, 'unit': 'M', 'net_profit': 59.51}, {'period': '2024', 'revenue': 326.49, 'unit': 'M', 'net_profit': 43.89}, {'period': '2023', 'revenue': 238.42, 'unit': 'M', 'net_profit': 11.23}, {'period': '2022', 'revenue': 136.93, 'unit': 'M', 'net_profit': 31.18}]","[{'period': ""Q4 '25"", 'revenue': 88.82, 'unit': 'M', 'net_profit': 15.89}, {'period': ""Q3 '25"", 'revenue': 84.89, 'unit': 'M', 'net_profit': 14.35}, {'period': ""Q2 '25"", 'revenue': 85.94, 'unit': 'M', 'net_profit': 15.51}, {'period': ""Q1 '25"", 'revenue': 83.07, 'unit': 'M', 'net_profit': 13.76}, {'period': ""Q4 '24"", 'revenue': 85.26, 'unit': 'M', 'net_profit': 13.28}, {'period': ""Q3 '24"", 'revenue': 81.98, 'unit': 'M', 'net_profit': 11.19}]",1.78,1.78,6258818000,68715000,50164000,5668945000,18551000,5841760000,11027000,50164000,72720000,0.053917371294016914,0.3558294789127116,0.34848484848484845,"[0.12, 0.15]","['2026-03-04', '2001-05-08']",__nan__,0.9057532907970802
624,SHC,Sotera Health Company Common Stock,"Sotera Health Company provides sterilization, and lab testing and advisory services in the United States, Canada, Europe, and internationally. The company's sterilization services include gamma and electron beam irradiation, and EO processing; Nelson Labs comprise microbiological and analytical chemistry testing; and advisory services for medical device and biopharmaceutical industries. It serves medical devices; pharmaceuticals; food and agricultural products; and commercial, advanced, and specialty application industries. The company was formerly known as Sotera Health Topco, Inc. and changed its name to Sotera Health Company in October 2020. Sotera Health Company was incorporated in 2017 and is headquartered in Broadview Heights, Ohio.",Michael Petras Jr.,Medical - Diagnostics & Research,13.13,USD,3734066960,https://images.financialmodelingprep.com/symbol/SHC.png,2299633,2020-11-20,48.63,-0.41,2519410,303228000,77949000,"[{'period': '2025', 'revenue': 1160.0, 'unit': 'M', 'net_profit': 77.95}, {'period': '2024', 'revenue': 1100.0, 'unit': 'M', 'net_profit': 44.4}, {'period': '2023', 'revenue': 1050.0, 'unit': 'M', 'net_profit': 51.38}, {'period': '2022', 'revenue': 1000.0, 'unit': 'M', 'net_profit': -233.57}]","[{'period': ""Q4 '25"", 'revenue': 303.44, 'unit': 'M', 'net_profit': 34.85}, {'period': ""Q3 '25"", 'revenue': 311.31, 'unit': 'M', 'net_profit': 48.4}, {'period': ""Q2 '25"", 'revenue': 294.34, 'unit': 'M', 'net_profit': 7.96}, {'period': ""Q1 '25"", 'revenue': 254.52, 'unit': 'M', 'net_profit': -13.26}, {'period': ""Q4 '24"", 'revenue': 290.2, 'unit': 'M', 'net_profit': 12.32}, {'period': ""Q3 '24"", 'revenue': 285.47, 'unit': 'M', 'net_profit': 17.0}]",0.27,0.27,3263190000,613410000,346456000,2657155000,176266000,0,249584000,346456000,149177000,-0.31427718553964024,0.7556871931168071,0.6875000000000001,__nan__,__nan__,__nan__,0.8142814240053444
625,SHEN,Shenandoah Telecommunications Co Common Stock,"Shenandoah Telecommunications Company, together with its subsidiaries, provides a range of broadband communication services and cell tower colocation space in the Mid-Atlantic portion of the United States. Its Broadband segment offers broadband, video, and voice services to residential and commercial customers in Virginia, West Virginia, Maryland, Pennsylvania, and Kentucky, via hybrid fiber coaxial cable under the Shentel brand, fiber optic services under the Glo Fiber brand, and fixed wireless network services under the Beam brand name. This segment leases fiber and provides Ethernet and wavelength fiber optic services. In addition, the company offers voice and digital subscriber line telephone services. The company's Tower segment owns 220 cell towers and leases colocation space on the towers. Shenandoah Telecommunications Company was founded in 1902 and is based in Edinburg, Virginia.",Edward H. McKay,Telecommunications Services,14.69,USD,812380504,https://images.financialmodelingprep.com/symbol/SHEN.png,287364,1999-04-26,-20.69,-0.19,132182,115131000,-39392000,"[{'period': '2025', 'revenue': 357.85, 'unit': 'M', 'net_profit': -39.39}, {'period': '2024', 'revenue': 328.06, 'unit': 'M', 'net_profit': 190.39}, {'period': '2023', 'revenue': 287.38, 'unit': 'M', 'net_profit': 8.04}, {'period': '2022', 'revenue': 248.91, 'unit': 'M', 'net_profit': -8.38}]","[{'period': ""Q4 '25"", 'revenue': 0.0, 'unit': 'M', 'net_profit': -7.33}, {'period': ""Q3 '25"", 'revenue': 89.8, 'unit': 'M', 'net_profit': -9.39}, {'period': ""Q2 '25"", 'revenue': 88.57, 'unit': 'M', 'net_profit': -10.54}, {'period': ""Q1 '25"", 'revenue': 87.9, 'unit': 'M', 'net_profit': -9.13}, {'period': ""Q4 '24"", 'revenue': 85.41, 'unit': 'M', 'net_profit': -2.74}, {'period': ""Q3 '24"", 'revenue': 87.6, 'unit': 'M', 'net_profit': -6.9}]",-0.71,-0.71,1910762000,97443000,48204000,941473000,34041000,16510000,108496000,48204000,-276612000,0.508470578986675,-1.20690379645776,-1.2005649717514124,"[0.11, 6.72]","['2025-11-07', '1999-11-09']",__nan__,0.49272122849418193
626,SHIP,Seanergy Maritime Holdings Corp Common Stock,"Seanergy Maritime Holdings Corp., a shipping company, engages in the seaborne transportation of dry bulk commodities worldwide. It operates a fleet of 17 Capesize vessels with a cargo-carrying capacity of approximately 3,011,083 deadweight tons. The company was formerly known as Seanergy Merger Corp. and changed its name to Seanergy Maritime Holdings Corp. in July 2008. Seanergy Maritime Holdings Corp. was incorporated in 2008 and is based in Athens, Greece.",Stamatios Tsantanis,Marine Shipping,12.04,USD,254213764,https://images.financialmodelingprep.com/symbol/SHIP.png,244242,2008-01-30,11.92,-0.36,298697,77254000,20830000,"[{'period': '2025', 'revenue': 158.1, 'unit': 'M', 'net_profit': 20.83}, {'period': '2024', 'revenue': 167.46, 'unit': 'M', 'net_profit': 43.47}, {'period': '2023', 'revenue': 110.23, 'unit': 'M', 'net_profit': 2.28}, {'period': '2022', 'revenue': 125.02, 'unit': 'M', 'net_profit': 17.24}]","[{'period': ""Q4 '25"", 'revenue': 49.42, 'unit': 'M', 'net_profit': 12.31}, {'period': ""Q3 '25"", 'revenue': 46.99, 'unit': 'M', 'net_profit': 12.45}, {'period': ""Q2 '25"", 'revenue': 37.48, 'unit': 'M', 'net_profit': 2.79}, {'period': ""Q1 '25"", 'revenue': 24.21, 'unit': 'M', 'net_profit': -6.86}, {'period': ""Q4 '24"", 'revenue': 41.68, 'unit': 'M', 'net_profit': 6.64}, {'period': ""Q3 '24"", 'revenue': 44.36, 'unit': 'M', 'net_profit': 12.55}]",1.02,1.01,606579000,62653000,62653000,325196000,0,0,0,62653000,17020000,-0.16433377322977738,-0.520841001104159,-0.5188679245283019,"[0.2, 0.06676836]","['2026-03-27', '2008-04-07']",__nan__,0.536114834176587
627,SHIPW,Seanergy Maritime Holdings Corp Class A Warrants,"Seanergy Maritime Holdings Corp., an international shipping company, engages in the seaborne transportation of dry bulk commodities primarily iron ore and coal worldwide. It operates a fleet of 17 Capesize vessels with an average age of 11.7 years and aggregate cargo carrying capacity of 3,011,083 deadweight. Seanergy Maritime Holdings Corp. is headquartered in Athens, Greece.",Stamatios Tsantanis,Marine Shipping,0.0297,USD,75622,https://images.financialmodelingprep.com/symbol/SHIPW.png,0,2022-01-31,0.20625,0.0027,24280,77254000,20830000,"[{'period': '2025', 'revenue': 158.1, 'unit': 'M', 'net_profit': 20.83}, {'period': '2024', 'revenue': 167.46, 'unit': 'M', 'net_profit': 43.47}, {'period': '2023', 'revenue': 110.23, 'unit': 'M', 'net_profit': 2.28}, {'period': '2022', 'revenue': 125.02, 'unit': 'M', 'net_profit': 17.24}]","[{'period': ""Q4 '25"", 'revenue': 49.42, 'unit': 'M', 'net_profit': 12.31}, {'period': ""Q3 '25"", 'revenue': 46.99, 'unit': 'M', 'net_profit': 12.45}, {'period': ""Q2 '25"", 'revenue': 37.48, 'unit': 'M', 'net_profit': 2.79}, {'period': ""Q1 '25"", 'revenue': 24.21, 'unit': 'M', 'net_profit': -6.86}, {'period': ""Q4 '24"", 'revenue': 41.68, 'unit': 'M', 'net_profit': 6.64}, {'period': ""Q3 '24"", 'revenue': 44.36, 'unit': 'M', 'net_profit': 12.55}]",1.02,1.01,606579000,62653000,62653000,325196000,0,0,0,62653000,17020000,-0.16433377322977738,-0.520841001104159,-0.5188679245283019,__nan__,__nan__,__nan__,0.536114834176587
628,SHIPZ,Seanergy Maritime Holdings Corp Class B Warrant,,None,Marine Shipping,0.013,USD,0,https://images.financialmodelingprep.com/symbol/SHIPZ.png,0,2019-05-10,-0.0015478033099178474,0.0,45180,77254000,20830000,"[{'period': '2025', 'revenue': 158.1, 'unit': 'M', 'net_profit': 20.83}, {'period': '2024', 'revenue': 167.46, 'unit': 'M', 'net_profit': 43.47}, {'period': '2023', 'revenue': 110.23, 'unit': 'M', 'net_profit': 2.28}, {'period': '2022', 'revenue': 125.02, 'unit': 'M', 'net_profit': 17.24}]","[{'period': ""Q4 '25"", 'revenue': 49.42, 'unit': 'M', 'net_profit': 12.31}, {'period': ""Q3 '25"", 'revenue': 46.99, 'unit': 'M', 'net_profit': 12.45}, {'period': ""Q2 '25"", 'revenue': 37.48, 'unit': 'M', 'net_profit': 2.79}, {'period': ""Q1 '25"", 'revenue': 24.21, 'unit': 'M', 'net_profit': -6.86}, {'period': ""Q4 '24"", 'revenue': 41.68, 'unit': 'M', 'net_profit': 6.64}, {'period': ""Q3 '24"", 'revenue': 44.36, 'unit': 'M', 'net_profit': 12.55}]",1.02,1.01,606579000,62653000,62653000,325196000,0,0,0,62653000,17020000,-0.16433377322977738,-0.520841001104159,-0.5188679245283019,__nan__,__nan__,__nan__,0.536114834176587
629,SHLS,Shoals Technologies Group Inc. Class A Common Stock,"Shoals Technologies Group, Inc. provides electrical balance of system (EBOS) solutions for solar energy projects in the United States. It produces EBOS components, including cable assemblies, inline fuses, combiners, disconnects, recombiners, wireless monitoring systems, junction boxes, transition enclosures, splice boxes, wire management solutions, and IV curve benchmarking devices. The company also sells EV Charging solutions for public and fleet electric vehicle charging stations; and EBOS systems. It sells its products principally to engineering, procurement, and construction firms that build solar energy projects and install electric vehicle charging stations. Shoals Technologies Group, Inc. was founded in 1996 and is headquartered in Portland, Tennessee.",Jeffery Tolnar,Solar,6.62,USD,1108519000,https://images.financialmodelingprep.com/symbol/SHLS.png,4713871,2021-01-28,33.1,0.15,3549248,67111000,33574000,"[{'period': '2025', 'revenue': 475.33, 'unit': 'M', 'net_profit': 33.57}, {'period': '2024', 'revenue': 399.21, 'unit': 'M', 'net_profit': 24.13}, {'period': '2023', 'revenue': 488.94, 'unit': 'M', 'net_profit': 39.97}, {'period': '2022', 'revenue': 326.94, 'unit': 'M', 'net_profit': 127.61}]","[{'period': ""Q4 '25"", 'revenue': 148.32, 'unit': 'M', 'net_profit': 8.12}, {'period': ""Q3 '25"", 'revenue': 135.8, 'unit': 'M', 'net_profit': 11.88}, {'period': ""Q2 '25"", 'revenue': 110.84, 'unit': 'M', 'net_profit': 13.86}, {'period': ""Q1 '25"", 'revenue': 80360.0, 'unit': 'K', 'net_profit': -282.0}, {'period': ""Q4 '24"", 'revenue': 106.99, 'unit': 'M', 'net_profit': 7.82}, {'period': ""Q3 '24"", 'revenue': 102.17, 'unit': 'M', 'net_profit': 3.14}]",0.2,0.2,904101000,257886000,7320000,304128000,150926000,0,127323000,7320000,-15976000,0.043457304558741215,0.39155303187300533,0.4285714285714285,__nan__,__nan__,__nan__,0.33638719567835895
630,SHOO,Steven Madden Ltd. Common Stock,"Steven Madden, Ltd. designs, sources, markets, and sells fashion-forward branded and private label footwear, accessories, and apparel for women, men, and children in the United States and internationally. Its Wholesale Footwear segment provides footwear under the Steve Madden, Steven by Steve Madden, Madden Girl, BB Dakota, Dolce Vita, DV Dolce Vita, Betsey Johnson, GREATS, Blondo, Anne Klein, Mad Love, Superga, Madden NYC, and COOL Planet brands, as well as private label footwear. The company's Wholesale Accessories/Apparel segment offers handbags, apparel, small leather goods, belts, soft accessories, fashion scarves, wraps, gifting, and other accessories under the Steve Madden, BB Dakota, Anne Klein, Betsey Johnson, Cejon, Madden NYC, and Dolce Vita brands, as well as private label handbag and accessories to department stores, mass merchants, off-price retailers, online retailers, specialty stores, and independent stores. Its Direct-to-Consumer segment operates Steve Madden and Superga full-price retail stores, Steve Madden outlet stores, and Steve Madden shop-in-shops, as well as digital e-commerce websites, including SteveMadden.com, DolceVita.com, betseyjohnson.com, Blondo.com, GREATS.com, and Superga-USA.com. The company's Licensing segment licenses its Steve Madden, Madden Girl, and Betsey Johnson trademarks. Its First Cost segment operates as a buying agent for footwear products under private labels for national chains, specialty retailers, and value-priced retailers. As of December 31, 2021, it owned and operated 214 brick-and-mortar retail stores that included 147 Steve Madden full-price stores, 66 Steve Madden outlet stores, and 1 Superga store, as well as 6 e-commerce websites. Steven Madden, Ltd. was incorporated in 1990 and is headquartered in Long Island City, New York.",Edward R. Rosenfeld,Apparel - Footwear & Accessories,33.11,USD,2414109698,https://images.financialmodelingprep.com/symbol/SHOO.png,1498481,1993-12-13,52.56,-0.09,1186319,123459999,44661000,"[{'period': '2025', 'revenue': 2520.0, 'unit': 'M', 'net_profit': 44.66}, {'period': '2024', 'revenue': 2280.0, 'unit': 'M', 'net_profit': 169.39}, {'period': '2023', 'revenue': 1980.0, 'unit': 'M', 'net_profit': 171.55}, {'period': '2022', 'revenue': 2120.0, 'unit': 'M', 'net_profit': 216.06}]","[{'period': ""Q4 '25"", 'revenue': 753.7, 'unit': 'M', 'net_profit': 23.19}, {'period': ""Q3 '25"", 'revenue': 667.88, 'unit': 'M', 'net_profit': 20.53}, {'period': ""Q2 '25"", 'revenue': 559.0, 'unit': 'M', 'net_profit': -39.48}, {'period': ""Q1 '25"", 'revenue': 553.53, 'unit': 'M', 'net_profit': 40.42}, {'period': ""Q4 '24"", 'revenue': 582.32, 'unit': 'M', 'net_profit': 34.8}, {'period': ""Q3 '24"", 'revenue': 624.67, 'unit': 'M', 'net_profit': 55.28}]",0.63,0.63,1914277000,1000699000,112423000,1010295000,424501000,0,525707000,112423000,119541000,-0.5214840003720844,-0.7363421689592066,-0.7352941176470589,"[0.21, 1]","['2026-03-11', '2005-11-09']",__nan__,0.5277684473041258
631,SHSP,SharpSpring Inc. Common Stock,"SharpSpring, Inc. operates as a cloud-based based marketing technology company. The company is headquartered in Gainesville Florida, Florida and currently employs 104 full-time employees. The firm offers SharpSpring, a marketing automation solution for small and medium-sized businesses and is primarily sold to marketing agencies that use the platform on behalf of their clients. The features of SharpSpring includes Web tracking, lead scoring and automated workflow that enables businesses deliver the message to the customer. SharpSpring marketing automation solution also offers customer relation management tool and call tracking functionality. Its SharpSpring Mail+ provides customers with marketing automation functionality and traditional email marketing capabilities. SharpSpring Mail+ offers tools, such as automated workflows, triggered emails and dynamic list segmentation. The Company’s subsidiaries include SharpSpring Technologies, Inc., InterInbox SA, ERNEPH 2012A (Pty) Ltd. doing business as ISMS, Perfect Audience and SMTP Holdings S.a.r.l.",Richard Carlson,Software - Application,17.1,USD,0,https://images.financialmodelingprep.com/symbol/SHSP.png,194459,2011-04-11,-30.81081081081081,0.0,132419,-5738848,-5829029,"[{'period': '2020', 'revenue': 29.29, 'unit': 'M', 'net_profit': -5.83}, {'period': '2019', 'revenue': 22.7, 'unit': 'M', 'net_profit': -12.39}, {'period': '2018', 'revenue': 18.65, 'unit': 'M', 'net_profit': -9.48}, {'period': '2017', 'revenue': 13.45, 'unit': 'M', 'net_profit': -4.98}]","[{'period': ""Q2 '21"", 'revenue': 8109.999999999999, 'unit': 'K', 'net_profit': -353.77}, {'period': ""Q1 '21"", 'revenue': 7.99, 'unit': 'M', 'net_profit': -2.58}, {'period': ""Q4 '20"", 'revenue': 7.66, 'unit': 'M', 'net_profit': -2.33}, {'period': ""Q3 '20"", 'revenue': 7.31, 'unit': 'M', 'net_profit': -1.54}, {'period': ""Q2 '20"", 'revenue': 7270.0, 'unit': 'K', 'net_profit': -970.38}, {'period': ""Q1 '20"", 'revenue': 7050.0, 'unit': 'K', 'net_profit': -988.08}]",-0.45,-0.45,56745746,31326974,28267792,17056941,1625639,0,8516505,28267792,-3993835,0.49430797222259426,0.529460744838382,0.625,"[0.12, 0.143]","['2014-11-18', '2012-05-17']",__nan__,0.3005853689895979
632,SHYF,The Shyft Group Inc. Common Stock,"The Shyft Group, Inc. manufactures and assembles specialty vehicles for the commercial vehicle and recreational vehicle industries in the United States and internationally. It operates in two segments, Fleet Vehicles and Services, and Specialty Vehicles. The Fleet Vehicles and Services segment manufactures and sells commercial vehicles used in the e-commerce/last mile/parcel delivery, beverage and grocery delivery, laundry and linen, mobile retail, and trades and construction industries. This segment markets its commercial vehicles, including walk-in vans, cutaway vans, and truck bodies under the Aeromaster, Velocity, Trademaster, and Utilivan brands; and vocation-specific equipment upfit services under the Utilimaster Upfit Services and Strobes-R-Us brands. It also installs specialty interior and exterior up-fit equipment for walk-in vans, truck bodies, cargo vans, and light duty pick-up trucks; and provides aftermarket support, including parts sales and field services, as well as parts and accessories. The Specialty Vehicles segment engineers and manufactures luxury class A diesel motor home chassis; and manufactures and assembles truck bodies under the Royal Truck Body and DuraMag brands. It also provides final assembly services for Isuzu N-gas and F-series chassis under the Builtmore Contract Manufacturing brand; and designs and installs custom lighting and upfit solutions for a range of specialty industries. In addition, this segment provides truck accessories under the Magnum brand; and a range of parts and accessories, and maintenance and repair services for its motorhome and specialty chassis. The Shyft Group, Inc. sells its products to commercial users, original equipment manufacturers, dealers, individuals, municipalities, and other government entities. The company was formerly known as Spartan Motors, Inc. and changed its name to The Shyft Group, Inc. in June 2020. The Shyft Group, Inc. was incorporated in 1975 and is headquartered in Novi, Michigan.",John A. Dunn,Agricultural - Machinery,12.54,USD,439022892,https://images.financialmodelingprep.com/symbol/SHYF.png,275461,1984-06-19,627.0,0.0,155754,26563000,-2795000,"[{'period': '2024', 'revenue': 786.18, 'unit': 'M', 'net_profit': -2.79}, {'period': '2023', 'revenue': 872.2, 'unit': 'M', 'net_profit': 6.5}, {'period': '2022', 'revenue': 1030.0, 'unit': 'M', 'net_profit': 36.56}, {'period': '2021', 'revenue': 991.79, 'unit': 'M', 'net_profit': 68.92}]","[{'period': ""Q1 '25"", 'revenue': 204.6, 'unit': 'M', 'net_profit': -1.44}, {'period': ""Q4 '24"", 'revenue': 201.43, 'unit': 'M', 'net_profit': -3.41}, {'period': ""Q3 '24"", 'revenue': 194.07, 'unit': 'M', 'net_profit': 3.12}, {'period': ""Q2 '24"", 'revenue': 192.78, 'unit': 'M', 'net_profit': 2.16}, {'period': ""Q1 '24"", 'revenue': 197.89, 'unit': 'M', 'net_profit': -4.67}, {'period': ""Q4 '23"", 'revenue': 202.33, 'unit': 'M', 'net_profit': -4.42}]",-0.0812,-0.0812,568748000,297590000,15780000,320425000,164605000,0,182274000,15780000,16395000,0.09873428193249503,-1.4302647783251232,-1.4273684210526316,"[0.05, 0.05]","['2025-05-16', '1988-06-20']",__nan__,0.5633865965242955
633,SIBN,SI-BONE Inc. Common Stock,"SI-BONE, Inc., a medical device company, develops implantable devices used to solve musculoskeletal disorders of the sacropelvic anatomy in the United States and internationally. It offers iFuse, a minimally invasive surgical implant system to address sacroiliac joint dysfunction and degeneration, adult deformity, and pelvic ring traumatic fractures. The company also provides iFuse-3D, a titanium implant that combines the triangular cross-section of the iFuse implant with the proprietary 3D-printed porous surface and fenestrated design; and iFuse-TORQ, a set of 3D-printed threaded implants designed to treat fractures of the pelvis and for minimally invasive sacroiliac joint fusion. It markets its products primarily with a direct sales force, as well as through distributors. The company was incorporated in 2008 and is headquartered in Santa Clara, California.",Laura A. Francis,Medical - Devices,12.29,USD,542791377,https://images.financialmodelingprep.com/symbol/SIBN.png,563327,2018-10-17,-27.93,-0.55,489929,-10906000,-18908000,"[{'period': '2025', 'revenue': 200.93, 'unit': 'M', 'net_profit': -18.91}, {'period': '2024', 'revenue': 167.18, 'unit': 'M', 'net_profit': -30.91}, {'period': '2023', 'revenue': 138.89, 'unit': 'M', 'net_profit': -43.34}, {'period': '2022', 'revenue': 106.41, 'unit': 'M', 'net_profit': -61.26}]","[{'period': ""Q4 '25"", 'revenue': 56.35, 'unit': 'M', 'net_profit': -1.65}, {'period': ""Q3 '25"", 'revenue': 48.66, 'unit': 'M', 'net_profit': -4.57}, {'period': ""Q2 '25"", 'revenue': 48.63, 'unit': 'M', 'net_profit': -6.15}, {'period': ""Q1 '25"", 'revenue': 47.29, 'unit': 'M', 'net_profit': -6.54}, {'period': ""Q4 '24"", 'revenue': 49.0, 'unit': 'M', 'net_profit': -4.5}, {'period': ""Q3 '24"", 'revenue': 40.34, 'unit': 'M', 'net_profit': -6.58}]",-0.44,-0.44,238555000,216115000,147823000,61023000,29915000,0,25279000,42240000,-9089000,0.5277561271325886,0.3883479442305826,0.41333333333333333,__nan__,__nan__,__nan__,0.2558026450923267
634,SIC,Select Interior Concepts Inc. Class A Common Stock,"Select Interior Concepts, Inc. is a holding company, which engages in interior selections, merchandising, and complex supply chain management with a focus on the residential construction market. The company is headquartered in Anaheim, California and currently employs 1,360 full-time employees. Through its Residential Design Services (RDS) segment, the Company serves national and regional homebuilders by providing an integrated, outsourced solution for designing, consultation, sourcing, distribution and installation needs of their homebuyer customers. The firm has 35 design centers located across the United States. The firm also provides interior products and finishing services, including flooring, countertops, wall tile, window treatments, shower enclosures, and related interior items, primarily for newly constructed homes. Its Architectural Surface Group (ASG) segment imports and distributes natural and engineered stone slabs.",,Residential Construction,14.49,USD,375958975,https://images.financialmodelingprep.com/symbol/SIC.png,418700,2018-08-16,7.11340206185567,0.0,121857,24608000,-9853000,"[{'period': '2020', 'revenue': 554.02, 'unit': 'M', 'net_profit': -9.85}, {'period': '2019', 'revenue': 610.37, 'unit': 'M', 'net_profit': 6.98}, {'period': '2018', 'revenue': 489.76, 'unit': 'M', 'net_profit': -2.48}, {'period': '2017', 'revenue': 352.95, 'unit': 'M', 'net_profit': -11.35}]","[{'period': ""Q2 '21"", 'revenue': 67.19, 'unit': 'M', 'net_profit': 2.52}, {'period': ""Q1 '21"", 'revenue': 137.79, 'unit': 'M', 'net_profit': -1.8}, {'period': ""Q4 '20"", 'revenue': 144.16, 'unit': 'M', 'net_profit': -3.2}, {'period': ""Q3 '20"", 'revenue': 150050.0, 'unit': 'K', 'net_profit': 531.0}, {'period': ""Q2 '20"", 'revenue': 125.44, 'unit': 'M', 'net_profit': -3.18}, {'period': ""Q1 '20"", 'revenue': 134.38, 'unit': 'M', 'net_profit': -4.0}]",-0.39,-0.39,405008000,191826000,2974000,250817000,72498000,0,94066000,2974000,17168000,-0.5066757547812838,-2.410796105383734,-2.392857142857143,__nan__,__nan__,__nan__,0.6192890016987319
635,SIEB,Siebert Financial Corp. Common Stock,"Siebert Financial Corp., through its subsidiaries, engages in the retail discount brokerage and investment advisory businesses in the United States and Internationally. It offers discount brokerage services, including self-directed trading, wealth management, financial advice, market making and fixed income investment, stock borrow, equity compensation plans, securities lending, equity stock plan, and market making services; independent retail execution services; and retail customer services. The company also offers self-directed retirement accounts, as well as lends customers a portion of the market value of marginable securities held in the customer's account. In addition, the company provides data technology platform that offers various services, such as email and messaging, market data systems and third party trading systems, business productivity tools, and customer relationship management systems. Further, it offers a Robo-Advisor platform that provides clients with an automated wealth management solution; and various insurance products, such as fixed annuities, personal insurance, property and casualty insurance, natural disaster insurance, and life and disability. The company has 12 branch offices in the United States. Siebert Financial Corp. was incorporated in 1934 and is headquartered in New York, New York.",John J. Gebbia,Financial - Capital Markets,1.9,USD,76811178,https://images.financialmodelingprep.com/symbol/SIEB.png,31164,1980-03-18,10.56,-0.05,25462,19110000,13286000,"[{'period': '2024', 'revenue': 80.51, 'unit': 'M', 'net_profit': 13.29}, {'period': '2023', 'revenue': 69.35, 'unit': 'M', 'net_profit': 7.83}, {'period': '2022', 'revenue': 50.1, 'unit': 'M', 'net_profit': -1.99}, {'period': '2021', 'revenue': 67.51, 'unit': 'M', 'net_profit': 5.06}]","[{'period': ""Q3 '25"", 'revenue': 25.44, 'unit': 'M', 'net_profit': 1.62}, {'period': ""Q2 '25"", 'revenue': 13.92, 'unit': 'M', 'net_profit': -4.72}, {'period': ""Q1 '25"", 'revenue': 28.92, 'unit': 'M', 'net_profit': 8.66}, {'period': ""Q4 '24"", 'revenue': 19.16, 'unit': 'M', 'net_profit': 1.73}, {'period': ""Q3 '24"", 'revenue': 21.83, 'unit': 'M', 'net_profit': 3.83}, {'period': ""Q2 '24"", 'revenue': 19.7, 'unit': 'M', 'net_profit': 4.04}]",0.33,0.33,519668000,491536000,192996000,434576000,91638000,0,427830000,32629000,8398000,0.41116526362428,0.6976744186046512,0.5714285714285715,"[0.2, 0.63]","['2016-10-11', '1990-01-29']",__nan__,0.8362569948505585
636,SIEN,Sientra Inc. Common Stock,"Sientra, Inc., a medical aesthetics company, develops and sells medical aesthetics products in the United States and internationally. It offers silicone gel breast implants for use in breast augmentation and breast reconstruction procedures; breast tissue expanders; and scar management products under the Sientra Round, Sientra Teardrop, AlloX2, Dermaspan, Softspan, and BIOCORNEUM brand names. The company also provides body contouring products; facial and nasal implants; saline filled sizers. It serves to hospitals, surgery centers, plastic surgeons, dermatologists and other specialties. The company was formerly known as Juliet Medical, Inc. and changed its name to Sientra, Inc. in April 2007. Sientra, Inc. was incorporated in 2003 and is headquartered in Santa Barbara, California.",Ronald Menezes,Medical - Devices,0.174,USD,2080640,https://images.financialmodelingprep.com/symbol/SIEN.png,2467065,2014-10-29,-0.03307984790874525,-0.04,3327525,-57119000,-73307000,"[{'period': '2022', 'revenue': 90.55, 'unit': 'M', 'net_profit': -73.31}, {'period': '2021', 'revenue': 80.68, 'unit': 'M', 'net_profit': -62.52}, {'period': '2020', 'revenue': 55.0, 'unit': 'M', 'net_profit': -89.95}, {'period': '2019', 'revenue': 83.7, 'unit': 'M', 'net_profit': -106.82}]","[{'period': ""Q3 '23"", 'revenue': 19.54, 'unit': 'M', 'net_profit': -14.77}, {'period': ""Q2 '23"", 'revenue': 23.13, 'unit': 'M', 'net_profit': -9.48}, {'period': ""Q1 '23"", 'revenue': 22.56, 'unit': 'M', 'net_profit': -12.89}, {'period': ""Q4 '22"", 'revenue': 25.07, 'unit': 'M', 'net_profit': -22.39}, {'period': ""Q3 '22"", 'revenue': 22.57, 'unit': 'M', 'net_profit': -14.98}, {'period': ""Q2 '22"", 'revenue': 21.51, 'unit': 'M', 'net_profit': -18.3}]",-10.27,-10.27,165421000,107749000,26071000,166243000,36892000,295000,89709000,26071000,-38878000,-0.14503648464437496,-0.17255554311489307,0.0663636363636364,__nan__,__nan__,__nan__,1.004969139347483
637,SIFY,Sify Technologies Limited American Depositary Shares,"Sify Technologies Limited provides integrated ICT solutions and services in India and internationally. It operates through Network Centric Services, Data Center Services, and Digital Services segments. The Network Centric Services segment offers internet, internet protocol and multi-protocol label switching virtual private network, SDWAN, managed Wi-Fi, internet of things, wholesale and retail voice, managed services, dedicated internet access, and proactive monitoring and management of the network and devices. The Data Center Services segment provides co-location services; and managed data center services, such as storage and back-up management, performance monitoring, infrastructure monitoring and management, network availability, server load balancing, managed shared firewall, web server log reporting, and remote and smart hands services. The Digital Services segment offers managed network services; EDGE services; cloud and managed services including cloud and storage solutions, managed services, value added services, domestic and international managed services; and technology integration services include system integration, data centers build, network, security solutions, remote and onsite infrastructure management, managed security services, as well as sale of hardware and software. This segment also offers applications integration services, such as talent management, supply chain management, online assessment, web development, document management, content, digital signature, digital certificate-based authentication, supply chain solutions, content management, sale of digital certificates; and sale, implementation, and maintenance of industry specific applications; supply chain software, and eLearning software development services; and operates web portals. The company was formerly known as Sify Limited and changed its name to Sify Technologies Limited in October 2007. The company was incorporated in 1995 and is headquartered in Chennai, India.",Raju Vegesna,Telecommunications Services,12.9,USD,931662549,https://images.financialmodelingprep.com/symbol/SIFY.png,79172,1999-10-19,-53.75,-0.41,72819,8090321000,-784958000,"[{'period': '2025', 'revenue': 39890.0, 'unit': 'M', 'net_profit': -784.96}, {'period': '2024', 'revenue': 35630.0, 'unit': 'M', 'net_profit': 168.94}, {'period': '2023', 'revenue': 33400.0, 'unit': 'M', 'net_profit': 674.52}, {'period': '2022', 'revenue': 27.49, 'unit': 'B', 'net_profit': 1.28}]","[{'period': ""Q3 '26"", 'revenue': 11600.0, 'unit': 'M', 'net_profit': -329.0}, {'period': ""Q2 '26"", 'revenue': 10530.0, 'unit': 'M', 'net_profit': -275.0}, {'period': ""Q1 '26"", 'revenue': 10720.0, 'unit': 'M', 'net_profit': -389.0}, {'period': ""Q4 '25"", 'revenue': 9700.0, 'unit': 'M', 'net_profit': -576.64}, {'period': ""Q3 '25"", 'revenue': 10490.0, 'unit': 'M', 'net_profit': -258.0}, {'period': ""Q2 '25"", 'revenue': 10280.0, 'unit': 'M', 'net_profit': 102.0}]",-10.86,-10.86,83177853000,26556349000,6304026000,63047310000,12398488000,1229808000,27662816000,4997210000,-3669101000,0.10386477879168306,-5.6463989960873455,-5.209302325581396,"[0.017439, 0.01663]","['2019-05-24', '2014-06-18']",__nan__,0.7579819354077341
638,SIGA,SIGA Technologies Inc. Common Stock,"SIGA Technologies, Inc., a commercial-stage pharmaceutical company, focuses on the health security and infectious disease markets in the United States. Its lead product is TPOXX, an oral formulation antiviral drug for the treatment of human smallpox disease caused by variola virus. SIGA Technologies, Inc. has a strategic partnership with Cipla Therapeutics to deliver sustained innovation and access to antibacterial drugs primarily against biothreats. The company was incorporated in 1995 and is headquartered in New York, New York.",Diem Nguyen,Drug Manufacturers - Specialty & Generic,5.3,USD,379715320,https://images.financialmodelingprep.com/symbol/SIGA.png,488333,1997-09-10,16.56,0.34,1319735,24264763,23300000,"[{'period': '2025', 'revenue': 94.6, 'unit': 'M', 'net_profit': 23.3}, {'period': '2024', 'revenue': 138.72, 'unit': 'M', 'net_profit': 59.21}, {'period': '2023', 'revenue': 139.92, 'unit': 'M', 'net_profit': 68.07}, {'period': '2022', 'revenue': 110.78, 'unit': 'M', 'net_profit': 33.9}]","[{'period': ""Q4 '25"", 'revenue': 3.8, 'unit': 'M', 'net_profit': -5.4}, {'period': ""Q3 '25"", 'revenue': 2.62, 'unit': 'M', 'net_profit': -6.37}, {'period': ""Q2 '25"", 'revenue': 81.12, 'unit': 'M', 'net_profit': 35.48}, {'period': ""Q1 '25"", 'revenue': 7040.0, 'unit': 'K', 'net_profit': -408.22}, {'period': ""Q4 '24"", 'revenue': 81.47, 'unit': 'M', 'net_profit': 45.76}, {'period': ""Q3 '24"", 'revenue': 10.01, 'unit': 'M', 'net_profit': 1.34}]",0.33,0.33,219467434000000,212856864000000,154966414000000,20645862000000,3264000,0,17992579000000,154966414000000,48719357,-0.6559248469566705,-0.6065134088746527,-0.6024096385542168,"[0.6, 0.45]","['2026-04-07', '2022-05-16']",__nan__,0.09407255383502593
639,SIGI,Selective Insurance Group Inc. Common Stock,"Selective Insurance Group, Inc., together with its subsidiaries, provides insurance products and services in the United States. It operates through four segments: Standard Commercial Lines, Standard Personal Lines, E&S Lines, and Investments. The company offers property insurance products, which covers the financial consequences of accidental loss of an insured's real property, personal property, and/or earnings due to the property's loss; and casualty insurance products that covers the financial consequences of employee injuries in the course of employment, and bodily injury and/or property damage to a third party, as well as flood insurance products. It also invests in fixed income investments and commercial mortgage loans, as well as equity securities and alternative investment portfolio. The company offers its insurance products and services to businesses, non-profit organizations, local government agencies, and individuals through independent retail agents and wholesale general agents. Selective Insurance Group, Inc. was founded in 1926 and is headquartered in Branchville, New Jersey.",John Joseph Marchioni,Insurance - Property & Casualty,74.68,USD,4486923760,https://images.financialmodelingprep.com/symbol/SIGI.png,539691,1980-03-17,9.97,-0.08,455301,671587999,466411000,"[{'period': '2025', 'revenue': 5340.0, 'unit': 'M', 'net_profit': 466.41}, {'period': '2024', 'revenue': 4860.0, 'unit': 'M', 'net_profit': 207.01}, {'period': '2023', 'revenue': 4230.0, 'unit': 'M', 'net_profit': 365.24}, {'period': '2022', 'revenue': 3560.0, 'unit': 'M', 'net_profit': 224.89}]","[{'period': ""Q4 '25"", 'revenue': 1360.0, 'unit': 'M', 'net_profit': 155.2}, {'period': ""Q3 '25"", 'revenue': 1360.0, 'unit': 'M', 'net_profit': 115.34}, {'period': ""Q2 '25"", 'revenue': 1330.0, 'unit': 'M', 'net_profit': 85.94}, {'period': ""Q1 '25"", 'revenue': 1290.0, 'unit': 'M', 'net_profit': 109.9}, {'period': ""Q4 '24"", 'revenue': 1260.0, 'unit': 'M', 'net_profit': 95.53}, {'period': ""Q3 '24"", 'revenue': 1240.0, 'unit': 'M', 'net_profit': 92.28}]",7.48,7.48,15155700000,10991400000,1244422000,11546700000,1533900000,10058364000,16900000,346000,1233556000,1.0875441357487443,1.2530626243889242,1.3015384615384618,"[0.43, 2.04]","['2026-02-13', '1983-08-09']",__nan__,0.7618717710168451
640,SIGIP,Selective Insurance Group Inc. Depositary Shares each representing a 1/1000th interest in a share of 4.60% Non-Cumulative Preferred Stock Series B,"Selective Insurance Group, Inc., together with its subsidiaries, provides insurance products and services in the United States. It operates through four segments: Standard Commercial Lines, Standard Personal Lines, E&S Lines, and Investments. The company offers property insurance products, which covers the financial consequences of accidental loss of an insured's real property, personal property, and/or earnings due to the property's loss; and casualty insurance products that covers the financial consequences of employee injuries in the course of employment, and bodily injury and/or property damage to a third party, as well as flood insurance products. It also invests in fixed income investments and commercial mortgage loans, as well as equity securities and alternative investment portfolio. The company offers its insurance products and services to businesses, non-profit organizations, local government agencies, and individuals through independent retail agents and wholesale general agents. Selective Insurance Group, Inc. was founded in 1926 and is headquartered in Branchville, New Jersey.",John Joseph Marchioni,Insurance - Property & Casualty,16.3,USD,988117964,https://images.financialmodelingprep.com/symbol/SIGIP.png,6410,2020-12-03,2.9,0.05,2475,671587999,466411000,"[{'period': '2025', 'revenue': 5340.0, 'unit': 'M', 'net_profit': 466.41}, {'period': '2024', 'revenue': 4860.0, 'unit': 'M', 'net_profit': 207.01}, {'period': '2023', 'revenue': 4230.0, 'unit': 'M', 'net_profit': 365.24}, {'period': '2022', 'revenue': 3560.0, 'unit': 'M', 'net_profit': 224.89}]","[{'period': ""Q4 '25"", 'revenue': 1360.0, 'unit': 'M', 'net_profit': 155.2}, {'period': ""Q3 '25"", 'revenue': 1360.0, 'unit': 'M', 'net_profit': 115.34}, {'period': ""Q2 '25"", 'revenue': 1330.0, 'unit': 'M', 'net_profit': 85.94}, {'period': ""Q1 '25"", 'revenue': 1290.0, 'unit': 'M', 'net_profit': 109.9}, {'period': ""Q4 '24"", 'revenue': 1260.0, 'unit': 'M', 'net_profit': 95.53}, {'period': ""Q3 '24"", 'revenue': 1240.0, 'unit': 'M', 'net_profit': 92.28}]",7.48,7.48,15155700000,10991400000,1244422000,11546700000,1533900000,10058364000,16900000,346000,1233556000,1.0875441357487443,1.2530626243889242,1.3015384615384618,"[0.2875, 0.307]","['2026-02-27', '2021-02-26']",__nan__,0.7618717710168451
641,SILC,Silicom Ltd Ordinary Shares,"Silicom Ltd., together with its subsidiaries, designs, manufactures, markets, and supports networking and data infrastructure solutions for a range of servers, server-based systems, and communications devices in the United States, North America, Israel, Europe, and the Asia Pacific. It offers server network interface cards; and smart cards, such as smart server adapters, which include redirector and switching cards, encryption and data compression hardware acceleration cards, forward error correction acceleration and offloading cards, time synchronization cards, and field programmable gate array-based cards. The company also provides virtualized and universal customer-premises equipment; edge devices for SD-WAN and NFV deployments; and distributed units for the 5G mobile infrastructure market. It serves original equipment manufacturing, cloud, telco, mobile, and related service provider customers. The company was incorporated in 1987 and is headquartered in Kfar Sava, Israel.",Liron Eizenman,Communication Equipment,20.79,USD,118431690,https://images.financialmodelingprep.com/symbol/SILC.png,55166,1994-02-18,-10.34,-0.5,51004,-10608000,-11479000,"[{'period': '2025', 'revenue': 61.93, 'unit': 'M', 'net_profit': -11.48}, {'period': '2024', 'revenue': 58.11, 'unit': 'M', 'net_profit': -13.71}, {'period': '2023', 'revenue': 124.13, 'unit': 'M', 'net_profit': -26.41}, {'period': '2022', 'revenue': 150.58, 'unit': 'M', 'net_profit': 18.31}]","[{'period': ""Q4 '25"", 'revenue': 16.91, 'unit': 'M', 'net_profit': -2.53}, {'period': ""Q3 '25"", 'revenue': 15.61, 'unit': 'M', 'net_profit': -2.8}, {'period': ""Q2 '25"", 'revenue': 15.02, 'unit': 'M', 'net_profit': -3.34}, {'period': ""Q1 '25"", 'revenue': 14.38, 'unit': 'M', 'net_profit': -2.81}, {'period': ""Q4 '24"", 'revenue': 14.49, 'unit': 'M', 'net_profit': -6.13}, {'period': ""Q3 '24"", 'revenue': 14.76, 'unit': 'M', 'net_profit': -2.63}]",-2.01,-2.01,152520000,113476000,48114000,35031000,13331000,25518000,27614000,35156000,-3349000,0.04164784533381516,0.1626057776480887,0.11842105263157897,"[1, 0.55]","['2017-03-23', '2013-04-02']",__nan__,0.22968135326514555
642,SILK,Silk Road Medical Inc. Common Stock,"Silk Road Medical, Inc. operates as a medical device company in the United States. The company offers various products for the treatment of carotid artery disease called transcarotid artery revascularization. Its products include ENROUTE Transcarotid Neuroprotection System that is used to directly access the common carotid artery and initiate temporary blood flow reversal; ENROUTE Transcarotid Stent System, a self-expanding, self-tapering stent; ENHANCE Transcarotid Peripheral Access Kit for use in gaining initial access to the common carotid artery; and ENROUTE 0.014 Guidewire for navigating and crossing the target lesion for delivery of interventional devices. The company was incorporated in 2007 and is headquartered in Sunnyvale, California.",Charles S. McKhann,Medical - Devices,27.49,USD,1116976429,https://images.financialmodelingprep.com/symbol/SILK.png,2061398,2019-04-04,-18.958620689655174,-0.01,2308974,-45080000,-55743000,"[{'period': '2023', 'revenue': 177.13, 'unit': 'M', 'net_profit': -55.74}, {'period': '2022', 'revenue': 138.64, 'unit': 'M', 'net_profit': -58.02}, {'period': '2021', 'revenue': 101.47, 'unit': 'M', 'net_profit': -50.39}, {'period': '2020', 'revenue': 75.23, 'unit': 'M', 'net_profit': -50.38}]","[{'period': ""Q2 '24"", 'revenue': 51.24, 'unit': 'M', 'net_profit': -16.6}, {'period': ""Q1 '24"", 'revenue': 48.48, 'unit': 'M', 'net_profit': -14.14}, {'period': ""Q4 '23"", 'revenue': 47.27, 'unit': 'M', 'net_profit': -13.01}, {'period': ""Q3 '23"", 'revenue': 44.44, 'unit': 'M', 'net_profit': -12.79}, {'period': ""Q2 '23"", 'revenue': 45.3, 'unit': 'M', 'net_profit': -13.48}, {'period': ""Q1 '23"", 'revenue': 40.13, 'unit': 'M', 'net_profit': -16.01}]",-1.44,-1.44,265309000,240835000,181474000,114158000,23573000,9456000,30283000,20210000,-33521000,0.03559815163443437,0.0391788472145615,0.1111111111111112,__nan__,__nan__,__nan__,0.43028317923628673
643,SIMO,Silicon Motion Technology Corporation American Depositary Shares,"Silicon Motion Technology Corporation, together with its subsidiaries, designs, develops, and markets NAND flash controllers for solid-state storage devices. It offers controllers for computing-grade solid state drives (SSDs), which are used in PCs and other client devices; enterprise-grade SSDs used in data centers; eMMC and UFS mobile embedded storage for use in smartphones and IoT devices; flash memory cards and flash drives for use in expandable storage; and specialized SSDs that are used in industrial, commercial, and automotive applications. It markets its controllers under the SMI brand; enterprise-grade SSDs under the Shannon Systems brand; and single-chip industrial-grade SSDs under the Ferri SSD, Ferri-eMMC, and Ferri-UFS brands. The company markets and sells its products through direct sales personnel and independent electronics distributors to NAND flash makers, module makers, hyperscalers, and OEMs. It operates in Taiwan, the United States, South Korea, China, Malaysia, Singapore, and internationally. Silicon Motion Technology Corporation was founded in 1995 and is based in Hong Kong, Hong Kong.",Chia-Chang Kou,Semiconductors,110.06,USD,3693098849,https://images.financialmodelingprep.com/symbol/SIMO.png,648967,2005-06-30,30.24,-1.17,290014,123211000,122707474,"[{'period': '2025', 'revenue': 885.63, 'unit': 'M', 'net_profit': 122.71}, {'period': '2024', 'revenue': 803.55, 'unit': 'M', 'net_profit': 89.25}, {'period': '2023', 'revenue': 639.14, 'unit': 'M', 'net_profit': 52.87}, {'period': '2022', 'revenue': 945.92, 'unit': 'M', 'net_profit': 172.51}]","[{'period': ""Q4 '25"", 'revenue': 278.46, 'unit': 'M', 'net_profit': 47.75}, {'period': ""Q3 '25"", 'revenue': 242.0, 'unit': 'M', 'net_profit': 39.11}, {'period': ""Q2 '25"", 'revenue': 198.68, 'unit': 'M', 'net_profit': 16.31}, {'period': ""Q1 '25"", 'revenue': 166.49, 'unit': 'M', 'net_profit': 19.46}, {'period': ""Q4 '24"", 'revenue': 191.16, 'unit': 'M', 'net_profit': 21.57}, {'period': ""Q3 '24"", 'revenue': 212.41, 'unit': 'M', 'net_profit': 20.84}]",14.6,14.6,1221006000,943368000,201842000,390268000,211546000,29676000,337810000,201842000,6277999,-0.07178695193611571,0.37488906318278076,0.37735849056603776,"[0.4975, 0.15]","['2026-08-06', '2013-02-19']",__nan__,0.3196282409750648
644,SINO,Sino-Global Shipping America Ltd. Common Stock,"Singularity Future Technology Ltd. provides shipping and freight logistics integrated solutions in the People's Republic of China and the United States. It operates through Shipping Agency and Management Services and Freight Logistics Services segments. The company offers shipping agency services, such as loading/discharging and protective agency. The company was formerly known as Sino-Global Shipping America, Ltd. and changed its name to Singularity Future Technology Ltd. in January 2022. Singularity Future Technology Ltd. was incorporated in 2001 and is headquartered in Great Neck, New York.",Lei Cao,Integrated Freight & Logistics,4.19,USD,91946617,https://images.financialmodelingprep.com/symbol/SINO.png,924791,2008-05-21,0.0,0.07000017,2416439,-3089060,-3314531,"[{'period': '2025', 'revenue': 1.81, 'unit': 'M', 'net_profit': -3.31}, {'period': '2021', 'revenue': 5.15, 'unit': 'M', 'net_profit': -6.82}, {'period': '2020', 'revenue': 6.54, 'unit': 'M', 'net_profit': -16.45}, {'period': '2019', 'revenue': 41.77, 'unit': 'M', 'net_profit': -6.53}]","[{'period': ""Q2 '26"", 'revenue': 147.57, 'unit': 'K', 'net_profit': -665.91}, {'period': ""Q1 '26"", 'revenue': 0.30789, 'unit': 'M', 'net_profit': -9.47}, {'period': ""Q4 '25"", 'revenue': -0.06643, 'unit': 'M', 'net_profit': 6.94}, {'period': ""Q3 '25"", 'revenue': 0.36307, 'unit': 'M', 'net_profit': -1.67}, {'period': ""Q2 '25"", 'revenue': 474.62, 'unit': 'K', 'net_profit': -327.8}, {'period': ""Q2 '22"", 'revenue': 1.04, 'unit': 'M', 'net_profit': -8.85}]",-1.06,-1.06,18228902,18134340,14533829,7771970,396744,0,7274565,14533829,-2692682,0,0,0,__nan__,__nan__,__nan__,0.4263542587480036
645,SINT,SiNtx Technologies Inc. Common Stock,"Sintx Technologies, Inc., an advanced materials company, engages in the research, development, and commercialization of medical devices manufactured with silicon nitride for biomedical, industrial, and antipathogenic applications primarily in the United States. The company provides solid and porous silicon nitride; silicon nitrite powder; and silicon nitride coating products, as well as silicon nitride composite materials and polyetherketoneketone. The company was formerly known as Amedica Corporation. Sintx Technologies, Inc. was incorporated in 1996 and is headquartered in Salt Lake City, Utah.",Eric K. Olson,Medical - Devices,2.28,USD,6324357,https://images.financialmodelingprep.com/symbol/SINT.png,36757,2014-02-13,-0.37,-0.14,19925,-10059000,-17083000,"[{'period': '2025', 'revenue': 1.02, 'unit': 'M', 'net_profit': -17.08}, {'period': '2024', 'revenue': 1.25, 'unit': 'M', 'net_profit': -11.02}, {'period': '2023', 'revenue': 2.63, 'unit': 'M', 'net_profit': -8.26}, {'period': '2022', 'revenue': 0.601, 'unit': 'M', 'net_profit': -12.04}]","[{'period': ""Q4 '25"", 'revenue': 0.341, 'unit': 'M', 'net_profit': -2.21}, {'period': ""Q3 '25"", 'revenue': 0.20800000000000002, 'unit': 'M', 'net_profit': -10.26}, {'period': ""Q2 '25"", 'revenue': 0.1, 'unit': 'M', 'net_profit': -2.32}, {'period': ""Q1 '25"", 'revenue': 0.369, 'unit': 'M', 'net_profit': -2.29}, {'period': ""Q4 '24"", 'revenue': 0.542, 'unit': 'M', 'net_profit': -1.7}, {'period': ""Q3 '24"", 'revenue': 0.367, 'unit': 'M', 'net_profit': -6.24}]",-6.16,-6.16,9506000,5650000,4140000,6577000,178000,0,3733000,4140000,-8756000,-0.04661325564457393,-0.5496190130624092,0.5857431069266981,__nan__,__nan__,__nan__,0.6918788133810225
646,SIOX,Sio Gene Therapies Inc. Common Stock,"Sio Gene Therapies Inc., a clinical-stage company, focuses on developing gene therapies to radically transform the lives of patients with neurodegenerative diseases. It has a license agreement with Oxford BioMedica (UK) Ltd. to develop and commercialize AXO-Lenti-PD and related gene therapy products; and The University of Massachusetts Medical School to develop and commercialize gene therapy product candidates, including AXO-AAV-GM1 and AXO-AAV-GM. The company was formerly known as Axovant Gene Therapies Ltd. and changed its name to Sio Gene Therapies, Inc. in November 2020. Sio Gene Therapies, Inc. was incorporated in 2014 and is based in New York, New York.",David W. Nassif,Biotechnology,0.478,USD,0,https://images.financialmodelingprep.com/symbol/SIOX.png,62408,2015-06-11,-1.2256410256410255,0.0882,7588,-70935000,-71887000,"[{'period': '2022', 'revenue': 0.0, 'unit': 'M', 'net_profit': -71.89}, {'period': '2021', 'revenue': 0.0, 'unit': 'M', 'net_profit': -32.42}, {'period': '2020', 'revenue': 0.0, 'unit': 'M', 'net_profit': -72.63}, {'period': '2019', 'revenue': 0.0, 'unit': 'M', 'net_profit': -129.06}]","[{'period': ""Q3 '23"", 'revenue': 0.0, 'unit': 'M', 'net_profit': -3.42}, {'period': ""Q2 '23"", 'revenue': 0.0, 'unit': 'M', 'net_profit': -3.02}, {'period': ""Q1 '23"", 'revenue': 0.0, 'unit': 'M', 'net_profit': -8.41}, {'period': ""Q4 '22"", 'revenue': 0.0, 'unit': 'M', 'net_profit': -13.32}, {'period': ""Q3 '22"", 'revenue': 0.0, 'unit': 'M', 'net_profit': -25.46}, {'period': ""Q2 '22"", 'revenue': 0.0, 'unit': 'M', 'net_profit': -21.24}]",-0.98,-0.98,75080000,71736000,63729000,14732000,0,0,13002000,63729000,-61041000,-1.4150551545689773,-1.2170239013107171,-0.5806451612903225,"[0.435, 0.435]","['2024-02-08', '2024-02-08']",__nan__,0.19621736814064997
647,SIRI,Sirius XM Holdings Inc. Common Stock,"Sirius XM Holdings Inc. provides satellite radio services on a subscription fee basis in the United States. It broadcasts music, sports, entertainment, comedy, talk, news, traffic, and weather channels, including various music genres, such as rock, pop and hip-hop, country, dance, jazz, Latin, and classical; live play-by-play sports from various leagues and colleges; various talk and entertainment channels for a range of audiences; national, international, and financial news; and limited run channels. The company also provides streaming service that includes a range of music and non-music channels, and podcasts, as well as channels that are not available on its satellite radio service; and offers applications to allow consumers to access its streaming service on smartphones, tablets, computers, home devices, and other consumer electronic equipment, as well as connected vehicle services. In addition, it distributes satellite radios through automakers and retailers, as well as its website. Further, the company provides location-based services through two-way wireless connectivity, including safety, security, convenience, remote vehicles diagnostic, maintenance and data, and stolen or parked vehicle locator services. Additionally, it offers satellite television services, which offer music channels on the DISH Network satellite television service as a programming package; Travel Link, a suite of data services that include graphical weather, fuel prices, sports schedule and scores, and movie listings; and real-time traffic and weather services. The company was incorporated in 2013 and is headquartered in New York, New York. Sirius XM Holdings Inc. is a subsidiary of Liberty Media Corporation.",Jennifer C. Witz,Entertainment,22.84,USD,7687067629,https://images.financialmodelingprep.com/symbol/SIRI.png,4876154,1994-09-13,10.24,-0.11,2571616,2104000000,805000000,"[{'period': '2025', 'revenue': 8560.0, 'unit': 'M', 'net_profit': 805.0}, {'period': '2024', 'revenue': 8.7, 'unit': 'B', 'net_profit': -1.67}, {'period': '2023', 'revenue': 8.95, 'unit': 'B', 'net_profit': 1.26}, {'period': '2022', 'revenue': 9.0, 'unit': 'B', 'net_profit': 1.21}]","[{'period': ""Q4 '25"", 'revenue': 2190.0, 'unit': 'M', 'net_profit': 99.0}, {'period': ""Q3 '25"", 'revenue': 2160.0, 'unit': 'M', 'net_profit': 297.0}, {'period': ""Q2 '25"", 'revenue': 2140.0, 'unit': 'M', 'net_profit': 205.0}, {'period': ""Q1 '25"", 'revenue': 2070.0, 'unit': 'M', 'net_profit': 204.0}, {'period': ""Q4 '24"", 'revenue': 2190.0, 'unit': 'M', 'net_profit': 287.0}, {'period': ""Q3 '24"", 'revenue': 2.17, 'unit': 'B', 'net_profit': -2.46}]",2.38,2.25,27237000000,1098000000,94000000,15674000000,761000000,941000000,3653000000,94000000,1245000000,3.816599732262383,1.4834834834834836,1.4827586206896552,"[0.27, 0.05]","['2026-02-11', '2012-12-14']",__nan__,0.575467195359254
648,SITM,SiTime Corporation Common Stock,"SiTime Corporation designs, develops, and sells silicon timing systems solutions in Taiwan, Hong Kong, the United States, and internationally. The company provides resonators and clock integrated circuits, and various types of oscillators. Its solutions have applications in various markets, including communications and enterprise, automotive, industrial, Internet of Things, mobile, consumer, and aerospace and defense. The company sells its timing products through distributors and resellers. SiTime Corporation was incorporated in 2003 and is headquartered in Santa Clara, California.",Rajesh Vashist,Semiconductors,327.2,USD,8605327280,https://images.financialmodelingprep.com/symbol/SITM.png,393216,2019-11-20,-188.05,-7.47,379236,-42305000,-42903000,"[{'period': '2025', 'revenue': 326.66, 'unit': 'M', 'net_profit': -42.9}, {'period': '2024', 'revenue': 202.7, 'unit': 'M', 'net_profit': -93.6}, {'period': '2023', 'revenue': 143.99, 'unit': 'M', 'net_profit': -80.53}, {'period': '2022', 'revenue': 283.61, 'unit': 'M', 'net_profit': 23.25}]","[{'period': ""Q4 '25"", 'revenue': 113.28, 'unit': 'M', 'net_profit': 9.17}, {'period': ""Q3 '25"", 'revenue': 83.57, 'unit': 'M', 'net_profit': -8.01}, {'period': ""Q2 '25"", 'revenue': 69.49, 'unit': 'M', 'net_profit': -20.18}, {'period': ""Q1 '25"", 'revenue': 60.31, 'unit': 'M', 'net_profit': -23.88}, {'period': ""Q4 '24"", 'revenue': 68.11, 'unit': 'M', 'net_profit': -18.81}, {'period': ""Q3 '24"", 'revenue': 57.7, 'unit': 'M', 'net_profit': -19.32}]",-1.72,-1.72,1294699000,949279000,808407000,138517000,45040000,0,84005000,16759000,35126000,0.4317357547752734,0.5416395123983718,0.5753086419753087,__nan__,__nan__,__nan__,0.10698780179794685
649,SIVB,SVB Financial Group Common Stock,"SVB Financial Group, a diversified financial services company, offers various banking and financial products and services. It operates through four segments: Global Commercial Bank, SVB Private Bank, SVB Capital, and SVB Securities. The Global Commercial Bank segment provides commercial banking products and services, including credit, treasury management, foreign exchange, trade finance, and other financial products and services. This segment also offers traditional term and equipment loans, asset-based loans, revolving lines of credit, warehouse facilities, recurring revenue and acquisition finance facilities, mezzanine lending, corporate working capital facilities, and credit card programs; treasury management products and services; business and analysis checking, money market, multi-currency, in-country bank, and sweep accounts; receivables services, which include merchant services, remote capture, lockbox, and fraud control services; wire transfer and automated clearing house payment services; business bill pay, credit and debit cards, account analysis, and disbursement services. In addition, it offers foreign exchange and trade finance products and services; letters of credit; and investment services and solutions. The SVB Private Bank segment offers mortgages, home equity lines of credit, restricted and private stock loans, capital call lines of credit, and other secured and unsecured lending products; planning-based financial strategies, wealth management, family office, financial planning, tax planning, and trust services; and real estate secured loans. The SVB Capital segment provides venture capital investment services. The SVB Securities segment provides investment banking services; products and services, including capital raising, merger and acquisition advisory, equity research, and sales and trading. It operates through 56 offices in the United States and internationally. The company was founded in 1983 and is headquartered in Santa Clara, California.",Philip C. Cox,Banks - Regional,106.04,USD,0,https://images.financialmodelingprep.com/symbol/SIVB.png,5570726,1987-10-26,4.183037475345167,0.0,0,3582000000,1672000000,"[{'period': '2022', 'revenue': 6.21, 'unit': 'B', 'net_profit': 1.67}, {'period': '2021', 'revenue': 3.29, 'unit': 'B', 'net_profit': 1.83}, {'period': '2020', 'revenue': 4.0, 'unit': 'B', 'net_profit': 1.21}, {'period': '2019', 'revenue': 3.32, 'unit': 'B', 'net_profit': 1.14}]","[{'period': ""Q4 '22"", 'revenue': 1530.0, 'unit': 'M', 'net_profit': 315.0}, {'period': ""Q3 '22"", 'revenue': 1520.0, 'unit': 'M', 'net_profit': 469.0}, {'period': ""Q2 '22"", 'revenue': 1270.0, 'unit': 'M', 'net_profit': 373.0}, {'period': ""Q1 '22"", 'revenue': 1120.0, 'unit': 'M', 'net_profit': 515.0}, {'period': ""Q4 '21"", 'revenue': 1500.0, 'unit': 'M', 'net_profit': 408.0}, {'period': ""Q3 '21"", 'revenue': 884.0, 'unit': 'M', 'net_profit': 387.0}]",28.35,28.09,211793000000,42954000000,39872000000,195498000000,3082000000,120054000000,13978000000,13803000000,2649000000,0.2,-0.0878341516639389,-0.10680529300567099,"[0.0158, 0.0608]","['1992-05-12', '1987-11-24']",__nan__,0.9230616687048203
650,SIVBP,SVB Financial Group Depositary Shs each representing a 1/40th interest in a share of 5.25% Fixed-Rate Non-Cumulative Perpetual Preferred Stock Series A,"SVB Financial Group, a diversified financial services company, offers various banking and financial products and services. It operates through four segments: Global Commercial Bank, SVB Private Bank, SVB Capital, and SVB Securities. The Global Commercial Bank segment provides commercial banking products and services, including credit, treasury management, foreign exchange, trade finance, and other financial products and services. This segment also offers traditional term and equipment loans, asset-based loans, revolving lines of credit, warehouse facilities, recurring revenue and acquisition finance facilities, mezzanine lending, corporate working capital facilities, and credit card programs; treasury management products and services; business and analysis checking, money market, multi-currency, in-country bank, and sweep accounts; receivables services, which include merchant services, remote capture, lockbox, and fraud control services; wire transfer and automated clearing house payment services; business bill pay, credit and debit cards, account analysis, and disbursement services. In addition, it offers foreign exchange and trade finance products and services; letters of credit; and investment services and solutions. The SVB Private Bank segment offers mortgages, home equity lines of credit, restricted and private stock loans, capital call lines of credit, and other secured and unsecured lending products; planning-based financial strategies, wealth management, family office, financial planning, tax planning, and trust services; and real estate secured loans. The SVB Capital segment provides venture capital investment services. The SVB Securities segment provides investment banking services; products and services, including capital raising, merger and acquisition advisory, equity research, and sales and trading. It operates through 56 offices in the United States and internationally. The company was founded in 1983 and is headquartered in Santa Clara, California.",Philip C. Cox,Banks - Regional,15.23,USD,900001848,https://images.financialmodelingprep.com/symbol/SIVBP.png,309325,2019-12-13,0.5190865712338105,0.0,0,3582000000,1672000000,"[{'period': '2022', 'revenue': 6.21, 'unit': 'B', 'net_profit': 1.67}, {'period': '2021', 'revenue': 3.29, 'unit': 'B', 'net_profit': 1.83}, {'period': '2020', 'revenue': 4.0, 'unit': 'B', 'net_profit': 1.21}, {'period': '2019', 'revenue': 3.32, 'unit': 'B', 'net_profit': 1.14}]","[{'period': ""Q4 '22"", 'revenue': 1530.0, 'unit': 'M', 'net_profit': 315.0}, {'period': ""Q3 '22"", 'revenue': 1520.0, 'unit': 'M', 'net_profit': 469.0}, {'period': ""Q2 '22"", 'revenue': 1270.0, 'unit': 'M', 'net_profit': 373.0}, {'period': ""Q1 '22"", 'revenue': 1120.0, 'unit': 'M', 'net_profit': 515.0}, {'period': ""Q4 '21"", 'revenue': 1500.0, 'unit': 'M', 'net_profit': 408.0}, {'period': ""Q3 '21"", 'revenue': 884.0, 'unit': 'M', 'net_profit': 387.0}]",28.35,28.09,211793000000,42954000000,39872000000,195498000000,3082000000,120054000000,13978000000,13803000000,2649000000,0.2,-0.0878341516639389,-0.10680529300567099,"[0.328, 0.241]","['2023-01-31', '2020-01-31']",__nan__,0.9230616687048203
651,SJ,Scienjoy Holding Corporation Ordinary Shares,"Scienjoy Holding Corporation provides mobile live streaming platforms in the People's Republic of China. It focuses on interactive show live streaming from broadcasters to users. The company's platforms enable users to view and interact with broadcasters through online chat, virtual items, and playing games. As of December 31, 2021, it had 840,640 paying users and 288,898 active broadcasters. The company operates four live streaming platforms under the Showself Live Streaming, Lehai Live Streaming, Haixiu Live Streaming, BeeLive Live Stream names. It also offers technical development and advisory services. The company was founded in 2011 and is based in Beijing, the People's Republic of China. Scienjoy Holding Corporation is a subsidiary of Lavacano Holdings Limited.",Xiaowu He,Broadcasting,1.34,USD,56732609,https://images.financialmodelingprep.com/symbol/SJ.png,71432,2019-03-07,33.5,-0.13,6807,54697207,39690874,"[{'period': '2024', 'revenue': 1360.0, 'unit': 'M', 'net_profit': 39.69}, {'period': '2023', 'revenue': 1460.0, 'unit': 'M', 'net_profit': -30.72}, {'period': '2022', 'revenue': 1940.0, 'unit': 'M', 'net_profit': 192.07}, {'period': '2021', 'revenue': 1670.0, 'unit': 'M', 'net_profit': 169.84}]","[{'period': ""Q3 '25"", 'revenue': 307.01, 'unit': 'M', 'net_profit': 6.84}, {'period': ""Q2 '25"", 'revenue': 349.04, 'unit': 'M', 'net_profit': 22.59}, {'period': ""Q1 '25"", 'revenue': 307.59, 'unit': 'M', 'net_profit': -9.09}, {'period': ""Q4 '24"", 'revenue': 310.2, 'unit': 'M', 'net_profit': -4.73}, {'period': ""Q3 '24"", 'revenue': 344.76, 'unit': 'M', 'net_profit': 2.24}, {'period': ""Q2 '24"", 'revenue': 374.81, 'unit': 'M', 'net_profit': 35.33}]",0.95906,0.95468,1405084689,544607260,290149196,219847154,248852586,257370285,160748771,252523882,67728000,5.874469061225566,2.292166469438462,2.268816066254779,__nan__,__nan__,__nan__,0.15646541145962198
652,SKIN,The Beauty Health Company Class A Common Stock,"The Beauty Health Company designs, develops, manufactures, markets, and sells aesthetic technologies and products worldwide. The company's flagship product includes HydraFacial that enhance the skin to cleanse, peel, exfoliate, extract, infuse, and hydrate the skin with proprietary solutions and serums. Its products also comprise Syndeo, a HydraFacial Delivery System designed to elevate every part of the treatment and connects providers to the consumer's preferences to create a more personalized experience; HydraFacial Nation App, an app that allows consumers to learn about their skin health, discover treatment options, and track their treatments over time; and Keravive, a treatment for scalp health. The company was founded in 1997 and is headquartered in Long Beach, California.",Pedro Malha,Household & Personal Products,0.8052,USD,102882820,https://images.financialmodelingprep.com/symbol/SKIN.png,627464,2020-11-24,-5.03,-0.0933,988659,33000,-9500000,"[{'period': '2025', 'revenue': 300.8, 'unit': 'M', 'net_profit': -9.5}, {'period': '2024', 'revenue': 334.29, 'unit': 'M', 'net_profit': -29.1}, {'period': '2023', 'revenue': 397.99, 'unit': 'M', 'net_profit': -100.12}, {'period': '2022', 'revenue': 365.88, 'unit': 'M', 'net_profit': 44.22}]","[{'period': ""Q4 '25"", 'revenue': 82.4, 'unit': 'M', 'net_profit': -8.1}, {'period': ""Q3 '25"", 'revenue': 70.66, 'unit': 'M', 'net_profit': -11.03}, {'period': ""Q2 '25"", 'revenue': 78.19, 'unit': 'M', 'net_profit': 19.71}, {'period': ""Q1 '25"", 'revenue': 69.58, 'unit': 'M', 'net_profit': -10.1}, {'period': ""Q4 '24"", 'revenue': 83.5, 'unit': 'M', 'net_profit': -10.33}, {'period': ""Q3 '24"", 'revenue': 78.8, 'unit': 'M', 'net_profit': -18.29}]",-0.08,-0.16,499800000,309500000,232700000,438700000,23437000,0,186300000,232700000,37182000,-0.9968082019537673,0.6735170802116984,0.6521739130434784,__nan__,__nan__,__nan__,0.8777511004401761
653,SKINW,The Beauty Health Company Warrant expiring 5/4/2026,,,,,,,,,,,,,13422000,-1111000,"[{'period': '2020', 'revenue': 0.0, 'unit': 'M', 'net_profit': -1.11}, {'period': '2019', 'revenue': 166.62, 'unit': 'M', 'net_profit': -1.64}, {'period': '2018', 'revenue': 112310.0, 'unit': 'K', 'net_profit': -317.0}]","[{'period': ""Q3 '21"", 'revenue': 68.15, 'unit': 'M', 'net_profit': -215.15}, {'period': ""Q2 '21"", 'revenue': 66.51, 'unit': 'M', 'net_profit': -139.38}, {'period': ""Q1 '21"", 'revenue': 47.54, 'unit': 'M', 'net_profit': 13.64}, {'period': ""Q4 '20"", 'revenue': 0.0, 'unit': 'M', 'net_profit': -1.11}, {'period': ""Q3 '20"", 'revenue': 34.56, 'unit': 'M', 'net_profit': -2.21}, {'period': ""Q2 '20"", 'revenue': 14.12, 'unit': 'M', 'net_profit': -10.4}]",1.39,1.39,464001300,3903088,463363287,16865497,0,0,765497,3265075,-16253000,-0.5223657521084659,0.32173382173382176,0,__nan__,__nan__,__nan__,0.036347952042375745
654,SKYAU,Skydeck Acquisition Corp. Units,"Skydeck Acquisition Corp. does not have significant operations. It intends to effect a merger, share exchange, asset acquisition, share purchase, reorganization, or similar business combination with one or more businesses or entities. The company was incorporated in 2021 and is based in Providence, Rhode Island.",Martin J. Mannion,Shell Companies,10.1,USD,0,https://images.financialmodelingprep.com/symbol/SKYAU.png,1453,2021-05-19,0.0,0.0,100,-11374000,25213000,"[{'period': '2022', 'revenue': 0.0, 'unit': 'M', 'net_profit': 25.21}, {'period': '2021', 'revenue': 0.0, 'unit': 'M', 'net_profit': 12.3}]","[{'period': ""Q4 '22"", 'revenue': 0.0, 'unit': 'M', 'net_profit': 5.35}, {'period': ""Q3 '22"", 'revenue': 0.0, 'unit': 'M', 'net_profit': 2.9}, {'period': ""Q2 '22"", 'revenue': 0.0, 'unit': 'M', 'net_profit': 4.58}, {'period': ""Q1 '22"", 'revenue': 0.0, 'unit': 'M', 'net_profit': 12.39}, {'period': ""Q4 '21"", 'revenue': 0.0, 'unit': 'M', 'net_profit': -2.39}, {'period': ""Q3 '21"", 'revenue': 0.0, 'unit': 'M', 'net_profit': 6.09}]",0.91,0.91,225222756,1074641,888375,8562290,0,224148115,403879,888375,-401768,-2.994738688179586,1.0501707594730851,1.0681818181818183,__nan__,__nan__,__nan__,0.038016984393886025
655,SKYT,SkyWater Technology Inc. Common Stock,"SkyWater Technology, Inc., together with its subsidiaries, provides semiconductor development and manufacturing services. The company offers engineering and process development support services to co-create technologies with customers; and semiconductor manufacturing services for various silicon-based analog and mixed-signal, power discrete, microelectromechanical systems, and rad-hard integrated circuits. It serves customers operating in the computation, aerospace and defense, automotive and transportation, bio-health, consumer, and industrial/internet of things industries. The company was incorporated in 2017 and is headquartered in Bloomington, Minnesota.",Thomas J. Sonderman,Semiconductors,27.0,USD,1312893549,https://images.financialmodelingprep.com/symbol/SKYT.png,2124172,2021-04-21,11.07,-0.87,1022227,34502000,118915000,"[{'period': '2025', 'revenue': 442.14, 'unit': 'M', 'net_profit': 118.92}, {'period': '2024', 'revenue': 342.27, 'unit': 'M', 'net_profit': -6.79}, {'period': '2023', 'revenue': 286.68, 'unit': 'M', 'net_profit': -30.76}, {'period': '2022', 'revenue': 212.94, 'unit': 'M', 'net_profit': -39.59}]","[{'period': ""Q4 '25"", 'revenue': 171.04, 'unit': 'M', 'net_profit': -7.78}, {'period': ""Q3 '25"", 'revenue': 150.74, 'unit': 'M', 'net_profit': 144.01}, {'period': ""Q2 '25"", 'revenue': 59.06, 'unit': 'M', 'net_profit': -9.98}, {'period': ""Q1 '25"", 'revenue': 61.3, 'unit': 'M', 'net_profit': -7.34}, {'period': ""Q4 '24"", 'revenue': 75490.0, 'unit': 'K', 'net_profit': -679.0}, {'period': ""Q3 '24"", 'revenue': 93.82, 'unit': 'M', 'net_profit': 1.51}]",2.47,2.44,733781000,193070000,23224000,537964000,100083000,0,324020000,23224000,-53195000,0.3662535144339286,18.50552038863536,18.642857142857142,__nan__,__nan__,__nan__,0.733139724250151
656,SKYW,SkyWest Inc. Common Stock,"SkyWest, Inc., through its subsidiaries, operates a regional airline in the United States. The company operates through two segment, SkyWest Airlines and SkyWest Leasing. It also leases regional jet aircraft and spare engines to third parties. As of December 31, 2021, the company's fleet consisted of 629 aircraft; and provided scheduled passenger and air freight services with approximately 2,080 total daily departures to various destinations in the United States, Canada, Mexico, and the Caribbean. In addition, it offers airport customer and ground handling services for other airlines. SkyWest, Inc. was incorporated in 1972 and is headquartered in St. George, Utah.",Russell A. Childs,"Airlines, Airports & Air Services",89.66,USD,3622862301,https://images.financialmodelingprep.com/symbol/SKYW.png,307400,1986-06-26,8.66,-4.32,372731,1034533000,428334000,"[{'period': '2025', 'revenue': 4059.9999999999995, 'unit': 'M', 'net_profit': 428.33}, {'period': '2024', 'revenue': 3530.0, 'unit': 'M', 'net_profit': 322.96}, {'period': '2023', 'revenue': 2940.0, 'unit': 'M', 'net_profit': 34.34}, {'period': '2022', 'revenue': 3000.0, 'unit': 'M', 'net_profit': 72.95}]","[{'period': ""Q4 '25"", 'revenue': 1020.0, 'unit': 'M', 'net_profit': 91.16}, {'period': ""Q3 '25"", 'revenue': 1050.0, 'unit': 'M', 'net_profit': 116.36}, {'period': ""Q2 '25"", 'revenue': 1040.0, 'unit': 'M', 'net_profit': 120.27}, {'period': ""Q1 '25"", 'revenue': 948.46, 'unit': 'M', 'net_profit': 100.55}, {'period': ""Q4 '24"", 'revenue': 944.4, 'unit': 'M', 'net_profit': 97.38}, {'period': ""Q3 '24"", 'revenue': 912.79, 'unit': 'M', 'net_profit': 89.71}]",10.62,10.35,7386249000,1091194000,706909000,4639816000,0,0,1667608000,0,0,0.11196704942049501,0.32626748657736826,0.3241895261845386,"[0.14, 0.035]","['2020-03-30', '1986-12-08']",__nan__,0.6281694538053076
657,SLAB,Silicon Laboratories Inc. Common Stock,"Silicon Laboratories Inc., a fabless semiconductor company, provides various analog-intensive mixed-signal solutions in the United States, China, and internationally. The company's products include wireless microcontrollers and sensor products. Its products are used in various electronic products in a range of applications for the Internet of Things (IoT), including connected home and security, industrial automation and control, smart metering, smart lighting, commercial building automation, consumer electronics, asset tracking, and medical instrumentation. The company sells its products through its direct sales force, as well as through a network of independent sales representatives and distributors. Silicon Laboratories Inc. was founded in 1996 and is headquartered in Austin, Texas.",Robert Matthew Johnson,Semiconductors,205.93,USD,6786608487,https://images.financialmodelingprep.com/symbol/SLAB.png,761425,2000-03-24,-103.48,-0.86,241551,-18852000,-64907000,"[{'period': '2025', 'revenue': 784.76, 'unit': 'M', 'net_profit': -64.91}, {'period': '2024', 'revenue': 584.39, 'unit': 'M', 'net_profit': -191.01}, {'period': '2023', 'revenue': 782.26, 'unit': 'M', 'net_profit': -34.52}, {'period': '2022', 'revenue': 1020.0, 'unit': 'M', 'net_profit': 91.4}]","[{'period': ""Q4 '25"", 'revenue': 208.21, 'unit': 'M', 'net_profit': -2.68}, {'period': ""Q3 '25"", 'revenue': 206.0, 'unit': 'M', 'net_profit': -9.94}, {'period': ""Q2 '25"", 'revenue': 192.84, 'unit': 'M', 'net_profit': -21.82}, {'period': ""Q1 '25"", 'revenue': 177.71, 'unit': 'M', 'net_profit': -30.47}, {'period': ""Q4 '24"", 'revenue': 166.25, 'unit': 'M', 'net_profit': -23.82}, {'period': ""Q3 '24"", 'revenue': 166.4, 'unit': 'M', 'net_profit': -28.5}]",-1.98,-1.98,1269317000,674017000,443622000,174899000,64513000,0,143787000,364222000,65786000,0.8203168188490059,0.6601905659389561,0.6661045531197302,__nan__,__nan__,__nan__,0.13778985076226033
658,SLAM,Slam Corp. Class A Ordinary Share,"Slam Corp. does not have significant operations. It intends to effect a merger, share exchange, asset acquisition, share purchase, reorganization, or related business combination with one or more businesses or entities. The company was incorporated in 2020 and is based in New York, New York.",Alexander Rodriguez,Shell Companies,11.14,USD,261266431,https://images.financialmodelingprep.com/symbol/SLAM.png,85619,2021-04-16,-278.5,-0.01,77569,0,1829000,"[{'period': '2024', 'revenue': 0.0, 'unit': 'M', 'net_profit': 1.83}, {'period': '2023', 'revenue': 0.0, 'unit': 'M', 'net_profit': 4.59}, {'period': '2022', 'revenue': 0.0, 'unit': 'M', 'net_profit': 18.69}, {'period': '2021', 'revenue': 0.0, 'unit': 'M', 'net_profit': 26.4}]","[{'period': ""Q1 '25"", 'revenue': 0.0, 'unit': 'K', 'net_profit': -692.0}, {'period': ""Q4 '24"", 'revenue': 0.0, 'unit': 'M', 'net_profit': 5.34}, {'period': ""Q3 '24"", 'revenue': 0.0, 'unit': 'M', 'net_profit': 2.76}, {'period': ""Q2 '24"", 'revenue': 0.0, 'unit': 'M', 'net_profit': -1.57}, {'period': ""Q1 '24"", 'revenue': 0.0, 'unit': 'K', 'net_profit': -947.0}, {'period': ""Q4 '23"", 'revenue': 0.0, 'unit': 'M', 'net_profit': -1.0}]",0.08,0.08,23112255,260119,518,42971745,0,0,4090282,518,-2318050,1,-0.6011774967291758,-0.2727272727272727,__nan__,__nan__,__nan__,1.859262326415142
659,SLAMU,Slam Corp. Unit,"Slam Corp. does not have significant operations. It intends to effect a merger, share exchange, asset acquisition, share purchase, reorganization, or related business combination with one or more businesses or entities. The company was incorporated in 2020 and is based in New York, New York.",Alexander Rodriguez,Shell Companies,11.25,USD,166781250,https://images.financialmodelingprep.com/symbol/SLAMU.png,407,2021-02-23,21.510516252390058,0.14,306,0,1829000,"[{'period': '2024', 'revenue': 0.0, 'unit': 'M', 'net_profit': 1.83}, {'period': '2023', 'revenue': 0.0, 'unit': 'M', 'net_profit': 4.59}, {'period': '2022', 'revenue': 0.0, 'unit': 'M', 'net_profit': 18.69}, {'period': '2021', 'revenue': 0.0, 'unit': 'M', 'net_profit': 26.4}]","[{'period': ""Q1 '25"", 'revenue': 0.0, 'unit': 'K', 'net_profit': -692.0}, {'period': ""Q4 '24"", 'revenue': 0.0, 'unit': 'M', 'net_profit': 5.34}, {'period': ""Q3 '24"", 'revenue': 0.0, 'unit': 'M', 'net_profit': 2.76}, {'period': ""Q2 '24"", 'revenue': 0.0, 'unit': 'M', 'net_profit': -1.57}, {'period': ""Q1 '24"", 'revenue': 0.0, 'unit': 'K', 'net_profit': -947.0}, {'period': ""Q4 '23"", 'revenue': 0.0, 'unit': 'M', 'net_profit': -1.0}]",0.08,0.08,23112255,260119,518,42971745,0,0,4090282,518,-2318050,1,-0.6011774967291758,-0.2727272727272727,__nan__,__nan__,__nan__,1.859262326415142
660,SLAMW,Slam Corp. warrant,"Slam Corp. a blank check company, intends to effect a merger, share exchange, asset acquisition, share purchase, reorganization, or related business combination with one or more businesses or entities. The company was founded in 2020 and is based in New York, New York.",Alexander Rodriguez,Shell Companies,0.15,USD,2223750,https://images.financialmodelingprep.com/symbol/SLAMW.png,0,2021-04-15,0.0,0.0049,581025,0,1829000,"[{'period': '2024', 'revenue': 0.0, 'unit': 'M', 'net_profit': 1.83}, {'period': '2023', 'revenue': 0.0, 'unit': 'M', 'net_profit': 4.59}, {'period': '2022', 'revenue': 0.0, 'unit': 'M', 'net_profit': 18.69}, {'period': '2021', 'revenue': 0.0, 'unit': 'M', 'net_profit': 26.4}]","[{'period': ""Q1 '25"", 'revenue': 0.0, 'unit': 'K', 'net_profit': -692.0}, {'period': ""Q4 '24"", 'revenue': 0.0, 'unit': 'M', 'net_profit': 5.34}, {'period': ""Q3 '24"", 'revenue': 0.0, 'unit': 'M', 'net_profit': 2.76}, {'period': ""Q2 '24"", 'revenue': 0.0, 'unit': 'M', 'net_profit': -1.57}, {'period': ""Q1 '24"", 'revenue': 0.0, 'unit': 'K', 'net_profit': -947.0}, {'period': ""Q4 '23"", 'revenue': 0.0, 'unit': 'M', 'net_profit': -1.0}]",0.08,0.08,23112255,260119,518,42971745,0,0,4090282,518,-2318050,1,-0.6011774967291758,-0.2727272727272727,__nan__,__nan__,__nan__,1.859262326415142
661,SLCR,Silver Crest Acquisition Corporation Class A Ordinary Share,"Silver Crest Acquisition Corporation does not have significant operations. It intends to effect a merger, share exchange, asset acquisition, share purchase, reorganization or similar business combination with one or more businesses or entities. The company was incorporated in 2020 and is based in Central, Hong Kong.",Derek Cheung,Shell Companies,7.99,USD,0,https://images.financialmodelingprep.com/symbol/SLCR.png,0,2021-03-08,0.0,0.14,260459,-1061000,4765000,"[{'period': '2021', 'revenue': 0.0, 'unit': 'M', 'net_profit': 4.76}]","[{'period': ""Q2 '22"", 'revenue': 0.0, 'unit': 'M', 'net_profit': 36.57}, {'period': ""Q1 '22"", 'revenue': 0.0, 'unit': 'M', 'net_profit': 2.32}, {'period': ""Q4 '21"", 'revenue': 0.0, 'unit': 'M', 'net_profit': 1.02}, {'period': ""Q3 '21"", 'revenue': 0.0, 'unit': 'M', 'net_profit': 2.65}, {'period': ""Q2 '21"", 'revenue': 0.0, 'unit': 'M', 'net_profit': -10.87}, {'period': ""Q1 '21"", 'revenue': 0.0, 'unit': 'K', 'net_profit': 49.77}]",0.11,0.11,345523,419.329,375.993,33059,0,345104,5001.789,375.993,-1082517,0,0,0,__nan__,__nan__,__nan__,0.09567814588319735
662,SLCRU,Silver Crest Acquisition Corporation Unit,"Silver Crest Acquisition Corporation does not have significant operations. It intends to effect a merger, share exchange, asset acquisition, share purchase, reorganization or similar business combination with one or more businesses or entities. The company was incorporated in 2020 and is based in Central, Hong Kong.",Derek Cheung,Shell Companies,7.4,USD,0,https://images.financialmodelingprep.com/symbol/SLCRU.png,0,2021-01-14,-56.48854961832061,-0.7,11,-1061000,4765000,"[{'period': '2021', 'revenue': 0.0, 'unit': 'M', 'net_profit': 4.76}]","[{'period': ""Q2 '22"", 'revenue': 0.0, 'unit': 'M', 'net_profit': 36.57}, {'period': ""Q1 '22"", 'revenue': 0.0, 'unit': 'M', 'net_profit': 2.32}, {'period': ""Q4 '21"", 'revenue': 0.0, 'unit': 'M', 'net_profit': 1.02}, {'period': ""Q3 '21"", 'revenue': 0.0, 'unit': 'M', 'net_profit': 2.65}, {'period': ""Q2 '21"", 'revenue': 0.0, 'unit': 'M', 'net_profit': -10.87}, {'period': ""Q1 '21"", 'revenue': 0.0, 'unit': 'K', 'net_profit': 49.77}]",0.11,0.11,345523,419.329,375.993,33059,0,345104,5001.789,375.993,-1082517,0,0,0,__nan__,__nan__,__nan__,0.09567814588319735
663,SLCRW,Silver Crest Acquisition Corporation Warrant,"Silver Crest Acquisition Corporation does not have significant operations. It intends to effect a merger, share exchange, asset acquisition, share purchase, reorganization or similar business combination with one or more businesses or entities. The company was incorporated in 2020 and is based in Central, Hong Kong.",Derek Cheung,Shell Companies,0.4001,USD,0,https://images.financialmodelingprep.com/symbol/SLCRW.png,0,2021-03-08,0.0,0.0214,494712,-1061000,4765000,"[{'period': '2021', 'revenue': 0.0, 'unit': 'M', 'net_profit': 4.76}]","[{'period': ""Q2 '22"", 'revenue': 0.0, 'unit': 'M', 'net_profit': 36.57}, {'period': ""Q1 '22"", 'revenue': 0.0, 'unit': 'M', 'net_profit': 2.32}, {'period': ""Q4 '21"", 'revenue': 0.0, 'unit': 'M', 'net_profit': 1.02}, {'period': ""Q3 '21"", 'revenue': 0.0, 'unit': 'M', 'net_profit': 2.65}, {'period': ""Q2 '21"", 'revenue': 0.0, 'unit': 'M', 'net_profit': -10.87}, {'period': ""Q1 '21"", 'revenue': 0.0, 'unit': 'K', 'net_profit': 49.77}]",0.11,0.11,345523,419.329,375.993,33059,0,345104,5001.789,375.993,-1082517,0,0,0,__nan__,__nan__,__nan__,0.09567814588319735
664,SLCT,Select Bancorp Inc. Common Stock,"Select Bancorp, Inc. operates as a bank holding company. The company is headquartered in Dunn, North Carolina and currently employs 205 full-time employees. The Bank is a commercial bank. The Bank provides commercial and retail financial services to customers located in its market areas. The Bank offers a range of banking services, including checking and savings accounts, commercial, consumer, mortgage and personal loans, and other associated financial services. The Bank's lending activities are oriented to the consumer/retail customer, as well as to the small-to-medium sized businesses located in central and eastern North Carolina. The Bank offers commercial, consumer and mortgage lending products. The company originates construction loans for the purpose of acquisition, development and construction of both residential and commercial properties (ADC loans). The Bank's deposits include savings, negotiable order of withdrawal (NOW) account and money market deposits, time deposits and non-interest-bearing deposits.",William Hedgepeth,Banks - Regional,18.88,USD,0,https://images.financialmodelingprep.com/symbol/SLCT.png,51780,2000-11-06,25.27443105756359,0.0,980832,24529000,8163000,"[{'period': '2020', 'revenue': 58.57, 'unit': 'M', 'net_profit': 8.16}, {'period': '2019', 'revenue': 52.31, 'unit': 'M', 'net_profit': 13.04}, {'period': '2018', 'revenue': 52.09, 'unit': 'M', 'net_profit': 13.78}, {'period': '2017', 'revenue': 37.58, 'unit': 'M', 'net_profit': 3.19}]","[{'period': ""Q2 '21"", 'revenue': 17.91, 'unit': 'M', 'net_profit': 5.61}, {'period': ""Q1 '21"", 'revenue': 17.61, 'unit': 'M', 'net_profit': 6.34}, {'period': ""Q4 '20"", 'revenue': 17.57, 'unit': 'M', 'net_profit': 3.92}, {'period': ""Q3 '20"", 'revenue': 14.84, 'unit': 'M', 'net_profit': 2.46}, {'period': ""Q2 '20"", 'revenue': 13270.0, 'unit': 'K', 'net_profit': 681.0}, {'period': ""Q1 '20"", 'revenue': 12.9, 'unit': 'M', 'net_profit': 1.1}]",0.47,0.47,67744000,23324000,305215000,1514677000,5110000,195201000,246000,110723000,7136000,-0.23087294619340273,-0.37376294591484466,-0.3088235294117648,__nan__,__nan__,__nan__,22.35883620689655
665,SLDB,Solid Biosciences Inc. Common Stock,"Solid Biosciences Inc. engages in developing therapies for duchenne muscular dystrophy in the United States. The company's lead product candidate is SGT-001, a gene transfer candidate, which is in a Phase I/II clinical trial to drive functional dystrophin protein expression in patients' muscles; and SGT-003, a ext-generation gene transfer candidate for the treatment of duchenne muscular dystrophy. It also engages in developing of platform technologies, including dual gene expression, a technology for packaging multiple transgenes into one vector, as well as novel capsids. The company has collaboration and license agreement with Ultragenyx Pharmaceutical Inc. to develop and commercialize new gene therapies for Duchenne Muscular Dystrophy. Solid Biosciences Inc. was incorporated in 2013 and is headquartered in Cambridge, Massachusetts.",Alexander G. Cumbo,Biotechnology,7.11,USD,553941522,https://images.financialmodelingprep.com/symbol/SLDB.png,1334177,2018-01-26,-3.57,-0.62,810916,-177570000,-174325000,"[{'period': '2025', 'revenue': 0.0, 'unit': 'M', 'net_profit': -174.32}, {'period': '2024', 'revenue': 0.0, 'unit': 'M', 'net_profit': -124.7}, {'period': '2023', 'revenue': 0.0, 'unit': 'M', 'net_profit': -96.02}, {'period': '2022', 'revenue': 8.09, 'unit': 'M', 'net_profit': -85.98}]","[{'period': ""Q4 '25"", 'revenue': 0.0, 'unit': 'M', 'net_profit': -49.79}, {'period': ""Q3 '25"", 'revenue': 0.0, 'unit': 'M', 'net_profit': -45.78}, {'period': ""Q2 '25"", 'revenue': 0.0, 'unit': 'M', 'net_profit': -39.48}, {'period': ""Q1 '25"", 'revenue': 0.0, 'unit': 'M', 'net_profit': -39.28}, {'period': ""Q4 '24"", 'revenue': 0.0, 'unit': 'M', 'net_profit': -42.6}, {'period': ""Q3 '24"", 'revenue': 0.0, 'unit': 'M', 'net_profit': -32.73}]",-1.99,-1.99,232540000,205456000,187850000,52530000,0,0,33472000,59900000,-157442000,-0.45666190874637,-0.3979887246685967,0.3496732026143791,__nan__,__nan__,__nan__,0.22589661993635504
666,SLGG,Super League Gaming Inc. Common Stock,"Super League Gaming, Inc. builds and operates networks of games, monetization tools, and content channels across metaverse gaming platforms that empower developers, energize players, and entertain fans. The company's solutions provide access to an audience consisting of players in the metaverse environments, fans of various gaming influencers, and viewers of gameplay content across social media and digital video platforms. The company's platform includes access to in-game communities, a metaverse advertising platform, and a network of highly viewed channels and original shows on Instagram, TikTok, Snap, YouTube, and Twitch, as well as cloud-based livestream production tools and an esports invitational tournament series. Its properties also deliver opportunities for brands and advertisers to achieve insights and marketing outcomes with gamers of various ages. The company was formerly known as Nth Games, Inc. and changed its name to Super League Gaming, Inc. in June 2015. The company was incorporated in 2014 and is headquartered in Santa Monica, California.",Ann Hand,Internet Content & Information,0.0856,USD,291828,https://images.financialmodelingprep.com/symbol/SLGG.png,1180381,2019-02-26,-0.002601823708206687,-0.025,5374325,-16754000000,-16635000000,"[{'period': '2024', 'revenue': 16.18, 'unit': 'B', 'net_profit': -16.64}, {'period': '2022', 'revenue': 19.68, 'unit': 'M', 'net_profit': -85.45}, {'period': '2021', 'revenue': 11.67, 'unit': 'M', 'net_profit': -20.75}, {'period': '2020', 'revenue': 2.06, 'unit': 'M', 'net_profit': -18.76}]","[{'period': ""Q3 '25"", 'revenue': 2.42, 'unit': 'B', 'net_profit': -3.56}, {'period': ""Q2 '25"", 'revenue': 3.0, 'unit': 'B', 'net_profit': -2.78}, {'period': ""Q1 '25"", 'revenue': 2.72, 'unit': 'B', 'net_profit': -4.23}, {'period': ""Q4 '24"", 'revenue': 16.17, 'unit': 'B', 'net_profit': -16.6}, {'period': ""Q3 '24"", 'revenue': 4.43, 'unit': 'B', 'net_profit': -3.63}, {'period': ""Q2 '24"", 'revenue': 4.12, 'unit': 'B', 'net_profit': -2.46}]",-123.8,-123.8,0,0,0,0,0,0,0,0,-11462000000,0,0,0,__nan__,__nan__,__nan__,__nan__
667,SLGL,Sol-Gel Technologies Ltd. Ordinary Shares,"Sol-Gel Technologies Ltd., a clinical stage specialty pharmaceutical company, focuses on developing and commercializing topical dermatological drug products based on its proprietary microencapsulation delivery system in Israel. The company's lead product candidates include Twyneo, a novel, once-daily, non-antibiotic topical cream which has completed Phase III clinical trials for the treatment of acne vulgaris; Epsolay, a once-daily topical cream that has completed Phase III clinical trials for the treatment of papulopustular rosacea; SGT-210, which is in Phase I clinical trial for the treatment of palmoplantar keratoderma; and Erlotinib, Tapinarof, and roflumilast to treat psoriasis and other medical conditions. It is also involved in the development of generic topical dermatological drug products. The company has collaboration with Perrigo. Sol-Gel Technologies Ltd. was incorporated in 1997 and is headquartered in Ness Ziona, Israel.",Moshe Arkin,Biotechnology,79.2,USD,222542338,https://images.financialmodelingprep.com/symbol/SLGL.png,27372,2018-02-01,-36.16,1.45,62519,-7483000,-6127000,"[{'period': '2025', 'revenue': 19.39, 'unit': 'M', 'net_profit': -6.13}, {'period': '2024', 'revenue': 11.54, 'unit': 'M', 'net_profit': -10.58}, {'period': '2023', 'revenue': 1.55, 'unit': 'M', 'net_profit': -27.24}, {'period': '2022', 'revenue': 3.88, 'unit': 'M', 'net_profit': -14.92}]","[{'period': ""Q4 '25"", 'revenue': 0.6960000000000001, 'unit': 'M', 'net_profit': -2.99}, {'period': ""Q3 '25"", 'revenue': 0.4, 'unit': 'M', 'net_profit': -5.94}, {'period': ""Q2 '25"", 'revenue': 17.26, 'unit': 'M', 'net_profit': 11.61}, {'period': ""Q1 '25"", 'revenue': 1.03, 'unit': 'M', 'net_profit': -8.81}, {'period': ""Q4 '24"", 'revenue': 0.278, 'unit': 'M', 'net_profit': -5.85}, {'period': ""Q3 '24"", 'revenue': 5360.0, 'unit': 'K', 'net_profit': -366.0}]",-2.2,-2.2,29917000,26971000,23999000,7106000,1968000,1324000,6171000,11033000,275000,0.27679520634000193,0.4208884688090737,-4.789473684210527,__nan__,__nan__,__nan__,0.23752381589063074
668,SLGN,Silgan Holdings Inc. Common Stock,"Silgan Holdings Inc., together with its subsidiaries, manufactures and sells rigid packaging for consumer goods products in North America, Europe, and internationally. It operates through three segments: Dispensing and Specialty Closures, Metal Containers, and Custom Containers. The Metal Containers segment manufactures and sells steel and aluminum containers for food products, such as pet food, vegetables, soups, proteins, tomato based products, adult nutritional drinks, fruits, and other miscellaneous food products, as well as general line metal containers primarily for chemicals. The Dispensing and Specialty Closures segment offers a range of metal and plastic closures, and dispensing systems for use in food, beverage, health care, garden, home, personal care, and beauty products, as well as capping/sealing equipment and detection systems. The Custom Containers segment manufactures and sells custom designed and stock plastic containers for use in personal care and health care; food and beverage; household and industrial chemical; pharmaceutical; pet food and care; agricultural; automotive; and marine chemical products. This segment also provides plastic thermoformed barrier and non-barrier bowls, and trays for food products, such as soups, other ready-to-eat meals, and pet food products; and plastic closures, caps, sifters, and fitments, as well as thermoformed tubs for food, household, and personal care products, including soft fabric wipes. The company markets its products primarily through direct sales force, as well as through a network of distributors and an online shopping catalog. Silgan Holdings Inc. was founded in 1987 and is headquartered in Stamford, Connecticut.",Adam J. Greenlee,Packaging & Containers,38.08,USD,4015231360,https://images.financialmodelingprep.com/symbol/SLGN.png,958815,1997-02-14,14.1,-0.72,650109,920300000,288400000,"[{'period': '2025', 'revenue': 6480.0, 'unit': 'M', 'net_profit': 288.4}, {'period': '2024', 'revenue': 5850.0, 'unit': 'M', 'net_profit': 276.38}, {'period': '2023', 'revenue': 5990.0, 'unit': 'M', 'net_profit': 325.96}, {'period': '2022', 'revenue': 6410.0, 'unit': 'M', 'net_profit': 340.85}]","[{'period': ""Q4 '25"", 'revenue': 1470.0, 'unit': 'M', 'net_profit': 18.2}, {'period': ""Q3 '25"", 'revenue': 2009.9999999999998, 'unit': 'M', 'net_profit': 113.3}, {'period': ""Q2 '25"", 'revenue': 1540.0, 'unit': 'M', 'net_profit': 88.94}, {'period': ""Q1 '25"", 'revenue': 1470.0, 'unit': 'M', 'net_profit': 67.96}, {'period': ""Q4 '24"", 'revenue': 1410.0, 'unit': 'M', 'net_profit': 45.06}, {'period': ""Q3 '24"", 'revenue': 1750.0, 'unit': 'M', 'net_profit': 100.05}]",2.71,2.7,9397083000,2991918000,1080659000,7122782000,589400000,0,2451869000,1080659000,422700000,0.16505026439285855,0.04349839712278112,0.04633204633204638,"[0.21, 0.15]","['2026-03-17', '2004-05-27']",__nan__,0.7579779810394354
669,SLM,SLM Corporation Common Stock,"SLM Corporation, through its subsidiaries, originates and services private education loans to students and their families to finance the cost of their education in the United States. It also offers retail deposit accounts, including certificates of deposit, money market deposit accounts, and high-yield savings accounts; and omnibus accounts, as well as credit card loans. It serves students and families through financial aid, federal loans, and student and family resources. The company was formerly known as New BLC Corporation and changed its name to SLM Corporation in December 2013. SLM Corporation was founded in 1972 and is headquartered in Newark, Delaware.",Jonathan W. Witter,Financial - Credit Services,20.36,USD,4034435800,https://images.financialmodelingprep.com/symbol/SLM.png,3728662,1983-09-23,5.88,-0.28,2513610,995324000,744847000,"[{'period': '2025', 'revenue': 3110.0, 'unit': 'M', 'net_profit': 744.85}, {'period': '2024', 'revenue': 2990.0, 'unit': 'M', 'net_profit': 608.33}, {'period': '2023', 'revenue': 2840.0, 'unit': 'M', 'net_profit': 581.39}, {'period': '2022', 'revenue': 2370.0, 'unit': 'M', 'net_profit': 469.01}]","[{'period': ""Q4 '25"", 'revenue': 733.87, 'unit': 'M', 'net_profit': 233.19}, {'period': ""Q3 '25"", 'revenue': 830.29, 'unit': 'M', 'net_profit': 135.85}, {'period': ""Q2 '25"", 'revenue': 683.53, 'unit': 'M', 'net_profit': 71.27}, {'period': ""Q1 '25"", 'revenue': 862.13, 'unit': 'M', 'net_profit': 304.54}, {'period': ""Q4 '24"", 'revenue': 689.15, 'unit': 'M', 'net_profit': 111.55}, {'period': ""Q3 '24"", 'revenue': 677.16, 'unit': 'M', 'net_profit': -45.15}]",3.52,3.46,29746295000,4025614000,4025614000,27294937000,1910071000,0,498415000,4025614000,575519000,0.21932945235015092,0.22442280031233305,0.2893772893772894,"[0.13, 2.8924]","['2026-03-05', '1985-02-25']",__nan__,0.9175911487464237
670,SLMBP,SLM Corporation Floating Rate Non-Cumulative Preferred Stock Series B,"SLM Corporation, through its subsidiaries, originates and services private education loans to students and their families to finance the cost of their education in the United States. It also offers retail deposit accounts, including certificates of deposit, money market deposit accounts, and high-yield savings accounts; and omnibus accounts, as well as credit card loans. It serves students and families through financial aid, federal loans, and student and family resources. The company was formerly known as New BLC Corporation and changed its name to SLM Corporation in December 2013. SLM Corporation was founded in 1972 and is headquartered in Newark, Delaware.",Jonathan W. Witter,Financial - Credit Services,74.79,USD,6706552277,https://images.financialmodelingprep.com/symbol/SLMBP.png,5718,2005-07-11,34.87,0.29,1261,995324000,744847000,"[{'period': '2025', 'revenue': 3110.0, 'unit': 'M', 'net_profit': 744.85}, {'period': '2024', 'revenue': 2990.0, 'unit': 'M', 'net_profit': 608.33}, {'period': '2023', 'revenue': 2840.0, 'unit': 'M', 'net_profit': 581.39}, {'period': '2022', 'revenue': 2370.0, 'unit': 'M', 'net_profit': 469.01}]","[{'period': ""Q4 '25"", 'revenue': 733.87, 'unit': 'M', 'net_profit': 233.19}, {'period': ""Q3 '25"", 'revenue': 830.29, 'unit': 'M', 'net_profit': 135.85}, {'period': ""Q2 '25"", 'revenue': 683.53, 'unit': 'M', 'net_profit': 71.27}, {'period': ""Q1 '25"", 'revenue': 862.13, 'unit': 'M', 'net_profit': 304.54}, {'period': ""Q4 '24"", 'revenue': 689.15, 'unit': 'M', 'net_profit': 111.55}, {'period': ""Q3 '24"", 'revenue': 677.16, 'unit': 'M', 'net_profit': -45.15}]",3.52,3.46,29746295000,4025614000,4025614000,27294937000,1910071000,0,498415000,4025614000,575519000,0.21932945235015092,0.22442280031233305,0.2893772893772894,"[1.43271, 1.119]","['2026-03-05', '2005-08-31']",__nan__,0.9175911487464237
671,SLN,Silence Therapeutics Plc American Depository Share,"Silence Therapeutics plc, a biotechnology company, focuses on the discovery and development of novel ribonucleic acid (RNA) therapeutics in hematology, cardiovascular, and other rare and metabolic indications. The company's platform includes mRNAi GalNAc Oligonucleotide Discovery platform designed to accurately target specific disease-associated genes in the liver. It designs short interfering RNA molecules to harness the body's natural mechanism of RNA interference, and degrading messenger RNA molecules that encode specific targeted disease-associated proteins in a cell. The company is developing various product candidates, including SLN360, which is Phase I clinical trials for the treatment of cardiovascular disease with high lipoprotein; SLN124 that is in Phase I clinical trials for the treatment of non-transfusion dependent thalassemia, and Phase I clinical trials for the treatment of myelodysplastic syndrome; and SLN124 for the treatment of polycythemia vera. It has collaboration agreements with AstraZeneca PLC to discover, develop, and commercialize small interfering RNA therapeutics for the treatment of cardiovascular, renal, metabolic, and respiratory diseases; and Mallinckrodt Pharma IP Trading DAC to develop and commercialize RNAi drug targets designed to silence the complement cascade in complement-mediated disorders. The company also has a collaboration with Hansoh Pharmaceutical Group Company Limited to develop siRNAs for three undisclosed targets leveraging Silence's mRNAi GOLD platform. The company was formerly known as SR Pharma plc and changed its name to Silence Therapeutics plc in May 2007. Silence Therapeutics plc is headquartered in London, the United Kingdom.",Iain Gladstone Ross,Biotechnology,4.93,USD,232863364,https://images.financialmodelingprep.com/symbol/SLN.png,281233,2020-09-08,-2.61,-0.38,302909,-60802203,-88612000,"[{'period': '2025', 'revenue': 0.559, 'unit': 'M', 'net_profit': -88.61}, {'period': '2024', 'revenue': 43.26, 'unit': 'M', 'net_profit': -45.31}, {'period': '2023', 'revenue': 25.38, 'unit': 'M', 'net_profit': -43.27}, {'period': '2022', 'revenue': 21.66, 'unit': 'M', 'net_profit': -50.33}]","[{'period': ""Q4 '25"", 'revenue': 0.034, 'unit': 'M', 'net_profit': -11.77}, {'period': ""Q3 '25"", 'revenue': 0.159, 'unit': 'M', 'net_profit': -20.96}, {'period': ""Q2 '25"", 'revenue': 0.224, 'unit': 'M', 'net_profit': -27.35}, {'period': ""Q1 '25"", 'revenue': 0.14200000000000002, 'unit': 'M', 'net_profit': -28.53}, {'period': ""Q4 '24"", 'revenue': 24.33, 'unit': 'M', 'net_profit': 14.17}, {'period': ""Q3 '24"", 'revenue': 1.14, 'unit': 'M', 'net_profit': -27.01}]",-1.89,-1.89,131442000,118658000,85114000,51311458,18267526,0,13613000,11277000,-62326000,-0.2411399089591541,-0.9557262354057693,0.20253164556962028,__nan__,__nan__,__nan__,0.39037338141537714
672,SLNG,Stabilis Solutions Inc. Common Stock,"Stabilis Solutions, Inc., together with its subsidiaries, provides small-scale liquefied natural gas (LNG) production, distribution, and fueling services to various end markets in North America. It operates in two segments, LNG and Power Delivery. The company supplies LNG to the industrial, midstream, and oilfield sectors; and offers fuel solutions to industrial users of propane, diesel, and other crude-based fuel products, as well as provides cryogenic equipment rental and field services. It also provides electrical and instrumentation construction, and installation services; and builds electrical systems. The company serves aerospace, industrial, utilities and pipelines, mining, energy, commercial, and transportation markets. Stabilis Solutions, Inc. was founded in 2013 and is headquartered in Houston, Texas.",J. Casey Crenshaw,Oil & Gas Integrated,4.79,USD,89076282,https://images.financialmodelingprep.com/symbol/SLNG.png,32225,2007-05-16,-68.43,0.22,56606,4827000,-1354000,"[{'period': '2025', 'revenue': 68.25, 'unit': 'M', 'net_profit': -1.35}, {'period': '2024', 'revenue': 73.29, 'unit': 'M', 'net_profit': 4.6}, {'period': '2023', 'revenue': 73110.0, 'unit': 'K', 'net_profit': 125.0}, {'period': '2022', 'revenue': 98.82, 'unit': 'M', 'net_profit': -3.19}]","[{'period': ""Q4 '25"", 'revenue': 13270.0, 'unit': 'K', 'net_profit': -262.0}, {'period': ""Q3 '25"", 'revenue': 20.32, 'unit': 'M', 'net_profit': 1.12}, {'period': ""Q2 '25"", 'revenue': 17310.0, 'unit': 'K', 'net_profit': -613.0}, {'period': ""Q1 '25"", 'revenue': 17.34, 'unit': 'M', 'net_profit': -1.6}, {'period': ""Q4 '24"", 'revenue': 17.3, 'unit': 'M', 'net_profit': 2.11}, {'period': ""Q3 '24"", 'revenue': 17630.0, 'unit': 'K', 'net_profit': 997.0}]",-0.0728,-0.0728,83110000,12907000,7459000,16438000,3130000,11946000,9957000,7459000,462000,-0.6053147996729354,-1.294411828658404,-1.2912,__nan__,__nan__,__nan__,0.19778606665864518
673,SLNO,Soleno Therapeutics Inc. Common Stock,"Soleno Therapeutics, Inc., a clinical-stage biopharmaceutical company, focuses on the development and commercialization of novel therapeutics for the treatment of rare diseases. Its lead candidate is Diazoxide Choline Controlled-Release, a once-daily oral tablet for the treatment of Prader-Willi Syndrome, which is being evaluated in an ongoing Phase III clinical development program. The company was formerly known as Capnia, Inc. and changed its name to Soleno Therapeutics, Inc. in May 2017. Soleno Therapeutics, Inc. was incorporated in 1999 and is based in Redwood City, California.",Anish Bhatnagar,Biotechnology,30.05,USD,1613986161,https://images.financialmodelingprep.com/symbol/SLNO.png,1560871,2014-11-13,77.05,-1.81,1723905,28383000,20890000,"[{'period': '2025', 'revenue': 190.41, 'unit': 'M', 'net_profit': 20.89}, {'period': '2024', 'revenue': 0.0, 'unit': 'M', 'net_profit': -175.85}, {'period': '2023', 'revenue': 0.0, 'unit': 'M', 'net_profit': -38.99}, {'period': '2022', 'revenue': 0.0, 'unit': 'M', 'net_profit': -24.07}]","[{'period': ""Q4 '25"", 'revenue': 91.73, 'unit': 'M', 'net_profit': 43.36}, {'period': ""Q3 '25"", 'revenue': 66.02, 'unit': 'M', 'net_profit': 26.01}, {'period': ""Q2 '25"", 'revenue': 32.66, 'unit': 'M', 'net_profit': -4.71}, {'period': ""Q1 '25"", 'revenue': 0.0, 'unit': 'M', 'net_profit': -43.77}, {'period': ""Q4 '24"", 'revenue': 0.0, 'unit': 'M', 'net_profit': -55.98}, {'period': ""Q3 '24"", 'revenue': 0.0, 'unit': 'M', 'net_profit': -76.62}]",0.41,0.39,563830000,355814000,305472000,113715000,28208000,0,61363000,70106000,46725000,1.1634664117213418,1.1187944270685244,1.0936073059360731,__nan__,__nan__,__nan__,0.20168313144032776
674,SLP,Simulations Plus Inc. Common Stock,"Simulations Plus, Inc. develops drug discovery and development software for modeling and simulation, and prediction of molecular properties utilizing artificial intelligence and machine learning based technology worldwide. It operates through four segments: Simulations Plus, Cognigen, DILIsym, and Lixoft. The company offers GastroPlus, which simulates the absorption and drug interaction of compounds administered to humans and animals; and DDDPlus and MembranePlus simulation products. It also provides products based on mechanistic and mathematical models, such as DILIsym, a quantitative systems pharmacology software; NAFLDsym; IPFsym; RENAsym; and MITOsym. In addition, the company provides Absorption, Distribution, Metabolism, Excretion, and Toxicity Predictor for chemistry-based computer program that takes molecular structures as inputs and predicts their properties; and MedChem Designer, as well as modeling and simulation products comprising MonolixSuite and PKPlus. Further, it provides population modeling and simulation contract research services; training and consulting services designed to accelerate pharmacometrics studies; and clinical-pharmacology-based consulting services in support of regulatory submissions. The company serves pharmaceutical, biotechnology, agrochemical, cosmetics, and food companies, as well as academic and regulatory agencies. Simulations Plus, Inc. was incorporated in 1996 and is headquartered in Lancaster, California.",Shawn O'Connor,Medical - Healthcare Information Services,11.42,USD,230074001,https://images.financialmodelingprep.com/symbol/SLP.png,322486,1997-06-18,-3.57,-0.28,196664,14703000,-64718000,"[{'period': '2025', 'revenue': 79.18, 'unit': 'M', 'net_profit': -64.72}, {'period': '2024', 'revenue': 70.01, 'unit': 'M', 'net_profit': 9.95}, {'period': '2023', 'revenue': 59.58, 'unit': 'M', 'net_profit': 9.96}, {'period': '2022', 'revenue': 53.91, 'unit': 'M', 'net_profit': 12.48}]","[{'period': ""Q1 '26"", 'revenue': 18420.0, 'unit': 'K', 'net_profit': 676.0}, {'period': ""Q4 '25"", 'revenue': 17460.0, 'unit': 'K', 'net_profit': -681.0}, {'period': ""Q3 '25"", 'revenue': 20.36, 'unit': 'M', 'net_profit': -67.32}, {'period': ""Q2 '25"", 'revenue': 22.43, 'unit': 'M', 'net_profit': 3.07}, {'period': ""Q1 '25"", 'revenue': 18920.0, 'unit': 'K', 'net_profit': 206.0}, {'period': ""Q4 '24"", 'revenue': 18660.0, 'unit': 'K', 'net_profit': 843.0}]",-3.22,-3.22,131936000,51549000,32353000,7135000,14617000,0,6725000,30853000,17413000,0.24643947100712105,-7.5017078561382355,-7.44,"[0.06, 0.05]","['2024-07-29', '2012-02-16']",__nan__,0.05407925054571914
675,SLRC,SLR Investment Corp. Common Stock,"SLR Investment Corp. is a business development company specializing in secured debt (first lien unitranche and second lien), subordinated (unsecured) debt, minority equity, leveraged buyouts, acquisitions, recapitalizations, general refinancing, growth capital and strategic income-oriented control equity investments in leveraged middle market companies. The fund invests in aerospace and defense; air freight & logistics; asset management; automotive; banking; beverage, food and tobacco; building products; buildings and real estate; broadcasting and entertainment; cargo transport; commercial services and supplies; communications equipment; chemicals, plastics and rubber; containers, packaging and glass; construction & engineering; diversified/conglomerate manufacturing; consumer Finance; distributors; diversified/conglomerate services; diversified financial services; diversified real estate activities; food products; Footwear; Education Services; diversified telecommunications services; electronics; farming and agriculture; finance; grocery; health care equipment and supplies; health care facilities; education and childcare; home and office furnishing, durable consumer products; hotels, motels, inns and gaming; insurance; restaurants, leisure, amusement, and entertainment; leisure equipment tolls and services, media, multiline retail, multi sector holdings; paper and forest products; personal products; professional services, research and consulting services, software; specialty retail; textiles apparel and luxury goods, thrifts and mortgage finance, trading companies and distributors, utilities, and wireless telecommunication services; industrial conglomerates; internet software and services, IT services, machinery; mining, steel, iron, and non-precious metals; oil and gas; personal, food and miscellaneous services; printing and publishing; retail stores; telecommunications; textiles and leather; and utilities. It also invests in life sciences with focus on specialty pharmaceuticals, medical devices, biotech, health Care Providers and services; health Care technology, enabling technologies and tools. The fund primarily invests in United States. The fund's investments generally range between $5 million and $100 million. The fund invests in companies with revenues between $50 million and $1 billion and EBITDA between $15 million and $100 million. It invests in the form of senior secured loans, mezzanine loans, and equity securities. It may also seek investments in thinly traded public companies and also make secondary investments. The fund makes non-control equity investments. It primarily exits within three years of the initial capital commitment.",Michael Stuart Gross,Asset Management,13.91,USD,758854959,https://images.financialmodelingprep.com/symbol/SLRC.png,310059,2010-02-09,8.18,-0.25,389588,163575000,92537000,"[{'period': '2025', 'revenue': 220.14, 'unit': 'M', 'net_profit': 92.54}, {'period': '2024', 'revenue': 176.45, 'unit': 'M', 'net_profit': 95.76}, {'period': '2023', 'revenue': 159.05, 'unit': 'M', 'net_profit': 76.39}, {'period': '2022', 'revenue': 74.4, 'unit': 'M', 'net_profit': 18.34}]","[{'period': ""Q4 '25"", 'revenue': 54.92, 'unit': 'M', 'net_profit': 25.07}, {'period': ""Q3 '25"", 'revenue': 45.29, 'unit': 'M', 'net_profit': 23.3}, {'period': ""Q2 '25"", 'revenue': 43.38, 'unit': 'M', 'net_profit': 24.23}, {'period': ""Q1 '25"", 'revenue': 37.96, 'unit': 'M', 'net_profit': 19.93}, {'period': ""Q4 '24"", 'revenue': 40.72, 'unit': 'M', 'net_profit': 22.61}, {'period': ""Q3 '24"", 'revenue': 43.5, 'unit': 'M', 'net_profit': 22.05}]",1.7,1.7,2572564000,27581000,15716000,1576571000,11865000,2124812000,88100000,15716000,-72022000,0.7082302077132743,-0.0336267844648433,-0.03409090909090912,"[0.41, 0.34]","['2026-03-13', '2010-03-16']",__nan__,0.6128403413870365
676,SLRX,Salarius Pharmaceuticals Inc. Common Stock,"Salarius Pharmaceuticals, Inc., a clinical-stage biotechnology company, focuses on developing epigenetic-based cancer treatments. Its lead candidate is Seclidemstat (SP-2577), a small molecular inhibitor which is in Phase I/II clinical trial for the treatment of advanced solid tumors, as well as Ewing sarcoma. The company also offers SP-3164, a small molecular protein degrader for the treatment of hematological and solid tumors. It has a strategic partnership with The University of Utah Research Foundation for the exclusive license with respect to patent rights protecting SP-2577 and related compounds; HLB Life Sciences to develop, produce, manufacture, use, and sell the drug in South Korea; and Cancer Prevention and Research Institute of Texas for product development activities, as well as a research partnership with the Cancer Epigenetics Institute at Fox Chase Cancer Center to identify new indications and biomarkers for SP-2577. The company is headquartered in Houston, Texas.",Frederick E. Pierce,Biotechnology,0.84,USD,4924230,https://images.financialmodelingprep.com/symbol/SLRX.png,3681706,2015-01-29,-0.034653465346534656,0.19,5962438,-5729892,-5575777,"[{'period': '2024', 'revenue': 0.0, 'unit': 'M', 'net_profit': -5.58}, {'period': '2023', 'revenue': 0.0, 'unit': 'M', 'net_profit': -12.54}, {'period': '2022', 'revenue': 0.0, 'unit': 'M', 'net_profit': -31.61}, {'period': '2021', 'revenue': 0.0, 'unit': 'M', 'net_profit': -12.77}]","[{'period': ""Q3 '25"", 'revenue': 0.0, 'unit': 'K', 'net_profit': -873.47}, {'period': ""Q2 '25"", 'revenue': 0.0, 'unit': 'K', 'net_profit': -957.83}, {'period': ""Q1 '25"", 'revenue': 0.0, 'unit': 'M', 'net_profit': -1.71}, {'period': ""Q4 '24"", 'revenue': 0.0, 'unit': 'M', 'net_profit': -1.46}, {'period': ""Q3 '24"", 'revenue': 0.0, 'unit': 'K', 'net_profit': -972.12}, {'period': ""Q2 '24"", 'revenue': 0.0, 'unit': 'M', 'net_profit': -1.42}]",-86.85,-86.85,3022974,2987562,2434528,1511279,0,0,1511279,2434528,-4525337,0.5553015457714705,0.5554561528373532,-1522.6842105263156,__nan__,__nan__,__nan__,0.49993119358618365
677,SLS,SELLAS Life Sciences Group Inc. Common Stock,"SELLAS Life Sciences Group, Inc., a late-stage biopharmaceutical company, focuses on the development of novel cancer immunotherapies for various cancer indications in the United States. Its lead product candidate is galinpepimut-S (GPS), a cancer immunotherapeutic agent that targets Wilms tumor 1, which is in Phase III clinical trials for the treatment of acute myeloid leukemia; and in Phase 1/2 clinical trials for the treatment for ovarian cancer. The company also develops nelipepimut-S, a cancer immunotherapy that targets human epidermal growth factor receptor 2, which is in Phase 2b clinical trials for the treatment of early-stage breast cancer. It has a strategic collaboration with Merck & Co., Inc. to evaluate GPS as it is administered in combination with PD1 blocker pembrolizumab in a Phase 1/2 clinical trial enrolling patients in up to five cancer indications, including hematologic malignancies and solid tumors. The company was founded in 2012 and is headquartered in New York, New York.",Angelos Stergiou,Biotechnology,4.365,USD,621759330,https://images.financialmodelingprep.com/symbol/SLS.png,9267989,2008-03-12,-17.46,-0.585,10099512,-28274000,-26863000,"[{'period': '2025', 'revenue': 0.0, 'unit': 'M', 'net_profit': -26.86}, {'period': '2024', 'revenue': 0.0, 'unit': 'M', 'net_profit': -30.88}, {'period': '2023', 'revenue': 0.0, 'unit': 'M', 'net_profit': -37.34}, {'period': '2022', 'revenue': 1.0, 'unit': 'M', 'net_profit': -41.3}]","[{'period': ""Q4 '25"", 'revenue': 0.0, 'unit': 'M', 'net_profit': -7.66}, {'period': ""Q3 '25"", 'revenue': 0.0, 'unit': 'M', 'net_profit': -6.79}, {'period': ""Q2 '25"", 'revenue': 0.0, 'unit': 'M', 'net_profit': -6.6}, {'period': ""Q1 '25"", 'revenue': 0.0, 'unit': 'M', 'net_profit': -5.81}, {'period': ""Q4 '24"", 'revenue': 0.0, 'unit': 'M', 'net_profit': -6.74}, {'period': ""Q3 '24"", 'revenue': 0.0, 'unit': 'M', 'net_profit': -7.11}]",-0.25,-0.25,78345000,75211000,71893000,7474000,0,0,7017000,71893000,-28389000,-45.7373417721519,0.1301123668274991,0.5,__nan__,__nan__,__nan__,0.09539855766162486
678,SMBC,Southern Missouri Bancorp Inc. Common Stock,"Southern Missouri Bancorp, Inc. operates as the bank holding company for Southern Bank that provides banking and financial services to individuals and corporate customers in the United States. The company offers business banking, business financing, and business services. It also provides personal banking services, which include online and mobile banking, checking and savings, mortgage and refinance, and loans and credit services. In addition, the company offers investing and insurance services. Further, it provides accounts and digital banking services; and debit or credit cards. As of June 30, 2021, the company operated 46 full-service branch offices, and two limited-service branch offices located in Poplar Bluff, Van Buren, Dexter, Kennett, Doniphan, Sikeston, Qulin, Matthews, Springfield, Thayer, West Plains, Alton, Clever, Forsyth, Fremont Hills, Kimberling City, Ozark, Nixa, Rogersville, Marshfield, Cape Girardeau, Jackson, Gideon, Chaffee, Benton, Advance, Bloomfield, Essex, and Rolla, Missouri; Jonesboro, Paragould, Batesville, Searcy, Bald Knob, Bradford, and Cabot, Arkansas; and Anna, Cairo, and Tamms, Illinois. Southern Missouri Bancorp, Inc. was founded in 1887 and is headquartered in Poplar Bluff, Missouri.",Greg A. Steffens,Banks - Regional,62.44,USD,693602252,https://images.financialmodelingprep.com/symbol/SMBC.png,55579,1994-04-12,10.8,-0.72,38095,84016000,58315000,"[{'period': '2025', 'revenue': 305.25, 'unit': 'M', 'net_profit': 58.31}, {'period': '2024', 'revenue': 273.22, 'unit': 'M', 'net_profit': 50.18}, {'period': '2023', 'revenue': 202.62, 'unit': 'M', 'net_profit': 39.24}, {'period': '2022', 'revenue': 138.07, 'unit': 'M', 'net_profit': 47.17}]","[{'period': ""Q2 '26"", 'revenue': 79.01, 'unit': 'M', 'net_profit': 18.15}, {'period': ""Q1 '26"", 'revenue': 79.6, 'unit': 'M', 'net_profit': 15.65}, {'period': ""Q4 '25"", 'revenue': 77.92, 'unit': 'M', 'net_profit': 15.79}, {'period': ""Q3 '25"", 'revenue': 76.55, 'unit': 'M', 'net_profit': 15.61}, {'period': ""Q2 '25"", 'revenue': 76.29, 'unit': 'M', 'net_profit': 14.65}, {'period': ""Q1 '25"", 'revenue': 74.55, 'unit': 'M', 'net_profit': 12.46}]",5.19,5.18,5019607000,4702018000,653949000,4474915000,4048069000,4049392000,4310554000,193105000,75294000,0.14772820414742766,0.16207006496353274,0.1742081447963802,"[0.25, 0.125]","['2026-02-13', '1995-05-09']",__nan__,0.8914871223982276
679,SMBK,SmartFinancial Inc. Common Stock,"SmartFinancial, Inc. operates as the bank holding company for SmartBank that provides various financial services to individuals and corporate customers. It operates through Commercial Real Estate, Consumer Real Estate, Construction and Land Development, Commercial and Industrial, and Consumer and Other segments. The company offers noninterest-bearing and interest-bearing checking, interest-bearing demand, savings, money market, time deposit, individual retirement accounts, as well as certificates of deposit. It also provides commercial and residential real estate, consumer real estate, and construction and land development loans; commercial and financial loans; mortgage loans; and direct consumer installment loans, educational, and other revolving credit loans; and overdraft facilities. In addition, the company offers wealth management, insurance, mortgage origination, and Internet and mobile banking services. As of March 1, 2022, it had 41 full-service branches and 2 loan production offices in East and Middle Tennessee, Alabama, and the Florida Panhandle. The company is headquartered in Knoxville, Tennessee.",William Young Carroll Jr.,Banks - Regional,38.29,USD,654642943,https://images.financialmodelingprep.com/symbol/SMBK.png,75996,2003-10-07,12.85,-0.3,44028,69929000,50348000,"[{'period': '2025', 'revenue': 316.37, 'unit': 'M', 'net_profit': 50.35}, {'period': '2024', 'revenue': 285.27, 'unit': 'M', 'net_profit': 36.14}, {'period': '2023', 'revenue': 240.37, 'unit': 'M', 'net_profit': 28.59}, {'period': '2022', 'revenue': 186.55, 'unit': 'M', 'net_profit': 43.02}]","[{'period': ""Q4 '25"", 'revenue': 83.84, 'unit': 'M', 'net_profit': 13.7}, {'period': ""Q3 '25"", 'revenue': 79.2, 'unit': 'M', 'net_profit': 13.69}, {'period': ""Q2 '25"", 'revenue': 78.35, 'unit': 'M', 'net_profit': 11.71}, {'period': ""Q1 '25"", 'revenue': 74.97, 'unit': 'M', 'net_profit': 11.25}, {'period': ""Q4 '24"", 'revenue': 75.13, 'unit': 'M', 'net_profit': 9.64}, {'period': ""Q3 '24"", 'revenue': 73.09, 'unit': 'M', 'net_profit': 9.14}]",3.01,2.98,5739351000,5338733000,1043287000,5192862000,4295446000,0,5035360000,383882000,61724000,0.22954249745050462,0.3930992501590991,0.3935185185185183,"[0.08, 0.09804]","['2026-02-13', '2003-12-24']",__nan__,0.9047820912155399
680,SMCI,Super Micro Computer Inc. Common Stock,"Super Micro Computer, Inc., together with its subsidiaries, develops and manufactures high performance server and storage solutions based on modular and open architecture in the United States, Europe, Asia, and internationally. Its solutions range from complete server, storage systems, modular blade servers, blades, workstations, full racks, networking devices, server sub-systems, server management software, and security software. The company provides application-optimized server solutions, rackmount and blade servers, storage, and subsystems and accessories; and server software management solutions, such as Server Management Suite, including Supermicro Server Manager, Supermicro Power Management software, Supermicro Update Manager, SuperCloud Composer, and SuperDoctor 5. In addition, it offers server subsystems and accessories comprising server boards, chassis, power supplies, and other accessories. Further, the company provides server and storage system integration, configuration, and software upgrade and update services; and technical documentation services, as well as identifies service requirements, creates and executes project plans, and conducts verification testing and technical documentation, and training services. Additionally, it offers help desk and on-site product support services for its server and storage systems; and customer support services, including ongoing maintenance and technical support for its products. The company provides its products to enterprise data centers, cloud computing, artificial intelligence, and 5G and edge computing markets. It sells its products through direct and indirect sales force, distributors, value-added resellers, system integrators, and original equipment manufacturers. The company was incorporated in 1993 and is headquartered in San Jose, California.",Charles Liang,Computer Hardware,21.97,USD,13159788330,https://images.financialmodelingprep.com/symbol/SMCI.png,33340433,2007-03-29,16.04,-0.24,32884292,1329833000,1048854000,"[{'period': '2025', 'revenue': 21.97, 'unit': 'B', 'net_profit': 1.05}, {'period': '2024', 'revenue': 14.99, 'unit': 'B', 'net_profit': 1.15}, {'period': '2023', 'revenue': 7120.0, 'unit': 'M', 'net_profit': 640.0}, {'period': '2022', 'revenue': 5200.0, 'unit': 'M', 'net_profit': 285.16}]","[{'period': ""Q2 '26"", 'revenue': 12680.0, 'unit': 'M', 'net_profit': 400.56}, {'period': ""Q1 '26"", 'revenue': 5020.0, 'unit': 'M', 'net_profit': 168.28}, {'period': ""Q4 '25"", 'revenue': 5760.0, 'unit': 'M', 'net_profit': 195.15}, {'period': ""Q3 '25"", 'revenue': 4600.0, 'unit': 'M', 'net_profit': 108.78}, {'period': ""Q2 '25"", 'revenue': 5680.0, 'unit': 'M', 'net_profit': 320.6}, {'period': ""Q1 '25"", 'revenue': 5940.0, 'unit': 'M', 'net_profit': 424.33}]",1.77,1.68,14018429000,12301654000,5169911000,7716558000,2217687000,112367000,2344792000,5169911000,1532310000,0.04343510587880823,-0.09006251594130477,0,__nan__,__nan__,__nan__,0.5504581148144346
681,SMED,Sharps Compliance Corp. Common Stock,"Sharps Compliance Corp. provides medical, pharmaceutical, and hazardous waste management services in the United States. It offers Sharps Recovery System for the containment, transportation, treatment, and tracking of medical waste generated outside the hospital and health care facility settings; TakeAway Recovery System to treat used needles, syringes, and other used healthcare products; Route-Based Pickup Service, a medical and hazardous waste pick-up services; and MedSafe, a solution for the safe collection, transportation, and disposal of unwanted and expired ultimate-user medications. The company also provides TakeAway Medication Recovery System that facilitates the proper disposal of unused medications; Black Pail Program for Rx, a solution with minimal segregation for the disposal of various pharmaceuticals; Inhaler Disposal to collect, transport, and destroy used pharmaceutical inhalers; Hazardous Drug Spill Control Kit for the cleanup of chemotherapy and other HD spills; TakeAway Recycle System for the collection and recycling of single-use medical devices from surgical centers and other healthcare facilities; ComplianceTRAC, a Web-based compliance and training program; and Universal Waste Shipback Systems to collect, transport, and recycle light bulbs, batteries, and other mercury containing devices. In addition, it offers other solutions, such as TakeAway Environmental Return System, SharpsTracer, Sharps Secure, Needle Disposal System, Complete Needle Collection and Disposal System, Pitch-It IV Poles, Asset Return System, and Spill Kit Recovery System, as well as Sharps MWMS, a medical waste management system. The company serves customers in home health care, retail clinics and immunizing pharmacies, pharmaceutical manufacturers, professional offices, assisted living and long-term care facilities, and government agencies, as well as distributors. Sharps Compliance Corp. was founded in 1992 and is headquartered in Houston, Texas.",David Tusa,Waste Management,8.75,USD,0,https://images.financialmodelingprep.com/symbol/SMED.png,397830,1994-02-02,36.458333333333336,0.0,91867,16521000,12868000,"[{'period': '2021', 'revenue': 76.42, 'unit': 'M', 'net_profit': 12.87}, {'period': '2020', 'revenue': 51.15, 'unit': 'M', 'net_profit': 2.27}, {'period': '2019', 'revenue': 44310.0, 'unit': 'K', 'net_profit': 214.0}, {'period': '2018', 'revenue': 40140.0, 'unit': 'K', 'net_profit': -672.0}]","[{'period': ""Q3 '22"", 'revenue': 17580.0, 'unit': 'K', 'net_profit': -190.0}, {'period': ""Q2 '22"", 'revenue': 18.88, 'unit': 'M', 'net_profit': 1.44}, {'period': ""Q1 '22"", 'revenue': 13910.0, 'unit': 'K', 'net_profit': -790.0}, {'period': ""Q4 '21"", 'revenue': 18.73, 'unit': 'M', 'net_profit': 5.08}, {'period': ""Q3 '21"", 'revenue': 27.53, 'unit': 'M', 'net_profit': 6.85}, {'period': ""Q2 '21"", 'revenue': 17.01, 'unit': 'M', 'net_profit': 1.23}]",0.76,0.76,75431000,45098000,27767000,28847000,9738000,0,17153000,27767000,19072000,5.835333057509309,4.678729037952339,4.428571428571428,__nan__,__nan__,__nan__,0.3824289748246742
682,SMID,Smith-Midland Corporation Common Stock,"Smith-Midland Corporation, through its subsidiaries, invents, develops, manufactures, markets, leases, licenses, sells, and installs precast concrete products primarily for use in the construction, highway, utilities, and farming industries. It offers SlenderWall, a patented, lightweight, energy efficient concrete and steel exterior wall panel for use in building construction; Sierra Wall that provides sound and sight barrier for use alongside highways around residential, industrial, and commercial properties; J-J Hooks highway safety barriers for use on roadways to separate lanes of traffic in construction work zone or traffic control purposes; and Easi-Set precast building and Easi-Span expandable precast buildings for use in housing communications operations, traffic control systems, and mechanical and electrical stations. The company also provides Easi-Set utility vaults for house equipment, such as cable, telephone, or traffic signal equipment, and for underground storage, as well as custom-built utility vaults for special needs; SoftSound soundwall panels to absorb highway noise; Beach Prisms, an erosion control module for seawalls and jetties; and H2Out secondary drainage systems for panelized exterior cladding. In addition, it licenses its proprietary products in Canada, Australia, Belgium, Mexico, New Zealand, and Trinidad. The company markets its products through in-house sales force and independent sales representatives to contractors performing public and private construction contracts, such as construction of commercial buildings, public and private roads and highways, airports, and municipal utilities; and federal, state, and local transportation authorities. Smith-Midland Corporation was incorporated in 1960 and is based in Midland, Virginia.",Ashley Smith,Construction Materials,32.45,USD,172134465,https://images.financialmodelingprep.com/symbol/SMID.png,6584,1995-12-13,14.55,-0.5,4167,12713000,7675000,"[{'period': '2024', 'revenue': 78.51, 'unit': 'M', 'net_profit': 7.67}, {'period': '2023', 'revenue': 59580.0, 'unit': 'K', 'net_profit': 795.0}, {'period': '2022', 'revenue': 50130.0, 'unit': 'K', 'net_profit': 800.0}, {'period': '2021', 'revenue': 50.64, 'unit': 'M', 'net_profit': 7.57}]","[{'period': ""Q3 '25"", 'revenue': 21.45, 'unit': 'M', 'net_profit': 2.88}, {'period': ""Q2 '25"", 'revenue': 26.19, 'unit': 'M', 'net_profit': 4.17}, {'period': ""Q1 '25"", 'revenue': 22.7, 'unit': 'M', 'net_profit': 3.33}, {'period': ""Q4 '24"", 'revenue': 18.53, 'unit': 'M', 'net_profit': 1.4}, {'period': ""Q3 '24"", 'revenue': 23.58, 'unit': 'M', 'net_profit': 3.15}, {'period': ""Q2 '24"", 'revenue': 19.64, 'unit': 'M', 'net_profit': 1.98}]",1.45,1.45,67991000,35849000,7548000,26252000,20770000,0,15010000,7548000,-1045000,2.2135995955510617,8.654088050314465,8.666666666666668,"[0.055, 0.05]","['2019-12-19', '2012-12-21']",__nan__,0.38610992631377683
683,SMIT,Schmitt Industries Inc. Common Stock,"Schmitt Industries, Inc., together with its subsidiaries, designs, manufactures, and sells test and measurement products worldwide. The company operates through two segments, Measurement and Ice Cream. The Measurement segment designs, manufactures, and sells laser and confocal chromatic white light sensors for distance measurement and dimensional sizing products under the Acuity brand name for various industrial applications, including manufacturing, lumber production, steel casting, glass and paper production, medical imaging, crane control and micron-level part, and surface inspection. It also offers AR550 high speed laser sensor for application in vibration measurements, scanning of roads, vehicle crash tests, and ballistic measurements; AS2100, an accurate distance sensor, used in metal production, transportation industry, process control, and fill level measurement applications; and satellite focused remote tank monitoring products under the Xact brand that measure the fill levels of tanks holding propane, diesel, and other tank-based liquids, as well as related monitoring services, including transmission of fill data from the tanks via satellite to a secure website for display. The Ice Cream segment manufactures, wholesales, and retails ice creams and ice cream cakes, as well as sells through its website; and serves ice cream at catering events and holds various community-building events comprising ice cream classes, and live comedy and music performances through Ample Hills Creamery brand. Schmitt Industries, Inc. was founded in 1984 and is headquartered in Portland, Oregon.",Michael R. Zapata,"Hardware, Equipment & Parts",0.015,USD,58082,https://images.financialmodelingprep.com/symbol/SMIT.png,1698,1995-01-30,-0.02,0.0,411,-3205676,-3283776,"[{'period': '2022', 'revenue': 9.89, 'unit': 'M', 'net_profit': -3.28}, {'period': '2021', 'revenue': 5.6, 'unit': 'M', 'net_profit': -8.09}, {'period': '2020', 'revenue': 4.19, 'unit': 'M', 'net_profit': 3.88}, {'period': '2019', 'revenue': 13.81, 'unit': 'M', 'net_profit': -1.11}]","[{'period': ""Q4 '22"", 'revenue': 1.32, 'unit': 'M', 'net_profit': -3.53}, {'period': ""Q3 '22"", 'revenue': 1850.0, 'unit': 'K', 'net_profit': -893.24}, {'period': ""Q2 '22"", 'revenue': 2.96, 'unit': 'M', 'net_profit': 2.19}, {'period': ""Q1 '22"", 'revenue': 3.76, 'unit': 'M', 'net_profit': -1.05}, {'period': ""Q4 '21"", 'revenue': 2.66, 'unit': 'M', 'net_profit': -3.45}, {'period': ""Q3 '21"", 'revenue': 1.67, 'unit': 'M', 'net_profit': -2.42}]",-0.86,-0.86,22839296,4005844,1050910,22234091,751551,0,5827922,1050910,-9044180,0.6261979403826903,0.5940779799230426,0.6000000000000001,__nan__,__nan__,__nan__,0.9735015912924811
684,SMMF,Summit Financial Group Inc. Common Stock,"Summit Financial Group, Inc. operates as a financial holding company for Summit Community Bank, Inc. that provides community banking and other financial services to individuals and businesses primarily in the Eastern Panhandle, Southern and North Central regions of West Virginia and the Northern, Shenandoah Valley, and Southwestern regions of Virginia, and the Central region of Kentucky. The company's community banking services include demand, savings, and time deposits; commercial, commercial real estate, construction and land development, residential real estate, and consumer loans; and mortgage warehouse lines of credit, as well as trust and wealth management, cash management, and insurance services. As of December 31, 2021, it operated through 45 banking offices. The company was incorporated in 1987 and is headquartered in Moorefield, West Virginia.",H. Charles Maddy III,Banks - Regional,25.7,USD,377448190,https://images.financialmodelingprep.com/symbol/SMMF.png,24298,2000-01-07,6.640826873385013,-0.66,270690,169596000,55239000,"[{'period': '2023', 'revenue': 263.33, 'unit': 'M', 'net_profit': 55.24}, {'period': '2022', 'revenue': 144.21, 'unit': 'M', 'net_profit': 53.22}, {'period': '2021', 'revenue': 127.47, 'unit': 'M', 'net_profit': 45.74}, {'period': '2020', 'revenue': 113.34, 'unit': 'M', 'net_profit': 31.33}]","[{'period': ""Q1 '24"", 'revenue': 70.59, 'unit': 'M', 'net_profit': 17.05}, {'period': ""Q4 '23"", 'revenue': 72.3, 'unit': 'M', 'net_profit': 16.6}, {'period': ""Q3 '23"", 'revenue': 45.57, 'unit': 'M', 'net_profit': 16.33}, {'period': ""Q2 '23"", 'revenue': 44.78, 'unit': 'M', 'net_profit': 8.21}, {'period': ""Q1 '23"", 'revenue': 37.88, 'unit': 'M', 'net_profit': 14.1}, {'period': ""Q4 '22"", 'revenue': 38.54, 'unit': 'M', 'net_profit': 15.09}]",3.82,3.81,4634322000,75965000,-21834000,4194114000,20004000,94031000,3466778000,52232000,66531000,0,0.03801488274203247,-0.06829268292682923,"[0.22, 0.5]","['2024-03-14', '2000-05-30']",__nan__,0.9050113479382744
685,SMMT,Summit Therapeutics Inc. Common Stock ,"Summit Therapeutics Inc., a biopharmaceutical company, discovers, develops, and commercializes medicines to treat infectious diseases in the United States and Latin America. It conducts clinical programs focusing on Clostridioides difficile infection (CDI). The company's lead product candidate is ridinilazole, an orally administered small molecule antibiotic that is in Phase III clinical trials for the treatment of CDI. It also offers SMT-738, for combating multidrug resistant infections primarily carbapenem-resistant Enterobacteriaceae infections; and DDS-04 series for the potential treatment of infections caused by the Enterobacteriaceae. The company was founded in 2003 and is based in Cambridge, Massachusetts.",Robert W. Duggan,Biotechnology,16.58,USD,12342864940,https://images.financialmodelingprep.com/symbol/SMMT.png,2547418,2015-03-05,-11.51,-0.68,2028428,-801117190,-1079586000,"[{'period': '2025', 'revenue': 0.0, 'unit': 'B', 'net_profit': -1.08}, {'period': '2024', 'revenue': 0.0, 'unit': 'M', 'net_profit': -221.31}, {'period': '2023', 'revenue': 0.0, 'unit': 'M', 'net_profit': -614.93}, {'period': '2022', 'revenue': 0.70429, 'unit': 'M', 'net_profit': -78.78}]","[{'period': ""Q4 '25"", 'revenue': 0.0, 'unit': 'M', 'net_profit': -219.17}, {'period': ""Q3 '25"", 'revenue': 0.0, 'unit': 'M', 'net_profit': -231.79}, {'period': ""Q2 '25"", 'revenue': 0.0, 'unit': 'M', 'net_profit': -565.71}, {'period': ""Q1 '25"", 'revenue': 0.0, 'unit': 'M', 'net_profit': -62.91}, {'period': ""Q4 '24"", 'revenue': 0.0, 'unit': 'M', 'net_profit': -61.2}, {'period': ""Q3 '24"", 'revenue': 0.0, 'unit': 'M', 'net_profit': -56.25}]",-1.44,-1.44,751182000,720301000,713448000,92322000,0,0,72988000,225266000,-323587000,-2.7637110588058427,-3.8780516458441587,-3.6451612903225805,__nan__,__nan__,__nan__,0.1229023059657979
686,SMPL,The Simply Good Foods Company Common Stock,"The Simply Good Foods Company operates as a consumer packaged food and beverage company in North America and internationally. The company develops, markets, and sells snacks and meal replacements. It offers protein bars, ready-to-drink shakes, sweet and salty snacks, cookies, pizza, protein chips, recipes, and confectionery products, as well as licensed frozen meals under the Atkins, Atkins Endulge, and Quest brand names. The company distributes its products to various retail channels, such as mass merchandise, grocery and drug channels, club stores, convenience stores, gas stations, and other channels. It also sells its products through e-commerce channels, including atkins.com, questnutrition.com, and amazon.com. The Simply Good Foods Company is headquartered in Denver, Colorado.",Joseph E. Scalzo,Packaged Foods,14.35,USD,1363238262,https://images.financialmodelingprep.com/symbol/SMPL.png,2176408,2017-07-10,15.94,-0.11,1723825,182915000,103614000,"[{'period': '2025', 'revenue': 1450.0, 'unit': 'M', 'net_profit': 103.61}, {'period': '2024', 'revenue': 1330.0, 'unit': 'M', 'net_profit': 139.31}, {'period': '2023', 'revenue': 1240.0, 'unit': 'M', 'net_profit': 133.57}, {'period': '2022', 'revenue': 1170.0, 'unit': 'M', 'net_profit': 108.57}]","[{'period': ""Q1 '26"", 'revenue': 340.2, 'unit': 'M', 'net_profit': 25.27}, {'period': ""Q4 '25"", 'revenue': 369.04, 'unit': 'M', 'net_profit': -12.36}, {'period': ""Q3 '25"", 'revenue': 380.96, 'unit': 'M', 'net_profit': 41.1}, {'period': ""Q2 '25"", 'revenue': 359.65, 'unit': 'M', 'net_profit': 36.75}, {'period': ""Q1 '25"", 'revenue': 341.27, 'unit': 'M', 'net_profit': 38.12}, {'period': ""Q4 '24"", 'revenue': 375.69, 'unit': 'M', 'net_profit': 29.29}]",1.03,1.02,2396045000,453684000,98468000,589212000,164978000,0,124561000,98468000,157915000,-0.23805417744508733,-0.2562289586458879,-0.2589928057553956,"[0.09, 0.08]","['2015-02-10', '2012-11-07']",__nan__,0.24591023958231167
687,SMSI,Smith Micro Software Inc. Common Stock,"Smith Micro Software, Inc. develops and sells software to enhance the mobile experience to wireless and cable service providers worldwide. It offers SafePath Family, SafePath IoT, and SafePath Home product suite, which provides tools to protect digital lifestyles and manage connected devices inside and outside the home; and CommSuite, a messaging platform that helps mobile service providers deliver a next-generation voicemail experience to mobile subscribers, as well as enables multi-language Voice-to-Text transcription messaging. It also offers ViewSpot, a retail display management platform that provides on-screen and interactive demos to wireless carriers and retailers; and technical support and customer services. The company was founded in 1982 and is headquartered in Pittsburgh, Pennsylvania.",William W. Smith Jr.,Software - Application,0.7334,USD,15105604,https://images.financialmodelingprep.com/symbol/SMSI.png,337115,1995-09-19,-0.5,-0.0563,103776,-13847000,-30096000,"[{'period': '2025', 'revenue': 17.36, 'unit': 'M', 'net_profit': -30.1}, {'period': '2024', 'revenue': 20.55, 'unit': 'M', 'net_profit': -48.7}, {'period': '2023', 'revenue': 40.86, 'unit': 'M', 'net_profit': -24.4}, {'period': '2022', 'revenue': 48.51, 'unit': 'M', 'net_profit': -29.28}]","[{'period': ""Q4 '25"", 'revenue': 3.97, 'unit': 'M', 'net_profit': -4.55}, {'period': ""Q3 '25"", 'revenue': 4.35, 'unit': 'M', 'net_profit': -4.54}, {'period': ""Q2 '25"", 'revenue': 4.42, 'unit': 'M', 'net_profit': -15.06}, {'period': ""Q1 '25"", 'revenue': 4.62, 'unit': 'M', 'net_profit': -5.18}, {'period': ""Q4 '24"", 'revenue': 4.97, 'unit': 'M', 'net_profit': -4.39}, {'period': ""Q3 '24"", 'revenue': 4.65, 'unit': 'M', 'net_profit': -6.37}]",-1.46,-1.46,24971000,4529000,1494000,6581000,1817000,0,6119000,1494000,-7281000,0.2750641327679179,0.38197424892703863,0.6294416243654822,__nan__,__nan__,__nan__,0.26354571302711144
688,SMTC,Semtech Corporation Common Stock,"Semtech Corporation designs, develops, manufactures, and markets analog and mixed-signal semiconductor products and advanced algorithms. It provides signal integrity products, including a portfolio of optical data communications and video transport products used in various infrastructure, and industrial applications; a portfolio of integrated circuits for data centers, enterprise networks, passive optical networks, wireless base station optical transceivers, and high-speed interface applications; and video products for broadcast applications, as well as video-over-IP technology for professional audio video applications. The company also offers protection products, such as filter and termination devices that are integrated with the transient voltage suppressor devices, which protect electronic systems from voltage spikes; and wireless and sensing products comprising a portfolio of specialized radio frequency products used in various industrial, medical, and communications applications, as well as specialized sensing products used in industrial and consumer applications. In addition, it provides power products consisting of switching voltage regulators, combination switching and linear regulators, smart regulators, isolated switches, and wireless charging that control, alter, regulate, and condition the power within electronic systems. The company serves original equipment manufacturers and their suppliers in the enterprise computing, communications, and consumer and industrial end-markets. It sells its products directly, as well as through independent sales representative firms and independent distributors in North America, Europe, Asia- Pacific, and internationally. The company was incorporated in 1960 and is headquartered in Camarillo, California.",Hong Q. Hou,Semiconductors,72.16,USD,6707356211,https://images.financialmodelingprep.com/symbol/SMTC.png,1640555,1980-03-17,-156.87,-2.0,3608336,174400000,-40400000,"[{'period': '2026', 'revenue': 1050.0, 'unit': 'M', 'net_profit': -40.4}, {'period': '2025', 'revenue': 909.29, 'unit': 'M', 'net_profit': -161.9}, {'period': '2024', 'revenue': 0.86876, 'unit': 'B', 'net_profit': -1.09}, {'period': '2023', 'revenue': 756.53, 'unit': 'M', 'net_profit': 61.38}]","[{'period': ""Q4 '26"", 'revenue': 274.4, 'unit': 'M', 'net_profit': -29.8}, {'period': ""Q3 '26"", 'revenue': 266.97, 'unit': 'M', 'net_profit': -2.86}, {'period': ""Q2 '26"", 'revenue': 257.59, 'unit': 'M', 'net_profit': -27.06}, {'period': ""Q1 '26"", 'revenue': 251.06, 'unit': 'M', 'net_profit': 19.34}, {'period': ""Q4 '25"", 'revenue': 251.0, 'unit': 'M', 'net_profit': 39.1}, {'period': ""Q3 '25"", 'revenue': 236.82, 'unit': 'M', 'net_profit': -7.59}]",-0.46,-0.46,1410300000,655100000,195200000,860500000,160600000,37000000,275900000,195200000,171385000,0.570421330355776,0.7504570835598162,0.7964601769911505,"[0.0229, 0.0229]","['1980-09-05', '1980-06-06']",__nan__,0.6101538679713536
689,SMTI,Sanara MedTech Inc. Common Stock,"Sanara MedTech Inc. develops, markets, and distributes wound and skin care products to physicians, hospitals, clinics, and post-acute care settings in the United States. It offers CellerateRX Surgical Activated Collagen powder and gel that are used in a range of surgical specialties to help promote patient healing; Biako's Antimicrobial Skin and Wound Cleanser, a patented product that disrupts extracellular polymeric substances to eradicate mature biofilm microbes; Biako's Antimicrobial Wound Gel, an antimicrobial hydrogel wound dressing helps against planktonic microbes, as well as immature and mature biofilms; and Biako's Antimicrobial Skin and Wound Irrigation Solution. The company also provides HYCOL Hydrolyzed Collagen Powder and Gel, a medical hydrolysate of Type I bovine collagen for the management of full and partial thickness wounds, including pressure ulcers, venous and arterial leg ulcers, and diabetic foot ulcers. In addition, it develops FORTIFY TRG, a freeze-dried, multi-layer small intestinal submucosa extracellular matrix sheet; FORTIFY FLOWABLE extracellular matrix, an advanced wound care device; and VIM Amnion Matrix, a single layer sheet of amnion tissue. The company was formerly known as WNDM Medical Inc. and changed its name to Sanara MedTech Inc. in May 2019. Sanara MedTech Inc. was incorporated in 2001 and is based in Fort Worth, Texas.",Seth D. Yon,Medical - Instruments & Supplies,16.96,USD,155472998,https://images.financialmodelingprep.com/symbol/SMTI.png,59205,1994-04-07,-339.2,-1.05,82594,11807531,-37562606,"[{'period': '2025', 'revenue': 103.12, 'unit': 'M', 'net_profit': -37.56}, {'period': '2024', 'revenue': 86.67, 'unit': 'M', 'net_profit': -9.66}, {'period': '2023', 'revenue': 64.99, 'unit': 'M', 'net_profit': -4.3}, {'period': '2022', 'revenue': 45.84, 'unit': 'M', 'net_profit': -7.94}]","[{'period': ""Q4 '25"", 'revenue': 27.52, 'unit': 'M', 'net_profit': -1.61}, {'period': ""Q3 '25"", 'revenue': 26.33, 'unit': 'M', 'net_profit': -30.41}, {'period': ""Q2 '25"", 'revenue': 25.83, 'unit': 'M', 'net_profit': -2.01}, {'period': ""Q1 '25"", 'revenue': 23.43, 'unit': 'M', 'net_profit': -3.53}, {'period': ""Q4 '24"", 'revenue': 26.31, 'unit': 'M', 'net_profit': -1.54}, {'period': ""Q3 '24"", 'revenue': 21.67, 'unit': 'M', 'net_profit': -2.86}]",-4.36,-4.36,72944071,33542163,16578857,67014295,11998075,14626858,18626530,16578857,2160979,7.347182868806239,-2.886639073719648,-2.8245614035087727,__nan__,__nan__,__nan__,0.9187079097902282
690,SNBR,Sleep Number Corporation Common Stock,"Sleep Number Corporation, together with its subsidiaries, offers sleep solutions and services in the United States. The company designs, manufactures, markets, retails, and services beds, pillows, sheets, and other bedding products under the Sleep Number name. It also provides adjustable bases under the FlextFit, and smart beds under the Sleep Number 360 brands. The company sells its products directly to consumers through retail, online, phone, and chat as well as through its e-commerce activities. As of January 2, 2022, it operated approximately 648 retail stores in 50 states. The company was formerly known as Select Comfort Corporation and changed its name to Sleep Number Corporation in November 2017. Sleep Number Corporation was founded in 1987 and is headquartered in Minneapolis, Minnesota.",Linda A. Findley,"Furnishings, Fixtures & Appliances",2.04,USD,46642560,https://images.financialmodelingprep.com/symbol/SNBR.png,886296,1998-12-04,-0.35,-0.215,1380114,57305000,-131958000,"[{'period': '2025', 'revenue': 1410.0, 'unit': 'M', 'net_profit': -131.96}, {'period': '2024', 'revenue': 1680.0, 'unit': 'M', 'net_profit': -20.33}, {'period': '2023', 'revenue': 1890.0, 'unit': 'M', 'net_profit': -15.29}, {'period': '2022', 'revenue': 2110.0, 'unit': 'M', 'net_profit': 36.61}]","[{'period': ""Q4 '25"", 'revenue': 347.38, 'unit': 'M', 'net_profit': -58.51}, {'period': ""Q3 '25"", 'revenue': 342.88, 'unit': 'M', 'net_profit': -39.79}, {'period': ""Q2 '25"", 'revenue': 327.93, 'unit': 'M', 'net_profit': -25.01}, {'period': ""Q1 '25"", 'revenue': 393.26, 'unit': 'M', 'net_profit': -8.65}, {'period': ""Q4 '24"", 'revenue': 376.82, 'unit': 'M', 'net_profit': -4.67}, {'period': ""Q3 '24"", 'revenue': 426.62, 'unit': 'M', 'net_profit': -3.14}]",-5.77,-5.77,680060000,149957000,1693000,1258535000,44206000,33522000,912546000,1693000,-17690000,-0.3577328715689901,-5.489524933608734,-5.4111111111111105,__nan__,__nan__,__nan__,1.8506234743993177
691,SNCR,Synchronoss Technologies Inc. Common Stock,"Synchronoss Technologies, Inc. provides cloud, messaging, digital, and network management platforms, products, and solutions in the Americas, Europe, the Middle East, Africa, and the Asia Pacific. The company's platforms, products, and solutions include content backup, view, manage, engage, transfer, and restore solutions in operating systems and devices; multi-channel messaging, peer-to-peer communications, and application-to-person commerce solutions; email solutions; customer journey and workflow design, development, orchestration, and experience management solutions; and telecom network infrastructure designing, procuring, managing, and optimizing solutions. It also streamlines the activation of new services and devices. In addition, the company offers software development and customization services. It markets and sells its services through direct sales force and strategic partners. The company was incorporated in 2000 and is headquartered in Bridgewater, New Jersey.",Jeffrey George Miller,Software - Infrastructure,9.0,USD,103560606,https://images.financialmodelingprep.com/symbol/SNCR.png,240184,2006-06-15,-9.574468085106384,0.0,485865,48861000,6169000,"[{'period': '2024', 'revenue': 173.59, 'unit': 'M', 'net_profit': 6.17}, {'period': '2023', 'revenue': 164.2, 'unit': 'M', 'net_profit': -38.15}, {'period': '2022', 'revenue': 173.76, 'unit': 'M', 'net_profit': -7.92}, {'period': '2021', 'revenue': 280.62, 'unit': 'M', 'net_profit': -22.94}]","[{'period': ""Q3 '25"", 'revenue': 42.0, 'unit': 'M', 'net_profit': 5.81}, {'period': ""Q2 '25"", 'revenue': 42.49, 'unit': 'M', 'net_profit': -19.6}, {'period': ""Q1 '25"", 'revenue': 42.21, 'unit': 'M', 'net_profit': -3.82}, {'period': ""Q4 '24"", 'revenue': 44.21, 'unit': 'M', 'net_profit': 7.89}, {'period': ""Q3 '24"", 'revenue': 42.96, 'unit': 'M', 'net_profit': -5.7}, {'period': ""Q2 '24"", 'revenue': 43460.0, 'unit': 'K', 'net_profit': -489.0}]",0.46,0.43,293825000,81382000,33375000,251550000,18129000,0,40298000,33375000,13357000,31.969635627530366,1.1616910858910177,1.0694864048338368,__nan__,__nan__,__nan__,0.8561218412320258
692,SNCY,Sun Country Airlines Holdings Inc. Common Stock,"Sun Country Airlines Holdings, Inc., an air carrier company, provides scheduled passenger, air cargo, charter air transportation, and related services in the United States, Latin America, and internationally. As of December 31, 2021, the company operated a fleet of 48 aircraft, including 36 passenger and 12 cargo aircraft. Sun Country Airlines Holdings, Inc. was founded in 1983 and is headquartered in Minneapolis, Minnesota.",Jude I. Bricker,"Airlines, Airports & Air Services",16.29,USD,867007590,https://images.financialmodelingprep.com/symbol/SNCY.png,1426561,2021-03-17,16.97,-0.75,423991,201337000,52809000,"[{'period': '2025', 'revenue': 1130.0, 'unit': 'M', 'net_profit': 52.81}, {'period': '2024', 'revenue': 1080.0, 'unit': 'M', 'net_profit': 52.9}, {'period': '2023', 'revenue': 1050.0, 'unit': 'M', 'net_profit': 72.18}, {'period': '2022', 'revenue': 894.44, 'unit': 'M', 'net_profit': 17.68}]","[{'period': ""Q4 '25"", 'revenue': 280.96, 'unit': 'M', 'net_profit': 8.15}, {'period': ""Q3 '25"", 'revenue': 255.54, 'unit': 'M', 'net_profit': 1.55}, {'period': ""Q2 '25"", 'revenue': 263.62, 'unit': 'M', 'net_profit': 6.58}, {'period': ""Q1 '25"", 'revenue': 326.65, 'unit': 'M', 'net_profit': 36.53}, {'period': ""Q4 '24"", 'revenue': 260.4, 'unit': 'M', 'net_profit': 13.44}, {'period': ""Q3 '24"", 'revenue': 249.47, 'unit': 'M', 'net_profit': 2.34}]",0.99,0.96,1680500000,368200000,234313000,1055300000,53722000,0,451100000,144700000,84000000,-0.043874895524656184,-0.0017768368523524186,-0.010000000000000009,__nan__,__nan__,__nan__,0.6279678667063374
693,SND,Smart Sand Inc. Common Stock,"Smart Sand, Inc., an integrated frac sand supply and services company, engages in the excavation, processing, and sale of sands or proppant for use in hydraulic fracturing operations in the oil and gas industry in the United States. It also provides logistics services; and SmartSystems, a wellsite proppant storage solution. The company sells its products primarily to oil and natural gas exploration and production companies, oilfield service companies, and industrial manufacturers. As of December 31, 2021, it had approximately 250 million tons of proven and probable recoverable sand reserves. Smart Sand, Inc. was incorporated in 2011 and is headquartered in The Woodlands, Texas.",Charles Edwin Young,Oil & Gas Equipment & Services,5.47,USD,217223486,https://images.financialmodelingprep.com/symbol/SND.png,393857,2016-11-04,182.33,0.27,495967,-1727000,1345000,"[{'period': '2025', 'revenue': 330.15, 'unit': 'M', 'net_profit': 1.34}, {'period': '2024', 'revenue': 311.37, 'unit': 'M', 'net_profit': 2.99}, {'period': '2023', 'revenue': 295.97, 'unit': 'M', 'net_profit': 4.65}, {'period': '2022', 'revenue': 255740.0, 'unit': 'K', 'net_profit': -703.0}]","[{'period': ""Q4 '25"", 'revenue': 86.05, 'unit': 'M', 'net_profit': 1.18}, {'period': ""Q3 '25"", 'revenue': 92.78, 'unit': 'M', 'net_profit': 3.0}, {'period': ""Q2 '25"", 'revenue': 85.77, 'unit': 'M', 'net_profit': 21.4}, {'period': ""Q1 '25"", 'revenue': 65.56, 'unit': 'M', 'net_profit': -24.23}, {'period': ""Q4 '24"", 'revenue': 91.36, 'unit': 'M', 'net_profit': 3.74}, {'period': ""Q3 '24"", 'revenue': 63160.0, 'unit': 'K', 'net_profit': -98.0}]",0.03,0.03,340014000,88142000,22551000,100317000,30519000,0,49940000,22551000,32521000,-1.0543954140287883,-0.5504679144385026,-0.6108949416342413,"[0.05, 0.1]","['2025-12-02', '2024-10-15']",__nan__,0.29503785138259014
694,SNDL,Sundial Growers Inc. Common Shares,"SNDL Inc. engages in the production, distribution, and sale of cannabis products in Canada. The company operates through Cannabis Operations and Retail Operations segments. It engages in the cultivation, distribution, and sale of cannabis for the adult-use markets; and private sale of recreational cannabis through corporate owned and franchised retail cannabis stores. The company also produces and distributes inhalable products, such as flower, pre-rolls, and vapes. It offers its products under the Top Leaf, Sundial Cannabis, Palmetto, and Grasslands brands. The company was formerly known as Sundial Growers Inc. and changed its name to SNDL Inc. in July 2022. SNDL Inc. was incorporated in 2006 and is headquartered in Calgary, Canada.",Zachary Ryan George,Drug Manufacturers - Specialty & Generic,1.31,USD,339552000,https://images.financialmodelingprep.com/symbol/SNDL.png,1573152,2019-08-01,-32.75,-0.02,1592282,46671263,-15774000,"[{'period': '2025', 'revenue': 946.4, 'unit': 'M', 'net_profit': -15.77}, {'period': '2024', 'revenue': 920.45, 'unit': 'M', 'net_profit': -94.8}, {'period': '2023', 'revenue': 909.01, 'unit': 'M', 'net_profit': -172.66}, {'period': '2022', 'revenue': 712.2, 'unit': 'M', 'net_profit': -335.11}]","[{'period': ""Q4 '25"", 'revenue': 252.5, 'unit': 'M', 'net_profit': 9.37}, {'period': ""Q3 '25"", 'revenue': 244.22, 'unit': 'M', 'net_profit': -13.32}, {'period': ""Q2 '25"", 'revenue': 244.77, 'unit': 'M', 'net_profit': 2.88}, {'period': ""Q1 '25"", 'revenue': 204.91, 'unit': 'M', 'net_profit': -14.71}, {'period': ""Q4 '24"", 'revenue': 257.68, 'unit': 'M', 'net_profit': -67.14}, {'period': ""Q3 '24"", 'revenue': 236.89, 'unit': 'M', 'net_profit': -19.33}]",-0.06,-0.06,1337261931,450071651,273166733,234957304,30448622,409162508,92301830,272598160,61659446,2.132770151209922,0.8336005738638761,0.840696686491079,__nan__,__nan__,__nan__,0.17570028619920386
695,SNDX,Syndax Pharmaceuticals Inc. Common Stock,"Syndax Pharmaceuticals, Inc., a clinical-stage biopharmaceutical company, develops therapies for the treatment of cancer. Its lead product candidates are SNDX-5613, which is in phase 1/2 clinical trial targeting the binding interaction of Menin with the mixed lineage leukemia 1 protein for the treatment of MLL-rearranged (MLLr) and nucleophosmin 1 mutant acute myeloid leukemia (NPM1c AML); and SNDX-6352 or axatilimab, a monoclonal antibody that blocks the colony stimulating factor 1, or CSF-1 receptor for the treatment of patients with chronic graft versus host disease (cGVHD). The company is also developing Entinostat. It also has collaborative research and development agreement with National Cancer Institute; a clinical trial agreement with Eastern Cooperative Oncology Group; and a license agreement with Kyowa Hakko Kirin Co., Ltd. Syndax Pharmaceuticals, Inc. was incorporated in 2005 and is headquartered in Waltham, Massachusetts.Massachusetts.",Michael A. Metzger,Biotechnology,23.49,USD,2071832000,https://images.financialmodelingprep.com/symbol/SNDX.png,1310527,2016-03-02,-7.14,-1.21,1192196,-251637000,-285422000,"[{'period': '2025', 'revenue': 172.35, 'unit': 'M', 'net_profit': -285.42}, {'period': '2024', 'revenue': 23.68, 'unit': 'M', 'net_profit': -318.76}, {'period': '2023', 'revenue': 0.0, 'unit': 'M', 'net_profit': -209.36}, {'period': '2022', 'revenue': 0.0, 'unit': 'M', 'net_profit': -149.34}]","[{'period': ""Q4 '25"", 'revenue': 68.48, 'unit': 'M', 'net_profit': -68.01}, {'period': ""Q3 '25"", 'revenue': 45.87, 'unit': 'M', 'net_profit': -60.72}, {'period': ""Q2 '25"", 'revenue': 37.96, 'unit': 'M', 'net_profit': -71.85}, {'period': ""Q1 '25"", 'revenue': 20.04, 'unit': 'M', 'net_profit': -84.85}, {'period': ""Q4 '24"", 'revenue': 7.68, 'unit': 'M', 'net_profit': -94.17}, {'period': ""Q3 '24"", 'revenue': 12.5, 'unit': 'M', 'net_profit': -84.13}]",-3.3,-3.3,529706000,528081000,394070000,465076000,37996000,0,120116000,134930000,-323167000,0.1981511753515539,0.10458090463611894,0.11528150134048262,__nan__,__nan__,__nan__,0.8779889221568191
696,SNES,SenesTech Inc. Common Stock,"SenesTech, Inc. develops a technology for managing animal pest populations through fertility control. It offers ContraPest, a liquid bait that limits reproduction of male and female rats. The company was incorporated in 2004 and is headquartered in Phoenix, Arizona.",Joel L. Fruendt,Chemicals - Specialty,1.67,USD,8856720,https://images.financialmodelingprep.com/symbol/SNES.png,59822,2016-12-08,-0.86,-0.07,22689,-6370000,-6383000,"[{'period': '2025', 'revenue': 2.22, 'unit': 'M', 'net_profit': -6.38}, {'period': '2024', 'revenue': 1.86, 'unit': 'M', 'net_profit': -6.18}, {'period': '2023', 'revenue': 1.19, 'unit': 'M', 'net_profit': -7.71}, {'period': '2022', 'revenue': 1.02, 'unit': 'M', 'net_profit': -9.7}]","[{'period': ""Q4 '25"", 'revenue': 0.421, 'unit': 'M', 'net_profit': -1.8}, {'period': ""Q3 '25"", 'revenue': 0.6900000000000001, 'unit': 'M', 'net_profit': -1.3}, {'period': ""Q2 '25"", 'revenue': 0.625, 'unit': 'M', 'net_profit': -1.62}, {'period': ""Q1 '25"", 'revenue': 0.485, 'unit': 'M', 'net_profit': -1.67}, {'period': ""Q4 '24"", 'revenue': 0.501, 'unit': 'M', 'net_profit': -1.25}, {'period': ""Q3 '24"", 'revenue': 0.482, 'unit': 'M', 'net_profit': -1.51}]",-1.95,-1.95,12843000,10061000,8569000,3275000,201000,0,798000,7575000,-5888000,-0.06060606060606061,-0.032179818887451486,0.7799097065462753,__nan__,__nan__,__nan__,0.2550027252199642
697,SNEX,StoneX Group Inc. Common Stock,"StoneX Group Inc. operates as a global financial services network that connects companies, organizations, traders, and investors to market ecosystem worldwide. Its Commercial segment provides risk management and hedging, exchange-traded and OTC products execution and clearing, voice brokerage, market intelligence, physical trading, and commodity financing and logistics services. The company's Institutional segment provides equity trading services to institutional clients; and originates, structures, and places debt instruments in capital markets worldwide. Its services cover foreign securities, including unlisted American Depository Receipts, Global Depository Receipts, and foreign ordinary shares. This segment also operates as an institutional dealer in fixed income securities to serve asset managers, commercial bank trust and investment departments, broker-dealers, and insurance companies; engages in asset management business; and offers clearing and execution services in futures exchanges, brokerage foreign exchange services for the financial institutions and professional traders, and OTC products. The company's Retail segment provides trading services and solutions in the global financial markets, including spot foreign exchange, precious metals trading, and contracts for differences; and wealth management and investment services, as well as offers physical gold and other precious metals in various forms and denominations through coininvest.com and silver-to-go.com. Its Global Payments segment provides foreign exchange and treasury services to banks and commercial businesses, charities, and non-governmental and government organizations; and payments services. The company was formerly known as INTL FCStone Inc. and changed its name to StoneX Group Inc. in July 2020. StoneX Group Inc. was founded in 1924 and is headquartered in New York, New York.",Philip Andrew Smith,Financial - Capital Markets,78.36,USD,6166538163,https://images.financialmodelingprep.com/symbol/SNEX.png,584919,1995-03-06,17.53,0.4,876257,1988300000,305900000,"[{'period': '2025', 'revenue': 132380.0, 'unit': 'M', 'net_profit': 305.9}, {'period': '2024', 'revenue': 99890.0, 'unit': 'M', 'net_profit': 260.8}, {'period': '2023', 'revenue': 60860.0, 'unit': 'M', 'net_profit': 238.5}, {'period': '2022', 'revenue': 66040.0, 'unit': 'M', 'net_profit': 207.1}]","[{'period': ""Q1 '26"", 'revenue': 39030.0, 'unit': 'M', 'net_profit': 139.0}, {'period': ""Q4 '25"", 'revenue': 32720.0, 'unit': 'M', 'net_profit': 85.7}, {'period': ""Q3 '25"", 'revenue': 34830.0, 'unit': 'M', 'net_profit': 63.4}, {'period': ""Q2 '25"", 'revenue': 36890.0, 'unit': 'M', 'net_profit': 71.7}, {'period': ""Q1 '25"", 'revenue': 27940.0, 'unit': 'M', 'net_profit': 85.1}, {'period': ""Q4 '24"", 'revenue': 31140.0, 'unit': 'M', 'net_profit': 76.7}]",6.22,5.89,45268000000,35133100000,1605800000,42890600000,14270300000,8404500000,22401400000,1605800000,4322900000,0.23328371169830045,0.17292944785276074,0.13296903460837878,__nan__,__nan__,__nan__,0.9474816647521428
698,SNFCA,Security National Financial Corporation Class A Common Stock,"Security National Financial Corporation engages in the life insurance, cemetery and mortuary, and mortgage businesses. The company's Life Insurance segment is involved in selling and servicing lines of life insurance, annuity products, and accident and health insurance. It offers various life insurance products, including funeral plans and interest-sensitive life insurance, as well as other traditional life, accident, and health insurance products; annuity products comprising single and flexible premium deferred annuities, and immediate annuities; and diver's accident policies. This segment also cedes and assumes various risks with various authorized unaffiliated reinsurers pursuant to reinsurance treaties. Its Cemetery and Mortuary segment operates eleven mortuaries and five cemeteries in Utah; one cemetery in California; and four mortuaries and one cemetery in New Mexico. This segment also offers plots, interment vaults, mausoleum crypts, markers, caskets, urns, and other death care related products; and provides professional services of funeral directors, opening and closing of graves, use of chapels and viewing rooms, and use of automobiles and clothing. The company's Mortgages segment originates and underwrites residential and commercial loans for new construction, existing homes, and real estate projects primarily in Florida, Nevada, Texas, and Utah. It offers residential mortgage lending services to real estate brokers and builders, as well as directly with consumers. Security National Financial Corporation was founded in 1965 and is headquartered in Salt Lake City, Utah.",Scott Milton Quist,Financial - Mortgages,9.24,USD,207278730,https://images.financialmodelingprep.com/symbol/SNFCA.png,34810,1987-08-12,7.33,0.03,15249,54647009,32152330,"[{'period': '2025', 'revenue': 344.59, 'unit': 'M', 'net_profit': 32.15}, {'period': '2024', 'revenue': 8.19, 'unit': 'M', 'net_profit': 26.54}, {'period': '2023', 'revenue': 9.55, 'unit': 'M', 'net_profit': 14.5}, {'period': '2022', 'revenue': 9.67, 'unit': 'M', 'net_profit': 25.69}]","[{'period': ""Q4 '25"", 'revenue': 82.98, 'unit': 'M', 'net_profit': 13.49}, {'period': ""Q3 '25"", 'revenue': 2.5, 'unit': 'M', 'net_profit': 7.82}, {'period': ""Q2 '25"", 'revenue': 2.37, 'unit': 'M', 'net_profit': 6.51}, {'period': ""Q1 '25"", 'revenue': 82.74, 'unit': 'M', 'net_profit': 4.34}, {'period': ""Q4 '24"", 'revenue': 2090.0, 'unit': 'K', 'net_profit': -41.75}, {'period': ""Q3 '24"", 'revenue': 2.36, 'unit': 'M', 'net_profit': 11.83}]",1.3,1.26,1548326943,107726334,102256828,1151475876000,5469506,400827980,53062284000,102256828,43848625,0.15920118627242308,0.21166005069082605,0.19266055045871555,"[0.1305, 0.1442]","['1993-01-25', '1992-09-09']",__nan__,743.6903951105629
699,SNGX,Soligenix Inc. Common Stock,"Soligenix, Inc., a late-stage biopharmaceutical company, focuses on developing and commercializing products to treat rare diseases in the United States. It operates in two segments, Specialized BioTherapeutics and Public Health Solutions. The Specialized BioTherapeutics segment develops SGX301 (HyBryte), a novel photodynamic therapy, which has completed Phase III clinical trial for the treatment of treat cutaneous T-cell lymphoma; and SGX942, an innate defense regulator technology that is in Phase III clinical trial for the treatment of inflammatory diseases, including oral mucositis in head and neck cancer. This segment also offers proprietary formulations of oral beclomethasone 17,21-dipropionate for the prevention/treatment of gastrointestinal disorders characterized by severe inflammation, including SGX203 for pediatric Crohn's disease; and SGX302 that is in Phase I/II clinical trial for the treatment of mild-to-moderate psoriasis. The Public Health Solutions segment is involved in the development of RiVax, a ricin toxin vaccine candidate, which has completed Phase Ia and Ib clinical trials; SGX943, a therapeutic candidate that is in pre-clinical stage for the treatment of antibiotic resistant and emerging infectious diseases; ThermoVax, a technology in pre-clinical development for thermostabilizing vaccines; and CiVax, a vaccine candidate in pre-clinical development for the prevention of COVID-19. The company was formerly known as DOR BioPharma, Inc. and changed its name to Soligenix, Inc. in 2009. Soligenix, Inc. was incorporated in 1987 and is headquartered in Princeton, New Jersey.",Christopher J. Schaber,Biotechnology,1.13,USD,11397327,https://images.financialmodelingprep.com/symbol/SNGX.png,171783,1994-04-04,-0.33,-0.08000005,257250,-9459171,-8266576,"[{'period': '2024', 'revenue': 0.0, 'unit': 'M', 'net_profit': -8.27}, {'period': '2023', 'revenue': 0.0, 'unit': 'M', 'net_profit': -6.14}, {'period': '2022', 'revenue': 0.25, 'unit': 'M', 'net_profit': -13.8}, {'period': '2021', 'revenue': 0.033350000000000005, 'unit': 'M', 'net_profit': -12.55}]","[{'period': ""Q3 '25"", 'revenue': 0.0, 'unit': 'M', 'net_profit': -2.53}, {'period': ""Q2 '25"", 'revenue': 0.0, 'unit': 'M', 'net_profit': -2.7}, {'period': ""Q1 '25"", 'revenue': 0.0, 'unit': 'M', 'net_profit': -3.24}, {'period': ""Q4 '24"", 'revenue': 0.0, 'unit': 'M', 'net_profit': -2.99}, {'period': ""Q3 '24"", 'revenue': 0.0, 'unit': 'M', 'net_profit': -1.72}, {'period': ""Q2 '24"", 'revenue': 0.0, 'unit': 'M', 'net_profit': -1.64}]",-4.98,-4.98,8966483,8828630,7819514,4848412,0,0,4848412,7819514,-8403618,-0.23365440720579916,-0.3461878310884862,0.6066350710900473,__nan__,__nan__,__nan__,0.5407261687776579
700,SNGXW,Soligenix Inc. Warrant,,None,Biotechnology,0.009,USD,0,https://images.financialmodelingprep.com/symbol/SNGXW.png,0,2022-01-31,0.0,-0.0004,4008,-9459171,-8266576,"[{'period': '2024', 'revenue': 0.0, 'unit': 'M', 'net_profit': -8.27}, {'period': '2023', 'revenue': 0.0, 'unit': 'M', 'net_profit': -6.14}, {'period': '2022', 'revenue': 0.25, 'unit': 'M', 'net_profit': -13.8}, {'period': '2021', 'revenue': 0.033350000000000005, 'unit': 'M', 'net_profit': -12.55}]","[{'period': ""Q3 '25"", 'revenue': 0.0, 'unit': 'M', 'net_profit': -2.53}, {'period': ""Q2 '25"", 'revenue': 0.0, 'unit': 'M', 'net_profit': -2.7}, {'period': ""Q1 '25"", 'revenue': 0.0, 'unit': 'M', 'net_profit': -3.24}, {'period': ""Q4 '24"", 'revenue': 0.0, 'unit': 'M', 'net_profit': -2.99}, {'period': ""Q3 '24"", 'revenue': 0.0, 'unit': 'M', 'net_profit': -1.72}, {'period': ""Q2 '24"", 'revenue': 0.0, 'unit': 'M', 'net_profit': -1.64}]",-4.98,-4.98,8966483,8828630,7819514,4848412,0,0,4848412,7819514,-8403618,-0.23365440720579916,-0.3461878310884862,0.6066350710900473,__nan__,__nan__,__nan__,0.5407261687776579
701,SNOA,Sonoma Pharmaceuticals Inc. Common Stock,"Sonoma Pharmaceuticals, Inc., develops and produces stabilized hypochlorous acid (HOCl) products for wound care, animal health care, eye care, oral care, and dermatological conditions in the United States, Latin America, Europe, and internationally. The company offers Epicyn, an antimicrobial facial cleanser; Levicyn, an HOCl based prescription product to manage and relieve burning, itching, and pain experienced with various types of dermatoses; Celacyn gel, a HOCl-based topical prescription product indicated to promote efficient healing through the management of new and old scars; and SebuDerm to manage and relieve the burning, itching, erythema, scaling, and pain associated with seborrhea and seborrheic dermatitis. It also provides Acuicyn, a HOCl-based product indicated to relieve itch and inflammation while helping to keep areas around the eye clean; and Microcyn, a HOCl-based topical line of products designed to stimulate expedited healing by targeting a wide range of pathogens, as well as antibiotic-resistant strains that slow the natural healing of wounds. In addition, the company offers MicrocynAH, an HOCl-based solution designed to relieve common symptoms of hot spots, scratches, skin rashes post-surgical sites, and irritated animal skin for healing; Microdacyn60 oral care solution for the treatment of mouth and throat infections; MucoClyns for the use in emergencies and safe to use on mucous membranes, cuts, abrasions, burns, and body surfaces; Endocyn root canal irrigation solutions; Pediacyn atopic dermatitis hydrogel; Ocucyn eyelid and eyelash cleanser; Gramaderm for the treatment of topical mild to moderate acne; Nanocyn, a hospital-grade disinfectant; and Sinudox for nasal irrigation. The company was formerly known as Oculus Innovative Sciences, Inc. and changed its name to Sonoma Pharmaceuticals, Inc. in December 2016. Sonoma Pharmaceuticals, Inc. was incorporated in 1999 and is based in Woodstock, Georgia.",Amy Trombly,Drug Manufacturers - Specialty & Generic,2.13,USD,3686199,https://images.financialmodelingprep.com/symbol/SNOA.png,15649,2007-01-25,-1.09,0.03,47120,-3572000,-3457000,"[{'period': '2025', 'revenue': 14.29, 'unit': 'M', 'net_profit': -3.46}, {'period': '2024', 'revenue': 12.73, 'unit': 'M', 'net_profit': -4.83}, {'period': '2023', 'revenue': 13.27, 'unit': 'M', 'net_profit': -5.15}, {'period': '2022', 'revenue': 12.63, 'unit': 'M', 'net_profit': -5.09}]","[{'period': ""Q3 '26"", 'revenue': 4350.0, 'unit': 'K', 'net_profit': -819.0}, {'period': ""Q2 '26"", 'revenue': 5600.0, 'unit': 'K', 'net_profit': -534.0}, {'period': ""Q1 '26"", 'revenue': 4.01, 'unit': 'M', 'net_profit': -1.24}, {'period': ""Q4 '25"", 'revenue': 3750.0, 'unit': 'K', 'net_profit': -776.0}, {'period': ""Q3 '25"", 'revenue': 3560.0, 'unit': 'K', 'net_profit': -928.0}, {'period': ""Q2 '25"", 'revenue': 3580.0, 'unit': 'K', 'net_profit': -610.0}]",-2.79,-2.79,13693000,12648000,5374000,9282000,3763000,0,4096000,5374000,-168000,0.21060773480662984,0.285005170630817,0.47556390977443613,__nan__,__nan__,__nan__,0.6778646023515665
702,SNPS,Synopsys Inc. Common Stock,"Synopsys, Inc. provides electronic design automation software products used to design and test integrated circuits. The company offers Fusion Design Platform that provides digital design implementation solutions; Verification Continuum Platform that provides virtual prototyping, static and formal verification, simulation, emulation, field programmable gate array (FPGA)-based prototyping, and debug solutions; and FPGA design products that are programmed to perform specific functions. It also provides intellectual property (IP) solutions for USB, PCI Express, DDR, Ethernet, SATA, MIPI, HDMI, and Bluetooth low energy applications; analog IP, including data converters and audio codecs; and system-on-chip (SoC) infrastructure IP, datapath and building block IP, and verification IP products, as well as mathematical and floating-point components, and Arm AMBA interconnect fabric and peripherals. In addition, the company offers logic libraries and embedded memories; configurable processor cores and application-specific instruction-set processor tools for embedded applications; IP subsystems for audio, sensor, and data fusion functionality; and security IP solutions. Further, it provides Platform Architect solutions for SoC architecture analysis and optimization; virtual prototyping solutions; and HAPS FPGA-based prototyping systems, as well as a series of tools used in the design of optical systems and photonic devices. Additionally, the company offers security testing, managed services, programs and professional services, and training that enable its customers to detect and remediate security vulnerabilities, and defects in the software development lifecycle, as well as manufacturing solutions. It serves electronics, financial services, automotive, medicine, energy, and industrial areas. The company was incorporated in 1986 and is headquartered in Mountain View, California.",Sassine Ghazi,Software - Infrastructure,380.47,USD,72883594140,https://images.financialmodelingprep.com/symbol/SNPS.png,2140528,1992-02-26,58.44,-21.48,2318386,2500301000,1332220000,"[{'period': '2025', 'revenue': 7.05, 'unit': 'B', 'net_profit': 1.33}, {'period': '2024', 'revenue': 6.13, 'unit': 'B', 'net_profit': 2.26}, {'period': '2023', 'revenue': 5.32, 'unit': 'B', 'net_profit': 1.23}, {'period': '2022', 'revenue': 4620.0, 'unit': 'M', 'net_profit': 984.59}]","[{'period': ""Q1 '26"", 'revenue': 2410.0, 'unit': 'M', 'net_profit': 64.72}, {'period': ""Q4 '25"", 'revenue': 2250.0, 'unit': 'M', 'net_profit': 448.7}, {'period': ""Q3 '25"", 'revenue': 1740.0, 'unit': 'M', 'net_profit': 242.51}, {'period': ""Q2 '25"", 'revenue': 1600.0, 'unit': 'M', 'net_profit': 345.33}, {'period': ""Q1 '25"", 'revenue': 1460.0, 'unit': 'M', 'net_profit': 295.68}, {'period': ""Q4 '24"", 'revenue': 1.64, 'unit': 'B', 'net_profit': 1.11}]",8.13,8.04,48224461000,6012102000,2960959000,19897446000,1505427000,0,3722494000,2888030000,1349154000,0.35462456494697014,-0.4114024158559323,-0.4499323410013531,__nan__,__nan__,__nan__,0.4126006924162408
703,SNRH,Senior Connect Acquisition Corp. I Class A Common Stock,"Senior Connect Acquisition Corp. I does not have significant operations. It intends to effect a merger, capital stock exchange, asset acquisition, stock purchase, reorganization, or similar business combination with one or more businesses. The company was formerly known as Health Connect Acquisitions Corp. I. The company was incorporated in 2020 and is based in Scottsdale, Arizona.",Richard T. Burke,Shell Companies,10.04,USD,116251152,https://images.financialmodelingprep.com/symbol/SNRH.png,4104,2021-02-01,77.23076923076923,0.0,1,-21744000,16613000,"[{'period': '2022', 'revenue': 0.0, 'unit': 'M', 'net_profit': 16.61}, {'period': '2021', 'revenue': 0.0, 'unit': 'M', 'net_profit': 5.55}, {'period': '2020', 'revenue': 0.0, 'unit': 'K', 'net_profit': -113.0}]","[{'period': ""Q1 '23"", 'revenue': 0.0, 'unit': 'K', 'net_profit': -30.97}, {'period': ""Q4 '22"", 'revenue': 0.0, 'unit': 'K', 'net_profit': 505.99}, {'period': ""Q3 '22"", 'revenue': 0.0, 'unit': 'M', 'net_profit': 2.49}, {'period': ""Q2 '22"", 'revenue': 0.0, 'unit': 'M', 'net_profit': 3.39}, {'period': ""Q1 '22"", 'revenue': 0.0, 'unit': 'M', 'net_profit': 21.11}, {'period': ""Q4 '21"", 'revenue': 0.0, 'unit': 'M', 'net_profit': 4.95}]",0.33,0.33,12610974,75066,7566,18927371,0,0,2578571,7566,-1899197,-1.4768196833352318,1.9906390639063907,2.0000000000000004,__nan__,__nan__,__nan__,1.5008651195379517
704,SNRHU,Senior Connect Acquisition Corp. I Unit,"Senior Connect Acquisition Corp. I does not have significant operations. It intends to effect a merger, capital stock exchange, asset acquisition, stock purchase, reorganization, or similar business combination with one or more businesses. The company was formerly known as Health Connect Acquisitions Corp. I. The company was incorporated in 2020 and is based in Scottsdale, Arizona.",Richard T. Burke,Shell Companies,10.02,USD,0,https://images.financialmodelingprep.com/symbol/SNRHU.png,450,2020-12-11,35.40636042402827,0.0,0,-21744000,16613000,"[{'period': '2022', 'revenue': 0.0, 'unit': 'M', 'net_profit': 16.61}, {'period': '2021', 'revenue': 0.0, 'unit': 'M', 'net_profit': 5.55}, {'period': '2020', 'revenue': 0.0, 'unit': 'K', 'net_profit': -113.0}]","[{'period': ""Q1 '23"", 'revenue': 0.0, 'unit': 'K', 'net_profit': -30.97}, {'period': ""Q4 '22"", 'revenue': 0.0, 'unit': 'K', 'net_profit': 505.99}, {'period': ""Q3 '22"", 'revenue': 0.0, 'unit': 'M', 'net_profit': 2.49}, {'period': ""Q2 '22"", 'revenue': 0.0, 'unit': 'M', 'net_profit': 3.39}, {'period': ""Q1 '22"", 'revenue': 0.0, 'unit': 'M', 'net_profit': 21.11}, {'period': ""Q4 '21"", 'revenue': 0.0, 'unit': 'M', 'net_profit': 4.95}]",0.33,0.33,12610974,75066,7566,18927371,0,0,2578571,7566,-1899197,-1.4768196833352318,1.9906390639063907,2.0000000000000004,__nan__,__nan__,__nan__,1.5008651195379517
705,SNRHW,Senior Connect Acquisition Corp. I Warrant,"Senior Connect Acquisition Corp. I does not have significant operations. It intends to effect a merger, capital stock exchange, asset acquisition, stock purchase, reorganization, or similar business combination with one or more businesses. The company was formerly known as Health Connect Acquisitions Corp. I. The company was incorporated in 2020 and is based in Scottsdale, Arizona.",Richard T. Burke,Shell Companies,0.0004,USD,0,https://images.financialmodelingprep.com/symbol/SNRHW.png,0,2021-02-01,0.0,0.0,60315,-21744000,16613000,"[{'period': '2022', 'revenue': 0.0, 'unit': 'M', 'net_profit': 16.61}, {'period': '2021', 'revenue': 0.0, 'unit': 'M', 'net_profit': 5.55}, {'period': '2020', 'revenue': 0.0, 'unit': 'K', 'net_profit': -113.0}]","[{'period': ""Q1 '23"", 'revenue': 0.0, 'unit': 'K', 'net_profit': -30.97}, {'period': ""Q4 '22"", 'revenue': 0.0, 'unit': 'K', 'net_profit': 505.99}, {'period': ""Q3 '22"", 'revenue': 0.0, 'unit': 'M', 'net_profit': 2.49}, {'period': ""Q2 '22"", 'revenue': 0.0, 'unit': 'M', 'net_profit': 3.39}, {'period': ""Q1 '22"", 'revenue': 0.0, 'unit': 'M', 'net_profit': 21.11}, {'period': ""Q4 '21"", 'revenue': 0.0, 'unit': 'M', 'net_profit': 4.95}]",0.33,0.33,12610974,75066,7566,18927371,0,0,2578571,7566,-1899197,-1.4768196833352318,1.9906390639063907,2.0000000000000004,__nan__,__nan__,__nan__,1.5008651195379517
706,SNSE,Sensei Biotherapeutics Inc. Common Stock,"Sensei Biotherapeutics, Inc., a biopharmaceutical company, engages in the discovery and development of immunotherapies with an initial focus on treatments for cancer. It develops proprietary ImmunoPhage platform, an immunotherapy approach that is designed to utilize bacteriophage to induce a focused and coordinated innate and adaptive immune response; and Tumor Microenvironment Activated Biologics, a platform designed to unleash the anti-tumor potential of T-cells, as well as human monoclonal antibodies that are selectively active in the tumor microenvironment and target immune checkpoints or other critical immune pathways. The company also develops SNS-101, a monoclonal antibody for the treatment of cancer; and SNS-401-NG, an ImmunoPhage vaccine targeting multiple tumor antigens. It has a collaboration with The University of Washington to research and develop Merkel cell carcinoma vaccine. The company was formerly known as Panacea Pharmaceuticals, Inc. Sensei Biotherapeutics, Inc. was incorporated in 1999 and is headquartered in Rockville, Maryland.",Christopher W. Gerry,Biotechnology,27.68,USD,34923441,https://images.financialmodelingprep.com/symbol/SNSE.png,326562,2021-02-04,-1.45,0.8,114856,-29516000,-30157000,"[{'period': '2024', 'revenue': 0.0, 'unit': 'M', 'net_profit': -30.16}, {'period': '2023', 'revenue': 0.0, 'unit': 'M', 'net_profit': -34.1}, {'period': '2022', 'revenue': 0.0, 'unit': 'M', 'net_profit': -48.59}, {'period': '2021', 'revenue': 0.0, 'unit': 'M', 'net_profit': -36.79}]","[{'period': ""Q3 '25"", 'revenue': -4.85, 'unit': 'M', 'net_profit': -4.57}, {'period': ""Q2 '25"", 'revenue': 0.0, 'unit': 'M', 'net_profit': -4.94}, {'period': ""Q1 '25"", 'revenue': 0.0, 'unit': 'M', 'net_profit': -6.86}, {'period': ""Q4 '24"", 'revenue': 0.0, 'unit': 'M', 'net_profit': -7.77}, {'period': ""Q3 '24"", 'revenue': 0.0, 'unit': 'M', 'net_profit': -7.25}, {'period': ""Q2 '24"", 'revenue': 0.0, 'unit': 'M', 'net_profit': -7.14}]",-1.2,-1.2,45361000,41929000,41335000,6975000,0,0,5448000,9994000,-24816000,0.11591685137482777,0.11565643236268731,0.016393442622950834,__nan__,__nan__,__nan__,0.1537664513568925
707,SNY,Sanofi ADR,"Sanofi, together with its subsidiaries, engages in the research, development, manufacture, and marketing of therapeutic solutions in the United States, Europe, and internationally. It operates through three segments: Pharmaceuticals, Vaccines, and Consumer Healthcare. The company provides specialty care products, including human monoclonal antibodies; products for multiple sclerosis, neurology, other inflammatory diseases, immunology, rare diseases, oncology, and rare blood disorders; medicines for diabetes; and cardiovascular and established prescription products. It also supplies poliomyelitis, pertussis, and hib pediatric vaccines; and influenza, adult booster, meningitis, and travel and endemic vaccines. In addition, the company offers allergy, cough and cold, pain, liver care, physical and mental wellness, probiotics, digestive, and nutritional products; and other products, such as daily body lotions, anti-itch products, moisturizing and soothing lotions, and body and foot creams, as well as powders for eczema. Further, it has various pharmaceutical products and vaccines in development stage. Sanofi has collaboration agreement with GlaxoSmithKline to develop a recombinant Covid-19 vaccine; and a research collaboration with Stanford University School of Medicine to advance the understanding of immunology and inflammation through open scientific exchange. It also has a collaboration and license option agreement with Prellis Biologics, Inc. The company was formerly known as Sanofi-Aventis and changed its name to Sanofi in May 2011. Sanofi was founded in 1973 and is headquartered in Paris, France.",Olivier Charmeil,Drug Manufacturers - General,46.78,USD,113928462304,https://images.financialmodelingprep.com/symbol/SNY.png,4144864,2002-07-01,20.08,0.16,3662168,12680000000,7813000000,"[{'period': '2025', 'revenue': 46.72, 'unit': 'B', 'net_profit': 7.81}, {'period': '2024', 'revenue': 44.29, 'unit': 'B', 'net_profit': 5.56}, {'period': '2023', 'revenue': 41.62, 'unit': 'B', 'net_profit': 5.4}, {'period': '2022', 'revenue': 40.56, 'unit': 'B', 'net_profit': 8.37}]","[{'period': ""Q4 '25"", 'revenue': 12210.0, 'unit': 'M', 'net_profit': -801.0}, {'period': ""Q3 '25"", 'revenue': 13.17, 'unit': 'B', 'net_profit': 2.8}, {'period': ""Q2 '25"", 'revenue': 10.73, 'unit': 'B', 'net_profit': 3.94}, {'period': ""Q1 '25"", 'revenue': 10.61, 'unit': 'B', 'net_profit': 1.87}, {'period': ""Q4 '24"", 'revenue': 7630.0, 'unit': 'M', 'net_profit': 499.0}, {'period': ""Q3 '24"", 'revenue': 14.16, 'unit': 'B', 'net_profit': 2.81}]",2.03,2.03,126806000000,30953000000,7657000000,55096000000,396831000,0,28346000000,7657000000,8892000000,0.1492794344240007,0.4052158273381295,-0.07744874715261957,"[2.21215, 23.1]","['2025-05-09', '2003-05-28']",__nan__,0.43449048152295633
