,symbol,name,description__profile,ceo__profile,industry__profile,price__profile,currency__profile,mktCap__profile,image__profile,volAvg__profile,ipoDate__profile,pe__quote,change__quote,volume__quote,ebitda__income_statement,netIncome__income_statement,annual_earnings,quaterly_earnings,eps__income_statement,epsdiluted__income_statement,totalAssets__balance_sheet_statement,totalCurrentAssets__balance_sheet_statement,cashAndShortTermInvestments__balance_sheet_statement,totalLiabilities__balance_sheet_statement,netReceivables__balance_sheet_statement,longTermInvestments__balance_sheet_statement,totalCurrentLiabilities__balance_sheet_statement,cashAndCashEquivalents__balance_sheet_statement,freeCashFlow__cash_flow_statement,growthEBITDA__income_statement_growth,growthNetIncome__income_statement_growth,growthEPS__income_statement_growth,dividend__historical-price-full/stock_dividend,date__historical-price-full/stock_dividend,derived__netIncomeMargin,derived__debtRatio
0,SOJB,Southern Company (The) Series 2016A 5.25% Junior Subordinated Notes due October 1 2076,,None,General Utilities,25.04,USD,25026830312,https://images.financialmodelingprep.com/symbol/SOJB.png,43586,2016-09-22,29.80952380952381,-0.01,30075,13738000000,4341000000,"[{'period': '2025', 'revenue': 29.55, 'unit': 'B', 'net_profit': 4.34}, {'period': '2024', 'revenue': 26.72, 'unit': 'B', 'net_profit': 4.4}]","[{'period': ""Q4 '25"", 'revenue': 6980.0, 'unit': 'M', 'net_profit': 416.0}, {'period': ""Q3 '25"", 'revenue': 7.82, 'unit': 'B', 'net_profit': 1.71}, {'period': ""Q2 '25"", 'revenue': 6970.0, 'unit': 'M', 'net_profit': 880.0}, {'period': ""Q1 '25"", 'revenue': 7.78, 'unit': 'B', 'net_profit': 1.33}, {'period': ""Q4 '24"", 'revenue': 7.78, 'unit': 'B', 'net_profit': 1.33}, {'period': ""Q3 '24"", 'revenue': 7.27, 'unit': 'B', 'net_profit': 1.53}]",3.94,3.92,0,0,0,6136000000,0,0,1076000000,0,9802000000,0.8972517608065185,-0.013633265167007498,-0.01990049751243772,"[0.328, 0.386]","['2021-09-29', '2016-12-28']",__nan__,__nan__
1,SOJC,Southern Company (The) Series 2017B 5.25% Junior Subordinated Notes due December 1 2077,"The Southern Co is a holding company, which engages in the generation and sale of electricity. It operates through the following segments: Traditional Electric Operating Companies, Southern Power, and Southern Company Gas. The Traditional Electric Operating Companies segment refers to vertically integrated utilities that own generation, transmission and distribution facilities, and supplies electric services in the states of Alabama, Georgia, Florida, and Mississippi. The Southern Power segment constructs, acquires, owns, and manages generation assets such as renewable energy projects and sells electricity in the wholesale market. The Southern Company Gas segment distributes natural gas through natural gas distribution facilities in the states of Illinois, Georgia, Virginia, New Jersey, Florida, Tennessee, and Maryland. The company was founded on November 9, 1945, and is headquartered in Atlanta, GA.",None,Regulated Electric,20.88,USD,20869017099,https://images.financialmodelingprep.com/symbol/SOJC.png,27893,2017-11-28,24.86,-0.12,22090,14334000000,4341000000,"[{'period': '2025', 'revenue': 29.55, 'unit': 'B', 'net_profit': 4.34}, {'period': '2024', 'revenue': 26.72, 'unit': 'B', 'net_profit': 4.4}, {'period': '2023', 'revenue': 25.25, 'unit': 'B', 'net_profit': 3.98}, {'period': '2022', 'revenue': 29.28, 'unit': 'B', 'net_profit': 3.52}]","[{'period': ""Q4 '25"", 'revenue': 6980.0, 'unit': 'M', 'net_profit': 416.0}, {'period': ""Q3 '25"", 'revenue': 7.82, 'unit': 'B', 'net_profit': 1.71}, {'period': ""Q2 '25"", 'revenue': 6970.0, 'unit': 'M', 'net_profit': 880.0}, {'period': ""Q1 '25"", 'revenue': 7.78, 'unit': 'B', 'net_profit': 1.33}, {'period': ""Q4 '24"", 'revenue': 6340.0, 'unit': 'M', 'net_profit': 534.0}, {'period': ""Q3 '24"", 'revenue': 7.27, 'unit': 'B', 'net_profit': 1.53}]",3.94,3.92,155720000000,10917000000,1640000000,116853000000,4069000000,4979000000,16888000000,1640000000,-3590000000,0.10738566131025958,-0.013633265167007498,-0.01990049751243772,"[0.32813, 0.361]","['2026-02-27', '2018-02-27']",__nan__,0.750404572309273
2,SOJD,Southern Company (The) Series 2020A 4.95% Junior Subordinated Notes due January 30 2080,"The Southern Co is a holding company, which engages in the generation and sale of electricity. It operates through the following segments: Traditional Electric Operating Companies, Southern Power and Southern Company Gas. The Traditional Electric Operating Companies segment refers to vertically integrated utilities that own generation, transmission and distribution facilities, and supplies electric services in the states of Alabama, Georgia, Florida, and Mississippi. The Southern Power segment constructs, acquires, owns, and manages generation assets such as renewable energy projects and sells electricity in the wholesale market. The Southern Company Gas segment distributes natural gas through natural gas distribution facilities in the states of Illinois, Georgia, Virginia, New Jersey, Florida, Tennessee, and Maryland. The company was founded on November 9, 1945, and is headquartered in Atlanta, GA.",None,Regulated Electric,19.59,USD,21928850100,https://images.financialmodelingprep.com/symbol/SOJD.png,82123,2020-01-14,,-0.08,56167,14334000000,4341000000,"[{'period': '2025', 'revenue': 29.55, 'unit': 'B', 'net_profit': 4.34}, {'period': '2024', 'revenue': 26.72, 'unit': 'B', 'net_profit': 4.4}, {'period': '2023', 'revenue': 25.25, 'unit': 'B', 'net_profit': 3.98}, {'period': '2022', 'revenue': 29.28, 'unit': 'B', 'net_profit': 3.52}]","[{'period': ""Q4 '25"", 'revenue': 6980.0, 'unit': 'M', 'net_profit': 416.0}, {'period': ""Q3 '25"", 'revenue': 7.82, 'unit': 'B', 'net_profit': 1.71}, {'period': ""Q2 '25"", 'revenue': 6970.0, 'unit': 'M', 'net_profit': 880.0}, {'period': ""Q1 '25"", 'revenue': 7.78, 'unit': 'B', 'net_profit': 1.33}, {'period': ""Q4 '24"", 'revenue': 6340.0, 'unit': 'M', 'net_profit': 534.0}, {'period': ""Q3 '24"", 'revenue': 7.27, 'unit': 'B', 'net_profit': 1.53}]",3.94,3.92,155720000000,10917000000,1640000000,116853000000,4069000000,4979000000,16888000000,1640000000,-3590000000,0.10738566131025958,-0.013633265167007498,-0.01990049751243772,"[0.30938, 0.382]","['2026-01-29', '2020-04-28']",__nan__,0.750404572309273
3,SOJE,Southern Company (The) Series 2020C 4.20% Junior Subordinated Notes due October 15 2060,"The Southern Co is a holding company, which engages in the generation and sale of electricity. It operates through the following segments: Traditional Electric Operating Companies, Southern Power, and Southern Company Gas. The Traditional Electric Operating Companies segment refers to vertically integrated utilities that own generation, transmission and distribution facilities, and supplies electric services in the states of Alabama, Georgia, Florida, and Mississippi. The Southern Power segment constructs, acquires, owns, and manages generation assets such as renewable energy projects and sells electricity in the wholesale market. The Southern Company Gas segment distributes natural gas through natural gas distribution facilities in the states of Illinois, Georgia, Virginia, New Jersey, Florida, Tennessee, and Maryland. The company was founded on November 9, 1945, and is headquartered in Atlanta, GA.",Christopher C. Womack,Regulated Electric,17.09,USD,19130375100,https://images.financialmodelingprep.com/symbol/SOJE.png,61254,2020-09-23,,-0.12,96467,14334000000,4341000000,"[{'period': '2025', 'revenue': 29.55, 'unit': 'B', 'net_profit': 4.34}, {'period': '2024', 'revenue': 26.72, 'unit': 'B', 'net_profit': 4.4}, {'period': '2023', 'revenue': 25.25, 'unit': 'B', 'net_profit': 3.98}, {'period': '2022', 'revenue': 29.28, 'unit': 'B', 'net_profit': 3.54}]","[{'period': ""Q4 '25"", 'revenue': 6980.0, 'unit': 'M', 'net_profit': 416.0}, {'period': ""Q3 '25"", 'revenue': 7.82, 'unit': 'B', 'net_profit': 1.71}, {'period': ""Q2 '25"", 'revenue': 6970.0, 'unit': 'M', 'net_profit': 880.0}, {'period': ""Q1 '25"", 'revenue': 7.78, 'unit': 'B', 'net_profit': 1.33}, {'period': ""Q4 '24"", 'revenue': 6340.0, 'unit': 'M', 'net_profit': 534.0}, {'period': ""Q3 '24"", 'revenue': 7.27, 'unit': 'B', 'net_profit': 1.53}]",3.94,3.92,155720000000,10917000000,1639000000,116853000000,4069000000,0,16888000000,1639000000,-3590000000,0.08279196253210455,-0.013633265167007498,-0.01990049751243772,"[0.2625, 0.34125]","['2026-01-14', '2021-01-13']",__nan__,0.750404572309273
4,SOL,Renesola Ltd. American Depsitary Shares (Each representing 10 shares),"Emeren Group Ltd is solar project developer, owner, and operator. The Company specializes in solar project lifecycle, construction management, and financing services.",Julia Xu,Solar,1.94,USD,995639467,https://images.financialmodelingprep.com/symbol/SOL.png,210905,2008-01-29,-10.777777777777779,0.01,609217,-686000,-12477000,"[{'period': '2024', 'revenue': 92.07, 'unit': 'M', 'net_profit': -12.48}, {'period': '2023', 'revenue': 105.64, 'unit': 'M', 'net_profit': -3.19}, {'period': '2022', 'revenue': 61.29, 'unit': 'M', 'net_profit': -4.67}, {'period': '2021', 'revenue': 79.66, 'unit': 'M', 'net_profit': 6.86}]","[{'period': ""Q3 '25"", 'revenue': 15.64, 'unit': 'M', 'net_profit': 3.47}, {'period': ""Q2 '25"", 'revenue': 12.88, 'unit': 'M', 'net_profit': 1.45}, {'period': ""Q1 '25"", 'revenue': 8.15, 'unit': 'M', 'net_profit': 1.54}, {'period': ""Q4 '24"", 'revenue': 34.55, 'unit': 'M', 'net_profit': -11.79}, {'period': ""Q3 '24"", 'revenue': 12.86, 'unit': 'M', 'net_profit': 4.84}, {'period': ""Q2 '24"", 'revenue': 30060.0, 'unit': 'K', 'net_profit': 392.0}]",-0.24,-0.24,447566000,191388000,50012000,109546000,70456000,0,49518000,50012000,-20040000,-1.0961727183513248,-2.916195856873823,-3.3035714285714284,__nan__,__nan__,__nan__,0.24475943212844586
5,SOLN,Southern Company (The) 2019 Series A Corporate Units,,None,Regulated Electric,56.16,USD,0,https://images.financialmodelingprep.com/symbol/SOLN.png,520055,2019-08-21,0.0,0.720001,3671151,13738000000,4341000000,"[{'period': '2025', 'revenue': 29.55, 'unit': 'B', 'net_profit': 4.34}, {'period': '2024', 'revenue': 26.72, 'unit': 'B', 'net_profit': 4.4}, {'period': '2021', 'revenue': 23.11, 'unit': 'B', 'net_profit': 2.31}, {'period': '2020', 'revenue': 20.38, 'unit': 'B', 'net_profit': 3.13}]","[{'period': ""Q4 '25"", 'revenue': 6980.0, 'unit': 'M', 'net_profit': 416.0}, {'period': ""Q3 '25"", 'revenue': 7.82, 'unit': 'B', 'net_profit': 1.71}, {'period': ""Q2 '25"", 'revenue': 6970.0, 'unit': 'M', 'net_profit': 880.0}, {'period': ""Q1 '25"", 'revenue': 7.78, 'unit': 'B', 'net_profit': 1.33}, {'period': ""Q4 '24"", 'revenue': 7.1, 'unit': 'B', 'net_profit': 2.6}, {'period': ""Q3 '24"", 'revenue': 7.27, 'unit': 'B', 'net_profit': 1.53}]",3.94,3.92,0,0,0,6136000000,0,0,1076000000,0,9802000000,0.8972517608065185,-0.013633265167007498,-0.01990049751243772,"[0.844, 0.703]","['2022-07-28', '2019-10-30']",__nan__,__nan__
6,SON,Sonoco Products Company Common Stock,"Sonoco Products Company, together with its subsidiaries, manufactures and sells industrial and consumer packaging products in North and South America, Europe, Australia, and Asia. The company operates through two segments: Consumer Packaging and Industrial Paper Packaging. The Consumer Packaging segment round and shaped rigid paper containers; metal and peelable membrane ends and closures; thermoformed plastic trays and containers; printed flexible packaging; and global brand artwork management. The Industrial Paper Packaging segment provides fiber-based tubes, cones, and cores; fiber-based construction tubes; fiber-based protective packaging and components; wooden, metal, and composite wire and cable, as well as reels and spools; and recycled paperboard, corrugating medium, recovered paper, and material recycling services. Sonoco Products Company offers thermoformed rigid plastic trays and devices; custom-engineered molded foam protective packaging and components; temperature-assured packaging; injection molded and extruded containers, spools, and parts; retail security packaging, including printed backer cards, thermoformed blisters, and heat-sealing equipment; and paper amenities. The company sells its products in various markets, which include paper, textile, film, food, chemical, packaging, construction, and wire and cable. Sonoco Products Company was founded in 1899 and is headquartered in Hartsville, South Carolina.",Robert Howard Coker,Packaging & Containers,53.19,USD,5246874360,https://images.financialmodelingprep.com/symbol/SON.png,988957,1980-03-17,8.97,-0.37,654119,1527465000,396378000,"[{'period': '2025', 'revenue': 7520.0, 'unit': 'M', 'net_profit': 396.38}, {'period': '2024', 'revenue': 5310.0, 'unit': 'M', 'net_profit': 163.95}, {'period': '2023', 'revenue': 5440.0, 'unit': 'M', 'net_profit': 474.96}, {'period': '2022', 'revenue': 5860.0, 'unit': 'M', 'net_profit': 466.44}]","[{'period': ""Q4 '25"", 'revenue': 1770.0, 'unit': 'M', 'net_profit': 351.38}, {'period': ""Q3 '25"", 'revenue': 2130.0, 'unit': 'M', 'net_profit': 122.92}, {'period': ""Q2 '25"", 'revenue': 1910.0, 'unit': 'M', 'net_profit': 493.42}, {'period': ""Q1 '25"", 'revenue': 1710.0, 'unit': 'M', 'net_profit': 54.43}, {'period': ""Q4 '24"", 'revenue': 368.48, 'unit': 'M', 'net_profit': -42.96}, {'period': ""Q3 '24"", 'revenue': 1680.0, 'unit': 'M', 'net_profit': 50.92}]",3.98,3.98,11162334000,2646324000,378398000,7530502000,1021565000,0,2528677000,378398000,392727000,1.500085929635904,1.4176908672818986,1.3975903614457834,"[0.53, 0.23]","['2026-02-25', '1990-05-14']",__nan__,0.67463507184071
7,SONY,Sony Group Corporation American Depositary Shares ,"Sony Group Corporation designs, develops, produces, and sells electronic equipment, instruments, and devices for the consumer, professional, and industrial markets in Japan, the United States, Europe, China, the Asia-Pacific, and internationally. The company distributes software titles and add-on content through digital networks; network services related to game, video, and music content; and home and portable game consoles, packaged software, and peripheral devices. It also develops, produces, markets, and distributes recorded music; publishes music; and produces and distributes animation titles, game applications, and various services for music and visual products. In addition, the company produces, acquires, and distributes live-action and animated motion pictures for theatrical release, as well as scripted and animated series, unscripted reality or light entertainment, daytime serials, game shows, television movies, and miniseries and other television programs; operates a visual effects and animation unit; manages a studio facility; and operates television and digital networks, and post-production facilities. Further, it researches, develops, designs, produces, markets, distributes, sells, and services televisions, and video and sound products; interchangeable lens, compact digital, and consumer and professional video cameras; projectors and medical equipment; mobile phones, tablets, accessories, and applications; and metal oxide semiconductor image sensors, charge-coupled devices, integration systems, and other semiconductors. Additionally, it offers Internet broadband network services; recording media, and storage media products; and life and non-life insurance, banking, and other services, as well as creates and distributes content for PCs and mobile phones. The company was formerly known as Sony Corporation and changed its name to Sony Group Corporation in April 2021. Sony Group Corporation was incorporated in 1946 and is headquartered in Tokyo, Japan.",Hiroki Totoki,Consumer Electronics,19.91,USD,118824343385,https://images.financialmodelingprep.com/symbol/SONY.png,6108381,1958-12-01,15.32,-0.12,5672423,1813144000000,1141600000000,"[{'period': '2025', 'revenue': 12.96, 'unit': 'T', 'net_profit': 1.14}, {'period': '2024', 'revenue': 13020.0, 'unit': 'B', 'net_profit': 970.57}, {'period': '2023', 'revenue': 10.97, 'unit': 'T', 'net_profit': 1.01}, {'period': '2022', 'revenue': 9920.0, 'unit': 'B', 'net_profit': 882.18}]","[{'period': ""Q3 '26"", 'revenue': 3.78, 'unit': 'T', 'net_profit': -1.03}, {'period': ""Q2 '26"", 'revenue': 3110.0, 'unit': 'B', 'net_profit': 361.97}, {'period': ""Q1 '26"", 'revenue': 2620.0, 'unit': 'B', 'net_profit': 236.91}, {'period': ""Q4 '25"", 'revenue': 2630.0, 'unit': 'B', 'net_profit': 197.73}, {'period': ""Q3 '25"", 'revenue': 4410.0, 'unit': 'B', 'net_profit': 373.74}, {'period': ""Q2 '25"", 'revenue': 2910.0, 'unit': 'B', 'net_profit': 338.5}]",188.71,187.92,35293173000000,7454988000000,3448281000000,26783022000000,1943184000000,17451452000000,10688788000000,2980956000000,1674148000000,0.17232599324592127,0.17621240236437652,0.20090365279368733,"[0.056251, 0.5]","['2025-09-29', '1987-03-24']",__nan__,0.7588726012251718
8,SOR,Source Capital Inc. Common Stock,"Source Capital, Inc. is a close-ended balanced fund launched and managed by First Pacific Advisors, LLC. The fund invests in the public equity markets of the United States. It seeks to invest in the stocks of companies operating across diversified sectors. The fund primarily invests in value stocks of small to mid cap companies. It employs fundamental analysis with a bottom-up stock selection approach, focusing on such factors as high liquidity, relatively unleveraged balance sheets, and long-term ability to earn above-average returns on capital to create its portfolio. The fund benchmarks the performance of its portfolio against the Russell 2500 Index, the S&P 500 Index, and the Nasdaq Composite Index. Source Capital, Inc. was formed in June 1, 1968 and is domiciled in the United States.",James Richard Atwood,Asset Management,44.5,USD,366065455,https://images.financialmodelingprep.com/symbol/SOR.png,12723,1980-03-17,6.15,-0.35,5605,63922079,59508749,"[{'period': '2025', 'revenue': 47.23, 'unit': 'M', 'net_profit': 59.51}, {'period': '2024', 'revenue': 40.22, 'unit': 'M', 'net_profit': 39.16}, {'period': '2023', 'revenue': 30.64, 'unit': 'M', 'net_profit': 53.64}, {'period': '2022', 'revenue': 16.98, 'unit': 'M', 'net_profit': -27.09}]","[{'period': ""Q4 '25"", 'revenue': 27.43, 'unit': 'M', 'net_profit': 29.36}, {'period': ""Q2 '25"", 'revenue': 4.53, 'unit': 'M', 'net_profit': 15.07}, {'period': ""Q4 '24"", 'revenue': 17.69, 'unit': 'M', 'net_profit': 12.68}, {'period': ""Q2 '24"", 'revenue': 15.96, 'unit': 'M', 'net_profit': 26.48}, {'period': ""Q4 '23"", 'revenue': 18.58, 'unit': 'M', 'net_profit': 23.52}, {'period': ""Q2 '23"", 'revenue': 12.06, 'unit': 'M', 'net_profit': 30.12}]",7.24,7.24,402583701,80969506,78597478,5302174,2372028,321568000,0,288121,0,0.6323979127539784,0.5196933387945721,0.5146443514644351,"[0.2083, 0.625]","['2026-05-14', '1980-11-21']",__nan__,0.013170364291524062
9,SOS,SOS Limited American Depositary Shares,"SOS Limited provides data mining and analysis services to corporate and individual members in the People's Republic of China. It provides marketing data, technology, and solutions for insurance companies; emergency rescue services; and insurance product and health care information portals. The company operates SOS cloud emergency rescue service software as a service platform that offers basic cloud products, such as medical rescue, auto rescue, financial rescue, and life rescue cards; cooperative cloud systems, including information rescue center, intelligent big data, and intelligent software and hardware; and information cloud systems, such as Information Today and E-commerce Today, as well as 10086 hot-line and promotional center for Guangdong Bank of Development. It also focuses on cryptocurrency mining, blockchain-based insurance, and security management businesses. The company serves insurance companies, financial institutions, medical institutions, healthcare providers, and other service providers in the emergency rescue services industry. SOS Limited is headquartered in Qingdao, the People's Republic of China.",Yandai Wang,Software - Infrastructure,0.985,USD,5147700,https://images.financialmodelingprep.com/symbol/SOS.png,75137,2017-04-28,-0.47,-0.035,94093,-10323000,-13605000,"[{'period': '2024', 'revenue': 231.42, 'unit': 'M', 'net_profit': -13.61}, {'period': '2023', 'revenue': 92.42, 'unit': 'M', 'net_profit': -3.65}, {'period': '2022', 'revenue': 260.03, 'unit': 'M', 'net_profit': -229.45}, {'period': '2021', 'revenue': 290.79, 'unit': 'M', 'net_profit': -49.25}]","[{'period': ""Q2 '25"", 'revenue': 89.59, 'unit': 'M', 'net_profit': -14.22}, {'period': ""Q4 '24"", 'revenue': 170.91, 'unit': 'M', 'net_profit': -2.7}, {'period': ""Q2 '24"", 'revenue': 60.51, 'unit': 'M', 'net_profit': -10.9}, {'period': ""Q4 '23"", 'revenue': 25.3, 'unit': 'M', 'net_profit': 3.52}, {'period': ""Q2 '23"", 'revenue': 20.9, 'unit': 'M', 'net_profit': -5.35}, {'period': ""Q4 '22"", 'revenue': 87.64, 'unit': 'M', 'net_profit': -103.97}]",-4.5,-4.5,482354000,465139000,237684000,46664000,-128777000,0,46664000,237484000,-63558000,-11.719626168224298,-2.7263763352506163,-82.33333333333333,__nan__,__nan__,__nan__,0.09674222666340489
10,SPAQ,Spartan Acquisition Corp. III Class A Common Stock,The Horizon Kinetics SPAC Active ETF seeks to generate realized capital gains on a risk-adjusted basis by investing in special purpose acquisition companies believed to generate net realized capital gains.,Geoffrey D. Strong,Shell Companies,90.005,USD,9674187,https://images.financialmodelingprep.com/symbol/SPAQ.png,315,2023-01-30,36.42,-1.185,3,,,[],[],,,,,,,,,,,,,,,"[15.13126, 2.52983]","['2025-12-23', '2023-12-27']",__nan__,__nan__
11,SPB,Spectrum Brands Holdings Inc. Common Stock,"Spectrum Brands Holdings, Inc. operates as a branded consumer products company worldwide. It operates through three segments: Home and Personal Care; Global Pet Care; and Home and Garden. The Home and Personal Care segment provides home appliances under the Black & Decker, Russell Hobbs, George Foreman, Toastmaster, Juiceman, Farberware, and Breadman brands; and personal care products under the Remington and LumaBella brands. The Global Pet Care segment provides rawhide chewing, dog and cat clean-up and food, training, health and grooming, small animal food and care, and rawhide-free products under the 8IN1 (8-in-1), Dingo, Nature's Miracle, Wild Harvest, Littermaid, Jungle, Excel, FURminator, IAMS, Eukanuba, Healthy-Hide, DreamBone, SmartBones, ProSense, Perfect Coat, eCOTRITION, Birdola, Good Boy, Meowee!, Wildbird, and Wafcol brands. This segment also offers aquarium kits, stand-alone tanks, and aquatics equipment and consumables under the Tetra, Marineland, Whisper, Instant Ocean, GloFish, OmegaOne, and OmegaSea brands. The Home and Garden segment provides outdoor insect and weed control solutions, and animal repellents under the Spectracide, Garden Safe, Liquid Fence, and EcoLogic brands; household pest control solutions under the Hot Shot, Black Flag, Real-Kill, Ultra Kill, The Ant Trap, and Rid-A-Bug brand names; household surface cleaning, maintenance, and restoration products, including bottled liquids, mops, wipes, and markers under the Rejuvenate brand name; and personal-use pesticides and insect repellent products under the Cutter and Repel brands. The company sells its products through retailers, e-commerce and online retailers, wholesalers, and distributors. Spectrum Brands Holdings, Inc. was incorporated in 2009 and is headquartered in Middleton, Wisconsin.",David Maura,Household & Personal Products,73.6,USD,1713334621,https://images.financialmodelingprep.com/symbol/SPB.png,374725,1979-01-02,17.4,-1.97,239452,215200000,99900000,"[{'period': '2025', 'revenue': 2810.0, 'unit': 'M', 'net_profit': 99.9}, {'period': '2024', 'revenue': 2960.0, 'unit': 'M', 'net_profit': 124.8}, {'period': '2023', 'revenue': 2.92, 'unit': 'B', 'net_profit': 1.8}, {'period': '2022', 'revenue': 3130.0, 'unit': 'M', 'net_profit': 71.6}]","[{'period': ""Q1 '26"", 'revenue': 677.0, 'unit': 'M', 'net_profit': 28.4}, {'period': ""Q4 '25"", 'revenue': 733.5, 'unit': 'M', 'net_profit': 55.6}, {'period': ""Q3 '25"", 'revenue': 699.6, 'unit': 'M', 'net_profit': 19.9}, {'period': ""Q2 '25"", 'revenue': 675700.0, 'unit': 'K', 'net_profit': 900.0}, {'period': ""Q1 '25"", 'revenue': 700.2, 'unit': 'M', 'net_profit': 23.5}, {'period': ""Q4 '24"", 'revenue': 773.7, 'unit': 'M', 'net_profit': 28.6}]",3.88,3.86,3379600000,1184200000,123600000,1469900000,572600000,3700000,523200000,123600000,165800000,-0.24464724464724466,-0.19951923076923078,-0.05825242718446607,"[0.47, 0.012]","['2026-02-17', '1979-01-12']",__nan__,0.4349331281808498
12,SPCE,Virgin Galactic Holdings Inc. Common Stock,"Virgin Galactic Holdings, Inc. focuses on the development, manufacture, and operation of spaceships and related technologies for conducting commercial human spaceflight and flying commercial research and development payloads into space. It is also involved in the ground and flight testing, and post-flight maintenance of its spaceflight system vehicles. The company serves private individuals, researchers, and government agencies. Virgin Galactic Holdings, Inc. was founded in 2017 is headquartered in Las Cruces, New Mexico. Virgin Galactic Holdings, Inc. was a former subsidiary of Virgin Orbit Holdings, Inc.",Michael A. Colglazier,Aerospace & Defense,2.26,USD,142839119,https://images.financialmodelingprep.com/symbol/SPCE.png,3227766,2017-09-29,-0.33,-0.13,2292163,-318272000,-346740000,"[{'period': '2024', 'revenue': 7.04, 'unit': 'M', 'net_profit': -346.74}, {'period': '2023', 'revenue': 6.8, 'unit': 'M', 'net_profit': -502.34}, {'period': '2022', 'revenue': 2.31, 'unit': 'M', 'net_profit': -500.15}, {'period': '2021', 'revenue': 3.29, 'unit': 'M', 'net_profit': -352.9}]","[{'period': ""Q3 '25"", 'revenue': 0.365, 'unit': 'M', 'net_profit': -64.42}, {'period': ""Q2 '25"", 'revenue': 0.406, 'unit': 'M', 'net_profit': -67.28}, {'period': ""Q1 '25"", 'revenue': 0.461, 'unit': 'M', 'net_profit': -84.49}, {'period': ""Q4 '24"", 'revenue': 0.429, 'unit': 'M', 'net_profit': -76.41}, {'period': ""Q3 '24"", 'revenue': 0.402, 'unit': 'M', 'net_profit': -74.54}, {'period': ""Q2 '24"", 'revenue': 4.22, 'unit': 'M', 'net_profit': -93.78}]",-13.89,-13.89,961225000,627936000,563226000,638945000,0,61280000,150010000,178605000,-474558000,0.33085948915468116,0.3097462460459811,0.5338926174496644,__nan__,__nan__,__nan__,0.6647194985565295
13,SPE,Special Opportunities Fund Inc Common Stock,"Special Opportunities Fund, Inc. is a close-ended balanced fund of funds launched and managed by Bulldog Investors, LLC. It invests in close-ended funds investing in public equity and fixed income markets. The fund employs a combination of value, opportunistic and special situations strategies to make its investments. It benchmarks the performance of its portfolio against the S&P 500 Index. The fund was previously known as Insured Municipal Income Fund, Inc. Special Opportunities Fund, Inc. was formed on February 18, 1993 and is domiciled in the United States.",Phillip Franklin Goldstein,Asset Management,13.59,USD,144368663,https://images.financialmodelingprep.com/symbol/SPE.png,51447,1993-05-28,6.86,-0.19,58485,0,36274022,"[{'period': '2024', 'revenue': 10.35, 'unit': 'M', 'net_profit': 36.27}, {'period': '2023', 'revenue': 9.65, 'unit': 'M', 'net_profit': 26.84}, {'period': '2022', 'revenue': 6.73, 'unit': 'M', 'net_profit': -24.66}, {'period': '2021', 'revenue': 4.25, 'unit': 'M', 'net_profit': 40.78}]","[{'period': ""Q2 '25"", 'revenue': 4.91, 'unit': 'M', 'net_profit': 13.67}, {'period': ""Q4 '24"", 'revenue': 5.05, 'unit': 'M', 'net_profit': 16.42}, {'period': ""Q2 '24"", 'revenue': 5.3, 'unit': 'M', 'net_profit': 19.85}, {'period': ""Q4 '23"", 'revenue': 3.54, 'unit': 'M', 'net_profit': 13.98}, {'period': ""Q2 '23"", 'revenue': 6.11, 'unit': 'M', 'net_profit': 11.59}, {'period': ""Q4 '22"", 'revenue': 2360.0, 'unit': 'K', 'net_profit': 479.63}]",3.27,3.27,233436778,1163450,0,2536000,1163450,232242548,2171702,0,19194956,0.0,0.35157160251195285,0.5069124423963134,"[0.1087, 0.075]","['2026-03-17', '1993-08-09']",__nan__,0.010863755153440303
14,SPFR,Jaws Spitfire Acquisition Corporation Class A Ordinary Shares,"Jaws Spitfire Acquisition Corporation does not have significant operations. It intends to effect a merger, share exchange, asset acquisition, share purchase, reorganization, or similar business combination with one or more businesses or entities. The company, formerly known as Spitfire Acquisition Corporation, was incorporated in 2020 and is based in Miami Beach, Florida.",,Shell Companies,8.44,USD,1583014772,https://images.financialmodelingprep.com/symbol/SPFR.png,460530,2022-01-31,0.0,-1.4100008,1662379,-54920000000,-71362000000,"[{'period': '2025', 'revenue': 45.97, 'unit': 'B', 'net_profit': -71.36}, {'period': '2024', 'revenue': 41.0, 'unit': 'M', 'net_profit': -73.3}, {'period': '2020', 'revenue': 0.0, 'unit': 'K', 'net_profit': -183.57}]","[{'period': ""Q4 '25"", 'revenue': 32.31, 'unit': 'B', 'net_profit': -59.5}, {'period': ""Q3 '25"", 'revenue': 13.64, 'unit': 'B', 'net_profit': -11.82}, {'period': ""Q2 '25"", 'revenue': 13.57, 'unit': 'M', 'net_profit': -13.76}, {'period': ""Q1 '25"", 'revenue': 9.32, 'unit': 'M', 'net_profit': -25.41}, {'period': ""Q4 '24"", 'revenue': 12.63, 'unit': 'B', 'net_profit': -21.69}, {'period': ""Q2 '21"", 'revenue': 0.0, 'unit': 'M', 'net_profit': -2.66}]",-4.33,-4.33,0,0,0,10229000,0,0,0,0,-30353000000,-665.933828797649,-972.6005566394259,0.0,__nan__,__nan__,__nan__,__nan__
15,SPG,Simon Property Group Inc. Common Stock,"Simon is a real estate investment trust engaged in the ownership of premier shopping, dining, entertainment and mixed-use destinations and an S&P 100 company (Simon Property Group, NYSE: SPG). Our properties across North America, Europe and Asia provide community gathering places for millions of people every day and generate billions in annual sales.",Brian J. McDade,REIT - Retail,180.19,USD,58553332604,https://images.financialmodelingprep.com/symbol/SPG.png,1588125,1993-12-14,12.73,-1.61,1561606,7857343000,4614970000,"[{'period': '2025', 'revenue': 6.36, 'unit': 'B', 'net_profit': 4.61}, {'period': '2024', 'revenue': 5.96, 'unit': 'B', 'net_profit': 2.37}, {'period': '2023', 'revenue': 5.66, 'unit': 'B', 'net_profit': 2.28}, {'period': '2022', 'revenue': 5.29, 'unit': 'B', 'net_profit': 2.14}]","[{'period': ""Q4 '25"", 'revenue': 1.79, 'unit': 'B', 'net_profit': 3.05}, {'period': ""Q3 '25"", 'revenue': 1600.0, 'unit': 'M', 'net_profit': 594.37}, {'period': ""Q2 '25"", 'revenue': 1500.0, 'unit': 'M', 'net_profit': 556.97}, {'period': ""Q1 '25"", 'revenue': 1470.0, 'unit': 'M', 'net_profit': 414.53}, {'period': ""Q4 '24"", 'revenue': 1580.0, 'unit': 'M', 'net_profit': 668.07}, {'period': ""Q3 '24"", 'revenue': 1480.0, 'unit': 'M', 'net_profit': 476.0}]",14.14,14.14,40606466000,1757224000,823147000,33901073000,934077000,5867716000,11002347000,823147000,3565358000,0.5658500169691114,0.9465088304168551,0.9476584022038569,"[2.2, 0.475]","['2026-03-10', '1994-03-22']",__nan__,0.834868835913965
16,SPGI,S&P Global Inc. Common Stock,"S&P Global Inc., together with its subsidiaries, provides credit ratings, benchmarks, analytics, and workflow solutions in the global capital, commodity, and automotive markets. It operates in six divisions: S&P Global Ratings, S&P Dow Jones Indices, S&P Global Commodity Insights, S&P Global Market Intelligence, S&P Global Mobility, and S&P Global Engineering Solutions. The S&P Global Ratings division operates as an independent provider of credit ratings, research, and analytics, offering investors and other market participants information, ratings, and benchmarks. The S&P Dow Jones Indices division is an index provider that maintains various valuation and index benchmarks for investment advisors, wealth managers, and institutional investors. The S&P Global Commodity Insights division offers data and insights for global energy and commodity markets and enable its customers to make decisions. The S&P Global Market Intelligence division delivers data and technology solutions for customers to provide insights for making decisions. It offers data and services that bring end-to-end workflow solutions, including capital formation, data and distribution, ESG and sustainability, leveraged loans, private markets, sector coverage, supply chain, and issuer solutions, as well as credit, risk, and regulatory solutions. The S&P Global Mobility division provides insights derived from unmatched automotive data, enabling its customers to anticipate change and make decisions. The S&P Global Engineering Solutions division offers engineering expertise and solutions in industries, such as aerospace and defense, energy, architecture, construction, and transportation. Its solutions empower business and technical leaders to transform workflows and make decisions. S&P Global Inc. was founded in 1860 and is headquartered in New York, New York.",Martina L. Cheung,Financial - Data & Stock Exchanges,406.24,USD,123009466313,https://images.financialmodelingprep.com/symbol/SPGI.png,2526379,2016-04-28,27.75,-6.21,1262638,7693000000,4471000000,"[{'period': '2025', 'revenue': 15.34, 'unit': 'B', 'net_profit': 4.47}, {'period': '2024', 'revenue': 14.21, 'unit': 'B', 'net_profit': 3.85}, {'period': '2023', 'revenue': 12.5, 'unit': 'B', 'net_profit': 2.63}, {'period': '2022', 'revenue': 11.18, 'unit': 'B', 'net_profit': 3.25}]","[{'period': ""Q4 '25"", 'revenue': 3.92, 'unit': 'B', 'net_profit': 1.13}, {'period': ""Q3 '25"", 'revenue': 3.89, 'unit': 'B', 'net_profit': 1.18}, {'period': ""Q2 '25"", 'revenue': 3.75, 'unit': 'B', 'net_profit': 1.07}, {'period': ""Q1 '25"", 'revenue': 3.78, 'unit': 'B', 'net_profit': 1.09}, {'period': ""Q4 '24"", 'revenue': 3590.0, 'unit': 'M', 'net_profit': 880.0}, {'period': ""Q3 '24"", 'revenue': 3580.0, 'unit': 'M', 'net_profit': 971.0}]",14.67,14.66,61200000000,6296000000,1801000000,25048000000,3441000000,603000000,7637000000,1745000000,5456000000,0.13499557391560932,0.16069574247144341,0.1868932038834952,"[0.97, 0.35]","['2026-02-25', '1985-08-21']",__nan__,0.409281045751634
17,SPGS,Simon Property Group Acquisition Holdings Inc. Class A Common Stock,"Simon Property Group Acquisition Holdings, Inc. does not have significant operations. It intends to effect a merger, capital stock exchange, asset acquisition, stock purchase, reorganization, or similar business combination with one or more businesses. The company was incorporated in 2020 and is based in Indianapolis, Indiana.",Eli M. Simon,Shell Companies,10.089,USD,0,https://images.financialmodelingprep.com/symbol/SPGS.png,233312,,34.789655172413795,-0.001,15469,6189260,14798112,"[{'period': '2021', 'revenue': 0.0, 'unit': 'M', 'net_profit': 14.8}]","[{'period': ""Q3 '22"", 'revenue': 0.0, 'unit': 'M', 'net_profit': 2.52}, {'period': ""Q2 '22"", 'revenue': 0.0, 'unit': 'M', 'net_profit': 3.84}, {'period': ""Q1 '22"", 'revenue': 0.0, 'unit': 'M', 'net_profit': 9.61}, {'period': ""Q4 '21"", 'revenue': 0.0, 'unit': 'M', 'net_profit': 3.39}, {'period': ""Q3 '21"", 'revenue': 0.0, 'unit': 'M', 'net_profit': 5.18}, {'period': ""Q2 '21"", 'revenue': 0.0, 'unit': 'K', 'net_profit': -293.17}]",0.39,0.39,345885210,866106,461064,24158574,0,0,412391,461064,-1778278,0.0,0.0,0.0,__nan__,__nan__,__nan__,0.0698456404076948
18,SPH,Suburban Propane Partners L.P. Common Stock,"Suburban Propane Partners, L.P., through its subsidiaries, engages in the retail marketing and distribution of propane, fuel oil, and refined fuels. The company operates in four segments: Propane, Fuel Oil and Refined Fuels, Natural Gas and Electricity, and All Other. The Propane segment is involved in the retail distribution of propane to residential, commercial, industrial, and agricultural customers, as well as in the wholesale distribution to industrial end users. It offers propane primarily for space heating, water heating, cooking, and clothes drying in the residential and commercial markets; for use as a motor fuel in internal combustion engines to power over-the-road vehicles, forklifts, and stationary engines, as well as to fire furnaces, as a cutting gas to the industrial customers, and in other process applications; and for tobacco curing, crop drying, poultry brooding, and weed control in the agricultural markets. The Fuel Oil and Refined Fuels segment engages in the retail distribution of fuel oil, diesel, kerosene, and gasoline to residential and commercial customers for use primarily as a source of heat in homes and buildings. The Natural Gas and Electricity segment markets natural gas and electricity to residential and commercial customers in the deregulated energy markets in New York and Pennsylvania. The All Other segment sells, installs, and services a range of home comfort equipment, including whole-house heating products, air cleaners, humidifiers, and space heaters. As of September 25, 2021, the company served approximately 1.0 million residential, commercial, industrial, and agricultural customers through 700 locations in 41 states primarily in the east and west coast regions of the United States, as well as portions of the Midwest region of the United States and Alaska. Suburban Energy Services Group LLC serves as a general partner of Suburban Propane Partners, L.P. The company was founded in 1945 and is headquartered in Whippany, New Jersey.",Michael A. Stivala,Regulated Gas,20.38,USD,1351835583,https://images.financialmodelingprep.com/symbol/SPH.png,139011,1996-02-29,10.14,-0.14,51769,256225000,106570000,"[{'period': '2025', 'revenue': 1430.0, 'unit': 'M', 'net_profit': 106.57}, {'period': '2024', 'revenue': 1330.0, 'unit': 'M', 'net_profit': 74.17}, {'period': '2023', 'revenue': 1430.0, 'unit': 'M', 'net_profit': 123.75}, {'period': '2022', 'revenue': 1500.0, 'unit': 'M', 'net_profit': 139.71}]","[{'period': ""Q1 '26"", 'revenue': 370.39, 'unit': 'M', 'net_profit': 45.78}, {'period': ""Q4 '25"", 'revenue': 211.38, 'unit': 'M', 'net_profit': -35.14}, {'period': ""Q3 '25"", 'revenue': 260.15, 'unit': 'M', 'net_profit': -14.84}, {'period': ""Q2 '25"", 'revenue': 587.66, 'unit': 'M', 'net_profit': 137.12}, {'period': ""Q1 '25"", 'revenue': 373.33, 'unit': 'M', 'net_profit': 19.42}, {'period': ""Q4 '24"", 'revenue': 208.64, 'unit': 'M', 'net_profit': -44.59}]",1.64,1.62,2296274000,166274000,3707000,1697703000,69479000,8166000,302820000,3707000,114296000,0.18363491058931136,0.4367568150564888,0.42608695652173917,"[0.325, 6.6]","['2026-02-03', '1996-07-24']",__nan__,0.7393294528440422
19,SPLP,Steel Partners Holdings LP LTD PARTNERSHIP UNIT,"Steel Partners Holdings L.P., through its subsidiaries, engages in industrial products, energy, defense, supply chain management, logistics, banking, and youth sports businesses worldwide. It operates through Diversified Industrial, Energy, and Financial Services segments. The company fabricates precious metals and alloys into brazing alloys; manufactures and sells seamless stainless steel tubing coils; fasteners, adhesives, and fastening systems for the commercial low slope roofing industry, as well as specialty fasteners for the building products industry; and woven substrates of fiberglass, quartz, carbon, and aramid materials for specialty applications. It also designs, manufactures, and markets power electronics and protection, motion control, power quality electromagnetic equipment, custom ball-screws, and gears and gearboxes used in medical, commercial and military aerospace, computer, datacom, industrial, specialty LED lighting, test and measurement, and telecom applications. In addition, the company provides meat-room blade products, repair services, and distributed products for the meat and deli departments of supermarkets, restaurants, and meat and fish processing plants, as well as for electrical saws and cutting equipment distributors; cutting blades for bakeries; and wood cutting blade products for the pallet manufacturing, pallet recycler, and portable saw mill industries. Further, it manufactures and distributes coated, laminated and metallized films for imaging, aerospace, insulation and solar photo-voltaic markets; originates and funds consumer and small business loans; issues credit cards; takes deposits; participates in syndicated commercial and industrial, and asset based credit facilities and securitizations; and offers drilling and production services to the oil and gas industry. Steel Partners Holdings GP Inc. serves as the general partner of the company. The company was founded in 1990 and is based in New York, New York.",Jack Lawrence Howard,Conglomerates,50.05,USD,955184580,https://images.financialmodelingprep.com/symbol/SPLP.png,5737,2012-04-10,4.307228915662651,-0.05,12107,379907000,261562000,"[{'period': '2024', 'revenue': 2029.9999999999998, 'unit': 'M', 'net_profit': 261.56}, {'period': '2023', 'revenue': 1910.0, 'unit': 'M', 'net_profit': 150.83}, {'period': '2022', 'revenue': 1700.0, 'unit': 'M', 'net_profit': 205.97}, {'period': '2021', 'revenue': 1520.0, 'unit': 'M', 'net_profit': 131.41}]","[{'period': ""Q3 '25"", 'revenue': 543.55, 'unit': 'M', 'net_profit': 71.23}, {'period': ""Q2 '25"", 'revenue': 550.2, 'unit': 'M', 'net_profit': 76.85}, {'period': ""Q1 '25"", 'revenue': 499.22, 'unit': 'M', 'net_profit': 29.0}, {'period': ""Q4 '24"", 'revenue': 497.92, 'unit': 'M', 'net_profit': 74.58}, {'period': ""Q3 '24"", 'revenue': 520.42, 'unit': 'M', 'net_profit': 36.42}, {'period': ""Q2 '24"", 'revenue': 531.86, 'unit': 'M', 'net_profit': 116.34}]",13.07,11.38,3580267000,2443685000,404442000,2406843000,1055155000,84693000,1818369000,404442000,298319000,0.6086098631923479,0.734162528426231,0.8565340909090909,"[0.375, 0.15]","['2018-08-30', '2016-12-29']",__nan__,0.6722523767082176
20,SPNT,SiriusPoint Ltd. Common Shares,"SiriusPoint Ltd. provides multi-line insurance and reinsurance products and services worldwide. The company operates through two segments, Reinsurance, and Insurance & Services. The Reinsurance segment provides coverage to various product lines, which includes aviation and space, casualty, contingency, credit and bond, marine and energy, mortgage, and property to insurance and reinsurance companies, government entities, and other risk bearing vehicles. The Insurance & Services segment offers coverage to various product lines comprising accident and health, environmental, workers' compensation, and other lines of business, including a cross section of property and casualty lines. The company was formerly known as Third Point Reinsurance Ltd. and changed its name to SiriusPoint Ltd. in February 2021. SiriusPoint Ltd. was incorporated in 2011 and is headquartered in Pembroke, Bermuda.",Scott Egan,Insurance - Reinsurance,20.81,USD,2434561900,https://images.financialmodelingprep.com/symbol/SPNT.png,631033,2013-08-15,5.72,-0.48,270433,622500000,459600000,"[{'period': '2025', 'revenue': 3210.0, 'unit': 'M', 'net_profit': 459.6}, {'period': '2024', 'revenue': 2610.0, 'unit': 'M', 'net_profit': 199.9}, {'period': '2023', 'revenue': 2700.0, 'unit': 'M', 'net_profit': 354.8}, {'period': '2022', 'revenue': 2170.0, 'unit': 'M', 'net_profit': -386.8}]","[{'period': ""Q4 '25"", 'revenue': 973.7, 'unit': 'M', 'net_profit': 244.0}, {'period': ""Q3 '25"", 'revenue': 753.5, 'unit': 'M', 'net_profit': 90.8}, {'period': ""Q2 '25"", 'revenue': 731.5, 'unit': 'M', 'net_profit': 63.2}, {'period': ""Q1 '25"", 'revenue': 729.4, 'unit': 'M', 'net_profit': 61.6}, {'period': ""Q4 '24"", 'revenue': 625.7, 'unit': 'M', 'net_profit': -17.3}, {'period': ""Q3 '24"", 'revenue': 559.2, 'unit': 'M', 'net_profit': 8.5}]",3.81,3.65,121200000,0,902400000,7509000000,2267800000,5602300000,0,902400000,514000000,0.9787031150667515,1.2991495747873938,2.594339622641509,"[0.5, 0.5]","['2021-08-13', '2021-08-13']",__nan__,61.95544554455446
21,SPNV,Supernova Partners Acquisition Company Inc. Class A Common Stock,"Supernova Partners Acquisition Company, Inc. focuses on effecting a merger, capital stock exchange, asset acquisition, stock purchase, reorganization or similar business combination with one or more businesses. The company was founded in 2020 and is based in Washington, D.C., District of Columbia.",Robert D. Reid,Shell Companies,8.8,USD,2177014418,https://images.financialmodelingprep.com/symbol/SPNV.png,307148,2020-12-15,0.0,0.0,209435,979000,-46384000,"[{'period': '2025', 'revenue': 567.81, 'unit': 'M', 'net_profit': -46.38}, {'period': '2024', 'revenue': 918.82, 'unit': 'M', 'net_profit': -62.16}]","[{'period': ""Q4 '25"", 'revenue': 114.12, 'unit': 'M', 'net_profit': -8.82}, {'period': ""Q3 '25"", 'revenue': 132.68, 'unit': 'M', 'net_profit': -11.6}, {'period': ""Q2 '25"", 'revenue': 160.31, 'unit': 'M', 'net_profit': -10.9}, {'period': ""Q1 '25"", 'revenue': 160.7, 'unit': 'M', 'net_profit': -15.06}, {'period': ""Q4 '24"", 'revenue': 174.27, 'unit': 'M', 'net_profit': -17.32}, {'period': ""Q3 '24"", 'revenue': 208.07, 'unit': 'M', 'net_profit': -13.54}]",-1.5,-1.5,154771000,131693000,26543000,116552000,7938000,0,88802000,26543000,65731000,1.0212636563063358,0.25378464904519055,0.3392070484581498,__nan__,__nan__,__nan__,0.7530609739550691
22,SPOT,Spotify Technology S.A. Ordinary Shares,"Spotify Technology S.A., together with its subsidiaries, provides audio streaming services worldwide. It operates through Premium and Ad-Supported segments. The Premium segment offers unlimited online and offline streaming access to its catalog of music and podcasts without commercial breaks to its subscribers. The Ad-Supported segment provides on-demand online access to its catalog of music and unlimited online access to the catalog of podcasts to its subscribers on their computers, tablets, and compatible mobile devices. The company also offers sales, marketing, contract research and development, and customer support services. As of December 31, 2021, its platform included 406 million monthly active users and 180 million premium subscribers in 184 countries and territories. The company was incorporated in 2006 and is based in Luxembourg, Luxembourg.",Alex Norström,Internet Content & Information,472.48,USD,97275288003,https://images.financialmodelingprep.com/symbol/SPOT.png,2916810,2018-04-03,38.76,-5.7,1023523,2357000000,2212000000,"[{'period': '2025', 'revenue': 17.19, 'unit': 'B', 'net_profit': 2.21}, {'period': '2024', 'revenue': 15.67, 'unit': 'B', 'net_profit': 1.14}, {'period': '2023', 'revenue': 13250.0, 'unit': 'M', 'net_profit': -532.0}, {'period': '2022', 'revenue': 11730.0, 'unit': 'M', 'net_profit': -430.0}]","[{'period': ""Q4 '25"", 'revenue': 4.53, 'unit': 'B', 'net_profit': 1.17}, {'period': ""Q3 '25"", 'revenue': 4270.0, 'unit': 'M', 'net_profit': 899.0}, {'period': ""Q2 '25"", 'revenue': 4190.0, 'unit': 'M', 'net_profit': -86.0}, {'period': ""Q1 '25"", 'revenue': 4190.0, 'unit': 'M', 'net_profit': 225.0}, {'period': ""Q4 '24"", 'revenue': 4240.0, 'unit': 'M', 'net_profit': 367.0}, {'period': ""Q3 '24"", 'revenue': 3990.0, 'unit': 'M', 'net_profit': 300.0}]",10.77,10.51,15008609540,10491532849,9462970797,6680155680,917609294,2249042388,6082410192,5255762168,2872000000,0.5734312416555407,0.9437609841827768,0.8994708994708994,__nan__,__nan__,__nan__,0.4450882449967447
23,SPR,Spirit Aerosystems Holdings Inc. Common Stock,"Spirit AeroSystems Holdings, Inc. designs, engineers, manufactures, and markets commercial aerostructures worldwide. It operates through three segments: Commercial, Defense & Space, and Aftermarket. The Commercial segment offers forward, mid, and rear fuselage sections and systems, struts/pylons, nacelles, and related engine structural components; and wings and wing components, including flight control surfaces, as well as other structural parts. This segment primarily serves the aircraft original equipment manufacturers (OEMs) or engine OEMs of large commercial aircraft and/or business/regional jet programs. The Defense & Space segment provides fuselage, strut, nacelle, and wing aerostructures primarily for U.S. Government defense programs, including Boeing P-8, C40, and KC-46 Tanker. This segment also engages in the fabrication, bonding, assembly, testing, tooling, processing, engineering analysis, and training on fixed wing aircraft aerostructures, missiles, and hypersonics works, such as solid rocket motor throats, nozzles, re-entry vehicle thermal protections systems, forward cockpit and cabin, and fuselage work on rotorcraft aerostructures. The Aftermarket segment offers spare parts and MRO services, repairs for flight control surfaces and nacelles, radome repairs, rotable assets, engineering services, advanced composite repairs, and other repair and overhaul services. Spirit AeroSystems Holdings, Inc. has a strategic partnership with Sierra Space to enhance access to commercial space economy of the future. The company was formerly known as Mid-Western Aircraft Systems Holdings, Inc. Spirit AeroSystems Holdings, Inc. was founded in 1927 and is headquartered in Wichita, Kansas.",Patrick Shanahan,Aerospace & Defense,39.5,USD,4637297077,https://images.financialmodelingprep.com/symbol/SPR.png,1556617,2006-11-28,-1.7841011743450768,0.09,5774646,-1482700000,-2139800000,"[{'period': '2024', 'revenue': 6.32, 'unit': 'B', 'net_profit': -2.14}, {'period': '2023', 'revenue': 6050.0, 'unit': 'M', 'net_profit': -616.2}, {'period': '2022', 'revenue': 5030.0, 'unit': 'M', 'net_profit': -545.7}, {'period': '2021', 'revenue': 3950.0, 'unit': 'M', 'net_profit': -540.8}]","[{'period': ""Q3 '25"", 'revenue': 1590.0, 'unit': 'M', 'net_profit': -724.3}, {'period': ""Q2 '25"", 'revenue': 1640.0, 'unit': 'M', 'net_profit': -631.0}, {'period': ""Q1 '25"", 'revenue': 1520.0, 'unit': 'M', 'net_profit': -612.9}, {'period': ""Q4 '24"", 'revenue': 1650.0, 'unit': 'M', 'net_profit': -630.9}, {'period': ""Q3 '24"", 'revenue': 1470.0, 'unit': 'M', 'net_profit': -476.9}, {'period': ""Q2 '24"", 'revenue': 1490.0, 'unit': 'M', 'net_profit': -415.3}]",-18.32,-18.32,6762800000,3760500000,537000000,9378800000,1179800000,900000,3567400000,537000000,-1273400000,-37.16341463414634,-2.4725738396624473,-2.084175084175084,"[0.01, 0.1]","['2022-09-09', '2016-12-15']",__nan__,1.386822026379606
24,SPRQ,Spartan Acquisition Corp. II Class A Common Stock,,,,,,,,,,,,,-699482,-699482,"[{'period': '2020', 'revenue': 0.0, 'unit': 'K', 'net_profit': -699.48}]","[{'period': ""Q2 '21"", 'revenue': 0.0, 'unit': 'M', 'net_profit': -1.6}, {'period': ""Q4 '20"", 'revenue': 0.0, 'unit': 'K', 'net_profit': -699.48}]",-0.0162,-0.0162,347610494,2600178,345725896,13060396,0,0,985396,715580,,0.0,0.0,0.0,__nan__,__nan__,__nan__,0.0375719266979322
25,SPXC,SPX Corporation Common Stock,"SPX Technologies, Inc. supplies infrastructure equipment serving the heating, ventilation, and cooling (HVAC); and detection and measurement markets in the United States, China, the United Kingdom, and internationally. The company operates in two segments, HVAC and Detection and Measurement. The HVAC segment engineers, designs, manufactures, installs, and services package and process cooling products and engineered air movement solutions for the HVAC industrial and power generation markets, as well as boilers and comfort heating and ventilation products for the residential and commercial markets. It offers its products under the Marley, Recold, SGS, Cincinnati Fan, Berko, Qmark, Fahrenheat, Leading Edge, Patterson-Kelley, Weil-McLain, and Williamson-Thermoflo brands. The Detection and Measurement segment offers underground pipe and cable locators, inspection and rehabilitation equipment, and robotic systems under the Radiodetection, Pearpoint, Schonstedt, Dielectric, Riser Bond, Warren G-V, Cues, ULC Robotics, and Sensors & Software brands; and bus fare collection systems, communication technologies, and obstruction lighting products under the Genfare, TCI, Flash Technology, Sabik Marine, Sealite, Avlite, and ECS brands. The company markets its products through independent manufacturing representatives, third-party distributors, and retailers, as well as direct to customers. The company was formerly known as SPX Corporation and changed its name to SPX Technologies, Inc. in August 2022. SPX Technologies, Inc. was founded in 1912 and is headquartered in Charlotte, North Carolina.",Eugene Joseph Lowe,Industrial - Machinery,200.0,USD,9975377400,https://images.financialmodelingprep.com/symbol/SPXC.png,390596,1980-03-17,39.53,-0.45,880402,484800000,245500000,"[{'period': '2025', 'revenue': 2270.0, 'unit': 'M', 'net_profit': 245.5}, {'period': '2024', 'revenue': 1980.0, 'unit': 'M', 'net_profit': 200.5}, {'period': '2023', 'revenue': 1740.0, 'unit': 'M', 'net_profit': 89.9}, {'period': '2022', 'revenue': 1460000.0, 'unit': 'K', 'net_profit': 200.0}]","[{'period': ""Q4 '25"", 'revenue': 637.3, 'unit': 'M', 'net_profit': 78.2}, {'period': ""Q3 '25"", 'revenue': 592.8, 'unit': 'M', 'net_profit': 63.1}, {'period': ""Q2 '25"", 'revenue': 552.4, 'unit': 'M', 'net_profit': 52.2}, {'period': ""Q1 '25"", 'revenue': 482.6, 'unit': 'M', 'net_profit': 51.2}, {'period': ""Q4 '24"", 'revenue': 533.7, 'unit': 'M', 'net_profit': 57.1}, {'period': ""Q3 '24"", 'revenue': 483.7, 'unit': 'M', 'net_profit': 50.2}]",5.1,5.03,3604600000,1143700000,364000000,1367100000,357200000,0,461100000,364000000,241200000,0.2345301757066463,0.22443890274314215,0.16704805491990835,"[0.375, 0.25]","['2015-06-12', '1985-08-19']",__nan__,0.3792653831215669
26,SPXX,Nuveen S&P 500 Dynamic Overwrite Fund,"Nuveen S&P 500 Dynamic Overwrite Fund is a closed-ended equity indexed mutual fund launched by Nuveen Investments, Inc. The fund is co-managed by Nuveen Fund Advisors LLC and Nuveen Asset Management, LLC. It invests in the public equity markets of the United States. The fund seeks to invest in stocks of companies operating across diversified sectors. It primarily invests in stocks of large cap companies. The fund also invests through financial derivatives such as call options. It seeks to replicate the performance of the S&P 500 Index. The fund was formerly known as Nuveen Equity Premium and Growth Fund. Nuveen S&P 500 Dynamic Overwrite Fund was formed on November 11, 2004 and is domiciled in the United States.",David A. Friar,Asset Management,15.94,USD,286546111,https://images.financialmodelingprep.com/symbol/SPXX.png,55611,2005-11-23,7.15,-0.31,44285,40188633,40186525,"[{'period': '2025', 'revenue': 2.01, 'unit': 'M', 'net_profit': 40.19}, {'period': '2024', 'revenue': 60.82, 'unit': 'M', 'net_profit': 60.52}, {'period': '2023', 'revenue': 12.82, 'unit': 'M', 'net_profit': 47.79}, {'period': '2022', 'revenue': 25.52, 'unit': 'M', 'net_profit': -47.3}]","[{'period': ""Q4 '25"", 'revenue': 7.64, 'unit': 'M', 'net_profit': 36.43}, {'period': ""Q2 '25"", 'revenue': -5.63, 'unit': 'M', 'net_profit': 3.76}, {'period': ""Q4 '24"", 'revenue': 8.63, 'unit': 'M', 'net_profit': 26.75}, {'period': ""Q2 '24"", 'revenue': -0.94575, 'unit': 'M', 'net_profit': 33.77}, {'period': ""Q4 '23"", 'revenue': 9.93, 'unit': 'M', 'net_profit': 11.48}, {'period': ""Q2 '23"", 'revenue': 2.89, 'unit': 'M', 'net_profit': 36.31}]",2.24,2.24,350732204,865657,724799,3357113,140858,349048222,1111863,19128,0,-0.3359271391288558,-0.33594828852020525,-0.3353115727002967,"[0.3375, 0.135]","['2026-03-13', '2006-01-11']",__nan__,0.009571727265740331
27,SQ,Square Inc. Class A Common Stock,"Block, Inc., together with its subsidiaries, creates tools that enables sellers to accept card payments and provides reporting and analytics, and next-day settlement. It provides hardware products, including Magstripe reader, which enables swiped transactions of magnetic stripe cards; Contactless and chip reader that accepts Europay, MasterCard, and Visa (EMV) chip cards and Near Field Communication payments; Square Stand, which enables an iPad to be used as a payment terminal or full point of sale solution; Square Register that combines its hardware, point-of-sale software, and payments technology; Square Terminal, a payments device and receipt printer to replace traditional keypad terminals, which accepts tap, dip, and swipe payments. The company also offers various software products, including Square Point of Sale; Square Appointments; Square for Retail; Square for Restaurants; Square Online and Square Online Checkout; Square Invoices; Square Virtual Terminal; Square Team Management; Square Contracts; Square Loyalty, Marketing, and Gift Cards; and Square Dashboard. In addition, it offers a developer platform, which includes application programming interfaces and software development kits. Further, the company provides Cash App, which enables to send, spend, and store money; and Weebly that offers customers website hosting and domain name registration solutions. It serves in the United States, Canada, Japan, Australia, Ireland, France, Spain, and the United Kingdom. The company was formerly known as Square, Inc. and changed its name to Block, Inc. in December 2021. Block, Inc. was incorporated in 2009 and is based in San Francisco, California.",Jack Dorsey,Software - Infrastructure,83.46,USD,51729675689,https://images.financialmodelingprep.com/symbol/SQ.png,4489291,2015-11-19,49.97604790419162,0.47,1142032,1691155000,-1426000,"[{'period': '2025', 'revenue': 24190.0, 'unit': 'M', 'net_profit': -1.43}, {'period': '2024', 'revenue': 24.12, 'unit': 'B', 'net_profit': 2.9}, {'period': '2023', 'revenue': 21920.0, 'unit': 'M', 'net_profit': 9.77}, {'period': '2022', 'revenue': 17530.0, 'unit': 'M', 'net_profit': -540.75}]","[{'period': ""Q4 '25"", 'revenue': 6.25, 'unit': 'B', 'net_profit': -1.19}, {'period': ""Q3 '25"", 'revenue': 6110.0, 'unit': 'M', 'net_profit': 461.54}, {'period': ""Q2 '25"", 'revenue': 6050.0, 'unit': 'M', 'net_profit': 538.46}, {'period': ""Q1 '25"", 'revenue': 5770.0, 'unit': 'M', 'net_profit': 189.87}, {'period': ""Q4 '24"", 'revenue': 6.03, 'unit': 'B', 'net_profit': 1.95}, {'period': ""Q3 '24"", 'revenue': 5980.0, 'unit': 'M', 'net_profit': 283.75}]",2.13,2.1,-1993721000,-1838683000,11335916000,17380005000,0,188887000,10384460000,6564092000,2424676000,0.2568055243839542,-1.0004922253591328,-0.5468085106382979,__nan__,__nan__,__nan__,-8.717370685266394
28,SQM,Sociedad Quimica y Minera S.A. Common Stock,"Sociedad Química y Minera de Chile S.A. produces and distributes specialty plant nutrients, iodine and its derivatives, lithium and its derivatives, potassium chloride and sulfate, industrial chemicals, and other products and services. The company offers specialty plant nutrients, including potassium nitrate, sodium nitrate, sodium potassium nitrate, specialty blends, and other specialty fertilizers. It also provides iodine and its derivatives for use in medical, pharmaceutical, agricultural, and industrial applications comprising x-ray contrast media, polarizing films for LCD and LED, antiseptics, biocides and disinfectants, pharmaceutical synthesis, electronics, pigments, and dye components. In addition, the company offers lithium carbonates for various applications that include electrochemical materials for batteries, frits for the ceramic and enamel industries, heat-resistant glass, air conditioning chemicals, continuous casting powder for steel extrusion, primary aluminum smelting process, pharmaceuticals, and lithium derivatives, as well as ingredient in manufacturing of gunpowder. Further, it supplies lithium hydroxide for the lubricating greases industry, as well as cathodes for batteries. Additionally, it offers potassium chloride and potassium sulfate for various crops, including corn, rice, sugar, soybean, and wheat; industrial chemicals, including sodium nitrate, potassium nitrate, potassium chloride, and solar salts; and other fertilizers and blends. The company operates in Chile, Latin America and the Caribbean, Europe, North America, Asia, and internationally. Sociedad Química y Minera de Chile S.A. was incorporated in 1968 and is headquartered in Santiago, Chile.",Ricardo Ramos Rodríguez,Chemicals - Specialty,82.7,USD,23621451396,https://images.financialmodelingprep.com/symbol/SQM.png,1357220,1993-09-21,40.15,5.33,3549775,1561486713,587207528,"[{'period': '2025', 'revenue': 4570.0, 'unit': 'M', 'net_profit': 587.21}, {'period': '2024', 'revenue': 4530.0, 'unit': 'M', 'net_profit': -404.36}, {'period': '2023', 'revenue': 7.47, 'unit': 'B', 'net_profit': 2.01}, {'period': '2022', 'revenue': 10.71, 'unit': 'B', 'net_profit': 3.91}]","[{'period': ""Q4 '25"", 'revenue': 1340.0, 'unit': 'M', 'net_profit': 185.41}, {'period': ""Q3 '25"", 'revenue': 1170.0, 'unit': 'M', 'net_profit': 178.42}, {'period': ""Q2 '25"", 'revenue': 1040.0, 'unit': 'M', 'net_profit': 88.42}, {'period': ""Q1 '25"", 'revenue': 1040.0, 'unit': 'M', 'net_profit': 137.53}, {'period': ""Q4 '24"", 'revenue': 1070.0, 'unit': 'M', 'net_profit': 120.13}, {'period': ""Q3 '24"", 'revenue': 1080.0, 'unit': 'M', 'net_profit': 131.43}]",2.06,2.06,14515813336,5784819254,2729002449,6455908021,1140064415,712384643,1770159531,1751630677,436998540,0.33720185711215034,2.452193540888171,2.450704225352113,"[0.12, 0.5146]","['2025-12-30', '1994-04-28']",__nan__,0.44475000274280185
29,SQNS,Sequans Communications S.A. American Depositary Shares,"Sequans Communications S.A., together with its subsidiaries, engages in the fabless designing, developing, and supplying of cellular semiconductor solutions for massive and broadband internet of things markets. It offers baseband solutions for use in encoding and decoding data based on 4G and 5G protocols for wireless processing platform for a cellular device; RF transceivers used to transmit and receive wireless transmissions; highly integrated system-on-chip solutions that combine various functions into a single die or package; and LTE modules. The company also provides software, including tools to enable manufacturers to integrate solutions into their devices; and design support services. It serves OEMs and ODMs customers, as well as 4G and 5G wireless carriers. The company operates in China, Taiwan, the rest of Asia, Germany, the United States, and internationally. Sequans Communications S.A. was incorporated in 2003 and is headquartered in Paris, France.",Georges Karam,Semiconductors,2.54,USD,39516837,https://images.financialmodelingprep.com/symbol/SQNS.png,166708,2011-04-19,0.22,-0.38,357160,-81323855,-102758976,"[{'period': '2025', 'revenue': 27.28, 'unit': 'M', 'net_profit': -102.76}, {'period': '2024', 'revenue': 36.83, 'unit': 'M', 'net_profit': 57.57}, {'period': '2023', 'revenue': 33.62, 'unit': 'M', 'net_profit': -40.99}, {'period': '2022', 'revenue': 60.55, 'unit': 'M', 'net_profit': -9.01}]","[{'period': ""Q4 '25"", 'revenue': 6.96, 'unit': 'M', 'net_profit': -87.06}, {'period': ""Q3 '25"", 'revenue': 4.29, 'unit': 'M', 'net_profit': -6.65}, {'period': ""Q2 '25"", 'revenue': 8.14, 'unit': 'M', 'net_profit': -9.11}, {'period': ""Q1 '25"", 'revenue': 8.05, 'unit': 'M', 'net_profit': -7.25}, {'period': ""Q4 '24"", 'revenue': 11.05, 'unit': 'M', 'net_profit': -2.01}, {'period': ""Q3 '24"", 'revenue': 10.08, 'unit': 'M', 'net_profit': 72.28}]",-7.4,-7.4,248949000,34949000,13398000,121232000,15897000,408999,39395000,13398000,-28873060,-1.5489513918889728,-2.7850326749700347,-32.896551724137936,__nan__,__nan__,__nan__,0.48697524392546265
30,SQSP,Squarespace Inc. Class A Common Stock,"Squarespace, Inc. operates platform for businesses and independent creators to build online presence, grow their brands, and manage their businesses across the internet. Its suite of integrated products enables users to manage their projects and businesses through websites, domains, e-commerce, marketing tools, and scheduling, as well as tools for managing a social media presence. It serves small and medium-sized businesses, and independent creators, such as restaurants, photographers, wedding planners, artists, musicians, and bloggers. Squarespace, Inc. was founded in 2003 and is headquartered in New York, New York.",Anthony Casalena,Software - Infrastructure,46.57,USD,6470016996,https://images.financialmodelingprep.com/symbol/SQSP.png,1361193,2021-05-19,-1164.25,-0.1,2360980,131017000,-7081000,"[{'period': '2023', 'revenue': 1010.0, 'unit': 'M', 'net_profit': -7.08}, {'period': '2022', 'revenue': 866.97, 'unit': 'M', 'net_profit': -252.22}, {'period': '2021', 'revenue': 784.04, 'unit': 'M', 'net_profit': -249.15}, {'period': '2020', 'revenue': 621.15, 'unit': 'M', 'net_profit': 30.59}]","[{'period': ""Q2 '24"", 'revenue': 296.77, 'unit': 'M', 'net_profit': 6.13}, {'period': ""Q1 '24"", 'revenue': 281150.0, 'unit': 'K', 'net_profit': 144.0}, {'period': ""Q4 '23"", 'revenue': 270.72, 'unit': 'M', 'net_profit': 5.26}, {'period': ""Q3 '23"", 'revenue': 257.06, 'unit': 'M', 'net_profit': -16.5}, {'period': ""Q2 '23"", 'revenue': 247.53, 'unit': 'M', 'net_profit': 3.66}, {'period': ""Q1 '23"", 'revenue': 237030.0, 'unit': 'K', 'net_profit': 502.0}]",-0.0522,-0.0522,957294000,374215000,294285000,1217646000,39855000,0,549778000,294285000,214119000,1.7575864461663004,0.9719254146165466,0.9713186813186813,__nan__,__nan__,__nan__,1.271966605870297
31,SQZ,SQZ Biotechnologies Company Common Stock,"SQZ Biotechnologies Company, a clinical-stage biotechnology company, develops cell therapies for patients with cancer, autoimmune, infectious diseases, and other serious conditions. Its lead product candidate is SQZ-PBMC-HPV, from its SQZ Antigen Presenting Cells platform, which is in a Phase I clinical trial as a monotherapy and in combination with other immuno-oncology agents for the treatment of HPV16+ advanced or metastatic solid tumors, including cervical, head-and-neck, anal, penile, vulvar, and vaginal cancer. The company also develops SQZ-AAC-HPV, which is in a Phase I clinical trial for the treatment of HPV16+ advanced or metastatic solid tumors in monotherapy and in combinations with other immune-oncology agents. Its additional platforms in development are SQZ Activating Antigen Carriers; and SQZ Tolerizing Antigen Carriers. SQZ Biotechnologies Company was incorporated in 2013 and is headquartered in Watertown, Massachusetts.",Howard Bernstein,Biotechnology,0.435,USD,12828629,https://images.financialmodelingprep.com/symbol/SQZ.png,553611,2020-10-30,-0.2013888888888889,0.165,30141624,-59282000,-78244000,"[{'period': '2022', 'revenue': 21.03, 'unit': 'M', 'net_profit': -78.24}, {'period': '2021', 'revenue': 27.1, 'unit': 'M', 'net_profit': -68.7}, {'period': '2020', 'revenue': 21.0, 'unit': 'M', 'net_profit': -49.97}, {'period': '2019', 'revenue': 19.32, 'unit': 'M', 'net_profit': -32.2}]","[{'period': ""Q3 '23"", 'revenue': 0.0, 'unit': '', 'net_profit': 0.0}, {'period': ""Q2 '23"", 'revenue': 0.178, 'unit': 'M', 'net_profit': -16.77}, {'period': ""Q1 '23"", 'revenue': 0.0, 'unit': 'M', 'net_profit': -17.12}, {'period': ""Q4 '22"", 'revenue': 12.02, 'unit': 'M', 'net_profit': 30.49}, {'period': ""Q3 '22"", 'revenue': 3.13, 'unit': 'M', 'net_profit': -22.19}, {'period': ""Q2 '22"", 'revenue': 3.01, 'unit': 'M', 'net_profit': -22.24}]",-2.72,-2.72,99900000,68204000,63709000,42752000,384000,0,21843000,63709000,-84071000,-0.02672370494812865,-0.13883996797904083,-0.09236947791164657,__nan__,__nan__,__nan__,0.42794794794794794
32,SR,Spire Inc. Common Stock,"Spire Inc., together with its subsidiaries, engages in the purchase, retail distribution, and sale of natural gas to residential, commercial, industrial, and other end-users of natural gas in the United States. The company operates in two segments, Gas Utility and Gas Marketing. It is also involved in the marketing of natural gas. In addition, the company engages in the transportation of propane through its propane pipeline; compression of natural gas; risk management; and other activities. Further, it provides physical natural gas storage services. The company was formerly known as The Laclede Group, Inc. and changed its name to Spire Inc. in April 2016. Spire Inc. was founded in 1857 and is based in St. Louis, Missouri.",Scott Edward Doyle,Regulated Gas,90.68,USD,5358878600,https://images.financialmodelingprep.com/symbol/SR.png,380167,1973-02-21,19.84,-0.41,206020,833700000,271700000,"[{'period': '2025', 'revenue': 2480.0, 'unit': 'M', 'net_profit': 271.7}, {'period': '2024', 'revenue': 2590.0, 'unit': 'M', 'net_profit': 250.9}, {'period': '2023', 'revenue': 2670.0, 'unit': 'M', 'net_profit': 217.5}, {'period': '2022', 'revenue': 2200.0, 'unit': 'M', 'net_profit': 220.8}]","[{'period': ""Q1 '26"", 'revenue': 762.2, 'unit': 'M', 'net_profit': 95.0}, {'period': ""Q4 '25"", 'revenue': 334.1, 'unit': 'M', 'net_profit': -39.8}, {'period': ""Q3 '25"", 'revenue': 421.9, 'unit': 'M', 'net_profit': 20.9}, {'period': ""Q2 '25"", 'revenue': 1050.0, 'unit': 'M', 'net_profit': 209.3}, {'period': ""Q1 '25"", 'revenue': 669.1, 'unit': 'M', 'net_profit': 81.3}, {'period': ""Q4 '24"", 'revenue': 293.8, 'unit': 'M', 'net_profit': -25.9}]",4.39,4.37,11575300000,807700000,5700000,8179800000,329400000,130100000,2548600000,5700000,-344400000,0.056520086174122415,0.08290155440414508,0.04523809523809512,"[0.825, 0.09375]","['2026-03-11', '1973-03-09']",__nan__,0.7066598705865075
33,SRC,Spirit Realty Capital Inc. Common Stock,"Spirit Realty Capital, Inc. (NYSE: SRC) is a premier net-lease REIT that primarily invests in single-tenant, operationally essential real estate assets, subject to long-term leases. As of September 30, 2020, our diverse portfolio of 1,778 owned properties, with an aggregate leasable area of 37.2 million square feet in 48 states, included retail, industrial and office buildings leased to 296 tenants across 28 retail industries.",Jackson Hsieh,REIT - Diversified,42.98,USD,6083947596,https://images.financialmodelingprep.com/symbol/SRC.png,2420834,2012-09-20,24.420454545454547,0.27,7992731,1023292000,285516000,"[{'period': '2022', 'revenue': 705.44, 'unit': 'M', 'net_profit': 285.52}, {'period': '2021', 'revenue': 606.65, 'unit': 'M', 'net_profit': 171.7}, {'period': '2020', 'revenue': 482.15, 'unit': 'M', 'net_profit': 26.71}, {'period': '2019', 'revenue': 512.39, 'unit': 'M', 'net_profit': 175.27}]","[{'period': ""Q3 '23"", 'revenue': 193.38, 'unit': 'M', 'net_profit': 38.47}, {'period': ""Q2 '23"", 'revenue': 187.99, 'unit': 'M', 'net_profit': 54.18}, {'period': ""Q1 '23"", 'revenue': 188.24, 'unit': 'M', 'net_profit': 96.17}, {'period': ""Q4 '22"", 'revenue': 182.75, 'unit': 'M', 'net_profit': 70.08}, {'period': ""Q3 '22"", 'revenue': 180.95, 'unit': 'M', 'net_profit': 73.91}, {'period': ""Q2 '22"", 'revenue': 174.21, 'unit': 'M', 'net_profit': 80.01}]",2.05,2.04,8472866000,80941000,8770000,3911550000,23023000,37128000,273664000,8770000,397775000,0.6637406410808789,0.6628577419016668,0.5073529411764703,"[0.6696, 0.3125]","['2023-12-27', '2012-12-27']",__nan__,0.4616560677343416
34,SRE,Sempra Energy Common Stock,"Sempra operates as an energy-services holding company in the United States and internationally. The company's San Diego Gas & Electric Company segment provides electric services; and supplies natural gas. It offers electric services to approximately 3.6 million population and natural gas services to approximately 3.3 million population that covers 4,100 square miles. Its Southern California Gas Company segment owns and operates a natural gas distribution, transmission, and storage system that supplies natural gas to a population of approximately 22 million covering an area of 24,000 square miles. The company's Sempra Texas Utilities segment engages in the regulated transmission and distribution of electricity serving 3.8 million homes and businesses, and operation of 140,000 miles of transmission and distribution lines. Its transmission system includes 18,249 circuit miles of transmission lines, a total of 1,174 transmission and distribution substations, and interconnection to 130 third-party generation facilities totaling 45,403 megawatts. The company was formerly known as Sempra Energy and changed its name to Sempra in July 2021. Sempra was founded in 1998 and is headquartered in San Diego, California.",Jeffrey Walker Martin,Diversified Utilities,95.82,USD,62597672880,https://images.financialmodelingprep.com/symbol/SRE.png,3818010,1998-06-29,34.84,0.28,2255861,6868000000,1837000000,"[{'period': '2025', 'revenue': 13.71, 'unit': 'B', 'net_profit': 1.84}, {'period': '2024', 'revenue': 12.96, 'unit': 'B', 'net_profit': 2.86}, {'period': '2023', 'revenue': 15.8, 'unit': 'B', 'net_profit': 3.08}, {'period': '2022', 'revenue': 15.55, 'unit': 'B', 'net_profit': 2.14}]","[{'period': ""Q4 '25"", 'revenue': 3770.0, 'unit': 'M', 'net_profit': 352.0}, {'period': ""Q3 '25"", 'revenue': 3180.0, 'unit': 'M', 'net_profit': 95.0}, {'period': ""Q2 '25"", 'revenue': 3000.0, 'unit': 'M', 'net_profit': 473.0}, {'period': ""Q1 '25"", 'revenue': 3800.0, 'unit': 'M', 'net_profit': 917.0}, {'period': ""Q4 '24"", 'revenue': 3750.0, 'unit': 'M', 'net_profit': 676.0}, {'period': ""Q3 '24"", 'revenue': 2680.0, 'unit': 'M', 'net_profit': 649.0}]",2.75,2.75,110878000000,34837000000,2000000,68879000000,1995000000,18893000000,21894000000,2000000,-6047000000,0.174017094017094,-0.3581411600279525,-0.3806306306306307,"[0.6575, 1.5781]","['2026-03-19', '1984-12-14']",__nan__,0.6212143076173813
35,SREA,Sempra Energy 5.750% Junior Subordinated Notes due 2079,"Sempra is an energy-service holding company, which engages in the development and operation of energy infrastructure, and provision of electric and gas services. It operates through the following segments: Sempra California, Sempra Texas Utilities, Sempra Infrastructure, and All Other. The Sempra California segment offers natural gas and electric service to Southern California and part of central California through Sempra’s wholly owned subsidiaries, SDG&E and SoCalGas. The Sempra Texas Utilities holds investment in Oncor Holdings. The Sempra Infrastructure includes the operating companies of subsidiary, SI Partners, as well as a holding company and certain services companies. The company was founded on October 11, 1996, and is headquartered in San Diego, CA.",None,Regulated Electric,21.17,USD,13830022280,https://images.financialmodelingprep.com/symbol/SREA.png,60352,2019-06-27,,-0.23,27035,1742000000,1837000000,"[{'period': '2025', 'revenue': 13.7, 'unit': 'B', 'net_profit': 1.84}, {'period': '2024', 'revenue': 13.19, 'unit': 'B', 'net_profit': 2.86}, {'period': '2023', 'revenue': 16.72, 'unit': 'B', 'net_profit': 3.07}, {'period': '2022', 'revenue': 14.44, 'unit': 'B', 'net_profit': 2.14}]","[{'period': ""Q4 '25"", 'revenue': 3750.0, 'unit': 'M', 'net_profit': 349.0}, {'period': ""Q3 '25"", 'revenue': 3150.0, 'unit': 'M', 'net_profit': 95.0}, {'period': ""Q2 '25"", 'revenue': 3000.0, 'unit': 'M', 'net_profit': 472.0}, {'period': ""Q1 '25"", 'revenue': 3800.0, 'unit': 'M', 'net_profit': 917.0}, {'period': ""Q4 '24"", 'revenue': 3750.0, 'unit': 'M', 'net_profit': 676.0}, {'period': ""Q3 '24"", 'revenue': 2780.0, 'unit': 'M', 'net_profit': 649.0}]",2.75,2.75,48687000000,200000000,2000000,68879000000,1995000000,18518000000,21894000000,2000000,-6047000000,-0.671196677991695,-0.3579168123033904,-0.3806306306306307,"[0.3594, 0.379]","['2026-03-13', '2019-09-12']",__nan__,1.4147308316388358
36,SRG,Seritage Growth Properties Class A Common Stock,"Seritage Growth Properties is a publicly-traded, self-administered and self-managed REIT with 166 wholly-owned properties and 29 unconsolidated properties totaling approximately 30.4 million square feet of space across 44 states and Puerto Rico. The Company was formed to unlock the underlying real estate value of a high-quality retail portfolio it acquired from Sears Holdings in July 2015. The Company's mission is to create and own revitalized shopping, dining, entertainment and mixed-use destinations that provide enriched experiences for consumers and local communities, and create long-term value for our shareholders.",Adam Metz,REIT - Retail,2.69,USD,151513193,https://images.financialmodelingprep.com/symbol/SRG.png,206591,2015-07-06,-1.89,-0.01,218175,-113673000,-153536000,"[{'period': '2024', 'revenue': 17.62, 'unit': 'M', 'net_profit': -153.54}, {'period': '2023', 'revenue': 20.78, 'unit': 'M', 'net_profit': -154.91}, {'period': '2022', 'revenue': 107.06, 'unit': 'M', 'net_profit': -73.94}, {'period': '2021', 'revenue': 116.68, 'unit': 'M', 'net_profit': -28.15}]","[{'period': ""Q3 '25"", 'revenue': 4.79, 'unit': 'M', 'net_profit': -12.42}, {'period': ""Q2 '25"", 'revenue': 4.65, 'unit': 'M', 'net_profit': -28.51}, {'period': ""Q1 '25"", 'revenue': 4.6, 'unit': 'M', 'net_profit': -22.2}, {'period': ""Q4 '24"", 'revenue': 4.38, 'unit': 'M', 'net_profit': -11.35}, {'period': ""Q3 '24"", 'revenue': 3.25, 'unit': 'M', 'net_profit': -21.97}, {'period': ""Q2 '24"", 'revenue': 4.17, 'unit': 'M', 'net_profit': -101.23}]",-2.82,-2.82,677774000,105603000,85206000,271971000,7894000,189699000,31971000,85206000,-53548000,-0.18836443468715697,0.008876064320803559,0.007042253521126767,"[0.25, 0.5]","['2019-03-28', '2015-12-29']",__nan__,0.4012709251166318
37,SRI,Stoneridge Inc. Common Stock,"Stoneridge, Inc., together with its subsidiaries, designs and manufactures engineered electrical and electronic components, modules, and systems for the automotive, commercial, off-highway, motorcycle, and agricultural vehicle markets in North America, South America, Europe, and internationally. It operates in three segments: Control Devices, Electronics, and Stoneridge Brazil. The Control Devices segment offers sensors, switches, actuators, and connectors that monitor, measure, or activate specific functions within a vehicle. The Electronics segment designs and manufactures driver information systems, camera-based vision systems, connectivity, and compliance products. Its products collect, store, and display vehicle information, such as speed, pressure, maintenance data, trip information, operator performance, temperature, distance traveled, and driver messages related to vehicle performance. This segment's electronic control units regulate, coordinate, monitor, and direct the operation of the electrical system within a vehicle. The Stoneridge Brazil segment designs, manufactures, and sells vehicle tracking devices and monitoring services; vehicle security alarms and convenience accessories; in-vehicle audio and infotainment devices; and telematics solutions. It provides its products and systems to various original equipment manufacturers and Tier 1 customers, as well as aftermarket distributors and mass merchandisers for use in various vehicle platforms. Stoneridge, Inc. was founded in 1965 and is headquartered in Novi, Michigan.",James Zizelman,Auto - Parts,4.84,USD,135601796,https://images.financialmodelingprep.com/symbol/SRI.png,206435,1997-10-10,-1.31,-0.31,230439,16708000,-102835000,"[{'period': '2025', 'revenue': 861.26, 'unit': 'M', 'net_profit': -102.83}, {'period': '2024', 'revenue': 908.29, 'unit': 'M', 'net_profit': -16.52}, {'period': '2023', 'revenue': 975.82, 'unit': 'M', 'net_profit': -5.18}, {'period': '2022', 'revenue': 899.92, 'unit': 'M', 'net_profit': -14.06}]","[{'period': ""Q4 '25"", 'revenue': 205.2, 'unit': 'M', 'net_profit': -76.9}, {'period': ""Q3 '25"", 'revenue': 210.27, 'unit': 'M', 'net_profit': -9.37}, {'period': ""Q2 '25"", 'revenue': 227.95, 'unit': 'M', 'net_profit': -9.36}, {'period': ""Q1 '25"", 'revenue': 217.89, 'unit': 'M', 'net_profit': -7.2}, {'period': ""Q4 '24"", 'revenue': 218.25, 'unit': 'M', 'net_profit': -6.11}, {'period': ""Q3 '24"", 'revenue': 213.83, 'unit': 'M', 'net_profit': -7.07}]",-3.7,-3.7,551188000,361869000,66252000,371409000,131430000,22321000,157556000,66252000,12172000,44.85301837270341,-5.223372064875333,-5.166666666666667,__nan__,__nan__,__nan__,0.6738336103108196
38,SRL,Scully Royalty Ltd.,"Scully Royalty Ltd. operates as an iron ore mining company in the Americas, Africa, Canada, Asia, and Europe. It operates through three segments: Royalty, Industrial, and Merchant Banking. The company holds royalty interest in the Scully iron ore mine located in the Province of Newfoundland and Labrador, Canada. It also engages in manufacturing, and medical supplies and services industries. The company was formerly known as MFC Bancorp Ltd. and changed its name to Scully Royalty Ltd. in June 2019. Scully Royalty Ltd. was incorporated in 2017 and is based in Central, Hong Kong.",Ferdinand Steinbauer,Financial - Capital Markets,7.39,USD,112522734,https://images.financialmodelingprep.com/symbol/SRL.png,33345,1996-05-08,-52.79,-0.41,29771,-9771938,-21611843,"[{'period': '2024', 'revenue': 37.06, 'unit': 'M', 'net_profit': -21.61}, {'period': '2023', 'revenue': 53.96, 'unit': 'M', 'net_profit': 1.37}, {'period': '2022', 'revenue': 65.73, 'unit': 'M', 'net_profit': -24.15}, {'period': '2021', 'revenue': 72.47, 'unit': 'M', 'net_profit': 7.69}]","[{'period': ""Q2 '25"", 'revenue': 19.13, 'unit': 'M', 'net_profit': -1.97}, {'period': ""Q4 '24"", 'revenue': 17920.0, 'unit': 'K', 'net_profit': -692.45}, {'period': ""Q2 '24"", 'revenue': 18.21, 'unit': 'M', 'net_profit': -20.06}, {'period': ""Q4 '23"", 'revenue': 27890.0, 'unit': 'K', 'net_profit': 491.34}, {'period': ""Q2 '23"", 'revenue': 26050.0, 'unit': 'K', 'net_profit': 874.78}, {'period': ""Q4 '22"", 'revenue': 27.86, 'unit': 'M', 'net_profit': -27.56}]",-1.46,-1.46,438095000,175319000,42539000,127770000,42274000,2901000,38488000,19052000,-31632000,-1.500291898522015,-16.820520122044062,-16.852334419109663,"[0.26, 0.0004]","['2025-01-24', '1997-06-10']",__nan__,0.29164907154840847
39,SRLP,Sprague Resources LP Common Units representing Limited Partner Interests,"As of May 28, 2021, operates as a subsidiary of Hartree Partners, LP. As of May 28, 2021, Sprague Resources LP operates as a subsidiary of Hartree Partners, LP.",David Glendon,Oil & Gas Refining & Marketing,20.0,USD,0,https://images.financialmodelingprep.com/symbol/SRLP.png,76786,2013-10-25,-5.2521008403361344,0.02,41820,-28160000,-68916000,"[{'period': '2021', 'revenue': 3500.0, 'unit': 'M', 'net_profit': -68.92}, {'period': '2020', 'revenue': 2340.0, 'unit': 'M', 'net_profit': 33.81}, {'period': '2019', 'revenue': 3500.0, 'unit': 'M', 'net_profit': 31.26}, {'period': '2018', 'revenue': 3770.0, 'unit': 'M', 'net_profit': 79.82}]","[{'period': ""Q2 '22"", 'revenue': 1280.0, 'unit': 'M', 'net_profit': -45.3}, {'period': ""Q1 '22"", 'revenue': 1810.0, 'unit': 'M', 'net_profit': 17.95}, {'period': ""Q4 '21"", 'revenue': 99.26, 'unit': 'M', 'net_profit': 43.66}, {'period': ""Q3 '21"", 'revenue': 665.47, 'unit': 'M', 'net_profit': -115.76}, {'period': ""Q2 '21"", 'revenue': 657.67, 'unit': 'M', 'net_profit': -45.6}, {'period': ""Q1 '21"", 'revenue': 1040.0, 'unit': 'M', 'net_profit': 48.78}]",-2.69,-2.69,1418255000,883980000,669000,1483837000,280407000,-222326000,983267000,669000,-70666000,-1.1462925539375868,-3.038271568424477,-2.8175675675675675,"[0.434, 0.2825]","['2022-10-26', '2014-02-06']",__nan__,1.0462413317774306
40,SRT,StarTek Inc. Common Stock,"StarTek, Inc., a business process outsourcing company, provides customer experience, digital transformation, and technology services in various markets. The company primarily offers customer engagement, omnichannel engagement, social media, customer intelligence analytics, work from home, and back-office services under the Startek and Aegis brands. It also offers Startek cloud, a hybrid omni-cloud platform integrated with artificial intelligence capabilities, which enables agents to work in remote and home-based roles for increased business agility and continuity. The company serves telecoms, e-commerce and consumer, financial and business services, media and cable, travel and hospitality, technology, education and healthcare, energy, and utility sectors in the Americas, India, Sri Lanka, Malaysia, the Middle East, Argentina, Peru, and internationally. StarTek, Inc. was founded in 1987 and is headquartered in Denver, Colorado.",Bharat Rao,Information Technology Services,4.42,USD,178328436,https://images.financialmodelingprep.com/symbol/SRT.png,291071,1997-06-19,-6.597014925373134,0.05,164738,31710000,-285000,"[{'period': '2022', 'revenue': 385070.0, 'unit': 'K', 'net_profit': -285.0}, {'period': '2021', 'revenue': 703.63, 'unit': 'M', 'net_profit': 9.73}, {'period': '2020', 'revenue': 640.22, 'unit': 'M', 'net_profit': -33.64}, {'period': '2019', 'revenue': 657.91, 'unit': 'M', 'net_profit': -13.28}]","[{'period': ""Q3 '23"", 'revenue': 93.63, 'unit': 'M', 'net_profit': -24.23}, {'period': ""Q2 '23"", 'revenue': 91.2, 'unit': 'M', 'net_profit': 6.54}, {'period': ""Q1 '23"", 'revenue': 92090.0, 'unit': 'K', 'net_profit': -558.0}, {'period': ""Q4 '22"", 'revenue': 92.96, 'unit': 'M', 'net_profit': -1.94}, {'period': ""Q3 '22"", 'revenue': 163.13, 'unit': 'M', 'net_profit': 2.26}, {'period': ""Q2 '22"", 'revenue': 167.64, 'unit': 'M', 'net_profit': 2.63}]",-0.0072,-0.0071,626043000,355738000,22457000,374477000,71345000,0,288461000,22457000,12826000,-0.2451258123646059,-1.0293028994447873,-1.03,"[0.25, 0.36]","['2006-11-13', '2003-08-13']",__nan__,0.5981649822775752
41,SRV,Cushing MLP & Infrastructure Total Return Fund,"NXG Cushing Midstream Energy Fund is a non-diversified, closed-end management investment company. Its investment objective is to obtain a high after-tax total return from a combination of capital appreciation and current income. The company was founded on May 23, 2007 and is headquartered in Dallas, TX.",Jerry Vane Swank,Asset Management,45.9,USD,212428413,https://images.financialmodelingprep.com/symbol/SRV.png,66761,2007-09-04,417.27,0.15,43000,7684720,3917637,"[{'period': '2025', 'revenue': 47.96, 'unit': 'M', 'net_profit': 3.92}, {'period': '2024', 'revenue': 22.87, 'unit': 'M', 'net_profit': 57.8}, {'period': '2023', 'revenue': 4.36, 'unit': 'M', 'net_profit': 3.38}, {'period': '2022', 'revenue': 18.02, 'unit': 'M', 'net_profit': 18.04}]","[{'period': ""Q4 '25"", 'revenue': 30.83, 'unit': 'M', 'net_profit': 25.37}, {'period': ""Q2 '25"", 'revenue': 17.14, 'unit': 'M', 'net_profit': -21.45}, {'period': ""Q4 '24"", 'revenue': 12.76, 'unit': 'M', 'net_profit': 36.02}, {'period': ""Q2 '24"", 'revenue': 10.11, 'unit': 'M', 'net_profit': 21.79}, {'period': ""Q4 '23"", 'revenue': 3.82, 'unit': 'M', 'net_profit': 14.18}, {'period': ""Q2 '23"", 'revenue': 0.5442899999999999, 'unit': 'M', 'net_profit': -10.8}]",0.84,0.84,257659834,171546,0,55737939,0,0,230274,0,-10018447,-0.873377016476516,-0.932224204283758,-0.9416261292564281,"[0.45, 0.3]","['2026-05-15', '2007-11-26']",__nan__,0.21632374023806908
42,SSD,Simpson Manufacturing Company Inc. Common Stock,"Simpson Manufacturing Co., Inc., through its subsidiaries, designs, engineers, manufactures, and sells wood and concrete construction products. The company offers wood construction products, including connectors, truss plates, fastening systems, fasteners and shearwalls, and pre-fabricated lateral systems for use in light-frame construction; and concrete construction products comprising adhesives, specialty chemicals, mechanical anchors, carbide drill bits, powder actuated tools, fiber-reinforced materials, and other repair products for use in concrete, masonry, and steel construction, as well as grouts, coatings, sealers, mortars, fiberglass and fiber-reinforced polymer systems, and asphalt products for use in concrete construction repair, and strengthening and protection products. It also provides connectors and lateral products for wood framing, timber and offsite construction, structural steel construction, and cold-formed steel applications; and mechanical and adhesive anchors for concrete and masonry construction applications. In addition, the company offers engineering and design services, as well as software solutions that facilitate the specification, selection, and use of its products. It markets its products to the residential construction, light industrial and commercial construction, remodeling, and do-it-yourself markets in the United States, Canada, France, the United Kingdom, Germany, Denmark, Switzerland, Portugal, Poland, the Netherlands, Belgium, Spain, Sweden, Norway, Australia, New Zealand, China, Taiwan, and Vietnam. The company was founded in 1956 and is headquartered in Pleasanton, California.",Michael L. Olosky,Construction,168.38,USD,6971275158,https://images.financialmodelingprep.com/symbol/SSD.png,254383,1994-05-26,20.46,-2.75,124076,550950000,345083000,"[{'period': '2025', 'revenue': 2330.0, 'unit': 'M', 'net_profit': 345.08}, {'period': '2024', 'revenue': 2230.0, 'unit': 'M', 'net_profit': 322.22}, {'period': '2023', 'revenue': 2210.0, 'unit': 'M', 'net_profit': 353.99}, {'period': '2022', 'revenue': 2120.0, 'unit': 'M', 'net_profit': 334.0}]","[{'period': ""Q4 '25"", 'revenue': 539.35, 'unit': 'M', 'net_profit': 56.21}, {'period': ""Q3 '25"", 'revenue': 623.51, 'unit': 'M', 'net_profit': 107.44}, {'period': ""Q2 '25"", 'revenue': 631.05, 'unit': 'M', 'net_profit': 103.54}, {'period': ""Q1 '25"", 'revenue': 538.89, 'unit': 'M', 'net_profit': 77.88}, {'period': ""Q4 '24"", 'revenue': 517.43, 'unit': 'M', 'net_profit': 55.46}, {'period': ""Q3 '24"", 'revenue': 587.15, 'unit': 'M', 'net_profit': 93.52}]",8.27,8.24,3073626000,1352503000,384138000,1038148999,302688000,0,381795000,384138000,295628000,0.05801359603640972,0.07094133273747455,0.08246073298429318,"[0.29, 0.1]","['2026-04-02', '2004-04-01']",__nan__,0.3377603517799498
43,SSL,Sasol Ltd. American Depositary Shares,"Sasol Limited, together with its subsidiaries, operates as an integrated chemical and energy company in South Africa. The company operates through six segments: Mining, Gas, Fuels, Chemicals Africa, Chemicals America, and Chemicals Eurasia. It offers acetate, acrylate monomer, ammonia, carbon, chlor alkali, explosive, fertilizer, glycol ether, hydrocarbon blend, inorganic, ketone, mining, polymer, and wax chemicals, as well as lacquer thinners, light alcohols, and phenolics or cresylic acids. The company also markets and sells brick, electrical, engine, hand, non-ferrous, and window cleaners, as well as parts wash products and super soaps; degreasers; bitumen, fuel oils, lubricants, motor fuels, and gas-to-liquid fuels; and other fuels, such as illuminating paraffin, light cycle and distillate oils, light straight run fuels, and synthetic paraffinic kerosene. In addition, it wholesales diesel and petrol; operates coal mines; offers engineering services; and develops lower carbon solutions. Further, the company explores, develops, produces, markets, and distributes natural gas and related products through pipelines. It serves adhesive, agriculture and forestry, automotive and transportation, aviation, burner fuel, chemical, construction and material, corrosion protection, electrical and electronic, flavor and fragrance, furniture, health and medical, household and consumer goods, industrial product, lubricant, manufacturing, mining, packaging, paint and coating, personal care, pharmaceutical, plastic and polymer, publishing and ink, pulp and paper, rubber and tyre, specialty graphite, steel and foundry, textile and leather, water treatment, and other industries. Sasol Limited was founded in 1950 and is headquartered in Johannesburg, South Africa.",Simon Baloyi,Chemicals - Specialty,12.71,USD,8103103481,https://images.financialmodelingprep.com/symbol/SSL.png,2341952,1982-04-26,57.77,-0.05,1798138,35620000000,6767000000,"[{'period': '2025', 'revenue': 249.1, 'unit': 'B', 'net_profit': 6.77}, {'period': '2024', 'revenue': 275.11, 'unit': 'B', 'net_profit': -44.27}, {'period': '2023', 'revenue': 289.7, 'unit': 'B', 'net_profit': 8.8}, {'period': '2022', 'revenue': 272.75, 'unit': 'B', 'net_profit': 38.96}]","[{'period': ""Q2 '26"", 'revenue': 116590.0, 'unit': 'M', 'net_profit': 229.58}, {'period': ""Q4 '25"", 'revenue': 126.99, 'unit': 'B', 'net_profit': 2.17}, {'period': ""Q2 '25"", 'revenue': 122.1, 'unit': 'B', 'net_profit': 4.6}, {'period': ""Q4 '24"", 'revenue': 138.83, 'unit': 'B', 'net_profit': -53.85}, {'period': ""Q2 '24"", 'revenue': 136.28, 'unit': 'B', 'net_profit': 9.58}, {'period': ""Q4 '23"", 'revenue': 137.95, 'unit': 'B', 'net_profit': -5.78}]",10.56,10.56,359555000000,130154000000,46665000000,201944000000,41643000000,16747000000,69436000000,41050000000,12895000000,-0.38457817170303565,1.152854012784893,1.150986559908493,"[0.10599, 0.063]","['2024-03-14', '1985-03-18']",__nan__,0.5616498171350698
44,SSTK,Shutterstock Inc. Common Stock,"Shutterstock, Inc., a technology company, provides quality content, and creative workflow solutions in North America, Europe, and internationally. It offers image services consisting of photographs, vectors, and illustrations, which is used in visual communications, such as websites, digital and print marketing materials, corporate communications, books, publications, and others; footage services, including video clips, filmed by industry experts and cinema grade video effects, and HD and 4K formats that are integrated into Websites, social media, marketing campaigns, and cinematic productions; and music services comprising music tracks and sound effects, which are used to complement images and footage. The company provides its services under the Shutterstock, Bigstock, Offset, TurboSquid,PremiumBeat brand names, as well as Application programming interface to enhance workflow and project management needs, and search capabilities. It serves corporate professionals and organizations, media and broadcast companies, and small and medium-sized businesses, and individual creators. The company was founded in 2003 and is headquartered in New York, New York.",Paul J. Hennessy,Internet Content & Information,16.08,USD,571591820,https://images.financialmodelingprep.com/symbol/SSTK.png,321625,2012-10-11,12.86,-0.35,120316,200859000,45496000,"[{'period': '2025', 'revenue': 989.92, 'unit': 'M', 'net_profit': 45.5}, {'period': '2024', 'revenue': 935.26, 'unit': 'M', 'net_profit': 35.93}, {'period': '2023', 'revenue': 874.59, 'unit': 'M', 'net_profit': 110.27}, {'period': '2022', 'revenue': 827.83, 'unit': 'M', 'net_profit': 76.1}]","[{'period': ""Q4 '25"", 'revenue': 220.22, 'unit': 'M', 'net_profit': -16.02}, {'period': ""Q3 '25"", 'revenue': 260.09, 'unit': 'M', 'net_profit': 13.39}, {'period': ""Q2 '25"", 'revenue': 266.99, 'unit': 'M', 'net_profit': 29.44}, {'period': ""Q1 '25"", 'revenue': 242.62, 'unit': 'M', 'net_profit': 18.69}, {'period': ""Q4 '24"", 'revenue': 250.31, 'unit': 'M', 'net_profit': -1.43}, {'period': ""Q3 '24"", 'revenue': 250.59, 'unit': 'M', 'net_profit': 17.61}]",1.29,1.25,1355936000,338639000,178244000,774898000,112626000,19300000,628402000,178244000,123830000,0.2496282701340716,0.26616943114772346,0.2647058823529412,"[0.36, 3]","['2026-03-05', '2018-08-14']",__nan__,0.5714856748401105
45,ST,Sensata Technologies Holding plc Ordinary Shares,"Sensata Technologies Holding plc develops, manufactures, and sells sensors, sensor-based solutions, controls, and other products in the Americas, Europe, Asia, and internationally. It operates in two segments, Performance Sensing and Sensing Solutions. The Performance Sensing segment develops and manufactures sensors, high-voltage contactors, and other solutions used in mission-critical systems and applications, such as tire pressure monitoring, thermal management, electrical protection, regenerative braking, powertrain (engine/transmission), and exhaust management. This segment serves customers in the automotive, and heavy vehicle and off-road industries. The Sensing Solutions segment develops and manufactures application-specific sensor and electrical protection products primarily serving the industrial and aerospace markets. Its products include pressure and position sensors, motor and compressor protectors, high-voltage contactors, solid state relays, bimetal electromechanical controls, power inverters, charge controllers, battery management systems, operator controls, and Internet of Things solutions. The company was founded in 1916 and is headquartered in Attleboro, Massachusetts.",Stephan Von Schuckmann,"Hardware, Equipment & Parts",34.79,USD,5072366136,https://images.financialmodelingprep.com/symbol/ST.png,1899640,2010-03-11,165.67,-0.74,1187288,528799999,31300000,"[{'period': '2025', 'revenue': 3700.0, 'unit': 'M', 'net_profit': 31.3}, {'period': '2024', 'revenue': 3940.0, 'unit': 'M', 'net_profit': 128.48}, {'period': '2023', 'revenue': 4070.0000000000005, 'unit': 'M', 'net_profit': -3.91}, {'period': '2022', 'revenue': 4080.0, 'unit': 'M', 'net_profit': 310.69}]","[{'period': ""Q4 '25"", 'revenue': 917.9, 'unit': 'M', 'net_profit': 63.2}, {'period': ""Q3 '25"", 'revenue': 931.98, 'unit': 'M', 'net_profit': -162.52}, {'period': ""Q2 '25"", 'revenue': 942.62, 'unit': 'M', 'net_profit': 60.67}, {'period': ""Q1 '25"", 'revenue': 916.28, 'unit': 'M', 'net_profit': 69.92}, {'period': ""Q4 '24"", 'revenue': 908.91, 'unit': 'M', 'net_profit': 5.79}, {'period': ""Q3 '24"", 'revenue': 983.03, 'unit': 'M', 'net_profit': -25.03}]",0.21,0.21,6751700000,1994300000,573000000,3966300000,657400000,7600000,775100000,573000000,490300000,0.1575295215997023,-0.7563766277232501,-0.7529411764705882,"[0.12, 0.11]","['2026-02-11', '2022-05-10']",__nan__,0.5874520491135566
46,STAG,Stag Industrial Inc. Common Stock,"STAG Industrial, Inc. (NYSE: STAG) is a real estate investment trust focused on the acquisition and operation of single-tenant, industrial properties throughout the United States. By targeting this type of property, STAG has developed an investment strategy that helps investors find a powerful balance of income plus growth.",William R. Crooker,REIT - Industrial,36.09,USD,6894489240,https://images.financialmodelingprep.com/symbol/STAG.png,1442035,2011-04-15,24.72,-0.23,987445,718242000,273477000,"[{'period': '2025', 'revenue': 845.18, 'unit': 'M', 'net_profit': 273.48}, {'period': '2024', 'revenue': 767.38, 'unit': 'M', 'net_profit': 189.22}, {'period': '2023', 'revenue': 707.84, 'unit': 'M', 'net_profit': 192.84}, {'period': '2022', 'revenue': 657.35, 'unit': 'M', 'net_profit': 178.33}]","[{'period': ""Q4 '25"", 'revenue': 220.9, 'unit': 'M', 'net_profit': 83.48}, {'period': ""Q3 '25"", 'revenue': 211.12, 'unit': 'M', 'net_profit': 48.59}, {'period': ""Q2 '25"", 'revenue': 207.59, 'unit': 'M', 'net_profit': 50.01}, {'period': ""Q1 '25"", 'revenue': 205.57, 'unit': 'M', 'net_profit': 91.4}, {'period': ""Q4 '24"", 'revenue': 199.32, 'unit': 'M', 'net_profit': 50.95}, {'period': ""Q3 '24"", 'revenue': 190.74, 'unit': 'M', 'net_profit': 41.86}]",1.46,1.46,7208069000,171368000,14910000,3537040000,156458000,6813536000,421584000,14910000,401807000,0.1980444094530218,0.44528591058027694,0.40384615384615374,"[0.3875, 0.2057]","['2026-03-31', '2011-06-28']",__nan__,0.4907056244883338
47,STAR          ,iStar Inc. Common Stock,,,,,,,,,,-1.364937388193202,0.15,1463988,,,[],[],,,,,,,,,,,,,,,__nan__,__nan__,__nan__,__nan__
48,STC,Stewart Information Services Corporation Common Stock,"Stewart Information Services Corporation, through its subsidiaries, provides title insurance and real estate transaction related services. The company operates in two segments, Title, and Ancillary Services and Corporate. The Title segment is involved in searching, examining, closing, and insuring the condition of the title to real property. This segment also offers home and personal insurance services; services for tax-deferred exchanges; and digital customer engagement platform services. The Ancillary Services and Corporate segment provides appraisal management, online notarization and closing, credit and real estate information, and search and valuation services to the mortgage industry. The company offers its products and services through its directly owned policy-issuing offices, network of independent agencies, and other businesses within the company. It serves homebuyers and sellers, residential and commercial real estate professionals, title agencies, real estate attorneys and investors, and home builders, as well as mortgage lenders, servicers, brokers, and investors. The company operates in the United States, Canada, the United Kingdom, and Australia. Stewart Information Services Corporation was founded in 1893 and is headquartered in Houston, Texas.",Frederick Henry Eppinger Jr.,Insurance - Property & Casualty,59.06,USD,1796569764,https://images.financialmodelingprep.com/symbol/STC.png,253562,1973-02-21,14.58,-0.32,195370,241431000,115558000,"[{'period': '2025', 'revenue': 2920.0, 'unit': 'M', 'net_profit': 115.56}, {'period': '2024', 'revenue': 2490.0, 'unit': 'M', 'net_profit': 73.31}, {'period': '2023', 'revenue': 2260.0, 'unit': 'M', 'net_profit': 30.44}, {'period': '2022', 'revenue': 3070.0, 'unit': 'M', 'net_profit': 162.31}]","[{'period': ""Q4 '25"", 'revenue': 790.6, 'unit': 'M', 'net_profit': 36.3}, {'period': ""Q3 '25"", 'revenue': 796.92, 'unit': 'M', 'net_profit': 44.26}, {'period': ""Q2 '25"", 'revenue': 722.18, 'unit': 'M', 'net_profit': 31.92}, {'period': ""Q1 '25"", 'revenue': 611.98, 'unit': 'M', 'net_profit': 3.08}, {'period': ""Q4 '24"", 'revenue': 665.93, 'unit': 'M', 'net_profit': 22.74}, {'period': ""Q3 '24"", 'revenue': 667.94, 'unit': 'M', 'net_profit': 30.1}]",4.08,4.04,3252805000,360061000,369674000,1602407000,38286000,0,0,321775000,132279000,0.23281606642258612,0.5762924566907652,0.5396226415094341,"[0.525, 0.3606]","['2026-03-16', '1984-12-24']",__nan__,0.49262313603182484
49,STE,STERIS plc (Ireland) Ordinary Shares,"STERIS plc provides infection prevention and other procedural products and services worldwide. It operates through four segments: Healthcare, Applied Sterilization Technologies, Life Sciences, and Dental. The Healthcare segment offers cleaning chemistries and sterility assurance products; automated endoscope reprocessing system and tracking products; accessories for gastrointestinal (GI) procedures, washers, sterilizers, and other pieces of capital equipment for the operation of a sterile processing department; and equipment used directly in the operating room, including surgical tables, lights, and connectivity solutions, as well as equipment management services. It also provides capital equipment installation, maintenance, upgradation, repair, and troubleshooting services; preventive maintenance programs and repair services; instrument and endoscope repair and maintenance services; and custom process improvement consulting and outsourced instrument sterile processing services. The Applied Sterilization Technologies segment provides contract sterilization and testing services for medical device and pharmaceutical manufacturers through a network of approximately 50 contract sterilization and laboratory facilities. The Life Sciences segment designs, manufactures and sells consumable products, such as formulated cleaning chemistries, barrier and sterility assurance products, steam and vaporized hydrogen peroxide sterilizers, and washer disinfectors. This segment also offers equipment installation, maintenance, upgradation, repair, and troubleshooting services; and preventive maintenance programs and repair services. The Dental segment provides hand and powered dental instruments, infection control products, personal protective equipment, and water quality products for dental suite. The company serves its products and services to hospitals, other healthcare providers, and pharmaceutical manufacturers. The company was founded in 1985 and is based in Dublin, Ireland.",Daniel A. Carestio,Medical - Devices,219.4,USD,21533452239,https://images.financialmodelingprep.com/symbol/STE.png,799920,1992-06-01,30.6,-4.03,726865,1358683000,614641000,"[{'period': '2025', 'revenue': 5460.0, 'unit': 'M', 'net_profit': 614.64}, {'period': '2024', 'revenue': 5140.0, 'unit': 'M', 'net_profit': 378.24}, {'period': '2023', 'revenue': 4540.0, 'unit': 'M', 'net_profit': 107.03}, {'period': '2022', 'revenue': 4220.0, 'unit': 'M', 'net_profit': 243.89}]","[{'period': ""Q3 '26"", 'revenue': 1500.0, 'unit': 'M', 'net_profit': 192.8}, {'period': ""Q2 '26"", 'revenue': 1460.0, 'unit': 'M', 'net_profit': 191.9}, {'period': ""Q1 '26"", 'revenue': 1390.0, 'unit': 'M', 'net_profit': 177.4}, {'period': ""Q4 '25"", 'revenue': 1480.0, 'unit': 'M', 'net_profit': 145.67}, {'period': ""Q3 '25"", 'revenue': 1370.0, 'unit': 'M', 'net_profit': 173.53}, {'period': ""Q2 '25"", 'revenue': 1330.0, 'unit': 'M', 'net_profit': 150.03}]",6.24,6.2,10146811000,2000765000,171701000,3531054000,1043961000,14300000,1022173000,171701000,777996000,-0.038035832498468924,0.6250069400564193,0.6292428198433421,"[0.63, 0.04]","['2026-02-17', '2005-05-26']",__nan__,0.3479964296171477
50,STEM,Stem Inc. Class A Common Stock,"Stem, Inc. operates as a digitally connected and intelligent energy storage network provider in the United States and internationally. It offers energy storage systems sourced from original equipment manufacturers (OEMs). The company also provides Athena, an artificial intelligence platform, which offers battery hardware and software-enabled services to operate the energy storage systems. In addition, it offers system design and engineering services, supply chain management, energy storage value stream optimization, warranty and preventive maintenance plan management, operation and maintenance reporting, and program enrollment and incentive management services. The company serves commercial and industrial enterprises, independent power producers, renewable project developers, and utilities and grid operators. Stem, Inc. was incorporated in 2009 and is headquartered in San Francisco, California.",Arun Narayanan,Software - Infrastructure,8.75,USD,74540988,https://images.financialmodelingprep.com/symbol/STEM.png,221974,2020-10-08,-0.95,-0.97,176312,-11904000,137761000,"[{'period': '2025', 'revenue': 156.27, 'unit': 'M', 'net_profit': 137.76}, {'period': '2024', 'revenue': 144.58, 'unit': 'M', 'net_profit': -854.01}, {'period': '2023', 'revenue': 461.51, 'unit': 'M', 'net_profit': -140.41}, {'period': '2022', 'revenue': 362.98, 'unit': 'M', 'net_profit': -124.05}]","[{'period': ""Q4 '25"", 'revenue': 47.14, 'unit': 'M', 'net_profit': -15.98}, {'period': ""Q3 '25"", 'revenue': 38.24, 'unit': 'M', 'net_profit': -23.79}, {'period': ""Q2 '25"", 'revenue': 38.37, 'unit': 'M', 'net_profit': 202.53}, {'period': ""Q1 '25"", 'revenue': 32.51, 'unit': 'M', 'net_profit': -25.0}, {'period': ""Q4 '24"", 'revenue': 55.83, 'unit': 'M', 'net_profit': -51.14}, {'period': ""Q3 '24"", 'revenue': 29.29, 'unit': 'M', 'net_profit': -148.3}]",16.52,-9.18,308887000,100091000,48915000,557946000,38353000,6179000,110565000,48915000,6861000,0.9849392903096024,1.161310001943762,1.1561436672967864,__nan__,__nan__,__nan__,1.8063110457869707
51,STG,Sunlands Technology Group American Depositary Shares representing Class A ordinary shares,"Sunlands Technology Group, through its subsidiaries, provides online education services in the People's Republic of China. It offers various degree- and diploma-oriented post-secondary courses, including preparation courses for the self-taught higher education examination (STE) for learners pursuing associate diplomas or bachelor's degrees, as well as for the entrance examinations of Master of Business Administration programs. The company's STE courses include Chinese language and literature, law, pre-school education, marketing, English, human resource management, business administration, business management, modern corporate governance, financial management, advertising, accounting, administrative management, computer information management, finance, convention management, chain operation management, and visual communication and design. It also provides professional certification preparation courses in various industries and professions, such as accounting, human resources, teaching, and finance. The company was formerly known as Sunlands Online Education Group and changed its name to Sunlands Technology Group in August 2018. Sunlands Technology Group was founded in 2003 and is headquartered in Beijing, the People's Republic of China.",Tongbo Liu,Education & Training Services,3.8,USD,51196598,https://images.financialmodelingprep.com/symbol/STG.png,2415,2018-03-23,1.02,0.00999994,364,460374861,355669438,"[{'period': '2025', 'revenue': 1960.0, 'unit': 'M', 'net_profit': 355.67}, {'period': '2024', 'revenue': 1990.0, 'unit': 'M', 'net_profit': 342.08}, {'period': '2023', 'revenue': 2160.0, 'unit': 'M', 'net_profit': 640.83}, {'period': '2022', 'revenue': 2320.0, 'unit': 'M', 'net_profit': 643.96}]","[{'period': ""Q4 '25"", 'revenue': 463.7, 'unit': 'M', 'net_profit': 37.84}, {'period': ""Q3 '25"", 'revenue': 523.05, 'unit': 'M', 'net_profit': 125.44}, {'period': ""Q2 '25"", 'revenue': 539.01, 'unit': 'M', 'net_profit': 126.64}, {'period': ""Q1 '25"", 'revenue': 487.62, 'unit': 'M', 'net_profit': 75.18}, {'period': ""Q4 '24"", 'revenue': 483.48, 'unit': 'M', 'net_profit': 57.81}, {'period': ""Q3 '24"", 'revenue': 491.26, 'unit': 'M', 'net_profit': 89.29}]",26.43,26.43,2048521650,895836097,813217514,1103853472,0,318993999,759932608,577130276,195113000,0.17546319200110302,0.03971982740980233,0.05466879489225862,"[0.63, 0.63]","['2022-06-29', '2022-06-29']",__nan__,0.5388537006675033
52,STIC,Northern Star Acquisition Corp. Class A Common Stock,,,,,,,,,,,,,-29401115,-29637673,"[{'period': '2021', 'revenue': 0.0, 'unit': 'M', 'net_profit': -29.64}]","[{'period': ""Q2 '21"", 'revenue': 117.61, 'unit': 'M', 'net_profit': -24.8}, {'period': ""Q1 '21"", 'revenue': 0.0, 'unit': 'M', 'net_profit': -29.64}]",-0.93,-0.93,254714835,332439,254689019,50976781,0,0,601749,306623,,0.0,0.0,0.0,__nan__,__nan__,__nan__,0.20013275237777178
53,STK,Columbia Seligman Premium Technology Growth Fund Inc,"Columbia Seligman Premium Technology Growth Fund is a closed ended equity mutual fund launched and managed by Columbia Management Investment Advisers, LLC. It invests in public equity markets. The fund seeks to invest in stocks of companies operating in the technology sector. It primarily invests in growth stocks of companies. It employs fundamental analysis with focus on factors like companies that have best growth prospects, trade at attractive valuations and deliver solid investment returns over time to create its portfolio. The fund benchmarks the performance of its portfolio against the S&P North American Technology Sector Index. The fund was formerly known as Seligman Premium Technology Growth Fund, Inc. Columbia Seligman Premium Technology Growth Fund was formed on November 30, 2009 and is domiciled in the United States.",William F. Truscott,Asset Management,37.02,USD,639290976,https://images.financialmodelingprep.com/symbol/STK.png,48855,2009-11-27,4.17,-1.4607,48118,154002928,154002928,"[{'period': '2025', 'revenue': 62.49, 'unit': 'M', 'net_profit': 154.0}, {'period': '2024', 'revenue': 88.88, 'unit': 'M', 'net_profit': 130.95}, {'period': '2023', 'revenue': 47.98, 'unit': 'M', 'net_profit': 140.2}, {'period': '2022', 'revenue': -158.93, 'unit': 'M', 'net_profit': -159.29}]","[{'period': ""Q4 '25"", 'revenue': 62.77, 'unit': 'M', 'net_profit': 170.86}, {'period': ""Q2 '25"", 'revenue': -0.28275, 'unit': 'M', 'net_profit': -16.86}, {'period': ""Q4 '24"", 'revenue': 30.81, 'unit': 'M', 'net_profit': 56.76}, {'period': ""Q2 '24"", 'revenue': 58.07, 'unit': 'M', 'net_profit': 74.19}, {'period': ""Q4 '23"", 'revenue': 40.61, 'unit': 'M', 'net_profit': 41.41}, {'period': ""Q2 '23"", 'revenue': 7.36, 'unit': 'M', 'net_profit': 98.79}]",8.88,8.88,671291556,10102444,9791907,1120292,310537,661141052,0,41283,0,0.17606358094272853,0.17607545416134893,0.12262958280657403,"[0.4625, 0.4625]","['2026-02-17', '2010-01-14']",__nan__,0.0016688605569172392
54,STL,Sterling Bancorp,"Sterling Bancorp operates as the bank holding company for Sterling National Bank that provides various banking products and services to commercial, consumer, and municipal clients in the United States. The company accepts deposit products, including interest and non-interest checking, savings, money market, time, and demand deposits, as well as certificates of deposit. Its loan products include commercial and industrial, asset-based, payroll finance, warehouse, factored receivables, equipment finance, public sector finance, and commercial real estate, such as multi-family loans; residential and commercial mortgage loans; consumer loans, such as homeowner loans, home equity lines of credit, new and used automobile loans, and personal unsecured loans; and acquisition, development, and construction loans. The company also engages in the third-party provider to sell mutual funds and annuities; and provision of annuity and wealth management products. As of December 31, 2020, it operated 76 full-service retail and commercial financial centers in the New York Metro Market and the New York Suburban Market. Sterling Bancorp was founded in 1888 and is headquartered in Pearl River, New York.",Jack Kopnisky,Banks - Regional,26.29,USD,0,https://images.financialmodelingprep.com/symbol/STL.png,1745932,2011-12-28,14.058823529411764,-0.879999,19410604,578355000,404737000,"[{'period': '2021', 'revenue': 1000.0, 'unit': 'M', 'net_profit': 404.74}, {'period': '2020', 'revenue': 989.93, 'unit': 'M', 'net_profit': 225.77}, {'period': '2019', 'revenue': 1030.0, 'unit': 'M', 'net_profit': 427.04}, {'period': '2018', 'revenue': 1060.0, 'unit': 'M', 'net_profit': 447.25}]","[{'period': ""Q4 '21"", 'revenue': 258.67, 'unit': 'M', 'net_profit': 111.58}, {'period': ""Q3 '21"", 'revenue': 243.94, 'unit': 'M', 'net_profit': 95.67}, {'period': ""Q2 '21"", 'revenue': 246.93, 'unit': 'M', 'net_profit': 98.34}, {'period': ""Q1 '21"", 'revenue': 247.84, 'unit': 'M', 'net_profit': 99.15}, {'period': ""Q4 '20"", 'revenue': 250.08, 'unit': 'M', 'net_profit': 76.42}, {'period': ""Q3 '20"", 'revenue': 245.69, 'unit': 'M', 'net_profit': 84.41}]",2.1,2.1,29659471000,23265709000,308013000,24779322000,95152000,4434604000,0,308013000,371780000,0.3112901251082624,0.7927040470569476,0.8103448275862071,"[0.07, 0.03]","['2022-01-21', '1999-05-04']",__nan__,0.8354606864026671
55,STLA,Stellantis N.V. Common Shares,"Stellantis N.V. engages in the design, engineering, manufacturing, distribution, and sale of automobiles and light commercial vehicles, engines, transmission systems, metallurgical products, and production systems worldwide. It provides luxury, premium, and mainstream passenger vehicles; pickup trucks, sport utility vehicles, and commercial vehicles; and parts and services, as well as retail and dealer financing, leasing, and rental services. The company offers its products under the Abarth, Alfa Romeo, Chrysler, Citroën, DS, Dodge, Fiat, Fiat Professional, Jeep, Maserati, Ram, Opel, Lancia, Vauxhall, Peugeot, Teksid, and Comau brand names. It sells its products directly, as well as through distributors and dealers. Stellantis N.V. was founded in 1899 and is headquartered in Hoofddorp, the Netherlands.",Antonio Filosa,Auto - Manufacturers,6.71,USD,19442112245,https://images.financialmodelingprep.com/symbol/STLA.png,17167989,2010-06-09,-0.75,-0.04,20536634,-18352476000,-22368000000,"[{'period': '2025', 'revenue': 153.51, 'unit': 'B', 'net_profit': -22.37}, {'period': '2024', 'revenue': 156.88, 'unit': 'B', 'net_profit': 5.47}, {'period': '2023', 'revenue': 189.54, 'unit': 'B', 'net_profit': 18.6}, {'period': '2022', 'revenue': 179.59, 'unit': 'B', 'net_profit': 16.8}]","[{'period': ""Q4 '25"", 'revenue': 79.22, 'unit': 'B', 'net_profit': -20.07}, {'period': ""Q2 '25"", 'revenue': 74.26, 'unit': 'B', 'net_profit': -2.24}, {'period': ""Q4 '24"", 'revenue': 71860.0, 'unit': 'M', 'net_profit': -151.0}, {'period': ""Q2 '24"", 'revenue': 85.02, 'unit': 'B', 'net_profit': 5.62}, {'period': ""Q4 '23"", 'revenue': 91.18, 'unit': 'B', 'net_profit': 7.67}, {'period': ""Q2 '23"", 'revenue': 98.37, 'unit': 'B', 'net_profit': 10.92}]",-7.75,-7.75,195153000000,80538000000,30146000000,141152000000,5662000000,7276000000,78739000000,30146000000,-12637000000,-2.4359186292152413,-5.08697241001279,-5.166666666666666,"[0.7717, 0.5756]","['2025-04-23', '2000-06-14']",__nan__,0.7232889066527289
56,STM,STMicroelectronics N.V. Common Stock,"STMicroelectronics N.V., together with its subsidiaries, designs, develops, manufactures, and sells semiconductor products in Europe, the Middle East, Africa, the Americas, and the Asia Pacific. The company operates through Automotive and Discrete Group; Analog, MEMS and Sensors Group; and Microcontrollers and Digital ICs Group segments. The Automotive and Discrete Group segment offers automotive integrated circuits (ICs), and discrete and power transistor products. The Analog, MEMS and Sensors Group segment provides industrial application-specific integrated circuits (ASICs) and application-specific standard products (ASSPs); general purpose analog products; custom analog ICs; wireless charging solutions; galvanic isolated gate drivers; low and high voltage amplifiers, comparators, and current-sense amplifiers; MasterGaN, a solution that integrates a silicon driver and GaN power transistors in a single package; wireline and wireless connectivity ICs; touch screen controllers; micro-electro-mechanical systems (MEMS) products, including sensors or actuators; and optical sensing solutions. The Microcontrollers and Digital ICs Group segment offers general purpose and secure microcontrollers; and radio frequency (RF) products. It also offers application-specific standard products for analog, digital and mixed-signal applications. In addition, the company provides assembly and other services. It sells its products through distributors and retailers, as well as through sales representatives. The company serves automotive, industrial, personal electronics and communications equipment, and computers and peripherals markets. STMicroelectronics N.V. was incorporated in 1987 and is headquartered in Schiphol, the Netherlands.",Jean-Marc Chery,Semiconductors,32.54,USD,28920516577,https://images.financialmodelingprep.com/symbol/STM.png,7899633,1994-12-08,180.78,-0.37,7327427,401237681,166513637,"[{'period': '2025', 'revenue': 11840.0, 'unit': 'M', 'net_profit': 166.51}, {'period': '2024', 'revenue': 13.27, 'unit': 'B', 'net_profit': 1.56}, {'period': '2023', 'revenue': 17.29, 'unit': 'B', 'net_profit': 4.21}, {'period': '2022', 'revenue': 16.13, 'unit': 'B', 'net_profit': 3.96}]","[{'period': ""Q4 '25"", 'revenue': 3330.0, 'unit': 'M', 'net_profit': -29.98}, {'period': ""Q3 '25"", 'revenue': 3170.0, 'unit': 'M', 'net_profit': 235.98}, {'period': ""Q2 '25"", 'revenue': 2800.0, 'unit': 'M', 'net_profit': -98.27}, {'period': ""Q1 '25"", 'revenue': 2520.0, 'unit': 'M', 'net_profit': 56.07}, {'period': ""Q4 '24"", 'revenue': 3320.0, 'unit': 'M', 'net_profit': 341.0}, {'period': ""Q3 '24"", 'revenue': 3250.0, 'unit': 'M', 'net_profit': 351.0}]",0.19,0.18,24800000000,11271000000,4922000000,6575000000,1745000000,152000000,3351000000,2837000000,-52000000,-0.8922273217835079,-0.8930548253050739,-0.8901734104046243,"[0.09, 0.16]","['2027-03-16', '1999-05-27']",__nan__,0.2651209677419355
57,STN,Stantec Inc Common Stock,"Stantec Inc. provides engineering, architecture, and environmental consulting services in the areas of infrastructure and facilities in Canada, the United States, and internationally. The company provides consulting services in engineering, architecture, interior design, landscape architecture, surveying, environmental sciences, project management, and project economics. It also offers structural, mechanical, electrical, plumbing, and hydraulics engineering services; transportation advisory, planning and analytics, transport engineering, and technical design; paleontological and archaeological services for the rail, transportation, water, and power and energy sectors; environmental and infrastructure services; and environmental and cultural resource compliance services. The company was formerly known as Stanley Technology Group Inc. and changed its name to Stantec Inc. in October 1998. Stantec Inc. was founded in 1954 and is headquartered in Edmonton, Canada.",Gordon Allan Johnston,Engineering & Construction,85.36,USD,9736758693,https://images.financialmodelingprep.com/symbol/STN.png,335055,2005-08-05,28.08,-1.61,160599,1084615388,479009320,"[{'period': '2025', 'revenue': 8140.000000000001, 'unit': 'M', 'net_profit': 479.01}, {'period': '2024', 'revenue': 7500.0, 'unit': 'M', 'net_profit': 361.5}, {'period': '2023', 'revenue': 6480.0, 'unit': 'M', 'net_profit': 316.5}, {'period': '2022', 'revenue': 5680.0, 'unit': 'M', 'net_profit': 247.0}]","[{'period': ""Q4 '25"", 'revenue': 2110.0, 'unit': 'M', 'net_profit': 93.82}, {'period': ""Q3 '25"", 'revenue': 2140.0, 'unit': 'M', 'net_profit': 150.0}, {'period': ""Q2 '25"", 'revenue': 1440.0, 'unit': 'M', 'net_profit': 99.45}, {'period': ""Q1 '25"", 'revenue': 1920.0, 'unit': 'M', 'net_profit': 100.1}, {'period': ""Q4 '24"", 'revenue': 1960.0, 'unit': 'M', 'net_profit': 98.0}, {'period': ""Q3 '24"", 'revenue': 1930.0, 'unit': 'M', 'net_profit': 103.2}]",4.2,4.2,7950415651,2788525682,397775574,4712656363,2304920110,0,2264153359,397775574,790355387,0.20285614727736498,0.3250603596127248,0.3249211356466878,"[0.17672, 0.15]","['2026-03-31', '2012-03-28']",__nan__,0.592755972753103
58,STNG,Scorpio Tankers Inc. Common Shares,"Scorpio Tankers Inc., together with its subsidiaries, engages in the seaborne transportation of refined petroleum products in the shipping markets worldwide. As of March 18, 2022, the company's fleet consisted of 124 owned, finance leased, or bareboat chartered-in tankers, including 42 LR2, 6 LR1, 62 MR, and 14 Handymax with a weighted average age of approximately 6.2 years. Scorpio Tankers Inc. was incorporated in 2009 and is based in Monaco.",Emanuele A. Lauro,Oil & Gas Midstream,75.71,USD,3918960831,https://images.financialmodelingprep.com/symbol/STNG.png,1166745,2010-03-31,10.77,1.8,755337,490033000,344292000,"[{'period': '2025', 'revenue': 938.22, 'unit': 'M', 'net_profit': 344.29}, {'period': '2024', 'revenue': 1240.0, 'unit': 'M', 'net_profit': 668.77}, {'period': '2023', 'revenue': 1340.0, 'unit': 'M', 'net_profit': 546.9}, {'period': '2022', 'revenue': 1560.0, 'unit': 'M', 'net_profit': 637.25}]","[{'period': ""Q4 '25"", 'revenue': 252.65, 'unit': 'M', 'net_profit': 128.12}, {'period': ""Q3 '25"", 'revenue': 241.36, 'unit': 'M', 'net_profit': 84.45}, {'period': ""Q2 '25"", 'revenue': 230.22, 'unit': 'M', 'net_profit': 73.51}, {'period': ""Q1 '25"", 'revenue': 213.98, 'unit': 'M', 'net_profit': 58.21}, {'period': ""Q4 '24"", 'revenue': 203.97, 'unit': 'M', 'net_profit': 68.56}, {'period': ""Q3 '24"", 'revenue': 267.99, 'unit': 'M', 'net_profit': 158.71}]",7.4,7.03,3917840000,1108369000,751955000,718842000,180801000,0,118759000,751955000,491226000,-0.4819240678697201,-0.4851893165703212,-0.46298984034833085,"[0.45, 0.025]","['2026-03-06', '2013-06-07']",__nan__,0.18347916198721745
59,STON,StoneMor Inc. Common Stock,"StoneMor Inc. owns and operates cemeteries and funeral homes in the United States. The company operates in two segments, Cemetery Operations and Funeral Home Operations. The Cemetery Operations segment provides cemetery property interment rights, such as burial lots, lawn and mausoleum crypts, and cremation niches; cemetery merchandise comprising burial vaults, caskets, grave markers, and memorials; and cemetery services, which include opening and closing, cremation, and cemetery merchandise installation services. The Funeral Home Operations segment offers caskets and other funeral related items; and funeral home services, such as family consultation, the removal and preparation of remains, insurance products, and the use of funeral home facilities for visitation and memorial services. As of March 30, 2022, it owned and operated 304 cemeteries and 72 funeral homes in 24 states and Puerto Rico Rico. The company was incorporated in 2004 and is headquartered in Bensalem, Pennsylvania.",Joseph Redling,Personal Products & Services,3.53,USD,0,https://images.financialmodelingprep.com/symbol/STON.png,682146,2004-09-15,-6.635338345864661,0.03,20206998,-28231000,-56957000,"[{'period': '2021', 'revenue': 322.84, 'unit': 'M', 'net_profit': -56.96}, {'period': '2020', 'revenue': 279.54, 'unit': 'M', 'net_profit': -8.36}, {'period': '2019', 'revenue': 289.52, 'unit': 'M', 'net_profit': -151.94}, {'period': '2018', 'revenue': 316.13, 'unit': 'M', 'net_profit': -72.7}]","[{'period': ""Q2 '22"", 'revenue': 80.05, 'unit': 'M', 'net_profit': -17.26}, {'period': ""Q1 '22"", 'revenue': 80.98, 'unit': 'M', 'net_profit': -12.23}, {'period': ""Q4 '21"", 'revenue': 79.25, 'unit': 'M', 'net_profit': -10.75}, {'period': ""Q3 '21"", 'revenue': 82.3, 'unit': 'M', 'net_profit': -4.85}, {'period': ""Q2 '21"", 'revenue': 82.98, 'unit': 'M', 'net_profit': -35.38}, {'period': ""Q1 '21"", 'revenue': 78.31, 'unit': 'M', 'net_profit': -4.62}]",-0.48,-0.48,1741144000,180947000,83882000,1886886000,62220000,0,49810000,83882000,-9369000,-10.07967032967033,-5.813853331738247,-5.1459667093469905,"[0.33, 0.5128]","['2017-05-05', '2005-02-03']",__nan__,1.0837047366558998
60,STOR,STORE Capital Corporation Common Stock,"STORE Capital Corporation is an internally managed net-lease real estate investment trust, or REIT, that is the leader in the acquisition, investment and management of Single Tenant Operational Real Estate, which is its target market and the inspiration for its name. STORE Capital is one of the largest and fastest growing net-lease REITs and owns a large, well-diversified portfolio that consists of investments in more than 2,500 property locations across the United States, substantially all of which are profit centers.",Mary B. Fedewa,REIT - Diversified,32.21,USD,0,https://images.financialmodelingprep.com/symbol/STOR.png,2820187,2014-11-18,0.0,0.0,4092239,746440000,165772000,"[{'period': '2025', 'revenue': 1240.0, 'unit': 'M', 'net_profit': 165.77}, {'period': '2024', 'revenue': 1150.0, 'unit': 'M', 'net_profit': 123.19}, {'period': '2022', 'revenue': 910.17, 'unit': 'M', 'net_profit': 327.9}, {'period': '2021', 'revenue': 782.66, 'unit': 'M', 'net_profit': 268.35}]","[{'period': ""Q4 '25"", 'revenue': 328.0, 'unit': 'M', 'net_profit': 52.59}, {'period': ""Q3 '25"", 'revenue': 305.62, 'unit': 'M', 'net_profit': 33.75}, {'period': ""Q2 '25"", 'revenue': 301.83, 'unit': 'M', 'net_profit': 27.42}, {'period': ""Q1 '25"", 'revenue': 303.88, 'unit': 'M', 'net_profit': 52.01}, {'period': ""Q4 '24"", 'revenue': 414.49, 'unit': 'M', 'net_profit': 37.07}, {'period': ""Q3 '24"", 'revenue': 287.42, 'unit': 'M', 'net_profit': 32.13}]",0.59,0.59,15892000000,3129445000,39119000,7616375000,3090326000,0,323633000,39119000,794290000,0.04731905460106775,0.3456284042112782,0.34090909090909083,"[0.41, 0.1139]","['2022-09-29', '2014-12-29']",__nan__,0.47925843191542916
61,STPC,Star Peak Corp II Class A Common Stock,"STAR Peak Corp II does not have significant operations. It focuses on effecting a merger, capital stock exchange, asset acquisition, stock purchase, reorganization, or similar business combination with one or more businesses. The company was incorporated in 2020 and is based in Evanston, Illinois.",,Shell Companies,9.87,USD,2037789889,https://images.financialmodelingprep.com/symbol/STPC.png,300603,2022-01-31,0.0,-0.14000034,371967,-5635,-5635,"[{'period': '2020', 'revenue': 0.0, 'unit': 'K', 'net_profit': -5.63}]","[{'period': ""Q2 '21"", 'revenue': 0.0, 'unit': 'M', 'net_profit': -3.59}, {'period': ""Q4 '20"", 'revenue': 0.0, 'unit': 'K', 'net_profit': -5.63}]",-0.0001,-0.0001,495307,45156,45156,475942,0,0,475942,45156,,0.0,0.0,0.0,__nan__,__nan__,__nan__,0.9609030358949097
62,STRE,Supernova Partners Acquisition Company III Ltd. Class A Ordinary Shares,"Supernova Partners Acquisition Company III, Ltd. does not have significant operations. The company focuses on effecting a merger, capital stock exchange, asset acquisition, stock purchase, reorganization, or similar business combination with one or more businesses. It intends to identify a business combination target within the technology sector focused on internet, consumer, media, and similar businesses. The company was incorporated in 2020 and is based in Washington, the District of Columbia.",Robert D. Reid,Shell Companies,10.23,USD,357269431,https://images.financialmodelingprep.com/symbol/STRE.png,215105,,35.275862068965516,-0.03,230,-1751559,-1263431,"[{'period': '2021', 'revenue': 0.0, 'unit': 'M', 'net_profit': -1.26}]","[{'period': ""Q3 '22"", 'revenue': 0.0, 'unit': 'M', 'net_profit': 3.83}, {'period': ""Q2 '22"", 'revenue': 0.0, 'unit': 'M', 'net_profit': 6.19}, {'period': ""Q1 '22"", 'revenue': 0.0, 'unit': 'M', 'net_profit': 8.02}, {'period': ""Q4 '21"", 'revenue': 0.0, 'unit': 'M', 'net_profit': 1.97}, {'period': ""Q3 '21"", 'revenue': 0.0, 'unit': 'M', 'net_profit': 1.12}, {'period': ""Q2 '21"", 'revenue': 0.0, 'unit': 'M', 'net_profit': -2.43}]",-0.0445,-0.0445,281988646,892050,666300,19594790,0,281049184,1270653,666300,-858482,0.0,0.0,0.0,__nan__,__nan__,__nan__,0.06948786867113792
63,STT,State Street Corporation Common Stock,"State Street Corporation, through its subsidiaries, provides a range of financial products and services to institutional investors worldwide. The company offers investment servicing products and services, including custody; product accounting; daily pricing and administration; master trust and master custody; depotbank services; record-keeping; cash management; foreign exchange, brokerage and other trading services; securities finance and enhanced custody products; deposit and short-term investment facilities; loans and lease financing; investment manager and alternative investment manager operations outsourcing; performance, risk, and compliance analytics; and financial data management to support institutional investors. It also engages in the provision of portfolio management and risk analytics, as well as trading and post-trade settlement services with integrated compliance and managed data. In addition, the company offers investment management strategies and products, such as core and enhanced indexing, multi-asset strategies, active quantitative and fundamental active capabilities, and alternative investment strategies. Further, it provides services and solutions, including environmental, social, and governance investing; defined benefit and defined contribution; and global fiduciary solutions, as well as exchange-traded fund under the SPDR ETF brand. The company provides its products and services to mutual funds, collective investment funds and other investment pools, corporate and public retirement plans, insurance companies, foundations, endowments, and investment managers. State Street Corporation was founded in 1792 and is headquartered in Boston, Massachusetts.",Ronald Philip O'Hanley,Asset Management,122.52,USD,34221361619,https://images.financialmodelingprep.com/symbol/STT.png,2155630,1980-03-17,13.03,-3.14,1699144,4285000000,2945000000,"[{'period': '2025', 'revenue': 22.63, 'unit': 'B', 'net_profit': 2.94}, {'period': '2024', 'revenue': 21.97, 'unit': 'B', 'net_profit': 2.69}, {'period': '2023', 'revenue': 18.37, 'unit': 'B', 'net_profit': 1.94}, {'period': '2022', 'revenue': 13.67, 'unit': 'B', 'net_profit': 2.77}]","[{'period': ""Q4 '25"", 'revenue': 5590.0, 'unit': 'M', 'net_profit': 747.0}, {'period': ""Q3 '25"", 'revenue': 5750.0, 'unit': 'M', 'net_profit': 861.0}, {'period': ""Q2 '25"", 'revenue': 5790.0, 'unit': 'M', 'net_profit': 693.0}, {'period': ""Q1 '25"", 'revenue': 5490.0, 'unit': 'M', 'net_profit': 644.0}, {'period': ""Q4 '24"", 'revenue': 5670.0, 'unit': 'M', 'net_profit': 783.0}, {'period': ""Q3 '24"", 'revenue': 5540.0, 'unit': 'M', 'net_profit': 730.0}]",9.55,9.4,366047000000,190104000000,146018000000,338206000000,43249000000,133185000000,279012000000,131363000000,4291000000,0.07125,0.09601786378861184,0.14645858343337342,"[0.84, 0.2656]","['2026-04-01', '1984-12-24']",__nan__,0.9239414610692069
64,STWD,STARWOOD PROPERTY TRUST INC. Starwood Property Trust Inc.,"Starwood Property Trust, Inc. operates as a real estate investment trust (REIT) in the United States, Europe, and Australia. It operates through four segments: Commercial and Residential Lending, Infrastructure Lending, Property, and Investing and Servicing segments. The Commercial and Residential Lending segment originates, acquires, finances, and manages commercial first mortgages, non-agency residential mortgages, subordinated mortgages, mezzanine loans, preferred equity, commercial mortgage-backed securities (CMBS), and residential mortgage-backed securities, as well as other real estate and real estate-related debt investments, including distressed or non-performing loans. The Infrastructure lending segment originates, acquires, finances, and manages infrastructure debt investments. The Property segment engages primarily in acquiring and managing equity interests in stabilized commercial real estate properties, such as multifamily properties and commercial properties subject to net leases, that are held for investment. The Investing and Servicing segment manages and works out problem assets; acquires and manages unrated, investment grade, and non-investment grade rated CMBS comprising subordinated interests of securitization and re-securitization transactions; originates conduit loans for the primary purpose of selling these loans into securitization transactions; and acquires commercial real estate assets that include properties acquired from CMBS trusts. The company qualifies as a REIT for federal income tax purposes and would not be subject to federal corporate income taxes, if it distributes at least 90% of its taxable income to its stockholders. Starwood Property Trust, Inc. was incorporated in 2009 and is headquartered in Greenwich, Connecticut.",Barry Stuart Sternlicht,REIT - Mortgage,17.04,USD,6314717280,https://images.financialmodelingprep.com/symbol/STWD.png,3645425,2009-08-12,14.82,-0.41,3306320,1838855000,411544000,"[{'period': '2025', 'revenue': 1880.0, 'unit': 'M', 'net_profit': 411.54}, {'period': '2024', 'revenue': 2040.0, 'unit': 'M', 'net_profit': 359.93}, {'period': '2023', 'revenue': 2050.0, 'unit': 'M', 'net_profit': 339.21}, {'period': '2022', 'revenue': 1550.0, 'unit': 'M', 'net_profit': 871.48}]","[{'period': ""Q4 '25"", 'revenue': 506.25, 'unit': 'M', 'net_profit': 96.92}, {'period': ""Q3 '25"", 'revenue': 489.9, 'unit': 'M', 'net_profit': 72.56}, {'period': ""Q2 '25"", 'revenue': 475.94, 'unit': 'M', 'net_profit': 129.81}, {'period': ""Q1 '25"", 'revenue': 418.18, 'unit': 'M', 'net_profit': 112.25}, {'period': ""Q4 '24"", 'revenue': 448.31, 'unit': 'M', 'net_profit': 51.64}, {'period': ""Q3 '24"", 'revenue': 487.86, 'unit': 'M', 'net_profit': 76.07}]",1.22,1.22,63183357000,963159000,800480000,55693851000,162679000,23257036000,2685317000,499480000,616297000,0.02283852005455569,0.14339057546821213,0.07964601769911513,"[0.48, 0.01]","['2026-03-31', '2009-10-28']",__nan__,0.8814639431076763
65,STZ,Constellation Brands Inc. Common Stock,"Constellation Brands, Inc., together with its subsidiaries, produces, imports, markets, and sells beer, wine, and spirits in the United States, Canada, Mexico, New Zealand, and Italy. It provides beer primarily under the Corona Extra, Corona Premier, Corona Familiar, Corona Light, Corona Refresca, Corona Hard Seltzer, Modelo Especial, Modelo Negra, Modelo Chelada, Pacifico, and Victoria brands. The company offers wine under the 7 Moons, Cook's California Champagne, Cooper & Thief, Crafters Union, Kim Crawford, Meiomi, Mount Veeder, Ruffino, SIMI, The Dreaming Tree, Charles Smith, The Prisoner Wine Company, Robert Mondavi, My Favorite Neighbor, and Schrader; and spirits under the Casa Noble, Copper & Kings, High West, Mi CAMPO, Nelson's Green Brier, and SVEDKA brands. It provides its products to wholesale distributors, retailers, on-premise locations, and state alcohol beverage control agencies. Constellation Brands, Inc. was founded in 1945 and is headquartered in Victor, New York.",William A. Newlands,Beverages - Wineries & Distilleries,151.4,USD,26357812221,https://images.financialmodelingprep.com/symbol/STZ.png,2392340,1992-03-17,23.77,0.99,1771152,782600000,-81400000,"[{'period': '2025', 'revenue': 10210.0, 'unit': 'M', 'net_profit': -81.4}, {'period': '2024', 'revenue': 9.96, 'unit': 'B', 'net_profit': 1.73}, {'period': '2023', 'revenue': 9450.0, 'unit': 'M', 'net_profit': -71.0}, {'period': '2022', 'revenue': 8820.0, 'unit': 'M', 'net_profit': -40.4}]","[{'period': ""Q3 '26"", 'revenue': 2220.0, 'unit': 'M', 'net_profit': 502.8}, {'period': ""Q2 '26"", 'revenue': 2480.0, 'unit': 'M', 'net_profit': 466.0}, {'period': ""Q1 '26"", 'revenue': 2510.0, 'unit': 'M', 'net_profit': 516.1}, {'period': ""Q4 '25"", 'revenue': 2160.0, 'unit': 'M', 'net_profit': -375.3}, {'period': ""Q3 '25"", 'revenue': 2460.0, 'unit': 'M', 'net_profit': 615.9}, {'period': ""Q2 '25"", 'revenue': 2.92, 'unit': 'B', 'net_profit': -1.2}]",-0.45,-0.45,21652300000,3716400000,68100000,14517500000,992700000,206000000,4035200000,68100000,1938100000,-0.7463044605809128,-1.0471228435799467,-1.0477707006369426,"[1.02, 0.31]","['2026-01-29', '2015-05-06']",__nan__,0.6704830433718358
66,STZ/B,Constellation Brands Inc,,,,,,,,,,,,,,,[],[],,,,,,,,,,,,,,,,,__nan__,__nan__
67,SU,Suncor Energy  Inc. Common Stock,"Suncor Energy Inc. operates as an integrated energy company. The company primarily focuses on developing petroleum resource basins in Canada's Athabasca oil sands; explores, acquires, develops, produces, transports, refines, and markets crude oil in Canada and internationally; markets petroleum and petrochemical products under the Petro-Canada name primarily in Canada. It operates through Oil Sands; Exploration and Production; Refining and Marketing; and Corporate and Eliminations segments. The Oil Sands segment recovers bitumen from mining and in situ operations, and upgrades it into refinery feedstock and diesel fuel, or blends the bitumen with diluent for direct sale to market. The Exploration and Production segment is involved in offshore operations off the east coast of Canada and in the North Sea; and operating onshore assets in Libya and Syria. The Refining and Marketing segment refines crude oil and intermediate feedstock into various petroleum and petrochemical products; and markets refined petroleum products to retail, commercial, and industrial customers through its other retail sellers. The Corporate and Eliminations segment operates four wind farms in Ontario and Western Canada. The company also markets and trades in crude oil, natural gas, byproducts, refined products, and power. The company was formerly known as Suncor Inc. and changed its name to Suncor Energy Inc. in April 1997. Suncor Energy Inc. was founded in 1917 and is headquartered in Calgary, Canada.",Richard Kruger,Oil & Gas Integrated,66.66,USD,79372894183,https://images.financialmodelingprep.com/symbol/SU.png,5329120,1980-03-17,18.99,1.68,4889416,16182395000,5918000000,"[{'period': '2025', 'revenue': 48.91, 'unit': 'B', 'net_profit': 5.92}, {'period': '2024', 'revenue': 50.69, 'unit': 'B', 'net_profit': 6.02}, {'period': '2023', 'revenue': 49.09, 'unit': 'B', 'net_profit': 8.29}, {'period': '2022', 'revenue': 58.34, 'unit': 'B', 'net_profit': 9.08}]","[{'period': ""Q4 '25"", 'revenue': 12.04, 'unit': 'B', 'net_profit': 1.48}, {'period': ""Q3 '25"", 'revenue': 12.55, 'unit': 'B', 'net_profit': 1.62}, {'period': ""Q2 '25"", 'revenue': 11.99, 'unit': 'B', 'net_profit': 1.13}, {'period': ""Q1 '25"", 'revenue': 12.32, 'unit': 'B', 'net_profit': 1.69}, {'period': ""Q4 '24"", 'revenue': 12530.0, 'unit': 'M', 'net_profit': 818.0}, {'period': ""Q3 '24"", 'revenue': 12.89, 'unit': 'B', 'net_profit': 2.02}]",4.85,4.85,89839727000,14217404000,3647025000,44752500000,5453552000,0,10201680000,3647025000,6919356582,-0.010190531530980488,-0.016289893617021278,0.02754237288135591,"[0.43956, 0.9231]","['2026-03-04', '1991-11-22']",__nan__,0.49813708806127605
68,SUI,Sun Communities Inc. Common Stock,"Sun Communities, Inc. is a REIT that, as of March 31, 2022, owned, operated, or had an interest in a portfolio of 603 developed MH, RV and marina properties comprising nearly 159,300 developed sites and over 45,700 wet slips and dry storage spaces in 39 states, Canada, Puerto Rico and the UK.",Charles D. Young,REIT - Residential,125.57,USD,15468340450,https://images.financialmodelingprep.com/symbol/SUI.png,829389,1993-12-09,-205.85,-2.26,340007,683800000,1373800000,"[{'period': '2025', 'revenue': 2.31, 'unit': 'B', 'net_profit': 1.37}, {'period': '2024', 'revenue': 3200.0, 'unit': 'M', 'net_profit': 89.0}, {'period': '2023', 'revenue': 3180.0, 'unit': 'M', 'net_profit': -213.3}, {'period': '2022', 'revenue': 2930.0, 'unit': 'M', 'net_profit': 242.0}]","[{'period': ""Q4 '25"", 'revenue': 515.2, 'unit': 'M', 'net_profit': 121.9}, {'period': ""Q3 '25"", 'revenue': 697.2, 'unit': 'M', 'net_profit': 11.7}, {'period': ""Q2 '25"", 'revenue': 0.607, 'unit': 'B', 'net_profit': 1.27}, {'period': ""Q1 '25"", 'revenue': 465.8, 'unit': 'M', 'net_profit': -39.7}, {'period': ""Q4 '24"", 'revenue': 740.6, 'unit': 'M', 'net_profit': -224.4}, {'period': ""Q3 '24"", 'revenue': 934.4, 'unit': 'M', 'net_profit': 288.7}]",10.84,10.84,12522900000,1154300000,636100000,5333400000,375300000,0,3044100000,636100000,864200000,-0.37999818659896634,14.435955056179775,14.267605633802816,"[1.12, 0.385]","['2026-03-31', '1993-12-27']",__nan__,0.4258917662841674
69,SUM,Summit Materials Inc. Class A Common Stock,"Summit Materials, Inc., through its subsidiaries, produces and sells construction materials and related downstream products for the public infrastructure, and residential and nonresidential end markets. It operates through three segments: West, East, and Cement. The company's products include aggregates, cement, ready-mix concrete, asphalt paving mixes, and concrete products, as well as plastics components. It also provides asphalt paving and related services to the private and public infrastructure sectors. In addition, the company operates municipal waste, construction, and demolition debris landfills; and liquid asphalt terminals. It has operations in the United States; and in British Columbia, Canada. The company was founded in 2009 and is headquartered in Denver, Colorado.",Anne P. Noonan,Construction Materials,52.49,USD,9228476860,https://images.financialmodelingprep.com/symbol/SUM.png,4039938,2015-03-12,61.752941176470586,0.04,4694636,726169000,285856000,"[{'period': '2023', 'revenue': 2620.0, 'unit': 'M', 'net_profit': 285.86}, {'period': '2022', 'revenue': 2410.0, 'unit': 'M', 'net_profit': 272.14}, {'period': '2021', 'revenue': 2410.0, 'unit': 'M', 'net_profit': 152.18}, {'period': '2020', 'revenue': 2330.0, 'unit': 'M', 'net_profit': 137.97}]","[{'period': ""Q3 '24"", 'revenue': 1170.0, 'unit': 'M', 'net_profit': 105.18}, {'period': ""Q2 '24"", 'revenue': 1120.0, 'unit': 'M', 'net_profit': 106.08}, {'period': ""Q1 '24"", 'revenue': 805.01, 'unit': 'M', 'net_profit': -66.87}, {'period': ""Q4 '23"", 'revenue': 660.13, 'unit': 'M', 'net_profit': 2.98}, {'period': ""Q3 '23"", 'revenue': 794.8, 'unit': 'M', 'net_profit': 230.04}, {'period': ""Q2 '23"", 'revenue': 729.15, 'unit': 'M', 'net_profit': 83.64}]",2.4,2.39,5149582000,1732124000,374162000,2833002000,297541000,0,322965000,374162000,183241000,0.11906482747142502,0.050381230593984826,0.057268722466960305,"[1.7, 0.0173]","['2022-12-29', '2022-12-14']",__nan__,0.5501421280406837
70,SUN,Sunoco LP Common Units representing limited partner interests,"Sunoco LP, together with its subsidiaries, distributes and retails motor fuels in the United States. It operates in two segments, Fuel Distribution and Marketing, and All Other. The Fuel Distribution and Marketing segment purchases motor fuel from independent refiners and oil companies and supplies it to independently operated dealer stations, distributors and other consumer of motor fuel, and partnership operated stations, as well as to commission agent locations. The All Other segment operates retail stores that offer motor fuel, merchandise, foodservice, and other services that include credit card processing, car washes, lottery, automated teller machines, money orders, prepaid phone cards, and wireless services. It also leases and subleases real estate properties; and operates terminal facilities on the Hawaiian Islands. As of December 31, 2021, the company operated 78 retail stores in Hawaii and New Jersey. Sunoco GP LLC serves as the general partner of the company. The company was formerly known as Susser Petroleum Partners LP and changed its name to Sunoco LP in October 2014. Sunoco LP was founded in 1886 and is headquartered in Dallas, Texas.",Joseph Kim,Oil & Gas Refining & Marketing,67.01,USD,9146355389,https://images.financialmodelingprep.com/symbol/SUN.png,501693,2012-09-20,29.39,0.43,432367,1818000000,527000000,"[{'period': '2025', 'revenue': 25200.0, 'unit': 'M', 'net_profit': 527.0}, {'period': '2024', 'revenue': 22690.0, 'unit': 'M', 'net_profit': 716.0}, {'period': '2023', 'revenue': 23070.0, 'unit': 'M', 'net_profit': 311.0}, {'period': '2022', 'revenue': 25730.0, 'unit': 'M', 'net_profit': 397.0}]","[{'period': ""Q4 '25"", 'revenue': 8600.0, 'unit': 'M', 'net_profit': 97.0}, {'period': ""Q3 '25"", 'revenue': 6030.0, 'unit': 'M', 'net_profit': 88.0}, {'period': ""Q2 '25"", 'revenue': 5390.0, 'unit': 'M', 'net_profit': 45.0}, {'period': ""Q1 '25"", 'revenue': 5180.0, 'unit': 'M', 'net_profit': 166.0}, {'period': ""Q4 '24"", 'revenue': 5270.0, 'unit': 'M', 'net_profit': 103.0}, {'period': ""Q3 '24"", 'revenue': 5750.0, 'unit': 'M', 'net_profit': -35.0}]",3.68,3.66,28362000000,5516000000,891000000,20349000000,1972000000,1624000000,3997000000,891000000,615000000,0.7719298245614035,-0.2639664804469274,-0.39072847682119205,"[0.9317, 0.0285]","['2026-02-06', '2012-11-15']",__nan__,0.7174740850433678
71,SUP,Superior Industries International Inc. Common Stock (DE),"Superior Industries International, Inc. designs, manufactures, and sells aluminum wheels to the original equipment manufacturers and aftermarket distributors in North America and Europe. The company supplies aluminum wheels to the automobile and light truck manufacturers. It offers its products under the ATS, RIAL, ALUTEC, and ANZIO brand names. The company was founded in 1957 and is headquartered in Southfield, Michigan.",Majdi B. Abulaban,Auto - Parts,0.3249,USD,9576233,https://images.financialmodelingprep.com/symbol/SUP.png,1160930,1980-03-17,-0.07644705882352941,0.0188,577198,105133000,-78182000,"[{'period': '2024', 'revenue': 1270.0, 'unit': 'M', 'net_profit': -78.18}, {'period': '2023', 'revenue': 1390.0, 'unit': 'M', 'net_profit': -92.85}, {'period': '2022', 'revenue': 1640.0, 'unit': 'M', 'net_profit': 37.03}, {'period': '2021', 'revenue': 1380.0, 'unit': 'M', 'net_profit': 3.75}]","[{'period': ""Q3 '25"", 'revenue': 178.2, 'unit': 'M', 'net_profit': -84.99}, {'period': ""Q2 '25"", 'revenue': 207.9, 'unit': 'M', 'net_profit': -181.05}, {'period': ""Q1 '25"", 'revenue': 321.6, 'unit': 'M', 'net_profit': -12.93}, {'period': ""Q4 '24"", 'revenue': 310.34, 'unit': 'M', 'net_profit': -9.56}, {'period': ""Q3 '24"", 'revenue': 321.76, 'unit': 'M', 'net_profit': -24.75}, {'period': ""Q2 '24"", 'revenue': 318.97, 'unit': 'M', 'net_profit': -11.12}]",-4.25,-4.25,740129000,308761000,39710000,727402000,80877000,14736000,195926000,39710000,-9970000,1.742623848903034,0.1579933657864128,0.10147991543340389,"[0.09, 0.0146]","['2019-07-03', '1984-12-19']",__nan__,0.9828043489715982
72,SUPV,Grupo Supervielle S.A. American Depositary Shares each Representing five Class B shares,"Grupo Supervielle S.A., a financial services holding company, provides various banking products and services in Argentina. The company operates through Personal and Business Banking, Corporate Banking, Treasury and Finance, Capital Markets and Structuring, and Support Areas segments. It offers savings accounts, time and demand deposits, and checking accounts; various loan products, including personal, consumer, mortgage, unsecured, and car loans; overdrafts; loans with special facilities for project and working capital financing; and leasing, bank guarantees for tenants, salary advances, domestic and international factoring, international guarantees and letters of credit, payroll payment plans, credit cards, debit cards, and senior citizens benefit payment services, as well as financial services and investments, such as mutual funds and guarantees. The company also provides foreign trade and cash management; advisory services; treasury services; insurance products comprising personal accidents, protected bag, unemployment, total protection, and pets insurance policies; and asset management and other services, as well as operates as an online broker. As of December 31, 2021, it operates through a network of 298 access points, including 184 bank branches, 10 banking sales and collection centers, 79 points of sales, 20 Tarjeta Automática branches, and 5 Mila branches, as well as 450 ATMs, 230 self-service terminals, and 298 ATMs with biometric identification. The company was formerly known as Inversiones y Participaciones S.A. and changed its name to Grupo Supervielle S.A. in November 2008. Grupo Supervielle S.A. was founded in 1887 and is headquartered in Buenos Aires, Argentina.",Julio Patricio Supervielle,Banks - Regional,8.27,USD,724006983,https://images.financialmodelingprep.com/symbol/SUPV.png,1033077,2016-05-19,-20.67,-0.41,729218,-112717426000,-56601043000,"[{'period': '2025', 'revenue': 2330.0, 'unit': 'B', 'net_profit': -56.6}, {'period': '2024', 'revenue': 2040.0, 'unit': 'B', 'net_profit': 104.49}, {'period': '2023', 'revenue': 3020.0, 'unit': 'B', 'net_profit': 112.4}, {'period': '2022', 'revenue': 1960.0, 'unit': 'B', 'net_profit': -34.09}]","[{'period': ""Q4 '25"", 'revenue': 584.35, 'unit': 'B', 'net_profit': -19.71}, {'period': ""Q3 '25"", 'revenue': 114.31, 'unit': 'B', 'net_profit': -50.27}, {'period': ""Q2 '25"", 'revenue': 439.22, 'unit': 'B', 'net_profit': 13.6}, {'period': ""Q1 '25"", 'revenue': 349.15, 'unit': 'B', 'net_profit': 7.94}, {'period': ""Q4 '24"", 'revenue': 460.36, 'unit': 'B', 'net_profit': 14.69}, {'period': ""Q3 '24"", 'revenue': 356.75, 'unit': 'B', 'net_profit': 8.88}]",-652.95,-652.95,7788569194000,1598577696000,1598577696000,6780468020000,0,5702060020000,393261629000,1598577696000,-1130684437000,-1.5776734160794916,-1.5416711051457357,-1.4586611407698793,"[0.20204, 0.058]","['2025-05-19', '2017-05-18']",__nan__,0.8705665766214672
73,SUZ,Suzano S.A. American Depositary Shares (each representing One Ordinary Share),"Suzano S.A. produces and sells eucalyptus pulp and paper products in Brazil and internationally. It operates through Pulp and Paper segments. The company offers coated and uncoated printing and writing papers, paperboards, tissue papers, and market and fluff pulps; and lignin and its byproducts. It also engages in the research, development, and production of biofuel; operation of port terminals; power generation and distribution business; commercialization of equipment and parts; biotechnology research and development; and commercialization of paper and computer materials. In addition, the company is involved in the business office, production packaging, and financial fundraising activities; research, development, production, commercialization, and distribution of wood-based textile fibers, yarns, and filaments produced from cellulose and microfibrillated cellulose; and research and development of wood raw materials for the textile industry. Suzano S.A. was formerly known as Suzano Papel e Celulose S.A. and changed its name to Suzano S.A. in April 2019. The company was founded in 1924 and is headquartered in Salvador, Brazil.",João Alberto Fernandez de Abreu,"Paper, Lumber & Forest Products",9.61,USD,11877106373,https://images.financialmodelingprep.com/symbol/SUZ.png,3229932,2008-11-04,4.67,-0.01,3377152,22282021000,13144809000,"[{'period': '2025', 'revenue': 49.13, 'unit': 'B', 'net_profit': 13.14}, {'period': '2024', 'revenue': 47.4, 'unit': 'B', 'net_profit': -7.07}, {'period': '2023', 'revenue': 39.76, 'unit': 'B', 'net_profit': 14.08}, {'period': '2022', 'revenue': 49.83, 'unit': 'B', 'net_profit': 23.38}]","[{'period': ""Q4 '25"", 'revenue': 13310.0, 'unit': 'M', 'net_profit': 110.88}, {'period': ""Q3 '25"", 'revenue': 12.15, 'unit': 'B', 'net_profit': 1.95}, {'period': ""Q2 '25"", 'revenue': 13.3, 'unit': 'B', 'net_profit': 5.01}, {'period': ""Q1 '25"", 'revenue': 11.55, 'unit': 'B', 'net_profit': 6.34}, {'period': ""Q4 '24"", 'revenue': 14.18, 'unit': 'B', 'net_profit': -6.74}, {'period': ""Q3 '24"", 'revenue': 12.27, 'unit': 'B', 'net_profit': 3.22}]",10.63,10.63,167851241000,43845054000,25099924000,123921125000,8960400000,9942549000,13765959000,15172135000,5557349561,-0.05022531019713582,2.858134165880005,2.9016100178890873,"[0.18357, 0.0126]","['2025-12-22', '1994-09-12']",__nan__,0.7382794685444118
74,SWBK,Switchback II Corporation Class A Ordinary Shares,"Switchback II Corporation focuses on effecting a merger, amalgamation, share exchange, asset acquisition, share purchase, reorganization, or similar business combination with one or more businesses or entities. The company was founded in 2020 and is based in Dallas, Texas.",James Edward Mutrie III,Shell Companies,9.35,USD,0,https://images.financialmodelingprep.com/symbol/SWBK.png,730185,2022-01-31,0.0,1.18,3177033,-34583,-34583,"[{'period': '2020', 'revenue': 0.0, 'unit': 'K', 'net_profit': -34.58}]","[{'period': ""Q2 '21"", 'revenue': 0.0, 'unit': 'M', 'net_profit': 12.76}, {'period': ""Q1 '21"", 'revenue': 0.0, 'unit': 'M', 'net_profit': -15.05}, {'period': ""Q4 '20"", 'revenue': 0.0, 'unit': 'K', 'net_profit': -34.58}]",-0.0009,-0.0009,313667,0,0,323250,0,0,323250,0,,0.0,0.0,0.0,__nan__,__nan__,__nan__,1.0305515084468562
75,SWCH,Switch Inc. Class A Common Stock,"Switch, Inc., through its subsidiary, Switch, Ltd., provides colocation space and related services. It develops and operates data centers in Nevada, Michigan, and Georgia. The company serves technology and digital media companies, financial institutions, government agencies, and network and telecommunications providers, as well as cloud, IT, and software providers. Switch, Inc. was founded in 2000 and is headquartered in Las Vegas, Nevada.",Rob Roy,Information Technology Services,34.25,USD,0,https://images.financialmodelingprep.com/symbol/SWCH.png,2322910,2017-10-06,796.5116279069767,0.02,7548836,241419000,14751000,"[{'period': '2021', 'revenue': 592.04, 'unit': 'M', 'net_profit': 14.75}, {'period': '2020', 'revenue': 511.55, 'unit': 'M', 'net_profit': 15.54}, {'period': '2019', 'revenue': 462.31, 'unit': 'M', 'net_profit': 8.92}, {'period': '2018', 'revenue': 405.86, 'unit': 'M', 'net_profit': 4.05}]","[{'period': ""Q3 '22"", 'revenue': 174470.0, 'unit': '', 'net_profit': -232.0}, {'period': ""Q2 '22"", 'revenue': 100.0, 'unit': 'K', 'net_profit': 226.0}, {'period': ""Q1 '22"", 'revenue': 164.61, 'unit': 'M', 'net_profit': 23.93}, {'period': ""Q4 '21"", 'revenue': 161.38, 'unit': 'M', 'net_profit': -18.46}, {'period': ""Q3 '21"", 'revenue': 158100.0, 'unit': 'K', 'net_profit': -369.0}, {'period': ""Q2 '21"", 'revenue': 141.69, 'unit': 'M', 'net_profit': 4.36}]",0.0996,0.0606,2918618000,83472000,48325000,2299977000,18368000,0,168586000,48325000,-197670000,0.11390051353508696,-0.05071111397129802,-0.2885714285714287,"[0.052, 0.014]","['2022-11-18', '2017-12-16']",__nan__,0.7880363240410359
76,SWI,SolarWinds Corporation Common Stock,"SolarWinds Corporation provides information technology (IT) management software products in the United States and internationally. The company offers a portfolio of solutions to technology professionals for monitoring, managing, and optimizing networks, systems, desktops, applications, storage, databases, website infrastructures, and IT service desks. It provides a suite of network management software that offers real-time visibility into network utilization and bandwidth, as well as the ability to detect, diagnose, and resolve network performance problems; and a suite of infrastructure management products, which monitor and analyze the performance of applications and their supporting infrastructure, including websites, servers, physical, virtual and cloud infrastructure, storage, and databases. The company also provides a suite of application performance management software that enable visibility into log data, cloud infrastructure metrics, applications, tracing, and web performance management; and service management software that offers ITIL-compliant service desk solutions for various companies. It markets and sells its products directly to network and systems engineers, database administrators, storage administrators, DevOps, SecOps, and service desk professionals. The company was formerly known as SolarWinds Parent, Inc. and changed its name to SolarWinds Corporation in May 2018. SolarWinds Corporation was founded in 1999 and is headquartered in Austin, Texas.",Sudhakar Ramakrishna,Software - Infrastructure,18.49,USD,3201210680,https://images.financialmodelingprep.com/symbol/SWI.png,1730943,2018-10-19,28.890625,0.0,4299213,208419000,111903000,"[{'period': '2024', 'revenue': 796.89, 'unit': 'M', 'net_profit': 111.9}, {'period': '2023', 'revenue': 758.74, 'unit': 'M', 'net_profit': -9.11}, {'period': '2022', 'revenue': 719.37, 'unit': 'M', 'net_profit': -929.41}, {'period': '2021', 'revenue': 718.63, 'unit': 'M', 'net_profit': -64.47}]","[{'period': ""Q4 '24"", 'revenue': 210.31, 'unit': 'M', 'net_profit': 72.67}, {'period': ""Q3 '24"", 'revenue': 200.03, 'unit': 'M', 'net_profit': 12.57}, {'period': ""Q2 '24"", 'revenue': 193.25, 'unit': 'M', 'net_profit': 11.1}, {'period': ""Q1 '24"", 'revenue': 193.31, 'unit': 'M', 'net_profit': 15.56}, {'period': ""Q4 '23"", 'revenue': 198140.0, 'unit': 'K', 'net_profit': -576.0}, {'period': ""Q3 '23"", 'revenue': 189.59, 'unit': 'M', 'net_profit': -3.17}]",0.66,0.64,3168288000,403506000,259323000,1767574000,115244000,0,475262000,251850000,182687000,-0.1023580334646941,13.284883082665496,12.93490054249548,"[1, 1.5]","['2024-04-02', '2021-08-06']",__nan__,0.5578956206001474
77,SWK,Stanley Black & Decker Inc. Common Stock,"Stanley Black & Decker, Inc. engages in the tools and storage and industrial businesses in the United States, Canada, rest of Americas, France, rest of Europe, and Asia. Its Tools & Storage segment offers professional products, including professional grade corded and cordless electric power tools and equipment, and pneumatic tools and fasteners; and consumer products, such as corded and cordless electric power tools primarily under the BLACK+DECKER brand, as well as corded and cordless lawn and garden products and related accessories; home products; and hand tools, power tool accessories, and storage products. This segment sells its products through retailers, distributors, dealers, and a direct sales force to professional end users, distributors, dealers, retail consumers, and industrial customers in various industries. The company's Industrial segment provides engineered fastening systems and products to customers in the automotive, manufacturing, electronics, construction, aerospace, and other industries; sells and rents custom pipe handling, joint welding, and coating equipment for use in the construction of large and small diameter pipelines, as well as provides pipeline inspection services; and sells hydraulic tools and performance-driven heavy equipment attachment tools. This segment serves oil and natural gas pipeline industry and other industrial customers. It also sells automatic doors to commercial customers. The company was formerly known as The Stanley Works and changed its name to Stanley Black & Decker, Inc. in March 2010. Stanley Black & Decker, Inc. was founded in 1843 and is headquartered in New Britain, Connecticut.",Christopher John Nelson,Manufacturing - Tools & Accessories,68.82,USD,10672536780,https://images.financialmodelingprep.com/symbol/SWK.png,1823530,1980-03-17,25.97,-1.99,1245880,1271399999,401900000,"[{'period': '2025', 'revenue': 15130.0, 'unit': 'M', 'net_profit': 401.9}, {'period': '2024', 'revenue': 15370.0, 'unit': 'M', 'net_profit': 286.3}, {'period': '2023', 'revenue': 15780.0, 'unit': 'M', 'net_profit': -281.7}, {'period': '2022', 'revenue': 16950.0, 'unit': 'M', 'net_profit': -133.7}]","[{'period': ""Q4 '25"", 'revenue': 3680.0, 'unit': 'M', 'net_profit': 158.2}, {'period': ""Q3 '25"", 'revenue': 3760.0, 'unit': 'M', 'net_profit': 51.4}, {'period': ""Q2 '25"", 'revenue': 3950.0, 'unit': 'M', 'net_profit': 101.9}, {'period': ""Q1 '25"", 'revenue': 3740.0, 'unit': 'M', 'net_profit': 90.4}, {'period': ""Q4 '24"", 'revenue': 3720.0, 'unit': 'M', 'net_profit': 194.9}, {'period': ""Q3 '24"", 'revenue': 3750.0, 'unit': 'M', 'net_profit': 91.1}]",2.65,2.65,21243700000,5979000000,280100000,12189100000,919700000,0,5245700000,280100000,687900000,-0.03907490061219863,0.4037722668529514,0.3520408163265306,"[0.83, 0.26]","['2026-03-10', '1985-09-03']",__nan__,0.5737748132387485
78,SWM,Schweitzer-Mauduit International Inc. Common Stock,"Schweitzer-Mauduit International, Inc., together with its subsidiaries, provides engineered solutions and advanced materials for various industries worldwide. It operates through two segments, Advanced Materials & Structures and Engineered Papers. The Advanced Materials & Structures segment manufactures and sells resin-based rolled goods, such as nets, films and meltblown materials, bonding products, and adhesive components, as well as offers other coating solutions and converting services for healthcare, construction, industrial, transportation and filtration end-markets. The Engineered Papers segment provides low ignition propensity cigarette papers that are designed to self-extinguish when not actively being smoked; reconstituted tobacco leaf, and wrapper and binder products use in machine-made cigars; alkaline battery separator papers; and commodity paper grades for printing and writing, flooring laminates, and food service packaging. It also offers Botani, a hemp and botanical solution, which includes hemp wraps, fillers, and rolling/pre-roll papers for the natural fibers industry. The company was incorporated in 1995 and is headquartered in Alpharetta, Georgia.",Jeffrey Kramer,"Paper, Lumber & Forest Products",23.41,USD,1286971773,https://images.financialmodelingprep.com/symbol/SWM.png,374825,1995-11-09,10.788018433179724,-1.55,1274802,-250900000,-337400000,"[{'period': '2025', 'revenue': 1990.0, 'unit': 'M', 'net_profit': -337.4}, {'period': '2024', 'revenue': 1980.0, 'unit': 'M', 'net_profit': -48.7}, {'period': '2021', 'revenue': 1440.0, 'unit': 'M', 'net_profit': 82.5}, {'period': '2020', 'revenue': 1070.0, 'unit': 'M', 'net_profit': 83.8}]","[{'period': ""Q4 '25"", 'revenue': 463.1, 'unit': 'M', 'net_profit': 100.8}, {'period': ""Q3 '25"", 'revenue': 513.7, 'unit': 'M', 'net_profit': -3.2}, {'period': ""Q2 '25"", 'revenue': 525.4, 'unit': 'M', 'net_profit': -9.5}, {'period': ""Q1 '25"", 'revenue': 484.8, 'unit': 'M', 'net_profit': -425.5}, {'period': ""Q4 '24"", 'revenue': 800.3, 'unit': 'M', 'net_profit': -113.4}, {'period': ""Q1 '22"", 'revenue': 406800.0, 'unit': 'K', 'net_profit': -500.0}]",-6.19,-6.19,2051600000,638600000,84200000,1552900000,180900000,0,285300000,84200000,133800000,-40.82539682539682,-5.9281314168377826,-5.877777777777777,"[0.4, 0.15]","['2022-08-18', '1996-05-09']",__nan__,0.7569214271787873
79,SWN,Southwestern Energy Company Common Stock,"Southwestern Energy Company, an independent energy company, engages in the exploration, development, and production of natural gas, oil, and natural gas liquids (NGLs) in the United States. It operates through two segments, Exploration and Production, and Marketing. The company focuses on the development of unconventional natural gas and oil reservoirs located in Pennsylvania, West Virginia, Ohio, and Louisiana. As of December 31, 2021, it had approximately 768,050 net acres in Appalachia; a total of 1,527 wells on production; and approximately proved natural gas, oil, and NGLs reserves comprise 21,148 billion cubic feet of natural gas equivalent (Bcfe). It also engages in the marketing and transportation of natural gas, oil, and NGLs. The company serves LNG exporters, energy companies, utilities, and industrial purchasers of natural gas. Southwestern Energy Company was incorporated in 1929 and is headquartered in Spring, Texas.",William J. Way,Oil & Gas Exploration & Production,7.11,USD,7842187572,https://images.financialmodelingprep.com/symbol/SWN.png,23478764,1980-03-17,-2.844,-0.04,39859353,2749000000,1557000000,"[{'period': '2023', 'revenue': 6.52, 'unit': 'B', 'net_profit': 1.56}, {'period': '2022', 'revenue': 15.0, 'unit': 'B', 'net_profit': 1.85}, {'period': '2021', 'revenue': 6670.0, 'unit': 'M', 'net_profit': -166.0}, {'period': '2020', 'revenue': 2.31, 'unit': 'B', 'net_profit': -3.11}]","[{'period': ""Q2 '24"", 'revenue': 1080.0, 'unit': 'M', 'net_profit': -608.0}, {'period': ""Q1 '24"", 'revenue': 1.42, 'unit': 'B', 'net_profit': -1.53}, {'period': ""Q4 '23"", 'revenue': 1690.0, 'unit': 'M', 'net_profit': -658.0}, {'period': ""Q3 '23"", 'revenue': 890.0, 'unit': 'M', 'net_profit': 45.0}, {'period': ""Q2 '23"", 'revenue': 1270.0, 'unit': 'M', 'net_profit': 231.0}, {'period': ""Q1 '23"", 'revenue': 2.12, 'unit': 'B', 'net_profit': 1.94}]",1.41,1.41,11991000000,1415000000,21000000,6103000000,680000000,175000000,1729000000,21000000,346000000,-0.15623081645181092,-0.15792320173066524,-0.15060240963855423,"[0.06, 0.2619]","['2000-04-18', '1985-01-14']",__nan__,0.508965057126178
80,SWT,Stanley Black & Decker Inc. Corporate Unit,,None,Manufacturing - Tools & Accessories,51.06,USD,0,https://images.financialmodelingprep.com/symbol/SWT.png,119504,2019-11-14,0.0,-1.51,734427,934199999,417900000,"[{'period': '2025', 'revenue': 15130.0, 'unit': 'M', 'net_profit': 417.9}, {'period': '2024', 'revenue': 15370.0, 'unit': 'M', 'net_profit': 294.3}, {'period': '2021', 'revenue': 15.62, 'unit': 'B', 'net_profit': 1.58}, {'period': '2020', 'revenue': 14.53, 'unit': 'B', 'net_profit': 1.23}]","[{'period': ""Q3 '25"", 'revenue': 3760.0, 'unit': 'M', 'net_profit': 51.4}, {'period': ""Q2 '25"", 'revenue': 3950.0, 'unit': 'M', 'net_profit': 26.7}, {'period': ""Q4 '24"", 'revenue': 2640.0, 'unit': 'M', 'net_profit': -74.9}, {'period': ""Q3 '24"", 'revenue': 3750.0, 'unit': 'M', 'net_profit': 89.5}, {'period': ""Q2 '24"", 'revenue': 4019.9999999999995, 'unit': 'M', 'net_profit': -22.1}, {'period': ""Q2 '23"", 'revenue': 4160.0, 'unit': 'M', 'net_profit': 177.0}]",2.65,2.65,1536300000,262200000,0,53600000,94200000,0,0,0,0,2.263010824310164,0.4199796126401631,0.49717514124293777,"[1.313, 1.342]","['2022-11-10', '2020-02-13']",__nan__,0.034889019071795875
81,SWX,Southwest Gas Holdings Inc. Common Stock (DE),"Southwest Gas Holdings, Inc., through its subsidiaries, distributes and transports natural gas in Arizona, Nevada, and California. The company operates through Natural Gas Distribution, Utility Infrastructure Services, and Pipeline and Storage segments. It also provides trenching, installation, and replacement of underground pipes, as well as maintenance services for energy distribution systems. As of December 31, 2021, it had 2,159,000 residential, commercial, industrial, and other natural gas customers. Southwest Gas Holdings, Inc. was incorporated in 1931 and is headquartered in Las Vegas, Nevada.",Karen S. Haller,Regulated Gas,86.71,USD,6266453661,https://images.financialmodelingprep.com/symbol/SWX.png,653664,1972-06-01,26.68,0.14,331278,864678000,439826000,"[{'period': '2025', 'revenue': 1940.0, 'unit': 'M', 'net_profit': 439.83}, {'period': '2024', 'revenue': 5110.0, 'unit': 'M', 'net_profit': 198.81}, {'period': '2023', 'revenue': 5430.0, 'unit': 'M', 'net_profit': 150.89}, {'period': '2022', 'revenue': 4960.0, 'unit': 'M', 'net_profit': -203.29}]","[{'period': ""Q4 '25"", 'revenue': 480.74, 'unit': 'M', 'net_profit': 68.36}, {'period': ""Q3 '25"", 'revenue': 316.91, 'unit': 'M', 'net_profit': 270.48}, {'period': ""Q2 '25"", 'revenue': 1120.0, 'unit': 'M', 'net_profit': -12.88}, {'period': ""Q1 '25"", 'revenue': 1300.0, 'unit': 'M', 'net_profit': 113.87}, {'period': ""Q4 '24"", 'revenue': 1270.0, 'unit': 'M', 'net_profit': 92.46}, {'period': ""Q3 '24"", 'revenue': 359130.0, 'unit': 'K', 'net_profit': 289.0}]",6.09,6.08,10429477000,1186878000,576645000,6468358000,281812000,0,929898000,576645000,-251790000,-0.11476598084111145,1.2122375072303397,1.1985559566787003,"[0.62, 0.3]","['2026-02-17', '1985-02-05']",__nan__,0.6201996514302682
82,SWZ,Swiss Helvetia Fund Inc. (The) Common Stock,"Swiss Helvetia Fund is a non-diversified, closed-end investment company whose objective is to seek long-term capital appreciation through investment in equity and equity-linked securities of Swiss companies. The Fund also may acquire and hold equity and equity-linked securities of non-Swiss companies in limited instances.",Frederick Skillin,Asset Management,5.89,USD,76416271,https://images.financialmodelingprep.com/symbol/SWZ.png,123823,1987-08-19,4.3,-0.035,66772,17909926,17909926,"[{'period': '2025', 'revenue': 46.05, 'unit': 'M', 'net_profit': 17.91}, {'period': '2024', 'revenue': 3.34, 'unit': 'M', 'net_profit': -3.74}, {'period': '2023', 'revenue': 2.94, 'unit': 'M', 'net_profit': 18.83}, {'period': '2022', 'revenue': -26.23, 'unit': 'M', 'net_profit': -27.4}]","[{'period': ""Q4 '25"", 'revenue': 4019.9999999999995, 'unit': 'K', 'net_profit': 618.49}, {'period': ""Q2 '25"", 'revenue': 42.03, 'unit': 'M', 'net_profit': 17.29}, {'period': ""Q4 '24"", 'revenue': 5.65, 'unit': 'M', 'net_profit': -4.82}, {'period': ""Q2 '24"", 'revenue': -2.31, 'unit': 'M', 'net_profit': 1.08}, {'period': ""Q4 '23"", 'revenue': 0.1721, 'unit': 'M', 'net_profit': 4.04}, {'period': ""Q2 '23"", 'revenue': 2.77, 'unit': 'M', 'net_profit': 14.8}]",1.37,1.37,117810654,48929341,47708275,494659,1221066,68869917,0,378578,2192910,5.787268006323176,5.787268006323176,5.724137931034484,"[3, 0.005]","['2025-04-15', '1988-09-15']",__nan__,0.004198762872498781
83,SXC,SunCoke Energy Inc. Common Stock,"SunCoke Energy, Inc. operates as an independent producer of coke in the Americas and Brazil. The company operates through three segments: Domestic Coke, Brazil Coke, and Logistics. It offers metallurgical and thermal coal. The company also provides handling and/or mixing services to steel, coke, electric utility, coal producing, and other manufacturing based customers. In addition, it owns and operates five cokemaking facilities in the United States and one cokemaking facility in Brazil. SunCoke Energy, Inc. was founded in 1960 and is headquartered in Lisle, Illinois.",Katherine T. Gates,Coal,6.64,USD,562178980,https://images.financialmodelingprep.com/symbol/SXC.png,1728754,2011-07-21,-12.77,0.02,1250752,109200000,-44200000,"[{'period': '2025', 'revenue': 1840.0, 'unit': 'M', 'net_profit': -44.2}, {'period': '2024', 'revenue': 1940.0, 'unit': 'M', 'net_profit': 95.9}, {'period': '2023', 'revenue': 2060.0, 'unit': 'M', 'net_profit': 57.5}, {'period': '2022', 'revenue': 1970.0, 'unit': 'M', 'net_profit': 100.7}]","[{'period': ""Q4 '25"", 'revenue': 480.2, 'unit': 'M', 'net_profit': -85.6}, {'period': ""Q3 '25"", 'revenue': 487.0, 'unit': 'M', 'net_profit': 22.2}, {'period': ""Q2 '25"", 'revenue': 434.1, 'unit': 'M', 'net_profit': 1.9}, {'period': ""Q1 '25"", 'revenue': 436.0, 'unit': 'M', 'net_profit': 17.3}, {'period': ""Q4 '24"", 'revenue': 486.0, 'unit': 'M', 'net_profit': 23.7}, {'period': ""Q3 '24"", 'revenue': 490.1, 'unit': 'M', 'net_profit': 30.7}]",-0.52,-0.52,1789900000,463000000,88700000,1161200000,135600000,0,219500000,88700000,42300000,-0.5967503692762186,-1.4608967674661106,-1.4601769911504425,"[0.12, 0.0585]","['2026-02-17', '2014-11-12']",__nan__,0.6487513268897703
84,SXI,Standex International Corporation Common Stock,"Standex International Corporation, together with subsidiaries, manufactures and sells various products and services for commercial and industrial markets in the United States and internationally. It operates through five segments: Electronics, Engraving, Scientific, Engineering Technologies, and Specialty Solutions. The Electronics segment offers reed relays, fluid level, proximity, motion, flow, HVAC condensate, and custom electronics sensors; and current sense and advanced planar transformer technologies, value added assemblies, and mechanical packaging, as well as custom wound transformers and inductors for low and high frequency applications. The Engraving segment provides mold texturizing, slush molding tools, roll engraving, hygiene product tooling, and low observation vents, as well as project management and design services for stealth aircraft; and process machinery for various industries. The Scientific segment offers temperature controlled equipment for the medical, scientific, pharmaceutical, biotech, and industrial markets. The Engineering Technologies segment offers net and near net formed single-source customized solutions that are used in the manufacture of engineered components for the aviation, aerospace, defense, energy, industrial, medical, marine, oil and gas, and manned and unmanned space markets. The Specialty Solutions segment manufactures and sells refrigerated, heated and dry merchandizing display cases, custom fluid pump solutions, single and double acting telescopic, and piston rod hydraulic cylinders. Standex International Corporation was founded in 1955 and is headquartered in Salem, New Hampshire.",David A. Dunbar,Industrial - Machinery,250.64,USD,3037430968,https://images.financialmodelingprep.com/symbol/SXI.png,156674,1969-11-06,56.2,-4.88001,133383,128179000,55760000,"[{'period': '2025', 'revenue': 790.11, 'unit': 'M', 'net_profit': 55.76}, {'period': '2024', 'revenue': 720.63, 'unit': 'M', 'net_profit': 73.07}, {'period': '2023', 'revenue': 741.05, 'unit': 'M', 'net_profit': 138.99}, {'period': '2022', 'revenue': 735.34, 'unit': 'M', 'net_profit': 61.39}]","[{'period': ""Q2 '26"", 'revenue': 221.32, 'unit': 'M', 'net_profit': 2.12}, {'period': ""Q1 '26"", 'revenue': 217.43, 'unit': 'M', 'net_profit': 15.06}, {'period': ""Q4 '25"", 'revenue': 222.05, 'unit': 'M', 'net_profit': 14.83}, {'period': ""Q3 '25"", 'revenue': 207.78, 'unit': 'M', 'net_profit': 21.88}, {'period': ""Q2 '25"", 'revenue': 189810.0, 'unit': 'K', 'net_profit': 857.0}, {'period': ""Q1 '25"", 'revenue': 170.46, 'unit': 'M', 'net_profit': 18.2}]",4.68,4.64,1566880000,480879000,104542000,827290000,172702000,5000000,166975000,104542000,41253000,0.05131107338238068,-0.23693789856857433,-0.24637681159420294,"[0.34, 0.26]","['2026-02-13', '1985-02-05']",__nan__,0.5279855509037067
85,SXT,Sensient Technologies Corporation Common Stock,"Sensient Technologies Corporation, together with its subsidiaries, develops, manufactures, and markets colors, flavors, and other specialty ingredients in North America, Europe, the Asia Pacific, and internationally. It operates through three segments: Flavors & Extracts Group, Color Group, and Asia Pacific Group. The company offers flavor-delivery systems, and compounded and blended products; ingredient products, such as essential oils, natural and synthetic flavors, and natural extracts; and chili powder, paprika, and chili pepper, as well as dehydrated vegetables comprising parsley, celery, and spinach to the food, beverage, personal care, and household-products industries. It also provides natural and synthetic color systems for use in foods, beverages, pharmaceuticals, and nutraceuticals; colors and other ingredients for cosmetics, such as active ingredients, solubilizers, and surface treated pigments; pharmaceutical and nutraceutical excipients, including colors, flavors, coatings, and nutraceutical ingredients; and technical colors for industrial applications under the Sensient Food Colors, Sensient Pharmaceutical Coating Systems, Sensient Cosmetic Technologies, and Sensient Industrial Colors trade names. The company was incorporated in 1882 and is headquartered in Milwaukee, Wisconsin.",Paul Manning,Chemicals - Specialty,86.66,USD,3683630622,https://images.financialmodelingprep.com/symbol/SXT.png,293249,1980-03-17,27.42,-0.34,191259,268226000,134489000,"[{'period': '2025', 'revenue': 1610.0, 'unit': 'M', 'net_profit': 134.49}, {'period': '2024', 'revenue': 1560.0, 'unit': 'M', 'net_profit': 124.67}, {'period': '2023', 'revenue': 1460.0, 'unit': 'M', 'net_profit': 93.39}, {'period': '2022', 'revenue': 1440.0, 'unit': 'M', 'net_profit': 140.89}]","[{'period': ""Q4 '25"", 'revenue': 393.45, 'unit': 'M', 'net_profit': 25.48}, {'period': ""Q3 '25"", 'revenue': 412.11, 'unit': 'M', 'net_profit': 36.96}, {'period': ""Q2 '25"", 'revenue': 414.23, 'unit': 'M', 'net_profit': 37.59}, {'period': ""Q1 '25"", 'revenue': 392.32, 'unit': 'M', 'net_profit': 34.46}, {'period': ""Q4 '24"", 'revenue': 376.42, 'unit': 'M', 'net_profit': 30.1}, {'period': ""Q3 '24"", 'revenue': 392.61, 'unit': 'M', 'net_profit': 32.69}]",3.18,3.16,2244137000,1081448000,36533000,1050623000,305380000,0,263583000,36533000,38417000,0.06477761722533623,0.07879453900823,0.0743243243243244,"[0.41, 0.243]","['2026-02-03', '1985-02-08']",__nan__,0.46816348556260157
86,SYF,Synchrony Financial Common Stock,"Synchrony Financial, together with its subsidiaries, operates as a consumer financial services company in the United States. It provides credit products, such as credit cards, commercial credit products, and consumer installment loans. The company also offers private label credit cards, dual cards, co-brand and general purpose credit cards, short- and long-term installment loans, and consumer banking products; and deposit products, including certificates of deposit, individual retirement accounts, money market accounts, and savings accounts to retail and commercial customers, as well as accepts deposits through third-party securities brokerage firms. In addition, it provides debt cancellation products to its credit card customers through online, mobile, and direct mail; healthcare payments and financing solutions under the CareCredit, Pets Best, and Walgreens brands; payments and financing solutions in the apparel, specialty retail, outdoor, music, and luxury industries; and point-of-sale consumer financing for audiology products and dental services. The company offers its credit products through programs established with a group of national and regional retailers, local merchants, manufacturers, buying groups, industry associations, and healthcare service providers; and deposit products through various channels, such as digital and print. It serves digital, health and wellness, retail, home, auto, powersports, jewelry, pets, and other industries. Synchrony Financial was founded in 1932 and is headquartered in Stamford, Connecticut.",Brian D. Doubles,Financial - Credit Services,65.36,USD,23540783096,https://images.financialmodelingprep.com/symbol/SYF.png,4612498,2014-07-31,7.04,-1.44,2843375,5135000000,3552000000,"[{'period': '2025', 'revenue': 19.12, 'unit': 'B', 'net_profit': 3.55}, {'period': '2024', 'revenue': 20.76, 'unit': 'B', 'net_profit': 3.5}, {'period': '2023', 'revenue': 17.34, 'unit': 'B', 'net_profit': 2.24}, {'period': '2022', 'revenue': 13.2, 'unit': 'B', 'net_profit': 3.02}]","[{'period': ""Q4 '25"", 'revenue': 4770.0, 'unit': 'M', 'net_profit': 751.0}, {'period': ""Q3 '25"", 'revenue': 4.83, 'unit': 'B', 'net_profit': 1.08}, {'period': ""Q2 '25"", 'revenue': 4710.0, 'unit': 'M', 'net_profit': 967.0}, {'period': ""Q1 '25"", 'revenue': 4800.0, 'unit': 'M', 'net_profit': 757.0}, {'period': ""Q4 '24"", 'revenue': 4920.0, 'unit': 'M', 'net_profit': 774.0}, {'period': ""Q3 '24"", 'revenue': 4990.0, 'unit': 'M', 'net_profit': 789.0}]",9.35,9.29,119095000000,17321000000,17321000000,102329000000,0,93366000000,81144000000,14973000000,9851000000,0.02006356773937227,0.015147184909974278,0.08217592592592582,"[0.3, 0.13]","['2026-02-06', '2016-08-10']",__nan__,0.8592216297913431
87,SYK,Stryker Corporation Common Stock,"Stryker Corporation operates as a medical technology company. The company operates through two segments, MedSurg and Neurotechnology, and Orthopaedics and Spine. The Orthopaedics and Spine segment provides implants for use in hip and knee joint replacements, and trauma and extremities surgeries. This segment also offers spinal implant products comprising cervical, thoracolumbar, and interbody systems that are used in spinal injury, deformity, and degenerative therapies. The MedSurg and Neurotechnology segment offers surgical equipment and surgical navigation systems, endoscopic and communications systems, patient handling, emergency medical equipment and intensive care disposable products, reprocessed and remanufactured medical devices, and other medical device products that are used in various medical specialties. This segment also provides neurotechnology products, which include products used for minimally invasive endovascular techniques; products for brain and open skull based surgical procedures; orthobiologic and biosurgery products, such as synthetic bone grafts and vertebral augmentation products; minimally invasive products for the treatment of acute ischemic and hemorrhagic stroke; and craniomaxillofacial implant products, including cranial, maxillofacial, and chest wall devices, as well as dural substitutes and sealants. The company sells its products to doctors, hospitals, and other healthcare facilities through company-owned subsidiaries and branches, as well as third-party dealers and distributors in approximately 75 countries. Stryker Corporation was founded in 1941 and is headquartered in Kalamazoo, Michigan.",Kevin A. Lobo,Medical - Devices,327.44,USD,125307686160,https://images.financialmodelingprep.com/symbol/SYK.png,2012493,1980-03-17,38.89,-5.15,1404424,6314000000,3246000000,"[{'period': '2025', 'revenue': 25.12, 'unit': 'B', 'net_profit': 3.25}, {'period': '2024', 'revenue': 22.59, 'unit': 'B', 'net_profit': 2.99}, {'period': '2023', 'revenue': 20.5, 'unit': 'B', 'net_profit': 3.17}, {'period': '2022', 'revenue': 18.45, 'unit': 'B', 'net_profit': 2.36}]","[{'period': ""Q4 '25"", 'revenue': 7170.0, 'unit': 'M', 'net_profit': 849.0}, {'period': ""Q3 '25"", 'revenue': 6060.0, 'unit': 'M', 'net_profit': 859.0}, {'period': ""Q2 '25"", 'revenue': 6020.0, 'unit': 'M', 'net_profit': 884.0}, {'period': ""Q1 '25"", 'revenue': 5870.0, 'unit': 'M', 'net_profit': 654.0}, {'period': ""Q4 '24"", 'revenue': 6440.0, 'unit': 'M', 'net_profit': 546.0}, {'period': ""Q3 '24"", 'revenue': 5490.0, 'unit': 'M', 'net_profit': 834.0}]",8.49,8.4,47844000000,14755000000,4100000000,25424000000,4039000000,0,7794000000,4011000000,4283000000,0.27865532604293236,0.0845305713331106,0.08015267175572517,"[0.88, 0.012]","['2026-03-31', '1991-12-24']",__nan__,0.5313936961792493
88,SYX,Systemax Inc. Common Stock,"Systemax Inc., through its subsidiaries, operates as a direct marketer of brand name and private label industrial and business equipment and supplies in North America. It sells a range of maintenance, repair, and operation products, including storage and shelving, material handling, janitorial and maintenance products, furniture and office products, workbenches and shop desks, HVAC/R and fans, safety and security products, outdoor and grounds maintenance products, tools and instruments, and office and school supplies. The company also sells plumbing products and pumps, packaging products and supplies, electrical and lighting products, food service products and appliances, raw materials and building supplies, motors and power transmission, pneumatics and hydraulics, medical and laboratory equipment, metalworking and cutting tools, vehicle maintenance products, and fasteners and hardware. It offers its products under the Global, GlobalIndustrial.com, Nexel Paramount, and Interion brand names. The company offers its products to for-profit businesses, educational organizations, and government entities through its relationship marketers, catalog mailings, and e-commerce sites. Systemax Inc. was founded in 1949 and is headquartered in Port Washington, New York.",Barry Litwin,Industrial - Distribution,35.16,USD,1334902140,https://images.financialmodelingprep.com/symbol/SYX.png,76573,1995-06-27,0.0,1.2,213269,105300000,72100000,"[{'period': '2025', 'revenue': 1380.0, 'unit': 'M', 'net_profit': 72.1}, {'period': '2024', 'revenue': 1320.0, 'unit': 'M', 'net_profit': 61.0}, {'period': '2020', 'revenue': 1030.0, 'unit': 'M', 'net_profit': 65.4}, {'period': '2019', 'revenue': 946.9, 'unit': 'M', 'net_profit': 48.5}]","[{'period': ""Q4 '25"", 'revenue': 345.6, 'unit': 'M', 'net_profit': 14.6}, {'period': ""Q3 '25"", 'revenue': 353.6, 'unit': 'M', 'net_profit': 18.8}, {'period': ""Q2 '25"", 'revenue': 358.9, 'unit': 'M', 'net_profit': 25.1}, {'period': ""Q1 '25"", 'revenue': 321.0, 'unit': 'M', 'net_profit': 13.6}, {'period': ""Q4 '24"", 'revenue': 518.9, 'unit': 'M', 'net_profit': 17.8}, {'period': ""Q3 '24"", 'revenue': 342.4, 'unit': 'M', 'net_profit': 16.8}]",1.86,1.85,580800000,396500000,67500000,266000000,139600000,0,178500000,67500000,74600000,0.30807453416149067,0.1819672131147541,0.16981132075471697,"[0.16, 1]","['2021-05-14', '2007-03-29']",__nan__,0.45798898071625344
89,SYY,Sysco Corporation Common Stock,"Sysco Corporation, through its subsidiaries, engages in the marketing and distribution of various food and related products primarily to the foodservice or food-away-from-home industry in the United States, Canada, the United Kingdom, France, and internationally. It operates through U.S. Foodservice Operations, International Foodservice Operations, SYGMA, and Other segments. The company distributes frozen foods, such as meats, seafood, fully prepared entrées, fruits, vegetables, and desserts; canned and dry foods; fresh meats and seafood; dairy products; beverage products; imported specialties; and fresh produce. It also supplies various non-food items, including paper products comprising disposable napkins, plates, and cups; tableware consisting of China and silverware; cookware, which include pots, pans, and utensils; restaurant and kitchen equipment and supplies; and cleaning supplies. The company serves restaurants, hospitals and nursing homes, schools and colleges, hotels and motels, industrial caterers, and other foodservice venues. As of August 27, 2021, it operated 343 distribution facilities. Sysco Corporation was incorporated in 1969 and is headquartered in Houston, Texas.",Kevin Hourican,Food Distribution,81.8,USD,39176527088,https://images.financialmodelingprep.com/symbol/SYY.png,3704059,1973-05-08,22.05,-0.84,1724908,4136000000,1828000000,"[{'period': '2025', 'revenue': 81.37, 'unit': 'B', 'net_profit': 1.83}, {'period': '2024', 'revenue': 78.84, 'unit': 'B', 'net_profit': 1.96}, {'period': '2023', 'revenue': 76.33, 'unit': 'B', 'net_profit': 1.77}, {'period': '2022', 'revenue': 68.64, 'unit': 'B', 'net_profit': 1.36}]","[{'period': ""Q2 '26"", 'revenue': 20760.0, 'unit': 'M', 'net_profit': 389.0}, {'period': ""Q1 '26"", 'revenue': 21150.0, 'unit': 'M', 'net_profit': 476.0}, {'period': ""Q4 '25"", 'revenue': 21140.0, 'unit': 'M', 'net_profit': 531.0}, {'period': ""Q3 '25"", 'revenue': 19600.0, 'unit': 'M', 'net_profit': 401.0}, {'period': ""Q2 '25"", 'revenue': 20150.0, 'unit': 'M', 'net_profit': 406.0}, {'period': ""Q1 '25"", 'revenue': 20480.0, 'unit': 'M', 'net_profit': 490.0}]",3.74,3.73,26774000000,11968000000,1071000000,24917000000,5506000000,363000000,9916000000,1071000000,1781000000,-0.0079155672823219,-0.0649616368286445,-0.04102564102564095,"[0.54, 0.07]","['2026-04-02', '1987-07-27']",__nan__,0.9306416672891611
90,SZC,Cushing NextGen Infrastructure Income Fund Common Shares of Beneficial Interest,"NXG NextGen Infrastructure Income Fund is a closed ended equity mutual fund launched and managed by Cushing MLP Asset Management, LP. The fund invests in stocks of companies across the energy supply chain spectrum, including upstream, midstream and downstream energy companies, as well as oil and gas services and logistics companies, energy-intensive chemical, metal and industrial and manufacturing companies and engineering and construction companies. NXG NextGen Infrastructure Income Fund was formed in 2012 and is domiciled in the United States.",Jerry Swank,Asset Management - Income,40.784,USD,106108141,https://images.financialmodelingprep.com/symbol/SZC.png,9669,2012-09-26,21.693617021276594,0.664,17916,26619697,25845067,"[{'period': '2021', 'revenue': 26.11, 'unit': 'M', 'net_profit': 25.85}, {'period': '2020', 'revenue': -19.91, 'unit': 'M', 'net_profit': -20.43}, {'period': '2019', 'revenue': -2.96, 'unit': 'M', 'net_profit': -3.59}, {'period': '2018', 'revenue': 4.53, 'unit': 'M', 'net_profit': 3.96}]",[],9.93,9.93,202602696,11148216,0,64065382,11148216,188695240,6855601,0,-31443774,2.3141075044982284,2.2652592340308373,2.2649681528662424,"[0.2132, 0.25]","['2022-12-12', '2012-12-17']",__nan__,0.31621189285654916
91,T,AT&T Inc.,"AT&T Inc. provides telecommunications, media, and technology services worldwide. Its Communications segment offers wireless voice and data communications services; and sells handsets, wireless data cards, wireless computing devices, and carrying cases and hands-free devices through its own company-owned stores, agents, and third-party retail stores. It also provides data, voice, security, cloud solutions, outsourcing, and managed and professional services, as well as customer premises equipment for multinational corporations, small and mid-sized businesses, governmental, and wholesale customers. In addition, this segment offers broadband fiber and legacy telephony voice communication services to residential customers. It markets its communications services and products under the AT&T, Cricket, AT&T PREPAID, and AT&T Fiber brand names. The company's Latin America segment provides wireless services in Mexico; and video services in Latin America. This segment markets its services and products under the AT&T and Unefon brand names. The company was formerly known as SBC Communications Inc. and changed its name to AT&T Inc. in 2005. AT&T Inc. was incorporated in 1983 and is headquartered in Dallas, Texas.",John T. Stankey,Telecommunications Services,29.095,USD,203681875100,https://images.financialmodelingprep.com/symbol/T.png,45714654,1983-11-21,9.57,0.175,27692123,54697000000,21889000000,"[{'period': '2025', 'revenue': 125.65, 'unit': 'B', 'net_profit': 21.89}, {'period': '2024', 'revenue': 122.34, 'unit': 'B', 'net_profit': 10.95}, {'period': '2023', 'revenue': 122.43, 'unit': 'B', 'net_profit': 14.4}, {'period': '2022', 'revenue': 120.74, 'unit': 'B', 'net_profit': -8.52}]","[{'period': ""Q4 '25"", 'revenue': 33.47, 'unit': 'B', 'net_profit': 3.72}, {'period': ""Q3 '25"", 'revenue': 30.71, 'unit': 'B', 'net_profit': 9.31}, {'period': ""Q2 '25"", 'revenue': 30.85, 'unit': 'B', 'net_profit': 4.5}, {'period': ""Q1 '25"", 'revenue': 30.63, 'unit': 'B', 'net_profit': 4.35}, {'period': ""Q4 '24"", 'revenue': 32.3, 'unit': 'B', 'net_profit': 4.08}, {'period': ""Q3 '24"", 'revenue': 30210.0, 'unit': 'M', 'net_profit': -174.0}]",3.04,3.04,420198000000,48732000000,18234000000,291706000000,8843000000,1106000000,53780000000,18234000000,19442000000,0.24246416645844218,0.9993606138107417,1.0402684563758389,"[0.2775, 1.8536]","['2026-01-12', '1984-03-26']",__nan__,0.6942108244208682
92,TAC,TransAlta Corporation Ordinary Shares,"TransAlta Corporation owns, operates, and develops a diverse fleet of electrical power generation assets in Canada, the United States, and Australia. It operates through four segments: Hydro, Wind and Solar, Gas, and Energy Transition. owns and operates hydro, wind and solar, natural gas-fired, and coal-fired facilities. The company also engages in wholesale trading of electricity and other energy-related commodities and derivatives; and related mining operations and natural gas pipeline operations. It serves municipalities, medium and large industries, businesses, and utility customers. The company was founded in 1909 and is headquartered in Calgary, Canada.",John Harry Kousinioris,Independent Power Producers,12.92,USD,3834656000,https://images.financialmodelingprep.com/symbol/TAC.png,1537403,2001-07-31,-28.09,-0.02,924650,413662617,-137887539,"[{'period': '2025', 'revenue': 2400.0, 'unit': 'M', 'net_profit': -137.89}, {'period': '2024', 'revenue': 2850.0, 'unit': 'M', 'net_profit': 229.0}, {'period': '2023', 'revenue': 3350.0, 'unit': 'M', 'net_profit': 695.0}, {'period': '2022', 'revenue': 2980.0, 'unit': 'M', 'net_profit': 50.0}]","[{'period': ""Q4 '25"", 'revenue': 598.51, 'unit': 'M', 'net_profit': -35.97}, {'period': ""Q3 '25"", 'revenue': 615.0, 'unit': 'M', 'net_profit': -49.0}, {'period': ""Q2 '25"", 'revenue': 433.0, 'unit': 'M', 'net_profit': -99.0}, {'period': ""Q1 '25"", 'revenue': 758.0, 'unit': 'M', 'net_profit': 46.0}, {'period': ""Q4 '24"", 'revenue': 678.0, 'unit': 'M', 'net_profit': -39.0}, {'period': ""Q3 '24"", 'revenue': 638.0, 'unit': 'M', 'net_profit': -23.0}]",-0.64,-0.64,8653941856,1334911248,282769373,7190135734,698430361,592516744,1828508670,282769373,396676471,-0.6239430754545454,-1.6021289912663756,-2.066666666666667,"[0.050491, 0.195]","['2026-06-01', '1993-02-23']",__nan__,0.830850940951827
93,TACA,Trepont Acquisition Corp I Class A Ordinary Shares,"Trepont Acquisition Corp I does not have significant operations. The company focuses on effecting a merger, capital stock exchange, asset acquisition, stock purchase, reorganization, or similar business combination with one or more businesses. It intends to focus on companies across software, communications, artificial intelligence, machine learning, data, analytics, 5G, IoT, cloud, edge, security, services, and related areas. The company was incorporated in 2020 and is based in San Francisco, California.",,Shell Companies,10.095,USD,0,https://images.financialmodelingprep.com/symbol/TACA.png,76652,2021-01-22,0.0,-0.0149994,3545,13410929,30127926,"[{'period': '2021', 'revenue': 0.0, 'unit': 'M', 'net_profit': 30.13}, {'period': '2020', 'revenue': 0.0, 'unit': 'K', 'net_profit': -124.95}]","[{'period': ""Q1 '22"", 'revenue': 0.0, 'unit': 'M', 'net_profit': 16.82}, {'period': ""Q4 '21"", 'revenue': 0.0, 'unit': 'M', 'net_profit': 2.27}, {'period': ""Q3 '21"", 'revenue': 0.0, 'unit': 'M', 'net_profit': 4.85}, {'period': ""Q2 '21"", 'revenue': 0.0, 'unit': 'M', 'net_profit': -4.54}, {'period': ""Q1 '21"", 'revenue': 0.0, 'unit': 'M', 'net_profit': 12.27}, {'period': ""Q4 '20"", 'revenue': 0.0, 'unit': 'K', 'net_profit': -124.95}]",1.05,1.05,233645607,1329641,1161309,22240329,0,232315966,2562329,1161309,1161309,108.33208214617281,242.1237154656337,245.18604651162792,__nan__,__nan__,__nan__,0.09518830371161226
94,TAK,Takeda Pharmaceutical Company Limited American Depositary Shares (each representing 1/2 of a share of Common Stock),"Takeda Pharmaceutical Company Limited engages in the research, development, manufacture, marketing, and out-licensing of pharmaceutical products in Japan, the United States, Europe, Canada, Latin America, Russia, rest of Asia, and internationally. It offers pharmaceutical products in the areas of gastroenterology, rare diseases, plasma derived therapies, oncology, and neuroscience. The company provides its products under the Entyvio, Gattex/Revestive, Takecab, Alofisel, Dexilant, Natpara, Adynovate/Adynovi, Takhzyro, Livtencity, Elaprase, Replagal, Advate, Vpriv, Gammagard Liquid/Kiovig, Hyqvia, Cuvitru, Exkivity, Velcade, Leuplin/Enantone, Adcetris, Vyvansese, Trintellix, and Alunbrig brands. Takeda Pharmaceutical Company Limited has out-licensing agreement with Neurocrine Biosciences, Inc.; collaborations and in-licensing agreements with the University of Texas MD Anderson Cancer Center, Arrowhead Pharmaceuticals Inc., and Ovid Therapeutics Inc.; and collaboration with Evox Therapeutics Ltd., as well as a licensing agreement with ProThera Biologics Inc. It also has research collaboration and licensing agreement with Crescendo Biologics, Code Bio, Immusoft, Poseida Therapeutics, Selecta Biosciences, BridGene Biosciences, Skyhawk Therapeutics, and StrideBio; and strategic alliances with Egle Therapeutics SAS; Evotec SE; Neurocrine Biosciences, Inc.; Carmine Therapeutics; KSQ Therapeutics; and Anima Biotech. Takeda Pharmaceutical Company Limited was founded in 1781 and is headquartered in Tokyo, Japan.",Christophe Weber,Drug Manufacturers - Specialty & Generic,17.91,USD,56581143442,https://images.financialmodelingprep.com/symbol/TAK.png,2839996,2010-01-05,81.41,-0.15,2255181,1210512000000,107928000000,"[{'period': '2024', 'revenue': 4580.0, 'unit': 'B', 'net_profit': 107.93}, {'period': '2023', 'revenue': 4260.0, 'unit': 'B', 'net_profit': 144.07}, {'period': '2022', 'revenue': 4030.0000000000005, 'unit': 'B', 'net_profit': 317.02}, {'period': '2021', 'revenue': 3570.0, 'unit': 'B', 'net_profit': 230.06}]","[{'period': ""Q3 '25"", 'revenue': 1210.0, 'unit': 'B', 'net_profit': 105.51}, {'period': ""Q2 '25"", 'revenue': 1110.0, 'unit': 'B', 'net_profit': -11.8}, {'period': ""Q1 '25"", 'revenue': 1110.0, 'unit': 'B', 'net_profit': 124.24}, {'period': ""Q4 '24"", 'revenue': 1050.0, 'unit': 'B', 'net_profit': -103.2}, {'period': ""Q3 '24"", 'revenue': 1140.0, 'unit': 'B', 'net_profit': 23.79}, {'period': ""Q2 '24"", 'revenue': 1180.0, 'unit': 'B', 'net_profit': 92.05}]",34.17,33.62,14248344000000,2521192000000,405589000000,7312365000000,725254000000,361926000000,2506521000000,385113000000,856387000000,0.05819906008727761,-0.2508485635155865,-0.25779129112824417,"[0.3214, 0.46807]","['2025-09-30', '2008-09-25']",__nan__,0.5132080612315368
95,TAL,TAL Education Group American Depositary Shares,"TAL Education Group provides K-12 after-school tutoring services in the People's Republic of China. The company offers tutoring services to K-12 students covering various academic subjects, including mathematics, physics, chemistry, biology, history, geography, political science, English, and Chinese. It provides tutoring services primarily through small-class services under the Xueersi, Xueersi Online School, First Leap, Tipaipai, Xiaohou AI, Xiaohoucode, Aiqidao, Mamabang, Kaoyanbang, and Shunshunliuxue brand names; and personalized premium services under Izhikang name. The company also operates jzb.com, an online education platform; provides investment management and consulting services; develops and sells software and networks, as well as related consulting services; and sells educational materials and products. TAL Education Group was founded in 2003 and is headquartered in Beijing, the People's Republic of China.",Bangxin Zhang,Education & Training Services,10.82,USD,6584205032,https://images.financialmodelingprep.com/symbol/TAL.png,3914879,2010-10-20,22.54,-0.39,1261283,40736955,84667806,"[{'period': '2025', 'revenue': 2250.0, 'unit': 'M', 'net_profit': 84.67}, {'period': '2024', 'revenue': 1490.0, 'unit': 'M', 'net_profit': -3.57}, {'period': '2023', 'revenue': 1020.0, 'unit': 'M', 'net_profit': -135.12}, {'period': '2022', 'revenue': 4.4, 'unit': 'B', 'net_profit': -1.14}]","[{'period': ""Q3 '26"", 'revenue': 771.74, 'unit': 'M', 'net_profit': 130.86}, {'period': ""Q2 '26"", 'revenue': 862.87, 'unit': 'M', 'net_profit': 124.3}, {'period': ""Q1 '26"", 'revenue': 576.53, 'unit': 'M', 'net_profit': 31.37}, {'period': ""Q4 '25"", 'revenue': 610.52, 'unit': 'M', 'net_profit': -7.31}, {'period': ""Q3 '25"", 'revenue': 606.45, 'unit': 'M', 'net_profit': 23.07}, {'period': ""Q2 '25"", 'revenue': 621.94, 'unit': 'M', 'net_profit': 57.67}]",1.26,1.26,5503067000,4126920000,3618380000,1736669000,105873000,305105000,1441345000,1771260000,285664000,1.6730810489646888,24.712965141290027,21.8955223880597,"[0.5, 0.5]","['2017-05-09', '2012-12-05']",__nan__,0.3155820199899438
96,TALO,Talos Energy Inc. Common Stock,"Talos Energy Inc., an independent exploration and production company, focuses on the exploration and production of oil and natural gas properties in the United States Gulf of Mexico and offshore Mexico. As of December 31, 2021, the company had proved reserves of 161.59 million barrels of oil equivalent, consisting of 107,764 thousand barrels of crude oil, 236,353 million cubic feet of natural gas, and 14,435 thousand barrels of crude oil. The company was founded in 2011 and is based in Houston, Texas.",Paul R. A. Goodfellow,Oil & Gas Exploration & Production,16.57,USD,2816713819,https://images.financialmodelingprep.com/symbol/TALO.png,2156615,2018-05-10,-5.88,0.02,3176501,740465000,-496358000,"[{'period': '2025', 'revenue': 1780.0, 'unit': 'M', 'net_profit': -496.36}, {'period': '2024', 'revenue': 1970.0, 'unit': 'M', 'net_profit': -76.39}, {'period': '2023', 'revenue': 1460.0, 'unit': 'M', 'net_profit': 187.33}, {'period': '2022', 'revenue': 1650.0, 'unit': 'M', 'net_profit': 381.92}]","[{'period': ""Q4 '25"", 'revenue': 392.24, 'unit': 'M', 'net_profit': -204.64}, {'period': ""Q3 '25"", 'revenue': 450.05, 'unit': 'M', 'net_profit': -95.91}, {'period': ""Q2 '25"", 'revenue': 424.72, 'unit': 'M', 'net_profit': -185.94}, {'period': ""Q1 '25"", 'revenue': 513.06, 'unit': 'M', 'net_profit': -9.87}, {'period': ""Q4 '24"", 'revenue': 485.19, 'unit': 'M', 'net_profit': -64.51}, {'period': ""Q3 '24"", 'revenue': 509.29, 'unit': 'M', 'net_profit': 88.17}]",-2.82,-2.82,5552057000,841306000,362809000,3383934000,323058000,112382000,644721000,362809000,453921000,-0.4111188872364622,-5.49742777479612,-5.55813953488372,__nan__,__nan__,__nan__,0.609491941455212
97,TAP,Molson Coors Beverage Company Class B Common Stock,"Molson Coors Beverage Company manufactures, markets, and sells beer and other malt beverage products under various brands in the Americas, Europe, Middle East, Africa, and Asia Pacific. It offers flavored malt beverages, craft, and ready to drink beverages. The company was formerly known as Molson Coors Brewing Company and changed its name to Molson Coors Beverage Company in January 2020. Molson Coors Beverage Company was founded in 1774 and is based in Golden, Colorado.",Rahul Goyal,Beverages - Alcoholic,43.4,USD,8568370686,https://images.financialmodelingprep.com/symbol/TAP.png,3059677,1975-06-12,-4.04,1.49,2387364,-1610800000,-2139600000,"[{'period': '2025', 'revenue': 11.14, 'unit': 'B', 'net_profit': -2.14}, {'period': '2024', 'revenue': 11.63, 'unit': 'B', 'net_profit': 1.12}, {'period': '2023', 'revenue': 11700.0, 'unit': 'M', 'net_profit': 948.9}, {'period': '2022', 'revenue': 10700.0, 'unit': 'M', 'net_profit': -175.3}]","[{'period': ""Q4 '25"", 'revenue': 2660.0, 'unit': 'M', 'net_profit': 238.3}, {'period': ""Q3 '25"", 'revenue': 2.97, 'unit': 'B', 'net_profit': -2.93}, {'period': ""Q2 '25"", 'revenue': 3200.0, 'unit': 'M', 'net_profit': 428.7}, {'period': ""Q1 '25"", 'revenue': 2300.0, 'unit': 'M', 'net_profit': 121.0}, {'period': ""Q4 '24"", 'revenue': 2740.0, 'unit': 'M', 'net_profit': 287.8}, {'period': ""Q3 '24"", 'revenue': 3040.0, 'unit': 'M', 'net_profit': 199.8}]",-10.83,-10.85,22738400000,2935500000,896500000,12195700000,703000000,258700000,5310800000,896500000,1067800000,-1.632902439982712,-2.906272273699216,-3.013011152416357,"[0.48, 0.5]","['2026-03-06', '1986-01-27']",__nan__,0.5363482039193611
98,TARO,Taro Pharmaceutical Industries Ltd. Ordinary Shares,"Taro Pharmaceutical Industries Ltd., a science-based pharmaceutical company, develops, manufactures, and markets prescription and over-the-counter pharmaceutical products in the United States, Canada, Israel, and internationally. The company also develops and manufactures active pharmaceutical ingredients primarily for use in its finished dosage form products. It offers its products for various therapeutic categories comprising allergy, analgesic, antibacterial, antibiotic, anticonvulsant, antiemetic, antifungal, anti-inflammatory, anti-cancer, antiplatelet agent, antipyretic, cardiovascular, CNS, corticosteroid, cosmetic, cough and cold, dermatology, diuretic, endocrine, gastrointestinal, laxative, narcotics, neuropathic pain, neuropsychiatric, sedative/hypnotic, and topical anti-neoplastic. The company provides its products in the form of capsule, cream, drops, emulsion, gel/gel kit, granules, injectable, lotion, oil, ointment, paste, powder/powder for solution, rectal suppository, shampoo, solution/solution for infusion, spray, suspension, syrup, tablets, toothpaste and mouthwash, topical foam, and topical solution. It distributes and sells its products directly to wholesalers, retail drug store chains, food chains, hospitals, mass merchandisers, grocery chains, and other direct purchasers and customers, as well as healthcare institutions and private pharmacies. The company was founded in 1950 and is based in Haifa, Israel. Taro Pharmaceutical Industries Ltd. is a subsidiary of Alkaloida Chemical Company Exclusive Group Ltd.",Uday V. Baldota,Drug Manufacturers - Specialty & Generic,42.975,USD,1615198185,https://images.financialmodelingprep.com/symbol/TARO.png,32927,1982-09-14,30.052447552447553,0.005,147064,38402000,53867000,"[{'period': '2024', 'revenue': 629.18, 'unit': 'M', 'net_profit': 53.87}, {'period': '2023', 'revenue': 572.95, 'unit': 'M', 'net_profit': 25.45}, {'period': '2022', 'revenue': 561.35, 'unit': 'M', 'net_profit': 58.27}, {'period': '2021', 'revenue': 548.97, 'unit': 'M', 'net_profit': -400.74}]","[{'period': ""Q4 '24"", 'revenue': 164.94, 'unit': 'M', 'net_profit': 15.08}, {'period': ""Q3 '24"", 'revenue': 157.15, 'unit': 'M', 'net_profit': 20.21}, {'period': ""Q2 '24"", 'revenue': 148.2, 'unit': 'M', 'net_profit': 8.55}, {'period': ""Q1 '24"", 'revenue': 158.89, 'unit': 'M', 'net_profit': 10.03}, {'period': ""Q4 '23"", 'revenue': 146.59, 'unit': 'M', 'net_profit': 6.91}, {'period': ""Q3 '23"", 'revenue': 139.2, 'unit': 'M', 'net_profit': 7.26}]",1.43,1.43,2162069000,1303403000,879351000,369063000,177463000,457991000,361107000,362909000,78170000,-0.3076604106946473,1.1169974454706229,1.102941176470588,"[12.8601, 12.8601]","['2018-12-10', '2018-12-10']",__nan__,0.17069899249283904
99,TBA,Thoma Bravo Advantage Class A Ordinary Shares,,,,,,,,,,,,,,,[],"[{'period': ""Q1 '21"", 'revenue': 0.0, 'unit': 'M', 'net_profit': -3.31}]",,,1165929,0,0,1166137,0,0,1166137,0,,0.0,0.0,0.0,__nan__,__nan__,__nan__,1.000178398513117
100,TBB,AT&T Inc. 5.350% Global Notes due 2066,"AT&T, Inc. is a holding company, which engages in the provision of telecommunications media and technology services. It operates through the Communications and Latin America segments. The Communications segment offers services to businesses and consumers located in the U.S., or in U.S. territories, and businesses globally. The Latin America segment focuses on the entertainment and wireless services outside of the U.S. The company was founded in 1983 and is headquartered in Dallas, TX.",None,Telecommunications Services,21.51,USD,132066672640,https://images.financialmodelingprep.com/symbol/TBB.png,87018,2017-11-07,4.2,-0.09,97347,54697000000,21889000000,"[{'period': '2025', 'revenue': 125.65, 'unit': 'B', 'net_profit': 21.89}, {'period': '2024', 'revenue': 122.34, 'unit': 'B', 'net_profit': 10.95}, {'period': '2023', 'revenue': 122.43, 'unit': 'B', 'net_profit': 14.4}, {'period': '2022', 'revenue': 120.74, 'unit': 'B', 'net_profit': -8.52}]","[{'period': ""Q4 '25"", 'revenue': 33.47, 'unit': 'B', 'net_profit': 3.72}, {'period': ""Q3 '25"", 'revenue': 30.71, 'unit': 'B', 'net_profit': 9.31}, {'period': ""Q2 '25"", 'revenue': 30.85, 'unit': 'B', 'net_profit': 4.5}, {'period': ""Q1 '25"", 'revenue': 30.63, 'unit': 'B', 'net_profit': 4.35}, {'period': ""Q4 '24"", 'revenue': 32.3, 'unit': 'B', 'net_profit': 4.08}, {'period': ""Q3 '24"", 'revenue': 30210.0, 'unit': 'M', 'net_profit': -174.0}]",3.04,3.04,420198000000,48732000000,18234000000,291706000000,8843000000,1106000000,53780000000,18234000000,19442000000,0.24246416645844218,0.9993606138107417,1.0402684563758389,"[0.33438, 0.334]","['2026-01-16', '2018-01-16']",__nan__,0.6942108244208682
101,TBC,AT&T Inc. 5.625% Global Notes due 2067,"AT&T, Inc. is a holding company, which engages in the provision of telecommunications media and technology services. It operates through the Communications and Latin America segments. The Communications segment offers services to businesses and consumers located in the U.S., or in U.S. territories, and businesses globally. The Latin America segment focuses on the entertainment and wireless services outside of the U.S. The company was founded in 1983 and is headquartered in Dallas, TX.",None,Telecommunications Services,24.97,USD,179833940000,https://images.financialmodelingprep.com/symbol/TBC.png,119079,2018-08-08,0.0,-0.17,547728,39592000000,21889000000,"[{'period': '2025', 'revenue': 125.65, 'unit': 'B', 'net_profit': 21.89}, {'period': '2024', 'revenue': 122.34, 'unit': 'B', 'net_profit': 10.95}, {'period': '2023', 'revenue': 122.43, 'unit': 'B', 'net_profit': 14.4}, {'period': '2022', 'revenue': 120.74, 'unit': 'B', 'net_profit': -8.52}]","[{'period': ""Q4 '25"", 'revenue': 33.47, 'unit': 'B', 'net_profit': 3.8}, {'period': ""Q3 '25"", 'revenue': 30.71, 'unit': 'B', 'net_profit': 9.28}, {'period': ""Q2 '25"", 'revenue': 30.85, 'unit': 'B', 'net_profit': 4.46}, {'period': ""Q1 '25"", 'revenue': 30.63, 'unit': 'B', 'net_profit': 4.35}, {'period': ""Q4 '24"", 'revenue': 32.3, 'unit': 'B', 'net_profit': 4.08}, {'period': ""Q3 '24"", 'revenue': 30210.0, 'unit': 'M', 'net_profit': -174.0}]",3.06,3.05,420198000000,48732000000,18234000000,293707000000,8843000000,1106000000,53780000000,18234000000,19442000000,-0.09924011466533193,0.9993606138107417,1.0536912751677854,"[0.3516, 0.352]","['2025-01-17', '2018-10-16']",__nan__,0.6989728651730851
102,TBI,TrueBlue Inc. Common Stock,"TrueBlue, Inc., together with its subsidiaries, provides specialized workforce solutions in the United States, Canada, and Puerto Rico. It operates through three segments: PeopleReady, PeopleManagement, and PeopleScout. The PeopleReady segment offers contingent staffing solutions for blue-collar, on-demand, and skilled labor in construction, manufacturing and logistics, warehousing and distribution, waste and recycling, energy, retail, hospitality, and general labor industries. The PeopleManagement segment provides contingent labor and outsourced industrial workforce solutions. This segment also offers on-site management and recruitment for the contingent industrial workforce of manufacturing, warehouse, and distribution facilities; and recruitment and management of contingent and dedicated commercial drivers to the transportation and distribution industries under the Staff Management, SIMOS Insourcing Solutions, and Centerline Drivers brands. The PeopleScout segment offers permanent employee recruitment process outsourcing services; and manages clients' contingent labor programs comprising vendor selection, performance management, compliance monitoring, and risk management. The company was formerly known as Labor Ready, Inc. and changed its name to TrueBlue, Inc. in December 2007. TrueBlue, Inc. was incorporated in 1985 and is headquartered in Tacoma, Washington.",Taryn R. Owen,Staffing & Employment Services,3.31,USD,99507206,https://images.financialmodelingprep.com/symbol/TBI.png,248066,1994-04-04,-2.06,-0.24,541310,2053000,-47960000,"[{'period': '2025', 'revenue': 1620.0, 'unit': 'M', 'net_profit': -47.96}, {'period': '2024', 'revenue': 1570.0, 'unit': 'M', 'net_profit': -125.75}, {'period': '2023', 'revenue': 1910.0, 'unit': 'M', 'net_profit': -14.17}, {'period': '2022', 'revenue': 2250.0, 'unit': 'M', 'net_profit': 62.27}]","[{'period': ""Q4 '25"", 'revenue': 418.18, 'unit': 'M', 'net_profit': -31.54}, {'period': ""Q3 '25"", 'revenue': 431.27, 'unit': 'M', 'net_profit': -1.92}, {'period': ""Q2 '25"", 'revenue': 396300.0, 'unit': 'K', 'net_profit': -160.0}, {'period': ""Q1 '25"", 'revenue': 370.25, 'unit': 'M', 'net_profit': -14.35}, {'period': ""Q4 '24"", 'revenue': 385.95, 'unit': 'M', 'net_profit': -11.71}, {'period': ""Q3 '24"", 'revenue': 382.36, 'unit': 'M', 'net_profit': -7.63}]",-1.61,-1.61,638667000,297609000,24510000,364110000,241233000,154566000,138533000,24510000,-73720000,1.5799435028248587,0.6186022839329453,0.6139088729016786,__nan__,__nan__,__nan__,0.5701093057884625
103,TCI,Transcontinental Realty Investors Inc. Common Stock,"Transcontinental Realty Investors, Inc., a Dallas-based real estate investment company, holds a diverse portfolio of equity real estate located across the U.S., including apartments, office buildings, shopping centers, and developed and undeveloped land. The Company invests in real estate through direct ownership, leases and partnerships and invests in mortgage loans on real estate.",Erik L. Johnson,Real Estate - Services,34.63,USD,299179513,https://images.financialmodelingprep.com/symbol/TCI.png,4018,1985-03-07,21.64,0.57,12328,40742000,13803000,"[{'period': '2025', 'revenue': 49.06, 'unit': 'M', 'net_profit': 13.8}, {'period': '2024', 'revenue': 44.76, 'unit': 'M', 'net_profit': 5.86}, {'period': '2023', 'revenue': 47.02, 'unit': 'M', 'net_profit': 5.94}, {'period': '2022', 'revenue': 34.08, 'unit': 'M', 'net_profit': 468.26}]","[{'period': ""Q4 '25"", 'revenue': 13.62, 'unit': 'M', 'net_profit': 8.29}, {'period': ""Q3 '25"", 'revenue': 11920.0, 'unit': 'K', 'net_profit': 724.0}, {'period': ""Q2 '25"", 'revenue': 11510.0, 'unit': 'K', 'net_profit': 169.0}, {'period': ""Q1 '25"", 'revenue': 12.01, 'unit': 'M', 'net_profit': 4.62}, {'period': ""Q4 '24"", 'revenue': 11220.0, 'unit': 'K', 'net_profit': 108.0}, {'period': ""Q3 '24"", 'revenue': 11.07, 'unit': 'M', 'net_profit': 1.71}]",1.6,1.6,1132520000,506436000,89035000,266359000,402168000,0,581000,14071000,-82378000,0.41642330691141705,1.3546571136131014,1.352941176470588,"[0.18, 0.425]","['2000-09-15', '1987-03-10']",__nan__,0.23519143149789848
104,TCS,Container Store (The) Common Stock,"The Container Store Group, Inc. operates as a retailer of storage and organization products and solutions in the United States. The company operates in two segments, The Container Store and Elfa. It provides approximately 11,000 products designed to help customers. Its merchandise category includes custom closets, such as elfa Classic, elfa Decor, Laren, and Avera branded products, as well as closet lifestyle department and wood-based products; wood-based custom home storage and organization solutions; and customized solutions for closets, garages, home offices, pantries, laundry rooms, murphy beds, and built-in wall units. In addition, the company designs, manufactures, and sells component-based shelving and drawer systems that are customizable for any area of the home comprising closets, kitchens, offices, and garages, as well as made-to-measure sliding doors in the Nordic region of Europe. As of April 2, 2022, it operated 94 stores with an average size of approximately 25,000 square feet in 33 states and the District of Columbia. The company offers its products directly to customers through its website, responsive mobile site, and call center, as well as sells to various retailers and distributors on wholesale basis. The Container Store Group, Inc. was founded in 1978 and is headquartered in Coppell, Texas.",Satish Malhotra,Specialty Retail,2.65,USD,9145813,https://images.financialmodelingprep.com/symbol/TCS.png,192165,2013-11-01,-0.08874748827863363,0.49,348229,-60401000,-103287000,"[{'period': '2023', 'revenue': 847.78, 'unit': 'M', 'net_profit': -103.29}, {'period': '2022', 'revenue': 1050.0, 'unit': 'M', 'net_profit': -158.86}, {'period': '2021', 'revenue': 1090.0, 'unit': 'M', 'net_profit': 81.72}, {'period': '2020', 'revenue': 990.09, 'unit': 'M', 'net_profit': 58.28}]","[{'period': ""Q2 '24"", 'revenue': 196.57, 'unit': 'M', 'net_profit': -16.11}, {'period': ""Q1 '24"", 'revenue': 181.86, 'unit': 'M', 'net_profit': -14.73}, {'period': ""Q4 '23"", 'revenue': 206.04, 'unit': 'M', 'net_profit': -61.37}, {'period': ""Q3 '23"", 'revenue': 214.9, 'unit': 'M', 'net_profit': -6.43}, {'period': ""Q2 '23"", 'revenue': 219.73, 'unit': 'M', 'net_profit': -23.65}, {'period': ""Q1 '23"", 'revenue': 207.11, 'unit': 'M', 'net_profit': -11.84}]",-31.31,-31.31,936365000,230548000,21000000,776674000,27128000,0,193087000,21000000,6895000,0.3189649340399143,0.34980737271491164,0.34974039460020767,"[0.21, 0.21]","['2020-03-26', '2020-03-26']",__nan__,0.8294564619566088
105,TD,Toronto Dominion Bank (The) Common Stock,"The Toronto-Dominion Bank, together with its subsidiaries, provides various financial products and services in Canada, the United States, and internationally. It operates through three segments: Canadian Retail, U.S. Retail, and Wholesale Banking. The company offers personal deposits, such as chequing, savings, and investment products; financing, investment, cash management, international trade, and day-to-day banking services to businesses; and financing options to customers at point of sale for automotive and recreational vehicle purchases. It also provides credit cards and payments; real estate secured lending, auto finance, and consumer lending services; point-of-sale payment solutions for large and small businesses; wealth and asset management products, and advice to retail and institutional clients through direct investing, advice-based, and asset management businesses; and property and casualty insurance, as well as life and health insurance products. The company also provides capital markets, and corporate and investment banking products and services, including underwriting and distribution of new debt and equity issues; advice on strategic acquisitions and divestitures; and trading, funding, and investment services to corporations, governments, and institutions. It offers its products and services under the TD Bank and America's Most Convenient Bank brand names. The company operates through a network of 1,061 branches and 3,381 automated teller machines (ATMs) in Canada, and 1,148 stores and 2,701 ATMs in the United States, as well as offers telephone, digital, and mobile banking services. It has a strategic alliance with Canada Post Corporation. The Toronto-Dominion Bank was founded in 1855 and is headquartered in Toronto, Canada.",Raymond Chun,Banks - Diversified,91.37,USD,154369615000,https://images.financialmodelingprep.com/symbol/TD.png,2368513,1996-08-30,10.22,-1.47,1648769,26114000000,20538000000,"[{'period': '2025', 'revenue': 115.84, 'unit': 'B', 'net_profit': 20.54}, {'period': '2024', 'revenue': 119.17, 'unit': 'B', 'net_profit': 8.84}, {'period': '2023', 'revenue': 102.25, 'unit': 'B', 'net_profit': 10.63}, {'period': '2022', 'revenue': 59.44, 'unit': 'B', 'net_profit': 17.43}]","[{'period': ""Q1 '26"", 'revenue': 28.14, 'unit': 'B', 'net_profit': 4.05}, {'period': ""Q4 '25"", 'revenue': 28.77, 'unit': 'B', 'net_profit': 3.28}, {'period': ""Q3 '25"", 'revenue': 28.7, 'unit': 'B', 'net_profit': 3.34}, {'period': ""Q2 '25"", 'revenue': 28.46, 'unit': 'B', 'net_profit': 11.13}, {'period': ""Q1 '25"", 'revenue': 29.91, 'unit': 'B', 'net_profit': 2.79}, {'period': ""Q4 '24"", 'revenue': 30.58, 'unit': 'B', 'net_profit': 3.63}]",11.57,11.56,2094558000000,204113000000,156064000000,1966731000000,46234000000,1432916000000,1641442000000,116929000000,-71791000000,0.925811209439528,1.3227776521149062,1.4460887949260042,"[0.779, 0.3182]","['2026-04-09', '1989-07-04']",__nan__,0.9389718499081906
106,TDA,Telephone and Data Systems Inc. 5.875% Senior Notes due 2061,"Nippon Telegraph and Telephone Corporation operates as a telecommunications company in Japan and internationally. It operates through Integrated ICT Business, Regional Communications Business, Global Solutions Business, and Others segments. The Integrated ICT Business segment offers mobile phone, domestic inter-prefectural communications, international communications, solutions, and system development and related services. The Regional Communications Business segment provides intra-prefectural communications and related ancillary services. The Global Solutions Business segment offers consulting, system and software development, network system, cloud, global data center, and related services. The Others segment engages in the real estate, energy, and other businesses. The company was founded in 1952 and is headquartered in Tokyo, Japan.",None,Telecommunications Services,25.16,USD,0,https://images.financialmodelingprep.com/symbol/TDA.png,16654,2022-01-31,32.803129074315514,-0.0200005,14955,553515000,151146000,"[{'period': '2025', 'revenue': 0.0, 'unit': 'M', 'net_profit': 151.15}, {'period': '2024', 'revenue': 4960.0, 'unit': 'M', 'net_profit': -97.0}]","[{'period': ""Q4 '25"", 'revenue': 0.0, 'unit': 'M', 'net_profit': 242.2}, {'period': ""Q3 '25"", 'revenue': 308.52, 'unit': 'M', 'net_profit': -99.06}, {'period': ""Q2 '25"", 'revenue': 1190.0, 'unit': 'M', 'net_profit': 18.0}, {'period': ""Q1 '25"", 'revenue': 1150.0, 'unit': 'M', 'net_profit': -10.0}, {'period': ""Q4 '24"", 'revenue': -266.31, 'unit': 'M', 'net_profit': -367.42}, {'period': ""Q4 '20"", 'revenue': 3900.0, 'unit': 'M', 'net_profit': 176.0}]",1.31,1.31,2838851000,144968000,144968000,2982235000,0,0,671575000,144968000,-52245000,-0.034005235602094244,2.5582061855670104,2.5411764705882356,"[0.371, 0.359]","['2021-08-30', '2013-02-26']",__nan__,1.0505077582444446
107,TDC,Teradata Corporation Common Stock,"Teradata Corporation, together with its subsidiaries, provides a connected multi-cloud data platform for enterprise analytics. The company offers Teradata Vantage, a data platform that allows companies to leverage their data across an enterprise, as well as connects various sources of data to drive ecosystem simplification and support customers on their journey to the cloud through an integrated migration. Its business consulting services include support services for organizations to establish a data and analytic vision, and identify and operationalize analytical opportunities, as well as enable a multi-cloud ecosystem architecture and ensure the analytical infrastructure delivers value. In addition, it offers support and maintenance services. The company serves clients in financial services, government, healthcare, manufacturing, retail, telecommunications, and travel/transportation sectors through a direct sales force in the Americas, Europe, the Middle East, Africa, the Asia Pacific, and Japan. Teradata Corporation was incorporated in 1979 and is headquartered in San Diego, California.",Stephen McMillan,Software - Infrastructure,25.31,USD,2358892025,https://images.financialmodelingprep.com/symbol/TDC.png,1870237,2007-10-01,18.75,-0.92,1654472,268000000,130000000,"[{'period': '2025', 'revenue': 1660.0, 'unit': 'M', 'net_profit': 130.0}, {'period': '2024', 'revenue': 1750.0, 'unit': 'M', 'net_profit': 114.0}, {'period': '2023', 'revenue': 1830.0, 'unit': 'M', 'net_profit': 62.0}, {'period': '2022', 'revenue': 1790.0, 'unit': 'M', 'net_profit': 33.0}]","[{'period': ""Q4 '25"", 'revenue': 421.0, 'unit': 'M', 'net_profit': 37.0}, {'period': ""Q3 '25"", 'revenue': 416.0, 'unit': 'M', 'net_profit': 40.0}, {'period': ""Q2 '25"", 'revenue': 408.0, 'unit': 'M', 'net_profit': 9.0}, {'period': ""Q1 '25"", 'revenue': 418.0, 'unit': 'M', 'net_profit': 44.0}, {'period': ""Q4 '24"", 'revenue': 409.0, 'unit': 'M', 'net_profit': 25.0}, {'period': ""Q3 '24"", 'revenue': 440.0, 'unit': 'M', 'net_profit': 32.0}]",1.38,1.35,1779000000,837000000,493000000,1549000000,251000000,0,914000000,493000000,286000000,-0.08532423208191127,0.14035087719298245,0.16949152542372878,__nan__,__nan__,__nan__,0.8707138842046094
108,TDF,Templeton Dragon Fund Inc. Common Stock,"Templeton Dragon Fund, Inc. is a closed ended equity mutual fund launched by Franklin Resources, Inc. The fund is managed by Templeton Asset Management Ltd. It invests in the public equity markets of China. The fund seeks to invest in stocks of companies operating across diversified sectors. It primarily invests in value stocks of companies. The fund employs fundamental analysis focusing on factors like growth prospects, competitive positions in export markets, technologies, research and development, productivity, labor costs, raw material costs and sources, profit margins, returns on investment, capital resources, government regulation, and management to create its portfolio. It is actively managed. Templeton Dragon Fund, Inc. was formed on September 20, 1994 and is domiciled in the United States.",Rupert Harris Johnson Jr.,Asset Management,10.34,USD,261313586,https://images.financialmodelingprep.com/symbol/TDF.png,106086,1994-09-21,3.4,-0.04,67228,76886514,76886514,"[{'period': '2025', 'revenue': 36.07, 'unit': 'M', 'net_profit': 76.89}, {'period': '2024', 'revenue': -15.81, 'unit': 'M', 'net_profit': 27.04}, {'period': '2023', 'revenue': -34.94, 'unit': 'M', 'net_profit': -88.46}, {'period': '2022', 'revenue': -7.47, 'unit': 'M', 'net_profit': -184.33}]","[{'period': ""Q4 '25"", 'revenue': 31.04, 'unit': 'M', 'net_profit': 40.47}, {'period': ""Q2 '25"", 'revenue': 3.79, 'unit': 'M', 'net_profit': 36.42}, {'period': ""Q4 '24"", 'revenue': -6.14, 'unit': 'M', 'net_profit': 26.62}, {'period': ""Q2 '24"", 'revenue': 3130.0, 'unit': 'K', 'net_profit': 415.75}, {'period': ""Q4 '23"", 'revenue': -12.39, 'unit': 'M', 'net_profit': -44.32}, {'period': ""Q2 '23"", 'revenue': 18.39, 'unit': 'M', 'net_profit': -44.13}]",3.04,3.04,329797127,11521249,4168028,1514055,7353221,318275877,1003848,322715,0,1.842896501932529,1.8434260736352415,1.8411214953271027,"[0.1, 0.095]","['2026-03-24', '1994-12-23']",__nan__,0.004590867767019693
109,TDG,Transdigm Group Incorporated Transdigm Group Inc. Common Stock,"TransDigm Group Incorporated designs, produces, and supplies aircraft components in the United States and internationally. Its Power & Control segment offers mechanical/electro-mechanical actuators and controls, ignition systems and engine technology, specialized pumps and valves, power conditioning devices, specialized AC/DC electric motors and generators, batteries and chargers, databus and power controls, sensor products, switches and relay panels, hoists, winches and lifting devices, and cargo loading and handling systems. This segment serves engine and power system and subsystem suppliers, airlines, third party maintenance suppliers, military buying agencies, and repair depots. The company's Airframe segment provides engineered latching and locking devices, engineered rods, engineered connectors and elastomer sealing solutions, cockpit security components and systems, cockpit displays, engineered audio, radio and antenna systems, lavatory components, seat belts and safety restraints, engineered and customized interior surfaces and related components, thermal protection and insulation products, lighting and control technology, and parachutes. This segment serves airframe manufacturers, cabin system and subsystem suppliers, airlines, third party maintenance suppliers, military buying agencies, and repair depots. Its Non-aviation segment offers seat belts and safety restraints for ground transportation applications; electro-mechanical actuators for space applications; hydraulic/electromechanical actuators and fuel valves for land-based gas turbines; refueling systems for heavy equipment used in mining, construction, and other industries; and turbine controls for the energy and oil and gas markets. This segment serves off-road vehicle and subsystem suppliers, child restraint system suppliers, and satellite and space system suppliers; and manufacturers of heavy equipment. TransDigm Group Incorporated was founded in 1993 and is based in Cleveland, Ohio.",Michael J. Lisman,Aerospace & Defense,1140.03,USD,64381556027,https://images.financialmodelingprep.com/symbol/TDG.png,370520,2006-03-15,36.63,-11.91,402018,4568000000,2074000000,"[{'period': '2025', 'revenue': 8.83, 'unit': 'B', 'net_profit': 2.07}, {'period': '2024', 'revenue': 7.94, 'unit': 'B', 'net_profit': 1.71}, {'period': '2023', 'revenue': 6.58, 'unit': 'B', 'net_profit': 1.3}, {'period': '2022', 'revenue': 5430.0, 'unit': 'M', 'net_profit': 866.0}]","[{'period': ""Q1 '26"", 'revenue': 2290.0, 'unit': 'M', 'net_profit': 386.0}, {'period': ""Q4 '25"", 'revenue': 2440.0, 'unit': 'M', 'net_profit': 610.0}, {'period': ""Q3 '25"", 'revenue': 2240.0, 'unit': 'M', 'net_profit': 492.0}, {'period': ""Q2 '25"", 'revenue': 2150.0, 'unit': 'M', 'net_profit': 479.0}, {'period': ""Q1 '25"", 'revenue': 2009.9999999999998, 'unit': 'M', 'net_profit': 493.0}, {'period': ""Q4 '24"", 'revenue': 2190.0, 'unit': 'M', 'net_profit': 468.0}]",32.08,32.08,22909000000,7012000000,2808000000,32588000000,1617000000,102000000,2182000000,2808000000,1816000000,0.1980068187778652,0.2100350058343057,0.25214676034348155,"[90, 7.65]","['2025-09-02', '2009-10-14']",__nan__,1.4224977083242394
110,TDI,Telephone and Data Systems Inc. Sr Nt,"TDI provides broad exposure to the global equity markets outside the US. The fund may include common and preferred stocks, depositary receipts, REITs, as well as other exchange-traded funds. To construct the portfolio, the funds sub-adviser employs the Dynamic Alpha Stock Selection Model, a proprietary quantitative model that seeks to construct a risk-controlled, forward-looking portfolio that adapts to changing market conditions. The model estimates returns based on each securitys risk characteristics through a three-step process that utilizes fundamental data and statistical tools. An optimization process is then used to identify the portfolio of around 100-140 securities with the highest expected return for an acceptable level of risk. The fund rebalances periodically. On December 11, 2023, TDI converted from a mutual fund to an actively managed ETF with $62 million in assets.",None,Telecommunications Services,39.8892,USD,71941887,https://images.financialmodelingprep.com/symbol/TDI.png,45067,2022-01-31,14.2,-0.1608,25955,553515000,151146000,"[{'period': '2025', 'revenue': 0.0, 'unit': 'M', 'net_profit': 151.15}, {'period': '2024', 'revenue': 4960.0, 'unit': 'M', 'net_profit': -97.0}, {'period': '2021', 'revenue': 0.0, 'unit': 'M', 'net_profit': 97.0}]","[{'period': ""Q4 '25"", 'revenue': 0.0, 'unit': 'M', 'net_profit': 62.36}, {'period': ""Q3 '25"", 'revenue': 308.52, 'unit': 'M', 'net_profit': -99.06}, {'period': ""Q2 '25"", 'revenue': 1190.0, 'unit': 'M', 'net_profit': 18.0}, {'period': ""Q1 '25"", 'revenue': 1150.0, 'unit': 'M', 'net_profit': -10.0}, {'period': ""Q4 '24"", 'revenue': -24.0, 'unit': 'M', 'net_profit': -11.0}, {'period': ""Q3 '24"", 'revenue': 1220.0, 'unit': 'M', 'net_profit': -83.0}]",1.31,1.31,2838851000,144968000,144968000,2982235000,0,0,671575000,144968000,-52245000,-0.034005235602094244,2.5582061855670104,2.5411764705882356,"[0.7495, 1.035]","['2025-12-30', '2005-06-27']",__nan__,1.0505077582444446
111,TDOC,Teladoc Health Inc. Common Stock,"Teladoc Health, Inc. provides virtual healthcare services in the United States and internationally. The company offers a portfolio of services and solutions covering non-urgent, episodic, chronic, and complicated medical conditions, including diabetes, hypertension, chronic kidney disease, cancer, congestive heart failure, and mental health conditions. It offers a range of programs and services, including primary and specialty care telehealth solutions, chronic condition management, expert medical services, mental health solutions, and platform and program services. The company serves employers, health plans, hospitals and health systems, and insurance and financial services companies, as well as individual members. It offers its products and services under the Teladoc, Livongo, and BetterHelp brands. The company was formerly known as Teladoc, Inc. and changed its name to Teladoc Health, Inc. in August 2018. The company was incorporated in 2002 and is headquartered in Purchase, New York.",Charles Divita,Medical - Healthcare Information Services,5.14,USD,916955440,https://images.financialmodelingprep.com/symbol/TDOC.png,6406744,2015-06-30,-4.51,-0.38,4496199,147304000,-200322000,"[{'period': '2025', 'revenue': 2530.0, 'unit': 'M', 'net_profit': -200.32}, {'period': '2024', 'revenue': 2.57, 'unit': 'B', 'net_profit': -1.0}, {'period': '2023', 'revenue': 2600.0, 'unit': 'M', 'net_profit': -220.37}, {'period': '2022', 'revenue': 2.41, 'unit': 'B', 'net_profit': -13.66}]","[{'period': ""Q4 '25"", 'revenue': 642.27, 'unit': 'M', 'net_profit': -25.14}, {'period': ""Q3 '25"", 'revenue': 626.44, 'unit': 'M', 'net_profit': -49.51}, {'period': ""Q2 '25"", 'revenue': 631.9, 'unit': 'M', 'net_profit': -32.66}, {'period': ""Q1 '25"", 'revenue': 629.37, 'unit': 'M', 'net_profit': -93.01}, {'period': ""Q4 '24"", 'revenue': 640.49, 'unit': 'M', 'net_profit': -48.41}, {'period': ""Q3 '24"", 'revenue': 640.51, 'unit': 'M', 'net_profit': -33.28}]",-1.14,-1.14,3100797000,1087309000,781084000,1715091000,201660000,0,404738000,781084000,285464000,3.6434448192163416,0.7999270907719889,0.8057921635434413,__nan__,__nan__,__nan__,0.5531129577331247
112,TDS,Telephone and Data Systems Inc. Common Shares,"Telephone and Data Systems, Inc., a telecommunications company, provides communications services in the United States. It operates through two segments: UScellular and TDS Telecom. The company offers wireless solutions to consumers and business and government customers, including a suite of connected Internet of things (IoT) solutions, and software applications for monitor and control, business automation/operations, communication, fleet and asset management, smart water solutions, private cellular networks and custom, and end-to-end IoT solutions; wireless priority services and quality priority and preemption options; smartphones and other handsets, tablets, wearables, mobile hotspots, routers, and IoT devices; and accessories, such as cases, screen protectors, chargers, and memory cards, as well as consumer electronics, including audio, home automation and networking products. It also provides replace and repair services; Trade-In program through which it buys customers' used equipment; internet connections and all-home WI-FI services; TDS TV+, an integrated cloud television platform that offers video content; local and long-distance telephone service, VoIP, and enhanced services; and broadband, IP-based services, and hosted voice and video collaboration services. The company sells its products through retail sales, direct and indirect sales, third-party retailers, and independent agents, as well as through ecommerce and telesales. As of December 31, 2021, it offers its services to customers 5 million wireless connections, and 1.2 million wireline and cable connections. The company was incorporated in 1968 and is headquartered in Chicago, Illinois.",Walter Carlson,Telecommunications Services,41.93,USD,4452966000,https://images.financialmodelingprep.com/symbol/TDS.png,949511,1981-12-15,107.51,-1.27,494833,553515000,-6236000,"[{'period': '2025', 'revenue': 1230.0, 'unit': 'M', 'net_profit': -6.24}, {'period': '2024', 'revenue': 4960.0, 'unit': 'M', 'net_profit': -28.0}, {'period': '2023', 'revenue': 5160.0, 'unit': 'M', 'net_profit': -500.0}, {'period': '2022', 'revenue': 5410.0, 'unit': 'M', 'net_profit': 62.0}]","[{'period': ""Q4 '25"", 'revenue': 330.71, 'unit': 'M', 'net_profit': 56.47}, {'period': ""Q3 '25"", 'revenue': 308.52, 'unit': 'M', 'net_profit': -81.75}, {'period': ""Q2 '25"", 'revenue': 1190.0, 'unit': 'M', 'net_profit': 12.0}, {'period': ""Q1 '25"", 'revenue': 1150.0, 'unit': 'M', 'net_profit': 7.0}, {'period': ""Q4 '24"", 'revenue': 1240.0, 'unit': 'M', 'net_profit': 6.0}, {'period': ""Q3 '24"", 'revenue': 1220.0, 'unit': 'M', 'net_profit': -66.0}]",-0.66,-0.66,8398303000,923469000,765952000,3130950000,111273000,461922000,440311000,765952000,195185000,-0.5395049916805325,0.7772857142857142,0.22352941176470584,"[0.04, 0.1909]","['2026-03-16', '1985-03-13']",__nan__,0.37280745884019667
113,TDW,Tidewater Inc. Common Stock,"Tidewater Inc., together with its subsidiaries, provides offshore marine support and transportation services to the offshore energy industry through the operation of a fleet of marine service vessels worldwide. It provides services in support of offshore oil and natural gas exploration, field development, and production, as well as windfarm development and maintenance, including towing of and anchor handling for mobile offshore drilling units; transporting supplies and personnel necessary to sustain drilling, workover, and production activities; offshore construction, and seismic and subsea support; geotechnical survey support for windfarm construction; and various specialized services, such as pipe and cable laying. The company operates and charters deepwater vessels, including platform supply and horsepower anchor handling tug supply vessels for use in transporting supplies and equipment from shore bases to deepwater and intermediate water depth offshore drilling rigs and production platforms; towing-supply vessels for use in intermediate and shallow waters; and crew boats, utility vessels, and offshore tugs to transport personnel and supplies from shore bases to offshore drilling rigs, platforms, and other installations. It also operates offshore tugs for use in tow floating drilling rigs and barges; and assisting in the docking of tankers, as well as in pipe and cable laying, and construction barges. The company serves oil and natural gas exploration, field development, and production companies; mid-sized and smaller independent exploration and production companies; foreign government-owned or government-controlled organizations, and other related companies; drilling contractors; and other companies, such as offshore construction, windfarm development, diving, and well stimulation companies. As of December 31, 2021, it owned 135 vessels. Tidewater Inc. was incorporated in 1956 and is headquartered in Houston, Texas.",Quintin V. Kneen,Oil & Gas Equipment & Services,82.4,USD,4084856400,https://images.financialmodelingprep.com/symbol/TDW.png,789144,1980-03-17,12.41,1.6,614635,552498000,334661000,"[{'period': '2025', 'revenue': 1350.0, 'unit': 'M', 'net_profit': 334.66}, {'period': '2024', 'revenue': 1350.0, 'unit': 'M', 'net_profit': 180.66}, {'period': '2023', 'revenue': 1010.0, 'unit': 'M', 'net_profit': 97.19}, {'period': '2022', 'revenue': 647.68, 'unit': 'M', 'net_profit': -21.75}]","[{'period': ""Q4 '25"", 'revenue': 336.8, 'unit': 'M', 'net_profit': 219.88}, {'period': ""Q3 '25"", 'revenue': 341110.0, 'unit': 'K', 'net_profit': -806.0}, {'period': ""Q2 '25"", 'revenue': 341.43, 'unit': 'M', 'net_profit': 72.93}, {'period': ""Q1 '25"", 'revenue': 333.44, 'unit': 'M', 'net_profit': 42.65}, {'period': ""Q4 '24"", 'revenue': 345.08, 'unit': 'M', 'net_profit': 36.91}, {'period': ""Q3 '24"", 'revenue': 340.36, 'unit': 'M', 'net_profit': 46.37}]",6.69,6.64,2386911000,914135000,578761000,1025657000,285372000,0,315237000,578761000,353347000,0.20469407201153023,0.8524765299796297,0.9447674418604652,"[0.01, 0.075]","['2020-12-30', '1992-06-24']",__nan__,0.42970056277758156
114,TDY,Teledyne Technologies Incorporated Common Stock,"Teledyne Technologies Incorporated provides enabling technologies for industrial growth markets in the United States, Canada, the United Kingdom, Belgium, the Netherlands, and internationally. The company's Instrumentation segment offers monitoring and control instruments for marine, environmental, industrial, and other applications, as well as electronic test and measurement equipment; and power and communications connectivity devices for distributed instrumentation systems and sensor networks. Its Digital Imaging segment provides visible spectrum sensors and digital cameras for industrial machine vision and automated quality control, as well as for medical, research, and scientific applications; and infrared and X-ray spectra for use in industrial, government, and medical applications, as well as micro electromechanical systems and semiconductors, including analog-to-digital and digital-to-analog converters. This segment also offers thermal imaging systems, visible-light imaging systems, locater systems, measurement and diagnostic systems, and threat-detection solutions. The company's Aerospace and Defense Electronics segment provides electronic components and subsystems, as well as communications products, such as defense electronics, environment interconnects, data acquisition and communications equipment for aircraft, components and subsystems for wireless and satellite communications, and general aviation batteries. Its Engineered Systems segment offers systems engineering and integration, technology development, and manufacturing solutions for defense, space, environmental, and energy applications; and designs and manufactures electrochemical energy systems and electronics for military applications. The company markets and sells its products and services through a direct internal sales force, as well as third-party sales representatives and distributors. Teledyne Technologies Incorporated was founded in 1960 and is headquartered in Thousand Oaks, California.",George C. Bobb,"Hardware, Equipment & Parts",593.31,USD,27473397543,https://images.financialmodelingprep.com/symbol/TDY.png,362313,1999-11-23,31.44,-17.77,238394,1490400000,894800000,"[{'period': '2025', 'revenue': 6120.0, 'unit': 'M', 'net_profit': 894.8}, {'period': '2024', 'revenue': 5670.0, 'unit': 'M', 'net_profit': 819.2}, {'period': '2023', 'revenue': 5640.0, 'unit': 'M', 'net_profit': 885.7}, {'period': '2022', 'revenue': 5460.0, 'unit': 'M', 'net_profit': 788.6}]","[{'period': ""Q4 '25"", 'revenue': 1610.0, 'unit': 'M', 'net_profit': 275.6}, {'period': ""Q3 '25"", 'revenue': 1540.0, 'unit': 'M', 'net_profit': 220.7}, {'period': ""Q2 '25"", 'revenue': 1510.0, 'unit': 'M', 'net_profit': 209.9}, {'period': ""Q1 '25"", 'revenue': 1450.0, 'unit': 'M', 'net_profit': 188.6}, {'period': ""Q4 '24"", 'revenue': 1500.0, 'unit': 'M', 'net_profit': 198.5}, {'period': ""Q3 '24"", 'revenue': 1440.0, 'unit': 'M', 'net_profit': 262.0}]",18.88,18.88,15285300000,3055600000,352400000,4771400000,1367000000,0,1860100000,352400000,1074000000,0.14145668989813892,0.09228515625,0.08318990246701086,__nan__,__nan__,__nan__,0.3121561238575625
115,TEAF,Tortoise Essential Assets Income Term Fund Common Shares of Beneficial Interest,"Tortoise Essential Assets Income Term Fund is a closed-ended balanced mutual fund launched and managed by Tortoise Capital Advisors L.L.C. It invests in equity and fixed income markets. The fund seeks to invest in securities of companies operating in the essential asset sectors, which includes education, housing, healthcare, social and human services, power, water, energy, infrastructure, basic materials, industrial, transportation and telecommunications sectors. The fund primarily seeks to invest in stocks of companies across all market capitalizations, as well as in corporate and government issues debt securities. Its corporate debt investment include high yield securities of any maturity. The fund also invests in private equities. It employs both fundamental and quantitative analysis with a focus on such proprietary financial, risk and valuation models to create its portfolio. The fund was formerly known as Tortoise Essential Assets Income 2024 Term Fund, Inc. Tortoise Essential Assets Income Term Fund was formed in 2017 and is domiciled in the United States.",P. Bradley Adams,Asset Management,12.21,USD,164726661,https://images.financialmodelingprep.com/symbol/TEAF.png,58017,2019-03-27,-19.08,-0.13,88551,13947336,12389319,"[{'period': '2024', 'revenue': 13.68, 'unit': 'M', 'net_profit': 12.39}, {'period': '2023', 'revenue': 6.61, 'unit': 'M', 'net_profit': -5.97}, {'period': '2022', 'revenue': 20.03, 'unit': 'M', 'net_profit': 3.58}, {'period': '2021', 'revenue': 30.8, 'unit': 'M', 'net_profit': 29.7}]","[{'period': ""Q2 '24"", 'revenue': 8.77, 'unit': 'M', 'net_profit': 7.29}, {'period': ""Q4 '23"", 'revenue': 5.14, 'unit': 'M', 'net_profit': -2.52}, {'period': ""Q2 '23"", 'revenue': 1.48, 'unit': 'M', 'net_profit': -3.45}, {'period': ""Q4 '22"", 'revenue': 5.98, 'unit': 'M', 'net_profit': -4.62}, {'period': ""Q2 '22"", 'revenue': 14.05, 'unit': 'M', 'net_profit': 13.49}, {'period': ""Q4 '21"", 'revenue': 13.26, 'unit': 'M', 'net_profit': 13.49}]",0.92,0.92,230349750,2124907,40208,32273235,2084699,0,0,40208,7076282,4.2836901506736496,3.0752888855387632,3.0909090909090913,"[0.09, 0.1085]","['2025-10-24', '2019-05-23']",__nan__,0.14010536152090464
116,TECK,Teck Resources Ltd Ordinary Shares,"Teck Resources Limited engages in exploring for, acquiring, developing, and producing natural resources in Asia, Europe, and North America. It operates through Steelmaking Coal, Copper, Zinc, Energy, and Corporate segments. The company's principal products include steelmaking coal; copper, gold, blended bitumen, lead, silver, molybdenum, zinc, and zinc concentrates; chemicals, fertilizers, and other metals. It also produces indium and germanium. In addition, the company holds interest in Frontier oil sands projects in the Athabasca region of Alberta; and owns interests in exploration and development projects in Australia, Chile, Ireland, Mexico, Peru, Turkey, and the United States. The company was formerly known as Teck Cominco Limited and changed its name to Teck Resources Limited in April 2009. Teck Resources Limited was founded in 1913 and is headquartered in Vancouver, Canada.",Jonathan H. Price,Industrial Materials,48.54,USD,23372010000,https://images.financialmodelingprep.com/symbol/TECK.png,4551679,2002-07-18,23.68,-0.03,3544619,4373433032,1399858277,"[{'period': '2025', 'revenue': 10.75, 'unit': 'B', 'net_profit': 1.4}, {'period': '2024', 'revenue': 9060.0, 'unit': 'M', 'net_profit': 406.0}, {'period': '2023', 'revenue': 6.48, 'unit': 'B', 'net_profit': 2.41}, {'period': '2022', 'revenue': 17.32, 'unit': 'B', 'net_profit': 3.32}]","[{'period': ""Q4 '25"", 'revenue': 3060.0, 'unit': 'M', 'net_profit': 543.56}, {'period': ""Q3 '25"", 'revenue': 3380.0, 'unit': 'M', 'net_profit': 281.0}, {'period': ""Q2 '25"", 'revenue': 2020.0, 'unit': 'M', 'net_profit': 206.0}, {'period': ""Q1 '25"", 'revenue': 2290.0, 'unit': 'M', 'net_profit': 370.0}, {'period': ""Q4 '24"", 'revenue': 2790.0, 'unit': 'M', 'net_profit': 399.0}, {'period': ""Q3 '24"", 'revenue': 2860.0, 'unit': 'M', 'net_profit': -699.0}]",2.84,2.83,45398972658,11154902076,5007915550,19413166647,2878652173,2287134616,4399411845,5007915550,-1017170397,1.4528508311833987,2.447926790640394,2.594936708860759,"[0.0910625, 0.1]","['2026-03-13', '1996-12-12']",__nan__,0.4276124658864742
117,TEF,Telefonica SA Common Stock,"Telefónica, S.A., together with its subsidiaries, provides telecommunications services in Europe and Latin America. The company's mobile and related services and products comprise mobile voice, value added, mobile data and Internet, wholesale, corporate, roaming, fixed wireless, and trunking and paging services. Its fixed telecommunication services include PSTN lines; ISDN accesses; public telephone services; local, domestic, and international long-distance and fixed-to-mobile communications; corporate communications; supplementary value-added services; video telephony; intelligent network; and telephony information services, as well as leases and sells handset equipment. The company also provides Internet and broadband multimedia services comprising Internet service provider, portal and network, retail and wholesale broadband access, narrowband switched access, high-speed Internet through fibre to the home, and voice over Internet protocol services. In addition, it offers leased line, virtual private network, fibre optics, web hosting and application, outsourcing and consultancy, desktop, and system integration and professional services. Further, the company offers wholesale services for telecommunication operators, including domestic interconnection and international wholesale services; leased lines for other operators; and local loop leasing services, as well as bit stream services, wholesale line rental accesses, and leased ducts for other operators' fiber deployment. Additionally, it provides video/TV services; smart connectivity and services, and consumer IoT products; financial and other payment, security, cloud computing, advertising, big data, and digital telco experience services; virtual assistants; digital home platforms; and Movistar Home devices. It also offers online telemedicine, home insurance, music streaming, and consumer loan services. The company was incorporated in 1924 and is headquartered in Madrid, Spain.",Marc Thomas Murtra Millar,Telecommunications Services,3.81,USD,21491091453,https://images.financialmodelingprep.com/symbol/TEF.png,1612009,1987-06-12,-17.318181818181817,-0.035,2474446,12354000000,-49000000,"[{'period': '2024', 'revenue': 41310.0, 'unit': 'M', 'net_profit': -49.0}, {'period': '2023', 'revenue': 40650.0, 'unit': 'M', 'net_profit': -892.0}, {'period': '2022', 'revenue': 39.99, 'unit': 'B', 'net_profit': 2.01}, {'period': '2021', 'revenue': 39.28, 'unit': 'B', 'net_profit': 8.14}]","[{'period': ""Q3 '25"", 'revenue': 9360.0, 'unit': 'M', 'net_profit': 276.0}, {'period': ""Q2 '25"", 'revenue': 8790.0, 'unit': 'M', 'net_profit': -51.0}, {'period': ""Q1 '25"", 'revenue': 9.22, 'unit': 'B', 'net_profit': -1.3}, {'period': ""Q4 '24"", 'revenue': 10.9, 'unit': 'B', 'net_profit': -1.04}, {'period': ""Q3 '24"", 'revenue': 10020.0, 'unit': 'M', 'net_profit': 10.0}, {'period': ""Q2 '24"", 'revenue': 10260.0, 'unit': 'M', 'net_profit': 447.0}]",-0.0564,-0.0564,100502000000,22369000000,9262000000,77753000000,8963000000,9562000000,25734000000,8062000000,5204000000,0.1950087057457922,0.945067264573991,0.7830769230769231,"[0.13099, 0.70375]","['2025-12-17', '1987-06-24']",__nan__,0.7736462955961075
118,TEI,Templeton Emerging Markets Income Fund Inc. Common Stock,"Templeton Emerging Markets Income Fund is a closed-ended fixed income mutual fund launched by Franklin Resources, Inc. It is managed by Franklin Advisers, Inc. The fund invests in the fixed income markets of emerging market countries across the globe. It primarily invests in bonds issued by sovereign or sovereign-related entities and private sector companies. The fund benchmarks the performance of its portfolio against the J.P. Morgan Emerging Markets Bond Index. Templeton Emerging Markets Income Fund was formed on September 23, 1993 and is domiciled in the United States.",Rupert Harris Johnson Jr.,Asset Management - Income,5.89,USD,278175382,https://images.financialmodelingprep.com/symbol/TEI.png,258769,1993-09-23,2.95,-0.16,331066,97170223,93997153,"[{'period': '2025', 'revenue': 43.79, 'unit': 'M', 'net_profit': 94.0}, {'period': '2024', 'revenue': 19.03, 'unit': 'M', 'net_profit': 15.2}, {'period': '2023', 'revenue': 26.7, 'unit': 'M', 'net_profit': 34.86}, {'period': '2022', 'revenue': 25.44, 'unit': 'M', 'net_profit': -58.0}]","[{'period': ""Q4 '25"", 'revenue': 26.97, 'unit': 'M', 'net_profit': 47.24}, {'period': ""Q2 '25"", 'revenue': 18.85, 'unit': 'M', 'net_profit': 46.76}, {'period': ""Q4 '24"", 'revenue': -1.27, 'unit': 'M', 'net_profit': 6.02}, {'period': ""Q2 '24"", 'revenue': 16.96, 'unit': 'M', 'net_profit': 9.18}, {'period': ""Q4 '23"", 'revenue': 13.95, 'unit': 'M', 'net_profit': 21.0}, {'period': ""Q2 '23"", 'revenue': 12.75, 'unit': 'M', 'net_profit': 13.87}]",1.99,1.99,389754114,54550674,42235426,70123193,12315248,333417501,65000000,2526096,32220450,3.8485478689840247,5.184297448452648,5.21875,"[0.0475, 0.37]","['2026-03-24', '1993-12-27']",__nan__,0.1799164921707536
119,TEL,TE Connectivity Ltd. New Switzerland Registered Shares,"TE Connectivity Ltd., together with its subsidiaries, manufactures and sells connectivity and sensor solutions in Europe, the Middle East, Africa, the Asia Pacific, and the Americas. The company operates through three segments: Transportation Solutions, Industrial Solutions, and Communications Solutions. The Transportation Solutions segment provides terminals and connector systems and components, sensors, relays, antennas, heat shrink tubing, and application tooling products for use in the automotive, commercial transportation, and sensor markets. The Industrial Solutions segment offers terminals and connector systems and components; and heat shrink tubing, interventional medical components, relays, and wires and cables for aerospace, defense, oil and gas, industrial equipment, medical, and energy markets. The Communications Solutions segment supplies electronic components, such as terminals and connector systems and components, relays, heat shrink tubing, and antennas for the data and devices, and appliances markets. TE Connectivity Ltd. sells its products to approximately 140 countries primarily through direct sales to manufacturers, as well as through third-party distributors. The company was formerly known as Tyco Electronics Ltd. and changed its name to TE Connectivity Ltd. in March 2011. TE Connectivity Ltd. was incorporated in 2000 and is based in Schaffhausen, Switzerland.",Terrence R. Curtin,"Hardware, Equipment & Parts",202.14,USD,59335262129,https://images.financialmodelingprep.com/symbol/TEL.png,2150330,2007-06-14,29.17,-1.06,1711605,4119000000,1842000000,"[{'period': '2025', 'revenue': 17.09, 'unit': 'B', 'net_profit': 1.84}, {'period': '2024', 'revenue': 15.85, 'unit': 'B', 'net_profit': 3.19}, {'period': '2023', 'revenue': 16.03, 'unit': 'B', 'net_profit': 1.91}, {'period': '2022', 'revenue': 16.28, 'unit': 'B', 'net_profit': 2.43}]","[{'period': ""Q1 '26"", 'revenue': 4670.0, 'unit': 'M', 'net_profit': 750.0}, {'period': ""Q4 '25"", 'revenue': 4580.0, 'unit': 'M', 'net_profit': 663.0}, {'period': ""Q3 '25"", 'revenue': 4530.0, 'unit': 'M', 'net_profit': 638.0}, {'period': ""Q2 '25"", 'revenue': 4140.0, 'unit': 'M', 'net_profit': 13.0}, {'period': ""Q1 '25"", 'revenue': 3840.0, 'unit': 'M', 'net_profit': 528.0}, {'period': ""Q4 '24"", 'revenue': 4070.0000000000005, 'unit': 'M', 'net_profit': 276.0}]",6.2,6.16,25081000000,7966000000,1255000000,12351000000,3403000000,30000000,5120000000,1255000000,3203000000,0.11535337124289195,-0.4231130598183526,-0.40384615384615385,"[0.78, 0.14]","['2026-05-22', '2007-09-28']",__nan__,0.49244447988517204
120,TEN,Tenneco Inc. Class A Voting Common Stock,"Tsakos Energy Navigation Limited provides seaborne crude oil and petroleum product transportation services worldwide. The company offers marine transportation services for national, major, and other independent oil companies and refiners under long, medium, and short-term charters. It also operates a fleet of double-hull vessels, comprising of conventional tankers, LNG carriers, and suezmax DP2 shuttle tankers. The company was formerly known as MIF Limited and changed its name to Tsakos Energy Navigation Limited in July 2001. The company was incorporated in 1993 and is based in Athens, Greece.",Nikolas Tsakos,Oil & Gas Midstream,38.14,USD,1149066778,https://images.financialmodelingprep.com/symbol/TEN.png,454445,2002-03-05,12.07,-0.03,415637,409915000,160904000,"[{'period': '2025', 'revenue': 798.69, 'unit': 'M', 'net_profit': 160.9}, {'period': '2024', 'revenue': 804.06, 'unit': 'M', 'net_profit': 176.23}, {'period': '2023', 'revenue': 889.57, 'unit': 'M', 'net_profit': 300.18}, {'period': '2022', 'revenue': 860.4, 'unit': 'M', 'net_profit': 204.23}]","[{'period': ""Q4 '25"", 'revenue': 222.1, 'unit': 'M', 'net_profit': 58.01}, {'period': ""Q3 '25"", 'revenue': 186.23, 'unit': 'M', 'net_profit': 38.34}, {'period': ""Q2 '25"", 'revenue': 193.31, 'unit': 'M', 'net_profit': 26.52}, {'period': ""Q1 '25"", 'revenue': 197.05, 'unit': 'M', 'net_profit': 37.71}, {'period': ""Q4 '24"", 'revenue': 188.26, 'unit': 'M', 'net_profit': 19.27}, {'period': ""Q3 '24"", 'revenue': 200.16, 'unit': 'M', 'net_profit': 26.54}]",4.45,4.45,3706522000,450366000,348312000,1939325000,33663000,33497000,408519000,348312000,-342338000,-0.057107433834320126,-0.08697107773320245,-0.11530815109343938,"[0.5, 0.5]","['2026-02-11', '2002-10-11']",__nan__,0.523219611269001
121,TEO,Telecom Argentina SA,"Telecom Argentina S.A., together with its subsidiaries, provides telecommunications services in Argentina and internationally. The company offers telephone services, including local, domestic, and international long-distance telephone services, as well as public telephone services; and other related supplementary services, such as call waiting, call forwarding, conference calls, caller ID, voice mail, itemized billing, and maintenance services. It also provides interconnection services, such as traffic and interconnection resource, dedicated Internet access, video signals transportation in standard and high definitions, audio and video streaming, dedicated links, backhaul links for mobile operators, data center hosting/housing services, dedicated links, layer 2 and layer 3 transport networks, video links, value-added services, and other services. In addition, the company offers mobile telecommunications services, including voice communications, high-speed mobile Internet content and applications download, online streaming, and other services; and sells mobile communication devices, such as handsets, Modems MiFi and wingles, and smart watches under the Personal brand. Further, it provides internet connectivity products, including virtual private network services, traditional Internet protocol links, and other products; data services; and programming and other cable television services. The company was formerly known as Cablevisión S.A. and changed its name to Telecom Argentina S.A. in January 2018. Telecom Argentina S.A. was founded in 1979 and is based in Buenos Aires, Argentina.",Roberto Daniel Nóbile,Telecommunications Services,11.16,USD,4807031292,https://images.financialmodelingprep.com/symbol/TEO.png,267588,1994-12-09,-39.86,-0.46,293504,3023277334000,-198065907000,"[{'period': '2025', 'revenue': 9270.0, 'unit': 'B', 'net_profit': -198.07}, {'period': '2024', 'revenue': 4.14, 'unit': 'T', 'net_profit': 1.01}, {'period': '2023', 'revenue': 2060.0, 'unit': 'B', 'net_profit': -257.73}, {'period': '2022', 'revenue': 4.94, 'unit': 'T', 'net_profit': -1.41}]","[{'period': ""Q4 '25"", 'revenue': 2730.0, 'unit': 'B', 'net_profit': 120.3}, {'period': ""Q3 '25"", 'revenue': 2070.0, 'unit': 'B', 'net_profit': -200.36}, {'period': ""Q2 '25"", 'revenue': 1910.0, 'unit': 'B', 'net_profit': -178.21}, {'period': ""Q1 '25"", 'revenue': 1360.0, 'unit': 'B', 'net_profit': 89.06}, {'period': ""Q4 '24"", 'revenue': 1290.0, 'unit': 'B', 'net_profit': 73.77}, {'period': ""Q3 '24"", 'revenue': 983.14, 'unit': 'B', 'net_profit': -16.36}]",-464.3,-464.3,16616223864000,1833113875000,791812444000,9635574379000,882162037000,90867394000,3836838775000,468871434000,601694832000,0.03727761185221985,-1.1956391983832542,-1.1975408441116404,"[0.31, 1.849]","['2025-11-24', '1994-12-19']",__nan__,0.5798895379518823
122,TEVA,Teva Pharmaceutical Industries Limited American Depositary Shares,"Teva Pharmaceutical Industries Limited, a pharmaceutical company, develops, manufactures, markets, and distributes generic medicines, specialty medicines, and biopharmaceutical products in North America, Europe, and internationally. The company offers sterile products, hormones, high-potency drugs, and cytotoxic substances in various dosage forms, including tablets, capsules, injectables, inhalants, liquids, transdermal patches, ointments, and creams. It also develops, manufactures, and sells active pharmaceutical ingredients. In addition, it focuses on the central nervous system, pain, respiratory, and oncology areas. Its products in the central nervous system include Copaxone for the treatment of relapsing forms of multiple sclerosis; AJOVY for the preventive treatment of migraine; and AUSTEDO for the treatment of tardive dyskinesia and chorea associated with Huntington disease. The company's products in the respiratory market comprise ProAir, QVAR, ProAir Digihaler, AirDuo Digihaler, and ArmonAir Digihaler, BRALTUS, CINQAIR/CINQAERO, DuoResp Spiromax, and AirDuo RespiClick/ArmonAir RespiClick for the treatment of asthma and chronic obstructive pulmonary disease. Its products in the oncology market include Bendeka, Treanda, Granix, Trisenox, Lonquex, and Tevagrastim/Ratiograstim. Teva Pharmaceutical Industries Limited has a collaboration MedinCell for the development and commercialization of multiple long-acting injectable products, a risperidone suspension for the treatment of patients with schizophrenia. The company was founded in 1901 and is headquartered in Tel Aviv-Yafo, Israel.",Richard D. Francis,Drug Manufacturers - Specialty & Generic,28.74,USD,33471715922,https://images.financialmodelingprep.com/symbol/TEVA.png,8968140,1982-02-16,23.75,-1.04,4603370,3141000000,1410000000,"[{'period': '2025', 'revenue': 17.26, 'unit': 'B', 'net_profit': 1.41}, {'period': '2024', 'revenue': 16.54, 'unit': 'B', 'net_profit': -1.64}, {'period': '2023', 'revenue': 15850.0, 'unit': 'M', 'net_profit': -559.0}, {'period': '2022', 'revenue': 14.93, 'unit': 'B', 'net_profit': -2.45}]","[{'period': ""Q4 '25"", 'revenue': 4710.0, 'unit': 'M', 'net_profit': 480.0}, {'period': ""Q3 '25"", 'revenue': 4480.0, 'unit': 'M', 'net_profit': 433.0}, {'period': ""Q2 '25"", 'revenue': 4180.0, 'unit': 'M', 'net_profit': 282.0}, {'period': ""Q1 '25"", 'revenue': 3890.0, 'unit': 'M', 'net_profit': 214.0}, {'period': ""Q4 '24"", 'revenue': 4230.0, 'unit': 'M', 'net_profit': -217.0}, {'period': ""Q3 '24"", 'revenue': 4330.0, 'unit': 'M', 'net_profit': -437.0}]",1.23,1.2,40747368000,13945784000,3555945000,32833491000,3708942000,0,13455791000,3555945000,1148000000,-0.2911306702775897,1.8602806589383771,1.8482758620689654,"[0.085, 0.03]","['2017-11-27', '1987-02-23']",__nan__,0.8057818851023703
123,TEX,Terex Corporation Common Stock,"Terex Corporation manufactures and sells aerial work platforms and materials processing machinery worldwide. It operates in two segments, Aerial Work Platforms (AWP) and Materials Processing (MP). The AWP segment designs, manufactures, services, and markets aerial work platform equipment, utility equipment, and telehandlers under the Terex and Genie brands. Its products include portable material lifts, portable aerial work platforms, trailer-mounted articulating booms, self-propelled articulating and telescopic booms, scissor lifts, utility equipment, and telehandlers, as well as related components and replacement parts for construction and maintenance of industrial, commercial, institutional, and residential buildings and facilities, utility and telecommunication lines, construction and foundation drilling applications, and other commercial operations, as well as in tree trimming and various infrastructure projects. The MP segment's materials processing and specialty equipment includes crushers, washing systems, screens, trommels, apron feeders, material handlers, pick and carry cranes, rough terrain cranes, tower cranes, wood processing, biomass and recycling equipment, concrete mixer trucks and concrete pavers, conveyors, and related components and replacement parts under the Terex, Powerscreen, Fuchs, EvoQuip, Canica, Cedarapids, CBI, Simplicity, Franna, Terex Ecotec, Finlay, Terex Washing Systems, Terex MPS, Terex Jaques, Terex Advance, ProStack, Terex Bid-Well, MDS, and Terex Recycling Systems brands and business lines. Its products are used in construction, infrastructure, and recycling projects; quarrying and mining, and material handling applications; maintenance applications to lift equipment or material; and landscaping and biomass production industries. The company offers financing solutions to assist customers in the rental, leasing, and acquisition of its products. Terex Corporation was incorporated in 1986 and is based in Norwalk, Connecticut.",Simon A. Meester,Agricultural - Machinery,56.44,USD,3713752903,https://images.financialmodelingprep.com/symbol/TEX.png,1934567,1980-03-19,16.95,-2.13,882274,633000000,221000000,"[{'period': '2025', 'revenue': 5420.0, 'unit': 'M', 'net_profit': 221.0}, {'period': '2024', 'revenue': 5130.0, 'unit': 'M', 'net_profit': 335.0}, {'period': '2023', 'revenue': 5150.0, 'unit': 'M', 'net_profit': 518.0}, {'period': '2022', 'revenue': 4420.0, 'unit': 'M', 'net_profit': 300.0}]","[{'period': ""Q4 '25"", 'revenue': 1320.0, 'unit': 'M', 'net_profit': 63.0}, {'period': ""Q3 '25"", 'revenue': 1390.0, 'unit': 'M', 'net_profit': 65.0}, {'period': ""Q2 '25"", 'revenue': 1490.0, 'unit': 'M', 'net_profit': 72.0}, {'period': ""Q1 '25"", 'revenue': 1230.0, 'unit': 'M', 'net_profit': 21.0}, {'period': ""Q4 '24"", 'revenue': 1240.0, 'unit': 'M', 'net_profit': -2.0}, {'period': ""Q3 '24"", 'revenue': 1210.0, 'unit': 'M', 'net_profit': 88.0}]",3.36,3.33,6139000000,2725000000,772000000,4044000000,730000000,0,1187000000,772000000,322000000,0.09326424870466321,-0.3402985074626866,-0.328,"[0.17, 0.05]","['2026-03-06', '1989-05-08']",__nan__,0.6587392083401206
124,TFC,Truist Financial Corporation Common Stock,"Truist Financial Corporation, a holding company, provides banking and trust services in the Southeastern and Mid-Atlantic United States. The company operates through three segments: Consumer Banking and Wealth, Corporate and Commercial Banking, and Insurance Holdings. Its deposit products include noninterest-bearing checking, interest-bearing checking, savings, and money market deposit accounts, as well as certificates of deposit and individual retirement accounts. The company also provides funding; asset management; automobile lending; bankcard lending; consumer finance; home equity and mortgage lending; insurance, such as property and casualty, life, health, employee benefits, workers compensation and professional liability, surety coverage, title, and other insurance products; investment brokerage; mobile/online banking; and payment, lease financing, small business lending, and wealth management/private banking services. In addition, it offers association, capital market, institutional trust, insurance premium and commercial finance, international banking, leasing, merchant, commercial deposit and treasury, government finance, commercial middle market lending, small business and student lending, floor plan and commercial mortgage lending, mortgage warehouse lending, private equity investment, real estate lending, and supply chain financing services. Further, the company provides corporate and investment banking, retail and wholesale brokerage, securities underwriting, and investment advisory services. As of December 31, 2021, the company operated through 2,517 banking offices. The company was formerly known as BB&T Corporation and changed its name to Truist Financial Corporation in December 2019. Truist Financial Corporation was founded in 1872 and is headquartered in Charlotte, North Carolina.",William Henry Rogers Jr.,Banks - Regional,44.53,USD,55625540100,https://images.financialmodelingprep.com/symbol/TFC.png,9621622,1980-03-18,11.66,-0.44,13423851,7053000000,5307000000,"[{'period': '2025', 'revenue': 30.44, 'unit': 'B', 'net_profit': 5.31}, {'period': '2024', 'revenue': 24.25, 'unit': 'B', 'net_profit': 4.82}, {'period': '2023', 'revenue': 29.95, 'unit': 'B', 'net_profit': -1.09}, {'period': '2022', 'revenue': 22.29, 'unit': 'B', 'net_profit': 6.26}]","[{'period': ""Q4 '25"", 'revenue': 7.66, 'unit': 'B', 'net_profit': 1.35}, {'period': ""Q3 '25"", 'revenue': 7.84, 'unit': 'B', 'net_profit': 1.45}, {'period': ""Q2 '25"", 'revenue': 7.55, 'unit': 'B', 'net_profit': 1.24}, {'period': ""Q1 '25"", 'revenue': 7.38, 'unit': 'B', 'net_profit': 1.26}, {'period': ""Q4 '24"", 'revenue': 7.65, 'unit': 'B', 'net_profit': 1.28}, {'period': ""Q3 '24"", 'revenue': 7.83, 'unit': 'B', 'net_profit': 1.44}]",3.86,3.82,547538000000,370815000000,45367000000,482349000000,325448000000,112228000000,428237000000,36377000000,5739000000,17.658730158730158,0.10149439601494396,0.1488095238095238,"[0.52, 1.3212]","['2026-02-13', '1985-01-16']",__nan__,0.880941596747623
125,TFII,TFI International Inc. Common Shares,"TFI International Inc. provides transportation and logistics services in the United States, Canada, and Mexico. The company operates through Package and Courier, Less-Than-Truckload (LTL), Truckload (TL), and Logistics segments. The Package and Courier segment engages in the pickup, transport, and delivery of items. The LTL segment is involved in the pickup, consolidation, transportation, and delivery of smaller loads. The TL segment offers expedited transportation, flatbed, tank container, and dedicated services, as well as TL brokerage services. This segment carries full loads directly from the customer to the destination using a closed van or specialized equipment. The Logistics segment provides asset-light logistics services, including brokerage, freight forwarding, and transportation management, as well as small package parcel delivery. As of December 31, 2021, the company had 13,384 tractors, 50,091 trailers, and 9,428 independent contractors. The company was formerly known as TransForce Inc. and changed its name to TFI International Inc. in December 2016. TFI International Inc. is headquartered in Saint-Laurent, Canada.",Alain Bedard,Trucking,104.71,USD,8656236540,https://images.financialmodelingprep.com/symbol/TFII.png,400971,2005-11-15,28.15,-0.77,232598,1616222178,433578529,"[{'period': '2025', 'revenue': 11010.0, 'unit': 'M', 'net_profit': 433.58}, {'period': '2024', 'revenue': 8400.0, 'unit': 'M', 'net_profit': 422.48}, {'period': '2023', 'revenue': 7520.0, 'unit': 'M', 'net_profit': 504.88}, {'period': '2022', 'revenue': 8810.0, 'unit': 'M', 'net_profit': 823.23}]","[{'period': ""Q4 '25"", 'revenue': 2670.0, 'unit': 'M', 'net_profit': 99.83}, {'period': ""Q3 '25"", 'revenue': 1950.0, 'unit': 'M', 'net_profit': 83.75}, {'period': ""Q2 '25"", 'revenue': 2070.0, 'unit': 'M', 'net_profit': 99.8}, {'period': ""Q1 '25"", 'revenue': 1960.0, 'unit': 'M', 'net_profit': 56.03}, {'period': ""Q4 '24"", 'revenue': 2080.0, 'unit': 'M', 'net_profit': 83.88}, {'period': ""Q3 '24"", 'revenue': 2180.0, 'unit': 'M', 'net_profit': 127.99}]",5.21,5.2,10284895528,1656108091,287877666,6617529417,1242950100,34177819,1603123841,287877666,983682518,0.24828128345219724,0.02626023470711317,0.041999999999999996,"[0.47, 0.136]","['2026-03-31', '2013-12-27']",__nan__,0.6434221328728309
126,TFSA,Terra Income Fund VI 7.00% Notes due 2026,"Terra Income Fund 6 LLC provides private real estate investment funds. It originates, acquires, and manages real estate-related loans, including mezzanines, first and second mortgage, subordinated mortgage, and bridge loans, preferred equity investments, and other loans related commercial real estate in the United States. The company was founded on May 15, 2013 and is headquartered in New York, NY.",Vikram S. Uppal,REIT - Industrial,14.45,USD,351657469,https://images.financialmodelingprep.com/symbol/TFSA.png,3496,2021-02-11,,-0.55,5802,-968236,-12500968,"[{'period': '2024', 'revenue': 0.0, 'unit': 'M', 'net_profit': -12.5}, {'period': '2023', 'revenue': 0.08762, 'unit': 'M', 'net_profit': -5.63}, {'period': '2022', 'revenue': 11.71, 'unit': 'M', 'net_profit': 1.63}, {'period': '2021', 'revenue': 13.67, 'unit': 'M', 'net_profit': 2.63}]","[{'period': ""Q3 '25"", 'revenue': 0.0, 'unit': 'M', 'net_profit': -3.4}, {'period': ""Q2 '25"", 'revenue': 0.0, 'unit': 'M', 'net_profit': -2.23}, {'period': ""Q1 '25"", 'revenue': 0.0, 'unit': 'M', 'net_profit': -2.28}, {'period': ""Q4 '24"", 'revenue': -0.03732, 'unit': 'M', 'net_profit': -5.6}, {'period': ""Q3 '24"", 'revenue': 0.0105, 'unit': 'M', 'net_profit': -1.86}, {'period': ""Q2 '24"", 'revenue': 0.010490000000000001, 'unit': 'M', 'net_profit': -1.98}]",-0.51,-0.51,115902944,3707894,3433806,55080526,274088,0,0,3008449,-201647,0.8900045930065653,-1.2223488764229709,0.26086956521739124,"[0.438, 0.875]","['2026-03-13', '2021-12-14']",__nan__,0.4752297404973596
127,TFX,Teleflex Incorporated Common Stock,"Teleflex Incorporated designs, develops, manufactures, and supplies single-use medical devices for common diagnostic and therapeutic procedures in critical care and surgical applications worldwide. It provides vascular access products that comprise Arrow branded catheters, catheter navigation and tip positioning systems, and intraosseous access systems for the administration of intravenous therapies, the measurement of blood pressure, and the withdrawal of blood samples through a single puncture site. The company also offers interventional products, which consists of various coronary catheters, structural heart therapies, and peripheral intervention and cardiac assist products that are used by interventional cardiologists and radiologists, and vascular surgeons; and Arrow branded catheters, Guideline and Trapliner catheters, the Manta Vascular Closure, and Arrow Oncontrol devices. It provides anesthesia products, such as airway and pain management products to support hospital, emergency medicine, and military channels; and surgical products, including metal and polymer ligation clips, and fascial closure surgical systems that are used in laparoscopic surgical procedures, percutaneous surgical systems, and other surgical instruments. The company also offers interventional urology products comprising the UroLift System, an invasive technology for treating lower urinary tract symptoms due to benign prostatic hyperplasia; and respiratory products, including oxygen and aerosol therapies, spirometry, and ventilation management products for use in various care settings. It provides urology products, such as catheters, urine collectors, and catheterization accessories and products for operative endourology; and bladder management services. The company serves hospitals and healthcare providers, medical device manufacturers, and home care markets. The company was incorporated in 1943 and is headquartered in Wayne, Pennsylvania.",Stuart A. Randle,Medical - Instruments & Supplies,116.22,USD,5136989316,https://images.financialmodelingprep.com/symbol/TFX.png,941022,1980-03-17,88.72,5.73,1089669,302514000,-905640000,"[{'period': '2025', 'revenue': 1990.0, 'unit': 'M', 'net_profit': -905.64}, {'period': '2024', 'revenue': 3050.0, 'unit': 'M', 'net_profit': 69.67}, {'period': '2023', 'revenue': 2970.0, 'unit': 'M', 'net_profit': 356.33}, {'period': '2022', 'revenue': 2790.0, 'unit': 'M', 'net_profit': 363.14}]","[{'period': ""Q4 '25"", 'revenue': 568.98, 'unit': 'M', 'net_profit': -714.33}, {'period': ""Q3 '25"", 'revenue': 913.02, 'unit': 'M', 'net_profit': -408.89}, {'period': ""Q2 '25"", 'revenue': 780.89, 'unit': 'M', 'net_profit': 122.58}, {'period': ""Q1 '25"", 'revenue': 700.67, 'unit': 'M', 'net_profit': 95.0}, {'period': ""Q4 '24"", 'revenue': 795.41, 'unit': 'M', 'net_profit': -136.66}, {'period': ""Q3 '24"", 'revenue': 764.38, 'unit': 'M', 'net_profit': 111.0}]",-20.3,-20.25,6947239000,1938338000,393264000,3822471000,345583000,11193000,762026000,393264000,245441000,-0.3023571166658595,-13.998062432723358,-14.624161073825503,"[0.34, 0.4416]","['2026-03-06', '1985-02-19']",__nan__,0.5502144089184207
128,TG,Tredegar Corporation Common Stock,"Tredegar Corporation, through its subsidiaries, manufactures and sells aluminum extrusions, polyethylene (PE) films, and polyester films in the United States and internationally. It operates through three segments: Aluminum Extrusions, PE Films, and Flexible Packaging Films. The Aluminum Extrusions segment produces soft-alloy and medium-strength custom fabricated and finished aluminum extrusions for the building and construction, automotive and transportation, consumer durables, machinery and equipment, electrical and renewable energy, and distribution markets; and manufactures mill, anodized, and painted and fabricated aluminum extrusions to fabricators and distributors. The PE Films segment offers single- and multi-layer surface protection films for protecting components of flat panel displays that are used in televisions, monitors, notebooks, smart phones, tablets, e-readers, and digital signage under the UltraMask, ForceField, ForceField PEARL, and Pearl A brands. This segment also provides thin-gauge films as overwrap for bathroom tissue and paper towels, as well as polyethylene overwrap films and films for other markets. The Flexible Packaging Films segment offers polyester-based films for food packaging and industrial applications under the Terphane, Ecophane, and Sealphane brands. Tredegar Corporation was founded in 1955 and is headquartered in Richmond, Virginia.",Arijit DasGupta,Manufacturing - Metal Fabrication,7.54,USD,262067780,https://images.financialmodelingprep.com/symbol/TG.png,159247,1989-07-05,10.93,-0.01,51332,50380000,23819000,"[{'period': '2025', 'revenue': 722.86, 'unit': 'M', 'net_profit': 23.82}, {'period': '2024', 'revenue': 598.02, 'unit': 'M', 'net_profit': -64.56}, {'period': '2023', 'revenue': 573.32, 'unit': 'M', 'net_profit': -105.91}, {'period': '2022', 'revenue': 761.99, 'unit': 'M', 'net_profit': 28.45}]","[{'period': ""Q4 '25"", 'revenue': 184.07, 'unit': 'M', 'net_profit': 14.57}, {'period': ""Q3 '25"", 'revenue': 194.94, 'unit': 'M', 'net_profit': 7.07}, {'period': ""Q2 '25"", 'revenue': 179.12, 'unit': 'M', 'net_profit': 1.73}, {'period': ""Q1 '25"", 'revenue': 164.74, 'unit': 'M', 'net_profit': 10.1}, {'period': ""Q4 '24"", 'revenue': 50.0, 'unit': 'M', 'net_profit': -72.7}, {'period': ""Q3 '24"", 'revenue': 182.05, 'unit': 'M', 'net_profit': -3.95}]",0.69,0.69,371372000,169074000,6729000,154818000,81811000,0,104381000,6729000,15736000,0.620925967632959,1.3689150468520097,1.3670212765957446,"[0.13, 0.06]","['2023-06-15', '1989-09-11']",__nan__,0.41688118651917755
129,TGH,Textainer Group Holdings Limited Common Shares,"Textainer Group Holdings Limited, through its subsidiaries, purchases, owns, manages, leases, and disposes a fleet of intermodal containers worldwide. It operates through three segments: Container Ownership, Container Management, and Container Resale. The company's containers include standard and specialized dry freight, and refrigerated containers, as well as other special-purpose containers, which include tank, 45', pallet-wide, and other types of containers. It also provides container management, acquisition, and disposal services to affiliated and unaffiliated container investors. In addition, the company is involved in the sale of containers from its fleet, as well as purchase, lease, or resale of containers from shipping line customers, container traders, and other sellers of containers. It operates a fleet of approximately 2.7 million containers representing 4.3 million twenty-foot equivalent units. The company primarily serves shipping lines, as well as freight forwarding companies and the U.S. military. Textainer Group Holdings Limited was founded in 1979 and is headquartered in Hamilton, Bermuda.",Olivier Ghesquiere,Rental & Leasing Services,49.99,USD,2068376242,https://images.financialmodelingprep.com/symbol/TGH.png,659765,2007-10-10,11.545034642032332,0.02,537799,664245000,204670000,"[{'period': '2023', 'revenue': 789.86, 'unit': 'M', 'net_profit': 204.67}, {'period': '2022', 'revenue': 913.56, 'unit': 'M', 'net_profit': 309.42}, {'period': '2021', 'revenue': 853.49, 'unit': 'M', 'net_profit': 284.29}, {'period': '2020', 'revenue': 665.85, 'unit': 'M', 'net_profit': 72.82}]","[{'period': ""Q4 '23"", 'revenue': 195.19, 'unit': 'M', 'net_profit': 40.13}, {'period': ""Q3 '23"", 'revenue': 202.54, 'unit': 'M', 'net_profit': 49.65}, {'period': ""Q2 '23"", 'revenue': 205.43, 'unit': 'M', 'net_profit': 56.3}, {'period': ""Q1 '23"", 'revenue': 209.16, 'unit': 'M', 'net_profit': 58.59}, {'period': ""Q4 '22"", 'revenue': 223.83, 'unit': 'M', 'net_profit': 66.82}, {'period': ""Q3 '22"", 'revenue': 234.44, 'unit': 'M', 'net_profit': 76.4}]",4.9,4.79,7080825000,0,131135000,5099475000,2710464000,201917000,354650000,131135000,552691000,-0.1388707032338776,-0.3385451677956461,-0.21348314606741572,"[0.3, 0.2]","['2024-02-29', '2007-11-21']",__nan__,0.7201809111226446
130,TGI,Triumph Group Inc. Common Stock,"Triumph Group, Inc. designs, engineers, manufactures, repairs, overhauls, and distributes aerostructures, aircraft components, accessories, subassemblies, and systems worldwide. It operates in two segments, Triumph Systems & Support, and Triumph Aerospace Structures. The company offers aircraft and engine-mounted accessory drives, thermal control systems and components, cargo hooks, high lift actuations, cockpit control levers, hydraulic systems and components, control system valve bodies, landing gear actuation systems, electronic engine controls, landing gear components and assemblies, exhaust nozzles and ducting, main engine gearbox assemblies, geared transmissions and drive train components, main fuel pumps, fuel-metering units, primary and secondary flight control systems, and vibration absorbers. It also designs, manufactures, and repairs composite and metal bonding, flight control surfaces, engine nacelles, empennages, wing flaps, acoustic and thermal insulation systems, and composite ducts and floor panels, as well as provides integrated testing and certification services; and fuselage panels, horizontal and vertical tails, and floor grids. In addition, the company offers air cycle machines, blades and vanes, auxiliary power units, constant speed drives, combustors, engine and airframe accessories, stators, flight control surfaces, transition ducts, integrated drive generators, sidewalls, nacelles, light assemblies, remote sensors, overhead bins, thrust reversers, and fuel bladder cells, as well as cabin panes, shades, light lenses, and other components. It serves original equipment manufacturers of commercial, regional, and military aircraft; and aircraft components, as well as business jets and regional airlines, and air cargo carriers. Triumph Group, Inc. was incorporated in 1993 and is headquartered in Berwyn, Pennsylvania.",Daniel J. Crowley,Aerospace & Defense,26.01,USD,2023237165,https://images.financialmodelingprep.com/symbol/TGI.png,1362245,1996-10-25,56.54347826086956,0.16,6527511,158660000,40874000,"[{'period': '2025', 'revenue': 1260.0, 'unit': 'M', 'net_profit': 40.87}, {'period': '2024', 'revenue': 1190.0, 'unit': 'M', 'net_profit': 512.38}, {'period': '2023', 'revenue': 1380.0, 'unit': 'M', 'net_profit': 89.59}, {'period': '2022', 'revenue': 1460.0, 'unit': 'M', 'net_profit': -42.76}]","[{'period': ""Q4 '25"", 'revenue': 377.89, 'unit': 'M', 'net_profit': 28.49}, {'period': ""Q3 '25"", 'revenue': 315.56, 'unit': 'M', 'net_profit': 14.61}, {'period': ""Q2 '25"", 'revenue': 287.5, 'unit': 'M', 'net_profit': 11.87}, {'period': ""Q1 '25"", 'revenue': 281.02, 'unit': 'M', 'net_profit': -14.09}, {'period': ""Q4 '24"", 'revenue': 358.59, 'unit': 'M', 'net_profit': 547.75}, {'period': ""Q3 '24"", 'revenue': 284.95, 'unit': 'M', 'net_profit': -15.9}]",0.53,0.52,1626928000,878863000,277164000,1703374000,224640000,0,395078000,277164000,18829000,0.26622081052177937,-0.9202277979015738,-0.9232995658465991,"[0.04, 0.04]","['2020-02-28', '2006-08-17']",__nan__,1.0469879429206455
131,TGNA,TEGNA Inc,"TEGNA Inc. operates as a media company in the United States. The company operates television stations that deliver television programming and digital content. It offers news content to consumers across various platforms, including online, mobile, and social platforms; owns and operates multicast networks under the names True Crime Network, Quest, and Twist that offer on-demand episodes of shows; and operates VAULT Studios, which provides true crime and investigative content in the form of podcasts and original television programs. The company also provides solutions for advertisers through TEGNA Marketing Solutions (TMS). TMS delivers results for advertisers across television and digital platforms, as well as over-the-top (OTT) platforms, including Premion OTT advertising network. As of February 28, 2022, it operated 64 television stations in 51 markets. The company was formerly known as Gannett Co., Inc. and changed its name to TEGNA Inc. in June 2015. TEGNA Inc. was founded in 1906 and is headquartered in Tysons, Virginia.",Michael F. Steib,Broadcasting,20.03,USD,3243011431,https://images.financialmodelingprep.com/symbol/TGNA.png,1698974,1980-03-17,14.95,0.0,5817153,544178000,219856000,"[{'period': '2025', 'revenue': 2710.0, 'unit': 'M', 'net_profit': 219.86}, {'period': '2024', 'revenue': 3100.0, 'unit': 'M', 'net_profit': 599.82}, {'period': '2023', 'revenue': 2910.0, 'unit': 'M', 'net_profit': 476.72}, {'period': '2022', 'revenue': 3280.0, 'unit': 'M', 'net_profit': 630.47}]","[{'period': ""Q4 '25"", 'revenue': 706.11, 'unit': 'M', 'net_profit': 56.15}, {'period': ""Q3 '25"", 'revenue': 650.79, 'unit': 'M', 'net_profit': 37.12}, {'period': ""Q2 '25"", 'revenue': 675.04, 'unit': 'M', 'net_profit': 67.77}, {'period': ""Q1 '25"", 'revenue': 680.05, 'unit': 'M', 'net_profit': 57.92}, {'period': ""Q4 '24"", 'revenue': 870.53, 'unit': 'M', 'net_profit': 182.46}, {'period': ""Q3 '24"", 'revenue': 806.83, 'unit': 'M', 'net_profit': 146.81}]",1.36,1.34,6873934000,981000000,-291240000,3717755000,626639000,42292000,430365000,-291240000,282565000,-0.48456277941956505,-0.6334621501855563,-0.6169014084507041,"[0.125, 0.37]","['2026-03-10', '1985-09-09']",__nan__,0.5408482246119908
132,TGP,Teekay LNG Partners L.P.,"Teekay LNG Partners L.P. provides marine transportation services focusing on liquefied natural gas (LNG) and liquefied petroleum gas (LPG) worldwide. It operates in two segments, LNG and LPG. The company transports liquid petroleum gases, including propane, butane, and ethane; petrochemical gases, such as ethylene, propylene, and butadiene; and ammonia. As of December 31, 2020, it had a fleet of 47 LNG carriers and 30 LPG and multi-gas carriers. Teekay GP L.L.C. serves as the general partner of the company. Teekay LNG Partners L.P. was incorporated in 2004 and is based in Hamilton, Bermuda.",Mark Kremin,Oil & Gas Midstream,0.0,USD,0,https://images.financialmodelingprep.com/symbol/TGP.png,772725,2005-05-05,0.0,-16.99,798080,363362000,87357000,"[{'period': '2020', 'revenue': 591.1, 'unit': 'M', 'net_profit': 87.36}, {'period': '2019', 'revenue': 601.26, 'unit': 'M', 'net_profit': 152.79}, {'period': '2018', 'revenue': 510.76, 'unit': 'M', 'net_profit': 28.37}, {'period': '2017', 'revenue': 432.68, 'unit': 'M', 'net_profit': 33.97}]","[{'period': ""Q3 '21"", 'revenue': 146.58, 'unit': 'M', 'net_profit': 66.97}, {'period': ""Q2 '21"", 'revenue': 148.77, 'unit': 'M', 'net_profit': 53.29}, {'period': ""Q1 '21"", 'revenue': 152.8, 'unit': 'M', 'net_profit': 87.59}, {'period': ""Q4 '20"", 'revenue': 154.08, 'unit': 'M', 'net_profit': 35.14}, {'period': ""Q3 '20"", 'revenue': 148.94, 'unit': 'M', 'net_profit': 40.27}, {'period': ""Q2 '20"", 'revenue': 148.21, 'unit': 'M', 'net_profit': 44.93}]",1.05,1.05,4854004000,262131000,220731000,3107734000,18622000,1556893000,521258000,206762000,603023000,-0.23238840054334164,-0.42825446691537405,-0.4615384615384615,"[0.563, 0.2357]","['2021-12-30', '2005-08-03']",__nan__,0.6402413347825836
133,TGS,Transportadora de Gas del Sur SA TGS Common Stock,"Transportadora de Gas del Sur S.A. engages in transportation of natural gas, production, and commercialization of natural gas liquids in Argentina. The company operates through four segments: Natural Gas Transportation Services; Liquids Production and Commercialization; Other Services; and Telecommunications. The Natural Gas Transportation segment transports natural gas through 5,769 miles of pipeline system to distribution companies, power plants, and industrial customers. It also provides operation and maintenance services for the natural gas transportation facilities. The company's Liquids Production and Commercialization segment produces and commercializes natural gas liquids, such as ethane, liquid petroleum gas, natural gasoline, propane, and butane in Argentina and internationally. Its Other Services segment offers midstream services, including natural gas treatment, separation, and removal of impurities from the natural gas stream, as well as natural gas compression. It also provides services related to pipeline and compression plant construction, operation, and maintenance; and generates steam for electricity production. The Telecommunications segment provides telecommunication services with a network that includes a microwave digital network with synchronous digital hierarchy technology and a dark fiber optic network. As of December 31, 2021, it served 6.2 million residential, commercial, industrial, and electric power generation end users. The company was founded in 1992 and is headquartered in Buenos Aires, Argentina. Transportadora de Gas del Sur S.A. is a subsidiary of Compañía de Inversiones de Energía S.A.",Oscar José Sardi,Oil & Gas Integrated,34.37,USD,5174480076,https://images.financialmodelingprep.com/symbol/TGS.png,231457,1994-11-17,16.93,0.59,434862,1096286586000,490323576000,"[{'period': '2025', 'revenue': 1990.0, 'unit': 'B', 'net_profit': 490.32}, {'period': '2024', 'revenue': 1210.0, 'unit': 'B', 'net_profit': 370.16}, {'period': '2023', 'revenue': 967.5, 'unit': 'B', 'net_profit': 51.21}, {'period': '2022', 'revenue': 1080.0, 'unit': 'B', 'net_profit': 219.16}]","[{'period': ""Q4 '25"", 'revenue': 567.12, 'unit': 'B', 'net_profit': 147.04}, {'period': ""Q3 '25"", 'revenue': 421.42, 'unit': 'B', 'net_profit': 112.06}, {'period': ""Q2 '25"", 'revenue': 343.01, 'unit': 'B', 'net_profit': 40.28}, {'period': ""Q1 '25"", 'revenue': 320.99, 'unit': 'B', 'net_profit': 107.35}, {'period': ""Q4 '24"", 'revenue': 411.54, 'unit': 'B', 'net_profit': 147.64}, {'period': ""Q3 '24"", 'revenue': 331.97, 'unit': 'B', 'net_profit': 68.8}]",3250.25,3250.25,5412148914000,2236093828000,1807485995000,2285474206000,220031381000,5759309000,447063624000,803800407000,269364612000,0.4284253365514466,0.32461278091915363,0.32193842274372625,"[0.92787, 0.4]","['2025-06-30', '1994-08-23']",__nan__,0.42228590571260843
134,TGT,Target Corporation Common Stock,"Target Corporation operates as a general merchandise retailer in the United States. The company offers food assortments, including perishables, dry grocery, dairy, and frozen items; apparel, accessories, home décor products, electronics, toys, seasonal offerings, food, and other merchandise; and beauty and household essentials. It also provides in-store amenities, such as Target Café, Target Optical, Starbucks, and other food service offerings. The company sells its products through its stores; and digital channels, including Target.com. As of March 09, 2022, the company operated approximately 2,000 stores. Target Corporation was incorporated in 1902 and is headquartered in Minneapolis, Minnesota.",Michael J. Fiddelke,Discount Stores,119.8,USD,54252099562,https://images.financialmodelingprep.com/symbol/TGT.png,6629422,1967-10-18,14.74,2.8,5962322,8013000000,3705000000,"[{'period': '2025', 'revenue': 104.78, 'unit': 'B', 'net_profit': 3.71}, {'period': '2024', 'revenue': 106.57, 'unit': 'B', 'net_profit': 4.09}, {'period': '2023', 'revenue': 107.41, 'unit': 'B', 'net_profit': 4.14}, {'period': '2022', 'revenue': 109.12, 'unit': 'B', 'net_profit': 2.78}]","[{'period': ""Q4 '25"", 'revenue': 31.92, 'unit': 'B', 'net_profit': 1.38}, {'period': ""Q3 '25"", 'revenue': 25270.0, 'unit': 'M', 'net_profit': 689.0}, {'period': ""Q2 '25"", 'revenue': 25210.0, 'unit': 'M', 'net_profit': 935.0}, {'period': ""Q1 '25"", 'revenue': 23.85, 'unit': 'B', 'net_profit': 1.04}, {'period': ""Q4 '24"", 'revenue': 30.91, 'unit': 'B', 'net_profit': 1.1}, {'period': ""Q3 '24"", 'revenue': 25670.0, 'unit': 'M', 'net_profit': 854.0}]",8.16,8.13,59490000000,20005000000,5488000000,43325000000,0,0,21230000000,5488000000,2835000000,-0.07396278747255287,-0.0943534588120264,-0.08211473565804278,"[1.14, 0.3]","['2026-05-13', '1983-05-16']",__nan__,0.7282736594385611
135,THC,Tenet Healthcare Corporation Common Stock,"Tenet Healthcare Corporation operates as a diversified healthcare services company. The company operates in three segments: Hospital Operations and Other, Ambulatory Care, and Conifer. Its general hospitals offer acute care services, operating and recovery rooms, radiology and respiratory therapy services, clinical laboratories, and pharmacies. The company also provides intensive and critical care, and coronary care units; cardiovascular, digestive disease, neurosciences, musculoskeletal, and obstetrics services; outpatient services, including physical therapy; cardiothoracic surgery, complex spinal surgery, neonatal intensive care, and neurosurgery services; quaternary care services in heart and kidney transplants; and limb-salvaging vascular procedure, acute level 1 trauma, intravascular stroke care, minimally invasive cardiac valve replacement, imaging, and telemedicine access services. In addition, it operates ambulatory surgery and urgent care centers, imaging centers, surgical hospitals, off-campus emergency departments, and micro-hospitals; and offers healthcare business process services in the areas of hospital and physician revenue cycle management, patient communications and engagement support, and value-based care solutions to hospitals, health systems, physician practices, employers, and other customers. As of February 09, 2022, the company operated 60 hospitals; and approximately 550 other healthcare facilities, including surgical hospitals, ambulatory surgery centers, urgent care and imaging centers, and other care sites and clinics. Tenet Healthcare Corporation was incorporated in 1975 and is headquartered in Dallas, Texas.",Saumya Sutaria,Medical - Care Facilities,191.86,USD,16861616100,https://images.financialmodelingprep.com/symbol/THC.png,1017567,1980-03-17,12.39,-3.6,491886,4302000000,1407000000,"[{'period': '2025', 'revenue': 21.31, 'unit': 'B', 'net_profit': 1.41}, {'period': '2024', 'revenue': 20.66, 'unit': 'B', 'net_profit': 3.2}, {'period': '2023', 'revenue': 20550.0, 'unit': 'M', 'net_profit': 611.0}, {'period': '2022', 'revenue': 19170.0, 'unit': 'M', 'net_profit': 411.0}]","[{'period': ""Q4 '25"", 'revenue': 5530.0, 'unit': 'M', 'net_profit': 371.0}, {'period': ""Q3 '25"", 'revenue': 5290.0, 'unit': 'M', 'net_profit': 342.0}, {'period': ""Q2 '25"", 'revenue': 5270.0, 'unit': 'M', 'net_profit': 288.0}, {'period': ""Q1 '25"", 'revenue': 5220.0, 'unit': 'M', 'net_profit': 406.0}, {'period': ""Q4 '24"", 'revenue': 5070.0, 'unit': 'M', 'net_profit': 318.0}, {'period': ""Q3 '24"", 'revenue': 5120.0, 'unit': 'M', 'net_profit': 472.0}]",15.61,15.49,29677000000,7849000000,2883000000,20704000000,2565000000,2883000000,4463000000,2883000000,2530000000,-0.3757980266976204,-0.5603125,-0.5272562083585707,"[0.01, 0.10667]","['2000-03-13', '1982-02-22']",__nan__,0.6976446406307916
136,THG,Hanover Insurance Group Inc,"The Hanover Insurance Group, Inc., through its subsidiaries, provides various property and casualty insurance products and services in the United States. The company operates through three segments: Commercial Lines, Personal Lines, and Other. The Commercial Lines segment offers commercial multiple peril, commercial automobile, and workers' compensation insurance products, as well as management and professional liability, marine, specialty industrial and commercial property, monoline general liability, surety, umbrella, fidelity, crime, and other commercial coverages. The Personal Lines segment provides personal automobile and homeowner's coverages, as well as other personal coverages, such as personal umbrella, inland marine, fire, personal watercraft, personal cyber, and other miscellaneous coverages. The Other segment markets investment management services to institutions, pension funds, and other organizations. The Hanover Insurance Group, Inc. markets its products and services through independent agents and brokers. The company was formerly known as Allmerica Financial Corp. and changed its name to The Hanover Insurance Group, Inc. in December 2005. The Hanover Insurance Group, Inc. was founded in 1852 and is headquartered in Worcester, Massachusetts.",John Conner Roche,Insurance - Property & Casualty,169.38,USD,5953588434,https://images.financialmodelingprep.com/symbol/THG.png,338528,1995-10-11,9.35,-2.9,226205,887000000,662500000,"[{'period': '2025', 'revenue': 6600.0, 'unit': 'M', 'net_profit': 662.5}, {'period': '2024', 'revenue': 6220.0, 'unit': 'M', 'net_profit': 426.0}, {'period': '2023', 'revenue': 5960.0, 'unit': 'M', 'net_profit': 35.3}, {'period': '2022', 'revenue': 5430.0, 'unit': 'M', 'net_profit': 116.0}]","[{'period': ""Q4 '25"", 'revenue': 1670.0, 'unit': 'M', 'net_profit': 198.5}, {'period': ""Q3 '25"", 'revenue': 1660.0, 'unit': 'M', 'net_profit': 178.7}, {'period': ""Q2 '25"", 'revenue': 1650.0, 'unit': 'M', 'net_profit': 157.1}, {'period': ""Q1 '25"", 'revenue': 1600.0, 'unit': 'M', 'net_profit': 128.2}, {'period': ""Q4 '24"", 'revenue': 1580.0, 'unit': 'M', 'net_profit': 167.9}, {'period': ""Q3 '24"", 'revenue': 1560.0, 'unit': 'M', 'net_profit': 102.1}]",18.51,18.51,16945900000,0,1122700000,13374400000,1861300000,8508900000,0,1122700000,1170400000,0.5469131496337635,0.5551643192488263,0.5620253164556964,"[0.95, 0.05]","['2026-03-13', '1996-01-30']",__nan__,0.7892410553585233
137,THO,Thor Industries Inc. Common Stock,"Thor Industries, Inc. designs, manufactures, and sells recreational vehicles (RVs), and related parts and accessories in the United States, Canada, and Europe. The company offers travel trailers; gasoline and diesel Class A, Class B, and Class C motorhomes; conventional travel trailers and fifth wheels; luxury fifth wheels; and motorcaravans, caravans, campervans, and urban vehicles. It also provides aluminum extrusion and specialized component products to RV and other manufacturers; and digital products and services for RVs. The company provides its products through independent and non-franchise dealers. The company was founded in 1980 and is based in Elkhart, Indiana.",Robert W. Martin,Auto - Recreational Vehicles,79.12,USD,4180595175,https://images.financialmodelingprep.com/symbol/THO.png,621584,1984-01-10,14.05,-2.32,486564,570826000,258559000,"[{'period': '2025', 'revenue': 9580.0, 'unit': 'M', 'net_profit': 258.56}, {'period': '2024', 'revenue': 10040.0, 'unit': 'M', 'net_profit': 265.31}, {'period': '2023', 'revenue': 11120.0, 'unit': 'M', 'net_profit': 374.27}, {'period': '2022', 'revenue': 16.31, 'unit': 'B', 'net_profit': 1.14}]","[{'period': ""Q2 '26"", 'revenue': 2130.0, 'unit': 'M', 'net_profit': 17.8}, {'period': ""Q1 '26"", 'revenue': 2390.0, 'unit': 'M', 'net_profit': 21.67}, {'period': ""Q4 '25"", 'revenue': 2520.0, 'unit': 'M', 'net_profit': 125.76}, {'period': ""Q3 '25"", 'revenue': 2890.0, 'unit': 'M', 'net_profit': 135.19}, {'period': ""Q2 '25"", 'revenue': 2020000.0, 'unit': 'K', 'net_profit': -551.0}, {'period': ""Q1 '25"", 'revenue': 2140.0, 'unit': 'M', 'net_profit': -1.83}]",4.87,4.84,7065284000,2777975000,586596000,2775732000,707363000,136784000,1584696000,586596000,454936000,-0.18685059986267688,-0.025438358436232607,-0.02208835341365468,"[0.52, 0.03]","['2026-04-06', '1987-09-08']",__nan__,0.39286913307377314
138,THQ,Tekla Healthcare Opportunies Fund Shares of Beneficial Interest,"Tekla Healthcare Opportunities Fund is a closed ended balanced mutual fund launched and managed by Tekla Capital Management LLC. The fund invests in public equity and fixed income markets across the globe. It seeks to invest in securities of companies operating in the healthcare sector. The fund also invests in pooled investment vehicles. For its fixed income portion, the fund invests in corporate debt securities across the credit rating spectrum. It benchmarks the performance of its portfolio against the S&P 1500 Healthcare Index and S&P 500 Index. Tekla Healthcare Opportunities Fund was formed on April 2, 2014 and is domiciled in the United States.",Daniel R. Omstead,Asset Management,16.65,USD,688963680,https://images.financialmodelingprep.com/symbol/THQ.png,168222,2014-07-29,-6.01,-0.53,132289,-114843963,-114843963,"[{'period': '2025', 'revenue': -100.83, 'unit': 'M', 'net_profit': -114.84}, {'period': '2024', 'revenue': 191.1, 'unit': 'M', 'net_profit': 189.56}, {'period': '2023', 'revenue': 80.51, 'unit': 'M', 'net_profit': 52.79}, {'period': '2022', 'revenue': 69.58, 'unit': 'M', 'net_profit': -86.25}]","[{'period': ""Q4 '25"", 'revenue': -5.12, 'unit': 'M', 'net_profit': -53.94}, {'period': ""Q2 '25"", 'revenue': 20.39, 'unit': 'M', 'net_profit': -60.91}, {'period': ""Q4 '24"", 'revenue': 51.99, 'unit': 'M', 'net_profit': 66.14}, {'period': ""Q2 '24"", 'revenue': 14.22, 'unit': 'M', 'net_profit': 123.42}, {'period': ""Q4 '23"", 'revenue': 62.13, 'unit': 'M', 'net_profit': -8.73}, {'period': ""Q2 '23"", 'revenue': 18.38, 'unit': 'M', 'net_profit': 61.52}]",-2.78,-2.78,970211916,4528330,0,229509503,4323134,0,657107,0,353680,-1.5614846442206927,-1.6058371439028745,-1.6069868995633185,"[0.18, 0.1125]","['2026-03-24', '2014-09-17']",__nan__,0.23655605462590504
139,THR,Thermon Group Holdings Inc. Common Stock,"Thermon Group Holdings, Inc. provides engineered industrial process heating solutions for process industries worldwide. Its products include electric heating products, such as air heaters and heating accessories, boilers and calorifiers, controlling and monitoring solutions, heat tracing systems, tank heating systems, thermostats, tubing bundles, and system accessories, as well as strip, tubular, immersion, and process heaters; and gas heating products, including enclosure and explosion proof gas catalytic heaters, gas fired blowers, and gas heating accessories that comprise regulators, valves, mounting brackets, and battery cables. The company also offers specialty products, which include CEMS and analytical systems, commercial construction products and services, control panels, engineered products, compressed gas scrubbing systems, temporary power solutions, and snow clearing devices for rail track and switch equipment; and steam heating solutions comprising heat transfer compounds, steam heated bundles, steam supply and condensate return lines, steam tracing solutions, steam trace accessories, and tank heating products. In addition, it provides design engineering solutions that include design optimization studies, product selection assistance, and computer-generated drawing packages; energy audit services; procurement and project management services; procurement and project management services; turnkey construction installation; recurring facility assessment or audit; maintenance services; and technical support services. The company offers its solutions to chemical and petrochemical, oil and gas, power generation, rail and transit, commercial, transportation, food and beverage, pharmaceutical, and mineral processing industries, as well as data centers, semiconductor facilities, and other markets through a network of sales and service professionals, and distributors. Thermon Group Holdings, Inc. was founded in 1954 and is headquartered in Austin, Texas.",Bruce A. Thames,Industrial - Machinery,51.16,USD,1681442568,https://images.financialmodelingprep.com/symbol/THR.png,525993,2011-05-05,28.9,0.1,234611,102783000,53515000,"[{'period': '2025', 'revenue': 498.21, 'unit': 'M', 'net_profit': 53.52}, {'period': '2024', 'revenue': 494.63, 'unit': 'M', 'net_profit': 51.59}, {'period': '2023', 'revenue': 440.59, 'unit': 'M', 'net_profit': 33.67}, {'period': '2022', 'revenue': 355.67, 'unit': 'M', 'net_profit': 20.09}]","[{'period': ""Q3 '26"", 'revenue': 147.31, 'unit': 'M', 'net_profit': 18.29}, {'period': ""Q2 '26"", 'revenue': 131.72, 'unit': 'M', 'net_profit': 14.95}, {'period': ""Q1 '26"", 'revenue': 108.9, 'unit': 'M', 'net_profit': 8.58}, {'period': ""Q4 '25"", 'revenue': 134.08, 'unit': 'M', 'net_profit': 16.97}, {'period': ""Q3 '25"", 'revenue': 134.35, 'unit': 'M', 'net_profit': 18.54}, {'period': ""Q2 '25"", 'revenue': 114.65, 'unit': 'M', 'net_profit': 9.49}]",1.59,1.57,755452000,274292000,39537000,260137000,129249000,0,112663000,39537000,52869000,0.0778870758001594,0.037353648135225244,0.03921568627450984,__nan__,__nan__,__nan__,0.34434616626867093
140,THS,Treehouse Foods Inc. Common Stock,"TreeHouse Foods, Inc. manufactures and distributes private label foods and beverages in the United States and internationally. It operates through two segments, Meal Preparation, and Snacking & Beverages. The Meal Preparation segment provides aseptic cheese and pudding products; baking and mix powders; hot cereals; jams, preserves, and jellies; liquid and powdered non-dairy creamers; macaroni and cheese; mayonnaise; Mexican, barbeque, and other sauces; pastas; pickles and related products; powdered soups and gravies; refrigerated and shelf stable dressings and sauces; refrigerated dough; single serve hot beverages; skillet dinners; and table and flavored syrups. The Snacking & Beverages segment offers bars, broths, candies, cookies, crackers, in-store bakery products, pita chips, powdered drinks, pretzels, ready-to-drink coffee, retail griddle waffles, pancakes, French toasts, specialty teas, and sweeteners. The company sells its products through various distribution channels, including retailers, foodservice distributors, and co-manufacturers, as well as industrial and export, which includes food manufacturers and repackagers of foodservice products. TreeHouse Foods, Inc. was founded in 1862 and is based in Oak Brook, Illinois.",Steven T. Oakland,Packaged Foods,24.43,USD,1233715049,https://images.financialmodelingprep.com/symbol/THS.png,1276459,2005-06-28,-5.047520661157025,-0.02,28964345,243600000,26900000,"[{'period': '2024', 'revenue': 3350.0, 'unit': 'M', 'net_profit': 26.9}, {'period': '2023', 'revenue': 3430.0, 'unit': 'M', 'net_profit': 53.1}, {'period': '2022', 'revenue': 3300.0, 'unit': 'M', 'net_profit': -146.3}, {'period': '2021', 'revenue': 2810.0, 'unit': 'M', 'net_profit': -12.5}]","[{'period': ""Q3 '25"", 'revenue': 840.3, 'unit': 'M', 'net_profit': -265.8}, {'period': ""Q2 '25"", 'revenue': 798.0, 'unit': 'M', 'net_profit': -2.9}, {'period': ""Q1 '25"", 'revenue': 792.0, 'unit': 'M', 'net_profit': -31.8}, {'period': ""Q4 '24"", 'revenue': 905.7, 'unit': 'M', 'net_profit': 58.7}, {'period': ""Q3 '24"", 'revenue': 839.1, 'unit': 'M', 'net_profit': -3.4}, {'period': ""Q2 '24"", 'revenue': 788.5, 'unit': 'M', 'net_profit': -16.7}]",0.52,0.51,3980000000,1009700000,289600000,2431100000,146800000,18900000,744900000,289600000,126100000,-0.1882705764745085,-0.4934086629001883,-0.4526315789473684,__nan__,__nan__,__nan__,0.6108291457286432
141,THW,Tekla World Healthcare Fund Shares of Beneficial Interest,"Tekla World Healthcare Fund is a closed-ended balanced mutual fund launched and managed by Tekla Capital Management LLC. The fund invests in public equity and fixed income markets across the globe. It seeks to invest in stocks of companies operating in the healthcare sector. For its fixed income portion, the fund primarily invests in corporate debt securities. Tekla World Healthcare Fund was formed on June 26, 2015 and is domiciled in the United States.",William R. Hite,Asset Management,11.37,USD,453094500,https://images.financialmodelingprep.com/symbol/THW.png,165983,2015-06-26,8.49,-0.42,121448,55387536,55387536,"[{'period': '2025', 'revenue': 63.14, 'unit': 'M', 'net_profit': 55.39}, {'period': '2024', 'revenue': 94.49, 'unit': 'M', 'net_profit': 93.36}, {'period': '2023', 'revenue': 45.98, 'unit': 'M', 'net_profit': 37.62}, {'period': '2022', 'revenue': 38.11, 'unit': 'M', 'net_profit': -62.84}]","[{'period': ""Q4 '25"", 'revenue': -4.55, 'unit': 'M', 'net_profit': 89.86}, {'period': ""Q2 '25"", 'revenue': 10.91, 'unit': 'M', 'net_profit': -34.47}, {'period': ""Q4 '24"", 'revenue': 19.8, 'unit': 'M', 'net_profit': 36.35}, {'period': ""Q2 '24"", 'revenue': -2.23, 'unit': 'M', 'net_profit': 57.01}, {'period': ""Q4 '23"", 'revenue': 44.02, 'unit': 'M', 'net_profit': -8.05}, {'period': ""Q2 '23"", 'revenue': 1.96, 'unit': 'M', 'net_profit': 45.67}]",1.43,1.43,636735935,1969645,488222,124232702,1174344,459881,2504022,488222,34129830,-0.4534535329875448,-0.40673520352769077,-0.4139344262295082,"[0.1167, 0.1167]","['2026-03-24', '2015-08-18']",__nan__,0.19510867091237752
142,TIMB,TIM S.A. American Depositary Shares (Each representing 5 Common Shares) ,"TIM S.A., a telecommunications company, provides mobile voice and data services, broadband internet access, value-added services, and other telecommunications services and products in Brazil. The company offers services for individuals, as well as corporate solutions for small, medium, and large companies. It also offers fixed-line ultra-broadband and TIM Live services, as well as WTTx technology through Ultrafibra services and IoT solutions. In addition, the company provides digital content and services in its portfolio of packages; sells various mobile handsets and accessories through its dealer network, which includes its own stores, exclusive franchises, and authorized dealers; and offers co-billing services to other telecommunication service providers. As of December 31, 2021, it served a subscriber base of 52.6 million customers. The company is headquartered in Rio de Janeiro, Brazil. TIM S.A. is a subsidiary of TIM Brasil Serviços e Participações S.A.",Alberto Mario Griselli,Telecommunications Services,25.52,USD,12191784083,https://images.financialmodelingprep.com/symbol/TIMB.png,420147,1998-11-16,14.92,-0.08,178309,11067515000,4311984000,"[{'period': '2025', 'revenue': 26.62, 'unit': 'B', 'net_profit': 4.31}, {'period': '2024', 'revenue': 25.45, 'unit': 'B', 'net_profit': 3.15}, {'period': '2023', 'revenue': 23.83, 'unit': 'B', 'net_profit': 2.84}, {'period': '2022', 'revenue': 21.53, 'unit': 'B', 'net_profit': 1.67}]","[{'period': ""Q4 '25"", 'revenue': 6.92, 'unit': 'B', 'net_profit': 1.33}, {'period': ""Q3 '25"", 'revenue': 6.71, 'unit': 'B', 'net_profit': 1.21}, {'period': ""Q2 '25"", 'revenue': 6600.0, 'unit': 'M', 'net_profit': 975.39}, {'period': ""Q1 '25"", 'revenue': 6390.0, 'unit': 'M', 'net_profit': 797.62}, {'period': ""Q4 '24"", 'revenue': 6.63, 'unit': 'B', 'net_profit': 1.05}, {'period': ""Q3 '24"", 'revenue': 6420.0, 'unit': 'M', 'net_profit': 805.03}]",8.95,8.95,56939179000,13464205000,5884640000,32961788000,4935875000,2814125000,15201168000,85830000,8898574000,-0.14792502027500717,0.3671993331390753,0.19333333333333336,"[0.11901, 0.76]","['2026-03-30', '1999-01-04']",__nan__,0.5788946833954174
143,TINV,Tiga Acquisition Corp. Class A Ordinary Shares,"Tiga Acquisition Corp. does not have significant operations. It intends to effect a merger, share exchange, asset acquisition, share purchase, reorganization, or similar business combination with one or more businesses or entities. The company was incorporated in 2020 and is headquartered in Singapore.","George Raymond Zage III, BSc Finance",Shell Companies,11.63,USD,2018084120,https://images.financialmodelingprep.com/symbol/TINV.png,105806,2021-01-14,30.605263157894736,-0.27,130721,8860000,94751000,"[{'period': '2025', 'revenue': 439.9, 'unit': 'M', 'net_profit': 94.75}, {'period': '2024', 'revenue': 344.64, 'unit': 'M', 'net_profit': -131.0}, {'period': '2022', 'revenue': 195010.0, 'unit': 'K', 'net_profit': 852.0}, {'period': '2021', 'revenue': 0.0, 'unit': 'M', 'net_profit': 48.15}]","[{'period': ""Q4 '25"", 'revenue': 125.97, 'unit': 'M', 'net_profit': 20.26}, {'period': ""Q3 '25"", 'revenue': 115.77, 'unit': 'M', 'net_profit': 30.83}, {'period': ""Q2 '25"", 'revenue': 104.22, 'unit': 'M', 'net_profit': 16.64}, {'period': ""Q1 '25"", 'revenue': 93.94, 'unit': 'M', 'net_profit': 27.02}, {'period': ""Q4 '24"", 'revenue': 157.03, 'unit': 'M', 'net_profit': -120.0}, {'period': ""Q3 '24"", 'revenue': 89.33, 'unit': 'M', 'net_profit': 24.68}]",0.45,0.43,531031000,166038000,87045000,484025000,67946000,0,84923000,87045000,140772000,1.0697659768811616,1.7232845550797322,1.6081081081081081,__nan__,__nan__,__nan__,0.9114816272496332
144,TISI,Team Inc. Common Stock,"Team, Inc., together with its subsidiaries, provides asset performance assurance and optimization solutions in the United States, Canada, Europe, and internationally. It operates through Inspection and Heat Treating (IHT), Mechanical Services (MS), and Quest Integrity segments. The IHT segment offers non-destructive evaluation and testing, radiographic testing, ultrasonic testing, magnetic particle inspection, liquid penetrant inspection, positive material identification, electromagnetic testing, alternating current field measurement, and eddy current testing services. This segment also provides long-range guided ultrasonic testing, phased array ultrasonic testing, terminals and storage inspection and management program, rope access, mechanical and pipeline integrity, heat treating, and robotics and inspection services. The MS segment offers engineered composite repair, emissions control/compliance, hot tapping, valve insertion, field machining, bolted joint integrity, vapor barrier plug and weld testing, and valve management services, as well as leak repair services for pipes, valves, and flanges, as well as other parts of piping systems, pipelines, and related assets. The Quest Integrity segment provides furnace tube inspection system-enabled, in-line inspection, pipeline integrity management, engineering and condition assessment, and robotics and inspection services. It also offers onstream services comprising of line stopping and on-line valve insertion solutions. The company serves refining, power, renewables, nuclear, liquefied natural gas, chemical, petrochemical, pulp and paper, automotive, mining, valves, terminals and storage, pipeline, offshore oil and gas, and aerospace and defense industries, as well as amusement parks, bridges, ports, construction and buildings, roads, dams, and railways. Team, Inc. was founded in 1973 and is headquartered in Sugar Land, Texas.",Gary L. Hill,Specialty Business Services,15.62,USD,71404956,https://images.financialmodelingprep.com/symbol/TISI.png,12347,1980-10-07,-1.34,0.0,394,49623000,-49210000,"[{'period': '2025', 'revenue': 896.48, 'unit': 'M', 'net_profit': -49.21}, {'period': '2024', 'revenue': 852.27, 'unit': 'M', 'net_profit': -38.27}, {'period': '2023', 'revenue': 862.62, 'unit': 'M', 'net_profit': -75.72}, {'period': '2022', 'revenue': 840.21, 'unit': 'M', 'net_profit': 70.08}]","[{'period': ""Q4 '25"", 'revenue': 224.83, 'unit': 'M', 'net_profit': -3.78}, {'period': ""Q3 '25"", 'revenue': 224.98, 'unit': 'M', 'net_profit': -11.45}, {'period': ""Q2 '25"", 'revenue': 248.03, 'unit': 'M', 'net_profit': -4.27}, {'period': ""Q1 '25"", 'revenue': 198.66, 'unit': 'M', 'net_profit': -29.72}, {'period': ""Q4 '24"", 'revenue': 213.3, 'unit': 'M', 'net_profit': -7.18}, {'period': ""Q3 '24"", 'revenue': 210.76, 'unit': 'M', 'net_profit': -11.13}]",-11.7,-11.7,485453000,266405000,18145000,457983000,188926000,1238000,120055000,18145000,-20637000,0.05884988797610157,-0.28599801390268126,-0.3541666666666665,"[2, 10]","['1993-02-03', '1989-08-09']",__nan__,0.9434136775341794
145,TIXT,TELUS International (Cda) Inc. Subordinate Voting Shares,"TELUS International (Cda) Inc. provides customer experience and digital business services in Europe, North America, the Asia-Pacific, and the Central America. It offers digital experience solutions, such as AI and bots, omnichannel CX, mobility solutions, cloud contact center, big data, platform transformation, and UX/UI design; and customer experience solutions, including work anywhere/work from home, customer care, technical support, sales growth and retention, and healthcare/patient experience. The company also provides IT lifecycle services comprising cloud and platform services, app dev and management, quality assurance and testing, system operations, IT service desk, internet of things, engineering solutions, and enterprise platform services; advisory services consisting of digital strategy, CX process consulting, data and customer analytics, workforce management, learning excellence solutions, and business and process transformation; robotic process automation, talent acquisition, finance and accounting, and supply chain management; and content moderation and social media, and fraud prevention and detection. It serves tech and games, communications and media, ecommerce and fintech, healthcare, and travel and hospitality industries. The company was founded in 2005 and is headquartered in Vancouver, Canada. TELUS International (Cda) Inc. is a subsidiary of TELUS Communications Inc.",Jason Macdonnell,Software - Infrastructure,4.31,USD,1191717246,https://images.financialmodelingprep.com/symbol/TIXT.png,1120430,2021-02-03,-3.1231884057971016,-0.05,264535,437000000,-61000000,"[{'period': '2024', 'revenue': 2660.0, 'unit': 'M', 'net_profit': -61.0}, {'period': '2023', 'revenue': 2710.0, 'unit': 'M', 'net_profit': 54.0}, {'period': '2022', 'revenue': 2470.0, 'unit': 'M', 'net_profit': 183.0}, {'period': '2021', 'revenue': 2190.0, 'unit': 'M', 'net_profit': 78.0}]","[{'period': ""Q2 '25"", 'revenue': 710.52, 'unit': 'M', 'net_profit': -276.48}, {'period': ""Q1 '25"", 'revenue': 670.0, 'unit': 'M', 'net_profit': -25.0}, {'period': ""Q4 '24"", 'revenue': 691.0, 'unit': 'M', 'net_profit': -54.0}, {'period': ""Q3 '24"", 'revenue': 658.0, 'unit': 'M', 'net_profit': -32.0}, {'period': ""Q2 '24"", 'revenue': 651.87, 'unit': 'M', 'net_profit': -3.0}, {'period': ""Q1 '24"", 'revenue': 654.07, 'unit': 'M', 'net_profit': 28.0}]",-0.22,-0.21,4521000000,707000000,174000000,2576000000,478000000,15294000,745000000,174000000,412000000,-0.16511622668237683,-2.1296296296296298,-2.1,__nan__,__nan__,__nan__,0.5697854456978545
146,TJX,TJX Companies Inc. (The) Common Stock,"The TJX Companies, Inc., together with its subsidiaries, operates as an off-price apparel and home fashions retailer. It operates through four segments: Marmaxx, HomeGoods, TJX Canada, and TJX International. The company sells family apparel, including footwear and accessories; home fashions, such as home basics, furniture, rugs, lighting products, giftware, soft home products, decorative accessories, tabletop, and cookware, as well as expanded pet, kids, and gourmet food departments; jewelry and accessories; and other merchandise. As of February 23, 2022, it operated 1,284 T.J. Maxx, 1,148 Marshalls, 850 HomeGoods, 59 Sierra, and 39 Homesense stores, as well as tjmaxx.com, marshalls.com, and sierra.com in the United States; 293 Winners, 147 HomeSense, and 106 Marshalls stores in Canada; 618 T.K. Maxx and 77 Homesense stores, as well as tkmaxx.com in Europe; and 68 T.K. Maxx stores in Australia. The company was incorporated in 1962 and is headquartered in Framingham, Massachusetts.",Ernie L. Herrman,Apparel - Retail,155.12,USD,172639059831,https://images.financialmodelingprep.com/symbol/TJX.png,5142784,1987-06-26,31.85,-2.45,2441859,8546000000,5494000000,"[{'period': '2026', 'revenue': 60.37, 'unit': 'B', 'net_profit': 5.49}, {'period': '2025', 'revenue': 56.36, 'unit': 'B', 'net_profit': 4.86}, {'period': '2024', 'revenue': 54.22, 'unit': 'B', 'net_profit': 4.47}, {'period': '2023', 'revenue': 49.94, 'unit': 'B', 'net_profit': 3.5}]","[{'period': ""Q4 '26"", 'revenue': 17.74, 'unit': 'B', 'net_profit': 1.77}, {'period': ""Q3 '26"", 'revenue': 15.12, 'unit': 'B', 'net_profit': 1.44}, {'period': ""Q2 '26"", 'revenue': 14.4, 'unit': 'B', 'net_profit': 1.24}, {'period': ""Q1 '26"", 'revenue': 13.11, 'unit': 'B', 'net_profit': 1.04}, {'period': ""Q4 '25"", 'revenue': 16.35, 'unit': 'B', 'net_profit': 1.4}, {'period': ""Q3 '25"", 'revenue': 14.06, 'unit': 'B', 'net_profit': 1.3}]",4.89,4.88,35767000000,15202000000,6230000000,25577000000,0,0,13361000000,6230000000,4856000000,0.11522902257601461,0.12952302631578946,0.13457076566125292,"[0.425, 0.1]","['2026-02-12', '1987-08-07']",__nan__,0.7151005116448123
147,TK,Teekay Corporation Common Stock,"Teekay Corporation engages in the international crude oil and other marine transportation services worldwide. The company provides a full suite of ship-to-ship transfer services in the oil, gas, and dry bulk industries; lightering and lightering support; and operational and maintenance marine, as well as offshore production services. As of March 1, 2022, it operated a fleet of approximately 55 vessels. The company primarily serves energy and utility companies, major oil traders, large oil consumers and petroleum product producers, government agencies, and various other entities that depend upon marine transportation. Teekay Corporation was founded in 1973 and is headquartered in Hamilton, Bermuda.",Kenneth Hvid,Oil & Gas Midstream,12.0,USD,1041342336,https://images.financialmodelingprep.com/symbol/TK.png,601494,1995-07-20,10.62,0.15,510858,293267000,98111000,"[{'period': '2025', 'revenue': 949.52, 'unit': 'M', 'net_profit': 98.11}, {'period': '2024', 'revenue': 1220.0, 'unit': 'M', 'net_profit': 133.77}, {'period': '2023', 'revenue': 1460.0, 'unit': 'M', 'net_profit': 150.64}, {'period': '2022', 'revenue': 1190.0, 'unit': 'M', 'net_profit': 78.41}]","[{'period': ""Q4 '25"", 'revenue': 257.7, 'unit': 'M', 'net_profit': 34.97}, {'period': ""Q2 '25"", 'revenue': 231.69, 'unit': 'M', 'net_profit': -42.44}, {'period': ""Q1 '25"", 'revenue': 231.64, 'unit': 'M', 'net_profit': 76.03}, {'period': ""Q4 '24"", 'revenue': 256.57, 'unit': 'M', 'net_profit': 25.24}, {'period': ""Q3 '24"", 'revenue': 272.62, 'unit': 'M', 'net_profit': 20.07}, {'period': ""Q2 '24"", 'revenue': 326.14, 'unit': 'M', 'net_profit': 33.82}]",1.14,1.14,2396825000,1197187000,973427000,234222000,135173000,99000000,134709000,941427000,108513000,-0.4171357135475049,-0.26656948493683186,-0.2244897959183674,"[1, 0.215]","['2025-07-02', '1995-10-12']",__nan__,0.09772177776850625
148,TKC,Turkcell Iletisim Hizmetleri AS Common Stock,"Turkcell Iletisim Hizmetleri A.S. provides digital services in Turkey, Ukraine, Belarus, Northern Cyprus, Germany, and the Netherlands. It operates through Turkcell Turkey, Turkcell International, and Techfin segments. It offers work contact services consisting of mobile communications, fixed business internet and business phone, and customer loyalty and programs. The company provides digital business services comprising of uninterrupted access, cyber security, data center, internet of things, big data, e-transformation, technologies, and managed services, and cloud solutions. In addition, the company provides various devices, hardware, software, and financing solutions. Further, the company offers digital services comprising of search, invoice and TL services; and information, entertainment, and application services. Additionally, the company provides TV+, which enables subscribers to watch series and other TV contents whenever and wherever they want; fizy, a digital music platform; magazine holder, a magazine, and newspapers service, and yaani browser, a mobile application. Furthermore, the company offers BiP, an all-access communication service application; goals pocket, a news and goal videos application; and digital operator, a transactions and technology purchases application. The company provides home internet and TV services. The company was incorporated in 1993 and is headquartered in Istanbul, Turkey.",Ali Taha Koc,Telecommunications Services,5.99,USD,5214757374,https://images.financialmodelingprep.com/symbol/TKC.png,1131032,2000-07-11,13.02,0.04,1724857,111063932000,19103675000,"[{'period': '2025', 'revenue': 262.04, 'unit': 'B', 'net_profit': 19.1}, {'period': '2024', 'revenue': 166.67, 'unit': 'B', 'net_profit': 23.52}, {'period': '2023', 'revenue': 107.12, 'unit': 'B', 'net_profit': 12.55}, {'period': '2022', 'revenue': 134.98, 'unit': 'B', 'net_profit': 9.93}]","[{'period': ""Q4 '25"", 'revenue': 71.39, 'unit': 'B', 'net_profit': 4.24}, {'period': ""Q3 '25"", 'revenue': 59.54, 'unit': 'B', 'net_profit': 5.4}, {'period': ""Q2 '25"", 'revenue': 53.02, 'unit': 'B', 'net_profit': 4.2}, {'period': ""Q1 '25"", 'revenue': 47.96, 'unit': 'B', 'net_profit': 3.08}, {'period': ""Q4 '24"", 'revenue': 52.08, 'unit': 'B', 'net_profit': 2.97}, {'period': ""Q3 '24"", 'revenue': 40.17, 'unit': 'B', 'net_profit': 14.28}]",22.33,22.33,518325868000,156548772000,106821219000,259125049000,43105585000,43569513000,91943492000,91781171000,73904669000,0.825920778295427,-0.1878871805444998,-0.1723818350324374,"[0.10574, 0.6536]","['2025-12-29', '2001-08-08']",__nan__,0.499926908915146
149,TKR,Timken Company (The) Common Stock,"The Timken Company designs, manufactures, and manages engineered bearings and power transmission products worldwide. It operates in two segments, Mobile Industries and Process Industries. The Mobile Industries segment offers a portfolio of bearings, seals, and lubrication devices and systems, as well as power transmission components, engineered chains, augers, belts, couplings, clutches, brakes, and related products and maintenance services to original equipment manufacturers (OEMs) and end-users of off-highway equipment for the agricultural, construction, mining, outdoor power equipment, and power sports markets; and on-highway vehicles, including passenger cars, light trucks, and medium- and heavy-duty trucks, as well as rail cars and locomotives. It also provides power transmission systems and flight-critical components for civil and military aircraft, which include bearings, rotor-head assemblies, helicopter transmission systems, turbine engine components, gears, and housings. This segment sells its parts through a network of authorized automotive and heavy-truck distributors to individual end-users, equipment owners, operators, and maintenance shops. The Process Industries segment provides industrial bearings and assemblies; power transmission components, such as gears and gearboxes; and linear motion products, couplings, seals, lubricants, chains, belts, and related products and services to OEMs and end-users in various industries. It also offers aftermarket sales and service needs through a network of authorized industrial distributors; and repair and service for bearings and gearboxes, as well as electric motor rewind, repair, and services to end-users. The company offers its products under the Timken, Philadelphia Gear, Drives, Cone Drive, Rollon, Lovejoy, Diamond, BEKA, and Groeneveld brands. The Timken Company was founded in 1899 and is headquartered in North Canton, Ohio.",Lucian Boldea,Manufacturing - Tools & Accessories,97.56,USD,6784741908,https://images.financialmodelingprep.com/symbol/TKR.png,806401,1922-01-01,23.74,-1.5,604901,746100000,288400000,"[{'period': '2025', 'revenue': 4580.0, 'unit': 'M', 'net_profit': 288.4}, {'period': '2024', 'revenue': 4570.0, 'unit': 'M', 'net_profit': 352.7}, {'period': '2023', 'revenue': 4770.0, 'unit': 'M', 'net_profit': 394.1}, {'period': '2022', 'revenue': 4500.0, 'unit': 'M', 'net_profit': 407.4}]","[{'period': ""Q4 '25"", 'revenue': 1110.0, 'unit': 'M', 'net_profit': 62.3}, {'period': ""Q3 '25"", 'revenue': 1160.0, 'unit': 'M', 'net_profit': 69.3}, {'period': ""Q2 '25"", 'revenue': 1170.0, 'unit': 'M', 'net_profit': 78.5}, {'period': ""Q1 '25"", 'revenue': 1140.0, 'unit': 'M', 'net_profit': 78.3}, {'period': ""Q4 '24"", 'revenue': 1070.0, 'unit': 'M', 'net_profit': 71.2}, {'period': ""Q3 '24"", 'revenue': 1130.0, 'unit': 'M', 'net_profit': 81.8}]",4.13,4.11,6676800000,2600800000,386500000,3331100000,827000000,800000,922100000,365400000,406100000,-0.10571736785329018,-0.18230791040544372,-0.1772908366533864,"[0.35, 0.45]","['2026-02-24', '1985-08-14']",__nan__,0.4989066618739516
150,TLGA,TLG Acquisition One Corp. Class A Common Stock,"TLG Acquisition One Corp. does not have significant operations. It intends to effect a merger, capital stock exchange, asset acquisition, stock purchase, reorganization, or similar business combination with one or more businesses. The company was incorporated in 2020 and is based in West Palm Beach, Florida.",John Michael Lawrie,Shell Companies,6.06,USD,78467304,https://images.financialmodelingprep.com/symbol/TLGA.png,182106,2021-03-22,28.857142857142858,-0.43,170598,-20160063,10441388,"[{'period': '2022', 'revenue': 0.0, 'unit': 'M', 'net_profit': 10.44}, {'period': '2021', 'revenue': 0.0, 'unit': 'M', 'net_profit': 17.92}]","[{'period': ""Q3 '23"", 'revenue': 0.83426, 'unit': 'M', 'net_profit': -20.0}, {'period': ""Q2 '23"", 'revenue': 0.0, 'unit': 'K', 'net_profit': 781.12}, {'period': ""Q1 '23"", 'revenue': 0.0, 'unit': 'M', 'net_profit': -1.1}, {'period': ""Q4 '22"", 'revenue': 0.0, 'unit': 'K', 'net_profit': 946.54}, {'period': ""Q3 '22"", 'revenue': 0.0, 'unit': 'K', 'net_profit': 291.07}, {'period': ""Q2 '22"", 'revenue': 0.0, 'unit': 'M', 'net_profit': 2.75}]",0.21,0.21,81073148,127906,19750,22935278,0,80945242,8135278,19750,-2528791,0.25785577090432643,-0.41742207605403014,-0.46153846153846156,__nan__,__nan__,__nan__,0.28289610759902895
151,TLK,PT Telekomunikasi Indonesia Tbk,"Perusahaan Perseroan (Persero) PT Telekomunikasi Indonesia Tbk provides telecommunications, informatics, and network services worldwide. The company's Mobile segment offers mobile voice, SMS, and mobile broadband services; and digital services, including financial services, video on demand, music, gaming, IoT, big data analytics, and digital advertising services. Its Consumer segment provides fixed voice and broadband services; and IPTV and related consumer digital services. The company's Enterprise segment offers ICT and digital platform that covers enterprise-grade connectivity services, including satellite, IT services, data center and cloud, and business process outsourcing services, as well as CPE trading and managed, cyber security, financial, big data, digital advertising, e-health, managed ATM, and professional services. Its Wholesale and International Business segment provides wholesale voice, managed, A2P SMS, IP transit and connectivity, data center and cloud, security, and value added and digital services; mobile network operator, mobile virtual network operator, and call center services; and tower and infrastructure services to other licensed operator companies and institutions. The company's Others segment offers digital services, such as digital platform, digital content, and e-commerce; and property management services. The company also provides building management and maintenance services, payment, business management consulting and capital venture, health insurance administration, tourism, directory information, telecommunication construction, and multimedia portal services; acts as a civil consultant and developer; and leases offices. As of December 31, 2020, it had approximately 9.1 million fixed wireline subscribers, including 8.0 million fixed broadband subscribers; and 169.5 million cellular subscribers, including 115.9 million mobile broadband subscribers. The company was founded in 1884 and is headquartered in Bandung, Indonesia.",Dian Siswarini,Telecommunications Services,18.13,USD,17959979870,https://images.financialmodelingprep.com/symbol/TLK.png,648920,1995-11-14,14.39,-0.64,831408,76975000000000,23611000000000,"[{'period': '2024', 'revenue': 149.97, 'unit': 'T', 'net_profit': 23.61}, {'period': '2023', 'revenue': 149.22, 'unit': 'T', 'net_profit': 24.43}, {'period': '2022', 'revenue': 147.31, 'unit': 'T', 'net_profit': 20.74}, {'period': '2021', 'revenue': 143.21, 'unit': 'T', 'net_profit': 24.88}]","[{'period': ""Q3 '25"", 'revenue': 36.61, 'unit': 'T', 'net_profit': 4.81}, {'period': ""Q2 '25"", 'revenue': 36.37, 'unit': 'T', 'net_profit': 5.17}, {'period': ""Q1 '25"", 'revenue': 36.64, 'unit': 'T', 'net_profit': 5.81}, {'period': ""Q4 '24"", 'revenue': 37.75, 'unit': 'T', 'net_profit': 5.94}, {'period': ""Q3 '24"", 'revenue': 36.93, 'unit': 'T', 'net_profit': 5.91}, {'period': ""Q2 '24"", 'revenue': 37.86, 'unit': 'T', 'net_profit': 5.71}]",23873.0,23873.0,299675000000000,63094000000000,35027000000000,137185000000000,15674000000000,8464000000000,76767000000000,33905000000000,31937000000000,-0.014606482666803216,-0.03340565767388545,-0.03706840916424652,"[1.28671, 0.022]","['2025-06-12', '1996-06-13']",__nan__,0.4577792608659381
152,TLYS,Tilly's Inc. Common Stock,"Tilly's, Inc. operates as a specialty retailer of casual apparel, footwear, accessories, and hardgoods for young men and women, and boys and girls in the United States. Its apparel merchandise includes tops, outerwear, bottoms, and dresses; and accessories merchandise comprises backpacks, hydration bottles, hats, sunglasses, small electronics and accessories, handbags, watches, jewelry, and others, as well as hardgoods consists of skateboards, longboards, bikes, roller-skates, and equipment for snowboarding and surfing. The company also provides third-party merchandise assortment across its various product categories. As of March 14, 2022, it operated 241 stores. The company also sells its merchandise through its e-commerce website, tillys.com. Tilly's, Inc. was founded in 1982 and is headquartered in Irvine, California.",Nate Smith,Apparel - Retail,4.09,USD,123085769,https://images.financialmodelingprep.com/symbol/TLYS.png,1250189,2012-05-04,-7.05,-0.11,409811,-8756000,-17452000,"[{'period': '2025', 'revenue': 553.59, 'unit': 'M', 'net_profit': -17.45}, {'period': '2024', 'revenue': 569.45, 'unit': 'M', 'net_profit': -46.23}, {'period': '2023', 'revenue': 623.08, 'unit': 'M', 'net_profit': -34.49}, {'period': '2022', 'revenue': 672.28, 'unit': 'M', 'net_profit': 9.68}]","[{'period': ""Q4 '25"", 'revenue': 155.13, 'unit': 'M', 'net_profit': 2.94}, {'period': ""Q3 '25"", 'revenue': 139.59, 'unit': 'M', 'net_profit': -1.41}, {'period': ""Q2 '25"", 'revenue': 151.26, 'unit': 'M', 'net_profit': 3.17}, {'period': ""Q1 '25"", 'revenue': 107.61, 'unit': 'M', 'net_profit': -22.15}, {'period': ""Q4 '24"", 'revenue': 147.29, 'unit': 'M', 'net_profit': -13.66}, {'period': ""Q3 '24"", 'revenue': 143.44, 'unit': 'M', 'net_profit': -12.88}]",-0.58,-0.58,310760000,125193000,46313000,225618000,6093000,0,100115000,46313000,-589000,0.763849182803819,0.6224880486274849,0.6233766233766234,"[1, 0.7]","['2021-12-06', '2017-02-13']",__nan__,0.7260200798043506
153,TM,Toyota Motor Corporation Common Stock,"Toyota Motor Corporation designs, manufactures, assembles, and sells passenger vehicles, minivans and commercial vehicles, and related parts and accessories. It operates in Automotive, Financial Services, and All Other segments. The company offers hybrid cars under the Prius name, fuel cell vehicles under the MIRAI name; and conventional engine vehicles, including subcompact and compact cars under the Corolla and Raize names. It also provides mini-vehicles, passenger vehicles, commercial vehicles, and auto parts under the Toyota name; mid-size cars; luxury cars; sports cars under the GR Yaris, Corolla Sport, Corolla Cross, and Supra names; and recreational and sport-utility vehicles under the Highlander name. In addition, the company offers pickup trucks under the Tacoma name; minivans; and trucks and buses. Further, it provides financial services, such as retail financing and leasing, wholesale financing, insurance, and credit cards; and designs, manufactures, and sells prefabricated housing. Additionally, the company operates GAZOO.com, a web portal for automobile information. It operates in Japan, North America, Europe, Asia, Central and South America, Oceania, Africa, and the Middle East. The company was founded in 1933 and is headquartered in Toyota, Japan.",Koji Sato,Auto - Manufacturers,206.73,USD,269439156115,https://images.financialmodelingprep.com/symbol/TM.png,310096,1980-03-17,11.6,-3.2,175198,8749929000000,4765086000000,"[{'period': '2025', 'revenue': 48.04, 'unit': 'T', 'net_profit': 4.77}, {'period': '2024', 'revenue': 45.1, 'unit': 'T', 'net_profit': 4.94}, {'period': '2023', 'revenue': 37.15, 'unit': 'T', 'net_profit': 2.45}, {'period': '2022', 'revenue': 31.38, 'unit': 'T', 'net_profit': 2.85}]","[{'period': ""Q3 '26"", 'revenue': 13.7, 'unit': 'T', 'net_profit': 1.28}, {'period': ""Q2 '26"", 'revenue': 12380.0, 'unit': 'B', 'net_profit': 932.08}, {'period': ""Q1 '26"", 'revenue': 12250.0, 'unit': 'B', 'net_profit': 841.35}, {'period': ""Q4 '25"", 'revenue': 12360.0, 'unit': 'B', 'net_profit': 664.7}, {'period': ""Q3 '25"", 'revenue': 12.39, 'unit': 'T', 'net_profit': 2.19}, {'period': ""Q2 '25"", 'revenue': 11440.0, 'unit': 'B', 'net_profit': 573.77}]",3595.6,3595.6,93601350000000,37078676000000,15918163000000,56722436000000,15349499000000,15680892000000,29434220000000,8982404000000,-1560993000000,-0.040250045958685005,-0.03636995688313674,-0.017434552112368135,"[2.55055, 0.0441]","['2025-09-30', '1984-12-21']",__nan__,0.606000191236558
154,TMAC,The Music Acquisition Corporation Class A Common Stock,"The Music Acquisition Corporation does not have significant operations. It intends on effecting a merger, capital stock exchange, asset acquisition, stock purchase, reorganization, or other similar business combination with one or more businesses in the music sector. The company was incorporated in 2020 and is based in Hollywood, California.",,Shell Companies,10.1,USD,0,https://images.financialmodelingprep.com/symbol/TMAC.png,135157,2021-03-26,22.444444444444443,0.03,1151,3578969,8303844,"[{'period': '2021', 'revenue': 0.0, 'unit': 'M', 'net_profit': 8.3}]","[{'period': ""Q3 '22"", 'revenue': 0.0, 'unit': 'M', 'net_profit': 1.44}, {'period': ""Q2 '22"", 'revenue': 0.0, 'unit': 'M', 'net_profit': 2.35}, {'period': ""Q1 '22"", 'revenue': 0.0, 'unit': 'M', 'net_profit': 5.74}, {'period': ""Q4 '21"", 'revenue': 0.0, 'unit': 'M', 'net_profit': 8.3}, {'period': ""Q3 '21"", 'revenue': 0.0, 'unit': 'M', 'net_profit': 1.54}, {'period': ""Q2 '21"", 'revenue': 0.0, 'unit': 'M', 'net_profit': -4.63}]",0.29,0.29,230813881,760803,230389144,18554849,0,230018119,368849,371025,-1201793,0.0,0.0,0.0,__nan__,__nan__,__nan__,0.08038879169489811
155,TME,Tencent Music Entertainment Group American Depositary Shares each representing two Class A Ordinary Shares,"Tencent Music Entertainment Group operates online music entertainment platforms to provide music streaming, online karaoke, and live streaming services in the People's Republic of China. It offers QQ Music, Kugou Music, and Kuwo Music that enable users to discover and listen to music in personalized ways; and WeSing, which enables users to have fun by singing and interacting with friends, sharing their singing performances with friends, and discovering songs that others have sung. The company also operates Kugou Music, Kuwo Music, WeSing, QQ Music, Kugou Live, and Kuwo Live that provides an interactive online stage for performers and users to showcase their talent and engage with those interested in their performance; and Kuwo Changting, an audio platform that offers users various audio content, including audio books, cross-talks, radio dramas, and other entertainment. In addition, it sells music-related merchandise, including Kugou headsets, smart speakers, WeSing karaoke microphones, and Hi-Fi systems; and offers online music event ticketing services, as well as services to smart device and automobile makers to build and operate music services on devices and vehicles. Tencent Music Entertainment Group has a strategic partnership with China Literature. The company is headquartered in Shenzhen, China. Tencent Music Entertainment Group is a subsidiary of Tencent Holdings Limited.",Zhu Liang,Internet Content & Information,9.43,USD,14461912275,https://images.financialmodelingprep.com/symbol/TME.png,7977177,2018-12-12,9.16,-0.06,10266511,13141922000,10754781000,"[{'period': '2025', 'revenue': 32.01, 'unit': 'B', 'net_profit': 10.75}, {'period': '2024', 'revenue': 28.4, 'unit': 'B', 'net_profit': 6.64}, {'period': '2023', 'revenue': 27.75, 'unit': 'B', 'net_profit': 4.92}, {'period': '2022', 'revenue': 28.34, 'unit': 'B', 'net_profit': 3.68}]","[{'period': ""Q4 '25"", 'revenue': 7.74, 'unit': 'B', 'net_profit': 1.9}, {'period': ""Q3 '25"", 'revenue': 8.46, 'unit': 'B', 'net_profit': 2.15}, {'period': ""Q2 '25"", 'revenue': 8.44, 'unit': 'B', 'net_profit': 2.41}, {'period': ""Q1 '25"", 'revenue': 7.36, 'unit': 'B', 'net_profit': 4.29}, {'period': ""Q4 '24"", 'revenue': 7.46, 'unit': 'B', 'net_profit': 1.96}, {'period': ""Q3 '24"", 'revenue': 7.01, 'unit': 'B', 'net_profit': 1.58}]",7.0,6.92,102587285000,32478669000,24346494000,19484400000,3905485000,42029747000,14598290000,8490403000,9243000000,0.33909944976564094,0.6187208007224564,0.6279069767441862,"[0.2328, 0.137]","['2026-04-02', '2024-05-31']",__nan__,0.1899299703662106
156,TMHC,Taylor Morrison Home Corporation Common Stock,"Taylor Morrison Home Corporation, together with its subsidiaries, operates as a public homebuilder in the United States. The company designs, builds, and sells single and multi-family detached and attached homes; and develops lifestyle and master-planned communities. It also develops and constructs multi-use properties consisting of commercial space, retail, and multi-family properties under the Urban Form brand name; and offers title insurance and closing settlement services, as well as financial services. In addition, the company operates under the Taylor Morrison, William Lyon Signature, and Darling Homes brand names in Arizona, California, Colorado, Florida, Georgia, Nevada, North and South Carolina, Oregon, Texas, and Washington. Taylor Morrison Home Corporation was founded in 1936 and is headquartered in Scottsdale, Arizona.",Sheryl Denise Palmer,Residential Construction,57.33,USD,5522811021,https://images.financialmodelingprep.com/symbol/TMHC.png,1050257,2013-04-10,7.38,-1.56,814252,1142702000,782500000,"[{'period': '2025', 'revenue': 8119.999999999999, 'unit': 'M', 'net_profit': 782.5}, {'period': '2024', 'revenue': 8170.0, 'unit': 'M', 'net_profit': 883.31}, {'period': '2023', 'revenue': 7420.0, 'unit': 'M', 'net_profit': 768.93}, {'period': '2022', 'revenue': 8.22, 'unit': 'B', 'net_profit': 1.05}]","[{'period': ""Q4 '25"", 'revenue': 2100.0, 'unit': 'M', 'net_profit': 174.02}, {'period': ""Q3 '25"", 'revenue': 2100.0, 'unit': 'M', 'net_profit': 201.44}, {'period': ""Q2 '25"", 'revenue': 2029.9999999999998, 'unit': 'M', 'net_profit': 196.25}, {'period': ""Q1 '25"", 'revenue': 1900.0, 'unit': 'M', 'net_profit': 213.47}, {'period': ""Q4 '24"", 'revenue': 2360.0, 'unit': 'M', 'net_profit': 242.45}, {'period': ""Q3 '24"", 'revenue': 2120.0, 'unit': 'M', 'net_profit': 251.13}]",7.9,7.77,9837797000,7138183000,851231000,3528508000,241678000,486978000,1143206000,851231000,807374000,-0.11041998659443335,-0.11412654008959493,-0.06287069988137596,__nan__,__nan__,__nan__,0.3586685108464832
157,TMO,Thermo Fisher Scientific Inc Common Stock,"Thermo Fisher Scientific Inc. provides life sciences solutions, analytical instruments, specialty diagnostics, and laboratory products and biopharma services in the North America, Europe, Asia-Pacific, and internationally. The company's Life Sciences Solutions segment offers reagents, instruments, and consumables for biological and medical research, discovery, and production of drugs and vaccines, as well as diagnosis of infections and diseases; and solutions include biosciences, genetic sciences, and bio production to pharmaceutical, biotechnology, agricultural, clinical, healthcare, academic, and government markets. Its Analytical Instruments segment provides instruments, consumables, software, and services for pharmaceutical, biotechnology, academic, government, environmental, and other research and industrial markets, as well as clinical laboratories. The company's Specialty Diagnostics segment offers liquid, ready-to-use, and lyophilized immunodiagnostic reagent kits, as well as calibrators, controls, protein detection assays, and instruments; immunodiagnostics develops, manufactures and markets complete bloodtest systems to support the clinical diagnosis and monitoring of allergy, asthma and autoimmune diseases; dehydrated and prepared culture media, collection and transport systems, instrumentation, and consumables; human leukocyte antigen typing and testing for organ transplant market; and healthcare products. Its Laboratory Products and Biopharma Services segment provides laboratory products, research and safety market channel, and pharma services and clinical research. It offers products and services through a direct sales force, customer-service professionals, electronic commerce, and third-party distributors under Thermo Scientific; Applied Biosystems; Invitrogen; Fisher Scientific; Unity Lab Services; and Patheon and PPD. Thermo Fisher Scientific Inc. was founded in 1956 and is headquartered in Waltham, Massachusetts.",Marc N. Casper,Medical - Diagnostics & Research,473.36,USD,175845781740,https://images.financialmodelingprep.com/symbol/TMO.png,2334935,1980-03-17,26.67,-15.49,1247949,11466000000,6737000000,"[{'period': '2025', 'revenue': 44.56, 'unit': 'B', 'net_profit': 6.74}, {'period': '2024', 'revenue': 42.88, 'unit': 'B', 'net_profit': 6.33}, {'period': '2023', 'revenue': 42.86, 'unit': 'B', 'net_profit': 6.0}, {'period': '2022', 'revenue': 44.91, 'unit': 'B', 'net_profit': 6.95}]","[{'period': ""Q4 '25"", 'revenue': 12.21, 'unit': 'B', 'net_profit': 1.98}, {'period': ""Q3 '25"", 'revenue': 11.12, 'unit': 'B', 'net_profit': 1.62}, {'period': ""Q2 '25"", 'revenue': 10.86, 'unit': 'B', 'net_profit': 1.62}, {'period': ""Q1 '25"", 'revenue': 10.36, 'unit': 'B', 'net_profit': 1.51}, {'period': ""Q4 '24"", 'revenue': 11.39, 'unit': 'B', 'net_profit': 1.83}, {'period': ""Q3 '24"", 'revenue': 10.6, 'unit': 'B', 'net_profit': 1.63}]",17.77,17.74,110343000000,28707000000,10110000000,56807000000,10566000000,541000000,15189000000,9857000000,6293000000,-0.028305084745762713,0.06345698500394634,0.07177322074788911,"[0.47, 0.145]","['2026-03-13', '1993-08-06']",__nan__,0.5148219642387827
158,TMST,TimkenSteel Corporation Common Shares,"TimkenSteel Corporation manufactures and sells alloy steel, and carbon and micro-alloy steel products in the United States and internationally. It offers carbon, micro-alloy, and alloy steel ingots, bars, tubes, and billets, as well as supplies machining and thermal treatment services. The company's products are used in gears; hubs; axles; crankshafts and connecting rods; oil country drill pipes; bits and collars; bearing races and rolling elements; bushings; fuel injectors; wind energy shafts; anti-friction bearings; and other applications. It also provides custom-make precision steel components. The company offers its products and services to the automotive; oil and gas; industrial equipment; mining; construction; rail; defense; heavy truck; agriculture; power generation; and oil country tubular goods sectors. TimkenSteel Corporation was founded in 1899 and is headquartered in Canton, Ohio.",Michael S. Williams,Steel,20.4,USD,895345800,https://images.financialmodelingprep.com/symbol/TMST.png,254470,2014-06-19,24.878048780487806,0.21,352904,63400000,-1200000,"[{'period': '2025', 'revenue': 1160.0, 'unit': 'M', 'net_profit': -1.2}, {'period': '2024', 'revenue': 1080.0, 'unit': 'M', 'net_profit': 1.3}, {'period': '2023', 'revenue': 1340.0, 'unit': 'M', 'net_profit': 69.4}, {'period': '2022', 'revenue': 1330.0, 'unit': 'M', 'net_profit': 65.1}]","[{'period': ""Q4 '25"", 'revenue': 267.3, 'unit': 'M', 'net_profit': -14.3}, {'period': ""Q3 '25"", 'revenue': 305.9, 'unit': 'M', 'net_profit': 8.1}, {'period': ""Q2 '25"", 'revenue': 304.6, 'unit': 'M', 'net_profit': 3.7}, {'period': ""Q1 '25"", 'revenue': 280.5, 'unit': 'M', 'net_profit': 1.3}, {'period': ""Q4 '24"", 'revenue': 240.5, 'unit': 'M', 'net_profit': -53.7}, {'period': ""Q3 '24"", 'revenue': 227.2, 'unit': 'M', 'net_profit': -5.9}]",-0.03,-0.03,1140200000,553200000,156700000,454200000,126000000,0,314900000,156700000,-93000000,5.34,-1.9230769230769231,-2.0,"[0.14, 0.14]","['2015-08-25', '2014-08-18']",__nan__,0.39835116646202423
159,TMX,Terminix Global Holdings Inc. Common Stock,"Terminix Global Holdings, Inc. provides residential and commercial termite and pest management services. The company offers termite and pest control services, including termite remediation, annual termite inspection, and prevention treatments with termite damage repair guarantees, periodic pest management services, insulation services, crawlspace encapsulation, wildlife exclusion, and disinfection services. Its services protect against termite damage, rodents, insects and other pests, including cockroaches, spiders, wood-destroying ants, ticks, fleas, mosquitos, and bed bugs. The company serves under the Terminix, Assured Environments, Copesan, Gregory, McCloud, and Nomor AB brands. It markets its services to homeowners and businesses through digital marketing, television and radio advertising, print advertisements, marketing partnerships, door-to-door summer sales programs, telemarketing, and various social media channels and through national, regional and local sales teams. The company was formerly known as ServiceMaster Global Holdings, Inc. and changed its name to Terminix Global Holdings, Inc. in October 2020. Terminix Global Holdings, Inc. was founded in 1929 and is headquartered in Memphis, Tennessee.",Anthony D. DiLucente CPA,Personal Products & Services,37.87,USD,0,https://images.financialmodelingprep.com/symbol/TMX.png,1235681,2014-06-26,70.12962962962963,0.0,25883318,452000000,123000000,"[{'period': '2021', 'revenue': 2040.0, 'unit': 'M', 'net_profit': 123.0}, {'period': '2020', 'revenue': 1960.0, 'unit': 'M', 'net_profit': 551.0}, {'period': '2019', 'revenue': 2080.0, 'unit': 'M', 'net_profit': 128.0}, {'period': '2018', 'revenue': 1900.0, 'unit': 'M', 'net_profit': -41.0}]","[{'period': ""Q2 '22"", 'revenue': 585.0, 'unit': 'M', 'net_profit': 1.0}, {'period': ""Q1 '22"", 'revenue': 496.0, 'unit': 'M', 'net_profit': 18.0}, {'period': ""Q4 '21"", 'revenue': 483.0, 'unit': 'M', 'net_profit': 6.0}, {'period': ""Q3 '21"", 'revenue': 530.0, 'unit': 'M', 'net_profit': 38.0}, {'period': ""Q2 '21"", 'revenue': 560.0, 'unit': 'M', 'net_profit': 54.0}, {'period': ""Q1 '21"", 'revenue': 471.0, 'unit': 'M', 'net_profit': 27.0}]",0.97,0.97,4410000000,514000000,116000000,2036000000,0,15000000,511000000,116000000,234000000,0.02262443438914027,-0.7767695099818511,-0.7657004830917875,__nan__,__nan__,__nan__,0.4616780045351474
160,TNC,Tennant Company Common Stock,"Tennant Company, together with its subsidiaries, designs, manufactures, and markets floor cleaning equipment in the Americas, Europe, the Middle East, Africa, and the Asia Pacific. The company offers a suite of products, including floor maintenance and cleaning equipment, detergent-free and other sustainable cleaning technologies, aftermarket parts and consumables, equipment maintenance and repair services, specialty surface coatings, and asset management solutions. It also provides business solutions, such as financing, rental, and leasing programs, as well as machine-to-machine asset management solutions. The company offers its products under the Tennant, Nobles, Alfa Uma Empresa Tennant, IRIS, VLX, IPC, Gaomei, and Rongen brands, as well as private-label brands. Its products are used in retail establishments and distribution centers; factories and warehouses; and public venues, such as arenas and stadiums, office buildings, schools and universities, hospitals and clinics, parking lots and streets, and other environments. It markets its products to contract cleaners and businesses through direct sales and service organizations, as well as through a network of authorized distributors. Tennant Company was founded in 1870 and is headquartered in Eden Prairie, Minnesota.",David W. Huml,Industrial - Machinery,66.5,USD,1197493763,https://images.financialmodelingprep.com/symbol/TNC.png,213301,1973-02-22,28.18,-1.23,141625,125600000,43800000,"[{'period': '2025', 'revenue': 1200.0, 'unit': 'M', 'net_profit': 43.8}, {'period': '2024', 'revenue': 1290.0, 'unit': 'M', 'net_profit': 83.7}, {'period': '2023', 'revenue': 1240.0, 'unit': 'M', 'net_profit': 109.5}, {'period': '2022', 'revenue': 1090.0, 'unit': 'M', 'net_profit': 66.3}]","[{'period': ""Q4 '25"", 'revenue': 291.6, 'unit': 'M', 'net_profit': -4.4}, {'period': ""Q3 '25"", 'revenue': 303.3, 'unit': 'M', 'net_profit': 14.9}, {'period': ""Q2 '25"", 'revenue': 318.6, 'unit': 'M', 'net_profit': 20.2}, {'period': ""Q1 '25"", 'revenue': 290.0, 'unit': 'M', 'net_profit': 13.1}, {'period': ""Q4 '24"", 'revenue': 328.9, 'unit': 'M', 'net_profit': 6.6}, {'period': ""Q3 '24"", 'revenue': 315.8, 'unit': 'M', 'net_profit': 20.8}]",2.38,2.36,1268900000,599700000,106400000,665500000,256800000,0,293100000,106400000,43300000,-0.25680473372781065,-0.4767025089605735,-0.4663677130044843,"[0.31, 0.92]","['2026-02-27', '1985-02-26']",__nan__,0.5244700133974308
161,TNET,TriNet Group Inc. Common Stock,"TriNet Group, Inc. provides human resources (HR) solutions, payroll services, employee benefits, and employment risk mitigation services for small and midsize businesses in the United States. The company offers multi-state payroll processing and tax administration; employee benefits programs, including health insurance and retirement plans; workers compensation insurance and claims management; employment and benefits law compliance; and other HR related services. It serves clients in various industries, including technology, professional services, financial services, life sciences, not-for-profit, property management, retail, manufacturing, and hospitality. The company sells its solutions through its direct sales organization. TriNet Group, Inc. was incorporated in 1988 and is headquartered in Dublin, California.",Michael Quinn Simonds,Staffing & Employment Services,38.01,USD,1825633908,https://images.financialmodelingprep.com/symbol/TNET.png,538381,2014-03-27,11.88,0.3,320806,365000000,155000000,"[{'period': '2025', 'revenue': 5010.0, 'unit': 'M', 'net_profit': 155.0}, {'period': '2024', 'revenue': 5050.0, 'unit': 'M', 'net_profit': 173.0}, {'period': '2023', 'revenue': 4920.0, 'unit': 'M', 'net_profit': 375.0}, {'period': '2022', 'revenue': 4880.0, 'unit': 'M', 'net_profit': 355.0}]","[{'period': ""Q4 '25"", 'revenue': 1250.0, 'unit': 'M', 'net_profit': -1.0}, {'period': ""Q3 '25"", 'revenue': 1230.0, 'unit': 'M', 'net_profit': 34.0}, {'period': ""Q2 '25"", 'revenue': 1240.0, 'unit': 'M', 'net_profit': 37.0}, {'period': ""Q1 '25"", 'revenue': 1290.0, 'unit': 'M', 'net_profit': 85.0}, {'period': ""Q4 '24"", 'revenue': 1330.0, 'unit': 'M', 'net_profit': -23.0}, {'period': ""Q3 '24"", 'revenue': 1240.0, 'unit': 'M', 'net_profit': 45.0}]",3.19,3.16,3797000000,2868000000,1981000000,3743000000,284000000,128000000,2637000000,1981000000,306000000,-0.02406417112299465,-0.10404624277456648,-0.07803468208092486,"[0.29, 0.25]","['2026-04-01', '2024-03-28']",__nan__,0.9857782459836714
162,TNK,Teekay Tankers Ltd.,"Teekay Tankers Ltd. provides marine transportation services to oil industries in Bermuda and internationally. The company offers voyage and time charter services; and offshore ship-to-ship transfer services of commodities primarily crude oil and refined oil products, as well as liquid gases and various other products. It also provides tanker commercial and technical management services. As of December 31, 2021, the company owned and leased 48 double-hull oil tankers, time-chartered in two Aframax tankers, and one LR2 tanker. Teekay Tankers Ltd. was incorporated in 2007 and is headquartered in Hamilton, Canada.",Kenneth Hvid,Oil & Gas Midstream,72.45,USD,2507096532,https://images.financialmodelingprep.com/symbol/TNK.png,510705,2007-12-13,7.17,1.85,311159,301638000,351186000,"[{'period': '2025', 'revenue': 951.8, 'unit': 'M', 'net_profit': 351.19}, {'period': '2024', 'revenue': 1230.0, 'unit': 'M', 'net_profit': 403.67}, {'period': '2023', 'revenue': 1470.0, 'unit': 'M', 'net_profit': 519.89}, {'period': '2022', 'revenue': 1180.0, 'unit': 'M', 'net_profit': 235.43}]","[{'period': ""Q4 '25"", 'revenue': 258.27, 'unit': 'M', 'net_profit': 120.46}, {'period': ""Q3 '25"", 'revenue': 229.02, 'unit': 'M', 'net_profit': 92.08}, {'period': ""Q2 '25"", 'revenue': 232.87, 'unit': 'M', 'net_profit': 62.61}, {'period': ""Q1 '25"", 'revenue': 231.64, 'unit': 'M', 'net_profit': 76.03}, {'period': ""Q4 '24"", 'revenue': 351.12, 'unit': 'M', 'net_profit': 93.11}, {'period': ""Q3 '24"", 'revenue': 243.28, 'unit': 'M', 'net_profit': 58.81}]",10.15,10.1,2241674000,1079458000,853261000,198058000,152941000,0,135290000,831261000,112640000,-0.4028460225765453,-0.13001062757173612,-0.1324786324786324,"[0.25, 0.115]","['2026-03-02', '2008-02-13']",__nan__,0.08835272211748899
163,TNL,Travel   Leisure Co. Common  Stock,"Travel + Leisure Co., together with its subsidiaries, provides hospitality services and products in the United States and internationally. The company operates in two segments, Vacation Ownership; and Travel and Membership. The Vacation Ownership segment develops, markets, and sells vacation ownership interests (VOIs) to individual consumers; provides consumer financing in connection with the sale of VOIs; and provides property management services at resorts. The Travel and Membership segment operates various businesses, including three vacation exchange brands, a home exchange network, travel technology platforms, travel memberships, and direct-to-consumer rentals. As of January 26, 2022, it had approximately 245 vacation ownership resorts. It also offers private-label travel booking technology solutions. The company was formerly known as Wyndham Destinations, Inc. and changed its name to Travel + Leisure Co. in February 2021. Travel + Leisure Co. was founded in 1990 and is headquartered in Orlando, Florida.",Michael D. Brown,Travel Services,67.69,USD,4223702614,https://images.financialmodelingprep.com/symbol/TNL.png,625408,2006-07-19,19.68,-3.0,460042,828000000,230000000,"[{'period': '2025', 'revenue': 4019.9999999999995, 'unit': 'M', 'net_profit': 230.0}, {'period': '2024', 'revenue': 3860.0, 'unit': 'M', 'net_profit': 411.0}, {'period': '2023', 'revenue': 3750.0, 'unit': 'M', 'net_profit': 396.0}, {'period': '2022', 'revenue': 3570.0, 'unit': 'M', 'net_profit': 357.0}]","[{'period': ""Q4 '25"", 'revenue': 1030.0, 'unit': 'M', 'net_profit': -61.0}, {'period': ""Q3 '25"", 'revenue': 1040.0, 'unit': 'M', 'net_profit': 111.0}, {'period': ""Q2 '25"", 'revenue': 1020.0, 'unit': 'M', 'net_profit': 108.0}, {'period': ""Q1 '25"", 'revenue': 934.0, 'unit': 'M', 'net_profit': 73.0}, {'period': ""Q4 '24"", 'revenue': 971.0, 'unit': 'M', 'net_profit': 119.0}, {'period': ""Q3 '24"", 'revenue': 993.0, 'unit': 'M', 'net_profit': 97.0}]",3.51,3.44,6760000000,1546000000,253000000,7742000000,165000000,31000000,945000000,253000000,523000000,-0.055872291904218926,-0.44038929440389296,-0.34879406307977734,"[0.6, 0.04]","['2026-03-20', '2007-08-09']",__nan__,1.1452662721893492
164,TNP,Tsakos Energy Navigation Ltd Common Shares,"Tsakos Energy Navigation Limited provides seaborne crude oil and petroleum product transportation services worldwide. The company offers marine transportation services for national, major, and other independent oil companies and refiners under long, medium, and short-term charters. As of April 21, 2022, it operated a fleet of 66 double-hull vessels, comprising of 60 conventional tankers, three LNG carriers, and three suezmax DP2 shuttle tankers. The company was formerly known as MIF Limited and changed its name to Tsakos Energy Navigation Limited in July 2001. Tsakos Energy Navigation Limited was incorporated in 1993 and is based in Athens, Greece.",Nikolas P. Tsakos,Oil & Gas Midstream,18.28,USD,539362368,https://images.financialmodelingprep.com/symbol/TNP.png,220739,2002-03-05,3.6929292929292927,0.13,148763,458566000,175272000,"[{'period': '2024', 'revenue': 804.06, 'unit': 'M', 'net_profit': 175.27}, {'period': '2023', 'revenue': 889.57, 'unit': 'M', 'net_profit': 300.18}, {'period': '2022', 'revenue': 860.4, 'unit': 'M', 'net_profit': 204.23}, {'period': '2021', 'revenue': 546.12, 'unit': 'M', 'net_profit': -189.8}]","[{'period': ""Q2 '25"", 'revenue': 193.31, 'unit': 'M', 'net_profit': 26.52}, {'period': ""Q1 '25"", 'revenue': 197.05, 'unit': 'M', 'net_profit': 37.51}, {'period': ""Q4 '24"", 'revenue': 188.26, 'unit': 'M', 'net_profit': 19.27}, {'period': ""Q3 '24"", 'revenue': 200.16, 'unit': 'M', 'net_profit': 26.54}, {'period': ""Q2 '24"", 'revenue': 214.06, 'unit': 'M', 'net_profit': 76.39}, {'period': ""Q1 '24"", 'revenue': 201.59, 'unit': 'M', 'net_profit': 54.03}]",5.03,5.03,3706522000,450366000,348312000,1939325000,33663000,33497000,408519000,348312000,-347143000,-0.17491453452805067,-0.4161142240374173,-0.4435840707964601,"[0.5, 0.5]","['2026-02-11', '2002-10-11']",__nan__,0.523219611269001
165,TOL,Toll Brothers Inc. Common Stock,"Toll Brothers, Inc., together with its subsidiaries, designs, builds, markets, sells, and arranges finance for a range of detached and attached homes in luxury residential communities in the United States. The company operates in two segments, Traditional Home Building and City Living. It also designs, builds, markets, and sells condominiums through Toll Brothers City Living. In addition, the company develops, owns, and operates golf courses and country clubs; develops and sells land; and develops, operates, and rents apartments, as well as provides various interior fit-out options, such as flooring, wall tile, plumbing, cabinets, fixtures, appliances, lighting, and home-automation and security technologies. Further, it owns and operates architectural, engineering, mortgage, title, insurance, smart home technology, landscaping, lumber distribution, house component assembly, and manufacturing operations. The company serves move-up, empty-nester, active-adult, and second-home buyers. It has a strategic partnership with Equity Residential to develop new rental apartment communities in the United States markets. The company was founded in 1967 and is headquartered in Fort Washington, Pennsylvania.",Douglas C. Yearley Jr.,Residential Construction,131.12,USD,12423605183,https://images.financialmodelingprep.com/symbol/TOL.png,1244588,1986-07-08,9.42,-2.11,1344902,1866195000,1346486000,"[{'period': '2025', 'revenue': 10.97, 'unit': 'B', 'net_profit': 1.35}, {'period': '2024', 'revenue': 10.85, 'unit': 'B', 'net_profit': 1.57}, {'period': '2023', 'revenue': 9.99, 'unit': 'B', 'net_profit': 1.37}, {'period': '2022', 'revenue': 10.28, 'unit': 'B', 'net_profit': 1.29}]","[{'period': ""Q1 '26"", 'revenue': 2150.0, 'unit': 'M', 'net_profit': 210.93}, {'period': ""Q4 '25"", 'revenue': 3420.0, 'unit': 'M', 'net_profit': 446.72}, {'period': ""Q3 '25"", 'revenue': 2950.0, 'unit': 'M', 'net_profit': 369.62}, {'period': ""Q2 '25"", 'revenue': 2740.0, 'unit': 'M', 'net_profit': 352.45}, {'period': ""Q1 '25"", 'revenue': 1860.0, 'unit': 'M', 'net_profit': 177.7}, {'period': ""Q4 '24"", 'revenue': 3330.0, 'unit': 'M', 'net_profit': 475.41}]",13.6,13.49,14519866000,12943876000,1258997000,6233802000,157948000,1025895000,3107727000,1258997000,1026216000,-0.12029529722992682,-0.14301789402333892,-0.10290237467018473,"[0.26, 0.08]","['2026-04-10', '2017-04-11']",__nan__,0.4293291687402625
166,TOT,Total SE,TOT aims to deliver returns that mirror the overall performance of US stocks via ETFs that track the broad US equity market. Investments may include options and futures on these ETFs and futures on US equity indices to optimize exposure and for an efficient and cost-effective participation. The funds strategy aims to be a tax-efficient option by minimizing taxable distributions. TOT may engage in frequent and active trading.,Todd Alberico,Asset Management,19.99,USD,5575411,https://images.financialmodelingprep.com/symbol/TOT.png,3508,2025-09-03,24.98,-0.6756,581,,,[],[],,,,,,,,,,,,,,,__nan__,__nan__,__nan__,__nan__
167,TPB,Turning Point Brands Inc. Common Stock,"Turning Point Brands, Inc., together with its subsidiaries, manufactures, markets, and distributes branded consumer products. The company operates through three segments: Zig-Zag Products, Stoker's Products, and NewGen Products. The Zig-Zag Products segment markets and distributes rolling papers, tubes, finished cigars, make-your-own cigar wraps, and related products under the Zig-Zag brand. The Stoker's Products segment manufactures and markets moist snuff tobacco and loose-leaf chewing tobacco products under the Stoker's, Beech-Nut, Durango, Trophy, and Wind River brands. The NewGen Products segment markets and distributes cannabidiol isolate, liquid vapor products, and other products without tobacco and/or nicotine to individual consumers through VaporFi B2C online platform, as well as non-traditional retail through VaporBeast. It sells its products to wholesale distributors and retail merchants in the independent and chain convenience stores, tobacco outlets, food stores, mass merchandising, and drug stores. The company was formerly known as North Atlantic Holding Company, Inc. and changed its name to Turning Point Brands, Inc. in November 2015. Turning Point Brands, Inc. was founded in 1988 and is headquartered in Louisville, Kentucky.",Graham A. Purdy,Tobacco,85.37,USD,1634084244,https://images.financialmodelingprep.com/symbol/TPB.png,370942,2016-05-11,27.45,0.81,177586,108025000,58165000,"[{'period': '2025', 'revenue': 463.06, 'unit': 'M', 'net_profit': 58.16}, {'period': '2024', 'revenue': 360.66, 'unit': 'M', 'net_profit': 39.81}, {'period': '2023', 'revenue': 325.06, 'unit': 'M', 'net_profit': 38.46}, {'period': '2022', 'revenue': 321.23, 'unit': 'M', 'net_profit': 11.64}]","[{'period': ""Q4 '25"", 'revenue': 121.01, 'unit': 'M', 'net_profit': 8.21}, {'period': ""Q3 '25"", 'revenue': 118.98, 'unit': 'M', 'net_profit': 21.08}, {'period': ""Q2 '25"", 'revenue': 116.63, 'unit': 'M', 'net_profit': 14.48}, {'period': ""Q1 '25"", 'revenue': 106.44, 'unit': 'M', 'net_profit': 14.39}, {'period': ""Q4 '24"", 'revenue': 93.67, 'unit': 'M', 'net_profit': 2.42}, {'period': ""Q3 '24"", 'revenue': 90.7, 'unit': 'M', 'net_profit': 12.38}]",3.18,3.11,763750000,417150000,222760000,391767000,25726000,84254000,75007000,222760000,43845000,0.14854232674846365,0.4611017609083373,0.4196428571428571,"[0.08, 0.04]","['2026-03-20', '2017-11-24']",__nan__,0.5129518821603928
168,TPC,Tutor Perini Corporation Common Stock,"Tutor Perini Corporation, a construction company, provides diversified general contracting, construction management, and design-build services to private customers and public agencies worldwide. It operates through three segments: Civil, Building, and Specialty Contractors. The Civil segment engages in the public works construction and the replacement and reconstruction of infrastructure, construction and rehabilitation of highways, bridges, tunnels, mass-transit systems, military defense facilities, and water management and wastewater treatment facilities. This segment also provides drilling, foundation, and excavation support for shoring, bridges, piers, roads, and highway projects. The Building segment offers services in various specialized building markets, including hospitality and gaming, transportation, health care, commercial offices, government facilities, sports and entertainment, education, correctional facilities, biotech, pharmaceutical, and industrial and technology. The Specialty Contractors segment provides electrical, mechanical, plumbing, and fire protection systems, as well as heating, ventilation, and air conditioning services (HVAC) for the industrial, commercial, hospitality and gaming, and mass-transit end markets. It also offers general contracting, pre-construction planning, and project management services, including planning and scheduling of manpower, equipment, materials, and subcontractors; and self-performed construction services, such as site work, concrete forming and placement, steel erection, electrical, plumbing, HVAC, and mechanical. The company was formerly known as Perini Corporation and changed its name to Tutor Perini Corporation in May 2009. Tutor Perini Corporation was founded in 1894 and is headquartered in Sylmar, California.",Gary G. Smalley,Engineering & Construction,76.15,USD,4020065110,https://images.financialmodelingprep.com/symbol/TPC.png,628416,1973-05-03,50.43,-0.09,396057,309288000,80440000,"[{'period': '2025', 'revenue': 5540.0, 'unit': 'M', 'net_profit': 80.44}, {'period': '2024', 'revenue': 4330.0, 'unit': 'M', 'net_profit': -163.72}, {'period': '2023', 'revenue': 3880.0, 'unit': 'M', 'net_profit': -171.16}, {'period': '2022', 'revenue': 3790.0, 'unit': 'M', 'net_profit': -210.01}]","[{'period': ""Q4 '25"", 'revenue': 1510.0, 'unit': 'M', 'net_profit': 28.84}, {'period': ""Q3 '25"", 'revenue': 1420.0, 'unit': 'M', 'net_profit': 3.63}, {'period': ""Q2 '25"", 'revenue': 1370.0, 'unit': 'M', 'net_profit': 19.97}, {'period': ""Q1 '25"", 'revenue': 1250.0, 'unit': 'M', 'net_profit': 28.0}, {'period': ""Q4 '24"", 'revenue': 1070.0, 'unit': 'M', 'net_profit': -79.43}, {'period': ""Q3 '24"", 'revenue': 1080.0, 'unit': 'M', 'net_profit': -100.86}]",1.53,1.51,5160422000,4116885000,999153000,3897760000,2706702000,0,3239498000,770194000,567211000,9.901398722155069,1.4913236542654882,1.488817891373802,"[0.06, 0.2]","['2026-03-10', '1990-02-16']",__nan__,0.7553180728242768
169,TPGS,TPG Pace Solutions Corp. Class A Ordinary Shares,,,,,,,,,,,,,,,[],"[{'period': ""Q2 '21"", 'revenue': 0.0, 'unit': 'K', 'net_profit': -697.43}, {'period': ""Q1 '21"", 'revenue': 0.0, 'unit': 'K', 'net_profit': -51.43}]",,,,,,,,,,,,,,,__nan__,__nan__,__nan__,__nan__
170,TPGY,TPG Pace Beneficial Finance Corp. Class A Ordinary Shares,"TPG Pace Beneficial Finance Corp. does not have significant operations. It intends to effect a merger, share exchange, asset acquisition, share purchase, reorganization, or other business combination with one or more businesses or entities. The company was incorporated in 2019 and is based in Fort Worth, Texas.",Michael G. MacDougall,Shell Companies,10.04,USD,0,https://images.financialmodelingprep.com/symbol/TPGY.png,155110,2020-12-15,5.2020725388601035,0.01,244098,324675102,330948158,"[{'period': '2021', 'revenue': 0.0, 'unit': 'M', 'net_profit': 330.95}, {'period': '2020', 'revenue': 0.0, 'unit': 'K', 'net_profit': -9.27}]","[{'period': ""Q2 '22"", 'revenue': 0.28193, 'unit': 'M', 'net_profit': 4.86}, {'period': ""Q1 '22"", 'revenue': 0.31483, 'unit': 'M', 'net_profit': 2.49}, {'period': ""Q4 '21"", 'revenue': 0.0, 'unit': 'M', 'net_profit': 44.87}, {'period': ""Q3 '21"", 'revenue': 1.25, 'unit': 'M', 'net_profit': 40.79}, {'period': ""Q2 '21"", 'revenue': 2.25, 'unit': 'M', 'net_profit': 142.4}, {'period': ""Q1 '21"", 'revenue': 0.0, 'unit': 'M', 'net_profit': 102.88}]",7.56,7.56,370650933,20623722,1133113,38506061,17014631,350027211,26256061,1133113,-5536654,34681.10061952574,35705.839572769444,37801.0,__nan__,__nan__,__nan__,0.10388766780738146
171,TPH,Tri Pointe Homes Inc. Common Stock,"Tri Pointe Homes, Inc. engages in the design, construction, and sale of single-family attached and detached homes in the United States. The company operates through a portfolio of six brands comprising Maracay in Arizona; Pardee Homes in California and Nevada; Quadrant Homes in Washington; Trendmaker Homes in Texas; TRI Pointe Homes in California, Colorado, and the Carolinas; and Winchester Homes in Maryland, Virginia, and the District of Columbia. As of December 31, 2021, its operations consisted of 112 active selling communities and 41,675 owned or controlled lots. The company sells its homes through own sales representatives and independent real estate brokers. It also provides financial services, such as mortgage financing, title and escrow, and property and casualty insurance agency services. The company was formerly known as TRI Pointe Group, Inc. and changed its name to Tri Pointe Homes, Inc. in January 2021. Tri Pointe Homes, Inc. was founded in 2009 and is headquartered in Irvine, California.",Douglas F. Bauer,Residential Construction,46.69,USD,3974979436,https://images.financialmodelingprep.com/symbol/TPH.png,2425259,2013-01-31,17.17,0.02,1949194,364047000,240898000,"[{'period': '2025', 'revenue': 3470.0, 'unit': 'M', 'net_profit': 240.9}, {'period': '2024', 'revenue': 4490.0, 'unit': 'M', 'net_profit': 458.03}, {'period': '2023', 'revenue': 3720.0, 'unit': 'M', 'net_profit': 343.7}, {'period': '2022', 'revenue': 4350.0, 'unit': 'M', 'net_profit': 576.06}]","[{'period': ""Q4 '25"", 'revenue': 972.63, 'unit': 'M', 'net_profit': 60.15}, {'period': ""Q3 '25"", 'revenue': 854.73, 'unit': 'M', 'net_profit': 56.14}, {'period': ""Q2 '25"", 'revenue': 902.41, 'unit': 'M', 'net_profit': 60.75}, {'period': ""Q1 '25"", 'revenue': 740.93, 'unit': 'M', 'net_profit': 64.04}, {'period': ""Q4 '24"", 'revenue': 1250.0, 'unit': 'M', 'net_profit': 129.21}, {'period': ""Q3 '24"", 'revenue': 1140.0, 'unit': 'M', 'net_profit': 111.76}]",2.74,2.72,5028492000,4406826000,982814000,1712563000,147250000,189452000,347478000,982814000,128544000,-0.4381002213352349,-0.47405513624683154,-0.43737166324435317,__nan__,__nan__,__nan__,0.34057188516954984
172,TPL,Texas Pacific Land Corporation Common Stock,"Texas Pacific Land Corporation engages in the land and resource management, and water services and operations businesses. The company's Land and Resource Management segment manages approximately 880,000 acres of land. This segment also holds own a 1/128th nonparticipating perpetual oil and gas royalty interest (NPRI) under approximately 85,000 acres of land; a 1/16th NPRI under approximately 371,000 acres of land; and approximately 4,000 additional net royalty acres located in the western part of Texas. In addition, this segment engages in easements and commercial leases activities, such as oil, gas and related hydrocarbons, power line and utility easements, and subsurface wellbore easements. Further, this segment leases its land for processing, storage, and compression facilities and roads; and is involved in sale of materials, such as caliche. Its Water Services and Operations segment provides full-service water offerings, including water sourcing, produced-water gathering/treatment, infrastructure development, disposal solutions, water tracking, analytics, and well testing services to operators in the Permian Basin. This segment also holds royalties for water sourced from its land. Texas Pacific Land Corporation was founded in 1888 and is headquartered in Dallas, Texas.",Tyler Glover,Oil & Gas Exploration & Production,511.75,USD,35280840260,https://images.financialmodelingprep.com/symbol/TPL.png,505152,1980-03-17,73.53,-10.53,410714,655455000,481376000,"[{'period': '2025', 'revenue': 798.19, 'unit': 'M', 'net_profit': 481.38}, {'period': '2024', 'revenue': 705.82, 'unit': 'M', 'net_profit': 453.96}, {'period': '2023', 'revenue': 631.6, 'unit': 'M', 'net_profit': 405.64}, {'period': '2022', 'revenue': 667.42, 'unit': 'M', 'net_profit': 446.36}]","[{'period': ""Q4 '25"", 'revenue': 211.58, 'unit': 'M', 'net_profit': 123.35}, {'period': ""Q3 '25"", 'revenue': 203.09, 'unit': 'M', 'net_profit': 121.24}, {'period': ""Q2 '25"", 'revenue': 187.54, 'unit': 'M', 'net_profit': 116.14}, {'period': ""Q1 '25"", 'revenue': 195.98, 'unit': 'M', 'net_profit': 120.65}, {'period': ""Q4 '24"", 'revenue': 185.78, 'unit': 'M', 'net_profit': 118.36}, {'period': ""Q3 '24"", 'revenue': 173.56, 'unit': 'M', 'net_profit': 106.59}]",6.98,6.97,1623278000,319320000,144809000,164371000,164905000,1069153000,72604000,144809000,486379000,0.1615364167995747,0.06039298616618204,0.06026376719463392,"[0.6, 0.25]","['2026-03-02', '1981-02-23']",__nan__,0.1012586876677932
173,TPR,Tapestry Inc. Common Stock,"Tapestry, Inc. provides luxury accessories and branded lifestyle products in the United States, Japan, Greater China, and internationally. The company operates in three segments: Coach, Kate Spade, and Stuart Weitzman. It offers women's accessories, including handbags, such as wallets, money pieces, wristlets, and cosmetic cases; novelty accessories comprising address books, time management and travel accessories, sketchbooks, and portfolios; and key rings and charms. The company also provides bag collections, including business cases, computer bags, messenger-style bags, backpacks, and totes; small leather goods, such as wallets, card cases, travel organizers, and belts; and footwear, watches, fragrances, sunglasses, novelty accessories, and ready-to-wear for men. In addition, it offers women's footwear; sunglasses; bracelets, necklaces, rings, and earrings; fragrances and watches; women's seasonal lifestyle apparel collections, including outerwear and ready-to-wear, and cold weather accessories, which comprise gloves, scarves, and hats. Further, the company provides footwear items; and housewares and home accessories for kids, such as fashion bedding and tableware; and stationery and gifts. Additionally, it licenses rights to market and distribute its tech and soft accessories, jewelry, watches, eyewear, and fragrances under the Coach brand; and tableware and housewares, fashion beddings, tech accessories, watches, sleepwear, eyewear, stationery and gifts, and fragrances under the Kate Spade brand. As of July 2, 2022, the company operated through a network of 945 Coach stores, 398 Kate Spade stores, and 100 Stuart Weitzman stores. It sells its products through e-commerce sites and concession shop-in-shops, and wholesale customers, as well as through independent third-party distributors. The company was formerly known as Coach, Inc. and changed its name to Tapestry, Inc. in October 2017. Tapestry, Inc. was founded in 1941 and is headquartered in New York, New York.",Joanne C. Crevoiserat,Luxury Goods,138.84,USD,28413571012,https://images.financialmodelingprep.com/symbol/TPR.png,2310222,2000-10-06,53.81,-2.57,1601871,526400000,183200000,"[{'period': '2025', 'revenue': 7010.0, 'unit': 'M', 'net_profit': 183.2}, {'period': '2024', 'revenue': 6670.0, 'unit': 'M', 'net_profit': 816.0}, {'period': '2023', 'revenue': 6660.0, 'unit': 'M', 'net_profit': 936.0}, {'period': '2022', 'revenue': 6680.0, 'unit': 'M', 'net_profit': 856.3}]","[{'period': ""Q2 '26"", 'revenue': 2500.0, 'unit': 'M', 'net_profit': 561.3}, {'period': ""Q1 '26"", 'revenue': 1700.0, 'unit': 'M', 'net_profit': 274.8}, {'period': ""Q4 '25"", 'revenue': 1720.0, 'unit': 'M', 'net_profit': -517.1}, {'period': ""Q3 '25"", 'revenue': 1580.0, 'unit': 'M', 'net_profit': 203.3}, {'period': ""Q2 '25"", 'revenue': 2200.0, 'unit': 'M', 'net_profit': 310.4}, {'period': ""Q1 '25"", 'revenue': 1510.0, 'unit': 'M', 'net_profit': 186.6}]",0.85,0.82,6580500000,2905600000,1119600000,5722700000,516600000,1400000,1556900000,1100000000,1093900000,-0.6146130756277912,-0.7754901960784314,-0.7612359550561798,"[0.4, 0.075]","['2026-03-06', '2009-06-04']",__nan__,0.869645163741357
174,TPVG,TriplePoint Venture Growth BDC Corp. Common Stock,"TriplePoint Venture Growth BDC Corp. is a business development company specializing investments in venture capital-backed companies at the growth stage investments. It also provides debt financing to venture growth space companies which includes growth capital loans, secured and customized loans, equipment financings, revolving loans and direct equity investments. The fund seeks to invest in e-commerce, entertainment, technology and life sciences sector. Within technology the areas of focus include: Security, wireless communication equipments, network system and software, business applications software, conferencing equipments/services .big data, cloud computing, data storage, electronics, energy efficiency, hardware, information services, internet and media, networking, semiconductors, software, software as a service, and other technology related subsectors and within life sciences the areas of focus include: biotechnology, bio fuels/bio mass, diagnostic testing and bioinformatics, drug delivery, drug discovery, healthcare information systems, healthcare services, medical, surgical and therapeutic devices, pharmaceuticals and other life science related subsectors. Within growth capital loans it invests between $5 million and $50 million, for equipment financings it invests between $5 million and $25 million, for revolving loans it invests between $1 million and $25 million, and for direct equity investments it may invest between $0.1 million and $5 million (generally not exceeding 5% of the company's total equity). The debt financing products are typically structured as lines of credit and it invests through warrants and secured loans. It targeted returns between 10% and 18%. It does not take board seat in the company.",James Peter Labe,Asset Management,4.5,USD,182209950,https://images.financialmodelingprep.com/symbol/TPVG.png,462676,2014-03-06,3.69,-0.12,485838,75727000,49207000,"[{'period': '2025', 'revenue': 97.21, 'unit': 'M', 'net_profit': 49.21}, {'period': '2024', 'revenue': 71.19, 'unit': 'M', 'net_profit': 32.05}, {'period': '2023', 'revenue': 5.97, 'unit': 'M', 'net_profit': -39.82}, {'period': '2022', 'revenue': 13.39, 'unit': 'M', 'net_profit': -20.07}]","[{'period': ""Q4 '25"", 'revenue': 27.31, 'unit': 'M', 'net_profit': 8.11}, {'period': ""Q3 '25"", 'revenue': 22.16, 'unit': 'M', 'net_profit': 15.23}, {'period': ""Q2 '25"", 'revenue': 20.65, 'unit': 'M', 'net_profit': 13.17}, {'period': ""Q1 '25"", 'revenue': 21.08, 'unit': 'M', 'net_profit': 12.69}, {'period': ""Q4 '24"", 'revenue': 2.53, 'unit': 'M', 'net_profit': -7.18}, {'period': ""Q3 '24"", 'revenue': 31.95, 'unit': 'M', 'net_profit': 22.63}]",1.22,1.22,839649000,20364000,20364000,486028000,0,783544000,0,20364000,-57033000,1.3630718342382824,0.535511452287337,0.48780487804878053,"[0.23, 0.09]","['2026-03-17', '2014-04-11']",__nan__,0.5788466371066958
175,TPX,Tempur Sealy International Inc. Common Stock,"Tempur Sealy International, Inc., together with its subsidiaries, designs, manufactures, markets, and distributes bedding products in the United States and internationally. It provides mattresses, foundations and adjustable foundations, and adjustable bases, as well as other products comprising pillows, mattress covers, sheets, cushions, and various other accessories and comfort products under the TEMPUR, Tempur-Pedic, Sealy, and Stearns & Foster brands. The company sells its products through approximately 650 company-owned stores, e-commerce, and call centers; and third party retailers, including third party distribution, hospitality, and healthcare, as well as offers Cocoon by Sealy branded products through online. It also operates a portfolio of retail brands, including Tempur-Pedic retail stores, Sleep Outfitters, Sleep Solutions Outlet, SOVA, and other retail brands. In addition, the company is involved in licensing its Sealy, Tempur, and Stearns & Foster brands, technology, and trademarks to other manufacturers. Tempur Sealy International, Inc. was founded in 1846 and is based in Lexington, Kentucky.",Scott L. Thompson,"Furnishings, Fixtures & Appliances",65.81,USD,13678805930,https://images.financialmodelingprep.com/symbol/TPX.png,2053338,2003-12-18,30.050228310502284,0.68,2937751,998399999,384100000,"[{'period': '2025', 'revenue': 7480.0, 'unit': 'M', 'net_profit': 384.1}, {'period': '2024', 'revenue': 4930.0, 'unit': 'M', 'net_profit': 384.3}, {'period': '2023', 'revenue': 4930.0, 'unit': 'M', 'net_profit': 368.1}, {'period': '2022', 'revenue': 4920.0, 'unit': 'M', 'net_profit': 455.7}]","[{'period': ""Q4 '25"", 'revenue': 1870.0, 'unit': 'M', 'net_profit': 140.8}, {'period': ""Q3 '25"", 'revenue': 2120.0, 'unit': 'M', 'net_profit': 177.4}, {'period': ""Q2 '25"", 'revenue': 1880.0, 'unit': 'M', 'net_profit': 99.0}, {'period': ""Q1 '25"", 'revenue': 1600.0, 'unit': 'M', 'net_profit': -33.1}, {'period': ""Q4 '24"", 'revenue': 1210.0, 'unit': 'M', 'net_profit': 71.9}, {'period': ""Q3 '24"", 'revenue': 1300.0, 'unit': 'M', 'net_profit': 130.0}]",1.86,1.84,11614000000,1294100000,134900000,8497100000,358500000,0,1565200000,134900000,633200000,0.25885764594628674,-0.0005204267499349467,-0.15837104072398184,"[0.17, 0.06]","['2026-03-05', '2007-02-23']",__nan__,0.7316256242465989
176,TPZ,Tortoise Power and Energy Infrastructure Fund Inc Common Stock,"TPZ invests in equity and fixed income securities, mainly in US electrification infrastructure companies that are expected to provide consistent income regardless of the economic cycle. The fund invests in companies that use long-lived assets for the generation, transmission, and distribution of electric power, and related energy infrastructure such as utilities, pipelines, LNG facilities, and renewable energy assets. Fixed income investments may be of any maturity, comprising up to 50% of the portfolio. The fund caps junk bonds to 25%, MLPs to 25%, and non-US issuers to 10%. In addition, the actively managed fund employs a covered call strategy against select equity positions. Starting with $313 million in assets, the ETF is the product of the merger of three closed-end funds: Tortoise Power and Energy Infrastructure (TPZ), Tortoise Energy Independence Fund, Inc. (NDP), and Tortoise Pipeline & Energy Fund, Inc. Before Jan 1, 2026, the fund was named Tortoise Essential Energy Fund.",Terry Clyde Matlack,Asset Management,22.18,USD,130643948,https://images.financialmodelingprep.com/symbol/TPZ.png,15974,2009-07-29,20.41,0.22,23935,10947815,9943484,"[{'period': '2023', 'revenue': 10.55, 'unit': 'M', 'net_profit': 9.94}, {'period': '2022', 'revenue': 4.46, 'unit': 'M', 'net_profit': 12.36}, {'period': '2021', 'revenue': 7.96, 'unit': 'M', 'net_profit': 17.52}, {'period': '2020', 'revenue': -20.28, 'unit': 'M', 'net_profit': -25.54}]","[{'period': ""Q2 '24"", 'revenue': 2.36, 'unit': 'M', 'net_profit': 12.52}, {'period': ""Q4 '23"", 'revenue': 7.01, 'unit': 'M', 'net_profit': 11.48}, {'period': ""Q2 '23"", 'revenue': 3.53, 'unit': 'M', 'net_profit': -1.54}, {'period': ""Q4 '22"", 'revenue': 3330.0, 'unit': 'K', 'net_profit': 512.94}, {'period': ""Q2 '22"", 'revenue': 1.13, 'unit': 'M', 'net_profit': 6.53}, {'period': ""Q4 '21"", 'revenue': 2.31, 'unit': 'M', 'net_profit': 6.53}]",2.21,2.21,120802378,1229459,340564,25077975,1229459,119555853,189896,0,13763887,-0.17177519837862495,-0.19536153317800783,0.1450777202072539,"[0.2035, 0.125]","['2026-03-26', '2009-09-22']",__nan__,0.20759504419689487
177,TR,Tootsie Roll Industries Inc. Common Stock,"Tootsie Roll Industries, Inc., together with its subsidiaries, engages in manufacture and sale of confectionery products in the United States, Canada, Mexico, and internationally. It sells its products under the Tootsie Roll, Tootsie Pops, Child's Play, Caramel Apple Pops, Charms, Blow-Pop, Charms Mini Pops, Cella's, Dots, Junior Mints, Charleston Chew, Sugar Daddy, Sugar Babies, Andes, Fluffy Stuff, Dubble Bubble, Razzles, Cry Baby, NIK-L-NIP, and Tutsi Pop trademarks. The company sells its products directly to wholesale distributors of candy, food and groceries, supermarkets, variety stores, dollar stores, chain grocers, drug chains, discount chains, cooperative grocery associations, mass merchandisers, warehouse and membership club stores, vending machine operators, e-commerce merchants, the United States military, and fund-raising charitable organizations, as well as through food and grocery brokers. Tootsie Roll Industries, Inc. was founded in 1896 and is based in Chicago, Illinois.",Ellen R. Gordon,Food Confectioners,42.36,USD,3184464891,https://images.financialmodelingprep.com/symbol/TR.png,134999,1980-03-17,31.85,0.74,79135,156750000,100052000,"[{'period': '2025', 'revenue': 732.52, 'unit': 'M', 'net_profit': 100.05}, {'period': '2024', 'revenue': 723.22, 'unit': 'M', 'net_profit': 86.83}, {'period': '2023', 'revenue': 769.37, 'unit': 'M', 'net_profit': 91.91}, {'period': '2022', 'revenue': 686.97, 'unit': 'M', 'net_profit': 75.94}]","[{'period': ""Q4 '25"", 'revenue': 196.28, 'unit': 'M', 'net_profit': 28.79}, {'period': ""Q3 '25"", 'revenue': 232.71, 'unit': 'M', 'net_profit': 35.66}, {'period': ""Q2 '25"", 'revenue': 155.09, 'unit': 'M', 'net_profit': 17.54}, {'period': ""Q1 '25"", 'revenue': 148.46, 'unit': 'M', 'net_profit': 18.06}, {'period': ""Q4 '24"", 'revenue': 193.37, 'unit': 'M', 'net_profit': 22.51}, {'period': ""Q3 '24"", 'revenue': 225.93, 'unit': 'M', 'net_profit': 32.84}]",1.37,1.37,1253982000,321468000,177032000,313414000,54183000,437114000,98452000,127564000,96351000,0.07690510868669104,0.15231437225747751,0.16101694915254253,"[0.09, 0.05703]","['2026-03-05', '1984-12-14']",__nan__,0.24993500704156837
178,TRC,Tejon Ranch Co Common Stock,"Tejon Ranch Co., together with its subsidiaries, operates as a diversified real estate development and agribusiness company. It operates through five segments: Commercial/Industrial Real Estate Development, Resort/Residential Real Estate Development, Mineral Resources, Farming, and Ranch Operations. The Commercial/Industrial Real Estate Development segment engages in the planning and permitting of land for development; construction of infrastructure projects, pre-leased buildings, and buildings to be leased or sold; and sale of land to third parties for their own development. It is also involved in the activities related to communications leases, and landscape maintenance. This segment leases land to two auto service stations with convenience stores, 13 fast-food operations, a motel, an antique shop, and a post office; various microwave repeater locations, radio and cellular transmitter sites, and fiber optic cable routes; and 32 acres of land for an electric power plant. The Resort/Residential Real Estate Development segment engages in land entitlement, planning, pre-construction engineering, stewardship, and conservation activities. The Mineral Resources segment includes oil and gas royalties, rock and aggregate royalties, and royalties from a cement operation leased to National Cement Company of California, Inc.; and the management of water assets and infrastructure projects. The Farming segment farms permanent crops, such as wine grapes in 1,036 acres, almonds in 2,262 acres, and pistachios in 1,053 acres. It also manages the farming of alfalfa and forage mix on 626 acres in the Antelope Valley; and leases 720 acres of land for growing vegetables, as well as almonds. The Ranch Operations segment provides game management and ancillary land services comprising grazing leases and filming, as well as various guided hunts. Tejon Ranch Co. was founded in 1843 and is based in Lebec, California.",Matthew Walker,Conglomerates,19.06,USD,513289536,https://images.financialmodelingprep.com/symbol/TRC.png,107047,1980-03-17,173.27,-0.05,60562,-1939000,71000,"[{'period': '2025', 'revenue': 49590.0, 'unit': 'K', 'net_profit': 71.0}, {'period': '2024', 'revenue': 41.89, 'unit': 'M', 'net_profit': 2.69}, {'period': '2023', 'revenue': 44.74, 'unit': 'M', 'net_profit': 3.27}, {'period': '2022', 'revenue': 79.22, 'unit': 'M', 'net_profit': 15.81}]","[{'period': ""Q4 '25"", 'revenue': 21.11, 'unit': 'M', 'net_profit': 1.58}, {'period': ""Q3 '25"", 'revenue': 11.97, 'unit': 'M', 'net_profit': 1.67}, {'period': ""Q2 '25"", 'revenue': 8.31, 'unit': 'M', 'net_profit': -1.71}, {'period': ""Q1 '25"", 'revenue': 8.21, 'unit': 'M', 'net_profit': -1.46}, {'period': ""Q4 '24"", 'revenue': 17.93, 'unit': 'M', 'net_profit': 4.48}, {'period': ""Q3 '24"", 'revenue': 10.86, 'unit': 'M', 'net_profit': -1.84}]",0.0028,0.0028,630469000,39262000,24894000,139913000,9389000,29986000,9490000,9524000,-57078000,0.5504289357755623,-0.9736059479553903,-0.9720000000000001,"[0.025, 10.6193]","['1999-11-17', '1985-12-09']",__nan__,0.22191892067651225
179,TRCA,Twin Ridge Capital Acquisition Corp. Class A Ordinary Shares,"Twin Ridge Capital Acquisition Corp. does not have significant operations. The company focuses on effecting a merger, capital stock exchange, asset acquisition, stock purchase, reorganization, or similar business combination with one or more businesses or entities. It intends to identify, acquire, and build a company in the consumer or distribution sector. Twin Ridge Capital Acquisition Corp. was incorporated in 2021 and is based in Naples, Florida.",William P. Russell Jr.,Shell Companies,7.87,USD,89145843,https://images.financialmodelingprep.com/symbol/TRCA.png,35623,2021-04-26,98.375,0.75,20657,,,[],[],,,,,,,,,,,,,,,__nan__,__nan__,__nan__,__nan__
180,TREB,Trebia Acquisition Corp. Class A Ordinary Shares,"As of January 27, 2022, Trebia Acquisition Corp. was acquired by System1, Inc., in a reverse merger transaction. Trebia Acquisition Corp. is a blank check company. It intends to enter into a merger, share exchange, asset acquisition, share purchase, reorganization, or similar business combination with one or more businesses. The company was incorporated in 2020 and is based in New York, New York.",Paul T. Danola,Shell Companies,9.45,USD,1072886869,https://images.financialmodelingprep.com/symbol/TREB.png,544134,2020-08-07,0.0,-1.03,381833,-62040000,-65345000,"[{'period': '2025', 'revenue': 266.13, 'unit': 'M', 'net_profit': -65.34}, {'period': '2024', 'revenue': 343.93, 'unit': 'M', 'net_profit': -74.67}, {'period': '2020', 'revenue': 0.0, 'unit': 'K', 'net_profit': -806.03}]","[{'period': ""Q4 '25"", 'revenue': 51.94, 'unit': 'M', 'net_profit': -13.48}, {'period': ""Q3 '25"", 'revenue': 61.56, 'unit': 'M', 'net_profit': -18.52}, {'period': ""Q2 '25"", 'revenue': 78.11, 'unit': 'M', 'net_profit': -17.46}, {'period': ""Q1 '25"", 'revenue': 74.51, 'unit': 'M', 'net_profit': -15.88}, {'period': ""Q4 '24"", 'revenue': 343.93, 'unit': 'M', 'net_profit': -92.54}, {'period': ""Q3 '21"", 'revenue': 0.0, 'unit': '', 'net_profit': 0.0}]",-8.32,-8.11,404972000,149480000,86887000,387553000,57289000,0,146438000,86887000,-4193000,-5.431112063424041,0.12491797570741768,-6.775700934579439,__nan__,__nan__,__nan__,0.9569871497288701
181,TREC,Trecora Resources Common Stock,"Trecora Resources manufactures and sells various specialty petrochemicals products and specialty waxes in the United States. It operates through two segments, Specialty Petrochemicals and Specialty Waxes. The Specialty Petrochemicals segment offers hydrocarbons and other petroleum-based products, such as isopentane, normal pentane, isohexane, and hexane used in the production of polyethylene, packaging, polypropylene, expandable polystyrene, poly-iso/urethane foams, crude oil from the Canadian tar sands, and in the catalyst support industry. It also owns and operates natural gas pipelines. The Specialty Waxes segment provides specialty polyethylene waxes for use in the paints and inks, adhesives, coatings, and PVC lubricants; and specialized synthetic poly alpha olefin waxes for use as toner in printers and as additives for candles. This segment also provides custom processing services. The company was formerly known as Arabian American Development Company and changed its name to Trecora Resources in June 2014. Trecora Resources was incorporated in 1967 and is headquartered in Sugar Land, Texas.",Patrick Quarles,Chemicals - Specialty,0.0,USD,0,https://images.financialmodelingprep.com/symbol/TREC.png,285308,2012-04-02,0.0,-9.81,42479,21100000,4963000,"[{'period': '2021', 'revenue': 272.69, 'unit': 'M', 'net_profit': 4.96}, {'period': '2020', 'revenue': 208.63, 'unit': 'M', 'net_profit': 31.18}, {'period': '2019', 'revenue': 258.96, 'unit': 'M', 'net_profit': -14.97}, {'period': '2018', 'revenue': 287.93, 'unit': 'M', 'net_profit': -2.33}]","[{'period': ""Q1 '22"", 'revenue': 83210.0, 'unit': 'K', 'net_profit': -376.0}, {'period': ""Q4 '21"", 'revenue': 74.62, 'unit': 'M', 'net_profit': 5.23}, {'period': ""Q3 '21"", 'revenue': 74.64, 'unit': 'M', 'net_profit': 1.88}, {'period': ""Q2 '21"", 'revenue': 68.85, 'unit': 'M', 'net_profit': 2.25}, {'period': ""Q1 '21"", 'revenue': 54.59, 'unit': 'M', 'net_profit': -4.4}, {'period': ""Q4 '20"", 'revenue': 58140.0, 'unit': 'K', 'net_profit': -116.0}]",0.2,0.2,293540000,88793000,30535000,93567000,32811000,0,25995000,30535000,-9777000,0.07422869361572142,-0.8408019246190858,-0.8373983739837398,__nan__,__nan__,__nan__,0.31875383252708317
182,TREX,Trex Company Inc. Common Stock,"Trex Company, Inc. manufactures and distributes decking, railing, and outdoor living products and accessories for residential and commercial markets in the United States. The company operates in two segments, Trex Residential and Trex Commercial. It offers decking products under the names Trex Transcend, Trex Select, and Trex Enhance for protection against fading, staining, mold, and scratching; Trex Hideaway, a hidden fastening system; and Trex DeckLighting, a LED dimmable deck lighting for use on posts, floors, and steps. The company also provides Trex Transcend Railing products that are used in Trex decking products and other decking materials; Trex Select Railing products for a simple clean finished look; Trex Enhance Railing system; and Trex Signature aluminum railing for a contemporary look. In addition, it offers Trex Seclusions, a fencing product that includes structural posts, bottom and top rails, pickets, and decorative post caps. In addition, it designs, engineers, and markets architectural and aluminum railing systems, and staging equipment and accessories for the commercial market, as well as sports stadiums and performing arts venues. Further, the company acts as a licensor in various licensing agreements with third parties to manufacture and sell products under the Trex name, including Trex Outdoor Furniture; Trex RainEscape, an above joist deck drainage system; Trex Pergola, a cellular PVC product; Trex Latticeworks outdoor lattice boards; Trex Cornhole boards; Diablo Trex Blade, a saw blade for wood-alternative composite decking; Trex SpiralStairs and structural steel posts; and Trex Outdoor Kitchens, Cabinetry, and Storage products. It sells its products through wholesale distributors, retail lumber dealers, and Home Depot and Lowe's stores, as well as through its direct sales staff, independent sales representatives, and bidding on projects. Trex Company, Inc. was founded in 1996 and is headquartered in Winchester, Virginia.",Bryan Horix Fairbanks,Construction,35.54,USD,3757892980,https://images.financialmodelingprep.com/symbol/TREX.png,2006720,1999-04-08,19.97,-1.14,1206453,320918000,190415000,"[{'period': '2025', 'revenue': 1170.0, 'unit': 'M', 'net_profit': 190.41}, {'period': '2024', 'revenue': 1150.0, 'unit': 'M', 'net_profit': 226.39}, {'period': '2023', 'revenue': 1090.0, 'unit': 'M', 'net_profit': 205.38}, {'period': '2022', 'revenue': 1110.0, 'unit': 'M', 'net_profit': 184.63}]","[{'period': ""Q4 '25"", 'revenue': 161.12, 'unit': 'M', 'net_profit': 2.3}, {'period': ""Q3 '25"", 'revenue': 285.35, 'unit': 'M', 'net_profit': 51.77}, {'period': ""Q2 '25"", 'revenue': 387.8, 'unit': 'M', 'net_profit': 75.91}, {'period': ""Q1 '25"", 'revenue': 339.99, 'unit': 'M', 'net_profit': 60.43}, {'period': ""Q4 '24"", 'revenue': 167.63, 'unit': 'M', 'net_profit': 9.77}, {'period': ""Q3 '24"", 'revenue': 233.72, 'unit': 'M', 'net_profit': 40.55}]",1.78,1.78,1490791000,310406000,3807000,456527000,50238000,0,250705000,3807000,134521000,-0.10940964580968689,-0.15891462595851444,-0.14832535885167458,__nan__,__nan__,__nan__,0.3062313899131401
183,TRGP,Targa Resources Inc. Common Stock,"Targa Resources Corp., together with its subsidiary, Targa Resources Partners LP, owns, operates, acquires, and develops a portfolio of midstream energy assets in North America. The company operates in two segments, Gathering and Processing, and Logistics and Transportation. It engages in gathering, compressing, treating, processing, transporting, and selling natural gas; storing, fractionating, treating, transporting, and selling natural gas liquids (NGL) and NGL products, including services to liquefied petroleum gas exporters; and gathering, storing, terminaling, purchasing, and selling crude oil. The company is also involved in the purchase and resale of NGL products; and wholesale of propane, as well as provision of related logistics services to multi-state retailers, independent retailers, and other end-users. In addition, it offers NGL balancing services; and transportation services to refineries and petrochemical companies in the Gulf Coast area, as well as purchases, markets, and resells natural gas. The company operates approximately 28,400 miles of natural gas pipelines, including 42 owned and operated processing plants; and owns or operates a total of 34 storage wells with a gross storage capacity of approximately 76 million barrels. As of December 31, 2021, it leased and managed approximately 648 railcars; 119 transport tractors; and two company-owned pressurized NGL barges. The company was incorporated in 2005 and is headquartered in Houston, Texas.",Matthew J. Meloy,Oil & Gas Midstream,250.23,USD,53787388414,https://images.financialmodelingprep.com/symbol/TRGP.png,1408637,2010-12-07,29.47,-0.27,866940,4854500000,1844400000,"[{'period': '2025', 'revenue': 17.14, 'unit': 'B', 'net_profit': 1.84}, {'period': '2024', 'revenue': 16.63, 'unit': 'B', 'net_profit': 1.27}, {'period': '2023', 'revenue': 15620.0, 'unit': 'M', 'net_profit': 828.2}, {'period': '2022', 'revenue': 21.68, 'unit': 'B', 'net_profit': 1.14}]","[{'period': ""Q4 '25"", 'revenue': 4059.9999999999995, 'unit': 'M', 'net_profit': 545.0}, {'period': ""Q3 '25"", 'revenue': 4200.0, 'unit': 'M', 'net_profit': 475.5}, {'period': ""Q2 '25"", 'revenue': 4030.0000000000005, 'unit': 'M', 'net_profit': 625.1}, {'period': ""Q1 '25"", 'revenue': 4850.0, 'unit': 'M', 'net_profit': 198.8}, {'period': ""Q4 '24"", 'revenue': 4410.0, 'unit': 'M', 'net_profit': 351.0}, {'period': ""Q3 '24"", 'revenue': 3890.0, 'unit': 'M', 'net_profit': 384.5}]",8.54,8.52,25218400000,2362700000,166100000,22020200000,1474600000,307100000,3546800000,166100000,584100000,0.17292451918430463,0.4528554549035053,0.48006932409012126,"[1, 0.0616]","['2026-01-30', '2011-02-01']",__nan__,0.8731799003901913
184,TRI,Thomson Reuters Corp Ordinary Shares,"Thomson Reuters Corporation provides business information services in the Americas, Europe, the Middle East, Africa, and the Asia Pacific. It operates in five segments: Legal Professionals, Corporates, Tax & Accounting Professionals, Reuters News, and Global Print. The Legal Professionals segment offers research and workflow products focusing on legal research and integrated legal workflow solutions that combine content, tools, and analytics to law firms and governments. The Corporates segment provides a suite of content-enabled technology solutions for legal, tax, regulatory, compliance, and IT professionals. The Tax & Accounting Professionals segment offers research and workflow products focusing on tax offerings and automating tax workflows to tax, accounting, and audit professionals in accounting firms. The Reuters News segment provides business, financial, and international news to media organizations, professional, and news consumers through news agency and industry events. The Global Print segment offers legal and tax information primarily in print format to legal and tax professionals, governments, law schools, and corporations. The company was formerly known as The Thomson Corporation and changed its name to Thomson Reuters Corporation in April 2008. The company was founded in 1851 and is headquartered in Toronto, Canada. Thomson Reuters Corporation is a subsidiary of The Woodbridge Company Limited.",Stephen John Hasker,Specialty Business Services,89.43,USD,39775423380,https://images.financialmodelingprep.com/symbol/TRI.png,2629915,2002-06-12,27.18,-0.95,1578755,3059639137,1528293311,"[{'period': '2025', 'revenue': 7.61, 'unit': 'B', 'net_profit': 1.53}, {'period': '2024', 'revenue': 7.26, 'unit': 'B', 'net_profit': 2.21}, {'period': '2023', 'revenue': 6.79, 'unit': 'B', 'net_profit': 2.69}, {'period': '2022', 'revenue': 6.63, 'unit': 'B', 'net_profit': 1.34}]","[{'period': ""Q4 '25"", 'revenue': 2040.0, 'unit': 'M', 'net_profit': 337.1}, {'period': ""Q3 '25"", 'revenue': 1780.0, 'unit': 'M', 'net_profit': 423.0}, {'period': ""Q2 '25"", 'revenue': 1780.0, 'unit': 'M', 'net_profit': 313.0}, {'period': ""Q1 '25"", 'revenue': 1900.0, 'unit': 'M', 'net_profit': 434.0}, {'period': ""Q4 '24"", 'revenue': 1910.0, 'unit': 'M', 'net_profit': 587.0}, {'period': ""Q3 '24"", 'revenue': 1720.0, 'unit': 'M', 'net_profit': 301.0}]",3.4,3.4,17940000000,2228000000,605000000,6026000000,1143000000,668000000,3461688760,511000000,2052308663,0.0025029937745740497,-0.30846456515837106,-0.3047034764826176,"[0.655, 0.103]","['2026-02-17', '1989-08-09']",__nan__,0.33589743589743587
185,TRN,Trinity Industries Inc. Common Stock,"Trinity Industries, Inc. provides rail transportation products and services under the TrinityRail name in North America. It operates in two segments, Railcar Leasing and Management Services Group, and Rail Products Group. The Railcar Leasing and Management Services Group segment leases freight and tank railcars; originates and manages railcar leases for third-party investors; and provides fleet maintenance and management services. As of December 31, 2021, it had a fleet of 106,970 owned or leased railcars. This segment serves industrial shipper and railroad companies operating in agriculture, construction and metals, consumer products, energy, and refined products and chemicals markets. The Rail Products Group segment manufactures freight and tank railcars for transporting various liquids, gases, and dry cargo; and offers railcar maintenance and modification services. This segment serves railroads, leasing companies, and industrial shippers of products in the agriculture, construction and metals, consumer products, energy, and refined products and chemicals markets. It sells or leases products and services through its own sales personnel and independent sales representatives. Trinity Industries, Inc. was incorporated in 1933 and is headquartered in Dallas, Texas.",E. Jean Savage,Railroads,31.19,USD,2500830450,https://images.financialmodelingprep.com/symbol/TRN.png,810952,1973-05-03,9.93,-0.28,317530,954700000,253100000,"[{'period': '2025', 'revenue': 2160.0, 'unit': 'M', 'net_profit': 253.1}, {'period': '2024', 'revenue': 3080.0, 'unit': 'M', 'net_profit': 138.4}, {'period': '2023', 'revenue': 2980.0, 'unit': 'M', 'net_profit': 106.0}, {'period': '2022', 'revenue': 1980.0, 'unit': 'M', 'net_profit': 60.1}]","[{'period': ""Q4 '25"", 'revenue': 611.2, 'unit': 'M', 'net_profit': 186.6}, {'period': ""Q3 '25"", 'revenue': 454.1, 'unit': 'M', 'net_profit': 30.3}, {'period': ""Q2 '25"", 'revenue': 506.2, 'unit': 'M', 'net_profit': 14.1}, {'period': ""Q1 '25"", 'revenue': 585.4, 'unit': 'M', 'net_profit': 22.1}, {'period': ""Q4 '24"", 'revenue': 629.4, 'unit': 'M', 'net_profit': 28.9}, {'period': ""Q3 '24"", 'revenue': 798.8, 'unit': 'M', 'net_profit': 31.4}]",3.22,3.14,8424400000,1209300000,201300000,7279100000,416600000,0,570800000,201300000,-435200000,0.20985933341781776,0.828757225433526,0.9053254437869824,"[0.31, 0.14]","['2026-04-15', '1973-07-10']",__nan__,0.8640496652580599
186,TRNO,Terreno Realty Corporation Common Stock,"{Terreno Realty Corporation and together with its subsidiaries, the Company) acquires, owns and operates industrial real estate in six major coastal U.S. markets: Los Angeles, Northern New Jersey/New York City, San Francisco Bay Area, Seattle, Miami, and Washington, D.C. All square feet, acres, occupancy and number of properties disclosed in these condensed notes to the consolidated financial statements are unaudited. As of September 30, 2020, the Company owned 219 buildings aggregating approximately 13.1 million square feet, 22 improved land parcels consisting of approximately 85.0 acres and one property under redevelopment expected to contain approximately 0.2 million square feet upon completion. The Company is an internally managed Maryland corporation and elected to be taxed as a real estate investment trust (REIT) under Sections 856 through 860 of the Internal Revenue Code of 1986, as amended (the Code), commencing with its taxable year ended December 31, 2010.}",W. Blake Baird,REIT - Industrial,60.69,USD,6322562820,https://images.financialmodelingprep.com/symbol/TRNO.png,718771,2010-02-10,15.52,-1.09,338530,557429000,402992000,"[{'period': '2025', 'revenue': 476.38, 'unit': 'M', 'net_profit': 402.99}, {'period': '2024', 'revenue': 382.62, 'unit': 'M', 'net_profit': 184.5}, {'period': '2023', 'revenue': 323.59, 'unit': 'M', 'net_profit': 151.46}, {'period': '2022', 'revenue': 276.21, 'unit': 'M', 'net_profit': 198.01}]","[{'period': ""Q4 '25"", 'revenue': 137.48, 'unit': 'M', 'net_profit': 158.22}, {'period': ""Q3 '25"", 'revenue': 116.25, 'unit': 'M', 'net_profit': 103.38}, {'period': ""Q2 '25"", 'revenue': 112.23, 'unit': 'M', 'net_profit': 93.27}, {'period': ""Q1 '25"", 'revenue': 110.42, 'unit': 'M', 'net_profit': 48.13}, {'period': ""Q4 '24"", 'revenue': 103.71, 'unit': 'M', 'net_profit': 76.1}, {'period': ""Q3 '24"", 'revenue': 99.64, 'unit': 'M', 'net_profit': 36.64}]",3.93,3.92,5388083000,27932000,25020000,1241805000,0,0,331460000,25020000,208455000,0.8622308190850354,1.1842739990352147,1.0468750000000002,"[0.52, 0.1]","['2026-03-27', '2011-04-01']",__nan__,0.23047250756901852
187,TROX,Tronox Holdings plc Ordinary Shares (UK),"Tronox Holdings plc operates as a vertically integrated manufacturer of TiO2 pigment in North America, South and Central America, Europe, the Middle East, Africa, and the Asia Pacific. The company operates titanium-bearing mineral sand mines; and engages in beneficiation and smelting operations. It offers TiO2 pigment; ultrafine specialty TiO2; zircon; feedstock; pig iron; titanium tetrachloride; and other products. The company's products are used for the manufacture of paints, coatings, plastics, and paper, as well as various other applications. Tronox Holdings plc is based in Stamford, Connecticut.",John D. Romano,Chemicals,9.12,USD,1446048960,https://images.financialmodelingprep.com/symbol/TROX.png,3955845,2010-12-01,-3.07,0.11,2517998,33000000,-470000000,"[{'period': '2025', 'revenue': 2900.0, 'unit': 'M', 'net_profit': -470.0}, {'period': '2024', 'revenue': 3070.0, 'unit': 'M', 'net_profit': -48.0}, {'period': '2023', 'revenue': 2850.0, 'unit': 'M', 'net_profit': -316.0}, {'period': '2022', 'revenue': 3450.0, 'unit': 'M', 'net_profit': 497.0}]","[{'period': ""Q4 '25"", 'revenue': 730.0, 'unit': 'M', 'net_profit': -176.0}, {'period': ""Q3 '25"", 'revenue': 699.0, 'unit': 'M', 'net_profit': -99.0}, {'period': ""Q2 '25"", 'revenue': 731.0, 'unit': 'M', 'net_profit': -84.0}, {'period': ""Q1 '25"", 'revenue': 738.0, 'unit': 'M', 'net_profit': -111.0}, {'period': ""Q4 '24"", 'revenue': 676.0, 'unit': 'M', 'net_profit': -30.0}, {'period': ""Q3 '24"", 'revenue': 804.0, 'unit': 'M', 'net_profit': -25.0}]",-2.97,-2.97,6217000000,2265000000,211000000,4768000000,290000000,0,919000000,211000000,-281000,-0.9371428571428572,-8.791666666666666,-8.900000000000002,"[0.05, 1.25]","['2026-02-23', '2012-07-11']",__nan__,0.7669293871642271
188,TRP,TC Energy Corporation Common Stock,"TC Energy Corporation operates as an energy infrastructure company in North America. It operates through five segments: Canadian Natural Gas Pipelines; U.S. Natural Gas Pipelines; Mexico Natural Gas Pipelines; Liquids Pipelines; and Power and Storage. The company builds and operates 93,300 km network of natural gas pipelines, which transports natural gas from supply basins to local distribution companies, power generation plants, industrial facilities, interconnecting pipelines, LNG export terminals, and other businesses. It also has regulated natural gas storage facilities with a total working gas capacity of 535 billion cubic feet. In addition, it has approximately 4,900 km liquids pipeline system that connects Alberta crude oil supplies to refining markets in Illinois, Oklahoma, Texas, and the U.S. Gulf Coast. Further, the company owns or has interests in seven power generation facilities with a combined capacity of approximately 4,300 megawatts that are powered by natural gas and nuclear fuel sources located in Alberta, Ontario, Québec, and New Brunswick; and owns and operates approximately 118 billion cubic feet of non-regulated natural gas storage capacity in Alberta. The company was formerly known as TransCanada Corporation and changed its name to TC Energy Corporation in May 2019. TC Energy Corporation was incorporated in 1951 and is headquartered in Calgary, Canada.",Francois Lionel Poirier,Oil & Gas Midstream,63.46,USD,66075821200,https://images.financialmodelingprep.com/symbol/TRP.png,2425242,1982-09-20,25.28,-0.22,1365061,9484265000,3516132000,"[{'period': '2025', 'revenue': 15.19, 'unit': 'B', 'net_profit': 3.52}, {'period': '2024', 'revenue': 13.77, 'unit': 'B', 'net_profit': 4.7}, {'period': '2023', 'revenue': 13.27, 'unit': 'B', 'net_profit': 2.92}, {'period': '2022', 'revenue': 12310.0, 'unit': 'M', 'net_profit': 748.0}]","[{'period': ""Q4 '25"", 'revenue': 4.07, 'unit': 'B', 'net_profit': 1.01}, {'period': ""Q3 '25"", 'revenue': 3700.0, 'unit': 'M', 'net_profit': 637.0}, {'period': ""Q2 '25"", 'revenue': 3740.0, 'unit': 'M', 'net_profit': 861.0}, {'period': ""Q1 '25"", 'revenue': 3.62, 'unit': 'B', 'net_profit': 1.01}, {'period': ""Q4 '24"", 'revenue': 1360.0, 'unit': 'M', 'net_profit': 999.0}, {'period': ""Q3 '24"", 'revenue': 4.08, 'unit': 'B', 'net_profit': 1.48}]",3.27,3.27,118654226000,6310853000,260787000,81785296000,3007547000,23738639000,9950884000,260787000,2079304122,-0.15447401265935634,-0.2515683269476373,-0.26185101580135434,"[0.63294, 0.211]","['2026-03-31', '1984-12-21']",__nan__,0.6892741940771667
189,TRQ,Turquoise Hill Resources Ltd. Ordinary Shares,"Turquoise Hill Resources Ltd., together with its subsidiaries, operates as a mining company. The company primarily explores for copper, gold, and silver deposits. It engages in the operation and development of the Oyu Tolgoi copper-gold mine located in Southern Mongolia. The company was formerly known as Ivanhoe Mines Ltd. and changed its name to Turquoise Hill Resources Ltd. in August 2012. Turquoise Hill Resources Ltd. was incorporated in 1994 and is headquartered in Montreal, Canada. Turquoise Hill Resources Ltd. operates as a subsidiary of Rio Tinto Group.",Ulf Quellmann,Other Precious Metals,31.41,USD,0,https://images.financialmodelingprep.com/symbol/TRQ.png,1197022,1996-06-26,11.897727272727273,0.0,4940361,1160504000,681120000,"[{'period': '2021', 'revenue': 1970.0, 'unit': 'M', 'net_profit': 681.12}, {'period': '2020', 'revenue': 1080.0, 'unit': 'M', 'net_profit': 406.29}, {'period': '2019', 'revenue': 1170.0, 'unit': 'M', 'net_profit': -150.46}, {'period': '2018', 'revenue': 1180.0, 'unit': 'M', 'net_profit': 411.2}]","[{'period': ""Q3 '22"", 'revenue': 391.08, 'unit': 'M', 'net_profit': 40.03}, {'period': ""Q1 '22"", 'revenue': 402.65, 'unit': 'M', 'net_profit': 394.3}, {'period': ""Q3 '21"", 'revenue': 622.79, 'unit': 'M', 'net_profit': 34.94}, {'period': ""Q2 '21"", 'revenue': 317.8, 'unit': 'M', 'net_profit': 96.87}, {'period': ""Q1 '21"", 'revenue': 526.55, 'unit': 'M', 'net_profit': 236.72}, {'period': ""Q4 '20"", 'revenue': 405.05, 'unit': 'M', 'net_profit': 159.91}]",3.38,3.38,14124689000,1121147000,694405000,5015731000,16119000,16818000,931277000,694296000,-420824000,2.1211530341375777,0.6764462647186232,0.6732673267326732,__nan__,__nan__,__nan__,0.35510381856903184
190,TRTN,Triton International Limited Common Shares,"Triton International Limited engages in the acquisition, leasing, re-leasing, and sale of various types of intermodal containers and chassis to shipping lines, and freight forwarding companies and manufacturers. It operates in two segments, Equipment Leasing and Equipment Trading. The company primarily leases dry, refrigerated, special, and tank containers; and chassis used for the transportation of containers, as well as provides maritime container management services. As of December 31, 2021, its total fleet consisted of 4.3 million containers and chassis representing 7.3 million twenty-foot equivalent units or 8.0 million cost equivalent units. The company also purchases containers from container manufacturers, shipping line customers, and other sellers, as well as resells these containers to container retailers and users. It operates in Asia, Europe, the Americas, Bermuda, and internationally. The company was founded in 1980 and is based in Hamilton, Bermuda.",Brian M. Sondey,Rental & Leasing Services,79.55,USD,4380118460,https://images.financialmodelingprep.com/symbol/TRTN.png,666749,2005-10-12,7.738326848249027,-3.4,3761635,1181746000,508384000,"[{'period': '2025', 'revenue': 1410.0, 'unit': 'M', 'net_profit': 508.38}, {'period': '2024', 'revenue': 1580.0, 'unit': 'M', 'net_profit': 518.2}, {'period': '2023', 'revenue': 1640.0, 'unit': 'M', 'net_profit': 474.09}, {'period': '2022', 'revenue': 1830.0, 'unit': 'M', 'net_profit': 746.92}]","[{'period': ""Q4 '25"", 'revenue': 340.31, 'unit': 'M', 'net_profit': 120.56}, {'period': ""Q3 '25"", 'revenue': 350.78, 'unit': 'M', 'net_profit': 117.33}, {'period': ""Q2 '25"", 'revenue': 326.29, 'unit': 'M', 'net_profit': 125.72}, {'period': ""Q1 '25"", 'revenue': 394.95, 'unit': 'M', 'net_profit': 144.77}, {'period': ""Q4 '24"", 'revenue': 406.27, 'unit': 'M', 'net_profit': 164.56}, {'period': ""Q3 '24"", 'revenue': 402.81, 'unit': 'M', 'net_profit': 150.65}]",4.41,4.41,9814420000,348371000,147307000,7228741000,201064000,1737049000,1128836000,147307000,-58202000,-0.1466089914173163,-0.018933027142291996,-0.04338394793926251,"[0.7, 0.2]","['2023-09-07', '2006-09-08']",__nan__,0.7365428624411835
191,TRTX,TPG RE Finance Trust Inc. Common Stock,"TPG RE Finance Trust, Inc., a commercial real estate finance company, originates, acquires, and manages commercial mortgage loans and other commercial real estate-related debt instruments in the United States. It invests in commercial mortgage loans; subordinate mortgage interests, mezzanine loans, secured real estate securities, note financing, preferred equity, and miscellaneous debt instruments; and commercial real estate collateralized loan obligations and commercial mortgage-backed securities secured by properties primarily in the office, multifamily, life science, mixed-use, hospitality, industrial, and retail real estate sectors. The company qualifies as a real estate investment trust for federal income tax purposes. It generally would not be subject to federal corporate income taxes if it distributes at least 90% of its taxable income to its stockholders. TPG RE Finance Trust, Inc. was incorporated in 2014 and is based in New York, New York.",Doug Bouquard,REIT - Mortgage,7.61,USD,596273940,https://images.financialmodelingprep.com/symbol/TRTX.png,791838,2017-07-20,13.35,-0.45,573151,262379000,60319000,"[{'period': '2025', 'revenue': 332.57, 'unit': 'M', 'net_profit': 60.32}, {'period': '2024', 'revenue': 148.97, 'unit': 'M', 'net_profit': 74.33}, {'period': '2023', 'revenue': -73.52, 'unit': 'M', 'net_profit': -116.63}, {'period': '2022', 'revenue': 305.71, 'unit': 'M', 'net_profit': -60.07}]","[{'period': ""Q4 '25"", 'revenue': 84.02, 'unit': 'M', 'net_profit': 3.98}, {'period': ""Q3 '25"", 'revenue': 86.66, 'unit': 'M', 'net_profit': 21.6}, {'period': ""Q2 '25"", 'revenue': 82.23, 'unit': 'M', 'net_profit': 20.63}, {'period': ""Q1 '25"", 'revenue': 12.13, 'unit': 'M', 'net_profit': 13.72}, {'period': ""Q4 '24"", 'revenue': 30.11, 'unit': 'M', 'net_profit': 10.68}, {'period': ""Q3 '24"", 'revenue': 10.86, 'unit': 'M', 'net_profit': 22.19}]",0.57,0.57,4406230000,117414000,88267000,3338207000,29147000,3976000,660303000,88267000,90361000,0.0,-0.18855182619223784,-0.2597402597402598,"[0.24, 0.33]","['2026-03-27', '2017-10-05']",__nan__,0.7576107012116935
192,TRU,TransUnion Common Stock,"TransUnion provides risk and information solutions. The company operates in three segments: U.S. Markets, International, and Consumer Interactive. The U.S. Markets segment provides consumer reports, actionable insights, and analytics to businesses. These businesses use its services to acquire new customers; assess consumer ability to pay for services; identify cross-selling opportunities; measure and manage debt portfolio risk; collect debt; verify consumer identities; and mitigate fraud risk. This segment serves various industry vertical markets, including financial services, insurance, tenant and employment, collections and services, technology, commerce and communication, public sector, media, and other markets. The International segment offers credit reports, analytics, technology solutions, and other value-added risk management services; and consumer services, which help consumers to manage their personal finances and consumer credit reporting, insurance and auto information solutions, and commercial credit information services. This segment serves customers in financial services, retail credit, insurance, automotive, collections, public sector, and communications industries through direct and indirect channels. The Consumer Interactive segment provides credit reports and scores, credit monitoring, identity protection and resolution, and financial management solutions that enable consumers to manage their personal finances and take precautions against identity theft. This segment offers its products through online and mobile interfaces, as well as through direct and indirect channels. The company serves customers in approximately 30 countries and territories, including North America, Latin America, Europe, Africa, India, and the Asia Pacific. The company was formerly known as TransUnion Holding Company, Inc. and changed its name to TransUnion in March 2015. TransUnion was founded in 1968 and is headquartered in Chicago, Illinois.",Christopher A. Cartwright,Consulting Services,65.76,USD,12687767543,https://images.financialmodelingprep.com/symbol/TRU.png,2707657,2015-06-25,28.34,-2.48,1592547,1453600000,455400000,"[{'period': '2025', 'revenue': 4580.0, 'unit': 'M', 'net_profit': 455.4}, {'period': '2024', 'revenue': 4180.0, 'unit': 'M', 'net_profit': 284.4}, {'period': '2023', 'revenue': 3830.0, 'unit': 'M', 'net_profit': -206.2}, {'period': '2022', 'revenue': 3710.0, 'unit': 'M', 'net_profit': 266.3}]","[{'period': ""Q4 '25"", 'revenue': 1170.0, 'unit': 'M', 'net_profit': 101.2}, {'period': ""Q3 '25"", 'revenue': 1170.0, 'unit': 'M', 'net_profit': 96.6}, {'period': ""Q2 '25"", 'revenue': 1140.0, 'unit': 'M', 'net_profit': 109.6}, {'period': ""Q1 '25"", 'revenue': 1100.0, 'unit': 'M', 'net_profit': 148.1}, {'period': ""Q4 '24"", 'revenue': 1040.0, 'unit': 'M', 'net_profit': 66.2}, {'period': ""Q3 '24"", 'revenue': 1080.0, 'unit': 'M', 'net_profit': 68.0}]",2.34,2.32,11112900000,2016300000,856300000,6567500000,905000000,287300000,1154400000,853600000,661600000,0.20720870359604684,0.6012658227848101,0.6027397260273972,"[0.125, 0.075]","['2026-02-26', '2018-05-22']",__nan__,0.5909798522437888
193,TRV,The Travelers Companies Inc. Common Stock,"The Travelers Companies, Inc., through its subsidiaries, provides a range of commercial and personal property, and casualty insurance products and services to businesses, government units, associations, and individuals in the United states and internationally. The company operates through three segments: Business Insurance, Bond & Specialty Insurance, and Personal Insurance. The Business Insurance segment offers workers' compensation, commercial automobile and property, general liability, commercial multi-peril, employers' liability, public and product liability, professional indemnity, marine, aviation, onshore and offshore energy, construction, terrorism, personal accident, and kidnap and ransom insurance products. This segment operates through select accounts, which serve small businesses; commercial accounts that serve mid-sized businesses; national accounts, which serve large companies; and national property and other that serve large and mid-sized customers, commercial trucking industry, and agricultural businesses, as well as markets and distributes its products through brokers, wholesale agents, and program managers. The Bond & Specialty Insurance segment provides surety, fidelity, management and professional liability, and other property and casualty coverages and related risk management services through independent agencies and brokers. The Personal Insurance segment offers property and casualty insurance covering personal risks, primarily automobile and homeowners insurance to individuals through independent agencies and brokers. The Travelers Companies, Inc. was founded in 1853 and is based in New York, New York.",Alan David Schnitzer,Insurance - Property & Casualty,285.27,USD,63633302109,https://images.financialmodelingprep.com/symbol/TRV.png,1617854,1975-11-17,10.4,-5.86,543126,8901000000,6288000000,"[{'period': '2025', 'revenue': 48.83, 'unit': 'B', 'net_profit': 6.29}, {'period': '2024', 'revenue': 46.43, 'unit': 'B', 'net_profit': 5.0}, {'period': '2023', 'revenue': 41.37, 'unit': 'B', 'net_profit': 2.99}, {'period': '2022', 'revenue': 36.9, 'unit': 'B', 'net_profit': 2.84}]","[{'period': ""Q4 '25"", 'revenue': 12.43, 'unit': 'B', 'net_profit': 2.5}, {'period': ""Q3 '25"", 'revenue': 12.47, 'unit': 'B', 'net_profit': 1.89}, {'period': ""Q2 '25"", 'revenue': 12.12, 'unit': 'B', 'net_profit': 1.51}, {'period': ""Q1 '25"", 'revenue': 11810.0, 'unit': 'M', 'net_profit': 395.0}, {'period': ""Q4 '24"", 'revenue': 12.01, 'unit': 'B', 'net_profit': 2.08}, {'period': ""Q3 '24"", 'revenue': 11.9, 'unit': 'B', 'net_profit': 1.26}]",27.84,27.43,143708000000,21437000000,6558000000,110814000000,14879000000,95466000000,91723000000,842000000,10606000000,0.22149032523672293,0.2578515703140628,0.27941176470588225,"[1.1, 6.0032]","['2026-03-10', '1985-12-24']",__nan__,0.7711052968519498
194,TS,Tenaris S.A. American Depositary Shares,"Tenaris S.A., together with its subsidiaries, produces and sells seamless and welded steel tubular products; and provides related services for the oil and gas industry, and other industrial applications. The company offers steel casings, tubing products, mechanical and structural pipes, cold-drawn pipes, and premium joints and couplings; coiled tubing products for oil and gas drilling and workovers, and subsea pipelines; and umbilical tubing products; and tubular accessories. It also provides sucker rods, industrial equipment, heat exchangers, and utility conduits for buildings, as well as sells energy and raw materials. In addition, it offers financial services. The company operates in North America, South America, Europe, the Middle East and Africa, and the Asia Pacific. Tenaris S.A. was incorporated in 2001 and is based in Luxembourg, Luxembourg. Tenaris S.A. is a subsidiary of Techint Holdings S.à r.l.",Paolo Rocca,Oil & Gas Equipment & Services,58.29,USD,31276351816,https://images.financialmodelingprep.com/symbol/TS.png,1643074,2002-12-16,15.93,-0.04,2305621,2899386000,1932813000,"[{'period': '2025', 'revenue': 11.98, 'unit': 'B', 'net_profit': 1.93}, {'period': '2024', 'revenue': 12.52, 'unit': 'B', 'net_profit': 2.04}, {'period': '2023', 'revenue': 14.87, 'unit': 'B', 'net_profit': 3.92}, {'period': '2022', 'revenue': 11.76, 'unit': 'B', 'net_profit': 2.55}]","[{'period': ""Q4 '25"", 'revenue': 3000.0, 'unit': 'M', 'net_profit': 448.87}, {'period': ""Q3 '25"", 'revenue': 2960.0, 'unit': 'M', 'net_profit': 443.71}, {'period': ""Q2 '25"", 'revenue': 3090.0, 'unit': 'M', 'net_profit': 531.32}, {'period': ""Q1 '25"", 'revenue': 2920.0, 'unit': 'M', 'net_profit': 506.93}, {'period': ""Q4 '24"", 'revenue': 2850.0, 'unit': 'M', 'net_profit': 516.21}, {'period': ""Q3 '24"", 'revenue': 2920.0, 'unit': 'M', 'net_profit': 448.07}]",3.72,3.72,20072313000,9072882000,2879407000,3243245000,1956104000,2319297000,2346394000,572647000,1982397000,-0.08209603751919696,-0.05088868101028999,-0.4861878453038674,"[1.2, 0.9908]","['2026-05-19', '2003-06-18']",__nan__,0.16157804035837822
195,TSE,Trinseo S.A. Ordinary Shares,"Trinseo PLC, a materials solutions provider, manufactures and sells plastics and latex binders in the United States, Europe, the Asia-Pacific, and internationally. The company operates through six segments: Engineered Materials, Latex Binders, Base Plastics, Polystyrene, Feedstocks, and Americas Styrenics. The Engineered Materials segment offers rigid compounds, including polycarbonate compounds, acrylonitrile-butadiene-styrene compounds, and PC blends to consumer electronics and medical markets for equipment housing applications; thermoplastic elastomer soft plastic compounds, such as overmolds, sealings, tubing, and films for footwear shoe sole, personal care, consumer electronics, and automotive high-end applications; and PMMA products to building and construction, automotive, medical, and consumer goods applications. The Latex Binders segment provides styrene-butadiene, styrene-acrylate, vinylidene chloride, and butadiene-methacrylate latex products for the commercial and niche carpet markets, as well as performance latex products for the adhesive, building and construction, and technical textile paper markets. The Base Plastics segment offers various compounds and blends for automotive and other applications. This segment also engages in the acrylonitrile-butadiene-styrene, styrene-acrylonitrile, and polycarbonate businesses. The Polystyrene segment provides general purpose polystyrenes and high impact polystyrene for use in appliances, food packaging and food service disposables, consumer electronics, and building and construction materials. The Feedstocks segment offers styrene monomer, a basic building block of plastics. The Americas Styrenics segment provides styrene and polystyrene. The company was incorporated in 2015 and is based in Berwyn, Pennsylvania.",Frank A. Bozich,Chemicals - Specialty,0.125,USD,4499199,https://images.financialmodelingprep.com/symbol/TSE.png,1094637,2014-06-12,-0.01,-0.075,262200,-251100000,-545600000,"[{'period': '2025', 'revenue': 2970.0, 'unit': 'M', 'net_profit': -545.6}, {'period': '2024', 'revenue': 3510.0, 'unit': 'M', 'net_profit': -348.5}, {'period': '2023', 'revenue': 3680.0, 'unit': 'M', 'net_profit': -701.3}, {'period': '2022', 'revenue': 4970.0, 'unit': 'M', 'net_profit': -430.9}]","[{'period': ""Q4 '25"", 'revenue': 662.6, 'unit': 'M', 'net_profit': -251.4}, {'period': ""Q3 '25"", 'revenue': 743.2, 'unit': 'M', 'net_profit': -109.7}, {'period': ""Q2 '25"", 'revenue': 784.3, 'unit': 'M', 'net_profit': -105.5}, {'period': ""Q1 '25"", 'revenue': 784.8, 'unit': 'M', 'net_profit': -79.0}, {'period': ""Q4 '24"", 'revenue': 821.5, 'unit': 'M', 'net_profit': -117.9}, {'period': ""Q3 '24"", 'revenue': 867.7, 'unit': 'M', 'net_profit': -87.3}]",-15.24,-15.24,2280200000,864700000,146700000,3378000000,364500000,206900000,714700000,146700000,-153400000,-2.572323105823419,-0.5655667144906743,-0.5440729483282676,"[0.01, 0.3]","['2025-07-10', '2016-07-01']",__nan__,1.4814489957021313
196,TSI,TCW Strategic Income Fund Inc. Common Stock,"TCW Strategic Income Fund, Inc. is a close-ended balanced mutual fund launched by The TCW Group, Inc. The fund is managed by TCW Investment Management Company. It invests in the public equity and fixed income markets of the United States. The fund makes its investments in securities of companies operating across diversified sectors. For its equity investments, it seeks to invest in growth and value stocks of companies. The fund's fixed income investments are comprised of mortgage related securities, asset-backed securities, money market securities, convertible securities, high yield bonds, collateralized debt obligations (CDOs), and securities issued or guaranteed by the United States Government, its agencies and instrumentalities. It benchmarks the performance of its portfolio against the S&P 500 Index, NASDAQ, and a customized benchmark comprised of Barclays U.S. Aggregate Bond Index, Citigroup High Yield Cash Pay Index, S&P 500 Index, and BofA Merrill Lynch All Convertibles All Qualities. The fund was previously known as TCW Convertible Securities Fund, Inc. TCW Strategic Income Fund, Inc. was formed on January 13, 1987 and is domiciled in the United States.",Severin Cabannes,Asset Management - Income,4.53,USD,216468043,https://images.financialmodelingprep.com/symbol/TSI.png,216415,1987-02-26,11.33,-0.06,75293,19540225,19483347,"[{'period': '2025', 'revenue': 17.78, 'unit': 'M', 'net_profit': 19.48}, {'period': '2024', 'revenue': 18.16, 'unit': 'M', 'net_profit': 17.34}, {'period': '2023', 'revenue': 14.82, 'unit': 'M', 'net_profit': 22.52}, {'period': '2022', 'revenue': 18.22, 'unit': 'M', 'net_profit': -20.49}]","[{'period': ""Q4 '25"", 'revenue': 8.08, 'unit': 'M', 'net_profit': 7.69}, {'period': ""Q2 '25"", 'revenue': 8.24, 'unit': 'M', 'net_profit': 11.79}, {'period': ""Q4 '24"", 'revenue': 9.86, 'unit': 'M', 'net_profit': 10.64}, {'period': ""Q2 '24"", 'revenue': 9.28, 'unit': 'M', 'net_profit': 6.7}, {'period': ""Q4 '23"", 'revenue': 8.85, 'unit': 'M', 'net_profit': 13.29}, {'period': ""Q2 '23"", 'revenue': 5.97, 'unit': 'M', 'net_profit': 9.23}]",0.41,0.41,280617883,18476338,13049788,36323180,852,262120803,35903312,1085321,0,0.13135827318502172,0.12355940370697069,0.13888888888888887,"[0.0283, 0.21]","['2026-04-15', '1989-09-25']",__nan__,0.12944000436351377
197,TSLX,Sixth Street Specialty Lending Inc. Common Stock,"Sixth Street Specialty Lending, Inc. (NYSE: TSLX) is a business development company. The fund provides senior secured loans (first-lien, second-lien, and unitranche), unsecured loans, mezzanine debt, and investments in corporate bonds and equity securities and structured products, non-control structured equity, and common equity with a focus on co-investments for organic growth, acquisitions, market or product expansion, restructuring initiatives, recapitalizations, and refinancing. The fund invests in business services, software & technology, healthcare, energy, consumer & retail, manufacturing, industrials, royalty related businesses, education, and specialty finance. It seeks to finance and lending to middle market companies principally located in the United States. The fund invests in companies with enterprise value between $50 million and $1 billion or more and EBITDA between $10 million and $250 million. The transaction size is between $15 million and $350 million. The fund invests across the spectrum of the capital structure and can arrange syndicated transactions of up to $500 million and hold sizeable positions within its credits.",Robert J. Stanley,Asset Management,17.5,USD,1657340125,https://images.financialmodelingprep.com/symbol/TSLX.png,1010781,2014-03-21,9.67,-0.19,734546,230754000,170518000,"[{'period': '2025', 'revenue': 360.21, 'unit': 'M', 'net_profit': 170.52}, {'period': '2024', 'revenue': 359.74, 'unit': 'M', 'net_profit': 186.57}, {'period': '2023', 'revenue': 369.8, 'unit': 'M', 'net_profit': 222.02}, {'period': '2022', 'revenue': 187.16, 'unit': 'M', 'net_profit': 108.05}]","[{'period': ""Q4 '25"", 'revenue': 92.19, 'unit': 'M', 'net_profit': 29.96}, {'period': ""Q3 '25"", 'revenue': 81.14, 'unit': 'M', 'net_profit': 44.6}, {'period': ""Q2 '25"", 'revenue': 112.46, 'unit': 'M', 'net_profit': 59.0}, {'period': ""Q1 '25"", 'revenue': 74.41, 'unit': 'M', 'net_profit': 36.95}, {'period': ""Q4 '24"", 'revenue': 93.81, 'unit': 'M', 'net_profit': 50.99}, {'period': ""Q3 '24"", 'revenue': 84.45, 'unit': 'M', 'net_profit': 40.66}]",1.81,1.81,3421655000,53794000,19662000,1813934000,34132000,3347317000,300000000,19662000,180282000,0.19487984092709676,-0.08601781675117652,-0.10837438423645308,"[0.46, 0.38]","['2026-03-16', '2014-03-27']",__nan__,0.5301335172599224
198,TSM,Taiwan Semiconductor Manufacturing Company Ltd.,"Taiwan Semiconductor Manufacturing Company Limited, together with its subsidiaries, manufactures, packages, tests, and sells integrated circuits and other semiconductor devices in Taiwan, China, Europe, the Middle East, Africa, Japan, the United States, and internationally. It provides a range of wafer fabrication processes, including processes to manufacture complementary metal- oxide-semiconductor (CMOS) logic, mixed-signal, radio frequency, embedded memory, bipolar CMOS mixed-signal, and others. The company also offers customer and engineering support services; manufactures masks; and invests in technology start-up companies; researches, designs, develops, manufactures, packages, tests, and sells color filters; and provides investment services. Its products are used in high performance computing, smartphones, Internet of things, automotive, and digital consumer electronics. The company was incorporated in 1987 and is headquartered in Hsinchu City, Taiwan.",C. C. Wei,Semiconductors,326.74,USD,1694640111089,https://images.financialmodelingprep.com/symbol/TSM.png,13448255,1997-10-09,31.54,0.63,14436642,2752481885000,1735678080000,"[{'period': '2025', 'revenue': 3.85, 'unit': 'T', 'net_profit': 1.74}, {'period': '2024', 'revenue': 2.89, 'unit': 'T', 'net_profit': 1.16}, {'period': '2023', 'revenue': 2160.0, 'unit': 'B', 'net_profit': 851.74}, {'period': '2022', 'revenue': 2260.0, 'unit': 'B', 'net_profit': 992.92}]","[{'period': ""Q4 '25"", 'revenue': 1060.0, 'unit': 'B', 'net_profit': 510.52}, {'period': ""Q3 '25"", 'revenue': 989.92, 'unit': 'B', 'net_profit': 452.3}, {'period': ""Q2 '25"", 'revenue': 933.79, 'unit': 'B', 'net_profit': 398.27}, {'period': ""Q1 '25"", 'revenue': 839.25, 'unit': 'B', 'net_profit': 361.56}, {'period': ""Q4 '24"", 'revenue': 868.46, 'unit': 'B', 'net_profit': 359.79}, {'period': ""Q3 '24"", 'revenue': 759.69, 'unit': 'B', 'net_profit': 325.26}]",334.6,334.65,7910679587000,3806379545000,3059950899000,2465265640000,280997298000,171884497000,1453912296000,2760059967000,1097584006000,0.38674623863074725,0.4983664948693011,0.4977618621307073,"[0.75076, 0.0894387]","['2026-06-11', '2004-06-14']",__nan__,0.3116376555120864
199,TSN,Tyson Foods Inc. Common Stock,"Tyson Foods, Inc., together with its subsidiaries, operates as a food company worldwide. It operates through four segments: Beef, Pork, Chicken, and Prepared Foods. The company processes live fed cattle and live market hogs; fabricates dressed beef and pork carcasses into primal and sub-primal meat cuts, as well as case ready beef and pork, and fully cooked meats; raises and processes chickens into fresh, frozen, and value-added chicken products; and supplies poultry breeding stock; sells specialty products, such as hides and meats. It also manufactures and markets frozen and refrigerated food products, including ready-to-eat sandwiches, flame-grilled hamburgers, Philly steaks, pepperoni, bacon, breakfast sausage, turkey, lunchmeat, hot dogs, flour and corn tortilla products, appetizers, snacks, prepared meals, ethnic foods, side dishes, meat dishes, breadsticks, and processed meats under the Jimmy Dean, Hillshire Farm, Ball Park, Wright, State Fair, Aidells, and Gallo Salame brands. The company also offers its products under Tyson and ibp brands. It sells its products through its sales staff to grocery retailers, grocery wholesalers, meat distributors, warehouse club stores, military commissaries, industrial food processing companies, chain restaurants or their distributors, live markets, international export companies, and domestic distributors who serve restaurants and food service operations, such as plant and school cafeterias, convenience stores, hospitals, and other vendors, as well as through independent brokers and trading companies. The company was founded in 1935 and is headquartered in Springdale, Arkansas.",Donnie D. King,Agricultural Farm Products,63.92,USD,22771453850,https://images.financialmodelingprep.com/symbol/TSN.png,3023022,1980-03-17,114.14,0.96,1532708,2579000000,474000000,"[{'period': '2025', 'revenue': 54440.0, 'unit': 'M', 'net_profit': 474.0}, {'period': '2024', 'revenue': 53310.0, 'unit': 'M', 'net_profit': 800.0}, {'period': '2023', 'revenue': 52880.0, 'unit': 'M', 'net_profit': -648.0}, {'period': '2022', 'revenue': 53.28, 'unit': 'B', 'net_profit': 3.24}]","[{'period': ""Q1 '26"", 'revenue': 14310.0, 'unit': 'M', 'net_profit': 85.0}, {'period': ""Q4 '25"", 'revenue': 13860.0, 'unit': 'M', 'net_profit': 47.0}, {'period': ""Q3 '25"", 'revenue': 13880.0, 'unit': 'M', 'net_profit': 61.0}, {'period': ""Q2 '25"", 'revenue': 13070.0, 'unit': 'M', 'net_profit': 7.0}, {'period': ""Q1 '25"", 'revenue': 13620.0, 'unit': 'M', 'net_profit': 359.0}, {'period': ""Q4 '24"", 'revenue': 13560.0, 'unit': 'M', 'net_profit': 357.0}]",1.36,1.36,36658000000,9916000000,1229000000,18431000000,2524000000,0,6389000000,1229000000,1177000000,-0.13252606794483687,-0.4075,-0.4112554112554112,"[0.51, 0.004]","['2026-06-01', '1987-08-26']",__nan__,0.50278247585793
200,TSPQ,TCW Special Purpose Acquisition Corp. Class A Common Stock,"TCW Special Purpose Acquisition Corp. does not have significant operations. The company intends to effect a merger, capital stock exchange, asset acquisition, stock purchase, reorganization, or similar business combination with one or more businesses. It focuses on pursuing opportunities in the technology, healthcare, and consumer products sectors. The company was incorporated in 2020 and is based in Los Angeles, California.",Joseph R. Shaposhnik,Shell Companies,10.02,USD,0,https://images.financialmodelingprep.com/symbol/TSPQ.png,233609,,71.57142857142857,0.0016,315525,34970927,36270546,"[{'period': '2021', 'revenue': 0.0, 'unit': 'M', 'net_profit': 36.27}]","[{'period': ""Q3 '22"", 'revenue': 0.0, 'unit': 'M', 'net_profit': 1.64}, {'period': ""Q2 '22"", 'revenue': 0.0, 'unit': 'M', 'net_profit': 1.81}, {'period': ""Q1 '22"", 'revenue': 0.0, 'unit': 'M', 'net_profit': 12.95}, {'period': ""Q4 '21"", 'revenue': 0.0, 'unit': 'K', 'net_profit': 274.82}, {'period': ""Q3 '21"", 'revenue': 0.0, 'unit': 'M', 'net_profit': 7.18}, {'period': ""Q2 '21"", 'revenue': 0.0, 'unit': 'M', 'net_profit': 11.19}]",0.73,0.73,464761269,708946,123154,31577586,0,0,1319972,123154,-1381087,0.0,0.0,0.0,__nan__,__nan__,__nan__,0.06794366937663215
201,TSQ,Townsquare Media Inc. Class A Common Stock,"Townsquare Media, Inc. operates as a digital media and marketing solutions company in small and medium-sized businesses. It operates through three segments: Subscription Digital Marketing Solutions, Digital Advertising, and Broadcast Advertising. The Subscription Digital Marketing Solutions segment offers various digital marketing solutions, including hosting, search engine optimization, online directory optimization, e-commerce solutions, online reputation monitoring, social media management, appointment scheduling, payment and invoice, customer management, email marketing, and website retargeting services, as well as traditional and mobile-enabled website design, creation, and development services. The Digital Advertising segment provides digital advertising on its owned and operated digital properties, and digital programmatic advertising platforms, as well as data analytics and management platform. The Broadcast Advertising segment engages in the sale of local radio stations to local, regional, and national spot advertisers, and national network advertisers. As of December 31, 2021, this segment owned and operated 322 radio stations and approximately 330 local websites in 67 local markets. It also owns and operates approximately 200 live events, including concerts, expositions, and other experiential events; and operates local media under the WYRK.com, WJON.com, and NJ101.5.com brands, as well as national music under the XXLmag.com, TasteofCountry.com, UltimateClassicRock.com, and Loudwire.com brands. The company was formerly known as Regent Communications, Inc. and changed its name to Townsquare Media, Inc. in May 2010. Townsquare Media, Inc. was incorporated in 1996 and is headquartered in Purchase, New York.",Bill Wilson,Advertising Agencies,4.97,USD,85012397,https://images.financialmodelingprep.com/symbol/TSQ.png,172142,2014-07-24,-7.0,-0.05,188042,75810000,-11516000,"[{'period': '2025', 'revenue': 427.38, 'unit': 'M', 'net_profit': -11.52}, {'period': '2024', 'revenue': 450.98, 'unit': 'M', 'net_profit': -12.7}, {'period': '2023', 'revenue': 454.23, 'unit': 'M', 'net_profit': -44.96}, {'period': '2022', 'revenue': 463.08, 'unit': 'M', 'net_profit': 12.34}]","[{'period': ""Q4 '25"", 'revenue': 106.5, 'unit': 'M', 'net_profit': -5.2}, {'period': ""Q3 '25"", 'revenue': 106.76, 'unit': 'M', 'net_profit': -5.9}, {'period': ""Q2 '25"", 'revenue': 115.45, 'unit': 'M', 'net_profit': 1.57}, {'period': ""Q1 '25"", 'revenue': 98.67, 'unit': 'M', 'net_profit': -1.98}, {'period': ""Q4 '24"", 'revenue': 117.81, 'unit': 'M', 'net_profit': 24.56}, {'period': ""Q3 '24"", 'revenue': 115.31, 'unit': 'M', 'net_profit': 10.85}]",-0.71,-0.71,528618000,69389000,4759000,569610000,52048000,725000,82233000,4759000,15381000,0.5242480295962683,0.09351385390428212,0.1234567901234569,"[0.2, 0.075]","['2026-04-27', '2018-03-29']",__nan__,1.077545600036321
202,TT,Trane Technologies plc,"Trane Technologies plc, together with its subsidiaries, engages in the designing, manufacturing, selling, and servicing of solutions for heating, ventilation, air conditioning, and transport refrigeration. It offers air conditioners, exchangers, and handlers; airside and terminal devices; auxiliary power units; chillers; coils and condensers; gensets; furnaces; heat pumps; home automation products; humidifiers; hybrid and non-diesel transport refrigeration, and ice energy storage solutions; indoor air quality assessments and related products; large and light commercial unitary products; motor replacements; refrigerant reclamation products; thermostats/controls; transport heater products; variable refrigerant flow products; and water source heat pumps. The company also provides building management, control, ductless, geothermal, package heating and cooling, temporary heating and cooling, and unitary systems; bus, rail, and multi-pipe heating, ventilation, and air conditioning systems; and container, cryogenic, diesel-powered, electric-powered trailer and truck, hybrid-powered trailer, industrial, rail, self-powered truck, trailer, and vehicle-powered truck refrigeration systems, as well as aftermarket and OEM parts and supplies. In addition, it offers energy and facility management, installation and performance contracting, repair and maintenance, and rental services. It markets and sells its products under the Trane and Thermo King brands through sales offices, distributors, and dealers in the United States; and through sales and service companies with a supporting chain of distributors worldwide. The company was formerly known as Ingersoll-Rand Plc and changed its name to Trane Technologies plc in March 2020. Trane Technologies plc was founded in 1885 and is headquartered in Swords, Ireland.",David S. Regnery,Construction,410.23,USD,90963992431,https://images.financialmodelingprep.com/symbol/TT.png,1577862,1980-03-17,31.24,3.1,1282706,4169500000,2918600000,"[{'period': '2025', 'revenue': 21.32, 'unit': 'B', 'net_profit': 2.92}, {'period': '2024', 'revenue': 19.84, 'unit': 'B', 'net_profit': 2.57}, {'period': '2023', 'revenue': 17.68, 'unit': 'B', 'net_profit': 2.02}, {'period': '2022', 'revenue': 15.99, 'unit': 'B', 'net_profit': 1.76}]","[{'period': ""Q4 '25"", 'revenue': 5140.0, 'unit': 'M', 'net_profit': 591.3}, {'period': ""Q3 '25"", 'revenue': 5740.0, 'unit': 'M', 'net_profit': 847.6}, {'period': ""Q2 '25"", 'revenue': 5750.0, 'unit': 'M', 'net_profit': 874.8}, {'period': ""Q1 '25"", 'revenue': 4690.0, 'unit': 'M', 'net_profit': 604.9}, {'period': ""Q4 '24"", 'revenue': 4870.0, 'unit': 'M', 'net_profit': 604.3}, {'period': ""Q3 '24"", 'revenue': 5440.0, 'unit': 'M', 'net_profit': 772.0}]",13.09,12.98,21420700000,7863000000,1763300000,12819800000,3235300000,0,6286700000,1763300000,2811500000,0.0802932946419318,0.1365707387359321,0.14423076923076927,"[1.05, 0.65]","['2026-03-06', '1983-02-11']",__nan__,0.5984771739485638
203,TTC,Toro Company (The) Common Stock,"The Toro Company engages in the designing, manufacturing, marketing, and selling professional and residential equipment worldwide. The company's Professional segment offers turf and landscape equipment products, including sports fields and grounds mowing and maintenance equipment, golf course mowing and maintenance equipment, landscape contractor mowing equipment, landscape creation and renovation equipment, and other maintenance equipment; rental, specialty, and underground construction equipment; and snow and ice management equipment, such as snowplows, brush, snow thrower attachment, salt and sand spreaders, and related parts and accessories for light and medium duty trucks, utility task vehicles, skid steers, and front-end loaders. It also provides irrigation and lighting products that consist of sprinkler heads, electric and hydraulic valves, controllers, computer irrigation central control systems, coupling systems, and ag-irrigation drip tape and hose products, as well as professionally installed landscape lighting products offered through distributors and landscape contractors. This segment sells its products primarily through a network of distributors and dealers to professional users engaged in maintaining golf courses, sports fields, municipal properties, agricultural fields, residential and commercial landscapes, and removing snow and ice, as well as directly to government customers, rental companies, and retailers. Its Residential segment provides walk power mowers, zero-turn riding mowers, snow throwers, replacement parts, and home solution products that include grass and hedge trimmers, leaf blowers, blower-vacuums, chainsaws, string trimmers, hoses, and hose-end retail irrigation products. This segment sells its products to homeowners through a network of distributors and dealers; and home centers, hardware retailers, and mass retailers, as well as online. The Toro Company was founded in 1914 and is headquartered in Bloomington, Minnesota.",Richard Olson,Manufacturing - Tools & Accessories,92.3,USD,8997462980,https://images.financialmodelingprep.com/symbol/TTC.png,971355,1980-03-17,27.63,-1.51,461719,552800000,316100000,"[{'period': '2025', 'revenue': 4510.0, 'unit': 'M', 'net_profit': 316.1}, {'period': '2024', 'revenue': 4580.0, 'unit': 'M', 'net_profit': 418.9}, {'period': '2023', 'revenue': 4550.0, 'unit': 'M', 'net_profit': 329.7}, {'period': '2022', 'revenue': 4510.0, 'unit': 'M', 'net_profit': 443.3}]","[{'period': ""Q1 '26"", 'revenue': 1040.0, 'unit': 'M', 'net_profit': 67.9}, {'period': ""Q4 '25"", 'revenue': 1070.0, 'unit': 'M', 'net_profit': 73.0}, {'period': ""Q3 '25"", 'revenue': 1130.0, 'unit': 'M', 'net_profit': 53.5}, {'period': ""Q2 '25"", 'revenue': 1320.0, 'unit': 'M', 'net_profit': 136.8}, {'period': ""Q1 '25"", 'revenue': 995.0, 'unit': 'M', 'net_profit': 52.8}, {'period': ""Q4 '24"", 'revenue': 1080.0, 'unit': 'M', 'net_profit': 89.9}]",3.18,3.17,3438800000,1705100000,341000000,1985500000,378200000,0,912400000,341000000,578300000,-0.21354388960022763,-0.24540463117689185,-0.21287128712871284,"[0.39, 0.8064]","['2026-03-30', '1984-12-18']",__nan__,0.5773816447597999
204,TTI,Tetra Technologies Inc. Common Stock,"TETRA Technologies, Inc., together with its subsidiaries, operates as a diversified oil and gas services company. It operates through Completion Fluids & Products Division and Water & Flowback Services segments. The Completion Fluids & Products segment manufactures and markets clear brine fluids, additives, and associated products and services to the oil and gas industry for use in well drilling, completion, and workover operations in the United States, as well as in Latin America, Europe, Asia, the Middle East, and Africa. This segment also markets liquid and dry calcium chloride products. The Water & Flowback Services segment provides water management services for onshore oil and gas operators. This segment also offers frac flowback, production well testing, and other associated services in oil and gas producing regions in the United States and Mexico, as well as in various basins in Latin America, Africa, Europe, and the Middle East. The company was incorporated in 1981 and is headquartered in The Woodlands, Texas.",Brady Murphy,Oil & Gas Equipment & Services,8.62,USD,1156786760,https://images.financialmodelingprep.com/symbol/TTI.png,1928266,1990-04-03,287.33,0.22,1109336,80928000,3005000,"[{'period': '2025', 'revenue': 630.93, 'unit': 'M', 'net_profit': 3.0}, {'period': '2024', 'revenue': 599.11, 'unit': 'M', 'net_profit': 108.28}, {'period': '2023', 'revenue': 626.26, 'unit': 'M', 'net_profit': 25.78}, {'period': '2022', 'revenue': 553.21, 'unit': 'M', 'net_profit': 7.84}]","[{'period': ""Q4 '25"", 'revenue': 146.68, 'unit': 'M', 'net_profit': -16.5}, {'period': ""Q3 '25"", 'revenue': 153.24, 'unit': 'M', 'net_profit': 4.15}, {'period': ""Q2 '25"", 'revenue': 173.87, 'unit': 'M', 'net_profit': 11.3}, {'period': ""Q1 '25"", 'revenue': 157.14, 'unit': 'M', 'net_profit': 4.05}, {'period': ""Q4 '24"", 'revenue': 134.5, 'unit': 'M', 'net_profit': 102.72}, {'period': ""Q3 '24"", 'revenue': 141.7, 'unit': 'M', 'net_profit': -3.0}]",0.0226,0.0222,785190000,316678000,44988000,502703000,5785000,11827000,156463000,44988000,19539000,-0.06902263942573164,-0.9722489010380112,-0.972439024390244,"[0.1, 0.09]","['2017-05-16', '2016-11-29']",__nan__,0.6402310268852125
205,TTM,Tata Motors Ltd Tata Motors Limited,"Tata Motors Limited designs, develops, manufactures, and sells various automotive vehicles. The company offers passenger cars; sports utility vehicles; intermediate and light commercial vehicles; small, medium, and heavy commercial vehicles; defense vehicles; pickups, wingers, buses, and trucks; and electric vehicles, as well as related spare parts and accessories. It also manufactures engines for industrial and marine applications; aggregates comprising axles and transmissions for commercial vehicles; and factory automation equipment, as well as provides information technology and vehicle financing services. The company offers its products under the Tata, Daewoo, Harrier, Safari, Fiat, Nexon, Altroz, Punch, Tiago, Tigor, Jaguar, and Land Rover brands. It operates in India, China, the United States, the United Kingdom, rest of Europe, and internationally. The company was formerly known as Tata Engineering and Locomotive Company Limited and changed its name to Tata Motors Limited in July 2003. Tata Motors Limited was incorporated in 1945 and is headquartered in Mumbai, India.",Pathamadai Balachandran Balaji,Auto - Manufacturers,25.14,USD,0,https://images.financialmodelingprep.com/symbol/TTM.png,1116745,2013-02-11,0.0,0.26,3587206,652110000000,313990900000,"[{'period': '2024', 'revenue': 4350.0, 'unit': 'B', 'net_profit': 313.99}, {'period': '2023', 'revenue': 3460.0, 'unit': 'B', 'net_profit': 24.14}, {'period': '2022', 'revenue': 2770.0, 'unit': 'B', 'net_profit': -113.7}, {'period': '2021', 'revenue': 2480.0, 'unit': 'B', 'net_profit': -142.7}]","[{'period': ""Q2 '25"", 'revenue': 1010.0, 'unit': 'B', 'net_profit': 33.43}, {'period': ""Q1 '25"", 'revenue': 1080.0, 'unit': 'B', 'net_profit': 55.66}, {'period': ""Q4 '24"", 'revenue': 1200.0, 'unit': 'B', 'net_profit': 174.07}, {'period': ""Q3 '24"", 'revenue': 1100.0, 'unit': 'B', 'net_profit': 70.25}, {'period': ""Q2 '24"", 'revenue': 1040.0, 'unit': 'B', 'net_profit': 37.64}, {'period': ""Q1 '24"", 'revenue': 1020.0, 'unit': 'B', 'net_profit': 32.03}]",81.9,81.9,3706639600000,1683921500000,550320400000,2775700300000,449533300000,234478900000,1736170000000,400147600000,365017300000,0.6946826865129392,12.005517149969556,12.02066772655008,"[0.015, 0.229]","['2016-07-14', '2005-06-23']",__nan__,0.7488454771810025
206,TTP,Tortoise Pipeline & Energy Fund Inc. Common Stock,"Tortoise Pipeline & Energy Fund, Inc. is a closed ended equity mutual fund launched and managed by Tortoise Capital Advisors, LLC. It invests in public equity markets of North America. The fund invests in pipeline companies that engage in the business of transporting natural gas, natural gas liquids, crude oil, and refined petroleum products. It employs a fundamental analysis with a bottom up stock picking approach with focus on factors like comparison of quantitative, qualitative, and relative value factors to create its portfolio. Tortoise Pipeline & Energy Fund, Inc. was formed on July 19, 2011 and is domiciled in the United States.",Matthew G.P. Sallee CFA,Asset Management,47.61,USD,95723238,https://images.financialmodelingprep.com/symbol/TTP.png,10301,2011-10-27,4.048469387755102,0.92,4204,4008843,4338644,"[{'period': '2023', 'revenue': 2.56, 'unit': 'M', 'net_profit': 4.34}, {'period': '2022', 'revenue': 20.91, 'unit': 'M', 'net_profit': 20.08}, {'period': '2021', 'revenue': 21.16, 'unit': 'M', 'net_profit': 20.22}, {'period': '2020', 'revenue': -74.79, 'unit': 'M', 'net_profit': -76.38}]","[{'period': ""Q2 '24"", 'revenue': 0.78526, 'unit': 'M', 'net_profit': 6.14}, {'period': ""Q1 '24"", 'revenue': 0.78526, 'unit': 'M', 'net_profit': 6.14}, {'period': ""Q4 '23"", 'revenue': 0.65728, 'unit': 'M', 'net_profit': 5.81}, {'period': ""Q3 '23"", 'revenue': 0.65728, 'unit': 'M', 'net_profit': 5.81}, {'period': ""Q2 '23"", 'revenue': 0.62052, 'unit': 'M', 'net_profit': -3.64}, {'period': ""Q1 '23"", 'revenue': 0.62052, 'unit': 'M', 'net_profit': -3.64}]",2.16,2.16,86167346,771279,0,16642646,439139,85649229,279580,0,12222674,-0.7986850692492231,-0.7839032624020642,-0.7634173055859803,"[0.175, 0.0873]","['2024-12-06', '2012-02-17']",__nan__,0.19314330512164085
207,TU,Telus Corporation Ordinary Shares,"TELUS Corporation, together with its subsidiaries, provides a range of telecommunications and information technology products and services in Canada. It operates through Technology Solutions and Digitally-Led Customer Experiences segments. The Technology Solutions segment offers a range of telecommunications products and services; network revenue; mobile technologies equipment sale; data revenues, such as internet protocol; television; hosting, managed information technology, and cloud-based services; software, data management, and data analytics-driven smart food-chain technologies; home and business security; healthcare software and technology solutions; and voice and other telecommunications services. The Digitally-Led Customer Experiences segment provides digital customer experience and digital-enablement transformation solutions, including artificial intelligence and content management solutions. It has 16.9 million subscriber connections, which include 9.3 million mobile phone subscribers; 2.1 million connected device subscribers; 2.3 million internet subscribers; 1.1 million residential voice subscribers; 1.3 million TV subscribers; and 804,000 security subscribers. The company was formerly known as TELUS Communications Inc. and changed its name to TELUS Corporation in February 2005. TELUS Corporation was incorporated in 1998 and is headquartered in Vancouver, Canada.",Darren Entwistle,Telecommunications Services,12.74,USD,19887140000,https://images.financialmodelingprep.com/symbol/TU.png,5731598,1996-06-11,24.5,-0.14,4283788,6922000000,1113000000,"[{'period': '2025', 'revenue': 20.51, 'unit': 'B', 'net_profit': 1.11}, {'period': '2024', 'revenue': 20140.0, 'unit': 'M', 'net_profit': 993.0}, {'period': '2023', 'revenue': 20000.0, 'unit': 'M', 'net_profit': 841.0}, {'period': '2022', 'revenue': 18.29, 'unit': 'B', 'net_profit': 1.61}]","[{'period': ""Q4 '25"", 'revenue': 5390.0, 'unit': 'M', 'net_profit': 292.0}, {'period': ""Q3 '25"", 'revenue': 5070.0, 'unit': 'M', 'net_profit': 493.0}, {'period': ""Q2 '25"", 'revenue': 5030.0, 'unit': 'M', 'net_profit': 7.0}, {'period': ""Q1 '25"", 'revenue': 5020.0, 'unit': 'M', 'net_profit': 321.0}, {'period': ""Q4 '24"", 'revenue': 5330.0, 'unit': 'M', 'net_profit': 358.0}, {'period': ""Q3 '24"", 'revenue': 5040.0, 'unit': 'M', 'net_profit': 280.0}]",0.73,0.72,59613000000,8372000000,2621000000,43034000000,4254000000,1164000000,9689000000,2621000000,2351000000,0.03653788559448937,0.12084592145015106,0.08955223880597006,"[0.30769, 0.35]","['2026-03-11', '1999-03-09']",__nan__,0.72188952074212
208,TUFN,Tufin Software Technologies Ltd. Ordinary Shares,"Tufin Software Technologies Ltd., together with its subsidiaries, develops, markets, and sells software-based solutions primarily in the United States, Israel, Europe, the Middle East, and Africa, Germany, the Asia Pacific, and internationally. The company provides SecureTrack, which enables security administrators to define and manage a centralized security policy, minimize the attack surface, and ensure continuous compliance across the network; SecureChange that is used to assess, provision, and verify security configuration changes across physical networks and cloud platforms, while maintaining security and compliance; and SecureApp, which is used to define, manage, and monitor network connectivity for their applications. It also offers SecureCloud, a security policy management service for cloud-native, multi-cloud, and hybrid-cloud applications and workloads. In addition, the company provides vulnerability mitigation app that enables organizations to prioritize remediation?and mitigation?efforts by enhancing vulnerability scanner output with network insights. It sells its products and services through distributors and resellers, as well as service delivery partners. Tufin Software Technologies Ltd. was incorporated in 2005 and is headquartered in Tel Aviv, Israel.",,Software - Infrastructure,12.94,USD,0,https://images.financialmodelingprep.com/symbol/TUFN.png,0,2019-04-11,0.0,0.32,15962135,-35529000,-36926000,"[{'period': '2021', 'revenue': 110.95, 'unit': 'M', 'net_profit': -36.93}, {'period': '2020', 'revenue': 100.83, 'unit': 'M', 'net_profit': -35.41}, {'period': '2019', 'revenue': 103.27, 'unit': 'M', 'net_profit': -28.12}, {'period': '2018', 'revenue': 84.98, 'unit': 'M', 'net_profit': -4.26}]","[{'period': ""Q1 '22"", 'revenue': 26.06, 'unit': 'M', 'net_profit': -15.51}, {'period': ""Q4 '21"", 'revenue': 35.84, 'unit': 'M', 'net_profit': -4.03}, {'period': ""Q3 '21"", 'revenue': 28.02, 'unit': 'M', 'net_profit': -9.44}, {'period': ""Q2 '21"", 'revenue': 25.74, 'unit': 'M', 'net_profit': -11.87}, {'period': ""Q1 '21"", 'revenue': 21.36, 'unit': 'M', 'net_profit': -11.59}, {'period': ""Q4 '20"", 'revenue': 30.95, 'unit': 'M', 'net_profit': -4.4}]",-1.04,-1.04,151393000,90537000,62616000,97072000,19156000,23514000,58814000,44439000,-15920000,-0.10037784935579781,-0.04293057673840592,-0.05050505050505055,__nan__,__nan__,__nan__,0.641192129094476
209,TUP,Tupperware Brands Corporation Common Stock,"Tupperware Brands Corporation operates as a consumer products company worldwide. The company manufactures, markets, and sells design-centric preparation, storage, and serving solutions for the kitchen and home, as well as a line of cookware, knives, microwave products, microfiber textiles, water-filtration related items, and an array of products for on-the-go consumers under the Tupperware brand name. It distributes its products to approximately 70 countries primarily through independent sales force members, including independent distributors, directors, managers, and dealers. The company was formerly known as Tupperware Corporation and changed its name to Tupperware Brands Corporation in December 2005. Tupperware Brands Corporation was founded in 1946 and is headquartered in Orlando, Florida.",Laurie Ann Goldman,Packaging & Containers,0.5099,USD,23725953,https://images.financialmodelingprep.com/symbol/TUP.png,787791,1996-05-08,-0.06318463444857497,-0.6901,363,77300000,-28400000,"[{'period': '2022', 'revenue': 1310.0, 'unit': 'M', 'net_profit': -28.4}, {'period': '2021', 'revenue': 1600.0, 'unit': 'M', 'net_profit': 155.6}, {'period': '2020', 'revenue': 1740.0, 'unit': 'M', 'net_profit': 123.5}, {'period': '2019', 'revenue': 1800.0, 'unit': 'M', 'net_profit': 12.4}]","[{'period': ""Q3 '23"", 'revenue': 259.6, 'unit': 'M', 'net_profit': -53.9}, {'period': ""Q2 '23"", 'revenue': 276.3, 'unit': 'M', 'net_profit': -31.1}, {'period': ""Q1 '23"", 'revenue': 292.4, 'unit': 'M', 'net_profit': -40.3}, {'period': ""Q4 '22"", 'revenue': 313.7, 'unit': 'M', 'net_profit': -35.2}, {'period': ""Q3 '22"", 'revenue': 302.8, 'unit': 'M', 'net_profit': -3.8}, {'period': ""Q2 '22"", 'revenue': 340.4, 'unit': 'M', 'net_profit': 1.2}]",-0.62,-0.62,952200000,431000000,110100000,1139700000,80200000,90400000,328100000,110100000,-86200000,-0.7157043030525929,-1.1825192802056554,-1.2108843537414966,"[0.27, 0.22]","['2019-09-17', '1996-09-11']",__nan__,1.196912413358538
210,TUYA,Tuya Inc. American Depositary Shares each representing one Class A Ordinary Share,"Tuya Inc. develops Internet of Things (IoT) cloud platform worldwide. The company provides IoT Platform-as-a-Service that enables brands, original equipment manufacturers, and developers to develop, launch, manage, and monetize smart devices and services; industry Software-as-a-Service, which enables businesses to deploy, connect, and manage various types of smart devices. It also offers a wide range of cloud-based value-added services to businesses, developers, and end users to develop and manage IoT experiences. In addition, the company sells finished smart devices. It offers its solutions to smart home, smart business, healthcare, education, agriculture, outdoors and sport, and entertainment industries. The company was incorporated in 2014 and is based in Hangzhou, the People's Republic of China.",Xueji Wang,Software - Infrastructure,2.33,USD,1512406399,https://images.financialmodelingprep.com/symbol/TUYA.png,1801720,2021-03-19,25.89,-0.03,987450,1331512,58043103,"[{'period': '2025', 'revenue': 322.64, 'unit': 'M', 'net_profit': 58.04}, {'period': '2024', 'revenue': 298.62, 'unit': 'M', 'net_profit': 5.0}, {'period': '2023', 'revenue': 229.99, 'unit': 'M', 'net_profit': -60.31}, {'period': '2022', 'revenue': 208.17, 'unit': 'M', 'net_profit': -146.18}]","[{'period': ""Q4 '25"", 'revenue': 84.86, 'unit': 'M', 'net_profit': 19.4}, {'period': ""Q3 '25"", 'revenue': 82.6, 'unit': 'M', 'net_profit': 14.97}, {'period': ""Q2 '25"", 'revenue': 80.13, 'unit': 'M', 'net_profit': 12.63}, {'period': ""Q1 '25"", 'revenue': 74.69, 'unit': 'M', 'net_profit': 11.02}, {'period': ""Q4 '24"", 'revenue': 82.06, 'unit': 'M', 'net_profit': 9.79}, {'period': ""Q3 '24"", 'revenue': 81.62, 'unit': 'M', 'net_profit': -4.37}]",0.0949,0.0946,1132518830,1023215363,952482062,109909468,23304099,77458330,106228453,890711798,76206200,1.0312892022089062,10.615589953972384,9.908045977011495,"[0.0605, 0.0589]","['2026-03-18', '2024-09-11']",__nan__,0.09704868924784235
211,TV,Grupo Televisa S.A. Common Stock,"Grupo Televisa, S.A.B., together with its subsidiaries, owns and operates cable companies and provides direct-to-home satellite pay television system in Mexico and internationally. It operates through Cable and Sky segments. The company offers basic and premium television subscription, pay-per-view, installation, internet subscription, and telephone and mobile services subscription, as well as local and national advertising services; and data and long-distance services solutions to carriers and other telecommunications service providers through its fiber-optic network. It also provides direct-to-home broadcast satellite pay television services comprising program, installation, and equipment rental services to subscribers; and national advertising sales. Grupo Televisa, S.A.B. was founded in 1969 and is headquartered in Mexico City, Mexico.",Alfonso de Angoitia Noriega,Telecommunications Services,2.86,USD,1533039488,https://images.financialmodelingprep.com/symbol/TV.png,1347803,1993-12-14,-0.03,-0.01,986487,20614480000,-8272214000,"[{'period': '2025', 'revenue': 55.22, 'unit': 'B', 'net_profit': -8.27}, {'period': '2024', 'revenue': 62.26, 'unit': 'B', 'net_profit': -8.25}, {'period': '2023', 'revenue': 66.22, 'unit': 'B', 'net_profit': -8.42}, {'period': '2022', 'revenue': 68.62, 'unit': 'B', 'net_profit': 44.71}]","[{'period': ""Q4 '25"", 'revenue': 14.31, 'unit': 'B', 'net_profit': -7.56}, {'period': ""Q3 '25"", 'revenue': 14.63, 'unit': 'B', 'net_profit': -1.93}, {'period': ""Q2 '25"", 'revenue': 14730.0, 'unit': 'M', 'net_profit': 474.5}, {'period': ""Q1 '25"", 'revenue': 14970.0, 'unit': 'M', 'net_profit': 319.8}, {'period': ""Q4 '24"", 'revenue': 15.23, 'unit': 'B', 'net_profit': -9.84}, {'period': ""Q3 '24"", 'revenue': 15360.0, 'unit': 'M', 'net_profit': 666.47}]",-18.9,-18.9,229262197000,59850373000,36434937000,126205496000,17111519000,48521619000,28262017000,36434937000,3932510000,0.12234024105852286,-0.0031546651791128037,-0.23127035830618892,"[0.090834, 0.1203]","['2025-05-30', '1994-05-03']",__nan__,0.5504854164858238
212,TVC,Tennessee Valley Authority Common Stock,"Tennessee Valley Authority generates power from coal, nuclear, hydroelectric, natural gas, and renewable sources. Tennessee Valley Authority was founded in 1933 and is headquartered in Knoxville, Tennessee.",Donald A. Moul,Banks - Regional,24.11,USD,12657750,https://images.financialmodelingprep.com/symbol/TVC.png,24983,1998-10-14,,-0.02,1945,0,1360000000,"[{'period': '2025', 'revenue': 13.67, 'unit': 'B', 'net_profit': 1.36}, {'period': '2024', 'revenue': 12.31, 'unit': 'B', 'net_profit': 1.14}, {'period': '2023', 'revenue': 12050.0, 'unit': 'M', 'net_profit': 500.0}, {'period': '2022', 'revenue': 12.54, 'unit': 'B', 'net_profit': 1.11}]","[{'period': ""Q1 '26"", 'revenue': 3050.0, 'unit': 'M', 'net_profit': 266.0}, {'period': ""Q4 '25"", 'revenue': 3910.0, 'unit': 'M', 'net_profit': -745.0}, {'period': ""Q3 '25"", 'revenue': 3310.0, 'unit': 'M', 'net_profit': 212.0}, {'period': ""Q2 '25"", 'revenue': 3530.0, 'unit': 'M', 'net_profit': 408.0}, {'period': ""Q1 '25"", 'revenue': 2920.0, 'unit': 'M', 'net_profit': 125.0}, {'period': ""Q4 '24"", 'revenue': 3520.0, 'unit': 'M', 'net_profit': -615.0}]",2590.48,2590.48,0,0,0,1725000000,0,0,79000000,0,13000000,-1.0,0.19823788546255505,0.19824228687728382,"[0.1334, 0.38438]","['2026-02-27', '1998-08-27']",__nan__,__nan__
213,TVE,Tennessee Valley Authority,"Tennessee Valley Authority generates power from coal, nuclear, hydroelectric, natural gas, and renewable sources. Tennessee Valley Authority was founded in 1933 and is headquartered in Knoxville, Tennessee.",None,Banks - Regional,23.83,USD,12510750,https://images.financialmodelingprep.com/symbol/TVE.png,15774,1999-05-19,,0.06,24105,0,1360000000,"[{'period': '2025', 'revenue': 13.67, 'unit': 'B', 'net_profit': 1.36}, {'period': '2024', 'revenue': 12.31, 'unit': 'B', 'net_profit': 1.14}, {'period': '2023', 'revenue': 12050.0, 'unit': 'M', 'net_profit': 500.0}, {'period': '2022', 'revenue': 12.54, 'unit': 'B', 'net_profit': 1.11}]","[{'period': ""Q1 '26"", 'revenue': 3050.0, 'unit': 'M', 'net_profit': 266.0}, {'period': ""Q4 '25"", 'revenue': 3910.0, 'unit': 'M', 'net_profit': -745.0}, {'period': ""Q3 '25"", 'revenue': 3310.0, 'unit': 'M', 'net_profit': 212.0}, {'period': ""Q2 '25"", 'revenue': 3530.0, 'unit': 'M', 'net_profit': 408.0}, {'period': ""Q1 '25"", 'revenue': 2920.0, 'unit': 'M', 'net_profit': 125.0}, {'period': ""Q4 '24"", 'revenue': 3520.0, 'unit': 'M', 'net_profit': 520.0}]",2590.48,2590.48,0,0,0,1725000000,0,0,79000000,0,13000000,-1.0,0.19823788546255505,0.19824228687728382,"[0.1385, 0.383]","['2026-04-30', '1999-07-28']",__nan__,__nan__
214,TWI,Titan International Inc. (DE) Common Stock,"Titan International, Inc., together with its subsidiaries, manufactures and sells wheels, tires, and undercarriage systems and components for off-highway vehicles in North America, Europe, Latin America, the Commonwealth of Independent States region, the Middle East, Africa, Russia, and internationally. The company operates in Agricultural, Earthmoving/Construction, and Consumer segments. It offers rims, wheels, tires, and undercarriage systems and components for various agricultural equipment, including tractors, combines, skidders, plows, planters, and irrigation equipment. The company also offers rims, wheels, tires, and undercarriage systems and components for off-the-road earthmoving, mining, military, construction, and forestry equipment, including skid steers, aerial lifts, cranes, graders and levelers, scrapers, self-propelled shovel loaders, articulated dump trucks, load transporters, haul trucks, backhoe loaders, crawler tractors, lattice cranes, shovels, and hydraulic excavators. In addition, it provides bias and light truck tires; and products for ATVs, turf, and golf cart applications, as well as specialty and train brakes. It sells its products directly to original equipment manufacturers, as well as to the aftermarket through independent distributors, equipment dealers, and own distribution centers. Titan International, Inc. was founded in 1890 and is headquartered in Quincy, Illinois.",Paul George Reitz,Agricultural - Machinery,6.8,USD,435363574,https://images.financialmodelingprep.com/symbol/TWI.png,686603,1993-05-20,-6.8,-0.13,724831,87873000,-63494000,"[{'period': '2025', 'revenue': 1830.0, 'unit': 'M', 'net_profit': -63.49}, {'period': '2024', 'revenue': 1850.0, 'unit': 'M', 'net_profit': -5.56}, {'period': '2023', 'revenue': 1820.0, 'unit': 'M', 'net_profit': 78.76}, {'period': '2022', 'revenue': 2170.0, 'unit': 'M', 'net_profit': 176.3}]","[{'period': ""Q4 '25"", 'revenue': 410.44, 'unit': 'M', 'net_profit': -56.04}, {'period': ""Q3 '25"", 'revenue': 466.47, 'unit': 'M', 'net_profit': -2.26}, {'period': ""Q2 '25"", 'revenue': 460.83, 'unit': 'M', 'net_profit': -4.54}, {'period': ""Q1 '25"", 'revenue': 490710.0, 'unit': 'K', 'net_profit': -649.0}, {'period': ""Q4 '24"", 'revenue': 383.57, 'unit': 'M', 'net_profit': 1.34}, {'period': ""Q3 '24"", 'revenue': 447.99, 'unit': 'M', 'net_profit': -18.25}]",-1.0,-1.0,1672660000,985972000,202879000,1151043000,238906000,0,428244000,202879000,-24590999,-0.16632196121589313,-10.41978417266187,-11.345679012345679,"[0.005, 0.015]","['2020-03-30', '1993-12-27']",__nan__,0.6881512082551146
215,TWLO,Twilio Inc. Class A Common Stock,"Twilio Inc., together with its subsidiaries, provides a cloud communications platform that enables developers to build, scale, and operate customer engagement within software applications in the United States and internationally. Its customer engagement platform provides a set of application programming interfaces that handle the higher-level communication logic needed for nearly every type of customer engagement, as well as enable developers to embed voice, messaging, video, and email capabilities into their applications. The company was incorporated in 2008 and is headquartered in San Francisco, California.",Khozema Z. Shipchandler,Internet Content & Information,119.99,USD,18192021432,https://images.financialmodelingprep.com/symbol/TWLO.png,2397694,2016-06-23,571.38,-6.11,1624902,272538000,33834000,"[{'period': '2025', 'revenue': 5070.0, 'unit': 'M', 'net_profit': 33.83}, {'period': '2024', 'revenue': 4460.0, 'unit': 'M', 'net_profit': -109.4}, {'period': '2023', 'revenue': 4.15, 'unit': 'B', 'net_profit': -1.02}, {'period': '2022', 'revenue': 3.83, 'unit': 'B', 'net_profit': -1.26}]","[{'period': ""Q4 '25"", 'revenue': 1370.0, 'unit': 'M', 'net_profit': -45.85}, {'period': ""Q3 '25"", 'revenue': 1300.0, 'unit': 'M', 'net_profit': 37.25}, {'period': ""Q2 '25"", 'revenue': 1230.0, 'unit': 'M', 'net_profit': 22.42}, {'period': ""Q1 '25"", 'revenue': 1170.0, 'unit': 'M', 'net_profit': 20.02}, {'period': ""Q4 '24"", 'revenue': 1190.0, 'unit': 'M', 'net_profit': -12.47}, {'period': ""Q3 '24"", 'revenue': 1130.0, 'unit': 'M', 'net_profit': -9.73}]",0.22,0.21,9770890000,3576728000,2470342000,1949344000,636736000,301642000,887008000,682335000,1032988000,0.9971128339659695,1.3092602579453945,1.3333333333333333,__nan__,__nan__,__nan__,0.19950526512937922
216,TWN,Taiwan Fund Inc. (The) Common Stock,"The Taiwan Fund, Inc. is a closed-ended equity mutual fund launched and managed by JF International Management Inc. It invests in the public equity markets of Taiwan. The fund seeks to invest in stocks of companies operating across diversified sectors. It employs fundamental analysis focusing on such factors as overall growth prospects, competitive position in the respective industry, technology, research, and development, productivity, labor costs, raw material costs and sources, profit margins, return on investment, capital resources, government regulation, and management to create its portfolio. The fund benchmarks the performance of its portfolio against the TAIEX Total Return Index. The Taiwan Fund, Inc. was formed on December 23, 1986 and is domiciled in the United States.",Aiden Redmond,Asset Management,64.83,USD,395709678,https://images.financialmodelingprep.com/symbol/TWN.png,32352,1986-12-16,5.44,-0.03,4549,73218999,72670341,"[{'period': '2025', 'revenue': 39.44, 'unit': 'M', 'net_profit': 72.67}, {'period': '2024', 'revenue': 99.7, 'unit': 'M', 'net_profit': 97.18}, {'period': '2023', 'revenue': 12.54, 'unit': 'M', 'net_profit': 72.65}, {'period': '2022', 'revenue': -71.74, 'unit': 'M', 'net_profit': -74.33}]","[{'period': ""Q4 '25"", 'revenue': 38.13, 'unit': 'M', 'net_profit': 79.9}, {'period': ""Q2 '25"", 'revenue': 1.31, 'unit': 'M', 'net_profit': -7.23}, {'period': ""Q4 '24"", 'revenue': 46.49, 'unit': 'M', 'net_profit': 33.08}, {'period': ""Q2 '24"", 'revenue': 0.8348500000000001, 'unit': 'M', 'net_profit': 32.05}, {'period': ""Q4 '23"", 'revenue': 16.47, 'unit': 'M', 'net_profit': 55.05}, {'period': ""Q2 '23"", 'revenue': -3.93, 'unit': 'M', 'net_profit': 17.6}]",11.91,11.91,365765914,0,18481297,4862266,4062437,0,0,18481297,0,-0.248121862936328,-0.2521842328266901,-0.12168141592920356,"[6.2002, 7.39]","['2025-12-29', '1988-01-27']",__nan__,0.013293381952480131
217,TWND,Tailwind Acquisition Corp. Class A Common Stock,"Tailwind Acquisition Corp. does not have significant operations. The company intends to effect a merger, capital stock exchange, asset acquisition, stock purchase, reorganization, or similar business combination with one or more businesses. It intends to focus its search on companies in the consumer internet, digital media, and marketing technology sectors. The company was incorporated in 2020 and is based in Los Angeles, California.",Christopher John Hollod,Shell Companies,9.8,USD,0,https://images.financialmodelingprep.com/symbol/TWND.png,36681,2020-10-23,0.0,0.65,98504,-13150890,-34515754,"[{'period': '2024', 'revenue': 0.15213, 'unit': 'M', 'net_profit': -34.52}, {'period': '2022', 'revenue': 0.0, 'unit': 'M', 'net_profit': 11.86}, {'period': '2021', 'revenue': 0.0, 'unit': 'M', 'net_profit': 41.15}, {'period': '2020', 'revenue': 0.0, 'unit': 'K', 'net_profit': -176.47}]","[{'period': ""Q3 '25"", 'revenue': 0.09961, 'unit': 'M', 'net_profit': -22.42}, {'period': ""Q2 '25"", 'revenue': 0.00908, 'unit': 'M', 'net_profit': -12.22}, {'period': ""Q1 '25"", 'revenue': 0.0, 'unit': 'M', 'net_profit': -14.02}, {'period': ""Q4 '24"", 'revenue': -1.68, 'unit': 'B', 'net_profit': 4.21}, {'period': ""Q3 '24"", 'revenue': 0.0, 'unit': 'M', 'net_profit': -4.38}, {'period': ""Q2 '24"", 'revenue': 0.049280000000000004, 'unit': 'M', 'net_profit': -12.69}]",-5.91,-5.91,6970052,1898553,209337,20917508,0,0,20788893,209337,-6616941,0.0,0.0,0.0,__nan__,__nan__,__nan__,3.0010547984433975
218,TWNI,Tailwind International Acquisition Corp. Class A Ordinary Shares,"Tailwind International Acquisition Corp. does not have significant operations. It intends to effect a merger, share exchange, asset acquisition, share purchase, reorganization or similar business combination with one or more businesses or entities. The company was incorporated in 2020 and is based in New York, New York.",Philip A. Krim,Shell Companies,10.12,USD,435993888,https://images.financialmodelingprep.com/symbol/TWNI.png,111904,,50.6,0.0,53732,-13131779,26469742,"[{'period': '2022', 'revenue': 0.0, 'unit': 'M', 'net_profit': 26.47}, {'period': '2021', 'revenue': 0.0, 'unit': 'M', 'net_profit': 13.84}]","[{'period': ""Q4 '22"", 'revenue': 0.0, 'unit': 'M', 'net_profit': 15.94}, {'period': ""Q3 '22"", 'revenue': 0.0, 'unit': 'M', 'net_profit': 4.42}, {'period': ""Q2 '22"", 'revenue': 0.0, 'unit': 'M', 'net_profit': 3.8}, {'period': ""Q1 '22"", 'revenue': 0.0, 'unit': 'M', 'net_profit': 12.4}, {'period': ""Q4 '21"", 'revenue': 0.0, 'unit': 'K', 'net_profit': 592.04}, {'period': ""Q3 '21"", 'revenue': 0.0, 'unit': 'M', 'net_profit': 5.03}]",3.07,3.07,349930273,187071,129195,14678420,0,349743202,2603420,129195,-1103995,0.26717611395904556,0.912527495108629,7.527777777777778,__nan__,__nan__,__nan__,0.04194669947861299
219,TWNT,Tailwind Two Acquisition Corp. Class A Ordinary Shares,,,,,,,,,,,,,-2450595,-501121,"[{'period': '2021', 'revenue': 0.0, 'unit': 'K', 'net_profit': -501.12}]","[{'period': ""Q3 '21"", 'revenue': 0.0, 'unit': '', 'net_profit': 0.0}, {'period': ""Q2 '21"", 'revenue': 0.0, 'unit': 'M', 'net_profit': -5.77}, {'period': ""Q1 '21"", 'revenue': 0.0, 'unit': 'M', 'net_profit': 4.53}]",-0.0116,-0.0116,2.1097140000000003,346.642343,346.642343,30.637374,0,0,2.157374,1.55252,-2733519,0.0,0.0,0.0,__nan__,__nan__,__nan__,14.5220508561824
220,TWO,Two Harbors Investment Corp,"Two Harbors Investment Corp. operates as a real estate investment trust (REIT) that focuses on investing in, financing, and managing residential mortgage-backed securities (RMBS), non-agency securities, mortgage servicing rights, and other financial assets in the United States. Its target assets include agency RMBS collateralized by fixed rate mortgage loans, adjustable rate mortgage loans, and hybrid adjustable-rate mortgage (ARMs); and other assets, such as financial and mortgage-related assets, including non-agency securities and non-hedging transactions. The company qualifies as a REIT for federal income tax purposes. As a REIT, the company must distribute at least 90% of annual taxable income to its stockholders. Two Harbors Investment Corp. was incorporated in 2009 and is headquartered in Minnetonka, Minnesota.",Nicholas Letica,REIT - Mortgage,11.22,USD,1178582460,https://images.financialmodelingprep.com/symbol/TWO.png,3560528,2009-10-30,-2.3,-0.18,8716107,45515000,-454300000,"[{'period': '2025', 'revenue': 605.61, 'unit': 'M', 'net_profit': -454.3}, {'period': '2024', 'revenue': 845.84, 'unit': 'M', 'net_profit': 298.17}, {'period': '2023', 'revenue': 640.49, 'unit': 'M', 'net_profit': -106.37}, {'period': '2022', 'revenue': 12.61, 'unit': 'M', 'net_profit': 220.24}]","[{'period': ""Q4 '25"", 'revenue': 179.37, 'unit': 'M', 'net_profit': 11.72}, {'period': ""Q3 '25"", 'revenue': 247.57, 'unit': 'M', 'net_profit': -127.92}, {'period': ""Q2 '25"", 'revenue': 119.38, 'unit': 'M', 'net_profit': -259.04}, {'period': ""Q1 '25"", 'revenue': 211.99, 'unit': 'M', 'net_profit': -79.06}, {'period': ""Q4 '24"", 'revenue': 219.45, 'unit': 'M', 'net_profit': 276.73}, {'period': ""Q3 '24"", 'revenue': 126.48, 'unit': 'M', 'net_profit': -238.49}]",-4.36,-4.36,10859217000,1470440000,7356790000,9071290000,13630000,9071000,7602200000,842319000,88917000,-0.9522182329722012,-2.5236376807705723,-2.8091286307053944,"[0.34, 0.26]","['2026-04-02', '2009-12-29']",__nan__,0.8353539670493738
221,TWOA,two Class A Ordinary Shares,"two does not have significant operations. The company intends to effect a merger, capital stock exchange, asset acquisition, stock purchase, reorganization, or similar business combination with one or more businesses. The company was incorporated in 2021 and is based in San Francisco, California.",Thomas D. Hennessy,Shell Companies,10.7,USD,102192479,https://images.financialmodelingprep.com/symbol/TWOA.png,14450,2021-03-30,118.88888888888889,4.46,64386,-2886280,1272511,"[{'period': '2023', 'revenue': 0.0, 'unit': 'M', 'net_profit': 1.27}, {'period': '2022', 'revenue': 0.0, 'unit': 'M', 'net_profit': 4.35}, {'period': '2021', 'revenue': 0.0, 'unit': 'K', 'net_profit': -742.88}]","[{'period': ""Q4 '23"", 'revenue': 0.0, 'unit': 'K', 'net_profit': -178.76}, {'period': ""Q3 '23"", 'revenue': 0.0, 'unit': 'K', 'net_profit': -643.48}, {'period': ""Q2 '23"", 'revenue': 0.0, 'unit': 'K', 'net_profit': 857.47}, {'period': ""Q1 '23"", 'revenue': 0.0, 'unit': 'M', 'net_profit': 2.87}, {'period': ""Q4 '22"", 'revenue': 0.0, 'unit': 'M', 'net_profit': 3.25}, {'period': ""Q3 '22"", 'revenue': 0.0, 'unit': 'M', 'net_profit': 1.19}]",0.0886,0.0886,53249798,62068,57569,11741465,0,53187730,11741465,57569,-2020096,0.31492253512936286,-0.7076280279479915,-0.44625000000000004,__nan__,__nan__,__nan__,0.22049783174764342
222,TWTR,Twitter Inc. Common Stock,"Twitter, Inc. operates as a platform for public self-expression and conversation in real-time. The company's primary product is Twitter, a platform that allows users to consume, create, distribute, and discover content. It also provides promoted products that enable advertisers to promote brands, products, and services, as well as enable advertisers to target an audience based on various factors, including who an account follows and actions taken on its platform, such as Tweets created and engagement with Tweets. Its promoted products consist of promoted ads and Twitter Amplify, Follower Ads, and Twitter takeover. In addition, the company offers monetization products for creators, including Tips to directly send small one-time payments on Twitter using various payment methods, including bitcoin; Super Follows, a paid monthly subscription, which includes bonus content, exclusive previews, and perks as a way to support and connect with creators on Twitter; and Ticketed Spaces to support creators on Twitter for their time and effort in hosting, speaking, and moderating the public conversation on Twitter Spaces. Further, it offers products for developers and data partners comprising Twitter Developer Platform, a platform that enables developers to build tools for people and businesses using its public application programming interface; and paid access to Twitter data for partners with commercial use cases. Twitter, Inc. was founded in 2006 and is based in San Francisco, California. As of October 27, 2022, Twitter, Inc. was taken private.",Parag Agrawal,Internet Content & Information,53.7,USD,41093709770,https://images.financialmodelingprep.com/symbol/TWTR.png,32339509,2013-11-07,214.8,0.0,75139089,184921000,-221409000,"[{'period': '2021', 'revenue': 5080.0, 'unit': 'M', 'net_profit': -221.41}, {'period': '2020', 'revenue': 3.72, 'unit': 'B', 'net_profit': -1.14}, {'period': '2019', 'revenue': 3.46, 'unit': 'B', 'net_profit': 1.47}, {'period': '2018', 'revenue': 3.04, 'unit': 'B', 'net_profit': 1.21}]","[{'period': ""Q2 '22"", 'revenue': 1180.0, 'unit': 'M', 'net_profit': -270.01}, {'period': ""Q1 '22"", 'revenue': 1200.0, 'unit': 'M', 'net_profit': 513.29}, {'period': ""Q4 '21"", 'revenue': 1570.0, 'unit': 'M', 'net_profit': 181.69}, {'period': ""Q3 '21"", 'revenue': 1280.0, 'unit': 'M', 'net_profit': -536.76}, {'period': ""Q2 '21"", 'revenue': 1190.0, 'unit': 'M', 'net_profit': 65.65}, {'period': ""Q1 '21"", 'revenue': 1040.0, 'unit': 'M', 'net_profit': 68.0}]",-0.28,-0.28,14059516000,7918370000,6401822000,6752317000,1217404000,223396000,1343867000,2194689000,-194706000,-0.6903097555583839,0.8050335233606839,0.8055555555555556,__nan__,__nan__,__nan__,0.4802666748983393
223,TX,Ternium S.A. Ternium S.A. American Depositary Shares (each representing ten shares USD1.00 par value),"Ternium S.A. manufactures, processes, and sells various steel products in Mexico, Argentina, Paraguay, Chile, Bolivia, Uruguay, Brazil, the United States, Colombia, Guatemala, Costa Rica, Honduras, El Salvador, and Nicaragua. It operates through two segments, Steel and Mining. The Steel segment offers slabs, billets and round bars, hot rolled flat products, merchant bars, reinforcing bars, stirrups and rods, tin plate and galvanized products, tubes, beams, insulated panels, roofing and cladding, roof tiles, steel decks, pre-engineered metal building systems, and pig iron products; and sells energy. The Mining segment sells iron ore and pellets. The company also provides medical and social; scrap; and engineering and other services, as well as operates as a distribution company. It serves various companies and small businesses in the construction, automotive, home appliances, agro, packaging, transport, and energy industries. The company was founded in 1961 and is based in Luxembourg City, Luxembourg. Ternium S.A. is a subsidiary of Techint Holdings S.à r.l.",Maximo Vedoya,Steel,38.76,USD,7608885599,https://images.financialmodelingprep.com/symbol/TX.png,217533,2006-02-01,17.62,0.13,96147,1419880000,425232000,"[{'period': '2025', 'revenue': 15610.0, 'unit': 'M', 'net_profit': 425.23}, {'period': '2024', 'revenue': 17650.0, 'unit': 'M', 'net_profit': -53.67}, {'period': '2023', 'revenue': 17610.0, 'unit': 'M', 'net_profit': 676.04}, {'period': '2022', 'revenue': 16.41, 'unit': 'B', 'net_profit': 1.77}]","[{'period': ""Q4 '25"", 'revenue': 3740.0, 'unit': 'M', 'net_profit': 121.17}, {'period': ""Q3 '25"", 'revenue': 3950.0, 'unit': 'M', 'net_profit': 20.61}, {'period': ""Q2 '25"", 'revenue': 3950.0, 'unit': 'M', 'net_profit': 215.45}, {'period': ""Q1 '25"", 'revenue': 3930.0, 'unit': 'M', 'net_profit': 66.98}, {'period': ""Q4 '24"", 'revenue': 3880.0, 'unit': 'M', 'net_profit': 280.85}, {'period': ""Q3 '24"", 'revenue': 4480.0, 'unit': 'M', 'net_profit': 31.66}]",2.2,2.2,23615091000,9796368000,3131206000,7467345000,1535716000,562910000,3934209000,1531204000,-187228999,-0.14847579277906417,8.922790281711134,9.058608058608058,"[1.8, 0.5]","['2026-05-14', '2007-06-07']",__nan__,0.3162107230499345
224,TXT,Textron Inc. Common Stock,"Textron Inc. operates in the aircraft, defense, industrial, and finance businesses. The company's Textron Aviation segment manufactures, sells, and services business jets, turboprop and piston engine aircraft, and military trainer and defense aircraft; and offers maintenance, inspection, and repair services, as well as sells commercial parts. Its Bell segment supplies military and commercial helicopters, tiltrotor aircrafts, and related spare parts and services. The company's Textron Systems segment offers unmanned aircraft systems, electronic systems and solutions, advanced marine crafts, piston aircraft engines, live military air-to-air and air-to-ship training, weapons and related components, and armored and specialty vehicles. Its Industrial segment offers blow-molded plastic fuel systems, including conventional plastic fuel tanks and pressurized fuel tanks for hybrid vehicle applications, clear-vision systems, and plastic tanks for catalytic reduction systems primarily to automobile original equipment manufacturers; and golf cars, off-road utility vehicles, recreational side-by-side and all-terrain vehicles, snowmobiles, light transportation vehicles, aviation ground support equipment, professional turf-maintenance equipment, and turf-care vehicles to golf courses and resorts, government agencies and municipalities, consumers, outdoor enthusiasts, and commercial and industrial users. The company's Finance segment provides financing services to purchase new and pre-owned aircraft and bell helicopters. It serves in the United States, Europe, Asia, Australia, and internationally. Textron Inc. was founded in 1923 and is headquartered in Providence, Rhode Island.",Lisa Atherton,Aerospace & Defense,87.47,USD,15233987490,https://images.financialmodelingprep.com/symbol/TXT.png,1812884,1947-12-22,17.08,-1.42,755307,1646000000,921000000,"[{'period': '2025', 'revenue': 14800.0, 'unit': 'M', 'net_profit': 921.0}, {'period': '2024', 'revenue': 13700.0, 'unit': 'M', 'net_profit': 824.0}, {'period': '2023', 'revenue': 13680.0, 'unit': 'M', 'net_profit': 921.0}, {'period': '2022', 'revenue': 12870.0, 'unit': 'M', 'net_profit': 861.0}]","[{'period': ""Q4 '25"", 'revenue': 4170.0, 'unit': 'M', 'net_profit': 235.0}, {'period': ""Q3 '25"", 'revenue': 3600.0, 'unit': 'M', 'net_profit': 234.0}, {'period': ""Q2 '25"", 'revenue': 3720.0, 'unit': 'M', 'net_profit': 245.0}, {'period': ""Q1 '25"", 'revenue': 3310.0, 'unit': 'M', 'net_profit': 207.0}, {'period': ""Q4 '24"", 'revenue': 3610.0, 'unit': 'M', 'net_profit': 141.0}, {'period': ""Q3 '24"", 'revenue': 3430.0, 'unit': 'M', 'net_profit': 223.0}]",5.11,5.11,18129000000,7998000000,2025000000,10254000000,823000000,574000000,4353000000,2025000000,884000000,0.15752461322081576,0.11771844660194175,0.16666666666666677,"[0.02, 0.24]","['2026-03-13', '1973-03-12']",__nan__,0.5656131060731425
225,TY,Tri Continental Corporation Common Stock,"Tri-Continental Corporation is a closed ended equity mutual fund launched and managed by Columbia Management Investment Advisers, LLC. It primarily invests in the public equity markets of the United States. The fund invests in stocks of companies that operate across diversified sectors. It seeks to invest in stocks of large-cap companies. The fund benchmarks the performance of its portfolio against S&P 500 Index. Tri-Continental Corporation was formed in January 1929 and is domiciled in the United States.",William F. Truscott,Asset Management,30.95,USD,1608196045,https://images.financialmodelingprep.com/symbol/TY.png,39191,1980-03-17,6.3,-0.39,54392,254309600,254308810,"[{'period': '2025', 'revenue': 204.61, 'unit': 'M', 'net_profit': 254.31}, {'period': '2024', 'revenue': 321.66, 'unit': 'M', 'net_profit': 320.75}, {'period': '2023', 'revenue': 253.91, 'unit': 'M', 'net_profit': 253.08}, {'period': '2022', 'revenue': -291.39, 'unit': 'M', 'net_profit': -292.2}]","[{'period': ""Q4 '25"", 'revenue': 123.61, 'unit': 'M', 'net_profit': 177.7}, {'period': ""Q2 '25"", 'revenue': 34.4, 'unit': 'M', 'net_profit': 76.61}, {'period': ""Q4 '24"", 'revenue': 123.19, 'unit': 'M', 'net_profit': 149.9}, {'period': ""Q2 '24"", 'revenue': 84.29, 'unit': 'M', 'net_profit': 170.85}, {'period': ""Q4 '23"", 'revenue': 57.62, 'unit': 'M', 'net_profit': 110.89}, {'period': ""Q2 '23"", 'revenue': 28.32, 'unit': 'M', 'net_profit': 142.19}]",4.75,4.75,1985240858,12972871,186222,2437504,12786649,1972178916,0,186222,0,-0.20713981709914248,-0.20714228007948018,-0.21746293245469525,"[0.2848, 0.23]","['2026-03-17', '1989-12-18']",__nan__,0.0012278127312247771
226,TYG,Tortoise Energy Infrastructure Corporation Common Stock,"Tortoise Energy Infrastructure Corporation is a closed ended equity mutual fund launched and managed by Tortoise Capital Advisors L.L.C. The fund invests in the public equity markets of the United States. It seeks to invest in the stocks of companies operating in the energy infrastructure sector, with an emphasis on those companies that are engaged in transporting, processing, storing, distributing or marketing natural gas, natural gas liquids (primarily propane), coal, crude oil or refined petroleum products, or exploring, developing, managing or producing such commodities. The fund primarily invests in securities of publicly traded Master Limited Partnerships and stocks of companies having a market capitalization greater than $100 million. Tortoise Energy Infrastructure Corporation was formed on October 29, 2003 and is domiciled in the United States.",Terry Clyde Matlack,Asset Management,49.92,USD,860080666,https://images.financialmodelingprep.com/symbol/TYG.png,135727,2004-02-25,-53.68,-0.08,87826,38511470,19355818,"[{'period': '2025', 'revenue': 10.84, 'unit': 'M', 'net_profit': 19.36}, {'period': '2024', 'revenue': 214.33, 'unit': 'M', 'net_profit': 210.92}, {'period': '2023', 'revenue': 15.76, 'unit': 'M', 'net_profit': -15.62}, {'period': '2022', 'revenue': 134.94, 'unit': 'M', 'net_profit': 103.26}]","[{'period': ""Q4 '25"", 'revenue': 0.049729999999999996, 'unit': 'M', 'net_profit': 70.29}, {'period': ""Q2 '25"", 'revenue': 10.79, 'unit': 'M', 'net_profit': -50.93}, {'period': ""Q4 '24"", 'revenue': 7.3, 'unit': 'M', 'net_profit': 140.33}, {'period': ""Q2 '24"", 'revenue': 6.37, 'unit': 'M', 'net_profit': 70.59}, {'period': ""Q4 '23"", 'revenue': 7.25, 'unit': 'M', 'net_profit': 34.58}, {'period': ""Q2 '23"", 'revenue': 8.51, 'unit': 'M', 'net_profit': -50.2}]",0.93,0.93,1287992000,0,1102918,304749973,2204439,0,2099297,652302,35720520,-0.8218177935092795,-0.9082322247772564,-0.9525267993874426,"[0.475, 0.2]","['2026-05-22', '2004-05-24']",__nan__,0.23660859151299077
227,TYL,Tyler Technologies Inc. Common Stock,"Tyler Technologies, Inc. provides integrated information management solutions and services for the public sector. The company operates in three segments: Enterprise Software; Appraisal and Tax; and NIC. It offers financial management solutions, including modular fund accounting systems for government agencies or not-for-profit entities; utility billing systems for the billing and collection of metered and non-metered services; products to automate city and county functions, such as municipal courts, parking tickets, equipment and project costing, animal and business licenses, permits and inspections, code enforcement, citizen complaint tracking, ambulance billing, fleet maintenance, and cemetery records management; and student information and transportation solutions for K-12 schools. The company also provides a suite of judicial solutions comprising court case management, court and law enforcement, prosecutor, and supervision systems to handle multi-jurisdictional county or statewide implementations, and single county systems; public safety software solutions; systems and software to automate the appraisal and assessment of real and personal property, as well as tax applications for agencies that bill and collect taxes; planning, regulatory, and maintenance software solutions for public sector agencies; software applications to enhance and automate operations involving records and document management; and data and insights solutions. In addition, it offers software as a service arrangements and electronic document filing solutions for courts and law offices; software and hardware installation, data conversion, training, product modification, and maintenance and support services; and property appraisal outsourcing services for taxing jurisdictions. The company has a strategic collaboration agreement with Amazon Web Services for cloud hosting services. Tyler Technologies, Inc. was founded in 1966 and is headquartered in Plano, Texas.",H. Lynn Moore Jr.,Software - Application,334.03,USD,14358392786,https://images.financialmodelingprep.com/symbol/TYL.png,647788,1980-03-17,46.26,-7.04,330733,505540000,315603000,"[{'period': '2025', 'revenue': 2330.0, 'unit': 'M', 'net_profit': 315.6}, {'period': '2024', 'revenue': 2140.0, 'unit': 'M', 'net_profit': 263.03}, {'period': '2023', 'revenue': 1950.0, 'unit': 'M', 'net_profit': 165.92}, {'period': '2022', 'revenue': 1850.0, 'unit': 'M', 'net_profit': 164.24}]","[{'period': ""Q4 '25"", 'revenue': 575.18, 'unit': 'M', 'net_profit': 65.53}, {'period': ""Q3 '25"", 'revenue': 595.88, 'unit': 'M', 'net_profit': 84.39}, {'period': ""Q2 '25"", 'revenue': 596.12, 'unit': 'M', 'net_profit': 84.63}, {'period': ""Q1 '25"", 'revenue': 565.16, 'unit': 'M', 'net_profit': 81.05}, {'period': ""Q4 '24"", 'revenue': 541.13, 'unit': 'M', 'net_profit': 65.22}, {'period': ""Q3 '24"", 'revenue': 543.34, 'unit': 'M', 'net_profit': 75.9}]",7.32,7.2,5638908000,1843888000,1097200000,1936119000,662546000,60698000,1755445000,1015400000,637528000,0.08376369603851934,0.19989278626447576,0.1863857374392221,"[0.02, 0.1]","['1990-01-31', '1987-02-04']",__nan__,0.34334998904043124
228,U,Unity Software Inc. Common Stock,"Unity Software Inc. creates and operates an interactive real-time 3D content platform. Its platform provides software solutions to create, run, and monetize interactive, real-time 2D and 3D content for mobile phones, tablets, PCs, consoles, and augmented and virtual reality devices. The company serves content creators and developers, artists, designers, engineers, and architects to create interactive and real-time 2D and 3D content. It offers its solutions directly through its online store, field sales operations, independent distributors, and resellers in the United States, Denmark, Belgium, Canada, China, Colombia, Finland, France, Germany, Ireland, Israel, Japan, Lithuania, Portugal, Singapore, South Korea, Spain, Sweden, Switzerland, and the United Kingdom. The company was founded in 2004 and is headquartered in San Francisco, California.",Matthew Samuel Bromberg,Software - Application,19.45,USD,8421609034,https://images.financialmodelingprep.com/symbol/U.png,16800813,2020-09-18,-20.26,2.32,51491962,38372000,-402765000,"[{'period': '2025', 'revenue': 1850.0, 'unit': 'M', 'net_profit': -402.76}, {'period': '2024', 'revenue': 1810.0, 'unit': 'M', 'net_profit': -664.11}, {'period': '2023', 'revenue': 2190.0, 'unit': 'M', 'net_profit': -822.01}, {'period': '2022', 'revenue': 1390.0, 'unit': 'M', 'net_profit': -919.49}]","[{'period': ""Q4 '25"", 'revenue': 503.09, 'unit': 'M', 'net_profit': -89.96}, {'period': ""Q3 '25"", 'revenue': 470.62, 'unit': 'M', 'net_profit': -126.36}, {'period': ""Q2 '25"", 'revenue': 440.94, 'unit': 'M', 'net_profit': -108.8}, {'period': ""Q1 '25"", 'revenue': 435.0, 'unit': 'M', 'net_profit': -77.64}, {'period': ""Q4 '24"", 'revenue': 457.1, 'unit': 'M', 'net_profit': -122.73}, {'period': ""Q3 '24"", 'revenue': 446.52, 'unit': 'M', 'net_profit': -124.74}]",-0.96,-0.96,6837606000,2812463000,2055840000,3341469000,643611000,8500000,1525872000,2055840000,403931000,1.163555843502649,0.3935303276244741,0.42857142857142855,__nan__,__nan__,__nan__,0.4886899011145129
229,UA,Under Armour Inc. Class C Common Stock,"Under Armour, Inc., together with its subsidiaries, engages in the developing, marketing, and distributing performance apparel, footwear, and accessories for men, women, and youth. The company offers its apparel in compression, fitted, and loose fit types. It also provides footwear products for running, training, basketball, cleated sports, recovery, and outdoor applications. In addition, the company offers accessories, which include gloves, bags, headwear, and sports masks; and digital subscription and advertising services under the MapMyRun and MapMyRide platforms. It primarily offers its products under the UNDER ARMOUR, UA, HEATGEAR, COLDGEAR, HOVR, PROTECT THIS HOUSE, I WILL, UA Logo, ARMOUR FLEECE, and ARMOUR BRA brands. The company sells its products through wholesale channels, including national and regional sporting goods chains, independent and specialty retailers, department store chains, mono-branded Under Armour retail stores, institutional athletic departments, and leagues and teams, as well as independent distributors; and directly to consumers through a network of 422 brand and factory house stores, as well as through e-commerce websites. It operates in the United States, Canada, Europe, the Middle East, Africa, the Asia-Pacific, and Latin America. Under Armour, Inc. was incorporated in 1996 and is headquartered in Baltimore, Maryland.",Kevin A. Plank,Apparel - Manufacturers,5.63,USD,2406262642,https://images.financialmodelingprep.com/symbol/UA.png,5074722,2016-03-23,-4.61,-0.13,1800587,-62879000,-201267000,"[{'period': '2025', 'revenue': 5170.0, 'unit': 'M', 'net_profit': -201.27}, {'period': '2024', 'revenue': 5690.0, 'unit': 'M', 'net_profit': 232.04}, {'period': '2023', 'revenue': 5860.0, 'unit': 'M', 'net_profit': 374.46}, {'period': '2022', 'revenue': 5690.0, 'unit': 'M', 'net_profit': 360.06}]","[{'period': ""Q3 '26"", 'revenue': 1330.0, 'unit': 'M', 'net_profit': -430.83}, {'period': ""Q2 '26"", 'revenue': 1340.0, 'unit': 'M', 'net_profit': -18.81}, {'period': ""Q1 '26"", 'revenue': 1140.0, 'unit': 'M', 'net_profit': -2.61}, {'period': ""Q4 '25"", 'revenue': 1180.0, 'unit': 'M', 'net_profit': -67.46}, {'period': ""Q3 '25"", 'revenue': 1400.0, 'unit': 'M', 'net_profit': 1.23}, {'period': ""Q2 '25"", 'revenue': 1400.0, 'unit': 'M', 'net_profit': 170.38}]",-0.47,-0.47,4300871000,2329097000,501361000,2410593000,675822000,0,1109143000,501361000,-228003000,-1.155385702706443,-1.8673731479645925,-1.8867924528301885,__nan__,__nan__,__nan__,0.5604894915471773
230,UAA,Under Armour Inc. Class A Common Stock,"Under Armour, Inc., together with its subsidiaries, engages in the developing, marketing, and distributing performance apparel, footwear, and accessories for men, women, and youth. The company offers its apparel in compression, fitted, and loose fit types. It also provides footwear products for running, training, basketball, cleated sports, recovery, and outdoor applications. In addition, the company offers accessories, which include gloves, bags, headwear, and sports masks; and digital subscription and advertising services under the MapMyRun and MapMyRide platforms. It primarily offers its products under the UNDER ARMOUR, UA, HEATGEAR, COLDGEAR, HOVR, PROTECT THIS HOUSE, I WILL, UA Logo, ARMOUR FLEECE, and ARMOUR BRA brands. The company sells its products through wholesale channels, including national and regional sporting goods chains, independent and specialty retailers, department store chains, mono-branded Under Armour retail stores, institutional athletic departments, and leagues and teams, as well as independent distributors; and directly to consumers through a network of 422 brand and factory house stores, as well as through e-commerce websites. It operates in the United States, Canada, Europe, the Middle East, Africa, the Asia-Pacific, and Latin America. Under Armour, Inc. was incorporated in 1996 and is headquartered in Baltimore, Maryland.",Kevin A. Plank,Apparel - Manufacturers,5.74,USD,2453276654,https://images.financialmodelingprep.com/symbol/UAA.png,12358818,2005-11-18,-4.7,-0.15,9445896,8557000,-201267000,"[{'period': '2025', 'revenue': 5160.0, 'unit': 'M', 'net_profit': -201.27}, {'period': '2024', 'revenue': 5700.0, 'unit': 'M', 'net_profit': 232.04}, {'period': '2023', 'revenue': 5900.0, 'unit': 'M', 'net_profit': 374.46}, {'period': '2022', 'revenue': 5680.0, 'unit': 'M', 'net_profit': 360.06}]","[{'period': ""Q3 '26"", 'revenue': 1330.0, 'unit': 'M', 'net_profit': -430.83}, {'period': ""Q2 '26"", 'revenue': 1330.0, 'unit': 'M', 'net_profit': -18.81}, {'period': ""Q1 '26"", 'revenue': 1130.0, 'unit': 'M', 'net_profit': -2.61}, {'period': ""Q4 '25"", 'revenue': 1180.0, 'unit': 'M', 'net_profit': -67.46}, {'period': ""Q3 '25"", 'revenue': 1400.0, 'unit': 'M', 'net_profit': 1.23}, {'period': ""Q2 '25"", 'revenue': 1400.0, 'unit': 'M', 'net_profit': 170.38}]",-0.47,-0.47,4300871000,2329097000,501361000,2410593000,675822000,0,1109143000,501361000,-228003000,-0.977018378314502,-1.8673731479645925,-1.8867924528301885,__nan__,__nan__,__nan__,0.5604894915471773
231,UAN,CVR Partners LP Common Units representing Limited Partner Interests,"CVR Partners, LP, together with its subsidiaries, engages in the production and sale of nitrogen fertilizer products in the United States. The company offers ammonia products for agricultural and industrial customers; and urea and ammonium nitrate products to agricultural customers, as well as retailers and distributors. CVR GP, LLC serves as the general partner of the company. CVR Partners, LP was incorporated in 2007 and is headquartered in Sugar Land, Texas.",Mark A. Pytosh,Agricultural Inputs,137.0,USD,1448040269,https://images.financialmodelingprep.com/symbol/UAN.png,65057,2011-04-08,14.68,0.35,39320,211643000,98662000,"[{'period': '2025', 'revenue': 606.04, 'unit': 'M', 'net_profit': 98.66}, {'period': '2024', 'revenue': 525.32, 'unit': 'M', 'net_profit': 60.9}, {'period': '2023', 'revenue': 681.48, 'unit': 'M', 'net_profit': 172.43}, {'period': '2022', 'revenue': 835.58, 'unit': 'M', 'net_profit': 286.8}]","[{'period': ""Q4 '25"", 'revenue': 131.06, 'unit': 'M', 'net_profit': -10.27}, {'period': ""Q3 '25"", 'revenue': 163.55, 'unit': 'M', 'net_profit': 43.07}, {'period': ""Q2 '25"", 'revenue': 168.56, 'unit': 'M', 'net_profit': 38.77}, {'period': ""Q1 '25"", 'revenue': 142.87, 'unit': 'M', 'net_profit': 27.09}, {'period': ""Q4 '24"", 'revenue': 139.56, 'unit': 'M', 'net_profit': 18.3}, {'period': ""Q3 '24"", 'revenue': 125.2, 'unit': 'M', 'net_profit': 3.81}]",9.33,9.33,969455000,213867000,69243000,703714000,58956000,12653000,96773000,69243000,98836000,0.18302403577417553,0.6200656814449917,0.6197916666666667,"[0.37, 0.407]","['2026-03-02', '2011-08-03']",__nan__,0.725886193789294
232,UBA,Urstadt Biddle Properties Inc. Common Stock,"Urstadt Biddle Properties Inc. is a self-administered equity real estate investment trust which owns or has equity interests in 81 properties containing approximately 5.2 million square feet of space. Listed on the New York Stock Exchange since 1970, it provides investors with a means of participating in ownership of income-producing properties. It has paid 203 consecutive quarters of uninterrupted dividends to its shareholders since its inception.",Willing L. Biddle,REIT - Retail,21.14,USD,832173944,https://images.financialmodelingprep.com/symbol/UBA.png,302055,1998-08-17,34.65573770491803,-0.39,4484692,87884000,28932000,"[{'period': '2022', 'revenue': 143.1, 'unit': 'M', 'net_profit': 28.93}, {'period': '2021', 'revenue': 135.58, 'unit': 'M', 'net_profit': 32.87}, {'period': '2020', 'revenue': 126.75, 'unit': 'M', 'net_profit': 7.24}, {'period': '2019', 'revenue': 137.59, 'unit': 'M', 'net_profit': 21.94}]","[{'period': ""Q2 '23"", 'revenue': 35.07, 'unit': 'M', 'net_profit': 1.81}, {'period': ""Q1 '23"", 'revenue': 38.3, 'unit': 'M', 'net_profit': 7.12}, {'period': ""Q4 '22"", 'revenue': 36.06, 'unit': 'M', 'net_profit': 7.51}, {'period': ""Q3 '22"", 'revenue': 35.48, 'unit': 'M', 'net_profit': 10.04}, {'period': ""Q2 '22"", 'revenue': 36.0, 'unit': 'M', 'net_profit': 10.52}, {'period': ""Q1 '22"", 'revenue': 35.55, 'unit': 'M', 'net_profit': 8.81}]",0.74,0.73,997326000,72414000,14966000,997326000,22889000,29586000,35899000,14966000,77751000,-0.07100347776450566,-0.1198856204179722,-0.12941176470588234,"[0.2083, 0.19]","['2023-06-13', '1998-09-28']",__nan__,1.0
233,UBER,Uber Technologies Inc. Common Stock,"Uber Technologies, Inc. develops and operates proprietary technology applications in the United States, Canada, Latin America, Europe, the Middle East, Africa, and the Asia Pacific. It connects consumers with independent providers of ride services for ridesharing services; and connects riders and other consumers with restaurants, grocers, and other stores with delivery service providers for meal preparation, grocery, and other delivery services. The company operates through three segments: Mobility, Delivery, and Freight. The Mobility segment provides products that connect consumers with mobility drivers who provide rides in a range of vehicles, such as cars, auto rickshaws, motorbikes, minibuses, or taxis. It also offers financial partnerships, transit, and vehicle solutions offerings. The Delivery segment allows consumers to search for and discover local restaurants, order a meal, and either pick-up at the restaurant or have the meal delivered; and offers grocery, alcohol, and convenience store delivery, as well as select other goods. The Freight segment connects carriers with shippers on the company's platform and enable carriers upfront, transparent pricing, and the ability to book a shipment, as well as transportation management and other logistics services offerings. The company was formerly known as Ubercab, Inc. and changed its name to Uber Technologies, Inc. in February 2011. Uber Technologies, Inc. was founded in 2009 and is headquartered in San Francisco, California.",Dara Khosrowshahi,Software - Application,69.18,USD,142380741600,https://images.financialmodelingprep.com/symbol/UBER.png,20279740,2019-05-10,14.63,-1.37,10845697,6987000000,10053000000,"[{'period': '2025', 'revenue': 52.02, 'unit': 'B', 'net_profit': 10.05}, {'period': '2024', 'revenue': 43.98, 'unit': 'B', 'net_profit': 9.86}, {'period': '2023', 'revenue': 37.28, 'unit': 'B', 'net_profit': 1.89}, {'period': '2022', 'revenue': 31.88, 'unit': 'B', 'net_profit': -9.14}]","[{'period': ""Q4 '25"", 'revenue': 14370.0, 'unit': 'M', 'net_profit': 296.0}, {'period': ""Q3 '25"", 'revenue': 13.47, 'unit': 'B', 'net_profit': 6.63}, {'period': ""Q2 '25"", 'revenue': 12.65, 'unit': 'B', 'net_profit': 1.35}, {'period': ""Q1 '25"", 'revenue': 11.53, 'unit': 'B', 'net_profit': 1.78}, {'period': ""Q4 '24"", 'revenue': 11.96, 'unit': 'B', 'net_profit': 6.88}, {'period': ""Q3 '24"", 'revenue': 11.19, 'unit': 'B', 'net_profit': 2.61}]",4.82,4.73,61802000000,13993000000,8264000000,33719000000,3827000000,9178000000,12320000000,7736000000,9763000000,0.29749303621169915,0.019987824675324676,0.02335456475583871,__nan__,__nan__,__nan__,0.5455972298631112
234,UBP,Urstadt Biddle Properties Inc. Common Stock,"Urstadt Biddle Properties Inc. is a self-administered equity real estate investment trust which owns or has equity interests in 81 properties containing approximately 5.2 million square feet of space. Listed on the New York Stock Exchange since 1970, it provides investors with a means of participating in ownership of income-producing properties. It has paid 203 consecutive quarters of uninterrupted dividends to its shareholders since its inception.",Willing L. Biddle,REIT - Retail,21.21,USD,832174329,https://images.financialmodelingprep.com/symbol/UBP.png,13510,1980-03-17,34.77049180327869,-0.3,22921,87884000,39704000,"[{'period': '2022', 'revenue': 143.1, 'unit': 'M', 'net_profit': 39.7}, {'period': '2021', 'revenue': 135.58, 'unit': 'M', 'net_profit': 32.87}, {'period': '2020', 'revenue': 126.75, 'unit': 'M', 'net_profit': 7.24}, {'period': '2019', 'revenue': 137.59, 'unit': 'M', 'net_profit': 21.94}]","[{'period': ""Q2 '23"", 'revenue': 35.07, 'unit': 'M', 'net_profit': 1.81}, {'period': ""Q1 '23"", 'revenue': 38.3, 'unit': 'M', 'net_profit': 7.37}, {'period': ""Q4 '22"", 'revenue': 36.06, 'unit': 'M', 'net_profit': 10.33}, {'period': ""Q3 '22"", 'revenue': 35.48, 'unit': 'M', 'net_profit': 10.04}, {'period': ""Q2 '22"", 'revenue': 36.0, 'unit': 'M', 'net_profit': 10.52}, {'period': ""Q1 '22"", 'revenue': 35.55, 'unit': 'M', 'net_profit': 8.81}]",0.66,0.61,997326000,72414000,14966000,997326000,22889000,29586000,35899000,14966000,77751000,-0.07100347776450566,0.20779971405104494,-0.21428571428571422,"[0.1875, 1.1]","['2023-06-13', '1983-09-19']",__nan__,1.0
235,UBS,UBS Group AG Registered Ordinary Shares,"UBS Group AG provides financial advice and solutions to private, institutional, and corporate clients worldwide. It operates through four divisions: Global Wealth Management, Personal & Corporate Banking, Asset Management, and Investment Bank. The Global Wealth Management division offers investment advice and solutions, and lending solutions to ultra high net worth and high net worth clients. This segment also provides estate and wealth planning, investing, philanthropy, corporate and banking, and family advisory services, as well as mortgage, securities-based, and structured lending solutions. The Personal & Corporate Banking division provides personal banking products and services, such as deposits, cards, and online and mobile banking, as well as lending, investments, and retirement services; and corporate and institutional solutions, including equity and debt capital markets, syndicated and structured credit, private placements, leasing, traditional financing, trade and export finance, and global custody solutions, as well as transaction banking solutions for payment and cash management. The Asset Management division offers equities, fixed income, hedge funds, real estate and private markets, indexed and alternative beta strategies, asset allocation and currency investment strategies, customized multi-asset solutions, advisory and fiduciary services, and multi-manager hedge fund solutions and advisory services. The Investment Bank division advises clients on strategic business opportunities and helps them raise capital to fund their activities; enables its clients to buy, sell, and finance securities on capital markets and to manage their risks and liquidity; and offers clients differentiated content on major financial markets and securities. The company was formerly known as UBS AG and changed its name to UBS Group AG in December 2014. UBS Group AG was founded in 1862 and is based in Zurich, Switzerland.",Sergio Ermotti,Banks - Diversified,36.41,USD,115043721201,https://images.financialmodelingprep.com/symbol/UBS.png,2524830,2000-05-16,15.43,-0.85,2201968,9548733000,6160396000,"[{'period': '2025', 'revenue': 59.05, 'unit': 'B', 'net_profit': 6.16}, {'period': '2024', 'revenue': 74.22, 'unit': 'B', 'net_profit': 4.62}, {'period': '2023', 'revenue': 57.38, 'unit': 'B', 'net_profit': 23.41}, {'period': '2022', 'revenue': 36.82, 'unit': 'B', 'net_profit': 7.05}]","[{'period': ""Q4 '25"", 'revenue': 14590.0, 'unit': 'M', 'net_profit': 950.99}, {'period': ""Q3 '25"", 'revenue': 14.74, 'unit': 'B', 'net_profit': 1.97}, {'period': ""Q2 '25"", 'revenue': 14.55, 'unit': 'B', 'net_profit': 1.9}, {'period': ""Q1 '25"", 'revenue': 15.92, 'unit': 'B', 'net_profit': 1.44}, {'period': ""Q4 '24"", 'revenue': 17200.0, 'unit': 'M', 'net_profit': 698.96}, {'period': ""Q3 '24"", 'revenue': 17.56, 'unit': 'B', 'net_profit': 1.22}]",1.95,1.87,1617427000000,434004000000,398425000000,1526943000000,35579000000,1003077000000,1023196000000,209858000000,-15618134000,-0.009394674359348628,0.3343530947853974,0.22641509433962256,"[0.9075, 2.9099]","['2026-04-22', '2000-10-03']",__nan__,0.9440568260576829
236,UDR,UDR Inc. Common Stock,"UDR, Inc. (NYSE: UDR), an S&P 500 company, is a leading multifamily real estate investment trust with a demonstrated performance history of delivering superior and dependable returns by successfully managing, buying, selling, developing and redeveloping attractive real estate communities in targeted U.S. markets. As of September 30, 2020, UDR owned or had an ownership position in 51,649 apartment homes including 1,031 homes under development. For over 48 years, UDR has delivered long-term value to shareholders, the best standard of service to Residents and the highest quality experience for Associates.",Thomas W. Toomey,REIT - Residential,33.58,USD,11033447760,https://images.financialmodelingprep.com/symbol/UDR.png,4194966,1980-03-17,29.72,-0.49,2245953,1002410000,377704000,"[{'period': '2025', 'revenue': 1710.0, 'unit': 'M', 'net_profit': 377.7}, {'period': '2024', 'revenue': 1670.0, 'unit': 'M', 'net_profit': 89.58}, {'period': '2023', 'revenue': 1630.0, 'unit': 'M', 'net_profit': 444.35}, {'period': '2022', 'revenue': 1520.0, 'unit': 'M', 'net_profit': 86.92}]","[{'period': ""Q4 '25"", 'revenue': 433.11, 'unit': 'M', 'net_profit': 222.9}, {'period': ""Q3 '25"", 'revenue': 431.86, 'unit': 'M', 'net_profit': 40.41}, {'period': ""Q2 '25"", 'revenue': 425.4, 'unit': 'M', 'net_profit': 37.67}, {'period': ""Q1 '25"", 'revenue': 421.95, 'unit': 'M', 'net_profit': 76.72}, {'period': ""Q4 '24"", 'revenue': 422.73, 'unit': 'M', 'net_profit': -5.04}, {'period': ""Q3 '24"", 'revenue': 420.16, 'unit': 'M', 'net_profit': 22.6}]",1.13,1.13,10605674000,151201000,36932000,6456911000,149979000,0,45640000,36932000,902887000,0.002132409322617635,3.216152257632416,3.346153846153846,"[0.435, 0.46]","['2026-04-15', '1985-04-08']",__nan__,0.6088166579512061
237,UE,Urban Edge Properties Common Shares of Beneficial Interest,"Urban Edge Properties is a NYSE listed real estate investment trust focused on managing, acquiring, developing, and redeveloping retail real estate in urban communities, primarily in the New York metropolitan region. Urban Edge owns 78 properties totaling 15.1 million square feet of gross leasable area.",Jeffrey S. Olson,REIT - Diversified,20.0,USD,2519120000,https://images.financialmodelingprep.com/symbol/UE.png,971167,2015-01-16,27.03,-0.17,604728,317509000,93535000,"[{'period': '2025', 'revenue': 471.94, 'unit': 'M', 'net_profit': 93.53}, {'period': '2024', 'revenue': 444.97, 'unit': 'M', 'net_profit': 72.56}, {'period': '2023', 'revenue': 416.92, 'unit': 'M', 'net_profit': 248.5}, {'period': '2022', 'revenue': 397.94, 'unit': 'M', 'net_profit': 46.17}]","[{'period': ""Q4 '25"", 'revenue': 119.56, 'unit': 'M', 'net_profit': 12.42}, {'period': ""Q3 '25"", 'revenue': 120.13, 'unit': 'M', 'net_profit': 14.94}, {'period': ""Q2 '25"", 'revenue': 114.08, 'unit': 'M', 'net_profit': 57.98}, {'period': ""Q1 '25"", 'revenue': 118.17, 'unit': 'M', 'net_profit': 8.2}, {'period': ""Q4 '24"", 'revenue': 116.37, 'unit': 'M', 'net_profit': 30.12}, {'period': ""Q3 '24"", 'revenue': 112.43, 'unit': 'M', 'net_profit': 9.08}]",0.74,0.74,3311871000,182918000,48881000,1935399000,90500000,0,72119000,48881000,182719000,0.02487056332390802,0.28901781899866325,0.23333333333333336,"[0.21, 0.2]","['2026-03-13', '2015-03-12']",__nan__,0.5843823627188378
238,UFI,Unifi Inc. New Common Stock,"Unifi, Inc., together with its subsidiaries, engages in the manufacture and sale of recycled and synthetic products in the United States, Brazil, China, and internationally. It operates in four segments: Polyester, Nylon, Brazil, and Asia. The Polyester segment offers partially oriented, textured, solution and package dyed, twisted, beamed, and draw wound yarns; and pre-consumer and post-consumer waste products, including plastic bottle flakes, polyester polymer, and staple fiber beads to other yarn manufacturers, and knitters and weavers that produce yarn and/or fabric for the apparel, hosiery, home furnishings, automotive, industrial, and other end-use markets. The Nylon segment provides virgin or recycled textured, solution dyed, and spandex covered yarns to knitters and weavers that produce fabric primarily for the apparel, hosiery, medical markets. The Brazil segment manufactures and sells polyester-based products to knitters and weavers that produce fabric for the apparel, home furnishings, automotive, industrial, and other end-use markets. The Asia segment primarily sells polyester-based products to knitters and weavers that produce fabric for the apparel, home furnishings, automotive, industrial, and other end-use markets. The company sells its products through sales force and independent sales agents under the REPREVE and PROFIBER brands. Unifi, Inc. was incorporated in 1969 and is headquartered in Greensboro, North Carolina.",Edmund Ingle,Apparel - Manufacturers,3.58,USD,66520163,https://images.financialmodelingprep.com/symbol/UFI.png,53127,1980-03-17,-2.93,-0.05,7159,16175000,-20348000,"[{'period': '2025', 'revenue': 571.34, 'unit': 'M', 'net_profit': -20.35}, {'period': '2024', 'revenue': 582.21, 'unit': 'M', 'net_profit': -47.4}, {'period': '2023', 'revenue': 623.53, 'unit': 'M', 'net_profit': -46.34}, {'period': '2022', 'revenue': 815.76, 'unit': 'M', 'net_profit': 15.17}]","[{'period': ""Q2 '26"", 'revenue': 143.1, 'unit': 'M', 'net_profit': -9.3}, {'period': ""Q1 '26"", 'revenue': 135.67, 'unit': 'M', 'net_profit': -11.36}, {'period': ""Q4 '25"", 'revenue': 146.56, 'unit': 'M', 'net_profit': -16.79}, {'period': ""Q3 '25"", 'revenue': 146.56, 'unit': 'M', 'net_profit': -16.79}, {'period': ""Q2 '25"", 'revenue': 138.88, 'unit': 'M', 'net_profit': -11.39}, {'period': ""Q1 '25"", 'revenue': 147.37, 'unit': 'M', 'net_profit': -7.63}]",-1.11,-1.11,426868000,235627000,22664000,177397000,83784000,1151000,70943000,22664000,-31799000,3.0203597302023484,0.5706720118155924,0.5747126436781609,"[0.14, 0.1]","['1998-04-29', '1990-08-07']",__nan__,0.415578117825651
239,UFS,Domtar Corporation (NEW) Common Stock,"Domtar Corporation designs, manufactures, markets, and distributes communication papers, specialty and packaging papers, and absorbent hygiene products in the United States, Canada, Europe, Asia, and internationally. It operates through two segments, Pulp and Paper, and Personal Care. The company provides business papers, including copy and electronic imaging papers used in inkjet and laser printers, photocopiers, and plain-paper fax machines, as well as computer papers, preprinted forms, and digital papers for office and home use. It also offers commercial printing and publishing papers, such as offset papers and opaques used in sheet and roll fed offset presses; publishing papers, which include tradebook and lightweight uncoated papers for publishing textbooks, dictionaries, catalogs, magazines, hard cover novels, and financial documents; and base papers for envelopes, tablets, business forms, and data processing/computer forms. In addition, the company provides papers for thermal printing, flexible packaging, food packaging, medical packaging, medical gowns and drapes, sandpaper backing, carbonless printing, labels and other coating, and laminating applications; and papers for industrial and specialty applications, such as carrier papers, treated papers, security papers, and specialized printing and converting applications. Further, it designs, manufactures, markets, and distributes absorbent hygiene products, including adult incontinence and infant diaper products under the Attends, IncoPack, Indasec, Reassure, Chelino, and Comfees brand names. Additionally, the company offers branded and private label briefs, bladder control pads, protective underwear, underpads, and washcloths, as well as baby diapers, change mats, youth pants, and training pants for healthcare, retail, and direct-to-consumer channels. It serves merchants, retail outlets, stationers, printers, publishers, converters, and end-users. Domtar Corporation was founded in 1848 and is based in Fort Mill, South Carolina.",John Williams,"Paper, Lumber & Forest Products",55.49,USD,0,https://images.financialmodelingprep.com/symbol/UFS.png,448291,2007-03-07,0.0,0.0100021,3952659,574000000,1000000,"[{'period': '2024', 'revenue': 7150.0, 'unit': 'M', 'net_profit': 1.0}, {'period': '2020', 'revenue': 3650.0, 'unit': 'M', 'net_profit': -127.0}, {'period': '2019', 'revenue': 5220.0, 'unit': 'M', 'net_profit': 84.0}, {'period': '2018', 'revenue': 5460.0, 'unit': 'M', 'net_profit': 283.0}]","[{'period': ""Q3 '25"", 'revenue': 1680.0, 'unit': 'M', 'net_profit': -315.0}, {'period': ""Q2 '25"", 'revenue': 1760.0, 'unit': 'M', 'net_profit': -76.0}, {'period': ""Q1 '25"", 'revenue': 1860.0, 'unit': 'M', 'net_profit': 6.0}, {'period': ""Q4 '24"", 'revenue': 4170.0, 'unit': 'M', 'net_profit': -81.0}, {'period': ""Q3 '21"", 'revenue': 1030.0, 'unit': 'M', 'net_profit': 74.0}, {'period': ""Q2 '21"", 'revenue': 1010.0, 'unit': 'M', 'net_profit': 37.0}]",0.02,0.02,7316000000,2407000000,97000000,4728000000,0,0,1057000000,97000000,-201000000,0.0,0.0,0.0,"[0.455, 0.425]","['2020-04-01', '2010-06-11']",__nan__,0.6462547840349918
240,UGI,UGI Corporation Common Stock,"UGI Corporation distributes, stores, transports, and markets energy products and related services in the United States and internationally. The company operates through four segments: AmeriGas Propane, UGI International, Midstream & Marketing, and UGI Utilities. It distributes propane to approximately 1.4 million residential, commercial/industrial, motor fuel, agricultural, and wholesale customers through 1,600 propane distribution location. The company also distributes liquefied petroleum gases (LPG) to residential, commercial, industrial, agricultural, wholesale and automobile fuel customers; and provides logistics, storage, and other services to third-party LPG distributors. In addition, it engages in the retail sale of natural gas, liquid fuels, and electricity to approximately 12,600 residential, commercial, and industrial customers at 42,400 locations. Further, the company distributes natural gas to approximately 672,000 customers in eastern and central Pennsylvania counties through its distribution system of approximately 12,400 miles of gas mains; and supplies electricity to approximately 62,500 customers in northeastern Pennsylvania through 2,600 miles of lines and 14 substations. Additionally, it operates electric generation facilities, which include coal-fired, landfill gas-fueled, solar-powered, and natural gas-fueled facilities; a natural gas liquefaction, storage, and vaporization facility; propane storage and propane-air mixing stations; and rail transshipment terminals. It also manages natural gas pipeline and storage contracts; develops, owns, and operates pipelines, gathering infrastructure, and gas storage facilities. UGI Corporation was incorporated in 1991 and is based in King of Prussia, Pennsylvania.",Robert C. Flexon,Regulated Gas,36.67,USD,7876950505,https://images.financialmodelingprep.com/symbol/UGI.png,2034811,1929-03-01,13.63,0.04,1151714,1668000000,678000000,"[{'period': '2025', 'revenue': 7290.0, 'unit': 'M', 'net_profit': 678.0}, {'period': '2024', 'revenue': 7210.0, 'unit': 'M', 'net_profit': 269.0}, {'period': '2023', 'revenue': 8.93, 'unit': 'B', 'net_profit': -1.5}, {'period': '2022', 'revenue': 10.11, 'unit': 'B', 'net_profit': 1.07}]","[{'period': ""Q1 '26"", 'revenue': 2080.0, 'unit': 'M', 'net_profit': 297.0}, {'period': ""Q4 '25"", 'revenue': 1200.0, 'unit': 'M', 'net_profit': -13.0}, {'period': ""Q3 '25"", 'revenue': 1390.0, 'unit': 'M', 'net_profit': -163.0}, {'period': ""Q2 '25"", 'revenue': 2670.0, 'unit': 'M', 'net_profit': 479.0}, {'period': ""Q1 '25"", 'revenue': 2029.9999999999998, 'unit': 'M', 'net_profit': 375.0}, {'period': ""Q4 '24"", 'revenue': 1240.0, 'unit': 'M', 'net_profit': -273.0}]",3.15,3.09,15462000000,1766000000,355000000,10676000000,790000000,400000000,1981000000,355000000,390000000,0.2980544747081712,1.520446096654275,1.480314960629921,"[0.375, 0.33]","['2026-03-16', '1973-02-22']",__nan__,0.6904669512352866
241,UGP,Ultrapar Participacoes S.A. (New) American Depositary Shares (Each representing one Common Share),"Ultrapar Participações S.A. engages in the gas distribution, fuel distribution, and storage businesses primarily in Brazil, Mexico, Uruguay, Venezuela, other Latin American countries, the United States, Canada, the Far East, Europe, and internationally. Its Gas Distribution segment distributes liquefied petroleum gas to residential, commercial, and industrial consumers primarily in the South, Southeast, and Northeast regions of Brazil. The company's Fuel Distribution segment distributes and markets gasoline, ethanol, diesel, fuel oil, kerosene, natural gas for vehicles, and lubricants; operates convenience stores; and offers lubricant-changing and automotive specialized services. The company's Storage segment operates liquid bulk terminals primarily in the Southeast and Northeast regions of Brazil. As of December 31, 2021, the company operated through 7,104 Ipiranga service stations and 1,841 AmPm convenience stores; 1,149 Jet Oil franchises; 4 distribution centers; and 7 Ultracargo terminals with storage capacity of 983 thousand cubic meters. It also operates Abastece Aí, a digital payments app; and offers Km de Vantagens, a loyalty program. The company was founded in 1937 and is headquartered in São Paulo, Brazil.",Rodrigo de Almeida Pizzinatto,Oil & Gas Refining & Marketing,5.37,USD,5838843933,https://images.financialmodelingprep.com/symbol/UGP.png,2072496,1999-10-07,11.93,0.0,2390210,6056347000,2405651000,"[{'period': '2025', 'revenue': 139.57, 'unit': 'B', 'net_profit': 2.41}, {'period': '2024', 'revenue': 133.5, 'unit': 'B', 'net_profit': 2.36}, {'period': '2023', 'revenue': 126.05, 'unit': 'B', 'net_profit': 2.44}, {'period': '2022', 'revenue': 143.63, 'unit': 'B', 'net_profit': 1.8}]","[{'period': ""Q4 '25"", 'revenue': 38530.0, 'unit': 'M', 'net_profit': 328.37}, {'period': ""Q3 '25"", 'revenue': 37030.0, 'unit': 'M', 'net_profit': 709.19}, {'period': ""Q2 '25"", 'revenue': 34.06, 'unit': 'B', 'net_profit': 1.09}, {'period': ""Q1 '25"", 'revenue': 33330.0, 'unit': 'M', 'net_profit': 332.85}, {'period': ""Q4 '24"", 'revenue': 35400.0, 'unit': 'M', 'net_profit': 841.77}, {'period': ""Q3 '24"", 'revenue': 35360.0, 'unit': 'M', 'net_profit': 651.58}]",2.25,2.19,50266543000,19166846000,7023357000,32544824000,7237902000,5993892000,11841398000,3173532000,1517600186,0.1961290378645185,0.01816154126141683,0.05140186915887844,"[0.16511, 0.1491]","['2025-12-12', '2000-03-07']",__nan__,0.6474450411280521
242,UHS,Universal Health Services Inc. Common Stock,"Universal Health Services, Inc., through its subsidiaries, owns and operates acute care hospitals, and outpatient and behavioral health care facilities. The company operates through Acute Care Hospital Services and Behavioral Health Care Services segments. Its hospitals offer general and specialty surgery, internal medicine, obstetrics, emergency room care, radiology, oncology, diagnostic and coronary care, pediatric services, pharmacy services, and/or behavioral health services. As of February 24, 2022, it owned and/or operated 363 inpatient facilities, and 40 outpatient and other facilities located in 39 states; Washington, D.C.; the United Kingdom; and Puerto Rico. The company also provides commercial health insurance services; and various management services, which include central purchasing, information, finance and control systems, facilities planning, physician recruitment, administrative personnel management, marketing, and public relations services. Universal Health Services, Inc. founded in 1978 and is headquartered in King of Prussia, Pennsylvania.",Marc D. Miller,Medical - Care Facilities,184.04,USD,11701467668,https://images.financialmodelingprep.com/symbol/UHS.png,778977,1981-07-09,7.97,-1.05,581006,2743141000,1488796000,"[{'period': '2025', 'revenue': 17.36, 'unit': 'B', 'net_profit': 1.49}, {'period': '2024', 'revenue': 15.83, 'unit': 'B', 'net_profit': 1.14}, {'period': '2023', 'revenue': 14280.0, 'unit': 'M', 'net_profit': 717.79}, {'period': '2022', 'revenue': 13400.0, 'unit': 'M', 'net_profit': 675.61}]","[{'period': ""Q4 '25"", 'revenue': 4490.0, 'unit': 'M', 'net_profit': 445.94}, {'period': ""Q3 '25"", 'revenue': 4500.0, 'unit': 'M', 'net_profit': 372.96}, {'period': ""Q2 '25"", 'revenue': 4280.0, 'unit': 'M', 'net_profit': 353.22}, {'period': ""Q1 '25"", 'revenue': 4100.0, 'unit': 'M', 'net_profit': 316.68}, {'period': ""Q4 '24"", 'revenue': 4110.0, 'unit': 'M', 'net_profit': 332.4}, {'period': ""Q3 '24"", 'revenue': 3960.0, 'unit': 'M', 'net_profit': 258.71}]",23.42,23.1,15957085000,3407915000,137797000,8547677000,2602434000,346233000,3239601000,137797000,849245000,0.21095008122616188,0.30356353269468356,0.3648018648018649,"[0.2, 0.2]","['2026-03-02', '1989-09-26']",__nan__,0.5356665706800459
243,UHT,Universal Health Realty Income Trust Common Stock,"Universal Health Realty Income Trust, a real estate investment trust, invests in healthcare and human service related facilities including acute care hospitals, rehabilitation hospitals, sub-acute care facilities, medical/office buildings, free-standing emergency departments and childcare centers. We have investments in seventy-one properties located in twenty states, including two that are currently under construction.",Alan Miller,REIT - Healthcare Facilities,39.8,USD,552209080,https://images.financialmodelingprep.com/symbol/UHT.png,68357,1986-12-26,31.34,-0.45,77767,81231000,17609000,"[{'period': '2025', 'revenue': 99.19, 'unit': 'M', 'net_profit': 17.61}, {'period': '2024', 'revenue': 99.01, 'unit': 'M', 'net_profit': 19.23}, {'period': '2023', 'revenue': 95.58, 'unit': 'M', 'net_profit': 15.4}, {'period': '2022', 'revenue': 90.62, 'unit': 'M', 'net_profit': 21.1}]","[{'period': ""Q4 '25"", 'revenue': 73.96, 'unit': 'M', 'net_profit': 4.32}, {'period': ""Q3 '25"", 'revenue': 25.3, 'unit': 'M', 'net_profit': 4.02}, {'period': ""Q2 '25"", 'revenue': 24.87, 'unit': 'M', 'net_profit': 4.49}, {'period': ""Q1 '25"", 'revenue': 24.55, 'unit': 'M', 'net_profit': 4.78}, {'period': ""Q4 '24"", 'revenue': 24.64, 'unit': 'M', 'net_profit': 4.66}, {'period': ""Q3 '24"", 'revenue': 24.49, 'unit': 'M', 'net_profit': 4.0}]",1.27,1.27,564907000,20025000,6686000,412523000,13339000,20125000,1318000,6686000,49092000,0.1524252699079263,-0.08448580638452739,-0.08633093525179848,"[0.745, 0.33]","['2026-03-23', '1987-03-10']",__nan__,0.7302494038841791
244,UI,Ubiquiti Inc. Common Stock,"Ubiquiti Inc. develops networking technology for service providers, enterprises, and consumers. It develops technology platforms for high-capacity distributed Internet access, unified information technology, and consumer electronics for professional, home, and personal use. Its service provider product platforms offer carrier-class network infrastructure for fixed wireless broadband, wireless backhaul systems, and routing; and enterprise product platforms provide wireless LAN infrastructure, video surveillance products, switching and routing solutions, security gateways, and other WLAN products, as well as consumer products under the Ubiquiti Labs brand name. The company also provides technology platforms, such as airMAX, which include proprietary protocols that contain technologies for minimizing signal noise; EdgeMAX, a software and system routing platform; airFiber, a point-to-point radio system; and UFiber GPON, a plug and play fiber network technology to build high speed fiber internet networks. In addition, it offers UniFi -Enterprise WLAN, an enterprise Wi-Fi system that allows for on-site and remote management through the cloud; UniFi Protect, a video surveillance system, which provides statistical reporting and advanced analytics; UniFi Switch that deliver performance, switching, and power of Ethernet support for enterprise networks; UniFi Console, an enterprise class router and security gateway device; and UniFi Access, a door access system. Further, offers base stations, radios, backhaul equipment, and customer premise equipment; embedded radio products; antennas; and mounting brackets, cables, and power over Ethernet adapters. It serves customers through a network of approximately 100 distributors, online retailers, and direct to customers worldwide. The company was formerly known as Ubiquiti Networks, Inc. and changed its name to Ubiquiti Inc. in August 2019. Ubiquiti Inc. was incorporated in 2003 and is headquartered in New York, New York.",Robert J. Pera,Communication Equipment,779.92,USD,47201377656,https://images.financialmodelingprep.com/symbol/UI.png,101961,2011-10-14,53.02,1.82997,59090,858181000,711922000,"[{'period': '2025', 'revenue': 2570.0, 'unit': 'M', 'net_profit': 711.92}, {'period': '2024', 'revenue': 1930.0, 'unit': 'M', 'net_profit': 349.96}, {'period': '2023', 'revenue': 1940.0, 'unit': 'M', 'net_profit': 407.64}, {'period': '2022', 'revenue': 1690.0, 'unit': 'M', 'net_profit': 378.66}]","[{'period': ""Q2 '26"", 'revenue': 814.87, 'unit': 'M', 'net_profit': 233.61}, {'period': ""Q1 '26"", 'revenue': 733.77, 'unit': 'M', 'net_profit': 207.88}, {'period': ""Q4 '25"", 'revenue': 759.15, 'unit': 'M', 'net_profit': 266.7}, {'period': ""Q3 '25"", 'revenue': 664.17, 'unit': 'M', 'net_profit': 180.44}, {'period': ""Q2 '25"", 'revenue': 599.88, 'unit': 'M', 'net_profit': 136.79}, {'period': ""Q1 '25"", 'revenue': 550.34, 'unit': 'M', 'net_profit': 127.99}]",11.77,11.76,1466451000,1173222000,149727000,798191000,253391000,0,710855000,149727000,627441000,0.655927278059925,1.034295348039776,1.0328151986183074,"[0.8, 0.18]","['2026-02-17', '2012-12-20']",__nan__,0.5443011733770852
245,UIS,Unisys Corporation New Common Stock,"Unisys Corporation, together with its subsidiaries, operates as an information technology services company worldwide. It operates in Digital Workplace Solutions (DWS); Cloud and Infrastructure Solutions (C&I); and Enterprise Computing Solutions (ECS) segments. The DWS segment provides solutions that transform digital workplaces securely and create exceptional end-user experiences. The C&I segment offers solutions that drive modern IT service platforms, cloud applications development, intelligent services, and cybersecurity services. The ECS segment provides solutions that harness secure, continuous high-intensity computing, and enable digital services through software-defined operating environments. Its solutions include Unisys InteliServe, a service solution that transforms traditional service desk into an intelligent, user-centric experience aligned with the needs of the modern digital workplace; Unisys CloudForte, a comprehensive managed service offering to help accelerate the secure move of data and applications to the cloud; PowerSuite, a packaged software tool used by enterprise IT to monitor, analyze, troubleshoot and secure collaboration, and communications multi-platform environments; Unisys ClearPath Forward, a software operating environment for high-intensity enterprise computing; and Unisys Stealth security software, which enables trusted identities to access micro-segmented critical assets and safely communicate through secure and encrypted channels. In addition, the company provides industry solutions, which help law enforcement agencies solve crime; social services case workers assist families; travel and transportation companies manage freight and distribution; and financial institutions deliver omnichannel banking. It serves customers in the government, financial services, and commercial markets through direct sales force, distributors, resellers, and alliance partners. Unisys Corporation was founded in 1886 and is based in Blue Bell, Pennsylvania.",Michael Thomson,Information Technology Services,2.02,USD,146099257,https://images.financialmodelingprep.com/symbol/UIS.png,861657,1972-06-01,-0.42,-0.08,597990,-191000000,-339800000,"[{'period': '2025', 'revenue': 1950.0, 'unit': 'M', 'net_profit': -339.8}, {'period': '2024', 'revenue': 2009.9999999999998, 'unit': 'M', 'net_profit': -193.4}, {'period': '2023', 'revenue': 2020.0, 'unit': 'M', 'net_profit': -430.7}, {'period': '2022', 'revenue': 1980.0, 'unit': 'M', 'net_profit': -106.0}]","[{'period': ""Q4 '25"", 'revenue': 574.5, 'unit': 'M', 'net_profit': 18.7}, {'period': ""Q3 '25"", 'revenue': 460.2, 'unit': 'M', 'net_profit': -308.9}, {'period': ""Q2 '25"", 'revenue': 483.3, 'unit': 'M', 'net_profit': -20.1}, {'period': ""Q1 '25"", 'revenue': 432.1, 'unit': 'M', 'net_profit': -29.5}, {'period': ""Q4 '24"", 'revenue': 545.4, 'unit': 'M', 'net_profit': 30.0}, {'period': ""Q3 '24"", 'revenue': 497.0, 'unit': 'M', 'net_profit': -61.9}]",-4.77,-4.77,1846200000,1004000000,413900000,2114500000,437700000,7800000,655900000,413900000,-170000000,-4.031746031746032,-0.7569803516028956,-0.7096774193548385,"[0.25, 0.6495]","['1990-06-18', '1984-12-31']",__nan__,1.1453255335283286
246,UL,Unilever PLC Common Stock,"Unilever PLC operates as a fast-moving consumer goods company. It operates through Beauty & Personal Care, Foods & Refreshment, and Home Care segments. The Beauty & Personal Care segment provides skin care and hair care products, deodorants, and skin cleansing products. The Foods & Refreshment segment offers ice cream, soups, bouillons, seasonings, mayonnaise, ketchups, and tea categories. The Home Care segment provides fabric solutions and various cleaning products. The company offers its products under the Domestos, OMO, Seventh Generation, Ben & Jerry's, Knorr, Magnum, Wall's, Bango, the Vegetarian Butcher, Axe, Cif, Comfort, Dove, Lifebuoy, Lux, Rexona, Sunsilk, Equilibra, OLLY, Liquid I.V., SmartyPants, Onnit, Hellmann's, and Vaseline brands. Unilever PLC was incorporated in 1894 and is headquartered in London, the United Kingdom.",Fernando Fernandez,Household & Personal Products,59.37,USD,129735917700,https://images.financialmodelingprep.com/symbol/UL.png,3514805,1980-03-25,19.72,-0.44,4532266,11517000000,9469000000,"[{'period': '2025', 'revenue': 50.5, 'unit': 'B', 'net_profit': 9.47}, {'period': '2024', 'revenue': 60.76, 'unit': 'B', 'net_profit': 5.74}, {'period': '2023', 'revenue': 59.6, 'unit': 'B', 'net_profit': 6.49}, {'period': '2022', 'revenue': 60.07, 'unit': 'B', 'net_profit': 7.64}]","[{'period': ""Q4 '25"", 'revenue': 20.38, 'unit': 'B', 'net_profit': 2.56}, {'period': ""Q2 '25"", 'revenue': 30.13, 'unit': 'B', 'net_profit': 3.51}, {'period': ""Q4 '24"", 'revenue': 29.64, 'unit': 'B', 'net_profit': 2.04}, {'period': ""Q2 '24"", 'revenue': 31.12, 'unit': 'B', 'net_profit': 3.7}, {'period': ""Q4 '23"", 'revenue': 29.18, 'unit': 'B', 'net_profit': 2.94}, {'period': ""Q2 '23"", 'revenue': 30.43, 'unit': 'B', 'net_profit': 3.55}]",2.68,2.59,70441007000,17058737000,5059846000,52861492000,7671733000,3063696000,21652781000,3939323000,6253068000,-0.11455370185284847,0.6485027855153204,0.16521739130434798,"[0.5497, 10.4467]","['2026-02-27', '1984-11-27']",__nan__,0.7504363473963398
247,UMC,United Microelectronics Corporation (NEW) Common Stock,"United Microelectronics Corporation operates as a semiconductor wafer foundry in Taiwan, Singapore, China, Hong Kong, Japan, the United States, Europe, and internationally. The company provides circuit design, mask tooling, wafer fabrication, and assembly and testing services. It serves fabless design companies and integrated device manufacturers. United Microelectronics Corporation was incorporated in 1980 and is headquartered in Hsinchu City, Taiwan.",Jason S. Wang,Semiconductors,8.87,USD,22124954662,https://images.financialmodelingprep.com/symbol/UMC.png,10299149,2000-09-19,17.06,-0.15,8175909,109502403000,41716000000,"[{'period': '2025', 'revenue': 237.55, 'unit': 'B', 'net_profit': 41.72}, {'period': '2024', 'revenue': 232.3, 'unit': 'B', 'net_profit': 47.21}, {'period': '2023', 'revenue': 222.53, 'unit': 'B', 'net_profit': 59.69}, {'period': '2022', 'revenue': 278.71, 'unit': 'B', 'net_profit': 89.48}]","[{'period': ""Q4 '25"", 'revenue': 61.81, 'unit': 'B', 'net_profit': 10.05}, {'period': ""Q3 '25"", 'revenue': 59.13, 'unit': 'B', 'net_profit': 14.98}, {'period': ""Q2 '25"", 'revenue': 58.76, 'unit': 'B', 'net_profit': 8.9}, {'period': ""Q1 '25"", 'revenue': 57.86, 'unit': 'B', 'net_profit': 7.78}, {'period': ""Q4 '24"", 'revenue': 60.39, 'unit': 'B', 'net_profit': 8.5}, {'period': ""Q3 '24"", 'revenue': 60.49, 'unit': 'B', 'net_profit': 14.47}]",16.7,82.75,578996000000,204783000000,128365191000,199141000000,34503234000,75160702000,88896000000,110660000000,52404420000,0.12479738298365588,-0.11639105605418068,-0.12105263157894737,"[0.48326, 0.18329]","['2025-06-24', '2002-08-05']",__nan__,0.34394192705994514
248,UMH,UMH Properties Inc. Common Stock,"UMH Properties, Inc., which was organized in 1968, is a public equity REIT that owns and operates 124 manufactured home communities containing approximately 23,400 developed homesites. These communities are located in New Jersey, New York, Ohio, Pennsylvania, Tennessee, Indiana, Michigan and Maryland. In addition, the Company owns a portfolio of REIT securities.",Samuel A. Landy,REIT - Residential,14.31,USD,1219650931,https://images.financialmodelingprep.com/symbol/UMH.png,500820,1985-02-20,204.43,-0.14,692499,122513000,26499000,"[{'period': '2025', 'revenue': 261.75, 'unit': 'M', 'net_profit': 26.5}, {'period': '2024', 'revenue': 240.55, 'unit': 'M', 'net_profit': 21.64}, {'period': '2023', 'revenue': 220.93, 'unit': 'M', 'net_profit': 8.01}, {'period': '2022', 'revenue': 195.78, 'unit': 'M', 'net_profit': -4.85}]","[{'period': ""Q4 '25"", 'revenue': 66.97, 'unit': 'M', 'net_profit': 4.64}, {'period': ""Q3 '25"", 'revenue': 66.92, 'unit': 'M', 'net_profit': 9.34}, {'period': ""Q2 '25"", 'revenue': 66.64, 'unit': 'M', 'net_profit': 7.66}, {'period': ""Q1 '25"", 'revenue': 61.23, 'unit': 'M', 'net_profit': 4.86}, {'period': ""Q4 '24"", 'revenue': 61.87, 'unit': 'M', 'net_profit': 5.02}, {'period': ""Q3 '24"", 'revenue': 60.67, 'unit': 'M', 'net_profit': 12.96}]",0.07,0.07,1699036000,242815000,95858000,791840000,104587000,31130000,19778000,72100000,81973000,0.12431286536290803,0.22482089207302983,1.0958083832335332,"[0.225, 0.05]","['2026-02-17', '1990-11-08']",__nan__,0.46605251448468427
249,UNF,Unifirst Corporation Common Stock,"UniFirst Corporation provides workplace uniforms and protective work wear clothing in the United States, Europe, and Canada. The company operates through U.S. and Canadian Rental and Cleaning, Manufacturing, Specialty Garments Rental and Cleaning, and First Aid segments. It designs, manufactures, personalizes, rents, cleans, delivers, and sells a range of uniforms and protective clothing, including shirts, pants, jackets, coveralls, lab coats, smocks, and aprons; and specialized protective wear, such as flame resistant and high visibility garments. The company also rents and sells industrial wiping products, floor mats, facility service products, and dry and wet mops; restroom and cleaning supplies comprising air fresheners, paper products, gloves, masks, sanitizers, and hand soaps; and other textile products. In addition, it provides first aid cabinet services and other safety supplies; decontaminates and cleans work clothes, and other items that is exposed to radioactive materials; and services special cleanroom protective wear and facilities. Further, it offers a range of garment service options, including full-service rental programs in which garments are cleaned and serviced; lease programs in which garments are cleaned and maintained by individual employees; and purchase programs to buy garments and related items directly. The company serves automobile service centers and dealers, delivery services, food and general merchandise retailers, food processors and service operations, light manufacturers, maintenance facilities, restaurants, service companies, soft and durable goods wholesalers, transportation companies, healthcare providers, government agencies, research and development laboratories, high technology companies, and utilities operating nuclear reactors, as well as others who require employee clothing for image, identification, protection, or utility purposes. UniFirst Corporation was founded in 1936 and is headquartered in Wilmington, Massachusetts.",Steven S. Sintros,Specialty Business Services,248.62,USD,4577459174,https://images.financialmodelingprep.com/symbol/UNF.png,288347,1984-01-16,32.89,-2.85,360271,337885000,148271000,"[{'period': '2025', 'revenue': 2430.0, 'unit': 'M', 'net_profit': 148.27}, {'period': '2024', 'revenue': 2430.0, 'unit': 'M', 'net_profit': 145.47}, {'period': '2023', 'revenue': 2230.0, 'unit': 'M', 'net_profit': 103.67}, {'period': '2022', 'revenue': 2000.0, 'unit': 'M', 'net_profit': 103.4}]","[{'period': ""Q1 '26"", 'revenue': 621.32, 'unit': 'M', 'net_profit': 34.36}, {'period': ""Q4 '25"", 'revenue': 614.45, 'unit': 'M', 'net_profit': 41.03}, {'period': ""Q3 '25"", 'revenue': 610.78, 'unit': 'M', 'net_profit': 39.68}, {'period': ""Q2 '25"", 'revenue': 602.22, 'unit': 'M', 'net_profit': 24.46}, {'period': ""Q1 '25"", 'revenue': 604.91, 'unit': 'M', 'net_profit': 43.1}, {'period': ""Q4 '24"", 'revenue': 639.87, 'unit': 'M', 'net_profit': 44.63}]",8.33,7.98,2778155000,904808000,209173000,609198000,285297000,0,290403000,203501000,141363000,0.039614165717977906,0.019226803415043237,0.02712700369913695,"[0.365, 0.2]","['2026-03-06', '1985-02-08']",__nan__,0.2192815015720865
250,UNFI,United Natural Foods Inc. Common Stock,"United Natural Foods, Inc., together with its subsidiaries, distributes natural, organic, specialty, produce, and conventional grocery and non-food products in the United States and Canada. It operates in two segments, Wholesale and Retail. The company offers grocery and general merchandise, produce, perishables and frozen foods, nutritional supplements and sports nutrition, bulk and foodservice products, and personal care items. It also provides Woodstock brand imports, roasts, packages, and distributes nuts, dried fruits, seeds, trail mixes, granola, natural and organic snack items, and confections. In addition, the company is involved in importing, roasting, packaging, and distributing nuts, dried fruits, seeds, trail mixes, granola, natural and organic snack items, and confections. Further, it offers Blue Marble Brands products through wholesale segment, third-party distributors, and directly to retailers; and Field Day brand products primarily to customers through its independent channel. Additionally, the company provides general merchandise, home, health and beauty care, and pharmacy products, as well as private label products through a network of 74 Cub Foods and Shoppers retail grocery stores; professional services, such as retail store support, advertising, couponing, e-commerce, consumer convenience services, store design, equipment sourcing, electronic payments processing, network and data hosting solutions, and administrative back-office solutions; and marketing services comprising consumer and trade marketing programs, as well as programs to support suppliers in understanding its markets. The company serves chains, independent retailers, and supernatural chains, as well as foodservice, e-commerce, conventional military business, and other sales customers. United Natural Foods, Inc. was founded in 1976 and is headquartered in Providence, Rhode Island.",James Alexander Miller Douglas Jr.,Food Distribution,45.93,USD,2798598355,https://images.financialmodelingprep.com/symbol/UNFI.png,789293,1996-11-01,-35.06,0.81,947865,498000000,-118000000,"[{'period': '2025', 'revenue': 31780.0, 'unit': 'M', 'net_profit': -118.0}, {'period': '2024', 'revenue': 30980.0, 'unit': 'M', 'net_profit': -112.0}, {'period': '2023', 'revenue': 30270.0, 'unit': 'M', 'net_profit': 24.0}, {'period': '2022', 'revenue': 28930.0, 'unit': 'M', 'net_profit': 248.0}]","[{'period': ""Q2 '26"", 'revenue': 7950.0, 'unit': 'M', 'net_profit': 20.0}, {'period': ""Q1 '26"", 'revenue': 7840.0, 'unit': 'M', 'net_profit': -4.0}, {'period': ""Q4 '25"", 'revenue': 7700.0, 'unit': 'M', 'net_profit': -87.0}, {'period': ""Q3 '25"", 'revenue': 8060.000000000001, 'unit': 'M', 'net_profit': -7.0}, {'period': ""Q2 '25"", 'revenue': 8160.0, 'unit': 'M', 'net_profit': -3.0}, {'period': ""Q1 '25"", 'revenue': 7870.0, 'unit': 'M', 'net_profit': -21.0}]",-1.96,-1.96,7595000000,3423000000,44000000,6041000000,1093000000,7000000,2602000000,44000000,239000000,0.5182926829268293,-0.05357142857142857,-0.03703703703703707,__nan__,__nan__,__nan__,0.7953917050691244
251,UNH,UnitedHealth Group Incorporated Common Stock (DE),"UnitedHealth Group Incorporated operates as a diversified health care company in the United States. It operates through four segments: UnitedHealthcare, Optum Health, Optum Insight, and Optum Rx. The UnitedHealthcare segment offers consumer-oriented health benefit plans and services for national employers, public sector employers, mid-sized employers, small businesses, and individuals; health care coverage and well-being services to individuals age 50 and older addressing their needs for preventive and acute health care services, as well as services dealing with chronic disease and other specialized issues for older individuals; Medicaid plans, children's health insurance and health care programs; health and dental benefits; and hospital and clinical services. The OptumHealth segment provides access to networks of care provider specialists, health management services, care delivery, consumer engagement, and financial services. This segment serves individuals directly through care delivery systems, employers, payers, and government entities. The OptumInsight segment offers software and information products, advisory consulting arrangements, and managed services outsourcing contracts to hospital systems, physicians, health plans, governments, life sciences companies, and other organizations. The OptumRx segment provides pharmacy care services and programs, including retail network contracting, home delivery, specialty and compounding pharmacy, and purchasing and clinical capabilities, as well as develops programs in the areas of step therapy, formulary management, drug adherence, and disease/drug therapy management. UnitedHealth Group Incorporated was incorporated in 1977 and is based in Minnetonka, Minnesota.",Stephen J. Hemsley,Medical - Healthcare Plans,259.02,USD,235106195818,https://images.financialmodelingprep.com/symbol/UNH.png,9503616,1984-10-17,19.56,-9.03,9449019,23060000000,12056000000,"[{'period': '2025', 'revenue': 447.57, 'unit': 'B', 'net_profit': 12.06}, {'period': '2024', 'revenue': 400.28, 'unit': 'B', 'net_profit': 14.4}, {'period': '2023', 'revenue': 371.62, 'unit': 'B', 'net_profit': 22.38}, {'period': '2022', 'revenue': 324.16, 'unit': 'B', 'net_profit': 20.12}]","[{'period': ""Q4 '25"", 'revenue': 113220.0, 'unit': 'M', 'net_profit': 10.0}, {'period': ""Q3 '25"", 'revenue': 113.16, 'unit': 'B', 'net_profit': 2.35}, {'period': ""Q2 '25"", 'revenue': 111.62, 'unit': 'B', 'net_profit': 3.41}, {'period': ""Q1 '25"", 'revenue': 109.58, 'unit': 'B', 'net_profit': 6.29}, {'period': ""Q4 '24"", 'revenue': 100.81, 'unit': 'B', 'net_profit': 5.54}, {'period': ""Q3 '24"", 'revenue': 100.82, 'unit': 'B', 'net_profit': 6.05}]",13.23,13.23,309581000000,90582000000,28121000000,207883000000,52715000000,54251000000,114897000000,24365000000,16075000000,-0.17865792847984044,-0.16306837903505728,-0.1540920716112532,"[2.21, 0.007]","['2026-03-09', '1990-08-27']",__nan__,0.6714979278444091
252,UNM,Unum Group Common Stock,"Unum Group, together with its subsidiaries, provides financial protection benefit solutions primarily in the United States, the United Kingdom, and Poland. It operates through Unum US, Unum International, Colonial Life, and Closed Block segments. The company offers group long-term and short-term disability, group life, and accidental death and dismemberment products; supplemental and voluntary products, such as individual disability, voluntary benefits, and dental and vision products; and accident, sickness, disability, life, and cancer and critical illness products. It also provides group pension, individual life and corporate-owned life insurance, reinsurance pools and management operations, and other products. The company sells its products primarily to employers for the benefit of employees. Unum Group sells its products through field sales personnel, independent brokers, consultants, and independent contractor agency sales force. The company was founded in 1848 and is based in Chattanooga, Tennessee.",Richard Paul McKenney,Insurance - Life,72.9,USD,12198448198,https://images.financialmodelingprep.com/symbol/UNM.png,1660589,1986-11-06,17.07,-1.55,969207,1265300000,738500000,"[{'period': '2025', 'revenue': 13050.0, 'unit': 'M', 'net_profit': 738.5}, {'period': '2024', 'revenue': 12.79, 'unit': 'B', 'net_profit': 1.78}, {'period': '2023', 'revenue': 12.31, 'unit': 'B', 'net_profit': 1.28}, {'period': '2022', 'revenue': 11.88, 'unit': 'B', 'net_profit': 1.41}]","[{'period': ""Q4 '25"", 'revenue': 3240.0, 'unit': 'M', 'net_profit': 174.1}, {'period': ""Q3 '25"", 'revenue': 3360.0, 'unit': 'M', 'net_profit': 39.7}, {'period': ""Q2 '25"", 'revenue': 3350.0, 'unit': 'M', 'net_profit': 335.6}, {'period': ""Q1 '25"", 'revenue': 3080.0, 'unit': 'M', 'net_profit': 189.1}, {'period': ""Q4 '24"", 'revenue': 3200.0, 'unit': 'M', 'net_profit': 348.7}, {'period': ""Q3 '24"", 'revenue': 3200.0, 'unit': 'M', 'net_profit': 645.7}]",4.28,4.28,64094400000,1588000000,158200000,52975300000,1429800000,43520800000,0,158200000,555400000,-0.5073778469924081,-0.5849024787814063,-0.5489989462592202,"[0.46, 0.1]","['2026-01-30', '1987-01-20']",__nan__,0.8265199455802691
253,UNMA,Unum Group 6.250% Junior Subordinated Notes due 2058,"Unum Group engages in the provision of financial protection benefits. Its services include disability, life, accident, critical illness, dental, vision, and other related services. It operates through the following segments: Unum US, Unum International, Colonial Life, Closed Block, and Corporate. The Unum US segment focuses on group disability, group life and accidental death and dismemberment products, and supplemental and voluntary lines of business. The Unum International segment engages in the operations of the UK business, which includes insurance for group long-term disability, group life, and supplemental lines of business that include dental, individual disability, and critical illness products. The Colonial Life segment includes insurance for accident, sickness, disability products, life products, and cancer and critical illness products. The Closed Block segment consists of individual disability, group and individual long-term care, and other insurance products no longer actively marketed. The Corporate segment refers to investment income on corporate assets and other corporate income and expenses not allocated to a line of business. The company was founded in 1848 and is headquartered in Chattanooga, TN.",None,Insurance - Diversified,23.12,USD,5227478448,https://images.financialmodelingprep.com/symbol/UNMA.png,28528,2018-06-19,4.8,-0.06,5300,1265300000,738500000,"[{'period': '2025', 'revenue': 13080.0, 'unit': 'M', 'net_profit': 738.5}, {'period': '2024', 'revenue': 12.89, 'unit': 'B', 'net_profit': 1.78}, {'period': '2023', 'revenue': 12.39, 'unit': 'B', 'net_profit': 1.28}, {'period': '2022', 'revenue': 11.97, 'unit': 'B', 'net_profit': 1.41}]","[{'period': ""Q4 '25"", 'revenue': 3240.0, 'unit': 'M', 'net_profit': 174.1}, {'period': ""Q3 '25"", 'revenue': 3380.0, 'unit': 'M', 'net_profit': 39.7}, {'period': ""Q2 '25"", 'revenue': 3360.0, 'unit': 'M', 'net_profit': 335.6}, {'period': ""Q1 '25"", 'revenue': 3090.0, 'unit': 'M', 'net_profit': 189.1}, {'period': ""Q4 '24"", 'revenue': 3230.0, 'unit': 'M', 'net_profit': 348.7}, {'period': ""Q3 '24"", 'revenue': 3220.0, 'unit': 'M', 'net_profit': 645.7}]",4.28,4.28,64094400000,1588000000,158200000,52975300000,1429800000,43520800000,435200000,158200000,555400000,0.0,-0.5849024787814063,-0.5489989462592202,"[0.39063, 0.46]","['2026-02-27', '2018-08-30']",__nan__,0.8265199455802691
254,UNP,Union Pacific Corporation Common Stock,"Union Pacific Corporation, through its subsidiary, Union Pacific Railroad Company, operates in the railroad business in the United States. The company offers transportation services for grain and grain products, fertilizers, food and refrigerated products, and coal and renewables to grain processors, animal feeders, ethanol producers, and other agricultural users; petroleum, and liquid petroleum gases; and construction products, industrial chemicals, plastics, forest products, specialized products, metals and ores, soda ash, and sand, as well as finished automobiles, automotive parts, and merchandise in intermodal containers. As of December 31, 2021, its rail network included 32,452 route miles connecting Pacific Coast and Gulf Coast ports with the Midwest and Eastern United States gateways. The company was founded in 1862 and is headquartered in Omaha, Nebraska.",Vincenzo James Vena,Railroads,238.79,USD,141695836890,https://images.financialmodelingprep.com/symbol/UNP.png,3346825,1980-01-02,19.92,-0.4,2674967,12947000000,7138000000,"[{'period': '2025', 'revenue': 24.51, 'unit': 'B', 'net_profit': 7.14}, {'period': '2024', 'revenue': 24.25, 'unit': 'B', 'net_profit': 6.75}, {'period': '2023', 'revenue': 24.12, 'unit': 'B', 'net_profit': 6.38}, {'period': '2022', 'revenue': 24.88, 'unit': 'B', 'net_profit': 7.0}]","[{'period': ""Q4 '25"", 'revenue': 6.08, 'unit': 'B', 'net_profit': 1.85}, {'period': ""Q3 '25"", 'revenue': 6.24, 'unit': 'B', 'net_profit': 1.79}, {'period': ""Q2 '25"", 'revenue': 6.15, 'unit': 'B', 'net_profit': 1.88}, {'period': ""Q1 '25"", 'revenue': 6.03, 'unit': 'B', 'net_profit': 1.63}, {'period': ""Q4 '24"", 'revenue': 6.12, 'unit': 'B', 'net_profit': 1.76}, {'period': ""Q3 '24"", 'revenue': 6.09, 'unit': 'B', 'net_profit': 1.67}]",12.01,11.97,69698000000,4555000000,1525000000,51231000000,1860000000,2954000000,5014000000,1275000000,5499000000,0.035925748119699154,0.05795168222913888,0.08198198198198199,"[1.38, 0.7]","['2026-02-27', '1980-03-06']",__nan__,0.7350426124135556
255,UNVR,Univar Solutions Inc. Common Stock,"Univar Solutions Inc. distributes commodity and specialty chemical products, and provides related services worldwide. It offers epoxy resins, polyurethanes, titanium dioxide, fumed silica, esters, plasticizers, silicones, and specialty amines; ingredients for cleaners, detergents, and disinfectant products; and base stocks, performance-enhancing additives for lubricants and metalworking fluids. The company also distributes specialty and basic chemicals, and ingredients used in skin and hair care products; and commodity and specialty products for meat processing, baked goods, dairy, grain mill products, processed foods, carbonated soft drinks, fruit drinks, and alcoholic beverage markets, as well as provides excipients, solvents, reactants, active pharmaceutical ingredients, and intermediates to pharmaceutical ingredient producers. In addition, it offers chemical products for use at various stages of production, from sap stain prevention to pulp and paper manufacturing; and chemistries and products used to sanitize, balance, and supplement municipal and industrial water. Further, the company provides chemicals to midstream pipeline and downstream refinery operators, as well as chemicals and services to upstream oil and gas sector for offshore production, oil extraction, and waste management activities. Additionally, it offers transportation and warehousing services, chemicals and hazardous materials handling, waste management services, inventory management, and blending, mixing, and repackaging services. Univar Solutions Inc. distributes its products through warehouse and direct-to-consumer delivery channels. The company was formerly known as Univar Inc. and changed its name to Univar Solutions Inc. in September 2019. Univar Solutions Inc. was founded in 1924 and is headquartered in Downers Grove, Illinois.",David C. Jukes,Chemicals,36.14,USD,5700903902,https://images.financialmodelingprep.com/symbol/UNVR.png,1981456,2015-06-17,13.286764705882353,0.17,5259018,1044100000,545300000,"[{'period': '2022', 'revenue': 11480.0, 'unit': 'M', 'net_profit': 545.3}, {'period': '2021', 'revenue': 9540.0, 'unit': 'M', 'net_profit': 460.6}, {'period': '2020', 'revenue': 8270.0, 'unit': 'M', 'net_profit': 52.9}, {'period': '2019', 'revenue': 9290.0, 'unit': 'M', 'net_profit': -105.6}]","[{'period': ""Q2 '23"", 'revenue': 2570.0, 'unit': 'M', 'net_profit': 87.8}, {'period': ""Q1 '23"", 'revenue': 2680.0, 'unit': 'M', 'net_profit': 83.1}, {'period': ""Q4 '22"", 'revenue': 2590.0, 'unit': 'M', 'net_profit': 71.6}, {'period': ""Q3 '22"", 'revenue': 2980.0, 'unit': 'M', 'net_profit': 130.0}, {'period': ""Q2 '22"", 'revenue': 3020.0, 'unit': 'M', 'net_profit': 162.9}, {'period': ""Q1 '22"", 'revenue': 2880.0, 'unit': 'M', 'net_profit': 180.8}]",3.29,3.26,7145700000,3230800000,385300000,4651500000,1489900000,0,1627400000,385300000,392600000,0.1998391174442657,0.1838905775075988,0.21402214022140223,__nan__,__nan__,__nan__,0.6509509215332298
256,UPS,United Parcel Service Inc. Common Stock,"United Parcel Service, Inc. provides letter and package delivery, transportation, logistics, and related services. It operates through two segments, U.S. Domestic Package and International Package. The U.S. Domestic Package segment offers time-definite delivery of letters, documents, small packages, and palletized freight through air and ground services in the United States. The International Package segment provides guaranteed day and time-definite international shipping services in Europe, the Asia Pacific, Canada and Latin America, the Indian sub-continent, the Middle East, and Africa. This segment offers guaranteed time-definite express options. The company also provides international air and ocean freight forwarding, customs brokerage, distribution and post-sales, and mail and consulting services in approximately 200 countries and territories. In addition, it offers truckload brokerage services; supply chain solutions to the healthcare and life sciences industry; shipping, visibility, and billing technologies; and financial and insurance services. The company operates a fleet of approximately 121,000 package cars, vans, tractors, and motorcycles; and owns 59,000 containers that are used to transport cargo in its aircraft. United Parcel Service, Inc. was founded in 1907 and is headquartered in Atlanta, Georgia.",Carol Tome,Integrated Freight & Logistics,94.78,USD,80531991775,https://images.financialmodelingprep.com/symbol/UPS.png,7602895,1999-11-10,14.45,-2.72,4818102,12219000000,5572000000,"[{'period': '2025', 'revenue': 88.64, 'unit': 'B', 'net_profit': 5.57}, {'period': '2024', 'revenue': 90.89, 'unit': 'B', 'net_profit': 5.78}, {'period': '2023', 'revenue': 90.75, 'unit': 'B', 'net_profit': 6.71}, {'period': '2022', 'revenue': 100.03, 'unit': 'B', 'net_profit': 11.55}]","[{'period': ""Q4 '25"", 'revenue': 24.5, 'unit': 'B', 'net_profit': 1.79}, {'period': ""Q3 '25"", 'revenue': 21.41, 'unit': 'B', 'net_profit': 1.31}, {'period': ""Q2 '25"", 'revenue': 21.22, 'unit': 'B', 'net_profit': 1.28}, {'period': ""Q1 '25"", 'revenue': 21.55, 'unit': 'B', 'net_profit': 1.19}, {'period': ""Q4 '24"", 'revenue': 25.24, 'unit': 'B', 'net_profit': 1.72}, {'period': ""Q3 '24"", 'revenue': 22.21, 'unit': 'B', 'net_profit': 1.54}]",6.56,6.56,73090000000,19045000000,5887000000,56835000000,11209000000,0,15620000000,5887000000,4765000000,0.025772330423102754,-0.03631961259079903,-0.029585798816568074,"[1.64, 0.3]","['2026-02-17', '1999-11-24']",__nan__,0.7776029552606376
257,URI,United Rentals Inc. Common Stock,"United Rentals, Inc., through its subsidiaries, operates as an equipment rental company. It operates in two segments, General Rentals and Specialty. The General Rentals segment rents general construction and industrial equipment includes backhoes, skid-steer loaders, forklifts, earthmoving equipment, and material handling equipment; aerial work platforms, such as boom and scissor lifts; and general tools and light equipment comprising pressure washers, water pumps, and power tools for construction and industrial companies, manufacturers, utilities, municipalities, homeowners, and government entities. The specialty segment rents specialty construction products, including trench safety equipment consists of trench shields, aluminum hydraulic shoring systems, slide rails, crossing plates, construction lasers, and line testing equipment for underground work; power and heating, ventilating, and air conditioning equipment, such as portable diesel generators, electrical distribution equipment, and temperature control equipment; fluid solutions equipment for fluid containment, transfer, and treatment; and mobile storage equipment and modular office space. This segment serves construction companies involved in infrastructure projects, and municipalities and industrial companies. It also sells aerial lifts, reach forklifts, telehandlers, compressors, and generators; construction consumables, tools, small equipment, and safety supplies; and parts for equipment that is owned by its customers, as well as provides repair and maintenance services. The company sells used equipment through its sales force, brokers, website, directly to manufacturers, and at auctions. The company operates a network of 1,360 rental locations in the United States, Canada, Europe, Australia, and New Zealand. United Rentals, Inc. was incorporated in 1997 and is headquartered in Stamford, Connecticut.",Matthew J. Flannery,Rental & Leasing Services,734.3,USD,46259537139,https://images.financialmodelingprep.com/symbol/URI.png,673318,1997-12-18,19.02,-7.92,590021,7162000000,2494000000,"[{'period': '2025', 'revenue': 16.1, 'unit': 'B', 'net_profit': 2.49}, {'period': '2024', 'revenue': 15.35, 'unit': 'B', 'net_profit': 2.58}, {'period': '2023', 'revenue': 14.33, 'unit': 'B', 'net_profit': 2.42}, {'period': '2022', 'revenue': 11.64, 'unit': 'B', 'net_profit': 2.1}]","[{'period': ""Q4 '25"", 'revenue': 4210.0, 'unit': 'M', 'net_profit': 653.0}, {'period': ""Q3 '25"", 'revenue': 4230.0, 'unit': 'M', 'net_profit': 701.0}, {'period': ""Q2 '25"", 'revenue': 3940.0, 'unit': 'M', 'net_profit': 622.0}, {'period': ""Q1 '25"", 'revenue': 3720.0, 'unit': 'M', 'net_profit': 518.0}, {'period': ""Q4 '24"", 'revenue': 4090.0, 'unit': 'M', 'net_profit': 689.0}, {'period': ""Q3 '24"", 'revenue': 3990.0, 'unit': 'M', 'net_profit': 708.0}]",38.71,38.61,29866000000,3608000000,459000000,20898000000,2510000000,0,3819000000,459000000,662000000,0.025780578630764824,-0.03145631067961165,-0.0028335909325090014,"[1.97, 1.48]","['2026-02-11', '2023-02-07']",__nan__,0.6997254403000067
258,USA,Liberty All-Star Equity Fund Common Stock,"Liberty All Star Equity Fund is a closed-ended equity mutual fund launched and managed by ALPS Advisers, Inc. The fund is co-managed by Aristotle Capital Management, LLC, Pzena Investment Management, LLC, Delaware Investments Fund Advisers, Sustainable Growth Advisers, LP, and TCW Investment Management Company. It invests in the public equity markets of the United States. The fund seeks to invest in stocks of companies operating across diversified sectors. It primarily invests in value and growth stocks of large cap companies. The fund benchmarks the performance of its portfolio against the Lipper Large-Cap Core Mutual Fund Average, the Dow Jones Industrial Average, the NASDAQ Composite Index, and the S&P 500 Index. Liberty All Star Equity Fund was formed on October 31, 1986 and is domiciled in the United States.",Howard Roy Gleicher,Asset Management,5.45,USD,1606518300,https://images.financialmodelingprep.com/symbol/USA.png,1154964,1986-10-24,9.73,-0.1,1663598,167897133,167897133,"[{'period': '2025', 'revenue': 199.72, 'unit': 'M', 'net_profit': 167.9}, {'period': '2024', 'revenue': 218.74, 'unit': 'M', 'net_profit': 255.33}, {'period': '2023', 'revenue': 180.72, 'unit': 'M', 'net_profit': 396.58}, {'period': '2022', 'revenue': -407.93, 'unit': 'M', 'net_profit': -412.16}]","[{'period': ""Q4 '25"", 'revenue': 119.52, 'unit': 'M', 'net_profit': 49.78}, {'period': ""Q2 '25"", 'revenue': 17.48, 'unit': 'M', 'net_profit': 118.12}, {'period': ""Q4 '24"", 'revenue': 101.61, 'unit': 'M', 'net_profit': 81.88}, {'period': ""Q2 '24"", 'revenue': 117.13, 'unit': 'M', 'net_profit': 173.46}, {'period': ""Q4 '23"", 'revenue': 100.75, 'unit': 'M', 'net_profit': 177.34}, {'period': ""Q2 '23"", 'revenue': 79.97, 'unit': 'M', 'net_profit': 219.23}]",0.56,0.56,2201094521,178570184,172092073,139353735,6478111,2022516830,107849978,41112,0,-0.34243694085819937,-0.3424384808971357,-0.3846153846153846,"[0.18, 0.05]","['2026-01-22', '1987-03-16']",__nan__,0.06331110893715228
259,USAC,USA Compression Partners LP Common Units Representing Limited Partner Interests,"USA Compression Partners, LP, a growth-oriented Delaware limited partnership that provides natural gas compression services in terms of total compression fleet horsepower. The company offers compression services to oil companies and independent producers, processors, gatherers, and transporters of natural gas and crude oil, as well as operates stations. It primarily focuses on providing natural gas compression services to infrastructure applications, including centralized natural gas gathering systems and processing facilities. The company was founded in 1998 and is headquartered in Austin, Texas.",Micah C. Green,Oil & Gas Equipment & Services,28.17,USD,3401869202,https://images.financialmodelingprep.com/symbol/USAC.png,242586,2013-01-15,33.14,-0.29,216909,602952000,111319000,"[{'period': '2025', 'revenue': 998.1, 'unit': 'M', 'net_profit': 111.32}, {'period': '2024', 'revenue': 950.45, 'unit': 'M', 'net_profit': 99.58}, {'period': '2023', 'revenue': 846.18, 'unit': 'M', 'net_profit': 68.27}, {'period': '2022', 'revenue': 704.6, 'unit': 'M', 'net_profit': 30.32}]","[{'period': ""Q4 '25"", 'revenue': 252.48, 'unit': 'M', 'net_profit': 27.76}, {'period': ""Q3 '25"", 'revenue': 250.26, 'unit': 'M', 'net_profit': 34.49}, {'period': ""Q2 '25"", 'revenue': 250.12, 'unit': 'M', 'net_profit': 28.56}, {'period': ""Q1 '25"", 'revenue': 245.23, 'unit': 'M', 'net_profit': 20.51}, {'period': ""Q4 '24"", 'revenue': 245.89, 'unit': 'M', 'net_profit': 25.44}, {'period': ""Q3 '24"", 'revenue': 239.97, 'unit': 'M', 'net_profit': 19.33}]",0.85,0.85,2619931000,236575000,8564000,2732433000,82476000,0,186917000,8564000,276985000,0.06249482366996953,0.11794125031383379,0.18055555555555558,"[0.525, 0.348]","['2026-01-26', '2013-05-01']",__nan__,1.0429408255408252
260,USB,U.S. Bancorp Common Stock,"U.S. Bancorp, a financial services holding company, provides various financial services to individuals, businesses, institutional organizations, governmental entities and other financial institutions in the United States. It operates in Corporate and Commercial Banking, Consumer and Business Banking, Wealth Management and Investment Services, Payment Services, and Treasury and Corporate Support segments. The company offers depository services, including checking accounts, savings accounts, and time certificate contracts; lending services, such as traditional credit products; and credit card services, lease financing and import/export trade, asset-backed lending, agricultural finance, and other products. It also provides ancillary services comprising capital markets, treasury management, and receivable lock-box collection services to corporate and governmental entity customers; and a range of asset management and fiduciary services for individuals, estates, foundations, business corporations, and charitable organizations. In addition, the company offers investment and insurance products to its customers principally within its markets, as well as fund administration services to a range of mutual and other funds. Further, it provides corporate and purchasing card, and corporate trust services; and merchant processing services, as well as investment management, ATM processing, mortgage banking, insurance, and brokerage and leasing services. As of December 31, 2021, the company provided its products and services through a network of 2,230 banking offices principally operating in the Midwest and West regions of the United States, as well as through on-line services, over mobile devices, and other distribution channels; and operated a network of 4,059 ATMs. The company was founded in 1863 and is headquartered in Minneapolis, Minnesota.",Gunjan Kedia,Banks - Regional,50.85,USD,79005645000,https://images.financialmodelingprep.com/symbol/USB.png,10865142,1973-05-03,11.01,-0.74,8143895,10291000000,7576000000,"[{'period': '2025', 'revenue': 42.86, 'unit': 'B', 'net_profit': 7.58}, {'period': '2024', 'revenue': 42.71, 'unit': 'B', 'net_profit': 6.3}, {'period': '2023', 'revenue': 40.62, 'unit': 'B', 'net_profit': 5.43}, {'period': '2022', 'revenue': 27.4, 'unit': 'B', 'net_profit': 5.83}]","[{'period': ""Q4 '25"", 'revenue': 10.98, 'unit': 'B', 'net_profit': 2.05}, {'period': ""Q3 '25"", 'revenue': 11.01, 'unit': 'B', 'net_profit': 2.0}, {'period': ""Q2 '25"", 'revenue': 10.53, 'unit': 'B', 'net_profit': 1.81}, {'period': ""Q1 '25"", 'revenue': 10.35, 'unit': 'B', 'net_profit': 1.71}, {'period': ""Q4 '24"", 'revenue': 10.66, 'unit': 'B', 'net_profit': 1.66}, {'period': ""Q3 '24"", 'revenue': 10.78, 'unit': 'B', 'net_profit': 1.71}]",4.62,4.61,692345000000,137731000000,137731000000,626694000000,0,454181000000,539378000000,46890000000,7970000000,0.1630877034358047,0.20273059215748532,0.21899736147757257,"[0.52, 2.4592]","['2026-03-31', '1984-12-24']",__nan__,0.9051758877438272
261,USDP,USD Partners LP Common Units representing limited partner interest,"USD Partners LP acquires, develops, and operates midstream infrastructure assets and logistics solutions for crude oil, biofuels, and other energy-related products in the United States and Canada. The company operates through two segments, Terminalling Services and Fleet Services. The Terminalling Services segment owns and operates Hardisty terminal, an origination terminal for loading various grades of Canadian crude oil onto railcars for transportation to end markets; Stroud terminal, a crude oil destination terminal, which is used to facilitate rail-to-pipeline shipments of crude oil located in Stroud, Oklahoma; Casper terminal, a crude oil storage, blending, and railcar loading terminal located in Casper, Wyoming; and West Colton Terminal, an unit train-capable destination terminals that trans load approximately 13,000 barrels per day ethanol and renewable diesel received by rail from producers onto trucks. The Fleet Services segment provides leased railcars and fleet services related to the transportation of liquid hydrocarbons. As of December 31, 2021, it operated a fleet of 200 railcars. USD Partners GP LLC serves as the general partner of the company. The company was incorporated in 2014 and is headquartered in Houston, Texas.",Daniel K. Borgen,Railroads,0.002,USD,67549,https://images.financialmodelingprep.com/symbol/USDP.png,41988,2014-10-09,0.2,0.0,350,-14948000,-52340000,"[{'period': '2024', 'revenue': 35.83, 'unit': 'M', 'net_profit': -52.34}, {'period': '2023', 'revenue': 62.86, 'unit': 'M', 'net_profit': 17.77}, {'period': '2022', 'revenue': 111.66, 'unit': 'M', 'net_profit': -61.29}, {'period': '2021', 'revenue': 122.1, 'unit': 'M', 'net_profit': 22.83}]","[{'period': ""Q4 '24"", 'revenue': 8.1, 'unit': 'M', 'net_profit': -1.64}, {'period': ""Q3 '24"", 'revenue': 9.09, 'unit': 'M', 'net_profit': -13.16}, {'period': ""Q2 '24"", 'revenue': 8.88, 'unit': 'M', 'net_profit': -28.64}, {'period': ""Q1 '24"", 'revenue': 9.76, 'unit': 'M', 'net_profit': -8.9}, {'period': ""Q4 '23"", 'revenue': 11.18, 'unit': 'M', 'net_profit': 13.97}, {'period': ""Q3 '23"", 'revenue': 11.08, 'unit': 'M', 'net_profit': -2.81}]",-1.55,-1.55,52003000,51970000,8230000,198852000,1634000,0,198819000,8230000,1984000,-1.3169030507324726,-3.944916446294942,-3.9245283018867925,"[0.123, 0.24375]","['2023-02-07', '2015-02-05']",__nan__,3.8238563159817702
262,USFD,US Foods Holding Corp. Common Stock,"US Foods Holding Corp., through its subsidiary, US Foods, Inc., markets and distributes fresh, frozen, and dry food and non-food products to foodservice customers in the United States. The company's customers include independently owned single and multi-unit restaurants, regional concepts, national restaurant chains, hospitals, nursing homes, hotels and motels, country clubs, government and military organizations, colleges and universities, and retail locations. As of July 06, 2022, it operated 70 broadline facilities; and 80 cash and carry locations. The company was formerly known as USF Holding Corp. and changed its name to US Foods Holding Corp. in February 2016. US Foods Holding Corp. was incorporated in 2007 and is headquartered in Rosemont, Illinois.",David E. Flitman,Food Distribution,90.86,USD,20256456694,https://images.financialmodelingprep.com/symbol/USFD.png,2891296,2016-05-26,30.9,-1.24,1275894,1665000000,676000000,"[{'period': '2025', 'revenue': 39420.0, 'unit': 'M', 'net_profit': 676.0}, {'period': '2024', 'revenue': 37880.0, 'unit': 'M', 'net_profit': 494.0}, {'period': '2023', 'revenue': 35600.0, 'unit': 'M', 'net_profit': 506.0}, {'period': '2022', 'revenue': 34060.0, 'unit': 'M', 'net_profit': 265.0}]","[{'period': ""Q4 '25"", 'revenue': 9800.0, 'unit': 'M', 'net_profit': 184.0}, {'period': ""Q3 '25"", 'revenue': 10190.0, 'unit': 'M', 'net_profit': 153.0}, {'period': ""Q2 '25"", 'revenue': 10080.0, 'unit': 'M', 'net_profit': 224.0}, {'period': ""Q1 '25"", 'revenue': 9350.0, 'unit': 'M', 'net_profit': 115.0}, {'period': ""Q4 '24"", 'revenue': 9490.0, 'unit': 'M', 'net_profit': 66.0}, {'period': ""Q3 '24"", 'revenue': 9730.0, 'unit': 'M', 'net_profit': 148.0}]",2.98,2.94,13943000000,4164000000,41000000,9636000000,2199000000,74000000,3591000000,41000000,959000000,0.19183965640658554,0.3684210526315789,0.453658536585366,__nan__,__nan__,__nan__,0.6910994764397905
263,USM,United States Cellular Corporation Common Stock,"United States Cellular Corporation provides wireless telecommunications services in the United States. The company offers wireless services, including voice, messaging, and data services. It also provides devices, such as smartphones and other handsets, tablets, wearables, mobile hotspots, routers, and internet of things devices. In addition, the company offers various accessories, such as cases, screen protectors, chargers, and memory cards; and consumer electronics, including audio, home automation, and networking products; as well as offers option to purchase devices and accessories under installment contracts. Further, the company offers roaming, wireless eligible telecommunications carrier, and wireless tower rental services. It serves consumer, business, and government customers with 5.0 million connections, including 4.4 million postpaid, 0.5 million prepaid, and 0.1 million reseller and other connections in 21 states. The company provides its products and services through retail sales, direct sales, third-party national retailers, and independent agents, as well as e-commerce and telesales. The company was incorporated in 1983 and is headquartered in Chicago, Illinois. United States Cellular Corporation is a subsidiary of Telephone and Data Systems, Inc.",Laurent C. Therivel,Telecommunications Services,77.01,USD,6623314898,https://images.financialmodelingprep.com/symbol/USM.png,319428,1988-05-04,-265.55172413793105,2.76,1000436,217603000,172267000,"[{'period': '2025', 'revenue': 162.96, 'unit': 'M', 'net_profit': 172.27}, {'period': '2024', 'revenue': 3770.0, 'unit': 'M', 'net_profit': -39.0}, {'period': '2023', 'revenue': 3910.0, 'unit': 'M', 'net_profit': 54.0}, {'period': '2022', 'revenue': 4170.0, 'unit': 'M', 'net_profit': 30.0}]","[{'period': ""Q4 '25"", 'revenue': 60.33, 'unit': 'M', 'net_profit': 41.76}, {'period': ""Q3 '25"", 'revenue': 47.12, 'unit': 'M', 'net_profit': 109.92}, {'period': ""Q2 '25"", 'revenue': 916.0, 'unit': 'M', 'net_profit': 31.0}, {'period': ""Q1 '25"", 'revenue': 891.0, 'unit': 'M', 'net_profit': 18.0}, {'period': ""Q4 '24"", 'revenue': 971.0, 'unit': 'M', 'net_profit': 5.0}, {'period': ""Q3 '24"", 'revenue': 922.0, 'unit': 'M', 'net_profit': -79.0}]",2.0,1.96,5662101000,1163032000,0,2982235000,942177000,0,671575000,0,47929000,-0.7365581113801453,5.4171025641025645,5.444444444444445,"[10.25, 5.75]","['2026-01-23', '2013-06-07']",__nan__,0.5267011309052947
264,USNA,USANA Health Sciences Inc. Common Stock,"USANA Health Sciences, Inc. develops, manufactures, and sells science-based nutritional and personal care products. The company offers USANA nutritional products that comprise essentials/CellSentials, such as vitamin and mineral supplements that provide a foundation of total body nutrition for various age groups; optimizers comprising targeted supplements that are designed to meet cardiovascular, skeletal/structural, and digestive health needs; and foods that include meal replacement shakes, snack bars, and other related products. It also provides Celavive, a skin care regimen for various skin care types and ethnicities; and other products for prenatal, infant, and young child age groups. In addition, the company offers materials and online tools to assist associates in building their businesses, as well as in marketing products. It offers its products directly in the Asia Pacific, the Americas, and Europe, as well as online. The company has a research collaboration agreement with Beijing University of Chinese Medicine for research in the field of traditional Chinese medicine; and National Sports Training Bureau. USANA Health Sciences, Inc. was founded in 1992 and is headquartered in Salt Lake City, Utah.",Kevin G. Guest,Packaged Foods,16.92,USD,312290748,https://images.financialmodelingprep.com/symbol/USNA.png,130203,1994-04-04,29.17,-0.36,121123,90564000,10760000,"[{'period': '2025', 'revenue': 925.26, 'unit': 'M', 'net_profit': 10.76}, {'period': '2024', 'revenue': 854.5, 'unit': 'M', 'net_profit': 42.03}, {'period': '2023', 'revenue': 921.01, 'unit': 'M', 'net_profit': 63.79}, {'period': '2022', 'revenue': 998.6, 'unit': 'M', 'net_profit': 69.35}]","[{'period': ""Q4 '25"", 'revenue': 226.2, 'unit': 'M', 'net_profit': -1.77}, {'period': ""Q3 '25"", 'revenue': 213.67, 'unit': 'M', 'net_profit': -6.52}, {'period': ""Q2 '25"", 'revenue': 235.85, 'unit': 'M', 'net_profit': 9.65}, {'period': ""Q1 '25"", 'revenue': 249.54, 'unit': 'M', 'net_profit': 9.4}, {'period': ""Q4 '24"", 'revenue': 213.61, 'unit': 'M', 'net_profit': 4.48}, {'period': ""Q3 '24"", 'revenue': 200.22, 'unit': 'M', 'net_profit': 10.61}]",0.58,0.58,742915000,288405000,158380000,156643000,0,0,128565000,158380000,8526000,-0.08392591618535115,-0.7439923863906733,-0.7363636363636363,__nan__,__nan__,__nan__,0.21084915501773419
265,USPH,U.S. Physical Therapy Inc. Common Stock,"U.S. Physical Therapy, Inc., through its subsidiaries, operates outpatient physical therapy clinics that provide pre-and post-operative care and treatment for orthopedic-related disorders, sports-related injuries, preventative care, rehabilitation of injured workers, and neurological-related injuries. It operates through two segments, Physical Therapy Operations and Industrial Injury Prevention Services. The company offers industrial injury prevention services, including onsite injury prevention and rehabilitation, performance optimization, post-offer employment testing, functional capacity evaluations, and ergonomic assessments through physical therapists and specialized certified athletic trainers for Fortune 500 companies, and other clients comprising insurers and their contractors. As of December 31, 2021, it operated 591 clinics in 39 states; and managed 35 physical therapy practice facilities. The company was founded in 1990 and is based in Houston, Texas.",Christopher J. Reading,Medical - Care Facilities,74.75,USD,1136507895,https://images.financialmodelingprep.com/symbol/USPH.png,205311,1992-05-29,52.64,0.33,213847,109663000,15062000,"[{'period': '2025', 'revenue': 780.99, 'unit': 'M', 'net_profit': 15.06}, {'period': '2024', 'revenue': 671.35, 'unit': 'M', 'net_profit': 26.46}, {'period': '2023', 'revenue': 604.8, 'unit': 'M', 'net_profit': 14.67}, {'period': '2022', 'revenue': 553.14, 'unit': 'M', 'net_profit': 28.27}]","[{'period': ""Q4 '25"", 'revenue': 202.73, 'unit': 'M', 'net_profit': -10.55}, {'period': ""Q3 '25"", 'revenue': 164.02, 'unit': 'M', 'net_profit': 7.24}, {'period': ""Q2 '25"", 'revenue': 164.18, 'unit': 'M', 'net_profit': 8.81}, {'period': ""Q1 '25"", 'revenue': 152.55, 'unit': 'M', 'net_profit': 9.9}, {'period': ""Q4 '24"", 'revenue': 180.45, 'unit': 'M', 'net_profit': 7.44}, {'period': ""Q3 '24"", 'revenue': 168.03, 'unit': 'M', 'net_profit': 5.53}]",1.42,1.42,1204010000,139990000,35570000,433811000,64249000,12275000,139040000,35570000,60987000,0.2618721592543582,-0.43076341647770217,-0.22826086956521746,"[0.46, 0.08]","['2026-03-13', '2011-03-11']",__nan__,0.3603051469672179
266,USX,U.S. Xpress Enterprises Inc. Class A Common Stock,"U.S. Xpress Enterprises, Inc. operates as an asset-based truckload carrier providing services primarily in the United States. It operates through two segments, Truckload and Brokerage. The Truckload segment offers over-the-road trucking and contract services. The Brokerage segment provides non-asset-based freight brokerage services. The company offers customers a portfolio of services using its asset-based truckload fleet and third-party carriers through its non-asset-based truck brokerage network. As of December 31, 2021, its fleet consisted of approximately 6,400 tractors and 13,600 trailers, including 1,200 tractors provided by independent contractors. The company was founded in 1985 and is headquartered in Chattanooga, Tennessee.",William Eric Fuller,Trucking,6.15,USD,332449910,https://images.financialmodelingprep.com/symbol/USX.png,543617,2018-06-14,-5.125,0.01,4749011,45068000,-38863000,"[{'period': '2022', 'revenue': 2160.0, 'unit': 'M', 'net_profit': -38.86}, {'period': '2021', 'revenue': 1950.0, 'unit': 'M', 'net_profit': 10.87}, {'period': '2020', 'revenue': 1740.0, 'unit': 'M', 'net_profit': 18.55}, {'period': '2019', 'revenue': 1710.0, 'unit': 'M', 'net_profit': -3.04}]","[{'period': ""Q1 '23"", 'revenue': 492.73, 'unit': 'M', 'net_profit': -27.08}, {'period': ""Q4 '22"", 'revenue': 542.45, 'unit': 'M', 'net_profit': -10.53}, {'period': ""Q3 '22"", 'revenue': 547.83, 'unit': 'M', 'net_profit': -19.41}, {'period': ""Q2 '22"", 'revenue': 553700.0, 'unit': 'K', 'net_profit': 46.0}, {'period': ""Q1 '22"", 'revenue': 517.19, 'unit': 'M', 'net_profit': -8.97}, {'period': ""Q4 '21"", 'revenue': 531.61, 'unit': 'M', 'net_profit': -5.29}]",-0.76,-0.76,1381465000,337403000,2275000,1135869000,240470000,0,462078000,2275000,-155670000,-0.5868391378883582,-4.575252989880405,-4.454545454545454,__nan__,__nan__,__nan__,0.8222206136239427
267,UTF,Cohen & Steers Infrastructure Fund Inc Common Stock,"Cohen & Steers Infrastructure Fund, Inc. is a closed-end equity fund launched by Cohen & Steers, Inc. The fund is managed by Cohen & Steers Capital Management, Inc. It invests in public equity markets of the United States. The fund invests primarily in value stocks of infrastructure companies across all market capitalizations. It employs fundamental analysis to make its investments. The fund benchmarks the performance of its portfolio against a composite index of 80% FTSE Global Core Infrastructure 50/50 Net Tax Index (FTSE 50/50) and 20% BofA Merrill Lynch Fixed-Rate Preferred Securities Index. It was formerly known as Cohen & Steers Select Utility Fund, Inc. Cohen & Steers Infrastructure Fund, Inc. was formed on January 8, 2004 and is domiciled in the United States.",Martin Cohen,Asset Management,25.4,USD,2457876720,https://images.financialmodelingprep.com/symbol/UTF.png,369937,2004-03-26,6.41,-0.01,294786,434920479,383378931,"[{'period': '2025', 'revenue': 248.52, 'unit': 'M', 'net_profit': 383.38}, {'period': '2024', 'revenue': 138.64, 'unit': 'M', 'net_profit': 274.27}, {'period': '2023', 'revenue': 131.79, 'unit': 'M', 'net_profit': 36.16}, {'period': '2022', 'revenue': 174.94, 'unit': 'M', 'net_profit': -196.21}]","[{'period': ""Q4 '25"", 'revenue': 144.46, 'unit': 'M', 'net_profit': 135.08}, {'period': ""Q2 '25"", 'revenue': 104.06, 'unit': 'M', 'net_profit': 248.29}, {'period': ""Q4 '24"", 'revenue': -17.86, 'unit': 'M', 'net_profit': 207.3}, {'period': ""Q2 '24"", 'revenue': 156.5, 'unit': 'M', 'net_profit': 66.96}, {'period': ""Q4 '23"", 'revenue': 145.74, 'unit': 'M', 'net_profit': 44.9}, {'period': ""Q2 '23"", 'revenue': 66.44, 'unit': 'M', 'net_profit': -8.74}]",3.96,3.96,4084533181,44440112,26671957,1221974514,17768155,4040089571,0,10024175,60218390,0.5857541093271028,0.397829590964563,0.3943661971830986,"[0.165, 0.085]","['2026-06-09', '2004-05-12']",__nan__,0.2991711561272784
268,UTI,Universal Technical Institute Inc Common Stock,"Universal Technical Institute, Inc. provides transportation and technical training programs in the United States. The company provides postsecondary education for students seeking careers as professional automotive, diesel, collision repair, motorcycle, and marine technicians. It also offers certificate, diploma, or degree programs under various brands, such as Universal Technical Institute, Motorcycle Mechanics Institute and Marine Mechanics Institute, and NASCAR Technical Institute. In addition, the company provides manufacturer specific advanced training programs, including student paid electives at its campuses; and manufacturer or dealer sponsored training at various campuses and dedicated training centers, as well as offers programs for welding and computer numeric control machining. As of September 30, 2021, it operated 12 campuses. Universal Technical Institute, Inc. was founded in 1965 and is headquartered in Phoenix, Arizona.",Jerome A. Grant,Education & Training Services,37.21,USD,2047312805,https://images.financialmodelingprep.com/symbol/UTI.png,738706,2003-12-18,38.76,-0.75,553098,146692000,63018000,"[{'period': '2025', 'revenue': 835.62, 'unit': 'M', 'net_profit': 63.02}, {'period': '2024', 'revenue': 732.69, 'unit': 'M', 'net_profit': 42.0}, {'period': '2023', 'revenue': 607.41, 'unit': 'M', 'net_profit': 12.32}, {'period': '2022', 'revenue': 418.76, 'unit': 'M', 'net_profit': 25.85}]","[{'period': ""Q1 '26"", 'revenue': 220.84, 'unit': 'M', 'net_profit': 12.83}, {'period': ""Q4 '25"", 'revenue': 222.44, 'unit': 'M', 'net_profit': 18.76}, {'period': ""Q3 '25"", 'revenue': 204.3, 'unit': 'M', 'net_profit': 10.66}, {'period': ""Q2 '25"", 'revenue': 207.45, 'unit': 'M', 'net_profit': 11.45}, {'period': ""Q1 '25"", 'revenue': 201.43, 'unit': 'M', 'net_profit': 22.15}, {'period': ""Q4 '24"", 'revenue': 196.36, 'unit': 'M', 'net_profit': 18.84}]",1.16,1.13,826139000,246632000,169145000,498029000,52675000,41109000,229671000,127361000,55352000,0.25500059887411664,0.5003928477893383,0.5064935064935063,"[0.02, 1.5]","['2016-03-17', '2010-07-01']",__nan__,0.6028392316547215
269,UTL,UNITIL Corporation Common Stock,"Unitil Corporation, a public utility holding company, engages in the distribution of electricity and natural gas. It operates through three segments: Utility Electric Operations, Utility Gas Operations, and Non-Regulated. The company distributes electricity in the southeastern seacoast and state capital regions of New Hampshire, and the greater Fitchburg area of north central Massachusetts; and distributes natural gas in southeastern New Hampshire and portions of southern and central Maine, including the city of Portland and the Lewiston-Auburn area, as well as the greater Fitchburg area of north central Massachusetts. It also operates 86 miles of interstate underground natural gas transmission pipeline that provides interstate natural gas pipeline access and transportation services primarily in Maine and New Hampshire. In addition, the company provides energy brokering and advisory services to commercial and industrial customers; and real estate management services. It serves approximately 107,700 electric customers and 86,600 natural gas customers. Unitil Corporation was incorporated in 1984 and is headquartered in Hampton, New Hampshire.",Thomas Meissner Jr.,Diversified Utilities,52.27,USD,940023366,https://images.financialmodelingprep.com/symbol/UTL.png,118462,1985-03-07,17.6,-0.33,72233,198000000,50200000,"[{'period': '2025', 'revenue': 536.0, 'unit': 'M', 'net_profit': 50.2}, {'period': '2024', 'revenue': 494.8, 'unit': 'M', 'net_profit': 47.1}, {'period': '2023', 'revenue': 557.1, 'unit': 'M', 'net_profit': 45.2}, {'period': '2022', 'revenue': 563.2, 'unit': 'M', 'net_profit': 41.4}]","[{'period': ""Q4 '25"", 'revenue': 161.5, 'unit': 'M', 'net_profit': 19.0}, {'period': ""Q3 '25"", 'revenue': 101100.0, 'unit': 'K', 'net_profit': -300.0}, {'period': ""Q2 '25"", 'revenue': 102.6, 'unit': 'M', 'net_profit': 4.0}, {'period': ""Q1 '25"", 'revenue': 170.8, 'unit': 'M', 'net_profit': 27.5}, {'period': ""Q4 '24"", 'revenue': 127.5, 'unit': 'M', 'net_profit': 15.6}, {'period': ""Q3 '24"", 'revenue': 92900000.0, 'unit': '', 'net_profit': 0.0}]",2.97,2.97,2148100000,240100000,15600000,1538500000,117300000,6700000,425800000,15600000,-53799999,0.1320754716981132,0.06581740976645435,0.013651877133105813,"[0.475, 0.9856]","['2026-02-12', '1985-03-28']",__nan__,0.7162143289418555
270,UTZ,Utz Brands Inc Class A Common Stock ,"Utz Brands, Inc. operates as a snack food manufacturing company. It offers a range of salty snacks, including potato chips, kettle chips, tortilla chips, pretzels, cheese snacks, veggie snacks, pork skins, pub/party mixes, salsa and queso, ready-to-eat popcorn, and other snacks under the Utz, Zapp's, ON THE BORDER, Golden Flake, Good Health, Boulder Canyon, Hawaiian, TGIF, TORTIYAHS!, and other brand names. The company distributes its products to grocery, mass, club, convenience, drug, and other retailers though direct shipments, distributors, and direct store delivery routes. Utz Brands, Inc. was founded in 1921 and is headquartered in Hanover, Pennsylvania.",Howard A. Friedman,Packaged Foods,7.41,USD,655287789,https://images.financialmodelingprep.com/symbol/UTZ.png,1708181,2018-11-26,741.0,-0.05,1285778,180900000,800000,"[{'period': '2025', 'revenue': 1440000.0, 'unit': 'K', 'net_profit': 800.0}, {'period': '2024', 'revenue': 1410.0, 'unit': 'M', 'net_profit': 15.97}, {'period': '2023', 'revenue': 1440.0, 'unit': 'M', 'net_profit': -24.94}, {'period': '2022', 'revenue': 1410000.0, 'unit': 'K', 'net_profit': -392.0}]","[{'period': ""Q4 '25"", 'revenue': 342.2, 'unit': 'M', 'net_profit': -2.5}, {'period': ""Q3 '25"", 'revenue': 377.8, 'unit': 'M', 'net_profit': -14.7}, {'period': ""Q2 '25"", 'revenue': 366.7, 'unit': 'M', 'net_profit': 10.5}, {'period': ""Q1 '25"", 'revenue': 352.08, 'unit': 'M', 'net_profit': 7.5}, {'period': ""Q4 '24"", 'revenue': 341.05, 'unit': 'M', 'net_profit': 2.31}, {'period': ""Q3 '24"", 'revenue': 365.52, 'unit': 'M', 'net_profit': -2.2}]",0.0092,0.0091,2793600000,384400000,120400000,1448700000,104800000,10800000,323200000,120400000,9400000,-0.006671608598962194,-0.94991861775385,-0.9515789473684211,"[0.063, 0.05]","['2026-04-13', '2020-09-18']",__nan__,0.5185781786941581
271,UVE,UNIVERSAL INSURANCE HOLDINGS INC Common Stock,"Universal Insurance Holdings, Inc., together with its subsidiaries, operates as an integrated insurance holding company in the United States. The company develops, markets, and underwrites insurance products for personal residential insurance, such as homeowners, renters/tenants, condo unit owners, and dwelling/fire; and offers allied lines, coverage for other structures, and personal property, liability, and personal articles coverages. It also advises on actuarial issues, oversees distribution, administers claims payments, performs policy administration and underwriting, and assists with reinsurance negotiations; places and manages reinsurance programs for the insurance entities; and operates Clovered.com, an online platform in which consumers receive side-by-side quotes from various carriers across multiple states, as well as educational materials about homeowners' insurance policies. It offers its products through a network of independent agents, as well as Universal Direct, a direct-to-consumer online platform, which enables homeowners to directly purchase, pay for, and bind homeowners' policies. The company was formerly known as Universal Heights, Inc. and changed its name to Universal Insurance Holdings, Inc. in January 2001. Universal Insurance Holdings, Inc. was incorporated in 1990 and is headquartered in Fort Lauderdale, Florida.",Stephen Joseph Donaghy,Insurance - Property & Casualty,33.67,USD,944405823,https://images.financialmodelingprep.com/symbol/UVE.png,196066,2003-06-06,5.33,-0.46,125956,256559000,182951000,"[{'period': '2025', 'revenue': 1600.0, 'unit': 'M', 'net_profit': 182.95}, {'period': '2024', 'revenue': 1520.0, 'unit': 'M', 'net_profit': 58.93}, {'period': '2023', 'revenue': 1390.0, 'unit': 'M', 'net_profit': 66.82}, {'period': '2022', 'revenue': 1220.0, 'unit': 'M', 'net_profit': -22.26}]","[{'period': ""Q4 '25"", 'revenue': 405.98, 'unit': 'M', 'net_profit': 66.59}, {'period': ""Q3 '25"", 'revenue': 400.98, 'unit': 'M', 'net_profit': 39.83}, {'period': ""Q2 '25"", 'revenue': 400.14, 'unit': 'M', 'net_profit': 35.09}, {'period': ""Q1 '25"", 'revenue': 394.87, 'unit': 'M', 'net_profit': 41.44}, {'period': ""Q4 '24"", 'revenue': 384.81, 'unit': 'M', 'net_profit': 6.02}, {'period': ""Q3 '24"", 'revenue': 387.55, 'unit': 'M', 'net_profit': -16.16}]",6.56,6.32,2352244000,553559000,477838000,1801209000,75721000,1532604000,28554000,477838000,377055000,1.6587526944122035,2.10465313603041,2.169082125603865,"[0.16, 0.04]","['2026-03-06', '2006-04-19']",__nan__,0.7657407139735504
272,UVV,Universal Corporation Common Stock,"Universal Corporation processes and supplies leaf tobacco and plant-based ingredients worldwide. The company operates through two segments, Tobacco Operations and Ingredients Operations. It is involved in the procuring, financing, processing, packing, storing, and shipping leaf tobacco for sale to manufacturers of consumer tobacco products. The company contracts, purchases, processes, and sells flue-cured, burley, and oriental tobaccos that are primarily used in the manufacture of cigarettes; and dark air-cured tobaccos principally used in the manufacture of cigars, natural wrapped cigars and cigarillos, smokeless, and pipe tobacco products. It also provides value-added services, including blending, chemical, and physical testing of tobacco; service cutting for various manufacturers; manufacturing reconstituted leaf tobacco; just-in-time inventory management services; electronic nicotine delivery systems; and smoke testing services for customers. In addition, the company offers testing services for crop protection agents and tobacco constituents in seed, leaf, and finished products, including e-cigarette liquids and vapors; and analytical services that include chemical compound testing in finished tobacco products and mainstream smoke. Further, it provides a various value-added manufacturing processes to produce specialty vegetable and fruit-based ingredients, as well as botanical extracts and flavorings for human and pet food markets; and recycles waste materials from tobacco production. The company was founded in 1886 and is headquartered in Richmond, Virginia.",Preston Douglas Wigner,Tobacco,52.75,USD,1314714414,https://images.financialmodelingprep.com/symbol/UVV.png,207505,1988-01-05,15.56,0.08,101228,301054000,95047000,"[{'period': '2025', 'revenue': 2950.0, 'unit': 'M', 'net_profit': 95.05}, {'period': '2024', 'revenue': 2750.0, 'unit': 'M', 'net_profit': 119.6}, {'period': '2023', 'revenue': 2570.0, 'unit': 'M', 'net_profit': 124.05}, {'period': '2022', 'revenue': 2100.0, 'unit': 'M', 'net_profit': 86.58}]","[{'period': ""Q3 '26"", 'revenue': 861.29, 'unit': 'M', 'net_profit': 33.25}, {'period': ""Q2 '26"", 'revenue': 754.18, 'unit': 'M', 'net_profit': 34.17}, {'period': ""Q1 '26"", 'revenue': 593.76, 'unit': 'M', 'net_profit': 8.5}, {'period': ""Q4 '25"", 'revenue': 702.28, 'unit': 'M', 'net_profit': 9.34}, {'period': ""Q3 '25"", 'revenue': 937.19, 'unit': 'M', 'net_profit': 59.64}, {'period': ""Q2 '25"", 'revenue': 710.76, 'unit': 'M', 'net_profit': 25.94}]",3.81,3.78,2989552000,2156097000,260115000,1489014000,633019000,81100000,750161000,260115000,264373000,0.042867683482345445,-0.2052793524975334,-0.20790020790020783,"[0.82, 0.5]","['2026-04-15', '1985-06-25']",__nan__,0.498072620914438
273,UWMC,UWM Holdings Corporation Class A Common Stock,"UWM Holdings Corporation engages in the residential mortgage lending business in the United States. The company originates mortgage loans through wholesale channel. It originates primarily conforming and government loans. UWM Holdings Corporation was founded in 1986 and is headquartered in Pontiac, Michigan.",Mathew R. Ishbia,Financial - Mortgages,3.42,USD,5184192975,https://images.financialmodelingprep.com/symbol/UWMC.png,18851377,2020-05-01,28.5,-0.11,20210733,831734000,27380000,"[{'period': '2025', 'revenue': 3160.0, 'unit': 'M', 'net_profit': 27.38}, {'period': '2024', 'revenue': 1910.0, 'unit': 'M', 'net_profit': 14.4}, {'period': '2023', 'revenue': 1110.0, 'unit': 'M', 'net_profit': -13.23}, {'period': '2022', 'revenue': 2150.0, 'unit': 'M', 'net_profit': 41.72}]","[{'period': ""Q4 '25"", 'revenue': 945.25, 'unit': 'M', 'net_profit': 19.41}, {'period': ""Q3 '25"", 'revenue': 470.68, 'unit': 'M', 'net_profit': -1.26}, {'period': ""Q2 '25"", 'revenue': 784.57, 'unit': 'M', 'net_profit': 22.91}, {'period': ""Q1 '25"", 'revenue': 161.6, 'unit': 'M', 'net_profit': -13.68}, {'period': ""Q4 '24"", 'revenue': 478.64, 'unit': 'M', 'net_profit': 8.92}, {'period': ""Q3 '24"", 'revenue': 459.36, 'unit': 'M', 'net_profit': -6.29}]",0.13,0.12,16928676000,2163417000,503364000,15335047000,1660053000,10070808000,3210568000,503364000,-2647557000,1.1618416880234135,0.9008608719800055,0.0,"[0.1, 0.1]","['2026-03-19', '2021-03-09']",__nan__,0.9058621595687696
274,UZA,United States Cellular Corporation 6.95% Senior Notes due 2060,,None,Telecommunications Services,25.35,USD,0,https://images.financialmodelingprep.com/symbol/UZA.png,34957,2016-10-21,72.42857142857143,-0.0100002,53625,217603000,172267000,"[{'period': '2025', 'revenue': 162.96, 'unit': 'M', 'net_profit': 172.27}, {'period': '2024', 'revenue': 3770.0, 'unit': 'M', 'net_profit': -39.0}, {'period': '2020', 'revenue': 4040.0, 'unit': 'M', 'net_profit': 233.0}, {'period': '2019', 'revenue': 5.31, 'unit': 'B', 'net_profit': 1.42}]","[{'period': ""Q4 '25"", 'revenue': -1690.0, 'unit': 'M', 'net_profit': 13.35}, {'period': ""Q3 '25"", 'revenue': 47.12, 'unit': 'M', 'net_profit': 109.92}, {'period': ""Q2 '25"", 'revenue': 916.0, 'unit': 'M', 'net_profit': 31.0}, {'period': ""Q1 '25"", 'revenue': 891.0, 'unit': 'M', 'net_profit': 18.0}, {'period': ""Q4 '24"", 'revenue': -5.57, 'unit': 'B', 'net_profit': -1.69}, {'period': ""Q3 '24"", 'revenue': 922.0, 'unit': 'M', 'net_profit': -79.0}]",2.0,1.96,5662101000,1163032000,0,2982235000,942177000,0,671575000,0,47929000,-0.574994140625,5.4171025641025645,5.444444444444445,"[0.434, 0.145]","['2021-06-11', '2011-06-10']",__nan__,0.5267011309052947
275,UZC,United States Cellular Corporation 7.25% Senior Notes due 2064,,None,Telecommunications Services,25.06,USD,0,https://images.financialmodelingprep.com/symbol/UZC.png,25675,2022-01-31,71.6,-0.0100002,25715,217603000,172267000,"[{'period': '2025', 'revenue': 162.96, 'unit': 'M', 'net_profit': 172.27}, {'period': '2024', 'revenue': 3770.0, 'unit': 'M', 'net_profit': -39.0}, {'period': '2019', 'revenue': 4019.9999999999995, 'unit': 'M', 'net_profit': 127.0}, {'period': '2018', 'revenue': 3970.0, 'unit': 'M', 'net_profit': 150.0}]","[{'period': ""Q4 '25"", 'revenue': -1690.0, 'unit': 'M', 'net_profit': 13.35}, {'period': ""Q3 '25"", 'revenue': 47.12, 'unit': 'M', 'net_profit': 109.92}, {'period': ""Q2 '25"", 'revenue': 916.0, 'unit': 'M', 'net_profit': 31.0}, {'period': ""Q1 '25"", 'revenue': 891.0, 'unit': 'M', 'net_profit': 18.0}, {'period': ""Q4 '24"", 'revenue': 781.0, 'unit': 'M', 'net_profit': -196.0}, {'period': ""Q3 '24"", 'revenue': 922.0, 'unit': 'M', 'net_profit': -79.0}]",2.0,1.96,5662101000,1163032000,0,2982235000,942177000,0,671575000,0,47929000,-0.574994140625,5.4171025641025645,5.444444444444445,"[0.443, 0.493]","['2021-02-25', '2016-02-25']",__nan__,0.5267011309052947
276,UZD,United States Cellular Corporation 6.250% Senior Notes due 2069,"Array Digital Infrastructure, Inc. provides wireless telecommunications services in the United States. The company offers wireless services, including voice, messaging, and data services. It also provides wireless devices, such as handsets, tablets, mobile hotspots, home phones, and routers, as well as wireless essentials, including cases, screen protectors, chargers, and memory cards; and consumer electronics comprising Bluetooth audio, wi-fi enabled cameras, and networking products. In addition, it sells wireless devices to agents and other third-party distributors for resale; and offers option for customers to purchase devices and accessories under installment contracts. Further, the company offers wireless roaming, wireless eligible telecommunications carrier, and tower rental services. It serves consumer, business, and government customers. The company provides its products and services through retail sales, direct sales, telesales, ecommerce, resellers, and independent agents, as well as third-party national retailers. The company was formerly known as United States Cellular Corporation and changed its name to Array Digital Infrastructure, Inc. in August 2025. Array Digital Infrastructure, Inc. was incorporated in 1983 and is headquartered in Chicago, Illinois. As of Novemeber 7, 2024, Array Digital Infrastructure, Inc. operates as a subsidiary of Telephone and Data Systems, Inc.",Douglas W. Chambers,Telecommunications Services,19.6599,USD,6201594684,https://images.financialmodelingprep.com/symbol/UZD.png,9018,2020-08-20,,-0.0501,10343,-968000,290921000,"[{'period': '2025', 'revenue': 162.96, 'unit': 'M', 'net_profit': 290.92}, {'period': '2024', 'revenue': 3770.0, 'unit': 'M', 'net_profit': -39.0}, {'period': '2023', 'revenue': 3910.0, 'unit': 'M', 'net_profit': 54.0}, {'period': '2022', 'revenue': 4170.0, 'unit': 'M', 'net_profit': 30.0}]","[{'period': ""Q4 '25"", 'revenue': 60.33, 'unit': 'M', 'net_profit': 40.38}, {'period': ""Q3 '25"", 'revenue': 47.12, 'unit': 'M', 'net_profit': 200.8}, {'period': ""Q2 '25"", 'revenue': 916.0, 'unit': 'M', 'net_profit': 31.0}, {'period': ""Q1 '25"", 'revenue': 891.0, 'unit': 'M', 'net_profit': 18.0}, {'period': ""Q4 '24"", 'revenue': 971.0, 'unit': 'M', 'net_profit': 5.0}, {'period': ""Q3 '24"", 'revenue': 922.0, 'unit': 'M', 'net_profit': -79.0}]",3.39,3.33,4942650000,144787000,113400000,2368093000,21656000,412608000,199988000,113400000,173636000,-1.0011719128329297,8.45951282051282,8.533333333333333,"[0.39063, 0.4731]","['2026-02-27', '2020-11-27']",__nan__,0.479114038016044
277,UZE,United States Cellular Corporation 5.500% Senior Notes due 2070,"United States Cellular Corp. engages in the provision of wireless telecommunication services. Its products include smartphones, tablets, vehicle routers, and accessories. It offers Internet plans, prepaid and postpaid plans, and roaming services. The company was founded by Leroy T. Carlson in 1983 and is headquartered in Chicago, IL.",Douglas W. Chambers,Telecommunications Services,17.73,USD,6494180551,https://images.financialmodelingprep.com/symbol/UZE.png,8850,2020-12-15,,0.16,70,-968000,290921000,"[{'period': '2025', 'revenue': 162.96, 'unit': 'M', 'net_profit': 290.92}, {'period': '2024', 'revenue': 3770.0, 'unit': 'M', 'net_profit': -39.0}, {'period': '2023', 'revenue': 3910.0, 'unit': 'M', 'net_profit': 54.0}, {'period': '2022', 'revenue': 4170.0, 'unit': 'M', 'net_profit': 30.0}]","[{'period': ""Q4 '25"", 'revenue': 60.33, 'unit': 'M', 'net_profit': 40.38}, {'period': ""Q3 '25"", 'revenue': 47.12, 'unit': 'M', 'net_profit': 200.8}, {'period': ""Q2 '25"", 'revenue': 916.0, 'unit': 'M', 'net_profit': 31.0}, {'period': ""Q1 '25"", 'revenue': 891.0, 'unit': 'M', 'net_profit': 18.0}, {'period': ""Q4 '24"", 'revenue': 971.0, 'unit': 'M', 'net_profit': 5.0}, {'period': ""Q3 '24"", 'revenue': 922.0, 'unit': 'M', 'net_profit': -79.0}]",3.39,3.33,4942650000,144787000,113400000,2368093000,21656000,412608000,199988000,113400000,173636000,-1.0011719128329297,8.45951282051282,8.533333333333333,"[0.34375, 0.33993]","['2026-02-27', '2021-02-25']",__nan__,0.479114038016044
278,V,Visa Inc.,"Visa Inc. operates as a payments technology company worldwide. The company facilitates digital payments among consumers, merchants, financial institutions, businesses, strategic partners, and government entities. It operates VisaNet, a transaction processing network that enables authorization, clearing, and settlement of payment transactions. In addition, the company offers card products, platforms, and value-added services. It provides its services under the Visa, Visa Electron, Interlink, VPAY, and PLUS brands. Visa Inc. has a strategic agreement with Ooredoo to provide an enhanced payment experience for Visa cardholders and Ooredoo customers in Qatar. Visa Inc. was founded in 1958 and is headquartered in San Francisco, California.",Ryan McInerney,Financial - Credit Services,295.52,USD,569774243679,https://images.financialmodelingprep.com/symbol/V.png,7744538,2008-03-19,27.77,-10.01,9970427,26003000000,20058000000,"[{'period': '2025', 'revenue': 40.0, 'unit': 'B', 'net_profit': 20.06}, {'period': '2024', 'revenue': 35.93, 'unit': 'B', 'net_profit': 19.74}, {'period': '2023', 'revenue': 32.65, 'unit': 'B', 'net_profit': 17.27}, {'period': '2022', 'revenue': 29.31, 'unit': 'B', 'net_profit': 14.96}]","[{'period': ""Q1 '26"", 'revenue': 10.9, 'unit': 'B', 'net_profit': 5.85}, {'period': ""Q4 '25"", 'revenue': 10.72, 'unit': 'B', 'net_profit': 5.09}, {'period': ""Q3 '25"", 'revenue': 10.17, 'unit': 'B', 'net_profit': 5.27}, {'period': ""Q2 '25"", 'revenue': 9.59, 'unit': 'B', 'net_profit': 4.58}, {'period': ""Q1 '25"", 'revenue': 9.51, 'unit': 'B', 'net_profit': 5.12}, {'period': ""Q4 '24"", 'revenue': 9.62, 'unit': 'B', 'net_profit': 5.32}]",10.22,10.2,99627000000,37766000000,21987000000,61718000000,7317000000,999000000,35048000000,20154000000,21577000000,0.01609940994881013,0.015955022033125665,0.04928131416837787,"[0.67, 0.105]","['2026-02-10', '2008-08-13']",__nan__,0.6194907003121644
279,VAC,Marriott Vacations Worldwide Corporation Common Stock,"Marriott Vacations Worldwide Corporation, a vacation company, develops, markets, sells, and manages vacation ownership and related products. It operates through two segments, Vacation Ownership and Exchange & Third-Party Management. The company manages vacation ownership and related products under the Marriott Vacation Club, Grand Residences by Marriott, Sheraton Vacation Club, Westin Vacation Club, Hyatt Residence Club, and Marriott Vacation Club Pulse brands. It also develops, markets, and sells vacation ownership and related products under The Ritz-Carlton Destination Club brand; and holds right to develop, market, and sell ownership residential products under The Ritz-Carlton Residences brand. In addition, the company offers exchange networks and membership programs, as well as provision of management services to other resorts and lodging properties through various brands, including Interval International, Trading Places International, Vacation Resorts International, and Aqua-Aston. As of December 31, 2021, the company operated approximately 120 properties in the United States and thirteen other countries and territories. The company sells its upscale tier vacation ownership products primarily through a network of resort-based sales centers and off-site sales locations. Marriott Vacations Worldwide Corporation was founded in 1984 and is headquartered in Orlando, Florida.",Michael A. Flaskey,"Gambling, Resorts & Casinos",66.08,USD,2266993146,https://images.financialmodelingprep.com/symbol/VAC.png,625771,2011-11-08,-7.48,-4.14,706808,19000000,-308000000,"[{'period': '2025', 'revenue': 5030.0, 'unit': 'M', 'net_profit': -308.0}, {'period': '2024', 'revenue': 4970.0, 'unit': 'M', 'net_profit': 218.0}, {'period': '2023', 'revenue': 4730.0, 'unit': 'M', 'net_profit': 254.0}, {'period': '2022', 'revenue': 4660.0, 'unit': 'M', 'net_profit': 391.0}]","[{'period': ""Q4 '25"", 'revenue': 1320.0, 'unit': 'M', 'net_profit': -431.0}, {'period': ""Q3 '25"", 'revenue': 812.0, 'unit': 'M', 'net_profit': -2.0}, {'period': ""Q2 '25"", 'revenue': 1250.0, 'unit': 'M', 'net_profit': 69.0}, {'period': ""Q1 '25"", 'revenue': 1200.0, 'unit': 'M', 'net_profit': 56.0}, {'period': ""Q4 '24"", 'revenue': 1330.0, 'unit': 'M', 'net_profit': 50.0}, {'period': ""Q3 '24"", 'revenue': 1300.0, 'unit': 'M', 'net_profit': 84.0}]",-8.83,-8.83,9757000000,3726000000,733000000,7764000000,2993000000,0,210000000,733000000,-29000000,-0.9690553745928339,-2.4128440366972477,-2.4334415584415585,"[0.8, 0.25]","['2026-03-04', '2014-10-24']",__nan__,0.7957363943835195
280,VAL,Valaris Limited Common Shares,"Valaris Limited provides offshore contract drilling services to the international oil and gas industry. The company owns an offshore drilling rig fleet of 56 rigs, which include 11 drillships, 4 dynamically positioned semisubmersible rigs, 1 moored semisubmersible rig, and 40 jackup rigs. It serves international, government-owned, and independent oil and gas companies in the Gulf of Mexico, the North Sea, the Middle East, West Africa, Australia, and Southeast Asia. The company was incorporated in 2009 and is based in Hamilton, Bermuda.",Anton Dibowitz,Oil & Gas Equipment & Services,102.24,USD,7078169874,https://images.financialmodelingprep.com/symbol/VAL.png,1606177,2021-05-03,7.38,0.3,787826,797400000,982800000,"[{'period': '2025', 'revenue': 2370.0, 'unit': 'M', 'net_profit': 982.8}, {'period': '2024', 'revenue': 2360.0, 'unit': 'M', 'net_profit': 373.4}, {'period': '2023', 'revenue': 1780.0, 'unit': 'M', 'net_profit': 865.4}, {'period': '2022', 'revenue': 1600.0, 'unit': 'M', 'net_profit': 176.5}]","[{'period': ""Q4 '25"", 'revenue': 537.4, 'unit': 'M', 'net_profit': 717.5}, {'period': ""Q3 '25"", 'revenue': 595.7, 'unit': 'M', 'net_profit': 188.1}, {'period': ""Q2 '25"", 'revenue': 615.2, 'unit': 'M', 'net_profit': 115.1}, {'period': ""Q1 '25"", 'revenue': 620.7, 'unit': 'M', 'net_profit': -37.9}, {'period': ""Q4 '24"", 'revenue': 584.4, 'unit': 'M', 'net_profit': 133.7}, {'period': ""Q3 '24"", 'revenue': 643.1, 'unit': 'M', 'net_profit': 64.6}]",13.92,13.86,5304800000,1187600000,606400000,2133100000,479100000,490700000,691600000,606400000,202700000,0.6346863468634686,1.6320299946438137,1.6872586872586874,"[0.01, 0.0063]","['2019-03-08', '1997-08-28']",__nan__,0.40210752526014176
281,VALE,VALE S.A.  American Depositary Shares Each Representing one common share,"Vale S.A., together with its subsidiaries, produces and sells iron ore, iron ore pellets, nickel, and copper in Brazil and internationally. The company operates through Iron Solutions and Energy Transition Materials segments. The Iron Solutions segment produces and extracts iron ore and pellets, and other ferrous products; and provides related logistic services. The Energy Transition Materials segment produces and extracts nickel; and its by-products, such as gold, silver, cobalt, precious metals, and others, as well as copper used in the construction sector to produce pipes and electrical wires. The company was formerly known as Companhia Vale do Rio Doce and changed its name to Vale S.A. in May 2009. Vale S.A. was founded in 1942 and is headquartered in Rio De Janeiro, Brazil.",Gustavo Duarte Pimenta,Industrial Materials,15.03,USD,64159765519,https://images.financialmodelingprep.com/symbol/VALE.png,37966301,2002-03-21,27.33,0.07,20220086,14117711000,2472640000,"[{'period': '2025', 'revenue': 38.23, 'unit': 'B', 'net_profit': 2.47}, {'period': '2024', 'revenue': 38.06, 'unit': 'B', 'net_profit': 6.17}, {'period': '2023', 'revenue': 41.78, 'unit': 'B', 'net_profit': 7.98}, {'period': '2022', 'revenue': 43.84, 'unit': 'B', 'net_profit': 18.79}]","[{'period': ""Q4 '25"", 'revenue': 11.06, 'unit': 'B', 'net_profit': -3.9}, {'period': ""Q3 '25"", 'revenue': 10.41, 'unit': 'B', 'net_profit': 2.68}, {'period': ""Q2 '25"", 'revenue': 8.8, 'unit': 'B', 'net_profit': 2.12}, {'period': ""Q1 '25"", 'revenue': 8.12, 'unit': 'B', 'net_profit': 1.39}, {'period': ""Q4 '24"", 'revenue': 9600.0, 'unit': 'M', 'net_profit': -756.23}, {'period': ""Q3 '24"", 'revenue': 9.55, 'unit': 'B', 'net_profit': 2.41}]",0.58,0.58,86882431000,18366714000,7596879000,52405310000,3817510000,5907021000,15935034000,7402345000,3059744000,0.2751974528046247,-0.5989879987025625,-0.5766423357664234,"[0.61821, 0.70433]","['2025-12-12', '2002-11-14']",__nan__,0.6031749963349897
282,VAPO,Vapotherm Inc. Common Stock,"Vapotherm, Inc., a medical technology company, focuses on the development and commercialization of proprietary high velocity therapy products used to treat patients of various ages suffering from respiratory distress in the United States and internationally. The company offers precision flow systems, such as Precision Flow Hi-VNI, Precision Flow Plus, Precision Flow Classic, and Precision Flow Heliox that deliver heated, humidified, and oxygenated air at a high velocity to patients through a small-bore nasal interface. It also provides companion products, including Vapotherm Transfer Unit, which allows patients to be transferred between care areas within the hospital or ambulate while on therapy; Q50 compressor, which provides compressed air necessary to run the precision flow systems; aerosol aeroneb adaptor to facilitate delivery of ultrasonic aerosolized medication; aerosol disposable patient circuit that is designed to streamline the provision of continuous and intermittent delivery of aerosol medication; and tracheostomy adaptors. In addition, Vapotherm, Inc. offers ProSoft cannula to provide gentle contact with the skin; and disposable products comprising single-use disposables and nasal interfaces, as well as Oxygen Assist Modules, which helps clinicians maintain oxygen levels within a target range. The company sells its products to hospitals. Vapotherm, Inc. was founded in 1993 and is headquartered in Exeter, New Hampshire.",Joseph F. Army,Medical - Devices,2.17,USD,13551520,https://images.financialmodelingprep.com/symbol/VAPO.png,20282,2018-11-14,-0.25833333333333336,-0.01,28038,-34357000,-58193000,"[{'period': '2023', 'revenue': 68.67, 'unit': 'M', 'net_profit': -58.19}, {'period': '2022', 'revenue': 66.8, 'unit': 'M', 'net_profit': -113.26}, {'period': '2021', 'revenue': 113.29, 'unit': 'M', 'net_profit': -59.8}, {'period': '2020', 'revenue': 125.73, 'unit': 'M', 'net_profit': -56.21}]","[{'period': ""Q2 '24"", 'revenue': 16.88, 'unit': 'M', 'net_profit': -14.27}, {'period': ""Q1 '24"", 'revenue': 19.13, 'unit': 'M', 'net_profit': -14.84}, {'period': ""Q4 '23"", 'revenue': 19.73, 'unit': 'M', 'net_profit': -10.19}, {'period': ""Q3 '23"", 'revenue': 15.17, 'unit': 'M', 'net_profit': -15.13}, {'period': ""Q2 '23"", 'revenue': 16.04, 'unit': 'M', 'net_profit': -14.79}, {'period': ""Q1 '23"", 'revenue': 17.73, 'unit': 'M', 'net_profit': -18.09}]",-9.64,-9.64,77617000,46423000,9725000,132951000,10672000,0,19095000,9725000,-27266000,0.6577681266248967,0.4861953575433299,0.7155503098259073,__nan__,__nan__,__nan__,1.7129108313900305
283,VBF,Invesco Bond Fund Common Stock,"Invesco Bond Fund is a close ended fixed income mutual fund launched by Invesco Ltd. The fund is co-managed by Invesco Advisers, Inc, INVESCO Asset Management (Japan) Limited, INVESCO Asset Management Deutschland GmbH, INVESCO Asset Management Limited, Invesco Hong Kong Limited, INVESCO Senior Secured Management, Inc., and Invesco Canada Ltd. It invests in fixed income markets. The fund primarily invests in fixed-rate investment-grade corporate bonds. It benchmarks the performance of its portfolio against the Barclays Baa U.S. Corporate Bond Index. It was formerly known as Invesco Van Kampen Bond Fund. Invesco Bond Fund was formed in 1970 and is domiciled in the United States.",Colin D. Meadows,Asset Management - Bonds,14.81,USD,169205568,https://images.financialmodelingprep.com/symbol/VBF.png,59193,1982-12-21,24.28,-0.03,56040,13248760,13248760,"[{'period': '2024', 'revenue': 13.62, 'unit': 'M', 'net_profit': 13.25}, {'period': '2023', 'revenue': -5.75, 'unit': 'M', 'net_profit': 8.39}, {'period': '2022', 'revenue': -7.15, 'unit': 'M', 'net_profit': -22.1}, {'period': '2021', 'revenue': 10.77, 'unit': 'M', 'net_profit': -7.98}]","[{'period': ""Q2 '25"", 'revenue': 4.54, 'unit': 'M', 'net_profit': 4.39}, {'period': ""Q4 '24"", 'revenue': 4.54, 'unit': 'M', 'net_profit': 2.57}, {'period': ""Q2 '24"", 'revenue': 6.08, 'unit': 'M', 'net_profit': 10.68}, {'period': ""Q4 '23"", 'revenue': 5.3, 'unit': 'M', 'net_profit': 11.42}, {'period': ""Q2 '23"", 'revenue': -7.21, 'unit': 'M', 'net_profit': 11.42}, {'period': ""Q4 '22"", 'revenue': 4890.0, 'unit': 'K', 'net_profit': -110.66}]",1.16,1.16,197606870,11751647,107790,9666846,11643857,539,9305090,107790,0,0.42146649633221955,0.5798800085094935,0.5890410958904109,"[0.0665, 0.55]","['2026-03-16', '1987-03-02']",__nan__,0.04891958462780165
284,VCIF,Vertical Capital Income Fund Common Shares of Beneficial Interest,"Vertical Capital Income Fund is a close ended fixed income mutual fund launched and managed by Vertical Capital Asset Management, LLC. The fund is co - managed by Behringer Advisors, LLC. The Fund invests mainly in fixed-income securities. The fund invests in stocks of companies operating across diversified sectors. It seeks to benchmark the performance of its portfolio against the Barclays Capital U.S. Mortgage Backed Securities Index. Vertical Capital Income Fund was formed on December 30, 2011 and is domiciled in the United States.",Christopher Richard Chase,Asset Management - Income,7.85,USD,0,https://images.financialmodelingprep.com/symbol/VCIF.png,52879,2011-12-30,261.6666666666667,0.03,43452,0,-3128732,"[{'period': '2022', 'revenue': -1.41, 'unit': 'M', 'net_profit': -3.13}, {'period': '2021', 'revenue': 9.34, 'unit': 'M', 'net_profit': 7.78}, {'period': '2020', 'revenue': 0.01019, 'unit': 'M', 'net_profit': -1.47}, {'period': '2019', 'revenue': 13.05, 'unit': 'M', 'net_profit': 10.72}]",[],-0.3,-0.3,115872822,4644184,1968276,8043357,2675908,110560846,243093,1968276,2258082,0.0,-1.4019585498858,-1.4000000000000001,"[0.0551, 0.0184]","['2023-08-18', '2019-06-07']",__nan__,0.06941538888213147
285,VCRA,Vocera Communications Inc. Common Stock,"Vocera Communications, Inc. provides secure, integrated, and intelligent communication and workflow solutions that empowers mobile workers in healthcare, hospitality, retail, energy, education, and other mission-critical mobile work environments in the United States and internationally. The company's communication solution integrates with other clinical systems, including electronic health records, nurse call systems, and patient monitoring, as well as to provide critical data, alerts, alarms, and clinical context that enable workflow. It also offers Vocera Communication and Workflow System, a software platform, which connects communication devices, such as hands-free, wearable, and voice-controlled Smartbadge and badges, as well as third-party mobile devices; and Vocera Care Experience, a hosted software suite that coordinates and streamlines provider-to-patient and provider-to-provider communication and clinical rounding to enhance quality of care, patient and staff experience, reduce care provider's risk, and improve reimbursements, as well as Vocera Ease, a cloud-based communication platform and mobile application to enhance the patient experience by enabling friends and family members to receive timely updates about the progress of their loved one in the hospital. In addition, the company provides professional, software maintenance, and technical support services; and classroom training, distance learning, or customized courseware for systems administrators, IT and industry-specific professionals, and end-user educators. As of December 31, 2020, the company provided its solutions to approximately 1,900 healthcare facilities, including large hospital systems, small and medium-sized local hospitals, clinics, surgery centers, and aged-care facilities. It sells its products through direct sales force, resellers, and distributors. The company was incorporated in 2000 and is headquartered in San Jose, California.",Brent Lang,Communication Equipment,79.13,USD,0,https://images.financialmodelingprep.com/symbol/VCRA.png,2071951,2012-03-28,-316.52,0.0,0,3368000,-8495000,"[{'period': '2021', 'revenue': 234.19, 'unit': 'M', 'net_profit': -8.49}, {'period': '2020', 'revenue': 198.42, 'unit': 'M', 'net_profit': -9.66}, {'period': '2019', 'revenue': 180.5, 'unit': 'M', 'net_profit': -17.98}, {'period': '2018', 'revenue': 179.63, 'unit': 'M', 'net_profit': -9.67}]","[{'period': ""Q4 '21"", 'revenue': 65770.0, 'unit': 'K', 'net_profit': -657.0}, {'period': ""Q3 '21"", 'revenue': 63.57, 'unit': 'M', 'net_profit': 2.08}, {'period': ""Q2 '21"", 'revenue': 56.18, 'unit': 'M', 'net_profit': -2.28}, {'period': ""Q1 '21"", 'revenue': 48.67, 'unit': 'M', 'net_profit': -7.63}, {'period': ""Q4 '20"", 'revenue': 56590.0, 'unit': 'K', 'net_profit': 121.0}, {'period': ""Q3 '20"", 'revenue': 53.81, 'unit': 'M', 'net_profit': 4.16}]",-0.25,-0.25,556060000,399742000,332393000,393963000,55401000,0,148910000,96304000,50129000,-0.1801363193768257,0.12023612261806131,0.16666666666666663,__nan__,__nan__,__nan__,0.7084900909973744
286,VCV,Invesco California Value Municipal Income Trust Common Stock,"Invesco California Value Municipal Income Trust is a closed-ended fixed income mutual fund launched by Invesco Ltd. The fund is co-managed by Invesco Advisers, Inc., Invesco Asset Management (Japan) Limited, Invesco Asset Management Deutschland GmbH, Invesco Asset Management Limited, Invesco Canada Ltd., Invesco Hong Kong Limited, and Invesco Senior Secured Management, Inc. It invests in the fixed income markets of the United States. The fund primarily invests in investment grade California municipal securities which include municipal bonds, municipal notes, municipal commercial paper, and lease obligations. It employs fundamental analysis with bottom-up security selection approach to create its portfolio. The fund was formerly known as Invesco Van Kampen California Value Municipal Income Trust. Invesco California Value Municipal Income Trust was formed on April 30, 1993 and is domiciled in the United States.",Colin D. Meadows,Asset Management - Income,10.35,USD,497461127,https://images.financialmodelingprep.com/symbol/VCV.png,99572,1993-06-10,-13.1,-0.08,109063,17501428,17501428,"[{'period': '2024', 'revenue': 31.8, 'unit': 'M', 'net_profit': 17.5}, {'period': '2023', 'revenue': 38.82, 'unit': 'M', 'net_profit': 44.03}, {'period': '2022', 'revenue': -72.26, 'unit': 'M', 'net_profit': -72.61}, {'period': '2021', 'revenue': 16.95, 'unit': 'K', 'net_profit': -204.85}]","[{'period': ""Q2 '25"", 'revenue': 14.8, 'unit': 'M', 'net_profit': -41.88}, {'period': ""Q4 '24"", 'revenue': 12.48, 'unit': 'M', 'net_profit': 3.75}, {'period': ""Q2 '24"", 'revenue': 19.32, 'unit': 'M', 'net_profit': 13.75}, {'period': ""Q4 '23"", 'revenue': 18.97, 'unit': 'M', 'net_profit': 36.93}, {'period': ""Q2 '23"", 'revenue': 19.85, 'unit': 'M', 'net_profit': 7.1}, {'period': ""Q4 '22"", 'revenue': 19700.0, 'unit': 'K', 'net_profit': -776.1}]",0.3654,0.3654,854967031,16836697,8272817,326153866,8563880,0,2675600,8272817,47494392,-0.6025352909075966,-0.6025352909075966,-0.6028260869565217,"[0.0646, 0.069]","['2026-03-16', '1993-07-09']",__nan__,0.381481219946597
287,VEC,Vectrus Inc. Common Stock,"Vertex Aerospace Services Holding Corp. was incorporated in 2018 and is based in Delaware, United States.",Charles Prow,Aerospace & Defense,32.84,USD,1015649248,https://images.financialmodelingprep.com/symbol/VEC.png,0,2014-09-16,11.094594594594595,0.209999,133607,288417000,77882000,"[{'period': '2025', 'revenue': 4480.0, 'unit': 'M', 'net_profit': 77.88}, {'period': '2024', 'revenue': 4320.0, 'unit': 'M', 'net_profit': 34.68}, {'period': '2021', 'revenue': 1780.0, 'unit': 'M', 'net_profit': 45.73}, {'period': '2020', 'revenue': 1400.0, 'unit': 'M', 'net_profit': 36.95}]","[{'period': ""Q4 '25"", 'revenue': 1220.0, 'unit': 'M', 'net_profit': 22.78}, {'period': ""Q3 '25"", 'revenue': 1170.0, 'unit': 'M', 'net_profit': 24.61}, {'period': ""Q2 '25"", 'revenue': 1080.0, 'unit': 'M', 'net_profit': 22.39}, {'period': ""Q1 '25"", 'revenue': 1020.0, 'unit': 'M', 'net_profit': 8.11}, {'period': ""Q4 '24"", 'revenue': 2990.0, 'unit': 'M', 'net_profit': 14.08}, {'period': ""Q1 '22"", 'revenue': 456.47, 'unit': 'M', 'net_profit': 2.85}]",2.47,2.45,3280840000,1235018000,368994000,2196204000,738922000,0,1015546000,368994000,181992000,0.8116190547976182,1.245473417137585,1.2454545454545454,__nan__,__nan__,__nan__,0.6694029577791053
288,VEDL,Vedanta Limited  American Depositary Shares (Each representing four equity shares),"Vedanta Limited operates as a diversified natural resources company in India. The company explores for, develops, produces, processes, and sells oil and gas, zinc, lead, silver, copper, aluminum, iron ore, steel, and power. It is involved in the exploration, development, and production of oil and gas; and exploration, mining, and processing of iron ore, pig iron, and metallurgical coke. The company also operates a thermal coal- based commercial power facility of 600 megawatts (MW) at Jharsuguda in the State of Odisha in eastern India; a 300 MW thermal coal based power plant at Korba; 1,980 MW (three units of 660 MW each) thermal coal- based commercial power facilities; 274MW of wind power plants; and a power plant situated at Mettur Dam in the state of Tamil Nadu in southern India. In addition, it manufactures and supplies billets, TMT bars, wire rods, and ductile iron pipes; engages in the mechanization of coal handling facilities and upgradation of general cargo berth for handling coal at the outer harbour of Visakhapatnam Port on the east coast of India; and provides logistics and other allied services inter alia rendering stevedoring, and other allied services in ports and other allied sectors. Further, the company is involved in manufacturing glass substrates in South Korea and Taiwan. It also has operations in South Africa, Namibia, Ireland, Australia, Liberia, and the United Arab Emirates. The company was incorporated in 1965 and is based in Mumbai, India.",Tom Albanese,Industrial Materials,16.5,USD,0,https://images.financialmodelingprep.com/symbol/VEDL.png,1723259,2013-09-09,0.0,-0.219999,16853794,296853000000,112883000000,"[{'period': '2021', 'revenue': 868.63, 'unit': 'B', 'net_profit': 112.88}, {'period': '2020', 'revenue': 835.45, 'unit': 'B', 'net_profit': -61.25}, {'period': '2019', 'revenue': 909.01, 'unit': 'B', 'net_profit': 49.77}, {'period': '2018', 'revenue': 913.72, 'unit': 'B', 'net_profit': 13.71}]","[{'period': ""Q2 '22"", 'revenue': 300.48, 'unit': 'B', 'net_profit': 58.12}, {'period': ""Q1 '22"", 'revenue': 281.05, 'unit': 'B', 'net_profit': 42.24}, {'period': ""Q4 '21"", 'revenue': 278.74, 'unit': 'B', 'net_profit': 64.32}, {'period': ""Q3 '21"", 'revenue': 224.98, 'unit': 'B', 'net_profit': 32.99}, {'period': ""Q2 '21"", 'revenue': 208.04, 'unit': 'B', 'net_profit': 6.12}, {'period': ""Q1 '21"", 'revenue': 156.87, 'unit': 'B', 'net_profit': 10.33}]",31.32,31.13,1771111000000,562209000000,330312000000,1037062000000,116182000000,26903000000,589013000000,48537000000,170940000000,2.7627292662213376,2.843047936259143,2.74,"[0.875, 0.094]","['2021-09-10', '2008-08-14']",__nan__,0.5855431985911668
289,VEEV,Veeva Systems Inc. Class A Common Stock,"Veeva Systems Inc. provides cloud-based software for the life sciences industry in North America, Europe, the Asia Pacific, the Middle East, Africa, and Latin America. The company offers Veeva Commercial Cloud, a suite of software, data, and analytics solutions, which include Veeva customer relationship management (CRM) and Veeva Medical CRM, Veeva CLM, Veeva CRM MyInsights, Veeva CLM, Veeva CRM Approved Email, Veeva CRM Engage, Veeva Align, Veeva CRM Events Management, Veeva Nitro, Veeva OpenData, Veeva Link, Veeva Network, Veeva Crossix, Veeva Data Cloud, and MyVeeva for Patients; and Veeva Vault, a cloud-based enterprise content and data management applications for managing commercial functions, including sales and marketing, and medical content and communications, as well as research and development functions, such as clinical, regulatory, quality, and safety. It also provides professional and support services in the areas of implementation and deployment planning and project management; requirements analysis, solution design, and configuration; systems environment management and deployment services; services focused on advancing or transforming business and operating processes related to Veeva solutions; technical consulting services related to data migration and systems integrations; training on its solutions; and ongoing managed services that include outsourced systems administration. The company was formerly known as Verticals onDemand, Inc. and changed its name to Veeva Systems Inc. in April 2009. Veeva Systems Inc. was incorporated in 2007 and is headquartered in Pleasanton, California.",Peter Gassner,Medical - Healthcare Information Services,172.59,USD,28370663492,https://images.financialmodelingprep.com/symbol/VEEV.png,2102725,2013-10-16,31.73,-5.69,1326117,916369000,908906000,"[{'period': '2026', 'revenue': 3200.0, 'unit': 'M', 'net_profit': 908.91}, {'period': '2025', 'revenue': 2750.0, 'unit': 'M', 'net_profit': 714.14}, {'period': '2024', 'revenue': 2360.0, 'unit': 'M', 'net_profit': 525.71}, {'period': '2023', 'revenue': 2160.0, 'unit': 'M', 'net_profit': 487.71}]","[{'period': ""Q4 '26"", 'revenue': 835.95, 'unit': 'M', 'net_profit': 244.2}, {'period': ""Q3 '26"", 'revenue': 811.24, 'unit': 'M', 'net_profit': 236.2}, {'period': ""Q2 '26"", 'revenue': 789.08, 'unit': 'M', 'net_profit': 200.31}, {'period': ""Q1 '26"", 'revenue': 759.04, 'unit': 'M', 'net_profit': 228.19}, {'period': ""Q4 '25"", 'revenue': 720.89, 'unit': 'M', 'net_profit': 195.62}, {'period': ""Q3 '25"", 'revenue': 699.21, 'unit': 'M', 'net_profit': 185.81}]",5.55,5.44,8979343000,7997630000,6560814000,1764591000,1310346000,0,1637056000,1421233000,1386094000,0.25389495058961326,0.2727316008950651,0.2585034013605441,__nan__,__nan__,__nan__,0.19651671620072872
290,VEI,Vine Energy Inc. Class A Common Stock,,,,,,,,,,,,,17052000,-99754000,"[{'period': '2020', 'revenue': 571.14, 'unit': 'M', 'net_profit': -99.75}, {'period': '2017', 'revenue': 339.5, 'unit': 'M', 'net_profit': 42.37}, {'period': '2016', 'revenue': 103.66, 'unit': 'M', 'net_profit': -161.6}, {'period': '2015', 'revenue': 275.05, 'unit': 'M', 'net_profit': -6.07}]","[{'period': ""Q2 '21"", 'revenue': 233.85, 'unit': 'M', 'net_profit': -198.36}, {'period': ""Q1 '21"", 'revenue': 153.99, 'unit': 'M', 'net_profit': -44.85}, {'period': ""Q2 '20"", 'revenue': 84.12, 'unit': 'M', 'net_profit': -84.57}, {'period': ""Q1 '20"", 'revenue': 92.54, 'unit': 'M', 'net_profit': -26.9}, {'period': ""Q4 '17"", 'revenue': 47.76, 'unit': 'M', 'net_profit': 9.81}, {'period': ""Q1 '17"", 'revenue': 113.69, 'unit': 'M', 'net_profit': 31.8}]",-2.64,-2.64,1952648000,143230000,33177000,1340514000,106427000,0,194196000,33177000,-123817000,0.0,0.0,0.0,__nan__,__nan__,__nan__,0.6865108304210488
291,VEL,Velocity Financial Inc. Common Stock,"Velocity Financial, Inc. operates as a real estate finance company in the United States. It primarily originates and manages investor loans secured by 14 unit residential rental and small commercial properties. The company offers its products through a network of independent mortgage brokers. Velocity Financial, Inc. was founded in 2004 and is headquartered in Westlake Village, California.",Christopher D. Farrar,Financial - Mortgages,17.81,USD,698780355,https://images.financialmodelingprep.com/symbol/VEL.png,128820,2020-01-17,6.48,0.21,111292,511288000,105054000,"[{'period': '2025', 'revenue': 714.45, 'unit': 'M', 'net_profit': 105.05}, {'period': '2024', 'revenue': 482.78, 'unit': 'M', 'net_profit': 68.42}, {'period': '2023', 'revenue': 131.72, 'unit': 'M', 'net_profit': 52.27}, {'period': '2022', 'revenue': 248.38, 'unit': 'M', 'net_profit': 32.21}]","[{'period': ""Q4 '25"", 'revenue': 182.32, 'unit': 'M', 'net_profit': 34.8}, {'period': ""Q3 '25"", 'revenue': 172.29, 'unit': 'M', 'net_profit': 25.37}, {'period': ""Q2 '25"", 'revenue': 166.02, 'unit': 'M', 'net_profit': 26.0}, {'period': ""Q1 '25"", 'revenue': 119.26, 'unit': 'M', 'net_profit': 18.41}, {'period': ""Q4 '24"", 'revenue': 124.89, 'unit': 'M', 'net_profit': 20.59}, {'period': ""Q3 '24"", 'revenue': 119.28, 'unit': 'M', 'net_profit': 15.8}]",2.81,2.75,7381513000,143678000,92103000,6705825000,51575000,66000,476820000,92103000,17880000,4.196491549023793,0.5354506789049825,0.35748792270531415,__nan__,__nan__,__nan__,0.9084621269379326
292,VER,VEREIT Inc. Common Stock,"VEREIT is a full-service real estate operating company which owns and manages one of the largest portfolios of single-tenant commercial properties in the U.S. The Company has total real estate investments of $14.6 billion including approximately 3,800 properties and 88.9 million square feet. VEREIT's business model provides equity capital to creditworthy corporations in return for long-term leases on their properties. VEREIT is a publicly traded Maryland corporation listed on the New York Stock Exchange. VEREIT uses, and intends to continue to use, its Investor Relations website, which can be found at www.VEREIT.com, as a means of disclosing material nonpublic information and for complying with its disclosure obligations under Regulation FD.",Glenn Rufrano,REIT - Diversified,51.12,USD,0,https://images.financialmodelingprep.com/symbol/VER.png,2372887,2011-09-07,0.0,-0.41,8151120,940336000,201128000,"[{'period': '2020', 'revenue': 1160.0, 'unit': 'M', 'net_profit': 201.13}, {'period': '2019', 'revenue': 1240.0, 'unit': 'M', 'net_profit': -300.35}, {'period': '2018', 'revenue': 1260.0, 'unit': 'M', 'net_profit': -85.77}, {'period': '2017', 'revenue': 1250.0, 'unit': 'M', 'net_profit': 31.82}]","[{'period': ""Q3 '21"", 'revenue': 290.19, 'unit': 'M', 'net_profit': 61.56}, {'period': ""Q2 '21"", 'revenue': 291.27, 'unit': 'M', 'net_profit': 77.9}, {'period': ""Q1 '21"", 'revenue': 290.81, 'unit': 'M', 'net_profit': 120.65}, {'period': ""Q4 '20"", 'revenue': 287.91, 'unit': 'M', 'net_profit': -37.82}, {'period': ""Q3 '20"", 'revenue': 295.28, 'unit': 'M', 'net_profit': 97.93}, {'period': ""Q2 '20"", 'revenue': 279.0, 'unit': 'M', 'net_profit': 54.21}]",0.92,0.92,13324408000,938696000,523539000,6512840000,331882000,88894000,206529000,523539000,671075000,0.9966281780695683,1.6696387251001321,1.5974025974025974,"[0.154, 0.0729167]","['2021-11-01', '2011-10-05']",__nan__,0.4887901961573077
293,VET,Vermilion Energy Inc. Common (Canada),"Vermilion Energy Inc., together with its subsidiaries, engages in the acquisition, exploration, development, and production of petroleum and natural gas in North America, Europe, and Australia. The company owns 81% working interest in 636,714 net acres of developed land and 85% working interest in 301,026 net acres of undeveloped land in Canada; 130,715 net acres of land in the Powder River basin in the United States; 96% working interest in 248,873 net acres of developed land and 86% working interest in 134,160 net acres of undeveloped land in the Aquitaine and Paris Basins in France; 53% working interest in 901,791 net acres of land in the Netherlands; 54,625 net developed acres and 920,723 net undeveloped acres in Germany; 975,375 net acres land in Croatia; 946,666 net acres land in Hungary; and 48,954 net acres land in Slovakia. It also owns 20% interests in the offshore Corrib natural gas field located to the northwest coast of Ireland; and 100% working interest in the Wandoo offshore oil field and related production facilities that covers 59,553 acres located on Western Australia's northwest shelf. As of December 31, 2021, the company had 401 net producing conventional natural gas wells and 2,132 net producing light and medium crude oil wells in Canada; 167.6 net producing light and medium crude oil wells in the United States; 297.0 net producing light and medium crude oil wells and 3 net producing conventional natural gas wells in France; and 47 net producing natural gas wells in the Netherlands. Vermilion Energy Inc. was founded in 1994 and is headquartered in Calgary, Canada.",Anthony Hatcher,Oil & Gas Exploration & Production,13.91,USD,2127534500,https://images.financialmodelingprep.com/symbol/VET.png,2144452,2010-09-14,-8.09,0.62,2544184,935843726,-653068358,"[{'period': '2025', 'revenue': 1760.0, 'unit': 'M', 'net_profit': -653.07}, {'period': '2024', 'revenue': 2070.0, 'unit': 'M', 'net_profit': -46.74}, {'period': '2023', 'revenue': 2200.0, 'unit': 'M', 'net_profit': -237.59}, {'period': '2022', 'revenue': 3.72, 'unit': 'B', 'net_profit': 1.31}]","[{'period': ""Q4 '25"", 'revenue': 429.74, 'unit': 'M', 'net_profit': -437.3}, {'period': ""Q3 '25"", 'revenue': 422.1, 'unit': 'M', 'net_profit': 2.56}, {'period': ""Q2 '25"", 'revenue': 472.31, 'unit': 'M', 'net_profit': -233.46}, {'period': ""Q1 '25"", 'revenue': 585.12, 'unit': 'M', 'net_profit': 14.95}, {'period': ""Q4 '24"", 'revenue': 515.72, 'unit': 'M', 'net_profit': -18.32}, {'period': ""Q3 '24"", 'revenue': 504.55, 'unit': 'M', 'net_profit': 51.7}]",-4.24,-4.24,5339864813,466905192,19071444,3119814482,273262127,69094646,554095080,19071444,326144996,0.22933521530094841,-12.972664327435332,-13.133333333333335,"[0.0983475, 0.1138]","['2026-03-13', '2003-02-26']",__nan__,0.5842497125404287
294,VFC,V.F. Corporation Common Stock,"V.F. Corporation, together with its subsidiaries, engages in the design, procurement, marketing, and distribution of branded lifestyle apparel, footwear, and related products for men, women, and children in the Americas, Europe, and the Asia-Pacific. It operates through three segments: Outdoor, Active, and Work. The company offers outdoor, merino wool and other natural fibers-based, lifestyle, and casual apparel; footwear; equipment; accessories; outdoor-inspired, performance-based, youth culture/action sports-inspired, streetwear, and protective work footwear; handbags, luggage, backpacks, and totes; and work and work-inspired lifestyle apparel and footwear. It provides its products under the North Face, Timberland, Smartwool, Icebreaker, Altra, Vans, Supreme, Kipling, Napapijri, Eastpak, JanSport, Dickies, and Timberland PRO brand names. The company sells its products primarily to specialty stores, department stores, national chains, and mass merchants, as well as sells through direct-to-consumer operations, including retail stores, concession retail stores, and e-commerce sites, and other digital platforms. V.F. Corporation was founded in 1899 and is headquartered in Denver, Colorado.",Bracken Darrell,Apparel - Manufacturers,16.4,USD,6416713200,https://images.financialmodelingprep.com/symbol/VFC.png,6730176,1980-03-17,28.77,-0.13,3816164,729013000,-189716000,"[{'period': '2025', 'revenue': 9500.0, 'unit': 'M', 'net_profit': -189.72}, {'period': '2024', 'revenue': 9920.0, 'unit': 'M', 'net_profit': -968.88}, {'period': '2023', 'revenue': 11090.0, 'unit': 'M', 'net_profit': 118.58}, {'period': '2022', 'revenue': 11.84, 'unit': 'B', 'net_profit': 1.39}]","[{'period': ""Q3 '26"", 'revenue': 2880.0, 'unit': 'M', 'net_profit': 300.85}, {'period': ""Q2 '26"", 'revenue': 2800.0, 'unit': 'M', 'net_profit': 189.76}, {'period': ""Q1 '26"", 'revenue': 1760.0, 'unit': 'M', 'net_profit': -116.41}, {'period': ""Q4 '25"", 'revenue': 2140.0, 'unit': 'M', 'net_profit': -150.79}, {'period': ""Q3 '25"", 'revenue': 2830.0, 'unit': 'M', 'net_profit': 167.78}, {'period': ""Q2 '25"", 'revenue': 2760.0, 'unit': 'M', 'net_profit': 52.18}]",-0.49,-0.49,9377536000,3786098000,429382000,7890177000,1321663000,106230000,2697853000,429382000,339213000,-0.06801573989793101,0.8041908096135546,0.8032128514056224,"[0.09, 4.7578]","['2026-03-10', '1985-03-04']",__nan__,0.8413912780500122
295,VGAC,VG Acquisition Corp. Class A Ordinary Shares,"VG Acquisition Corp. intends to effect a merger, share exchange, asset acquisition, share purchase, reorganization, or similar business combination with one or more businesses. The company was founded in 2020 and is based in New York, New York.",Joshua Bayliss,Shell Companies,10.99,USD,5025166312,https://images.financialmodelingprep.com/symbol/VGAC.png,1176059,2020-12-15,0.0,0.34,1413259,-240640000,-280885000,"[{'period': '2024', 'revenue': 189.9, 'unit': 'M', 'net_profit': -280.88}, {'period': '2020', 'revenue': 0.0, 'unit': 'K', 'net_profit': -53.73}]","[{'period': ""Q1 '25"", 'revenue': 25.42, 'unit': 'M', 'net_profit': -23.83}, {'period': ""Q3 '24"", 'revenue': 60.26, 'unit': 'M', 'net_profit': -45.53}, {'period': ""Q2 '24"", 'revenue': 44.07, 'unit': 'M', 'net_profit': -59.1}, {'period': ""Q1 '24"", 'revenue': 40.41, 'unit': 'M', 'net_profit': -69.4}, {'period': ""Q2 '21"", 'revenue': 59240.0, 'unit': '', 'net_profit': 0.0}, {'period': ""Q4 '20"", 'revenue': 0.0, 'unit': 'K', 'net_profit': -53.73}]",-10.88,-10.88,159894000,102707000,38248000,73132000,1352000,0,72703000,38248000,-170454000,0.0,0.0,0.0,__nan__,__nan__,__nan__,0.4573780129335685
296,VGI,Virtus Global Multi-Sector Income Fund Common Shares of Beneficial Interest,"Virtus Global Multi-Sector Income Fund is a closed ended fixed income mutual fund launched by Virtus Investment Partners, Inc. The fund is co-managed by Virtus Investment Advisers, Inc. and Newfleet Asset Management, LLC. It invests in fixed income markets across the globe. The fund invests in both investment grade and high yield debt instruments issued by the government, corporate, bank loans, mortgage-backed securities, asset-backed securities, taxable municipal bonds, and tax-exempt municipal bonds. It invests in securities with average duration which varies within three years (plus or minus) of the duration of the Barclays Global Aggregate Bond Index. The fund employs fundamental analysis with a top-down and bottom-up stock picking approach while focusing on factors such as yield and spreads, supply and demand, investment environment, sector fundamentals, assessment of credit risk, company management, issue structure, technical market conditions, and valuations to create its portfolio. It seeks to benchmark the performance of its portfolio against the Barclays Global Aggregate Bond Index. The fund was formerly known as Virtus-Newfleet Global Multi-Sector Income Fund. Virtus Global Multi-Sector Income Fund was formed on February 23, 2012 and is domiciled in the United States.",George Robert Aylward Jr.,Asset Management - Income,7.25,USD,82019932,https://images.financialmodelingprep.com/symbol/VGI.png,43681,2012-02-24,9.67,-0.095,63058,8397000,8397000,"[{'period': '2025', 'revenue': 10.83, 'unit': 'M', 'net_profit': 8.4}, {'period': '2024', 'revenue': 6.87, 'unit': 'M', 'net_profit': 11.53}, {'period': '2023', 'revenue': 1.73, 'unit': 'M', 'net_profit': 5.28}, {'period': '2022', 'revenue': 2.17, 'unit': 'M', 'net_profit': -20.03}]","[{'period': ""Q4 '25"", 'revenue': 7.16, 'unit': 'M', 'net_profit': 7.9}, {'period': ""Q2 '25"", 'revenue': 3670.0, 'unit': 'K', 'net_profit': 495.0}, {'period': ""Q4 '24"", 'revenue': 4.12, 'unit': 'M', 'net_profit': 6.05}, {'period': ""Q2 '24"", 'revenue': 2.75, 'unit': 'M', 'net_profit': 5.48}, {'period': ""Q4 '23"", 'revenue': 0.619, 'unit': 'M', 'net_profit': 3.19}, {'period': ""Q2 '23"", 'revenue': 1.11, 'unit': 'M', 'net_profit': 2.08}]",0.0,0.0,134416000,984000,983000,40634000,0,0,1408000,983000,14131000,-0.4101159114857745,-0.2715995836224844,-1.0,"[0.08, 0.117]","['2026-05-11', '2012-04-13']",__nan__,0.30230032139031066
297,VGII,Virgin Group Acquisition Corp. II Class A Ordinary Shares,,,,,,,,,,,,,2698369,8969532,"[{'period': '2021', 'revenue': 0.0, 'unit': 'M', 'net_profit': 8.97}]","[{'period': ""Q1 '22"", 'revenue': 0.0, 'unit': 'M', 'net_profit': -46.1}, {'period': ""Q4 '21"", 'revenue': 0.0, 'unit': 'M', 'net_profit': -1.44}, {'period': ""Q3 '21"", 'revenue': 0.0, 'unit': 'M', 'net_profit': 5.45}, {'period': ""Q2 '21"", 'revenue': 0.0, 'unit': 'K', 'net_profit': -262.25}, {'period': ""Q1 '21"", 'revenue': 0.0, 'unit': 'K', 'net_profit': -732.34}]",0.18,0.18,403808198,1136339,507233,30848501,0,0,3420991,507233,-1922242,0.0,0.0,0.0,__nan__,__nan__,__nan__,0.07639394433492903
298,VGM,Invesco Trust for Investment Grade Municipals Common Stock (DE),"Invesco Trust for Investment Grade Municipals is a closed-ended fixed income mutual fund launched by Invesco Ltd. The fund is co-managed by Invesco Advisers, Inc., INVESCO Asset Management (Japan) Limited, INVESCO Asset Management Deutschland GmbH, INVESCO Asset Management Limited, Invesco Canada Ltd., Invesco Hong Kong Limited, and INVESCO Senior Secured Management, Inc. It invests in the fixed income markets of the United States. The fund primarily invests in investment grade municipal securities which include municipal bonds, municipal notes, municipal commercial paper, and lease obligations. It employs fundamental analysis with bottom-up security selection approach to create its portfolio. The fund was formerly known as Invesco Van Kampen Trust for Investment Grade Municipals. Invesco Trust for Investment Grade Municipals was formed on January 24, 1992 and is domiciled in the United States.",Colin D. Meadows,Asset Management,9.66,USD,523880811,https://images.financialmodelingprep.com/symbol/VGM.png,187832,1992-02-19,-16.95,-0.04,258051,20286781,20286781,"[{'period': '2024', 'revenue': 34.31, 'unit': 'M', 'net_profit': 20.29}, {'period': '2023', 'revenue': 43.42, 'unit': 'M', 'net_profit': 47.19}, {'period': '2022', 'revenue': -92.52, 'unit': 'M', 'net_profit': -92.86}, {'period': '2021', 'revenue': -2.16, 'unit': 'M', 'net_profit': -2.54}]","[{'period': ""Q2 '25"", 'revenue': 14.91, 'unit': 'M', 'net_profit': -36.24}, {'period': ""Q4 '24"", 'revenue': 14.31, 'unit': 'M', 'net_profit': 5.12}, {'period': ""Q2 '24"", 'revenue': 20.01, 'unit': 'M', 'net_profit': 15.17}, {'period': ""Q4 '23"", 'revenue': 21.43, 'unit': 'M', 'net_profit': 38.14}, {'period': ""Q2 '23"", 'revenue': 18.37, 'unit': 'M', 'net_profit': 9.05}, {'period': ""Q4 '22"", 'revenue': 22.37, 'unit': 'M', 'net_profit': -9.11}]",0.3741,0.3741,889180959,14298678,4445736,289585929,9852942,0,4412185,4445736,75435086,-0.675148681091329,-0.5701350091955698,-0.5700000000000001,"[0.0646, 0.085]","['2026-03-16', '1992-04-09']",__nan__,0.3256771594903215
299,VGR,Vector Group Ltd. Common Stock,"Vector Group Ltd., through its subsidiaries, manufactures and sells cigarettes in the United States. It operates in two segments, Tobacco and Real Estate. The company produces cigarettes in 100 combinations under the EAGLE 20's, Pyramid, Montego, Grand Prix, Liggett Select, Eve, and USA brand names, as well as various partner and private label brands. It markets and sells its cigarettes to wholesalers and distributors of tobacco and convenience products, as well as grocery, drug, and convenience store chains. The company also engages in real estate investment business. The company was formerly known as Brooke Group Ltd. and changed its name to Vector Group Ltd. in May 2000. Vector Group Ltd. was founded in 1873 and is headquartered in Miami, Florida.",Howard M. Lorber,Tobacco,14.99,USD,2359066240,https://images.financialmodelingprep.com/symbol/VGR.png,2123084,1987-10-08,11.896825396825397,0.03,2233087,367420000,183526000,"[{'period': '2023', 'revenue': 1420.0, 'unit': 'M', 'net_profit': 183.53}, {'period': '2022', 'revenue': 1440.0, 'unit': 'M', 'net_profit': 158.7}, {'period': '2021', 'revenue': 1220.0, 'unit': 'M', 'net_profit': 219.46}, {'period': '2020', 'revenue': 1230.0, 'unit': 'M', 'net_profit': 92.94}]","[{'period': ""Q2 '24"", 'revenue': 371.91, 'unit': 'M', 'net_profit': 54.18}, {'period': ""Q1 '24"", 'revenue': 324.57, 'unit': 'M', 'net_profit': 34.8}, {'period': ""Q4 '23"", 'revenue': 360.35, 'unit': 'M', 'net_profit': 58.0}, {'period': ""Q3 '23"", 'revenue': 364.11, 'unit': 'M', 'net_profit': 52.7}, {'period': ""Q2 '23"", 'revenue': 365.66, 'unit': 'M', 'net_profit': 38.09}, {'period': ""Q1 '23"", 'revenue': 334.14, 'unit': 'M', 'net_profit': 34.74}]",1.17,1.16,963524000,509601000,379535000,1705338000,26442000,188937000,144923000,268600000,208613000,0.08561213786582754,0.15642623549946125,0.15841584158415833,"[0.2, 0.1873]","['2024-08-30', '1988-02-02']",__nan__,1.7698967539988626
300,VHC,VirnetX Holding Corp Common Stock,"VirnetX Holding Corporation, through its subsidiary VirnetX, Inc., operates as an Internet security software and technology company primarily in the United States. The company develops software and technology solutions, including secure domain name registry and GABRIEL Connection Technology that are designed to secure communications over the Internet using zero trust network access. It also offers a portfolio of licenses and services, such as VirnetX One, a security-as-a-service platform that protects enterprise applications, services, and infrastructure from cyber-attacks; GABRIEL Connection Technology software development kit to assist with rapid integration of its techniques into existing software implementations; and War Room software that offers safe and secure video conferencing meeting environment where sensitive communications and data is invisible to those not authorized to view it. In addition, the company provides GABRIEL Collaboration Suite that enables seamless and secure cross-platform communications between users' devices. It serves domain infrastructure and communication service providers, and system integrators; and enterprise customers, developers, and original equipment manufacturers of chips, servers, desktops, smart phones, tablets, laptops, net books, and other devices in the IP-telephony, mobility, fixed-mobile convergence, and unified communications markets. The company was incorporated in 2005 and is headquartered in Zephyr Cove, Nevada.",Kendall Larsen,Software - Infrastructure,14.053,USD,60018115,https://images.financialmodelingprep.com/symbol/VHC.png,22716,1999-07-30,-2.81,-1.067,6581,-18917000,-18225000,"[{'period': '2025', 'revenue': 0.162, 'unit': 'M', 'net_profit': -18.23}, {'period': '2024', 'revenue': 0.005, 'unit': 'M', 'net_profit': -18.18}, {'period': '2023', 'revenue': 0.007, 'unit': 'M', 'net_profit': -27.87}, {'period': '2022', 'revenue': 0.048, 'unit': 'M', 'net_profit': -36.26}]","[{'period': ""Q4 '25"", 'revenue': 0.056, 'unit': 'M', 'net_profit': -6.58}, {'period': ""Q3 '25"", 'revenue': 0.058, 'unit': 'M', 'net_profit': -4.35}, {'period': ""Q2 '25"", 'revenue': 0.048, 'unit': 'M', 'net_profit': -3.62}, {'period': ""Q1 '25"", 'revenue': 0.0, 'unit': 'M', 'net_profit': -3.68}, {'period': ""Q4 '24"", 'revenue': 0.0, 'unit': 'M', 'net_profit': -6.21}, {'period': ""Q3 '24"", 'revenue': 0.002, 'unit': 'M', 'net_profit': -3.84}]",-5.0,-5.0,31062000,21666000,21527000,8588000,19000,2000000,2025000,15548000,-15661000,0.07160384766391834,-0.002751031636863824,0.009900990099009866,"[1, 0.5]","['2023-04-18', '2010-06-29']",__nan__,0.27647929946558497
301,VHI,Valhi Inc. Common Stock,"Valhi, Inc. engages in the chemicals, component products, and real estate management and development businesses in the Asia Pacific, Europe, North America, and internationally. The company's Chemicals segment produces and markets titanium dioxide pigments (TiO2), which are white inorganic pigments used in various applications by paint, plastics, decorative laminate, and paper manufacturers. It offers TiO2 under the KRONOS name through agents and distributors. The company's Component Products segment manufactures mechanical and electrical cabinet locks, and other locking mechanisms for use in ignition systems, mailboxes, file cabinets, desk drawers, tool storage cabinets, vending and cash containment machines, integrated inventory and access control secured narcotics boxes, medical cabinetry security, electronic circuit panels, storage compartments, and gas station security applications. It also provides stainless steel exhaust components, gauges, throttle controls, wake enhancement systems, trim tabs, and related hardware and accessories primarily for performance and ski/wakeboard boats. The company's Real Estate Management and Development segment offers utility services to industrial and municipal customers; owns real properties; and develops land holdings for commercial, industrial, and residential purposes. It also holds marketable securities and other investments. The company was incorporated in 1932 and is based in Dallas, Texas. Valhi, Inc. is a subsidiary of Contran Corporation.",Michael S. Simmons,Chemicals,14.07,USD,398213263,https://images.financialmodelingprep.com/symbol/VHI.png,25376,1980-03-17,-6.97,-0.17,9808,65400000,-57600000,"[{'period': '2025', 'revenue': 2080.0, 'unit': 'M', 'net_profit': -57.6}, {'period': '2024', 'revenue': 2100.0, 'unit': 'M', 'net_profit': 108.0}, {'period': '2023', 'revenue': 1920.0, 'unit': 'M', 'net_profit': -9.9}, {'period': '2022', 'revenue': 2220.0, 'unit': 'M', 'net_profit': 87.2}]","[{'period': ""Q4 '25"", 'revenue': 494.5, 'unit': 'M', 'net_profit': -53.2}, {'period': ""Q3 '25"", 'revenue': 503.5, 'unit': 'M', 'net_profit': -22.2}, {'period': ""Q2 '25"", 'revenue': 540400.0, 'unit': 'K', 'net_profit': 900.0}, {'period': ""Q1 '25"", 'revenue': 538.6, 'unit': 'M', 'net_profit': 16.9}, {'period': ""Q4 '24"", 'revenue': 480.9, 'unit': 'M', 'net_profit': 22.8}, {'period': ""Q3 '24"", 'revenue': 533.6, 'unit': 'M', 'net_profit': 57.5}]",-2.02,-2.02,2632300000,1259100000,225500000,1268600000,318900000,143100000,449300000,222600000,-82100000,-0.8187361419068736,-1.5333333333333334,-1.532981530343008,"[0.08, 0.1]","['2026-03-16', '1987-09-15']",__nan__,0.48193594954982333
302,VIAO,VIA optronics AG American Depositary Shares each representing one-fifth of an Ordinary Share,"VIA optronics AG, together with its subsidiaries, provides display solutions worldwide. It also develops, manufactures, and sells customized and application-specific metal mesh touch sensors and electrode base film materials for use in touch modules or other touch products. In addition, the company offers interactive display solutions, including curved display panels and solutions integrating multiple display touch assemblies; and optical bonding services, as well as licenses optical bonding process and sells related equipment. It serves automotive, consumer electronics, and industrial/specialized end markets. The company was founded in 2005 and is headquartered in Nuremberg, Germany. VIA optronics AG is a subsidiary of Integrated Micro-Electronics, Inc.",Roland Chochoiek,"Hardware, Equipment & Parts",0.2231,USD,17465854,https://images.financialmodelingprep.com/symbol/VIAO.png,371538,2020-09-25,-0.485,-0.0099,214081,-6700000,-10200000,"[{'period': '2022', 'revenue': 196.0, 'unit': 'M', 'net_profit': -10.2}, {'period': '2021', 'revenue': 180.8, 'unit': 'M', 'net_profit': -11.51}, {'period': '2020', 'revenue': 152.6, 'unit': 'M', 'net_profit': -3.62}, {'period': '2019', 'revenue': 137.23, 'unit': 'M', 'net_profit': -13.36}]","[{'period': ""Q4 '22"", 'revenue': 45.8, 'unit': 'M', 'net_profit': -6.3}, {'period': ""Q3 '22"", 'revenue': 62.9, 'unit': 'M', 'net_profit': 1.2}, {'period': ""Q2 '22"", 'revenue': 48.1, 'unit': 'M', 'net_profit': -1.4}, {'period': ""Q1 '22"", 'revenue': 52.7, 'unit': 'M', 'net_profit': -3.7}, {'period': ""Q4 '21"", 'revenue': 46.3, 'unit': 'M', 'net_profit': -5.96}, {'period': ""Q3 '21"", 'revenue': 49400.0, 'unit': 'K', 'net_profit': -900.0}]",-2.25,-2.25,136300000,110400000,52400000,83200000,23600000,1300000,76200000,44400000,-625073,0.21364123543299732,0.11366160295168065,0.11764705882352941,__nan__,__nan__,__nan__,0.6104181951577403
303,VICI,VICI Properties Inc. Common Stock,"VICI Properties is an experiential real estate investment trust that owns one of the largest portfolios of market-leading gaming, hospitality and entertainment destinations, including the world-renowned Caesars Palace. VICI Properties' national, geographically diverse portfolio consists of 29 gaming facilities comprising over 48 million square feet and features approximately 19,200 hotel rooms and more than 200 restaurants, bars and nightclubs. Its properties are leased to industry leading gaming and hospitality operators, including Caesars Entertainment, Inc., Century Casinos Inc., Hard Rock International, JACK Entertainment and Penn National Gaming, Inc. VICI Properties also owns four championship golf courses and 34 acres of undeveloped land adjacent to the Las Vegas Strip. VICI Properties' strategy is to create the nation's highest quality and most productive experiential real estate portfolio.",Edward Baltazar Pitoniak,REIT - Diversified,26.61,USD,28445797263,https://images.financialmodelingprep.com/symbol/VICI.png,10096289,2018-01-02,10.2,-0.55,6190530,3642721000,2775493000,"[{'period': '2025', 'revenue': 4.01, 'unit': 'B', 'net_profit': 2.78}, {'period': '2024', 'revenue': 3.85, 'unit': 'B', 'net_profit': 2.68}, {'period': '2023', 'revenue': 3.61, 'unit': 'B', 'net_profit': 2.51}, {'period': '2022', 'revenue': 2.6, 'unit': 'B', 'net_profit': 1.12}]","[{'period': ""Q4 '25"", 'revenue': 1010.0, 'unit': 'M', 'net_profit': 604.82}, {'period': ""Q3 '25"", 'revenue': 1020.0, 'unit': 'M', 'net_profit': 762.04}, {'period': ""Q2 '25"", 'revenue': 1000.0, 'unit': 'M', 'net_profit': 865.08}, {'period': ""Q1 '25"", 'revenue': 984.2, 'unit': 'M', 'net_profit': 543.61}, {'period': ""Q4 '24"", 'revenue': 976.05, 'unit': 'M', 'net_profit': 614.59}, {'period': ""Q3 '24"", 'revenue': 964.67, 'unit': 'M', 'net_profit': 732.9}]",2.61,2.61,46724168000,607963000,607963000,18501581000,0,0,238715000,563479000,2508656000,0.02290063260143863,0.036091772092832264,0.01953124999999993,"[0.45, 0.16]","['2026-03-19', '2018-03-28']",__nan__,0.39597454148354233
304,VIPS,Vipshop Holdings Limited American Depositary Shares each representing two ordinary shares,"Vipshop Holdings Limited operates online platforms for various brands in the People's Republic of China. It operates in Vip.com, Shan Shan Outlets, and Others segments. The company offers women's apparel, such as casual wear, jeans, dresses, outerwear, lingerie, pajamas, and maternity clothes; men's apparel comprising casual and smart-casual T-shirts, polo shirts, jackets, pants, and underwear; and skin care and cosmetic products, including cleansers, lotions, face and body creams, face masks, sunscreen, foundations, lipsticks, eye shadows, and other cosmetics-related items. It also provides shoes and bags, which comprises casual and formal shoes, purses, satchels, luggage, duffel bags, and wallets; handbags; apparel, gears and accessories, furnishings and decor, toys, and games for boys, girls, infants, and toddlers; sportswear, sports gear, and footwear for various sporting activities; home furnishings, such as bed and bath products, home decor, kitchen and tabletop items, and home appliances; and consumer electronic products. In addition, the company offers food and snacks, beverages, fresh produce, and pet goods; beauty products; and internet finance services, including consumer and supplier financing, and microcredit. Vipshop Holdings Limited provides its branded products through its vip.com and vipshop.com online platforms, as well as through its internet website and cellular phone application. Further, it offers warehousing, logistics, product procurement, research and development, technology development, and consulting services; software development and information technology support solutions; and supply chain services. Vipshop Holdings Limited was founded in 2008 and is headquartered in Guangzhou, the People's Republic of China.",Ya Shen,Specialty Retail,16.11,USD,8060825344,https://images.financialmodelingprep.com/symbol/VIPS.png,2121569,2012-03-23,7.86,-0.07,1792466,9558216000,7242490000,"[{'period': '2025', 'revenue': 105.92, 'unit': 'B', 'net_profit': 7.24}, {'period': '2024', 'revenue': 108.42, 'unit': 'B', 'net_profit': 7.74}, {'period': '2023', 'revenue': 112.86, 'unit': 'B', 'net_profit': 8.12}, {'period': '2022', 'revenue': 103.15, 'unit': 'B', 'net_profit': 6.3}]","[{'period': ""Q4 '25"", 'revenue': 32.47, 'unit': 'B', 'net_profit': 2.59}, {'period': ""Q3 '25"", 'revenue': 21.37, 'unit': 'B', 'net_profit': 1.22}, {'period': ""Q2 '25"", 'revenue': 25.81, 'unit': 'B', 'net_profit': 1.49}, {'period': ""Q1 '25"", 'revenue': 26.27, 'unit': 'B', 'net_profit': 1.94}, {'period': ""Q4 '24"", 'revenue': 33.22, 'unit': 'B', 'net_profit': 2.45}, {'period': ""Q3 '24"", 'revenue': 20.68, 'unit': 'B', 'net_profit': 1.05}]",14.06,14.15,78843318000,39600468000,29919426000,34422060000,1662225000,7942194000,30883084000,24138525000,0,-0.08216070121414586,-0.06426991957942799,-0.03660041124057576,"[0.6, 0.43]","['2026-04-10', '2024-03-14']",__nan__,0.4365881709848893
305,VIST,Vista Oil & Gas S.A.B. de C.V. American Depositary Shares each representing one series A share with no par value,"Vista Energy, S.A.B. de C.V., through its subsidiaries, engages in the exploration and production of oil and gas in Latin America. The company's principal assets are located in Vaca Muerta with approximately 183, 100 acres. It also owns producing assets in Argentina and Mexico. As of December 31, 2021, it had proved reserves of 181.6 MMBOE. The company was formerly known as Vista Oil & Gas, S.A.B. de C.V. and changed its name to Vista Energy, S.A.B. de C.V. in April 2022. Vista Energy, S.A.B. de C.V. was incorporated in 2017 and is based in Mexico City, Mexico.",Miguel Matias Galuccio,Oil & Gas Exploration & Production,74.21,USD,7737885383,https://images.financialmodelingprep.com/symbol/VIST.png,1465100,2019-07-26,11.06,1.9,1911206,1494964732,721378090,"[{'period': '2025', 'revenue': 2480.0, 'unit': 'M', 'net_profit': 721.38}, {'period': '2024', 'revenue': 1650.0, 'unit': 'M', 'net_profit': 477.52}, {'period': '2023', 'revenue': 1170.0, 'unit': 'M', 'net_profit': 396.95}, {'period': '2022', 'revenue': 1140.0, 'unit': 'M', 'net_profit': 269.54}]","[{'period': ""Q4 '25"", 'revenue': 727.03, 'unit': 'M', 'net_profit': 88.01}, {'period': ""Q3 '25"", 'revenue': 706.13, 'unit': 'M', 'net_profit': 315.29}, {'period': ""Q2 '25"", 'revenue': 610.54, 'unit': 'M', 'net_profit': 235.29}, {'period': ""Q1 '25"", 'revenue': 438.46, 'unit': 'M', 'net_profit': 82.79}, {'period': ""Q4 '24"", 'revenue': 471.32, 'unit': 'M', 'net_profit': 93.77}, {'period': ""Q3 '24"", 'revenue': 462.38, 'unit': 'M', 'net_profit': 165.46}]",7.04,6.73,7112993763,895557722,538412654,4601350058,347687880,115028276,1036243506,526194413,-821617790,0.36223160852822667,0.5106730175217425,0.41365461847389545,"[0.05, 0.05]","['2012-05-17', '2009-07-30']",__nan__,0.6468935881731069
306,VIV,Telefonica Brasil S.A. American Depositary Shares (Each representing One Common Share),"Telefônica Brasil S.A., together with its subsidiaries, provides mobile and fixed telecommunications services to residential and corporate customers in Brazil. Its fixed line services portfolio includes local, domestic long-distance, and international long-distance calls; and mobile portfolio comprises voice and broadband internet access through 3G, 4G, 4.5G, and 5G as well as mobile value-added services and wireless roaming services. The company also offers data services, including broadband and mobile data services. In addition, it provides pay TV services through direct to home satellite technology, IPTV, and cable, as well as pay-per-view and video on demand services; network services, such as rental of facilities; other services comprising internet access, private network connectivity, computer equipment leasing, extended service, caller identification, voice mail, cellular blocker, and others; wholesale services, including interconnection services to users of other network providers; and digital services, such as entertainment, cloud, and security and financial services. Further, the company offers multimedia communication services, which include audio, data, voice and other sounds, images, texts, and other information, as well as sells devices, such as smartphones, broadband USB modems, and other devices. Additionally, it provides telecommunications solutions and IT support to various industries, such as retail, manufacturing, services, financial institutions, government, etc. It markets and sells its solutions through own stores, dealers, retail and distribution channels, door-to-door sales, and outbound tele sales. The company was formerly known as Telecomunicações de São Paulo S.A. - TELESP and changed its name to Telefônica Brasil S.A. in October 2011. The company was incorporated in 1998 and is headquartered in São Paulo, Brazil.",Christian Mauad Gebara,Telecommunications Services,15.25,USD,24366524191,https://images.financialmodelingprep.com/symbol/VIV.png,914423,1998-11-16,20.89,-0.1,815170,24238255000,6046749000,"[{'period': '2025', 'revenue': 58.42, 'unit': 'B', 'net_profit': 6.05}, {'period': '2024', 'revenue': 55.85, 'unit': 'B', 'net_profit': 5.55}, {'period': '2023', 'revenue': 52.1, 'unit': 'B', 'net_profit': 5.03}, {'period': '2022', 'revenue': 48.04, 'unit': 'B', 'net_profit': 4.09}]","[{'period': ""Q4 '25"", 'revenue': 15.85, 'unit': 'B', 'net_profit': 1.91}, {'period': ""Q3 '25"", 'revenue': 14.95, 'unit': 'B', 'net_profit': 1.89}, {'period': ""Q2 '25"", 'revenue': 14.65, 'unit': 'B', 'net_profit': 1.34}, {'period': ""Q1 '25"", 'revenue': 14.39, 'unit': 'B', 'net_profit': 1.06}, {'period': ""Q4 '24"", 'revenue': 14.58, 'unit': 'B', 'net_profit': 1.76}, {'period': ""Q3 '24"", 'revenue': 14.04, 'unit': 'B', 'net_profit': 1.67}]",3.78,3.78,128007436000,25207636000,7235373000,59039338000,13682950000,3609404000,25233477000,7136321000,11038665602,0.12509360788955354,0.08990729545410303,0.11834319526627217,"[0.45618, 1.215]","['2026-05-22', '1999-01-04']",__nan__,0.4612180342398234
307,VKQ,Invesco Municipal Trust Common Stock,"Invesco Municipal Trust is a closed-ended fixed income mutual fund launched by Invesco Ltd. The fund is co-managed by Invesco Advisers, Inc., INVESCO Asset Management (Japan) Limited, INVESCO Asset Management Deutschland GmbH, INVESCO Asset Management Limited, Invesco Hong Kong Limited, INVESCO Senior Secured Management, Inc., and Invesco Canada Ltd. It primarily invests in investment grade municipal securities which include municipal bonds, municipal notes, municipal commercial paper, and lease obligations. The fund employs fundamental analysis with bottom-up security selection approach to create its portfolio. It was formerly known as Invesco Van Kampen Municipal Trust. Invesco Municipal Trust was formed on September 27, 1991 and is domiciled in the United States.",Colin D. Meadows,Asset Management,9.37,USD,518493776,https://images.financialmodelingprep.com/symbol/VKQ.png,189594,1991-11-21,-16.73,-0.02,207208,0,19938886,"[{'period': '2024', 'revenue': 42.59, 'unit': 'M', 'net_profit': 19.94}, {'period': '2023', 'revenue': 43.05, 'unit': 'M', 'net_profit': 47.08}, {'period': '2022', 'revenue': -90.02, 'unit': 'M', 'net_profit': -90.42}, {'period': '2021', 'revenue': -2.29, 'unit': 'M', 'net_profit': -2.68}]","[{'period': ""Q2 '25"", 'revenue': 14.36, 'unit': 'M', 'net_profit': -35.71}, {'period': ""Q4 '24"", 'revenue': 14.48, 'unit': 'M', 'net_profit': 5.11}, {'period': ""Q2 '24"", 'revenue': 19.61, 'unit': 'M', 'net_profit': 14.83}, {'period': ""Q4 '23"", 'revenue': 21.07, 'unit': 'M', 'net_profit': 38.4}, {'period': ""Q2 '23"", 'revenue': 21.98, 'unit': 'M', 'net_profit': 8.69}, {'period': ""Q4 '22"", 'revenue': 22.09, 'unit': 'M', 'net_profit': -7.63}]",0.36,0.36,908543319,17193946,7275838,314420588,9918108,0,6081217,7275838,34615070,-1.0,-0.5765201498148977,-0.5764705882352941,"[0.0628, 0.085]","['2026-03-16', '1991-12-09']",__nan__,0.34607110241707695
308,VLO,Valero Energy Corporation Common Stock,"Valero Energy Corporation manufactures, markets, and sells transportation fuels and petrochemical products in the United States, Canada, the United Kingdom, Ireland, and internationally. The company operates through three segments: Refining, Renewable Diesel, and Ethanol. It produces conventional, premium, and reformulated gasolines; gasoline meeting the specifications of the California Air Resources Board (CARB); diesel fuels, and low-sulfur and ultra-low-sulfur diesel fuels; CARB diesel; other distillates; jet fuels; blendstocks; and asphalts, petrochemicals, lubricants, and other refined petroleum products, as well as sells lube oils and natural gas liquids. As of December 31, 2021, the company owned 15 petroleum refineries with a combined throughput capacity of approximately 3.2 million barrels per day; and 12 ethanol plants with a combined ethanol production capacity of approximately 1.6 billion gallons per year. It sells its refined products through wholesale rack and bulk markets; and through approximately 7,000 outlets under the Valero, Beacon, Diamond Shamrock, Shamrock, Ultramar, and Texaco brands. The company also produces and sells ethanol, dry distiller grains, syrup, and inedible corn oil primarily to animal feed customers. In addition, it owns and operates crude oil and refined petroleum products pipelines, terminals, tanks, marine docks, truck rack bays, and other logistics assets; and owns and operates a plant that processes animal fats, used cooking oils, and inedible distillers corn oils into renewable diesel. The company was formerly known as Valero Refining and Marketing Company and changed its name to Valero Energy Corporation in August 1997. Valero Energy Corporation was founded in 1980 and is headquartered in San Antonio, Texas.",R. Lane Riggs,Oil & Gas Refining & Marketing,254.32,USD,76048359206,https://images.financialmodelingprep.com/symbol/VLO.png,3781450,1982-01-04,33.55,6.18,4513883,6719000000,2348000000,"[{'period': '2025', 'revenue': 122.69, 'unit': 'B', 'net_profit': 2.35}, {'period': '2024', 'revenue': 129.88, 'unit': 'B', 'net_profit': 2.77}, {'period': '2023', 'revenue': 144.77, 'unit': 'B', 'net_profit': 8.84}, {'period': '2022', 'revenue': 176.38, 'unit': 'B', 'net_profit': 11.53}]","[{'period': ""Q4 '25"", 'revenue': 31.73, 'unit': 'B', 'net_profit': 1.13}, {'period': ""Q3 '25"", 'revenue': 32.17, 'unit': 'B', 'net_profit': 1.09}, {'period': ""Q2 '25"", 'revenue': 29890.0, 'unit': 'M', 'net_profit': 714.0}, {'period': ""Q1 '25"", 'revenue': 30260.0, 'unit': 'M', 'net_profit': -595.0}, {'period': ""Q4 '24"", 'revenue': 30760.0, 'unit': 'M', 'net_profit': 281.0}, {'period': ""Q3 '24"", 'revenue': 32880.0, 'unit': 'M', 'net_profit': 364.0}]",7.57,7.57,47504000000,47504000000,4688000000,23779000000,0,0,14109000000,4688000000,5030000000,-0.04396698918611269,-0.1523465703971119,-0.11771561771561768,"[1.2, 0.08]","['2026-02-05', '1982-02-05']",__nan__,0.5005683731896261
309,VLRS,Controladora Vuela Compania de Aviacion S.A.B. de C.V. American Depositary Shares each representing ten (10) Ordinary Participation Certificates,"Controladora Vuela Compañía de Aviación, S.A.B. de C.V., through its subsidiaries, Concesionaria Vuela Compañía de Aviación, S.A.P.I. de C.V., provides air transportation services for passengers, cargo, and mail in Mexico and internationally. The company operates approximately 410 daily flights on routes connecting 43 cities in Mexico, 22 cities in the United States, and 3 cities in Central America. As of December 31, 2020, it operated through a fleet of 86 aircraft. The company also offers merchandising, recruitment and payroll, travel agency, and loyalty program services. Controladora Vuela Compañía de Aviación, S.A.B. de C.V. was incorporated in 2005 and is headquartered in Mexico City, Mexico.",Enrique Javier Beltranena Mejicano,"Airlines, Airports & Air Services",6.95,USD,799011754,https://images.financialmodelingprep.com/symbol/VLRS.png,791547,2013-09-18,-7.64,-0.54,1252251,792000000,-104000000,"[{'period': '2025', 'revenue': 3040.0, 'unit': 'M', 'net_profit': -104.0}, {'period': '2024', 'revenue': 3140.0, 'unit': 'M', 'net_profit': 126.0}, {'period': '2023', 'revenue': 3260.0, 'unit': 'M', 'net_profit': 7.82}, {'period': '2022', 'revenue': 2850.0, 'unit': 'M', 'net_profit': -80.22}]","[{'period': ""Q4 '25"", 'revenue': 882.0, 'unit': 'M', 'net_profit': 4.0}, {'period': ""Q3 '25"", 'revenue': 784.0, 'unit': 'M', 'net_profit': 6.0}, {'period': ""Q2 '25"", 'revenue': 693.0, 'unit': 'M', 'net_profit': -63.0}, {'period': ""Q1 '25"", 'revenue': 678.0, 'unit': 'M', 'net_profit': -51.0}, {'period': ""Q4 '24"", 'revenue': 835.0, 'unit': 'M', 'net_profit': 46.0}, {'period': ""Q3 '24"", 'revenue': 813.0, 'unit': 'M', 'net_profit': 37.0}]",-0.9,-0.9,5637000000,1394000000,774000000,5374000000,262000000,0,1917000000,754000000,750000000,-0.2591206735266604,-1.8253968253968254,-1.8227272727272728,__nan__,__nan__,__nan__,0.9533439772928863
310,VLT,Invesco High Income Trust II,"Invesco High Income Trust II is a closed ended fixed income mutual fund launched by Invesco Ltd. The fund is co-managed by Invesco Advisers, Inc, INVESCO Asset Management (Japan) Limited, INVESCO Asset Management Deutschland GmbH, INVESCO Asset Management Limited, Invesco Hong Kong Limited, INVESCO Senior Secured Management, Inc., and Invesco Canada Ltd. It invests in the fixed income markets. The fund seeks to invest in securities rated between BB and C by Standard and Poor's. It seeks to maintain an average duration of around three to four years for its portfolio. The fund benchmarks the performance of its portfolio against the Barclays U.S. Corporate High Yield 2% Issuer Cap Inde. It was formerly known as Invesco Van Kampen High Income Trust II. Invesco High Income Trust II was formed on April 28, 1989 and is domiciled in the United States.",Colin D. Meadows,Asset Management - Income,9.93,USD,64525507,https://images.financialmodelingprep.com/symbol/VLT.png,17642,1989-04-21,13.24,-0.165,28761,0,7361720,"[{'period': '2024', 'revenue': 7.8, 'unit': 'M', 'net_profit': 7.36}, {'period': '2023', 'revenue': 7.61, 'unit': 'M', 'net_profit': 6.87}, {'period': '2022', 'revenue': 6.55, 'unit': 'M', 'net_profit': -7.63}, {'period': '2021', 'revenue': 6210.0, 'unit': 'K', 'net_profit': 509.2}]","[{'period': ""Q2 '25"", 'revenue': 2.63, 'unit': 'M', 'net_profit': 2.26}, {'period': ""Q4 '24"", 'revenue': 5.89, 'unit': 'M', 'net_profit': 2.56}, {'period': ""Q2 '24"", 'revenue': 3.69, 'unit': 'M', 'net_profit': 4.8}, {'period': ""Q4 '23"", 'revenue': 3.81, 'unit': 'M', 'net_profit': 4.0}, {'period': ""Q2 '23"", 'revenue': 3.8, 'unit': 'M', 'net_profit': 2.87}, {'period': ""Q4 '22"", 'revenue': 3.47, 'unit': 'M', 'net_profit': 1.3}]",1.13,1.13,113334083,7012496,1079786,38894883,5932710,9100,8187445,1079786,7054287,-1.0,0.07134166999442335,0.06603773584905645,"[0.0915, 0.1]","['2026-03-16', '1989-06-09']",__nan__,0.343187874030798
311,VMC,Vulcan Materials Company (Holding Company) Common Stock,"Vulcan Materials Company, together with its subsidiaries, produces and supplies construction aggregates primarily in the United States. It operates through four segments: Aggregates, Asphalt, Concrete, and Calcium. The Aggregates segment provides crushed stones, sand and gravel, sand, and other aggregates; and related products and services that are applied in construction and maintenance of highways, streets, and other public works, as well as in the construction of housing and commercial, industrial, and other nonresidential facilities. The Asphalt Mix segment offers asphalt mix in Alabama, Arizona, California, New Mexico, Tennessee, and Texas, as well as engages in the asphalt construction paving activity in Alabama, Tennessee, and Texas. The Concrete segment provides ready-mixed concrete in California, Maryland, New Jersey, New York, Oklahoma, Pennsylvania, Texas and Virginia, and Washington D.C. The Calcium segment mines, produces, and sells calcium products for the animal feed, plastics, and water treatment industries. The company was formerly known as Virginia Holdco, Inc. and changed its name to Vulcan Materials Company. Vulcan Materials Company was founded in 1909 and is headquartered in Birmingham, Alabama.",Ronnie A. Pruitt,Construction Materials,261.46,USD,34141546416,https://images.financialmodelingprep.com/symbol/VMC.png,1185059,1957-01-02,32.04,-5.08,1039618,2568100000,1081000000,"[{'period': '2025', 'revenue': 7.93, 'unit': 'B', 'net_profit': 1.08}, {'period': '2024', 'revenue': 7420.0, 'unit': 'M', 'net_profit': 911.9}, {'period': '2023', 'revenue': 7780.0, 'unit': 'M', 'net_profit': 933.2}, {'period': '2022', 'revenue': 7320.0, 'unit': 'M', 'net_profit': 575.6}]","[{'period': ""Q4 '25"", 'revenue': 1910.0, 'unit': 'M', 'net_profit': 252.0}, {'period': ""Q3 '25"", 'revenue': 2280.0, 'unit': 'M', 'net_profit': 379.2}, {'period': ""Q2 '25"", 'revenue': 2100.0, 'unit': 'M', 'net_profit': 320.9}, {'period': ""Q1 '25"", 'revenue': 1630.0, 'unit': 'M', 'net_profit': 128.9}, {'period': ""Q4 '24"", 'revenue': 1850.0, 'unit': 'M', 'net_profit': 293.7}, {'period': ""Q3 '24"", 'revenue': 2000.0, 'unit': 'M', 'net_profit': 207.6}]",8.15,8.12,16700400000,2567900000,183300000,8151500000,887700000,33700000,956100000,183300000,1135300000,0.2964963651050081,0.18543699967101657,0.18287373004354146,"[0.52, 8.3952]","['2026-03-09', '1985-02-15']",__nan__,0.4881020813872722
312,VMI,Valmont Industries Inc. Common Stock,"Valmont Industries, Inc. produces and sells fabricated metal products in the United States, Australia, Brazil, Denmark, and internationally. It operates through two segments: Infrastructure and Agriculture. The company manufactures and distributes engineered metal, steel, wood, aluminum, and composite poles, towers, and components for lighting, traffic, and wireless communication markets; engineered access systems; integrated structure solutions for smart cities; and highway safety products. It also offers engineered steel and concrete pole structures for utility transmission, distribution, substations, and renewable energy generation equipment; and inspection services. In addition, the company provides hot-dipped galvanizing, anodizing, and powder coating services to preserve and protect metal products; and water management solutions and technology for precision agriculture. Further, it manufactures and distributes mechanical irrigation equipment, and related parts and services under the Valley brand name for the agricultural industry; and tubular products for industrial customers. The company serves municipalities and government entities, commercial lighting fixtures manufacturing companies, contractors, telecommunications and utility companies, and large farms, as well as the general manufacturing sector. Valmont Industries, Inc. was founded in 1946 and is headquartered in Omaha, Nebraska.",Avner Applbaum,Conglomerates,392.04,USD,7663289385,https://images.financialmodelingprep.com/symbol/VMI.png,149249,1990-03-26,23.36,-7.2875,110186,506603000,350273000,"[{'period': '2025', 'revenue': 4100.0, 'unit': 'M', 'net_profit': 350.27}, {'period': '2024', 'revenue': 4080.0, 'unit': 'M', 'net_profit': 348.26}, {'period': '2023', 'revenue': 4170.0, 'unit': 'M', 'net_profit': 143.47}, {'period': '2022', 'revenue': 4350.0, 'unit': 'M', 'net_profit': 250.86}]","[{'period': ""Q4 '25"", 'revenue': 1040.0, 'unit': 'M', 'net_profit': 168.0}, {'period': ""Q3 '25"", 'revenue': 1050.0, 'unit': 'M', 'net_profit': 99.03}, {'period': ""Q2 '25"", 'revenue': 1050.0, 'unit': 'M', 'net_profit': -30.26}, {'period': ""Q1 '25"", 'revenue': 969.31, 'unit': 'M', 'net_profit': 87.26}, {'period': ""Q4 '24"", 'revenue': 1040.0, 'unit': 'M', 'net_profit': 77.65}, {'period': ""Q3 '24"", 'revenue': 1020.0, 'unit': 'M', 'net_profit': 83.07}]",17.7,16.79,3369329000,1719648000,187140000,1727044000,857049000,0,731620000,187140000,311449000,-0.18656932103185944,0.005783052268570231,0.02253032928942811,"[0.77, 0.1504]","['2026-03-27', '1986-12-19']",__nan__,0.5125780236955192
313,VMO,Invesco Municipal Opportunity Trust Common Stock,"Invesco Municipal Opportunity Trust is a closed ended fixed income mutual fund launched by Invesco Ltd. The fund is co-managed by Invesco Advisers, Inc., INVESCO Asset Management (Japan) Limited, INVESCO Asset Management Deutschland GmbH, INVESCO Asset Management Limited, Invesco Canada Ltd., Invesco Hong Kong Limited, and INVESCO Senior Secured Management, Inc. It invests in the fixed income markets of the United States. The fund primarily invests in investment grade municipal securities which include municipal bonds, municipal notes, municipal commercial paper, and lease obligations. It employs fundamental analysis with bottom-up security selection approach to create its portfolio. The fund was formerly known as Invesco Van Kampen Municipal Opportunity Trust. Invesco Municipal Opportunity Trust was formed on April 24, 1992 and is domiciled in the United States.",Colin D. Meadows,Asset Management,9.3,USD,627198371,https://images.financialmodelingprep.com/symbol/VMO.png,228262,1992-06-03,-16.03,-0.04,269023,23656426,23656426,"[{'period': '2024', 'revenue': 42.59, 'unit': 'M', 'net_profit': 23.66}, {'period': '2023', 'revenue': 54.19, 'unit': 'M', 'net_profit': 57.18}, {'period': '2022', 'revenue': -111.69, 'unit': 'M', 'net_profit': -112.12}, {'period': '2021', 'revenue': -1.46, 'unit': 'M', 'net_profit': -1.78}]","[{'period': ""Q2 '25"", 'revenue': 14.47, 'unit': 'M', 'net_profit': -45.13}, {'period': ""Q4 '24"", 'revenue': 16.89, 'unit': 'M', 'net_profit': 5.74}, {'period': ""Q2 '24"", 'revenue': 25.7, 'unit': 'M', 'net_profit': 17.91}, {'period': ""Q4 '23"", 'revenue': 26.77, 'unit': 'M', 'net_profit': 47.12}, {'period': ""Q2 '23"", 'revenue': 27.41, 'unit': 'M', 'net_profit': 10.06}, {'period': ""Q4 '22"", 'revenue': 27.29, 'unit': 'M', 'net_profit': -10.84}]",0.3508,0.3508,1114096180,18335359,6256072,392647402,12079287,0,3901297,6256072,90853212,-0.6918579341121648,-0.5862675262549067,-0.5872941176470589,"[0.0625, 0.085]","['2026-03-16', '1992-07-09']",__nan__,0.35243582111555216
314,VMW,Vmware Inc. Common stock Class A,"VMware, Inc. provides software solutions in the areas of modern applications, cloud management and infrastructure, networking, security, and digital workspaces in the United States and internationally. It offers VMware multi-cloud solutions, including VMware vSphere, a data center infrastructure that provides the fundamental compute layer; vSAN and VxRail, which offers holistic data storage and protection options to applications running on vSphere; and vRealize Cloud Management solutions that manages hybrid and multi-cloud environments running in virtual machines and containers, as well as VMware Cloud Foundation, a cloud platform that combines its vSphere, vSAN, and NSX with vRealize Cloud Management into an integrated stack and delivers enterprise-ready cloud infrastructure for private and public clouds. The company also provides networking solutions, such as VMware NSX, NSX Distributed and Gateway Firewalls, NSX Network Detection and Response Engine, NSX Advanced Load Balancer, Tanzu Service Mesh, and VMware SASE; security solutions consisting of VMware Carbon Black Endpoint, Workload, and Container; and digital workspace solutions comprising Workspace ONE Unified Endpoint Management, Access, Intelligent Hub, and Horizon. In addition, it offers application modernization solutions, such as Tanzu Application and Operations Platform, Tanzu Application Service Platform, Tanzu Observability, Tanzu Community Edition, and Tanzu Labs; and cloud management solutions, including vRealize Cloud Management, vCloud Suite, and CloudHealth by VMware Suite. The company sells its products through distributors, resellers, system vendors, and systems integrators. VMware, Inc. has a strategic alliance with Amazon Web Services to build and deliver an integrated hybrid solution. The company was incorporated in 1998 and is headquartered in Palo Alto, California.",Rangarajan Raghuram,Software - Infrastructure,142.48,USD,61521441480,https://images.financialmodelingprep.com/symbol/VMW.png,2084710,2007-08-15,42.91566265060241,-7.43,1787198,2709000000,1314000000,"[{'period': '2023', 'revenue': 13.35, 'unit': 'B', 'net_profit': 1.31}, {'period': '2022', 'revenue': 12.85, 'unit': 'B', 'net_profit': 1.82}, {'period': '2021', 'revenue': 11.77, 'unit': 'B', 'net_profit': 2.06}, {'period': '2020', 'revenue': 10.81, 'unit': 'B', 'net_profit': 6.41}]","[{'period': ""Q2 '24"", 'revenue': 3410.0, 'unit': 'M', 'net_profit': 477.0}, {'period': ""Q1 '24"", 'revenue': 3280.0, 'unit': 'M', 'net_profit': 224.0}, {'period': ""Q4 '23"", 'revenue': 3710.0, 'unit': 'M', 'net_profit': 494.0}, {'period': ""Q3 '23"", 'revenue': 3210.0, 'unit': 'M', 'net_profit': 231.0}, {'period': ""Q2 '23"", 'revenue': 3340.0, 'unit': 'M', 'net_profit': 347.0}, {'period': ""Q1 '23"", 'revenue': 3090.0, 'unit': 'M', 'net_profit': 242.0}]",3.11,3.09,31237000000,10231000000,5100000000,29703000000,4588000000,87000000,12391000000,5100000000,3850000000,-0.07542662116040956,-0.27802197802197803,-0.2834101382488479,"[27.4, 26.81]","['2021-11-02', '2018-12-31']",__nan__,0.9508915708934917
315,VNCE,Vince Holding Corp. Common Stock,"Vince Holding Corp. designs, merchandises, and sells luxury apparel and accessories in the United States and internationally. It operates through three segments: Vince Wholesale, Vince Direct-to-Consumer, and Rebecca Taylor and Parker. The company offers a range of women's products, such as cashmere sweaters, silk blouses, leather and suede leggings and jackets, dresses, skirts, denims, pants, t-shirts, footwear, outerwear, and accessories; and men's products comprising t-shirts, knit and woven tops, sweaters, denims, pants, blazers, footwear, and outerwear under the Vince brand. It also offers occasion-forward dresses, suiting, silk blouses, leather and tweed jackets, outerwear, jumpsuits, cotton dresses and blouses, denim, sweaters, pants, skirts and knit, and woven tops under the Rebecca Taylor and Parker brands. The company sells its products directly to consumers through its branded specialty retail stores and outlet stores, as well as through its vince.com e-commerce platform and subscription business through Vince Unfold, vinceunfold.com; and to wholesale department stores and specialty stores. As of January 29, 2022, it operated 86 stores, including 49 company-operated Vince full-price stores, 10 company-operated Rebecca Taylor full-price stores, 18 company-operated Vince outlet stores, and 8 company-operated Rebecca Taylor outlet stores. The company was formerly known as Apparel Holding Corp. and changed its name to Vince Holding Corp. in November 2013. Vince Holding Corp. was founded in 2002 and is headquartered in New York, New York.",Brendan L. Hoffman,Apparel - Manufacturers,1.99,USD,26545406,https://images.financialmodelingprep.com/symbol/VNCE.png,89493,2013-11-22,-1.34,-0.05,54015,-17176000,-19047000,"[{'period': '2024', 'revenue': 293.45, 'unit': 'M', 'net_profit': -19.05}, {'period': '2023', 'revenue': 292.89, 'unit': 'M', 'net_profit': 25.45}, {'period': '2022', 'revenue': 357.44, 'unit': 'M', 'net_profit': -38.35}, {'period': '2021', 'revenue': 322.68, 'unit': 'M', 'net_profit': -12.7}]","[{'period': ""Q3 '25"", 'revenue': 85.13, 'unit': 'M', 'net_profit': 2.73}, {'period': ""Q2 '25"", 'revenue': 73.24, 'unit': 'M', 'net_profit': 12.06}, {'period': ""Q1 '25"", 'revenue': 57.93, 'unit': 'M', 'net_profit': -4.8}, {'period': ""Q4 '24"", 'revenue': 79.95, 'unit': 'M', 'net_profit': -28.34}, {'period': ""Q3 '24"", 'revenue': 80.16, 'unit': 'M', 'net_profit': 4.35}, {'period': ""Q2 '24"", 'revenue': 74170.0, 'unit': 'K', 'net_profit': 569.0}]",-1.51,-1.51,222735000,96576000,607000,180976000,32927000,23464000,73546000,607000,17827000,-1.4710270122034828,-1.748526290969111,-1.7365853658536585,__nan__,__nan__,__nan__,0.8125171167530922
316,VNE,Veoneer Inc. Common Stock ,"Veoneer, Inc. engages in the design, development, manufacture, and sale of automotive safety electronics primarily in North America, Europe, and Asia. It offers mono-and stereo-vision cameras, night driving assist systems, advanced driver assist systems (ADAS), electronic control units, seat belt pre-tensioner electronic controllers, and ADAS software for highly automated driving (HAD) and autonomous driving (AD). The company also provides driver monitoring systems, LiDAR sensors, RoadScape positioning, and other technologies for ADAS, HAD, and AD solutions. Veoneer, Inc. was incorporated in 2017 and is headquartered in Stockholm, Sweden.",Jan Carlson,Auto - Parts,36.95,USD,0,https://images.financialmodelingprep.com/symbol/VNE.png,1954129,2018-06-11,-10.73815751235106,0.0699997,4572035,-234000000,-385000000,"[{'period': '2021', 'revenue': 1660.0, 'unit': 'M', 'net_profit': -385.0}, {'period': '2020', 'revenue': 1370.0, 'unit': 'M', 'net_profit': -544.0}, {'period': '2019', 'revenue': 1900.0, 'unit': 'M', 'net_profit': -500.0}, {'period': '2018', 'revenue': 2230.0, 'unit': 'M', 'net_profit': -276.0}]","[{'period': ""Q4 '21"", 'revenue': 449.0, 'unit': 'M', 'net_profit': -87.0}, {'period': ""Q3 '21"", 'revenue': 391.0, 'unit': 'M', 'net_profit': -94.0}, {'period': ""Q2 '21"", 'revenue': 398.0, 'unit': 'M', 'net_profit': -100.0}, {'period': ""Q1 '21"", 'revenue': 419.0, 'unit': 'M', 'net_profit': -104.0}, {'period': ""Q4 '20"", 'revenue': 455.0, 'unit': 'M', 'net_profit': -91.0}, {'period': ""Q3 '20"", 'revenue': 371.0, 'unit': 'M', 'net_profit': -132.0}]",-3.45,-3.45,1750000000,941000000,423000000,897000000,273000000,0,565000000,423000000,-352000000,0.39845758354755784,0.2922794117647059,0.29303278688524587,__nan__,__nan__,__nan__,0.5125714285714286
317,VNO,Vornado Realty Trust Common Stock,"Vornado's portfolio is concentrated in the nation's key market New York City along with the premier asset in both Chicago and San Francisco. Vornado is also the real estate industry leader in sustainability policy. The company owns and manages over 23 million square feet of LEED certified buildings and received the Energy Star Partner of the Year Award, Sustained Excellence 2019. In 2012, Vornado commemorated 50 years on the NYSE.",Steven Roth,REIT - Office,24.71,USD,4711365929,https://images.financialmodelingprep.com/symbol/VNO.png,1980977,1980-03-17,5.88,-0.96,1757560,1766781000,904955000,"[{'period': '2025', 'revenue': 1810.0, 'unit': 'M', 'net_profit': 904.96}, {'period': '2024', 'revenue': 1790.0, 'unit': 'M', 'net_profit': 70.39}, {'period': '2023', 'revenue': 1810.0, 'unit': 'M', 'net_profit': 105.49}, {'period': '2022', 'revenue': 1800.0, 'unit': 'M', 'net_profit': -346.5}]","[{'period': ""Q4 '25"", 'revenue': 453.71, 'unit': 'M', 'net_profit': 16.13}, {'period': ""Q3 '25"", 'revenue': 453.7, 'unit': 'M', 'net_profit': 27.11}, {'period': ""Q2 '25"", 'revenue': 441.44, 'unit': 'M', 'net_profit': 759.35}, {'period': ""Q1 '25"", 'revenue': 461.58, 'unit': 'M', 'net_profit': 102.37}, {'period': ""Q4 '24"", 'revenue': 457.79, 'unit': 'M', 'net_profit': 16.73}, {'period': ""Q3 '24"", 'revenue': 443.25, 'unit': 'M', 'net_profit': -3.63}]",4.4,4.2,15521118000,1973252000,840850000,8716595000,995706000,1941278000,1096610000,840850000,1258385000,1.006305827524886,11.856848565786295,109.0,"[0.74, 2.0212]","['2025-12-18', '1990-11-06']",__nan__,0.5615958206103452
318,VNT,Vontier Corporation Common Stock ,"Vontier Corporation engages in the research and development, manufacture, sale, and distribution of technical equipment, components, software, and services for manufacturing, repairing, and servicing in the mobility infrastructure industry worldwide. The company offers a range of solutions, including environmental sensors, fueling equipment, field payment hardware, point-of sale, workflow and monitoring software, vehicle tracking and fleet management, software solutions for traffic light control, and vehicle mechanics', and technicians' equipment. Its mobility technologies products include solutions and services in the areas of fuel dispensing, remote fuel management, point-of-sale and payment systems, environmental compliance, vehicle tracking and fleet management, and traffic management; and diagnostics and repair technologies products comprise vehicle repair tools, toolboxes, automotive diagnostic equipment, and software, as well as wheel-service equipment for automotive tire installation and repair shops, including brake lathes, tire changers, wheel balancers, and wheel weights under the Ammco and Coats brands. The company markets its products and services to retail and commercial fueling operators, convenience store and in-bay car wash operators, tunnel car wash and commercial vehicle repair businesses, municipal governments, and public safety entities and fleet owners/operators through a network of franchised mobile distributors, as well as direct sales personnel and independent distributors. It serves customers in North America, the Asia Pacific, Europe, and Latin America. The company was incorporated in 2019 and is headquartered in Raleigh, North Carolina.",Mark D. Morelli,"Hardware, Equipment & Parts",35.11,USD,5094461386,https://images.financialmodelingprep.com/symbol/VNT.png,1140300,2020-09-24,12.72,-0.83,554101,686800000,406100000,"[{'period': '2025', 'revenue': 3080.0, 'unit': 'M', 'net_profit': 406.1}, {'period': '2024', 'revenue': 2980.0, 'unit': 'M', 'net_profit': 422.2}, {'period': '2023', 'revenue': 3100.0, 'unit': 'M', 'net_profit': 376.9}, {'period': '2022', 'revenue': 3180.0, 'unit': 'M', 'net_profit': 401.3}]","[{'period': ""Q4 '25"", 'revenue': 808.5, 'unit': 'M', 'net_profit': 123.5}, {'period': ""Q3 '25"", 'revenue': 752.5, 'unit': 'M', 'net_profit': 102.8}, {'period': ""Q2 '25"", 'revenue': 773.5, 'unit': 'M', 'net_profit': 91.9}, {'period': ""Q1 '25"", 'revenue': 741.1, 'unit': 'M', 'net_profit': 87.9}, {'period': ""Q4 '24"", 'revenue': 776.8, 'unit': 'M', 'net_profit': 123.5}, {'period': ""Q3 '24"", 'revenue': 750.0, 'unit': 'M', 'net_profit': 91.8}]",2.77,2.76,4368800000,1491800000,492200000,3117600000,527400000,0,1288500000,492200000,441100000,-0.018015441807263367,-0.03813358597820938,0.003623188405797185,"[0.025, 0.025]","['2026-03-05', '2021-06-02']",__nan__,0.7136055667460172
319,VNTR,Venator Materials PLC Ordinary Shares,"Venator Materials PLC, together with its subsidiaries, manufactures and markets chemical products worldwide. It operates through Titanium Dioxide and Performance Additives segments. The Titanium Dioxide segment offers titanium dioxide (TiO2), such as rutile, anatase, and ultrafine TiO2 products for use in coatings, printing inks, PVC window frames, plastic masterbatches, cosmetics, pharmaceuticals, food, polyester and polyamide fibers, catalysts, and cosmetics products. The Performance Additives segment provides barium and zinc additives for use in coatings, films, paper and glass fiber reinforced plastics; and colored inorganic pigments comprising iron oxides, ultramarines, specialty inorganics chemicals, and driers for construction, coatings, plastics, cosmetics, inks, catalyst, and laminates. This segment also offers wood protection chemicals for use in residential and commercial applications; timber treatment chemicals for use in decking, fencing, and other residential outdoor wood structures; industrial construction products for use in telephone poles, saltwater piers and pilings; and water treatment businesses. Venator Materials PLC was incorporated in 2017 and is headquartered in Stockton-On-Tees, the United Kingdom.",Simon Turner,Chemicals - Specialty,0.2687,USD,31357022,https://images.financialmodelingprep.com/symbol/VNTR.png,285531,2017-08-03,-0.1668944099378882,0.0,504325,96000000,-181000000,"[{'period': '2022', 'revenue': 2170.0, 'unit': 'M', 'net_profit': -181.0}, {'period': '2021', 'revenue': 2210.0, 'unit': 'M', 'net_profit': -74.0}, {'period': '2020', 'revenue': 1940.0, 'unit': 'M', 'net_profit': -105.0}, {'period': '2019', 'revenue': 2130.0, 'unit': 'M', 'net_profit': -170.0}]","[{'period': ""Q1 '23"", 'revenue': 438.0, 'unit': 'M', 'net_profit': -168.0}, {'period': ""Q4 '22"", 'revenue': 366.0, 'unit': 'M', 'net_profit': -226.0}, {'period': ""Q3 '22"", 'revenue': 506.0, 'unit': 'M', 'net_profit': -48.0}, {'period': ""Q2 '22"", 'revenue': 642.0, 'unit': 'M', 'net_profit': 93.0}, {'period': ""Q1 '22"", 'revenue': 659.0, 'unit': 'M', 'net_profit': -26.0}, {'period': ""Q4 '21"", 'revenue': 535.0, 'unit': 'M', 'net_profit': 15.0}]",-1.68,-1.68,2069000000,1133000000,114000000,1759000000,247000000,114000000,1529000000,114000000,-183000000,3.3636363636363638,-1.445945945945946,-1.4347826086956523,__nan__,__nan__,__nan__,0.8501691638472693
320,VOC,VOC Energy Trust Units of Beneficial Interest,"VOC Energy Trust acquires and holds a term net profits interest of the net proceeds from production and sale of the interests in oil and natural gas properties in the states of Kansas and Texas. The company has an 80% term net profits interest of the net proceeds on the underlying properties. As of December 31, 2021, its underlying properties had interests in 452.5 net producing wells and 51,147.2 net acres. As of December 31, 2021, the company had proved reserves of approximately 2.9 million barrels of oil equivalent (MMBoe) attributable to the portion of the Kansas underlying properties; and approximately 5.4 MMBoe attributable to the Texas underlying properties. VOC Energy Trust was incorporated in 2010 and is based in Houston, Texas.",,Oil & Gas Exploration & Production,3.65,USD,62050000,https://images.financialmodelingprep.com/symbol/VOC.png,124247,2011-05-06,8.3,0.03,139166,7395000,7395000,"[{'period': '2025', 'revenue': 8.62, 'unit': 'M', 'net_profit': 7.39}, {'period': '2024', 'revenue': 13.62, 'unit': 'M', 'net_profit': 12.41}, {'period': '2023', 'revenue': 16.46, 'unit': 'M', 'net_profit': 15.21}, {'period': '2022', 'revenue': 23.59, 'unit': 'M', 'net_profit': 21.68}]","[{'period': ""Q4 '25"", 'revenue': 2.08, 'unit': 'M', 'net_profit': 1.87}, {'period': ""Q3 '25"", 'revenue': 2.16, 'unit': 'M', 'net_profit': 1.87}, {'period': ""Q2 '25"", 'revenue': 2.48, 'unit': 'M', 'net_profit': 2.21}, {'period': ""Q1 '25"", 'revenue': 1.9, 'unit': 'M', 'net_profit': 1.45}, {'period': ""Q4 '24"", 'revenue': 3.24, 'unit': 'M', 'net_profit': 3.06}, {'period': ""Q3 '24"", 'revenue': 3.4, 'unit': 'M', 'net_profit': 3.06}]",0.44,0.44,10399993000,2026639000,2026639000,0,0,0,0,2026639000,0,-0.4041095890410959,-0.4041095890410959,-0.3972602739726027,"[0.09, 0.86]","['2026-01-30', '2011-07-28']",__nan__,0.0
321,VOYA,Voya Financial Inc. Common Stock,"Voya Financial, Inc. operates as a retirement, investment, and employee benefits company in the United States. The company's Wealth Solutions segment offers tax-deferred employer-sponsored retirement savings plans and administrative services; and individual retirement accounts, and other retail financial products and services, as well as financial planning and advisory services. This segment serves corporate, education, healthcare, and other non-profit and government entities, as well as institutional and individual customers. Its Investment Management segment provides fixed income, equity, multi-asset, and alternative products and solutions to individual investors and institutional clients through its direct sales force, consultant channel, banks, broker-dealers, and independent financial advisers. The company's Health Solutions segment offers stop loss, group life, voluntary employee-paid, and disability products through consultants, brokers, third-party administrators, enrollment firms, and technology partners to mid-sized and large businesses. The company was formerly known as ING U.S., Inc. and changed its name to Voya Financial, Inc. in April 2014. Voya Financial, Inc. was incorporated in 1999 and is based in New York, New York.",Heather Hamilton Lavallee,Financial - Conglomerates,66.2,USD,6299785701,https://images.financialmodelingprep.com/symbol/VOYA.png,1007866,2013-05-02,10.52,-2.64,513220,261000000,654000000,"[{'period': '2025', 'revenue': 7500.0, 'unit': 'M', 'net_profit': 654.0}, {'period': '2024', 'revenue': 8050.000000000001, 'unit': 'M', 'net_profit': 667.0}, {'period': '2023', 'revenue': 7350.0, 'unit': 'M', 'net_profit': 625.0}, {'period': '2022', 'revenue': 5930.0, 'unit': 'M', 'net_profit': 510.0}]","[{'period': ""Q4 '25"", 'revenue': 1420.0, 'unit': 'M', 'net_profit': 140.0}, {'period': ""Q3 '25"", 'revenue': 2130.0, 'unit': 'M', 'net_profit': 192.0}, {'period': ""Q2 '25"", 'revenue': 1980.0, 'unit': 'M', 'net_profit': 166.0}, {'period': ""Q1 '25"", 'revenue': 1970.0, 'unit': 'M', 'net_profit': 156.0}, {'period': ""Q4 '24"", 'revenue': 2009.9999999999998, 'unit': 'M', 'net_profit': 97.0}, {'period': ""Q3 '24"", 'revenue': 1960.0, 'unit': 'M', 'net_profit': 114.0}]",6.39,6.32,178859000000,11941000000,1228000000,171820000000,10713000000,0,586000000,1228000000,1288000000,-0.7622950819672131,-0.019490254872563718,0.01267828843106182,"[0.47, 0.01]","['2026-02-25', '2013-08-28']",__nan__,0.9606449773285102
322,VPCC,VPC Impact Acquisition Holdings III Inc. Class A Common Stock,,,,,,,,,,,,,,,[],"[{'period': ""Q2 '21"", 'revenue': 0.0, 'unit': 'M', 'net_profit': -3.48}, {'period': ""Q1 '21"", 'revenue': 0.0, 'unit': 'M', 'net_profit': -1.65}]",,,,,,,,,,,,,,,__nan__,__nan__,__nan__,__nan__
323,VPG,Vishay Precision Group Inc. Common Stock,"Vishay Precision Group, Inc. designs, manufactures, and markets specialized sensors, weighing solutions, and measurement systems in the United States, Israel, the United Kingdom, rest of Europe, Asia, and Canada. It operates through three segments: Sensors, Weighing Solutions, and Measurement Systems. Its product portfolio includes precision resistors, strain gages, load cells, on-board weighing systems, and process weighing products. The company also offers data acquisition systems for avionics; measurement systems for steel production; material testing and simulation systems; and data acquisition systems for auto safety testing. Its products are used in industrial, test and measurement, transportation, steel, medical, agriculture, avionics, military and space, and consumer product applications. The company offers its products under the Alpha Electronics, Powertron, Vishay Foil Resistors, Micro-Measurements, Celtron, Revere, Sensortronics, Tedea-Huntleigh, Stress-tek, Vulcan, BLH Nobel, KELK, and DTS brands. Vishay Precision Group, Inc. was incorporated in 2009 and is headquartered in Malvern, Pennsylvania.",Ziv Shoshani,"Hardware, Equipment & Parts",41.55,USD,552507302,https://images.financialmodelingprep.com/symbol/VPG.png,304335,2010-06-23,103.87,-0.97,422116,26654000,5293000,"[{'period': '2025', 'revenue': 307.2, 'unit': 'M', 'net_profit': 5.29}, {'period': '2024', 'revenue': 306.52, 'unit': 'M', 'net_profit': 9.91}, {'period': '2023', 'revenue': 355.05, 'unit': 'M', 'net_profit': 25.71}, {'period': '2022', 'revenue': 362.58, 'unit': 'M', 'net_profit': 36.06}]","[{'period': ""Q4 '25"", 'revenue': 80.57, 'unit': 'M', 'net_profit': -1.87}, {'period': ""Q3 '25"", 'revenue': 79.73, 'unit': 'M', 'net_profit': 7.86}, {'period': ""Q2 '25"", 'revenue': 75160.0, 'unit': 'K', 'net_profit': 248.0}, {'period': ""Q1 '25"", 'revenue': 71740.0, 'unit': 'K', 'net_profit': -942.0}, {'period': ""Q4 '24"", 'revenue': 72650.0, 'unit': 'K', 'net_profit': 768.0}, {'period': ""Q3 '24"", 'revenue': 75.73, 'unit': 'M', 'net_profit': -1.35}]",0.4,0.4,455889000,246962000,87366000,119662000,56348000,0,55279000,87366000,6351000,-0.25715559767007606,-0.46594692765613965,-0.45945945945945943,__nan__,__nan__,__nan__,0.26248055996086767
324,VPV,Invesco Pennsylvania Value Municipal Income Trust Common Stock (DE),"Invesco Pennsylvania Value Municipal Income Trust is a closed-ended fixed income mutual fund launched by Invesco Ltd. The fund is co-managed by Invesco Advisers, Inc., INVESCO Asset Management (Japan) Limited, INVESCO Asset Management Deutschland GmbH, INVESCO Asset Management Limited, Invesco Canada Ltd., Invesco Hong Kong Limited, and INVESCO Senior Secured Management, Inc. It invests in the fixed income markets of the United States. The fund primarily invests in investment grade Pennsylvania municipal securities which include municipal bonds, municipal notes, municipal commercial paper, and lease obligations. It employs fundamental analysis with bottom-up security selection approach to create its portfolio. The fund was formerly known as Invesco Van Kampen Pennsylvania Value Municipal Income Trust. Invesco Pennsylvania Value Municipal Income Trust was formed on April 30, 1993 and is domiciled in the United States.",Colin D. Meadows,Asset Management - Income,10.25,USD,183189620,https://images.financialmodelingprep.com/symbol/VPV.png,34081,1993-06-10,-21.35,-0.12,51734,12842733,12842733,"[{'period': '2024', 'revenue': 19.44, 'unit': 'M', 'net_profit': 12.84}, {'period': '2023', 'revenue': 22.1, 'unit': 'M', 'net_profit': 14.51}, {'period': '2022', 'revenue': -38.43, 'unit': 'M', 'net_profit': -38.69}, {'period': '2021', 'revenue': 2.95, 'unit': 'M', 'net_profit': 2.65}]","[{'period': ""Q2 '25"", 'revenue': 6.11, 'unit': 'M', 'net_profit': -12.14}, {'period': ""Q4 '24"", 'revenue': 10.24, 'unit': 'M', 'net_profit': 4.51}, {'period': ""Q2 '24"", 'revenue': 9.2, 'unit': 'M', 'net_profit': 8.34}, {'period': ""Q4 '23"", 'revenue': 9.14, 'unit': 'M', 'net_profit': 14.18}, {'period': ""Q2 '23"", 'revenue': 9200.0, 'unit': 'K', 'net_profit': 323.57}, {'period': ""Q4 '22"", 'revenue': 9.21, 'unit': 'M', 'net_profit': -5.04}]",0.57,0.57,320773735,6072931,0,113884389,6072931,0,3896997,0,133129619,0.0,-0.11471359634622719,-0.06557377049180334,"[0.0667, 0.0685]","['2026-03-16', '1993-07-09']",__nan__,0.3550302801443516
325,VRS,Verso Corporation Common Stock,"Verso Corporation produces and sells coated papers in North America. It operates through two segments, Paper and Pulp. The company offers coated and uncoated freesheet, coated groundwood, supercalendered, specialty, and packaging papers; and pulp to manufacture printing, writing and specialty paper grades, and tissue and other products. Its paper products are used primarily in media, marketing, commercial printing, catalogs, magazines, high-end advertising brochures, and direct-mail advertising applications, as well as specialty applications, such as labeling and other special applications. The company was formerly known as Verso Paper Corp. and changed its name to Verso Corporation in January 2015. Verso Corporation was incorporated in 2006 and is based in Miamisburg, Ohio.",Adam John,"Paper, Lumber & Forest Products",26.99,USD,0,https://images.financialmodelingprep.com/symbol/VRS.png,385088,2016-07-18,-278.2474226804124,0.039999,1394504,150000000,-3000000,"[{'period': '2021', 'revenue': 1280.0, 'unit': 'M', 'net_profit': -3.0}, {'period': '2020', 'revenue': 1360.0, 'unit': 'M', 'net_profit': -101.0}, {'period': '2019', 'revenue': 2440.0, 'unit': 'M', 'net_profit': 96.0}, {'period': '2018', 'revenue': 2680.0, 'unit': 'M', 'net_profit': 171.0}]","[{'period': ""Q4 '21"", 'revenue': 328.0, 'unit': 'M', 'net_profit': 13.0}, {'period': ""Q3 '21"", 'revenue': 339.0, 'unit': 'M', 'net_profit': 58.0}, {'period': ""Q2 '21"", 'revenue': 329.0, 'unit': 'M', 'net_profit': 16.0}, {'period': ""Q1 '21"", 'revenue': 282.0, 'unit': 'M', 'net_profit': -90.0}, {'period': ""Q4 '20"", 'revenue': 314.0, 'unit': 'M', 'net_profit': -90.0}, {'period': ""Q3 '20"", 'revenue': 306.0, 'unit': 'M', 'net_profit': -31.0}]",-0.0876,-0.0876,1055000000,415000000,172000000,356000000,106000000,0,168000000,172000000,114000000,2.409090909090909,0.9702970297029703,0.9703050847457627,"[0.1, 0.1]","['2021-12-16', '2020-06-12']",__nan__,0.33744075829383885
326,VRT,Vertiv Holdings LLC Class A Common Stock,"Vertiv Holdings Co, together with its subsidiaries, designs, manufactures, and services critical digital infrastructure technologies and life cycle services for data centers, communication networks, and commercial and industrial environments. It offers AC and DC power management products, thermal management products, integrated rack systems, modular solutions, and management systems for monitoring and controlling digital infrastructure that are integral to the technologies used for various services, including e-commerce, online banking, file sharing, video on-demand, energy storage, wireless communications, Internet of Things, and online gaming. The company also provides lifecycle management services, predictive analytics, and professional services for deploying, maintaining, and optimizing its products and their related systems; and preventative maintenance, acceptance testing, engineering and consulting, performance assessments, remote monitoring, training, spare parts, and critical digital infrastructure software services. It offers its products primarily under the Liebert, NetSure, Geist, E&I, Powerbar, and Avocent brands. The company serves social media, financial services, healthcare, transportation, retail, education, and government industries through a network of direct sales professionals, independent sales representatives, channel partners, and original equipment manufacturers in the Americas, the Asia Pacific, Europe, the Middle East, and Africa. Vertiv Holdings Co is headquartered in Columbus, Ohio.",Giordano Albertazzi,Electrical Equipment & Parts,251.07,USD,96058879860,https://images.financialmodelingprep.com/symbol/VRT.png,7586316,2018-08-02,73.63,-1.33,5431305,2205600000,1332800000,"[{'period': '2025', 'revenue': 10.23, 'unit': 'B', 'net_profit': 1.33}, {'period': '2024', 'revenue': 8010.0, 'unit': 'M', 'net_profit': 495.8}, {'period': '2023', 'revenue': 6860.0, 'unit': 'M', 'net_profit': 460.2}, {'period': '2022', 'revenue': 5690.0, 'unit': 'M', 'net_profit': 76.6}]","[{'period': ""Q4 '25"", 'revenue': 2880.0, 'unit': 'M', 'net_profit': 445.6}, {'period': ""Q3 '25"", 'revenue': 2680.0, 'unit': 'M', 'net_profit': 398.5}, {'period': ""Q2 '25"", 'revenue': 2640.0, 'unit': 'M', 'net_profit': 324.2}, {'period': ""Q1 '25"", 'revenue': 2040.0, 'unit': 'M', 'net_profit': 164.5}, {'period': ""Q4 '24"", 'revenue': 2350.0, 'unit': 'M', 'net_profit': 147.0}, {'period': ""Q3 '24"", 'revenue': 2070.0, 'unit': 'M', 'net_profit': 176.6}]",3.49,3.41,12212400000,6819500000,1827900000,8271100000,3109000000,0,4407000000,1728400000,1893800000,0.8490945674044266,1.6881807180314643,1.6439393939393938,"[0.0625, 0.01]","['2026-03-17', '2020-12-01']",__nan__,0.677270642953064
327,VRTV,Veritiv Corporation Common Stock,"Veritiv Corporation operates as a business-to-business provider of value-added packaging products and services, as well as facility solutions, print, and publishing products and services in the United States and internationally. The company operates through four segments: Packaging, Facility Solutions, Print, and Publishing and Print Management (Publishing). The Packaging segment provides packaging product materials within flexible, corrugated and fiber, ancillary packaging, rigid, and equipment categories. The Facility Solutions segment sources and sells cleaning, break-room, and other supplies in various product categories that include towels and tissues, food service, personal protective equipment, cleaning chemicals, and skincare, as well as re-merchandising, budgeting and compliance reporting, and inventory management services. The Print segment sells and distributes commercial printing, writing, copying, digital, specialty products, and graphics consumables. The Publishing segment sells and distributes coated and uncoated commercial printing papers to publishers, retailers, converters, printers, and specialty businesses for use in magazines, catalogs, books, directories, gaming, couponing, retail inserts, and direct mail. This segment also provides print management, procurement, and supply chain management solutions. The company also provides transportation and warehousing solutions. It serves manufacturing, food and beverage, wholesale and retail, healthcare, transportation, property management, higher education, entertainment and hospitality, commercial printing, and publishing sectors. As of December 31, 2021, the company operated 115 distribution centers. Veritiv Corporation was incorporated in 2013 and is headquartered in Atlanta, Georgia.",Salvatore A. Abbate,Conglomerates,169.99,USD,2306305327,https://images.financialmodelingprep.com/symbol/VRTV.png,148463,2014-06-18,8.576690211907165,0.03,529119,467500000,337900000,"[{'period': '2022', 'revenue': 7150.0, 'unit': 'M', 'net_profit': 337.9}, {'period': '2021', 'revenue': 6850.0, 'unit': 'M', 'net_profit': 144.6}, {'period': '2020', 'revenue': 6350.0, 'unit': 'M', 'net_profit': 34.2}, {'period': '2019', 'revenue': 7660.0, 'unit': 'M', 'net_profit': -29.5}]","[{'period': ""Q3 '23"", 'revenue': 1460.0, 'unit': 'M', 'net_profit': 60.8}, {'period': ""Q2 '23"", 'revenue': 1460.0, 'unit': 'M', 'net_profit': 70.7}, {'period': ""Q1 '23"", 'revenue': 1510.0, 'unit': 'M', 'net_profit': 68.7}, {'period': ""Q4 '22"", 'revenue': 1660.0, 'unit': 'M', 'net_profit': 71.6}, {'period': ""Q3 '22"", 'revenue': 1800.0, 'unit': 'M', 'net_profit': 96.7}, {'period': ""Q2 '22"", 'revenue': 1820.0, 'unit': 'M', 'net_profit': 91.1}]",23.85,23.29,2089600000,1457800000,40600000,1333500000,889600000,8300000,726600000,40600000,230500000,0.6386260077111812,1.3367911479944674,1.510526315789474,"[0.63, 0.63]","['2023-08-16', '2022-11-17']",__nan__,0.6381604134762634
328,VSH,Vishay Intertechnology Inc. Common Stock,"Vishay Intertechnology, Inc. manufactures and supplies discrete semiconductors and passive electronic components in Asia, Europe, and the Americas. It operates through six segments: Metal Oxide Semiconductor Field Effect Transistors (MOSFETs), Diodes, Optoelectronic Components, Resistors, Inductors, and Capacitors. The MOSFETs segment offers low- and medium-voltage TrenchFET MOSFETs, high-voltage planar MOSFETs, high voltage Super Junction MOSFETs, power integrated circuits, and integrated function power devices. The Diodes segment provides rectifiers, small signal diodes, protection diodes, thyristors/silicon-controlled rectifiers, and power modules. The Optoelectronic Components segment contains standard and customer specific optoelectronic components, such as infrared (IR) emitters and detectors, IR remote control receivers, optocouplers, solid-state relays, optical sensors, light-emitting diodes, 7-segment displays, and IR data transceiver modules. The Resistors segment offers resistors, which are basic components used in various forms of electronic circuitry to adjust and regulate levels of voltage and current. The Inductors segment provides inductors for use as an internal magnetic field to change alternating current phase and resist alternating current. The Capacitors segment offers capacitors, which store energy and discharge it when needed. The company sells its products under Siliconix, Dale, Draloric, Beyschlag, Sfernice, MCB, UltraSource, Applied Thin-Film Products, IHLP, HiRel Systems, Sprague, Vitramon, Barry, Roederstein, ESTA, and BCcomponents brands. It serves industrial, computing, automotive, consumer, telecommunications, power supplies, military, aerospace, and medical end markets. Vishay Intertechnology, Inc. was incorporated in 1962 and is headquartered in Malvern, Pennsylvania.",Joel Smejkal,Semiconductors,17.02,USD,2311217914,https://images.financialmodelingprep.com/symbol/VSH.png,2185154,1980-03-17,-243.14,-0.45,1161799,288902000,-8978000,"[{'period': '2025', 'revenue': 3070.0, 'unit': 'M', 'net_profit': -8.98}, {'period': '2024', 'revenue': 2940.0, 'unit': 'M', 'net_profit': -31.15}, {'period': '2023', 'revenue': 3400.0, 'unit': 'M', 'net_profit': 323.82}, {'period': '2022', 'revenue': 3500.0, 'unit': 'M', 'net_profit': 428.81}]","[{'period': ""Q4 '25"", 'revenue': 800920.0, 'unit': 'K', 'net_profit': 986.0}, {'period': ""Q3 '25"", 'revenue': 790.64, 'unit': 'M', 'net_profit': -7.88}, {'period': ""Q2 '25"", 'revenue': 762.25, 'unit': 'M', 'net_profit': 2.0}, {'period': ""Q1 '25"", 'revenue': 715.24, 'unit': 'M', 'net_profit': -4.09}, {'period': ""Q4 '24"", 'revenue': 714.72, 'unit': 'M', 'net_profit': -66.31}, {'period': ""Q3 '24"", 'revenue': 735.35, 'unit': 'M', 'net_profit': -19.3}]",-0.0661,-0.0661,4234160000,1887240000,515231000,2145887000,381802000,0,720426000,514966000,-88985000,0.22553195099602946,0.7117817014446228,0.7126086956521739,"[0.1, 0.835]","['2026-03-12', '2010-07-07']",__nan__,0.5068034745970865
329,VST,Vistra Corp. Common Stock,"Vistra Corp., together with its subsidiaries, operates as an integrated retail electricity and power generation company. The company operates through six segments: Retail, Texas, East, West, Sunset, and Asset Closure. It retails electricity and natural gas to residential, commercial, and industrial customers across 20 states in the United States and the District of Columbia. The company is also involved in the electricity generation, wholesale energy purchases and sales, commodity risk management, fuel production, and fuel logistics management activities. It serves approximately 4.3 million customers with a generation capacity of approximately 38,700 megawatts with a portfolio of natural gas, nuclear, coal, solar, and battery energy storage facilities. The company was formerly known as Vistra Energy Corp. and changed its name to Vistra Corp. in July 2020. Vistra Corp. was founded in 1882 and is based in Irving, Texas.",James A. Burke,Independent Power Producers,155.48,USD,52637643920,https://images.financialmodelingprep.com/symbol/VST.png,5417540,2016-10-05,71.32,3.18,4550129,5252000000,944000000,"[{'period': '2025', 'revenue': 16970.0, 'unit': 'M', 'net_profit': 944.0}, {'period': '2024', 'revenue': 19.38, 'unit': 'B', 'net_profit': 2.66}, {'period': '2023', 'revenue': 15.54, 'unit': 'B', 'net_profit': 1.49}, {'period': '2022', 'revenue': 17.84, 'unit': 'B', 'net_profit': -1.23}]","[{'period': ""Q4 '25"", 'revenue': 2340.0, 'unit': 'M', 'net_profit': 233.0}, {'period': ""Q3 '25"", 'revenue': 4970.0, 'unit': 'M', 'net_profit': 652.0}, {'period': ""Q2 '25"", 'revenue': 4250.0, 'unit': 'M', 'net_profit': 327.0}, {'period': ""Q1 '25"", 'revenue': 5170.0, 'unit': 'M', 'net_profit': -268.0}, {'period': ""Q4 '24"", 'revenue': 7360.0, 'unit': 'M', 'net_profit': 441.0}, {'period': ""Q3 '24"", 'revenue': 5.53, 'unit': 'B', 'net_profit': 1.89}]",2.21,2.21,41550000000,9179000000,816000000,36440000000,2323000000,5502000000,11814000000,816000000,129000000,-0.26974416017797553,-0.6449793155321549,-0.6913407821229051,"[0.228, 2.32]","['2026-03-20', '2016-12-15']",__nan__,0.8770156438026474
330,VSTO,Vista Outdoor Inc. Common Stock,"Vista Outdoor Inc. designs, manufactures, and markets consumer products in the outdoor sports and recreation markets in the United States and internationally. The company operates through two segments, Sporting Products and Outdoor Products. The Sporting Products segment designs, develops, manufactures, and distributes ammunitions, components, and related equipment and accessories that serves hunters, recreational shooters, federal and local law enforcement agencies, and military. This segment products include ammunition products, such as pistol, rifle, rimfire, and shotshell ammunition, as well as components. The Outdoor Products segment offers gears and equipment that enhances the outdoor experiences of a wide variety of end users, including hunters, hikers, campers, cyclists, skiers, snowboarders, and golfers. This segments products portfolio includes hunting and shooting accessories comprising reloading equipment, clay targets, premium gun care products, hunting arrows, game calls, hunting blinds, and decoys; optics, such as binoculars, riflescopes, game cameras, and telescopes; tactical accessories comprising holsters, duty gear, bags, and packs; personal hydration solutions consist of hydration packs, water bottles, and drinkware; outdoor cooking solutions, including grills, cookware, pellets, and camp stoves; helmets, goggles, footwear, E-bikes, and accessories for cycling, snow sports, action sports, and power sports; audio speakers for outdoor sports; and golf gps devices, laser rangefinders, golf launch monitors and simulators, and other golf technology products. The company sells its products to outdoor enthusiasts, backyard grillers, campers, and athletes, as well as law enforcement and military professionals through a wide variety of mass, specialty, and independent retailers and distributors, as well as consumers through brand's website. Vista Outdoor Inc. was incorporated in 2014 and is headquartered in Anoka, Minnesota.",Jason R. Vanderbrink,Leisure,44.63,USD,2607619325,https://images.financialmodelingprep.com/symbol/VSTO.png,0,2015-02-06,-234.89473684210526,,0,148276000,-5505000,"[{'period': '2024', 'revenue': 2750.0, 'unit': 'M', 'net_profit': -5.5}, {'period': '2023', 'revenue': 3080.0, 'unit': 'M', 'net_profit': -9.72}, {'period': '2022', 'revenue': 3040.0, 'unit': 'M', 'net_profit': 473.23}, {'period': '2021', 'revenue': 2230.0, 'unit': 'M', 'net_profit': 266.01}]","[{'period': ""Q2 '25"", 'revenue': 665.91, 'unit': 'M', 'net_profit': 41.8}, {'period': ""Q1 '25"", 'revenue': 644.18, 'unit': 'M', 'net_profit': 57.12}, {'period': ""Q4 '24"", 'revenue': 693.67, 'unit': 'M', 'net_profit': 40.17}, {'period': ""Q3 '24"", 'revenue': 682.25, 'unit': 'M', 'net_profit': -148.19}, {'period': ""Q2 '24"", 'revenue': 676.81, 'unit': 'M', 'net_profit': 44.42}, {'period': ""Q1 '24"", 'revenue': 693.33, 'unit': 'M', 'net_profit': 58.1}]",-0.095,-0.095,2402380000,1075122000,60271000,1276083000,365016000,13000,385298000,60271000,370353000,-0.7427652956249143,0.4335254167524182,0.44117647058823534,__nan__,__nan__,__nan__,0.5311745019522307
331,VTA,Invesco Credit Opportunities Fund Common Shares of Beneficial Interest,"Invesco Dynamic Credit Opportunities Fund is a diversified closed-end management investment company. The Fund's investment objective is to seek a high level of current income, with a secondary objective of capital appreciation. The Fund invests primarily in a portfolio of interests in floating or variable senior loans to corporations, partnerships and other entities, which operate in a range of industries and geographic regions. The Fund invests in various sectors, which include business equipment and services; electronics and electrical; retailers (except food and drug); telecommunications; utilities; food products; healthcare; leisure goods, activities and movies; lodging and casinos; oil and gas; containers and glass products; structured products; cable and satellite television, and financial intermediaries. It may invest in senior loans to borrowers that are organized or located in countries other than the United States. The Fund's investment advisor is Invesco Advisers, Inc.",Sheri Morris,Asset Management,11.45,USD,0,https://images.financialmodelingprep.com/symbol/VTA.png,467489,2007-06-27,,-0.0100002,2512866,,,[],[],,,,,,,,,,,,,,,"[0.075, 0.1517]","['2021-10-13', '2007-09-12']",__nan__,__nan__
332,VTN,Invesco Trust for Investment Grade New York Municipals Common Stock,"Invesco Trust for Investment Grade New York Municipals is a closed-ended fixed income mutual fund launched by Invesco Ltd. The fund is co-managed by Invesco Advisers, Inc., INVESCO Asset Management (Japan) Limited, INVESCO Asset Management Deutschland GmbH, INVESCO Asset Management Limited, Invesco Canada Ltd., Invesco Hong Kong Limited, and INVESCO Senior Secured Management, Inc. It invests in the fixed income markets of the United States. The fund primarily invests in investment grade New York municipal securities which include municipal bonds, municipal notes, municipal commercial paper, and lease obligations. It employs fundamental analysis with bottom-up security selection approach to create its portfolio. The fund was formerly known as Invesco Van Kampen Trust for Investment Grade New York Municipals. Invesco Trust for Investment Grade New York Municipals was formed on March 27, 1992 and is domiciled in the United States.",Mark E. Paris,Asset Management,10.57,USD,154480222,https://images.financialmodelingprep.com/symbol/VTN.png,39483,1992-05-13,-12.29,-0.07,74484,0,5854173,"[{'period': '2024', 'revenue': 15.01, 'unit': 'M', 'net_profit': 5.85}, {'period': '2023', 'revenue': 15.36, 'unit': 'M', 'net_profit': 16.39}, {'period': '2022', 'revenue': -29.33, 'unit': 'M', 'net_profit': -29.55}, {'period': '2021', 'revenue': 698.54, 'unit': 'K', 'net_profit': 465.13}]","[{'period': ""Q2 '25"", 'revenue': 3.41, 'unit': 'M', 'net_profit': -13.07}, {'period': ""Q4 '24"", 'revenue': 4370.0, 'unit': 'K', 'net_profit': 798.73}, {'period': ""Q2 '24"", 'revenue': 7.06, 'unit': 'M', 'net_profit': 5.06}, {'period': ""Q4 '23"", 'revenue': 7.79, 'unit': 'M', 'net_profit': 13.9}, {'period': ""Q2 '23"", 'revenue': 7.58, 'unit': 'M', 'net_profit': 2.5}, {'period': ""Q4 '22"", 'revenue': 7610.0, 'unit': 'K', 'net_profit': 727.68}]",0.4007,0.4007,259489052,3517169,0,88962742,3517169,0,735325,0,112301195,-1.0,-0.6429259275569719,-0.5229761904761905,"[0.0685, 0.085]","['2026-03-16', '1992-06-09']",__nan__,0.34283813253131
333,VTOL,Bristow Group Inc. Common Stock,"Bristow Group Inc. provides aviation services to integrated, national, and independent offshore energy companies in the United States. It also offers commercial search and rescue services; and other helicopter and fixed wing transportation services. As of March 31, 2022, the company had a fleet of 229 aircrafts, of which 213 were helicopters. It also has operations in Australia, Brazil, Canada, Chile, the Dutch Caribbean, Guyana, India, Mexico, the Netherlands, Nigeria, Norway, Spain, Suriname, Trinidad, and the United Kingdom. The company was founded 1948 and is headquartered in Houston, Texas.",Christopher S. Bradshaw,Oil & Gas Equipment & Services,46.0,USD,1342786000,https://images.financialmodelingprep.com/symbol/VTOL.png,200101,2013-01-22,10.65,-0.3,107506,214112000,129074000,"[{'period': '2025', 'revenue': 1490.0, 'unit': 'M', 'net_profit': 129.07}, {'period': '2024', 'revenue': 1420.0, 'unit': 'M', 'net_profit': 94.8}, {'period': '2023', 'revenue': 1300.0, 'unit': 'M', 'net_profit': -6.78}, {'period': '2022', 'revenue': 1200.0, 'unit': 'M', 'net_profit': 9.21}]","[{'period': ""Q4 '25"", 'revenue': 377.26, 'unit': 'M', 'net_profit': 18.42}, {'period': ""Q3 '25"", 'revenue': 386.29, 'unit': 'M', 'net_profit': 51.54}, {'period': ""Q2 '25"", 'revenue': 376.43, 'unit': 'M', 'net_profit': 31.75}, {'period': ""Q1 '25"", 'revenue': 350.53, 'unit': 'M', 'net_profit': 27.36}, {'period': ""Q4 '24"", 'revenue': 377.21, 'unit': 'M', 'net_profit': 31.79}, {'period': ""Q3 '24"", 'revenue': 356.43, 'unit': 'M', 'net_profit': 28.24}]",4.47,4.32,2311261000,694288000,293631000,1251638000,217102000,23852000,365230000,293631000,56147000,-0.004935540539284486,0.3615831724632636,0.3463855421686747,"[0.125, 0.125]","['2026-03-13', '2026-03-13']",__nan__,0.5415390126861483
334,VTR,Ventas Inc. Common Stock,"Ventas, an S&P 500 company, operates at the intersection of two powerful and dynamic industries: healthcare and real estate. As one of the world's foremost Real Estate Investment Trusts (REIT), we use the power of capital to unlock the value of real estate, partnering with leading care providers, developers, research and medical institutions, innovators and healthcare organizations whose success is buoyed by the demographic tailwind of an aging population. For more than twenty years, Ventas has followed a successful strategy that endures: combining a high-quality diversified portfolio of properties and capital sources to manage through cycles, working with industry leading partners, and a collaborative and experienced team focused on producing consistent growing cash flows and superior returns on a strong balance sheet, ultimately rewarding Ventas shareholders. As of September 30, 2020, Ventas owned or managed through unconsolidated joint ventures approximately 1,200 properties.",Debra A. Cafaro,REIT - Healthcare Facilities,81.91,USD,38904383150,https://images.financialmodelingprep.com/symbol/VTR.png,2922215,1997-05-05,151.69,-0.75,2892404,2238754000,251381000,"[{'period': '2025', 'revenue': 5830.0, 'unit': 'M', 'net_profit': 251.38}, {'period': '2024', 'revenue': 4920.0, 'unit': 'M', 'net_profit': 81.15}, {'period': '2023', 'revenue': 4500.0, 'unit': 'M', 'net_profit': -40.97}, {'period': '2022', 'revenue': 4130.0, 'unit': 'M', 'net_profit': -47.45}]","[{'period': ""Q4 '25"", 'revenue': 1570.0, 'unit': 'M', 'net_profit': 70.2}, {'period': ""Q3 '25"", 'revenue': 1490.0, 'unit': 'M', 'net_profit': 66.05}, {'period': ""Q2 '25"", 'revenue': 1420.0, 'unit': 'M', 'net_profit': 68.26}, {'period': ""Q1 '25"", 'revenue': 1360.0, 'unit': 'M', 'net_profit': 46.87}, {'period': ""Q4 '24"", 'revenue': 1290.0, 'unit': 'M', 'net_profit': 56.84}, {'period': ""Q3 '24"", 'revenue': 1240.0, 'unit': 'M', 'net_profit': 19.24}]",0.55,0.54,27591945000,1326092000,741067000,15006137000,415573000,718185000,1387956000,741067000,1316563000,0.15596502705379314,2.097618079430212,1.75,"[0.52, 0.39]","['2026-03-31', '1999-01-27']",__nan__,0.5438593401081366
335,VVI,Viad Corp Common Stock,"Viad Corp operates as an experiential leisure travel, and live events and marketing services company in the United States, Canada, the United Kingdom, Continental Europe, the United Arab Emirates, and Iceland. It operates through two segments, Pursuit and GES. The Pursuit segment offers vertically integrated attractions and hospitality in destinations with a collection of attractions, lodges, and sightseeing tours. The GES is a full-service live events company that offers a range of services for exhibitions, conferences, brand experiences, and venues. In addition, the company offers a collection of travel experiences in recreational attractions, food and beverage, retail, and ground transportation services. It serves event organizers and corporate brand marketers directly, as well as through a distribution channel network that include tour operators, tour wholesalers, destination management companies, and retail travel agencies. Viad Corp was founded in 1926 and is headquartered in Scottsdale, Arizona.",Derek P. Linde,Specialty Business Services,42.51,USD,1186109769,https://images.financialmodelingprep.com/symbol/VVI.png,162951,2004-06-22,41.6764705882353,-0.3,141196,109912000,71521000,"[{'period': '2025', 'revenue': 452.42, 'unit': 'M', 'net_profit': 71.52}, {'period': '2024', 'revenue': 366.49, 'unit': 'M', 'net_profit': 368.54}, {'period': '2023', 'revenue': 1240.0, 'unit': 'M', 'net_profit': 16.02}, {'period': '2022', 'revenue': 1130.0, 'unit': 'M', 'net_profit': 23.22}]","[{'period': ""Q4 '25"", 'revenue': 57.07, 'unit': 'M', 'net_profit': 26.98}, {'period': ""Q3 '25"", 'revenue': 241.02, 'unit': 'M', 'net_profit': 73.85}, {'period': ""Q2 '25"", 'revenue': 116.74, 'unit': 'M', 'net_profit': 5.65}, {'period': ""Q1 '25"", 'revenue': 37.58, 'unit': 'M', 'net_profit': -34.95}, {'period': ""Q4 '24"", 'revenue': -741.25, 'unit': 'M', 'net_profit': 313.34}, {'period': ""Q3 '24"", 'revenue': 455.7, 'unit': 'M', 'net_profit': 48.62}]",0.88,0.8,965425000,63656000,31118000,305041000,9151000,79000,78790000,31118000,11131000,3.1234930448222564,-0.8059363332465052,1.380952380952381,"[0.1, 0.04]","['2020-03-13', '2004-09-01']",__nan__,0.31596550741901236
336,VVNT,Vivint Smart Home Inc. ,"Vivint Smart Home, Inc., together with its subsidiaries, engages in the sale, installation, servicing, and monitoring of smart home and security systems primarily in the United States and Canada. The company's smart home platform includes cloud-enabled smart home operating systems; AI-driven smart home automation and assistance software; software-enabled smart home devices; and tech-enabled services to educate, manage, and support the smart home. It also offers other devices, including control panel, door and window sensors, security cameras and smoke alarms, door locks, motion sensors, glass break detectors, key fobs, emergency pendants, carbon monoxide detectors, fire, flood, and burglary sensors. The company's solutions enable subscribers to interact their connected home with voice or mobile device, including front door, viewing live and recorded video inside and outside homes; and control thermostats, locks, lights, and garage doors, as well as managing movement of families, friends, and visitors. As of March 31, 2021, its smart home platform had approximately 1.9 million subscribers and managed approximately 26 million in-home devices. It markets its products through direct-to-home and inside sales channels. Vivint Smart Home, Inc. was founded in 1999 and is headquartered in Provo, Utah.",David H. Bywater,Security & Protection Services,12.0,USD,2576328000,https://images.financialmodelingprep.com/symbol/VVNT.png,2169022,2017-10-19,-50.0,0.0,4363060,717861000,-51734000,"[{'period': '2022', 'revenue': 1680.0, 'unit': 'M', 'net_profit': -51.73}, {'period': '2021', 'revenue': 1480.0, 'unit': 'M', 'net_profit': -305.55}, {'period': '2020', 'revenue': 1260.0, 'unit': 'M', 'net_profit': -484.24}, {'period': '2019', 'revenue': 1150.0, 'unit': 'M', 'net_profit': -400.7}]","[{'period': ""Q4 '22"", 'revenue': 443.09, 'unit': 'M', 'net_profit': 20.19}, {'period': ""Q3 '22"", 'revenue': 439.37, 'unit': 'M', 'net_profit': -41.01}, {'period': ""Q2 '22"", 'revenue': 407.28, 'unit': 'M', 'net_profit': -3.49}, {'period': ""Q1 '22"", 'revenue': 392.75, 'unit': 'M', 'net_profit': -27.43}, {'period': ""Q4 '21"", 'revenue': 396.21, 'unit': 'M', 'net_profit': -53.46}, {'period': ""Q3 '21"", 'revenue': 386.71, 'unit': 'M', 'net_profit': -92.74}]",-0.24,-0.24,2878542000,447994000,283852000,4580886000,55694000,0,940701000,283852000,19731000,13.9172094864505,0.8306867570822642,0.8356164383561644,__nan__,__nan__,__nan__,1.5913910583899766
337,VVR,Invesco Senior Income Trust Common Stock (DE),"Invesco Senior Income Trust is a closed ended fixed income mutual fund launched by Invesco Ltd. It is co-managed by Invesco Advisers, Inc., Invesco Asset Management Deutschland GmbH, Invesco Asset Management Limited, Invesco Asset Management (Japan) Limited, Invesco Australia Limited, Invesco Hong Kong Limited, Invesco Senior Secured Management, Inc., and Invesco Canada Ltd. The fund invests in the fixed income markets of the United States. It primarily invests in a portfolio of interests in floating or variable rate senior loans to corporations, partnerships, and other entities which operate in a variety of industries and geographical regions. The fund typically employs fundamental analysis with a bottom up stock picking approach to create its portfolio. It benchmarks the performance of its portfolio against the Credit Suisse Leveraged Loan Index. The fund was formerly known as Invesco Van Kampen Senior Income Trust and Van Kampen Senior Income Trust. Invesco Senior Income Trust was formed on June 23, 1998 and is domiciled in the United States.",Colin D. Meadows,Asset Management - Income,3.11,USD,478706840,https://images.financialmodelingprep.com/symbol/VVR.png,1030362,1998-06-24,14.14,-0.01000005,1083921,40113578,40113578,"[{'period': '2024', 'revenue': 64.98, 'unit': 'M', 'net_profit': 40.11}, {'period': '2023', 'revenue': 94.93, 'unit': 'M', 'net_profit': 70.39}, {'period': '2022', 'revenue': 15830.0, 'unit': 'K', 'net_profit': 655.68}, {'period': '2021', 'revenue': 51.79, 'unit': 'M', 'net_profit': 49.38}]","[{'period': ""Q2 '25"", 'revenue': 8.52, 'unit': 'M', 'net_profit': 16.7}, {'period': ""Q4 '24"", 'revenue': 5.27, 'unit': 'M', 'net_profit': 15.31}, {'period': ""Q2 '24"", 'revenue': 59.71, 'unit': 'M', 'net_profit': 24.8}, {'period': ""Q4 '23"", 'revenue': 49.63, 'unit': 'M', 'net_profit': 33.81}, {'period': ""Q2 '23"", 'revenue': 52.49, 'unit': 'M', 'net_profit': 36.57}, {'period': ""Q4 '22"", 'revenue': 47.25, 'unit': 'M', 'net_profit': 24.74}]",0.262,0.262,975872494,53026805,10819895,385242069,42206910,440479,45938075,10819895,67895418,56.7388955020648,-0.43008838226767143,-0.43043478260869567,"[0.038, 0.065]","['2026-03-16', '1998-08-12']",__nan__,0.39476680751696647
338,VVV,Valvoline Inc. Common Stock,"Valvoline Inc. manufactures, markets, and supplies, engine and automotive maintenance products and services. It operates through two segments, Retail Services and Global Products. The company offers lubricants for passenger car, light duty, and heavy duty; antifreeze/coolants for original equipment manufacturers; functional and maintenance chemicals, such as brake fluids and power steering fluids, as well as specialty coatings for automotive and industrial applications; and oil and air filters for light-duty vehicles. It also provides batteries, windshield wiper blades, light bulbs, serpentine belts, and drain plugs. In addition, the company operates Valvoline instant oil change service centers. As of September 30, 2021, it operated and franchised approximately 1,594 quick-lube locations under the Valvoline Instant Oil Change brand in the United States and the Great Canadian Oil Change brand in Canada. The company also serves car dealers, general repair shops, and third-party quick lube locations, as well as through distributors and licensees. It has operations in North America, Europe, the Middle East, Africa, the Asia Pacific, and Latin America. The company was founded in 1866 and is headquartered in Lexington, Kentucky.",Lori A. Flees,Oil & Gas Refining & Marketing,33.42,USD,4254894905,https://images.financialmodelingprep.com/symbol/VVV.png,1961742,2016-09-23,48.43,-1.23,1218481,510700000,210700000,"[{'period': '2025', 'revenue': 1710.0, 'unit': 'M', 'net_profit': 210.7}, {'period': '2024', 'revenue': 1620.0, 'unit': 'M', 'net_profit': 211.5}, {'period': '2023', 'revenue': 1.44, 'unit': 'B', 'net_profit': 1.42}, {'period': '2022', 'revenue': 1240.0, 'unit': 'M', 'net_profit': 424.3}]","[{'period': ""Q1 '26"", 'revenue': 461.8, 'unit': 'M', 'net_profit': -32.8}, {'period': ""Q4 '25"", 'revenue': 453.8, 'unit': 'M', 'net_profit': 25.0}, {'period': ""Q3 '25"", 'revenue': 439.0, 'unit': 'M', 'net_profit': 56.5}, {'period': ""Q2 '25"", 'revenue': 403.2, 'unit': 'M', 'net_profit': 37.6}, {'period': ""Q1 '25"", 'revenue': 414.3, 'unit': 'M', 'net_profit': 91.6}, {'period': ""Q4 '24"", 'revenue': 435.5, 'unit': 'M', 'net_profit': 92.3}]",1.65,1.64,2670400000,243700000,51600000,2331900000,89600000,4300000,347400000,51600000,38000000,0.3907952069716776,-0.0037825059101654845,0.012269938650306761,"[0.125, 0.049]","['2022-12-01', '2016-12-01']",__nan__,0.8732399640503296
339,VYGG,Vy Global Growth Class A Ordinary Shares,"Vy Global Growth does not have significant operations. It intends to effect a merger, share exchange, asset acquisition, share purchase, reorganization, or other similar business combination with one or more businesses in the financial, technology, and business services sectors. The company was incorporated in 2020 and is based in Grand Cayman, the Cayman Islands.",John Hering,Shell Companies,10.045,USD,0,https://images.financialmodelingprep.com/symbol/VYGG.png,0,2020-12-15,0.0,-0.005,471424,18432754,38573349,"[{'period': '2021', 'revenue': 0.0, 'unit': 'M', 'net_profit': 38.57}, {'period': '2020', 'revenue': 0.0, 'unit': 'K', 'net_profit': -286.3}]","[{'period': ""Q2 '22"", 'revenue': 0.0, 'unit': 'M', 'net_profit': 22.46}, {'period': ""Q1 '22"", 'revenue': 0.0, 'unit': 'M', 'net_profit': 18.76}, {'period': ""Q4 '21"", 'revenue': 0.0, 'unit': 'M', 'net_profit': 7.34}, {'period': ""Q3 '21"", 'revenue': 0.0, 'unit': 'M', 'net_profit': 9.63}, {'period': ""Q2 '21"", 'revenue': 0.0, 'unit': 'M', 'net_profit': 5.78}, {'period': ""Q4 '20"", 'revenue': 0.0, 'unit': 'K', 'net_profit': -286.3}]",0.58,0.58,577145035,1942375,1809415,46356511,0,575202660,1291511,1809415,-607110,65.38310431787858,135.73146511676646,135.88372093023253,__nan__,__nan__,__nan__,0.08032038428607464
340,VZIO,VIZIO Holding Corp. Class A Common Stock,"VIZIO Holding Corp., through its subsidiaries, provides smart televisions, sound bars, and accessories in the United States. It also operates Platform+ that comprises SmartCast, a Smart TV operating system, enabling integrated home entertainment solution, and data intelligence and services products through Inscape. Its SmartCast delivers content and applications through an easy-to-use interface, as well as supports streaming apps, such as Amazon Prime Video, Apple TV+, Discovery+, Disney+, HBO Max, Hulu, Netflix, Paramount+, Peacock, and YouTube TV and hosts its free ad-supported video app, WatchFree, and VIZIO Free channels. In addition, the company provides support for third-party voice platforms, as well as second screen viewing. It sells its products to retailers and through online channels. VIZIO Holding Corp. was incorporated in 2002 and is headquartered in Irvine, California.",William W. Wang,Consumer Electronics,11.35,USD,2298431739,https://images.financialmodelingprep.com/symbol/VZIO.png,0,2021-03-26,162.14285714285714,,0,32200000,28200000,"[{'period': '2023', 'revenue': 1680.0, 'unit': 'M', 'net_profit': 28.2}, {'period': '2022', 'revenue': 1860000.0, 'unit': 'K', 'net_profit': -400.0}, {'period': '2021', 'revenue': 2120.0, 'unit': 'M', 'net_profit': -39.4}, {'period': '2020', 'revenue': 2040.0, 'unit': 'M', 'net_profit': 102.5}]","[{'period': ""Q3 '24"", 'revenue': 444700.0, 'unit': 'K', 'net_profit': 500.0}, {'period': ""Q2 '24"", 'revenue': 437300.0, 'unit': 'K', 'net_profit': 200.0}, {'period': ""Q1 '24"", 'revenue': 353.9, 'unit': 'M', 'net_profit': -12.1}, {'period': ""Q4 '23"", 'revenue': 502.6, 'unit': 'M', 'net_profit': 13.2}, {'period': ""Q3 '23"", 'revenue': 426.2, 'unit': 'M', 'net_profit': 13.8}, {'period': ""Q2 '23"", 'revenue': 394.4, 'unit': 'M', 'net_profit': 1.9}]",0.14,0.14,960700000,794400000,351500000,511400000,390200000,500000,492000000,221600000,-3700000,2.156862745098039,71.5,67.66666666666667,__nan__,__nan__,__nan__,0.5323201831997502
341,W,Wayfair Inc. Class A Common Stock,"Wayfair Inc. engages in the e-commerce business in the United States and internationally. The company provides approximately thirty-three million products for the home sector under various brands. It offers online selections of furniture, décor, housewares, and home improvement products through its sites, including Wayfair, Joss & Main, AllModern, Birch Lane, and Perigold brands. The company was founded in 2002 and is headquartered in Boston, Massachusetts.",Niraj S. Shah,Specialty Retail,71.5,USD,9348227889,https://images.financialmodelingprep.com/symbol/W.png,3476081,2014-10-02,-29.3,-2.2,3284146,82000000,-313000000,"[{'period': '2025', 'revenue': 12460.0, 'unit': 'M', 'net_profit': -313.0}, {'period': '2024', 'revenue': 11850.0, 'unit': 'M', 'net_profit': -492.0}, {'period': '2023', 'revenue': 12000.0, 'unit': 'M', 'net_profit': -738.0}, {'period': '2022', 'revenue': 12.22, 'unit': 'B', 'net_profit': -1.33}]","[{'period': ""Q4 '25"", 'revenue': 3340.0, 'unit': 'M', 'net_profit': -116.0}, {'period': ""Q3 '25"", 'revenue': 3120.0, 'unit': 'M', 'net_profit': -99.0}, {'period': ""Q2 '25"", 'revenue': 3270.0, 'unit': 'M', 'net_profit': 15.0}, {'period': ""Q1 '25"", 'revenue': 2730.0, 'unit': 'M', 'net_profit': -113.0}, {'period': ""Q4 '24"", 'revenue': 3120.0, 'unit': 'M', 'net_profit': -128.0}, {'period': ""Q3 '24"", 'revenue': 2880.0, 'unit': 'M', 'net_profit': -74.0}]",-2.42,-2.42,3440000000,2001000000,1542000000,6222000000,132000000,0,2129000000,1476000000,464000000,2.242424242424242,0.3638211382113821,0.395,__nan__,__nan__,__nan__,1.8087209302325582
342,WAB,Westinghouse Air Brake Technologies Corporation Common Stock,"Westinghouse Air Brake Technologies Corporation provides technology-based equipment, systems, and services for the freight rail and passenger transit industries worldwide. It operates through two segments, Freight and Transit. The Freight segment manufactures and services components for new and existing freight cars and locomotives; builds new commuter locomotives; rebuilds freight locomotives; supplies railway electronics, positive train control equipment, signal design, and engineering services; and provides related heat exchange and cooling systems. It serves publicly traded railroads; leasing companies; manufacturers of original equipment, including locomotives and freight cars; and utilities. The Transit segment manufactures and services components for new and existing passenger transit vehicles, such as regional trains, high speed trains, subway cars, light-rail vehicles, and buses; refurbishes subway cars; and provides heating, ventilation, and air conditioning equipment, as well as doors for buses and subways. This segment serves public transit authorities and municipalities, leasing companies, and manufacturers of subway cars and buses. It also provides electronically controlled pneumatic braking products; railway electronics; freight car trucks; draft gears, couplers, and slack adjusters; air compressors and dryers; heat exchangers and cooling products; and track and switch products. In addition, the company offers railway braking equipment and related components; friction products; new switcher locomotives; transit locomotive and car overhaul services; and freight locomotive overhaul, modernizations, and refurbishment services. Further, it provides platform screen doors; pantographs; window assemblies; couplers; accessibility lifts and ramps for buses and subway cars; and traction motors. The company was founded in 1869 and is headquartered in Pittsburgh, Pennsylvania.",Rafael Ottoni Santana,Railroads,241.11,USD,41219485670,https://images.financialmodelingprep.com/symbol/WAB.png,809666,1995-06-16,35.35,-4.43,550079,2370000000,1170000000,"[{'period': '2025', 'revenue': 11.17, 'unit': 'B', 'net_profit': 1.17}, {'period': '2024', 'revenue': 10.39, 'unit': 'B', 'net_profit': 1.06}, {'period': '2023', 'revenue': 9680.0, 'unit': 'M', 'net_profit': 815.0}, {'period': '2022', 'revenue': 8360.0, 'unit': 'M', 'net_profit': 633.0}]","[{'period': ""Q4 '25"", 'revenue': 2960.0, 'unit': 'M', 'net_profit': 202.0}, {'period': ""Q3 '25"", 'revenue': 2890.0, 'unit': 'M', 'net_profit': 310.0}, {'period': ""Q2 '25"", 'revenue': 2710.0, 'unit': 'M', 'net_profit': 336.0}, {'period': ""Q1 '25"", 'revenue': 2610.0, 'unit': 'M', 'net_profit': 322.0}, {'period': ""Q4 '24"", 'revenue': 2580.0, 'unit': 'M', 'net_profit': 212.0}, {'period': ""Q3 '24"", 'revenue': 2660.0, 'unit': 'M', 'net_profit': 283.0}]",6.86,6.83,22069000000,5694000000,789000000,10879000000,1897000000,0,5150000000,789000000,1499000000,0.14492753623188406,0.10795454545454546,0.13388429752066125,"[0.31, 0.01]","['2026-02-17', '1995-11-13']",__nan__,0.49295391725950427
343,WAL,Western Alliance Bancorporation Common Stock (DE),"Western Alliance Bancorporation operates as the bank holding company for Western Alliance Bank that provides various banking products and related services primarily in Arizona, California, and Nevada. It operates in Commercial, Consumer Related, and Corporate & Other segments. The company offers deposit products, including checking, savings, and money market accounts, as well as fixed-rate and fixed maturity certificates of deposit accounts; and treasury management and residential mortgage products and services. It also offers commercial and industrial loan products, such as working capital lines of credit, loans to technology companies, inventory and accounts receivable lines, mortgage warehouse lines, equipment loans and leases, and other commercial loans; commercial real estate loans, which are secured by multi-family residential properties, professional offices, industrial facilities, retail centers, hotels, and other commercial properties; construction and land development loans for single family and multi-family residential projects, industrial/warehouse properties, office buildings, retail centers, medical office facilities, and residential lot developments; and consumer loans. In addition, the company provides other financial services, such as internet banking, wire transfers, electronic bill payment and presentment, lock box services, courier, and cash management services. Further, it holds certain investment securities, municipal and non-profit loans, and leases; invests primarily in low-income housing tax credits and small business investment corporations; and holds certain real estate loans and related securities. The company operates 36 branch locations, as well as loan production offices. Western Alliance Bancorporation was founded in 1994 and is headquartered in Phoenix, Arizona.",Kenneth A. Vecchione,Banks - Regional,67.8,USD,7461638623,https://images.financialmodelingprep.com/symbol/WAL.png,1336679,2005-07-01,7.77,-2.36,1132601,1207200000,969000000,"[{'period': '2025', 'revenue': 5280.0, 'unit': 'M', 'net_profit': 969.0}, {'period': '2024', 'revenue': 5020.0, 'unit': 'M', 'net_profit': 787.7}, {'period': '2023', 'revenue': 4260.0, 'unit': 'M', 'net_profit': 722.4}, {'period': '2022', 'revenue': 2.96, 'unit': 'B', 'net_profit': 1.06}]","[{'period': ""Q4 '25"", 'revenue': 1410.0, 'unit': 'M', 'net_profit': 286.1}, {'period': ""Q3 '25"", 'revenue': 1400.0, 'unit': 'M', 'net_profit': 253.4}, {'period': ""Q2 '25"", 'revenue': 1280.0, 'unit': 'M', 'net_profit': 230.4}, {'period': ""Q1 '25"", 'revenue': 1210.0, 'unit': 'M', 'net_profit': 199.1}, {'period': ""Q4 '24"", 'revenue': 1290.0, 'unit': 'M', 'net_profit': 216.9}, {'period': ""Q3 '24"", 'revenue': 1310.0, 'unit': 'M', 'net_profit': 199.8}]",8.79,8.73,92774000000,24034000000,24034000000,84828000000,473000000,72384000000,42769000000,3596000000,-2793200000,0.08786158421194917,0.23016376793195378,0.23109243697478984,"[0.42, 0.25]","['2026-02-20', '2019-08-15']",__nan__,0.9143510035139155
344,WALA,Western Alliance Bancorporation 6.25% Subordinated Debentures due 2056,,None,Asset Management,25.37,USD,2642589940,https://images.financialmodelingprep.com/symbol/WALA.png,17459,2016-06-22,7.55,0.14,6107,1207200000,969000000,"[{'period': '2025', 'revenue': 5280.0, 'unit': 'M', 'net_profit': 969.0}, {'period': '2024', 'revenue': 5020.0, 'unit': 'M', 'net_profit': 787.7}, {'period': '2023', 'revenue': 4260.0, 'unit': 'M', 'net_profit': 722.4}, {'period': '2022', 'revenue': 2.96, 'unit': 'B', 'net_profit': 1.06}]","[{'period': ""Q4 '25"", 'revenue': 1410.0, 'unit': 'M', 'net_profit': 286.1}, {'period': ""Q3 '25"", 'revenue': 1400.0, 'unit': 'M', 'net_profit': 253.4}, {'period': ""Q2 '25"", 'revenue': 1280.0, 'unit': 'M', 'net_profit': 230.4}, {'period': ""Q1 '25"", 'revenue': 1210.0, 'unit': 'M', 'net_profit': 199.1}, {'period': ""Q4 '24"", 'revenue': 1290.0, 'unit': 'M', 'net_profit': 216.9}, {'period': ""Q3 '24"", 'revenue': 1310.0, 'unit': 'M', 'net_profit': 199.8}]",8.79,8.73,92774000000,24034000000,24034000000,84828000000,473000000,72384000000,42769000000,3596000000,-2793200000,0.08786158421194917,0.23016376793195378,0.23109243697478984,"[0.391, 0.391]","['2021-09-14', '2017-09-14']",__nan__,0.9143510035139155
345,WARR,Warrior Technologies Acquisition Company Class A Common Stock,"Warrior Technologies Acquisition Company does not have significant operations. The company focuses on effecting a merger, share exchange, asset acquisition, share purchase, reorganization, or similar business combination with one or more businesses or entities. It intends to identify business opportunities in the field of the environmental services sector. The company was incorporated in 2020 and is based in Midland, Texas.",H. H. Wommack III,Shell Companies,10.01,USD,0,https://images.financialmodelingprep.com/symbol/WARR.png,0,2021-02-26,22.75,0.0100002,18656,7178411,15097284,"[{'period': '2021', 'revenue': 0.0, 'unit': 'M', 'net_profit': 15.1}]","[{'period': ""Q2 '22"", 'revenue': 0.0, 'unit': 'M', 'net_profit': 4.15}, {'period': ""Q1 '22"", 'revenue': 0.0, 'unit': 'M', 'net_profit': 10.5}, {'period': ""Q4 '21"", 'revenue': 0.0, 'unit': 'M', 'net_profit': 1.83}, {'period': ""Q3 '21"", 'revenue': 0.0, 'unit': 'M', 'net_profit': 4.44}, {'period': ""Q2 '21"", 'revenue': 0.0, 'unit': 'M', 'net_profit': 2.84}, {'period': ""Q1 '21"", 'revenue': 0.0, 'unit': 'K', 'net_profit': -838.95}]",0.5,0.5,277089252,1039076,812409,20902199,0,276014523,432199,812409,-876953,0.0,0.0,0.0,__nan__,__nan__,__nan__,0.07543489633441286
346,WAT,Waters Corporation Common Stock,"Waters Corporation, a specialty measurement company, provides analytical workflow solutions in Asia, the Americas, and Europe. It operates through two segments, Waters and TA. The company designs, manufactures, sells, and services high and ultra-performance liquid chromatography, as well as mass spectrometry (MS) technology systems and support products, including chromatography columns, other consumable products, and post-warranty service plans. It also designs, manufactures, sells, and services thermal analysis, rheometry, and calorimetry instruments; and develops and supplies software-based products that interface with its instruments, as well as other manufacturers' instruments. Its MS technology instruments are used in drug discovery and development comprising clinical trial testing, the analysis of proteins in disease processes, nutritional safety analysis, and environmental testing. The company offers thermal analysis, rheometry, and calorimetry instruments for use in predicting the suitability and stability of fine chemicals, pharmaceuticals, water, polymers, metals, and viscous liquids for various industrial, consumer good, and healthcare products, as well as for life science research. Its products are used by life science, pharmaceutical, biochemical, industrial, nutritional safety, environmental, academic, and governmental customers working in research and development, quality assurance, and other laboratory applications. Waters Corporation was founded in 1958 and is headquartered in Milford, Massachusetts.",Udit Batra,Medical - Diagnostics & Research,289.16,USD,17207634006,https://images.financialmodelingprep.com/symbol/WAT.png,1049677,1995-11-17,26.87,-11.4,644394,1011886000,642629000,"[{'period': '2025', 'revenue': 3170.0, 'unit': 'M', 'net_profit': 642.63}, {'period': '2024', 'revenue': 2960.0, 'unit': 'M', 'net_profit': 637.83}, {'period': '2023', 'revenue': 2960.0, 'unit': 'M', 'net_profit': 642.23}, {'period': '2022', 'revenue': 2970.0, 'unit': 'M', 'net_profit': 707.75}]","[{'period': ""Q4 '25"", 'revenue': 932.36, 'unit': 'M', 'net_profit': 225.21}, {'period': ""Q3 '25"", 'revenue': 799.89, 'unit': 'M', 'net_profit': 148.92}, {'period': ""Q2 '25"", 'revenue': 771.33, 'unit': 'M', 'net_profit': 147.11}, {'period': ""Q1 '25"", 'revenue': 661.71, 'unit': 'M', 'net_profit': 121.38}, {'period': ""Q4 '24"", 'revenue': 872.71, 'unit': 'M', 'net_profit': 231.4}, {'period': ""Q3 '24"", 'revenue': 740.3, 'unit': 'M', 'net_profit': 161.5}]",10.8,10.76,5083977000,1989046000,587831000,2522735000,828844000,0,0,587831000,539810000,-0.023624767216341654,0.007517629978960043,0.00465116279069774,"[0.16, 0.16]","['1996-11-26', '1996-11-26']",__nan__,0.49621290576255556
347,WBK,Westpac Banking Corporation Common Stock,"Westpac Banking Corporation provides various banking and financial services in Australia, New Zealand, the Americas, Asia, Europe, and internationally. It offers everyday banking, savings, term deposit, business transaction, foreign currency, and specialized accounts; home, personal, and business loans; credit cards; international and travel services; share trading services; investment; and home, car, travel, life, and business insurance products. The company also provides merchant and payment, corporate and institutional, transaction banking, financial market, corporate and structured finance, trade and supply chain financing, and industry specific banking and treasury services, as well as online banking services. It serves individuals; micro, small, and medium enterprises; commercial business and private wealth clients; and commercial, corporate, institutional, and government customers. The company was formerly known as Bank of New South Wales and changed its name to Westpac Banking Corporation in October 1982. The company was founded in 1817 and is based in Sydney, Australia.","Peter Francis King BEc, FCA",Banks - Diversified,14.2,USD,0,https://images.financialmodelingprep.com/symbol/WBK.png,268561,2013-02-11,14.314516129032258,-0.14,1142639,0,6983000000,"[{'period': '2024', 'revenue': 21.05, 'unit': 'B', 'net_profit': 6.98}, {'period': '2023', 'revenue': 21.0, 'unit': 'B', 'net_profit': 7.2}, {'period': '2022', 'revenue': 19.27, 'unit': 'B', 'net_profit': 5.69}, {'period': '2021', 'revenue': 21.81, 'unit': 'B', 'net_profit': 5.46}]","[{'period': ""Q2 '25"", 'revenue': 10.54, 'unit': 'B', 'net_profit': 3.32}, {'period': ""Q4 '24"", 'revenue': 10.82, 'unit': 'B', 'net_profit': 3.64}, {'period': ""Q2 '24"", 'revenue': 10.23, 'unit': 'B', 'net_profit': 3.34}, {'period': ""Q4 '23"", 'revenue': 10.38, 'unit': 'B', 'net_profit': 3.2}, {'period': ""Q2 '23"", 'revenue': 10.61, 'unit': 'B', 'net_profit': 4.0}, {'period': ""Q4 '22"", 'revenue': 9.18, 'unit': 'B', 'net_profit': 2.42}]",2.01,1.92,1077544000000,314836000000,168075000000,1005492000000,2855000000,136961000000,391776000000,65356000000,-1168000000,-1.0,-0.029464906184850592,-0.019512195121951237,"[0.446, 0.263]","['2021-11-08', '1989-06-02']",__nan__,0.9331331249582384
348,WBS,Webster Financial Corporation Common Stock,"Webster Financial Corporation operates as the bank holding company for Webster Bank, National Association that provides a range of banking, investment, and financial services to individuals, families, and businesses in the United States. It operates through three segments: Commercial Banking, HSA Bank, and Retail Banking. The Commercial Banking segment provides lending, deposit, and cash management services; commercial and industrial lending and leasing, commercial real estate lending, equipment financing, and asset-based lending, as well as treasury and payment services; wealth management solutions to business owners, operators, and consumers; and trust, asset management, financial planning, insurance, retirement, and investment products. The HSA Bank segment offers health savings accounts, health reimbursement arrangements, flexible spending accounts, and commuter services that are distributed directly to employers and individual consumers, as well as through national and regional insurance carriers, consultants, and financial advisors. The Retail Banking segment provides deposit and fee-based services, residential mortgages, home equity lines, secured and unsecured loans, and credit cards to consumers. The company also offers online and mobile banking services. As of December 31, 2021, it operated 130 banking centers and 251 ATMs. The company was founded in 1935 and is headquartered in Stamford, Connecticut.",John R. Ciulla,Banks - Regional,68.07,USD,10975341395,https://images.financialmodelingprep.com/symbol/WBS.png,4247564,1986-12-12,11.54,-0.38,2533548,1260149000,1002802000,"[{'period': '2025', 'revenue': 4.42, 'unit': 'B', 'net_profit': 1.0}, {'period': '2024', 'revenue': 4170.0, 'unit': 'M', 'net_profit': 768.71}, {'period': '2023', 'revenue': 3940.0, 'unit': 'M', 'net_profit': 867.84}, {'period': '2022', 'revenue': 2720.0, 'unit': 'M', 'net_profit': 644.28}]","[{'period': ""Q4 '25"", 'revenue': 1130.0, 'unit': 'M', 'net_profit': 255.82}, {'period': ""Q3 '25"", 'revenue': 1130.0, 'unit': 'M', 'net_profit': 261.22}, {'period': ""Q2 '25"", 'revenue': 1100.0, 'unit': 'M', 'net_profit': 258.85}, {'period': ""Q1 '25"", 'revenue': 1070.0, 'unit': 'M', 'net_profit': 226.92}, {'period': ""Q4 '24"", 'revenue': 1050.0, 'unit': 'M', 'net_profit': 177.77}, {'period': ""Q3 '24"", 'revenue': 1060.0, 'unit': 'M', 'net_profit': 192.99}]",5.92,5.91,84073663000,18349823000,18349823000,74581427000,348100000,72613881000,44636835000,370748000,1008570000,0.1576527415671295,0.3045308550592098,0.35159817351598177,"[0.4, 0.0456]","['2026-02-09', '1987-08-17']",__nan__,0.887096200387986
349,WBT,Welbilt Inc. Common Stock,"Welbilt, Inc., designs, manufactures, and supplies foodservice equipment for commercial foodservice market worldwide. The company offers commercial upright and undercounter refrigerators and freezers, blast freezers and chillers, and cook-chill systems under the Delfield brand; and walk-in refrigerators, coolers and freezers, and prefabricated cooler and freezer panels under the Kolpak brand. It also provides traditional, combination, convection, conveyor, and rapid-cooking ovens, and range and grill products under the Convotherm, Garland, Lincoln, Merrychef brands, and other brand names; fryers and frying systems under the Frymaster brand; and steam equipment under the Cleveland brand. In addition, the company offers a range of cafeteria and buffet equipment stations, bins, boxes, warming cabinets, warmers, display and deli cases, insulated and refrigerated salad, and food bars under the Delfield, Merco, and other brand names; beverage dispensers, blended ice machines, ice/beverage dispensers, beer coolers, post-mix dispensing valves, backroom equipment, and support system components and related equipment; ice machines under the Manitowoc and other brand names; coffee equipment under the Crem brand name; and other beverage-related products under the Multiplex and Manitowoc brand names. Further, it provides after-market parts, installation and start-up, and preventative maintenance services under the KitchenCare brand; kitchen systems under the FitKitchen brand; and KitchenConnect, a cloud-based application. It supplies its products to full-service restaurants, quick-service restaurant chains, hotels, resorts, cruise ships, caterers, supermarkets, convenience stores, hospitals, schools, and other institutions through dealers and distributors. The company was formerly known as Manitowoc Foodservice, Inc. and changed its name to Welbilt, Inc. in February 2017. Welbilt, Inc. was founded in 1864 and is headquartered in New Port Richey, Florida.",William Johnson,Industrial - Machinery,24.01,USD,0,https://images.financialmodelingprep.com/symbol/WBT.png,0,2016-02-18,47.07843137254902,0.0200005,2188324,237200000,70300000,"[{'period': '2021', 'revenue': 1550.0, 'unit': 'M', 'net_profit': 70.3}, {'period': '2020', 'revenue': 1150.0, 'unit': 'M', 'net_profit': -7.0}, {'period': '2019', 'revenue': 1590.0, 'unit': 'M', 'net_profit': 55.9}, {'period': '2018', 'revenue': 1590.0, 'unit': 'M', 'net_profit': 78.2}]","[{'period': ""Q1 '22"", 'revenue': 333000.0, 'unit': 'K', 'net_profit': -900.0}, {'period': ""Q4 '21"", 'revenue': 423.0, 'unit': 'M', 'net_profit': 13.8}, {'period': ""Q3 '21"", 'revenue': 411.5, 'unit': 'M', 'net_profit': 24.9}, {'period': ""Q2 '21"", 'revenue': 395.6, 'unit': 'M', 'net_profit': 23.7}, {'period': ""Q1 '21"", 'revenue': 316.8, 'unit': 'M', 'net_profit': 7.9}, {'period': ""Q4 '20"", 'revenue': 319.6, 'unit': 'M', 'net_profit': 20.6}]",0.49,0.49,2277600000,708100000,134200000,1919200000,220500000,0,373100000,134200000,30200000,1.6532438478747205,11.042857142857143,10.898989898989898,__nan__,__nan__,__nan__,0.8426413768879523
350,WCC,WESCO International Inc. Common Stock,"WESCO International, Inc. provides business-to-business distribution, logistics services, and supply chain solutions in the United States, Canada, and internationally. It operates through three segments: Electrical & Electronic Solutions (EES), Communications & Security Solutions (CSS), and Utility and Broadband Solutions (UBS). The EES segment supplies products and supply chain solutions, including electrical equipment and supplies, automation and connected devices, security, lighting, wire and cable, and safety, as well as maintenance, repair, and operating (MRO) products. This segment also offers contractor solutions, direct and indirect manufacturing supply chain optimization programs, lighting and renewables advisory services, and digital and automation solutions. The CSS segment operates in the network infrastructure and security markets. This segment sells products directly to end-users or through various channels, including data communications contractors, security, network, professional audio/visual, and systems integrators. It also provides safety and energy management solutions. The UBS segment offers products and services to investor-owned utilities; public power companies; and service and wireless providers, broadband operators, and contractors. This segment's products include wire and cable, transformers, transmission and distribution hardware, switches, protective devices, connectors, conduits, pole line hardware, racks, cabinets, safety and MRO products, and point-to-point wireless devices. This segment also offers various service solutions, including fiber project management, high and medium voltage project design and support, pre-wired meters and capacitor banks, meter testing and metering infrastructure installation, personal protective equipment dielectric testing, and tool repair, as well as emergency response, storage yard, materials, and logistics management. The company was founded in 1922 and is headquartered in Pittsburgh, Pennsylvania.",John J. Engel,Industrial - Distribution,262.13,USD,12755743847,https://images.financialmodelingprep.com/symbol/WCC.png,581474,1999-05-12,20.07,-3.84999,354356,1443500000,640200000,"[{'period': '2025', 'revenue': 23510.0, 'unit': 'M', 'net_profit': 640.2}, {'period': '2024', 'revenue': 21820.0, 'unit': 'M', 'net_profit': 717.6}, {'period': '2023', 'revenue': 22390.0, 'unit': 'M', 'net_profit': 765.5}, {'period': '2022', 'revenue': 21420.0, 'unit': 'M', 'net_profit': 860.5}]","[{'period': ""Q4 '25"", 'revenue': 6070.0, 'unit': 'M', 'net_profit': 159.9}, {'period': ""Q3 '25"", 'revenue': 6190.0, 'unit': 'M', 'net_profit': 187.5}, {'period': ""Q2 '25"", 'revenue': 5900.0, 'unit': 'M', 'net_profit': 174.5}, {'period': ""Q1 '25"", 'revenue': 5340.0, 'unit': 'M', 'net_profit': 118.4}, {'period': ""Q4 '24"", 'revenue': 5500.0, 'unit': 'M', 'net_profit': 165.4}, {'period': ""Q3 '24"", 'revenue': 5490.0, 'unit': 'M', 'net_profit': 204.3}]",13.05,13.05,16494900000,9456200000,604800000,11468500000,4592000000,0,4296800000,604800000,25200000,-0.037088920018677876,-0.10785953177257525,-0.01583710407239812,"[0.5, 0.375]","['2026-03-13', '2023-03-14']",__nan__,0.6952755093998751
351,WCN,Waste Connections Inc. Common Shares,"Waste Connections, Inc. provides non-hazardous waste collection, transfer, disposal, and resource recovery services in the United States and Canada. It offers collection services to residential, commercial, municipal, industrial, and exploration and production (E&P) customers; landfill disposal services; and recycling services for various recyclable materials, including compost, cardboard, mixed paper, plastic containers, glass bottles, and ferrous and aluminum metals. The company also owns and operates transfer stations that receive compact and/or load waste to be transported to landfills or treatment facilities through truck, rail, or barge; and intermodal services for the rail haul movement of cargo and solid waste containers in the Pacific Northwest through a network of intermodal facilities. In addition, it provides E&P waste treatment, recovery, and disposal services for waste resulting from oil and natural gas exploration and production activity, such as drilling fluids, drill cuttings, completion fluids, and flowback water; production wastes and produced water during a well's operating life; contaminated soils that require treatment during site reclamation; and substances, which require clean-up after a spill, reserve pit clean-up, or pipeline rupture. Further, the company offers leasing services to its customers. As of December 31, 2021, it owned 334 solid waste collection operations; 142 transfer stations; 61 municipal solid waste (MSW) landfills; 12 E&P waste landfills; 14 non-MSW landfills; 71 recycling operations; 4 intermodal operations; 23 E&P liquid waste injection wells; and 19 E&P waste treatment and oil recovery facilities. The company also operates an additional 53 transfer stations, 10 MSW landfills, and 2 intermodal operations. Waste Connections, Inc. was founded in 1997 and is based in Woodbridge, Canada.",Ronald J. Mittelstaedt,Waste Management,156.02,USD,39883850051,https://images.financialmodelingprep.com/symbol/WCN.png,1634338,1998-05-22,37.41,-1.16,877148,3009411399,1080529458,"[{'period': '2025', 'revenue': 9.5, 'unit': 'B', 'net_profit': 1.08}, {'period': '2024', 'revenue': 8920.0, 'unit': 'M', 'net_profit': 617.57}, {'period': '2023', 'revenue': 8020.0, 'unit': 'M', 'net_profit': 762.8}, {'period': '2022', 'revenue': 7210.0, 'unit': 'M', 'net_profit': 835.66}]","[{'period': ""Q4 '25"", 'revenue': 2410.0, 'unit': 'M', 'net_profit': 262.47}, {'period': ""Q3 '25"", 'revenue': 2460.0, 'unit': 'M', 'net_profit': 286.27}, {'period': ""Q2 '25"", 'revenue': 2410.0, 'unit': 'M', 'net_profit': 290.28}, {'period': ""Q1 '25"", 'revenue': 2230.0, 'unit': 'M', 'net_profit': 241.51}, {'period': ""Q4 '24"", 'revenue': 2260.0, 'unit': 'M', 'net_profit': -196.0}, {'period': ""Q3 '24"", 'revenue': 2340.0, 'unit': 'M', 'net_profit': 308.05}]",4.19,4.18,21230102957,1309176152,45884345,12999727314,1067580621,265602761,2120395163,45884345,1241054555,0.25928439366150596,0.7496384362658342,0.7531380753138076,"[0.35, 0.0763]","['2026-02-25', '2002-05-29']",__nan__,0.612325212945504
352,WD,Walker & Dunlop Inc Common Stock,"Walker & Dunlop, Inc., through its subsidiaries, originates, sells, and services a range of multifamily and other commercial real estate financing products and services for owners and developers of real estate in the United States. The company offers first mortgage, second trust, supplemental, construction, mezzanine, preferred equity, small-balance, and bridge/interim loans. It also provides multifamily finance for manufactured housing communities, student housing, affordable housing, and senior housing properties under the Fannie Mae's DUS program; and construction and permanent loans to developers and owners of multifamily housing, affordable housing, senior housing, and healthcare facilities. In addition, the company acts as an intermediary in the placement of commercial real estate debt between institutional sources of capital, including life insurance companies, investment banks, commercial banks, pension funds, CMBS conduits, and other institutional investors, as well as owners of various types of commercial real estate. Further, it advises on capital structure; develops the financing package; facilitates negotiations between its client and institutional sources of capital; coordinates due diligence; and assists in closing the transaction. Additionally, the company offers property sales brokerage, underwriting and risk management, and servicing and asset management services. Walker & Dunlop, Inc. was founded in 1937 and is headquartered in Bethesda, Maryland.",William Mallory Walker,Financial - Mortgages,43.02,USD,1465278408,https://images.financialmodelingprep.com/symbol/WD.png,341057,2010-12-15,26.23,-1.92,229701,382395000,57084000,"[{'period': '2025', 'revenue': 1230.0, 'unit': 'M', 'net_profit': 57.08}, {'period': '2024', 'revenue': 1130.0, 'unit': 'M', 'net_profit': 108.17}, {'period': '2023', 'revenue': 1050.0, 'unit': 'M', 'net_profit': 107.36}, {'period': '2022', 'revenue': 1260.0, 'unit': 'M', 'net_profit': 213.82}]","[{'period': ""Q4 '25"", 'revenue': 340.02, 'unit': 'M', 'net_profit': -13.17}, {'period': ""Q3 '25"", 'revenue': 337.68, 'unit': 'M', 'net_profit': 33.45}, {'period': ""Q2 '25"", 'revenue': 319.24, 'unit': 'M', 'net_profit': 33.95}, {'period': ""Q1 '25"", 'revenue': 237.37, 'unit': 'M', 'net_profit': 2.75}, {'period': ""Q4 '24"", 'revenue': 341.45, 'unit': 'M', 'net_profit': 44.84}, {'period': ""Q3 '24"", 'revenue': 292.3, 'unit': 'M', 'net_profit': 28.8}]",1.69,1.64,5059478000,718673000,299315000,3313616000,419358000,241401000,2249490000,299315000,-680082000,0.08718644183448053,-0.47226048610019694,-0.4702194357366771,"[0.68, 0.25]","['2026-03-13', '2018-02-22']",__nan__,0.6549323863054647
353,WDH,Waterdrop Inc. American Depositary Shares (each representing the right to receive 10 Class A Ordinary Shares),"Waterdrop Inc., through its subsidiaries, provides online insurance brokerage services to match and connect users with related insurance products underwritten by insurance companies in the People's Republic of China. The company offers short-term health and long-term health and life insurance products and services. It also operates a medical crowdfunding platform. The company was founded in 2016 and is headquartered in Beijing, the People's Republic of China.",Peng Shen,Insurance - Diversified,1.59,USD,575139634,https://images.financialmodelingprep.com/symbol/WDH.png,292549,2021-05-07,7.23,-0.04,389152,360754030,553435431,"[{'period': '2025', 'revenue': 3870.0, 'unit': 'M', 'net_profit': 553.44}, {'period': '2024', 'revenue': 2770.0, 'unit': 'M', 'net_profit': 367.51}, {'period': '2023', 'revenue': 2630.0, 'unit': 'M', 'net_profit': 167.22}, {'period': '2022', 'revenue': 2800.0, 'unit': 'M', 'net_profit': 607.72}]","[{'period': ""Q4 '25"", 'revenue': 1390.0, 'unit': 'M', 'net_profit': 159.88}, {'period': ""Q3 '25"", 'revenue': 974.86, 'unit': 'M', 'net_profit': 158.47}, {'period': ""Q2 '25"", 'revenue': 837.96, 'unit': 'M', 'net_profit': 140.16}, {'period': ""Q1 '25"", 'revenue': 753.69, 'unit': 'M', 'net_profit': 108.19}, {'period': ""Q4 '24"", 'revenue': 686.82, 'unit': 'M', 'net_profit': 105.78}, {'period': ""Q3 '24"", 'revenue': 704.14, 'unit': 'M', 'net_profit': 92.81}]",15.4,14.7,7105347745,3983328932,1663179421,1950139040,2068905624,2581260677,1893665096,1132173495,218835000,0.8817400489273028,0.5059057739925444,14.399999999999999,"[0.024, 0.032]","['2026-04-24', '2024-04-18']",__nan__,0.27446074562252126
354,WEA,Western Asset Bond Fund Share of Beneficial Interest,"Western Asset Premier Bond Fund is a closed-ended fixed income mutual fund launched and managed by Western Asset Management Company. The fund is co-managed by Western Asset Management Company Limited, Western Asset Management Company Pte. Ltd., and Western Asset Management Company Ltd. It invests in the fixed income markets of the United States. The fund primarily invests in investment grade bonds, including corporate bonds, U.S. government and agency securities, and mortgage related securities. It seeks to maintain an average duration of around two to three years with an average credit quality of BBB. The fund benchmarks the performance of its portfolio against the Barclays Capital U.S. Corporate High Yield Index and the Barclays Capital U.S. Credit Index. Western Asset Premier Bond Fund was formed on March 28, 2002 and is domiciled in the United States.",Kenneth Donald Fuller,Asset Management - Bonds,10.32,USD,122452992,https://images.financialmodelingprep.com/symbol/WEA.png,34240,2002-03-27,8.82,-0.1,39371,17241375,13842456,"[{'period': '2025', 'revenue': 14.97, 'unit': 'M', 'net_profit': 13.84}, {'period': '2024', 'revenue': 13.75, 'unit': 'M', 'net_profit': 6.33}, {'period': '2023', 'revenue': 13.56, 'unit': 'M', 'net_profit': 12.41}, {'period': '2022', 'revenue': 1.09, 'unit': 'M', 'net_profit': -27.27}]","[{'period': ""Q4 '25"", 'revenue': 7.85, 'unit': 'M', 'net_profit': 7.22}, {'period': ""Q2 '25"", 'revenue': 6.79, 'unit': 'M', 'net_profit': 6.63}, {'period': ""Q4 '24"", 'revenue': 6.87, 'unit': 'M', 'net_profit': 5.15}, {'period': ""Q2 '24"", 'revenue': 6.88, 'unit': 'M', 'net_profit': 1.17}, {'period': ""Q4 '23"", 'revenue': 2.52, 'unit': 'M', 'net_profit': 8.17}, {'period': ""Q2 '23"", 'revenue': 6.82, 'unit': 'M', 'net_profit': 4.23}]",1.17,1.17,202837857,3867538,900140,66516633,2967398,198969654,6243785,71864,4657750,0.0,1.1882635036482503,1.2075471698113205,"[0.07, 0.10625]","['2026-05-21', '2002-05-16']",__nan__,0.32793007175184263
355,WEC,WEC Energy Group Inc. Common Stock,"WEC Energy Group, Inc., through its subsidiaries, provides regulated natural gas and electricity, and renewable and nonregulated renewable energy services in the United States. The company operates through six segments: Wisconsin, Illinois, Other States, Electric Transmission, Non-Utility Energy Infrastructure, and Corporate and Other. It generates and distributes electricity from coal, natural gas, oil, hydroelectric, wind, solar, and biomass sources; provides electric transmission services; offers retail natural gas distribution services; transports natural gas; and generates, distributes, and sells steam. As of December 31, 2021, it operated approximately 35,800 miles of overhead distribution lines and 35,600 miles of underground distribution cables, as well as 440 electric distribution substations and 510,500 line transformers; 50,900 miles of natural gas distribution mains; 1,200 miles of natural gas transmission mains; 2.3 million natural gas lateral services; 500 natural gas distribution and transmission gate stations; and 68.2 billion cubic feet of working gas capacities in underground natural gas storage fields. The company was formerly known as Wisconsin Energy Corporation and changed its name to WEC Energy Group, Inc. in June 2015. WEC Energy Group, Inc. was incorporated in 1981 and is headquartered in Milwaukee, Wisconsin.",Scott J. Lauber,Regulated Electric,114.36,USD,37227725160,https://images.financialmodelingprep.com/symbol/WEC.png,2223362,1980-03-17,23.78,0.34,1250826,4047100000,1558400000,"[{'period': '2025', 'revenue': 9.8, 'unit': 'B', 'net_profit': 1.56}, {'period': '2024', 'revenue': 8.6, 'unit': 'B', 'net_profit': 1.53}, {'period': '2023', 'revenue': 8.89, 'unit': 'B', 'net_profit': 1.33}, {'period': '2022', 'revenue': 9.6, 'unit': 'B', 'net_profit': 1.41}]","[{'period': ""Q4 '25"", 'revenue': 2540.0, 'unit': 'M', 'net_profit': 316.9}, {'period': ""Q3 '25"", 'revenue': 2100.0, 'unit': 'M', 'net_profit': 271.3}, {'period': ""Q2 '25"", 'revenue': 2009.9999999999998, 'unit': 'M', 'net_profit': 245.7}, {'period': ""Q1 '25"", 'revenue': 3150.0, 'unit': 'M', 'net_profit': 724.5}, {'period': ""Q4 '24"", 'revenue': 2280.0, 'unit': 'M', 'net_profit': 453.8}, {'period': ""Q3 '24"", 'revenue': 1860.0, 'unit': 'M', 'net_profit': 240.4}]",4.86,4.83,51518300000,2893700000,27600000,37465500000,2062699999,2280400000,6173700000,27600000,-1018700000,0.03345164832358724,0.01962836953677048,0.010395010395010543,"[0.9525, 0.67]","['2026-02-13', '1986-11-03']",__nan__,0.7272270241836396
356,WEI,Weidai Ltd. American depositary shares each  representing one (1) Class A ordinary share,"Weidai Ltd., through its subsidiaries, engages in the online finance marketplace business in the People's Republic of China. Its platform serves as the intermediary for borrowers primarily small and micro enterprise owners and provides them with accessible credit. The company offers auto-backed loans; other secured loans comprising home equity and construction machinery loans; and unsecured loans, including professional credit and consumption loans. The company was founded in 2011 and is headquartered in Hangzhou, the People's Republic of China.",Hong Yao,Financial - Credit Services,0.96,USD,0,https://images.financialmodelingprep.com/symbol/WEI.png,434013,2018-11-15,-0.6901509705248023,0.0,26566,-715453000,-1144044000,"[{'period': '2021', 'revenue': 0.71015, 'unit': 'B', 'net_profit': -1.14}, {'period': '2020', 'revenue': 1540.0, 'unit': 'M', 'net_profit': -712.57}, {'period': '2019', 'revenue': 3370.0, 'unit': 'M', 'net_profit': 253.61}, {'period': '2018', 'revenue': 3930.0, 'unit': 'M', 'net_profit': 601.62}]","[{'period': ""Q2 '20"", 'revenue': 0.0, 'unit': '', 'net_profit': 0.0}, {'period': ""Q4 '19"", 'revenue': 750.96, 'unit': 'M', 'net_profit': -99.31}, {'period': ""Q3 '19"", 'revenue': 765.87, 'unit': 'M', 'net_profit': 144.2}, {'period': ""Q2 '19"", 'revenue': 906.71, 'unit': 'M', 'net_profit': 103.32}, {'period': ""Q1 '19"", 'revenue': 949.7, 'unit': 'M', 'net_profit': 105.39}, {'period': ""Q4 '18"", 'revenue': 993.51, 'unit': 'M', 'net_profit': 108.67}]",-81.18,-81.18,1199667000,1126346000,393133000,764361000,518078000,13333000,747042000,234568000,-46885000,-0.9512922194100192,-0.6055112949831105,-0.605617088607595,__nan__,__nan__,__nan__,0.6371443075453438
357,WELL,Welltower Inc. Common Stock,"Welltower Inc. (NYSE:WELL), an S&P 500 company headquartered in Toledo, Ohio, is driving the transformation of health care infrastructure. The Company invests with leading seniors housing operators, post-acute providers and health systems to fund the real estate infrastructure needed to scale innovative care delivery models and improve people's wellness and overall health care experience. Welltower, a real estate investment trust (REIT), owns interests in properties concentrated in major, high-growth markets in the United States, Canada and the United Kingdom, consisting of seniors housing and post-acute communities and outpatient medical properties.",Shankh S. Mitra,REIT - Healthcare Facilities,195.77,USD,136599012798,https://images.financialmodelingprep.com/symbol/WELL.png,3154779,1980-03-19,136.9,0.24,2191063,2310458000,936845000,"[{'period': '2025', 'revenue': 10670.0, 'unit': 'M', 'net_profit': 936.85}, {'period': '2024', 'revenue': 7850.0, 'unit': 'M', 'net_profit': 951.68}, {'period': '2023', 'revenue': 6480.0, 'unit': 'M', 'net_profit': 340.09}, {'period': '2022', 'revenue': 5780.0, 'unit': 'M', 'net_profit': 141.21}]","[{'period': ""Q4 '25"", 'revenue': 3130.0, 'unit': 'M', 'net_profit': 96.44}, {'period': ""Q3 '25"", 'revenue': 2630.0, 'unit': 'M', 'net_profit': 280.56}, {'period': ""Q2 '25"", 'revenue': 2520.0, 'unit': 'M', 'net_profit': 301.89}, {'period': ""Q1 '25"", 'revenue': 2390.0, 'unit': 'M', 'net_profit': 257.96}, {'period': ""Q4 '24"", 'revenue': 2220.0, 'unit': 'M', 'net_profit': 119.97}, {'period': ""Q3 '24"", 'revenue': 2009.9999999999998, 'unit': 'M', 'net_profit': 449.85}]",1.41,1.39,67303047000,9912121000,5033678000,24100108000,4702582000,1809590000,1855679000,5033678000,2847878000,-0.16840223788627437,-0.015588222932078009,-0.10759493670886085,"[0.74, 0.5202]","['2026-02-25', '1985-01-29']",__nan__,0.35808346091671006
358,WES,Western Midstream Partners LP Common Units Representing Limited Partner Interests,"Western Midstream Partners, LP, a midstream energy company, together with its subsidiaries, acquires, owns, develops, and operates primarily in the United States. It is involved in gathering, compressing, treating, processing, and transporting natural gas; gathering, stabilizing, and transporting condensate, natural gas liquids (NGLs), and crude oil; and gathering and disposing produced water. It also buys and sells natural gas, NGLs, and condensate. The company operates assets located in Texas, New Mexico, the Rocky Mountains, and North-central Pennsylvania. Western Midstream Holdings, LLC operates as the general partner of the company. The company was formerly known as Western Gas Equity Partners, LP and changed its name to Western Midstream Partners, LP in February 2019. Western Midstream Partners, LP was incorporated in 2007 and is based in The Woodlands, Texas.",Oscar K. Brown,Oil & Gas Midstream,41.78,USD,17046060012,https://images.financialmodelingprep.com/symbol/WES.png,1440789,2012-12-10,14.02,-0.96,1050298,2303053000,1169598000,"[{'period': '2025', 'revenue': 3.84, 'unit': 'B', 'net_profit': 1.17}, {'period': '2024', 'revenue': 3.61, 'unit': 'B', 'net_profit': 1.57}, {'period': '2023', 'revenue': 3.11, 'unit': 'B', 'net_profit': 1.02}, {'period': '2022', 'revenue': 3.25, 'unit': 'B', 'net_profit': 1.22}]","[{'period': ""Q4 '25"", 'revenue': 1030.0, 'unit': 'M', 'net_profit': 187.18}, {'period': ""Q3 '25"", 'revenue': 952.48, 'unit': 'M', 'net_profit': 331.73}, {'period': ""Q2 '25"", 'revenue': 942.32, 'unit': 'M', 'net_profit': 341.68}, {'period': ""Q1 '25"", 'revenue': 917.12, 'unit': 'M', 'net_profit': 309.01}, {'period': ""Q4 '24"", 'revenue': 928.5, 'unit': 'M', 'net_profit': 333.61}, {'period': ""Q3 '24"", 'revenue': 883.36, 'unit': 'M', 'net_profit': 288.48}]",3.01,3.0,14998420000,1656941000,819491000,10835298000,788803000,511988000,1236484000,819491000,1464731000,-0.12928020010593577,-0.256723719488984,-0.254950495049505,"[0.91, 0.03587]","['2026-02-02', '2013-01-30']",__nan__,0.7224292958858333
359,WEX,WEX Inc. common stock,"WEX Inc. provides financial technology services in the United States and internationally. It operates through three segments: Fleet Solutions, Travel and Corporate Solutions, and Health and Employee Benefit Solutions. The Fleet Solutions segment offers fleet vehicle payment processing services. Its services include customer, account activation, and account retention services; authorization and billing inquiries, and account maintenance services; credit and collections services; merchant services; analytics solutions with access to web-based data analytics platform that offers insights to fleet managers; and ancillary services and tools to fleets to manage expenses and capital requirements. This segment markets its products directly and indirectly to commercial and government vehicle fleet customers with small, medium, and large fleets, as well as with over-the-road and long haul fleets; and indirectly through co-branded and private label relationships. The Travel and Corporate Solutions segment provides payment solutions, including embedded payments; and accounts payable automation and spend management solutions. Its products include virtual cards that are used for transactions where no card is presented. This segment markets its products directly and indirectly to commercial and government organizations. The Health and Employee Benefit Solutions segment offers healthcare payment products and software-as-a-service consumer directed platforms for healthcare market, as well as payroll related and employee benefit products in Brazil. This segment markets its products through health plans, third-party administrators, financial institutions, payroll companies benefits consultants, software providers, and individuals. The company was formerly known as Wright Express Corporation and changed its name to WEX Inc. in October 2012. WEX Inc. was founded in 1983 and is based in Portland, Maine.",Melissa D. Smith,Software - Infrastructure,147.55,USD,5062529030,https://images.financialmodelingprep.com/symbol/WEX.png,447194,2005-02-16,17.42,-7.55,235605,994900000,304100000,"[{'period': '2025', 'revenue': 2660.0, 'unit': 'M', 'net_profit': 304.1}, {'period': '2024', 'revenue': 2630.0, 'unit': 'M', 'net_profit': 309.6}, {'period': '2023', 'revenue': 2550.0, 'unit': 'M', 'net_profit': 266.6}, {'period': '2022', 'revenue': 2350.0, 'unit': 'M', 'net_profit': 201.4}]","[{'period': ""Q4 '25"", 'revenue': 672.9, 'unit': 'M', 'net_profit': 84.3}, {'period': ""Q3 '25"", 'revenue': 691.8, 'unit': 'M', 'net_profit': 80.3}, {'period': ""Q2 '25"", 'revenue': 659.6, 'unit': 'M', 'net_profit': 68.1}, {'period': ""Q1 '25"", 'revenue': 636.6, 'unit': 'M', 'net_profit': 71.5}, {'period': ""Q4 '24"", 'revenue': 636.5, 'unit': 'M', 'net_profit': 63.9}, {'period': ""Q3 '24"", 'revenue': 665.5, 'unit': 'M', 'net_profit': 102.9}]",8.57,8.47,14399500000,9713000000,5238700000,13165000000,3486300000,94200000,9286600000,905800000,313700000,0.02041025641025641,-0.01776485788113695,0.12911725955204223,__nan__,__nan__,__nan__,0.914267856522796
360,WF,Woori Financial Group Inc. American Depositary Shares (each representing three (3) shares of Common Stock),"Woori Financial Group Inc., together with its subsidiaries, operates as a commercial bank that provides a range of financial services to individual, business, and institutional customers in Korea. It operates through Banking, Credit Card, Capital, Investment Banking, and Others segments. The company offers savings, demand, and installment deposits; time deposits and certificates of deposit; and working capital, facilities, general purpose household, mortgage, and home equity loans. It also offers debit and credit cards, cash services, card loans, and related services; lease financing; and securities operation, sale of financial instruments, project financing, and other related activities. In addition, the company provides credit purchase, cash advance, credit card loans, foreign exchange services and dealing, import and export-related services, offshore lending, syndicated loans and foreign currency securities investment, investment trust products, bancassurance, and private equity funds. Further, it is involved in the real estate, system software development and maintenance, financing, credit information, securities investment and trading, derivatives trading, asset securitization, investment and international banking, money transfer, and other service. The company also offers automated telephone, Internet, and mobile banking services. In addition, it offers trust management, trustee and custodian service, and repurchase instrument. As of December 31, 2021, it served customers through a network of 768 branches and 4,296 ATMs. The company was founded in 1899 and is headquartered in Seoul, South Korea.",Jong-Yong Yim,Banks - Regional,65.73,USD,16016080862,https://images.financialmodelingprep.com/symbol/WF.png,80893,2003-10-01,8.13,0.48,133364,5110249053000,3288418264000,"[{'period': '2025', 'revenue': 28.18, 'unit': 'T', 'net_profit': 3.29}, {'period': '2024', 'revenue': 25.75, 'unit': 'T', 'net_profit': 3.09}, {'period': '2023', 'revenue': 9.5, 'unit': 'T', 'net_profit': 2.51}, {'period': '2022', 'revenue': 17.39, 'unit': 'T', 'net_profit': 3.19}]","[{'period': ""Q4 '25"", 'revenue': 7050.0, 'unit': 'B', 'net_profit': 326.73}, {'period': ""Q3 '25"", 'revenue': 2.47, 'unit': 'T', 'net_profit': 1.24}, {'period': ""Q2 '25"", 'revenue': 6250.0, 'unit': 'B', 'net_profit': 935.33}, {'period': ""Q1 '25"", 'revenue': 6230.0, 'unit': 'B', 'net_profit': 616.69}, {'period': ""Q4 '24"", 'revenue': 6330.0, 'unit': 'B', 'net_profit': 426.13}, {'period': ""Q3 '24"", 'revenue': 6580.0, 'unit': 'B', 'net_profit': 904.37}]",13007.61,13007.61,601432234847000,46728093658000,46728093658000,567284907169000,0,532876615358000,50109530812000,26356145200000,6697158144000,-0.05131151128178833,0.06559416460493293,0.09768860759493668,"[0.40915, 1.36637]","['2025-11-10', '2014-12-30']",__nan__,0.9432233164444755
361,WFC,Wells Fargo & Company Common Stock,"Wells Fargo & Company, a diversified financial services company, provides banking, investment, mortgage, and consumer and commercial finance products and services in the United States and internationally. It operates through four segments: Consumer Banking and Lending; Commercial Banking; Corporate and Investment Banking; and Wealth and Investment Management. The Consumer Banking and Lending segment offers diversified financial products and services for consumers and small businesses. Its financial products and services include checking and savings accounts, and credit and debit cards, as well as home, auto, personal, and small business lending services. The Commercial Banking segment provides financial solutions to private, family owned, and certain public companies. Its products and services include banking and credit products across various industry sectors and municipalities, secured lending and lease products, and treasury management services. The Corporate and Investment Banking segment offers a suite of capital markets, banking, and financial products and services to corporate, commercial real estate, government, and institutional clients. Its products and services comprise corporate banking, investment banking, treasury management, commercial real estate lending and servicing, equity, and fixed income solutions, as well as sales, trading, and research capabilities services. The Wealth and Investment Management segment provides personalized wealth management, brokerage, financial planning, lending, private banking, and trust and fiduciary products and services to affluent, high-net worth, and ultra-high-net worth clients. It also operates through financial advisors. Wells Fargo & Company was founded in 1852 and is headquartered in San Francisco, California.",Charles W. Scharf,Banks - Diversified,77.15,USD,238057126000,https://images.financialmodelingprep.com/symbol/WFC.png,17807891,1972-06-01,12.32,-1.87,10150111,29346000000,21338000000,"[{'period': '2025', 'revenue': 123.53, 'unit': 'B', 'net_profit': 21.34}, {'period': '2024', 'revenue': 125.4, 'unit': 'B', 'net_profit': 19.72}, {'period': '2023', 'revenue': 115.34, 'unit': 'B', 'net_profit': 19.14}, {'period': '2022', 'revenue': 83.44, 'unit': 'B', 'net_profit': 13.68}]","[{'period': ""Q4 '25"", 'revenue': 31.82, 'unit': 'B', 'net_profit': 5.36}, {'period': ""Q3 '25"", 'revenue': 31.91, 'unit': 'B', 'net_profit': 5.59}, {'period': ""Q2 '25"", 'revenue': 30.18, 'unit': 'B', 'net_profit': 5.49}, {'period': ""Q1 '25"", 'revenue': 29.63, 'unit': 'B', 'net_profit': 4.89}, {'period': ""Q4 '24"", 'revenue': 30.6, 'unit': 'B', 'net_profit': 5.08}, {'period': ""Q3 '24"", 'revenue': 31.67, 'unit': 'B', 'net_profit': 5.11}]",6.39,6.32,2148631000000,494534000000,471553000000,1965593000000,22981000000,1203806000000,1722685000000,174210000000,-19001000000,-0.05096694909772977,0.08193895142480478,0.17679558011049723,"[0.45, 0.375]","['2026-02-06', '1972-07-31']",__nan__,0.9148118034227376
362,WFG,West Fraser Timber Co. Ltd Common stock,"West Fraser Timber Co. Ltd., a diversified wood products company, engages in manufacturing, selling, marketing, and distributing lumber, engineered wood products, pulp, newsprint, wood chips, and other residuals and renewable energy. It offers spruce-pine-fir and southern yellow pine lumber, treated wood products, medium density fiberboard panels and plywood, oriented strand board, and laminated veneer lumber wood products. The company also provides northern bleached softwood Kraft pulp and bleached chemical thermo-mechanical pulp used to produce various paper products, including printing and writing papers, specialty grades, and various tissue products. It sells its products to major retail chains, contractor supply yards, and wholesalers, as well as industrial customers for further processing or as components for other products in Canada, the United States, China, Europe, Asia, and other countries. West Fraser Timber Co. Ltd. was founded in 1955 and is based in Vancouver, Canada.",Sean McLaren,"Paper, Lumber & Forest Products",63.83,USD,4852250898,https://images.financialmodelingprep.com/symbol/WFG.png,247005,2009-02-13,-5.28,0.35,133959,96334341,-1308192426,"[{'period': '2025', 'revenue': 7.63, 'unit': 'B', 'net_profit': -1.31}, {'period': '2024', 'revenue': 6170.0, 'unit': 'M', 'net_profit': -5.0}, {'period': '2023', 'revenue': 6450.0, 'unit': 'M', 'net_profit': -167.0}, {'period': '2022', 'revenue': 9.7, 'unit': 'B', 'net_profit': 1.98}]","[{'period': ""Q4 '25"", 'revenue': 1.62, 'unit': 'B', 'net_profit': -1.05}, {'period': ""Q3 '25"", 'revenue': 1290.0, 'unit': 'M', 'net_profit': -201.74}, {'period': ""Q2 '25"", 'revenue': 1560.0, 'unit': 'M', 'net_profit': -24.39}, {'period': ""Q1 '25"", 'revenue': 1460.0, 'unit': 'M', 'net_profit': 42.0}, {'period': ""Q4 '24"", 'revenue': 1410.0, 'unit': 'M', 'net_profit': -62.0}, {'period': ""Q3 '24"", 'revenue': 1440.0, 'unit': 'M', 'net_profit': -83.0}]",-16.56,-16.56,10436602920,1899680872,276665851,2424250284,442391435,32871189,891631036,276665851,-435598755,-0.8431036791530945,-260.6384852,-222.1805929919137,"[0.32, 0.0758]","['2026-03-13', '1989-09-18']",__nan__,0.2322834645126079
363,WGO,Winnebago Industries Inc. Common Stock,"Winnebago Industries, Inc. manufactures and sells recreation vehicles and marine products primarily for use in leisure travel and outdoor recreation activities. The company operates in six segments: Grand Design Towables, Winnebago Towables, Winnebago Motorhomes, Newmar motorhomes, Chris-Craft Marine, and Winnebago Specialty Vehicles. It provides towable products that are non-motorized vehicles to be towed by automobiles, pickup trucks, SUVs, or vans for use as temporary living quarters for recreational travel, such as conventional travel trailers, fifth wheels, folding camper trailers, and truck campers under the Winnebago and Grand Design brand names. The company also offers motorhomes, which are self-propelled mobile dwellings used primarily as temporary living quarters during vacation and camping trips, or to support active and mobile lifestyles under the Winnebago and Newmar brand names. In addition, it offers other specialty commercial vehicles for law enforcement command centers, mobile medical clinics, and mobile office spaces; commercial vehicles as bare shells to third-party up fitters; and boats in the recreational powerboat industry under the Chris-Craft and Barletta brand names. Further, the company is involved in the original equipment manufacturing of parts for other manufacturers and commercial vehicles. The company sells its products primarily through independent dealers in the United States, Canada, and internationally. Winnebago Industries, Inc. was incorporated in 1958 and is based in Forest City, Iowa.",Michael J. Happe,Auto - Recreational Vehicles,31.47,USD,889524317,https://images.financialmodelingprep.com/symbol/WGO.png,567686,1970-09-09,21.41,-1.38,523470,94500000,25700000,"[{'period': '2025', 'revenue': 2800.0, 'unit': 'M', 'net_profit': 25.7}, {'period': '2024', 'revenue': 2970.0, 'unit': 'M', 'net_profit': 13.0}, {'period': '2023', 'revenue': 3490.0, 'unit': 'M', 'net_profit': 215.9}, {'period': '2022', 'revenue': 4960.0, 'unit': 'M', 'net_profit': 390.6}]","[{'period': ""Q2 '26"", 'revenue': 657.4, 'unit': 'M', 'net_profit': 4.8}, {'period': ""Q1 '26"", 'revenue': 702.7, 'unit': 'M', 'net_profit': 5.5}, {'period': ""Q4 '25"", 'revenue': 777.3, 'unit': 'M', 'net_profit': 13.7}, {'period': ""Q3 '25"", 'revenue': 775.1, 'unit': 'M', 'net_profit': 17.6}, {'period': ""Q2 '25"", 'revenue': 620200.0, 'unit': 'K', 'net_profit': -400.0}, {'period': ""Q1 '25"", 'revenue': 625.6, 'unit': 'M', 'net_profit': -5.2}]",0.91,0.91,2264800000,792200000,174000000,1040099999,199300000,27100000,327100000,174000000,89500000,-0.19983065198983913,0.9769230769230769,1.0222222222222221,"[0.35, 0.1]","['2026-04-15', '1984-12-03']",__nan__,0.4592458490815966
364,WH,Wyndham Hotels & Resorts Inc. Common Stock ,"Wyndham Hotels & Resorts, Inc. operates as a hotel franchisor worldwide. It operates through Hotel Franchising and Hotel Management segments. The Hotel Franchising segment licenses its lodging brands and provides related services to third-party hotel owners and others. The Hotel Management segment provides hotel management services for full-service and limited-service hotels. It is also involved in the reward loyalty program business. The company's hotel brand portfolios include Super 8, Days Inn, Travelodge, Microtel, Howard Johnson, La Quinta, Ramada, Baymont, AmericInn, Wingate, Wyndham Alltra, Wyndham Garden, Ramada Encore, Hawthorn, Registry Collection, Trademark Collection, TRYP, Dazzler, Esplendor, Wyndham Grand, Dolce, and Wyndham. As of August 9, 2022, it operated a portfolio of 22 hotel brands with approximately 9,000 hotels with approximately 8,19,000 rooms in approximately 95 countries. The company was incorporated in 2017 and is headquartered in Parsippany, New Jersey.",Geoffrey A. Ballotti,Travel Lodging,79.43,USD,5969073076,https://images.financialmodelingprep.com/symbol/WH.png,1372505,2018-05-21,31.77,-1.16,1343828,466000000,193000000,"[{'period': '2025', 'revenue': 1430.0, 'unit': 'M', 'net_profit': 193.0}, {'period': '2024', 'revenue': 1410.0, 'unit': 'M', 'net_profit': 289.0}, {'period': '2023', 'revenue': 1400.0, 'unit': 'M', 'net_profit': 289.0}, {'period': '2022', 'revenue': 1500.0, 'unit': 'M', 'net_profit': 355.0}]","[{'period': ""Q4 '25"", 'revenue': 334.0, 'unit': 'M', 'net_profit': -60.0}, {'period': ""Q3 '25"", 'revenue': 382.0, 'unit': 'M', 'net_profit': 105.0}, {'period': ""Q2 '25"", 'revenue': 397.0, 'unit': 'M', 'net_profit': 87.0}, {'period': ""Q1 '25"", 'revenue': 316.0, 'unit': 'M', 'net_profit': 61.0}, {'period': ""Q4 '24"", 'revenue': 341.0, 'unit': 'M', 'net_profit': 85.0}, {'period': ""Q3 '24"", 'revenue': 394.0, 'unit': 'M', 'net_profit': 102.0}]",2.49,2.47,4182000000,355000000,64000000,3714000000,291000000,18000000,497000000,64000000,321000000,-0.1795774647887324,-0.33217993079584773,-0.3159340659340659,"[0.43, 0.25]","['2026-03-20', '2018-06-14']",__nan__,0.8880918220946915
365,WHD,Cactus Inc. Class A Common Stock,"Cactus, Inc. designs, manufactures, sells, and rents a range of wellheads and pressure control equipment in the United States, Australia, China, and the Kingdom of Saudi Arabia. The company's principal products include Cactus SafeDrill wellhead systems, Cactus SafeLink monobore, SafeClamp, and SafeInject systems, as well as frac stacks, zipper manifolds, and production trees. It also provides field services, such as 24-hour service crews to assist with the installation, maintenance, repair, and safe handling of the wellhead and pressure control equipment; and repair and refurbishment services. The company sells or rents its products for onshore unconventional oil and gas wells for drilling, completion, and production phases of the wells. In addition, it operates 15 service centers in the United States, as well as 3 service centers in Eastern Australia. Cactus, Inc. was founded in 2011 and is headquartered in Houston, Texas.",Scott J. Bender,Oil & Gas Equipment & Services,48.39,USD,3334061322,https://images.financialmodelingprep.com/symbol/WHD.png,1031533,2018-02-08,20.08,-0.42,693641,353453999,166014000,"[{'period': '2025', 'revenue': 1080.0, 'unit': 'M', 'net_profit': 166.01}, {'period': '2024', 'revenue': 1130.0, 'unit': 'M', 'net_profit': 185.41}, {'period': '2023', 'revenue': 1100.0, 'unit': 'M', 'net_profit': 169.17}, {'period': '2022', 'revenue': 688.37, 'unit': 'M', 'net_profit': 110.17}]","[{'period': ""Q4 '25"", 'revenue': 261.2, 'unit': 'M', 'net_profit': 39.84}, {'period': ""Q3 '25"", 'revenue': 263.95, 'unit': 'M', 'net_profit': 41.62}, {'period': ""Q2 '25"", 'revenue': 273.57, 'unit': 'M', 'net_profit': 40.33}, {'period': ""Q1 '25"", 'revenue': 280.32, 'unit': 'M', 'net_profit': 44.22}, {'period': ""Q4 '24"", 'revenue': 272.12, 'unit': 'M', 'net_profit': 46.69}, {'period': ""Q3 '24"", 'revenue': 293.18, 'unit': 'M', 'net_profit': 49.93}]",2.42,2.41,1871617000,954919000,494582000,438569000,164493000,5923000,164241000,494582000,217212000,-0.027738506015877296,-0.10459691381663044,-0.13261648745519716,"[0.14, 0.09]","['2026-03-02', '2019-11-29']",__nan__,0.2343262537153702
366,WHG,Westwood Holdings Group Inc Common Stock,"Westwood Holdings Group, Inc., through its subsidiaries, manages investment assets and provides services for its clients. The company operates in two segments, Advisory and Trust. The Advisory segment provides investment advisory services to corporate retirement plans, public retirement plans, endowments, foundations, individuals, and the Westwood Funds; and investment sub-advisory services to mutual funds, pooled investment vehicles, and its Trust segment. The Trust segment offers trust and custodial services; and participates in common trust funds that it sponsors to institutions and high net worth individuals. Westwood Holdings Group, Inc. was founded in 1983 and is based in Dallas, Texas.",Brian O'Connor Casey,Financial - Capital Markets,15.89,USD,150708228,https://images.financialmodelingprep.com/symbol/WHG.png,11598,2002-06-13,20.11,-0.11,2754,14123000,7077000,"[{'period': '2025', 'revenue': 97.76, 'unit': 'M', 'net_profit': 7.08}, {'period': '2024', 'revenue': 94.72, 'unit': 'M', 'net_profit': 2.21}, {'period': '2023', 'revenue': 89.78, 'unit': 'M', 'net_profit': 10.57}, {'period': '2022', 'revenue': 68.68, 'unit': 'M', 'net_profit': -4.63}]","[{'period': ""Q4 '25"", 'revenue': 27.1, 'unit': 'M', 'net_profit': 1.86}, {'period': ""Q3 '25"", 'revenue': 24.29, 'unit': 'M', 'net_profit': 3.7}, {'period': ""Q2 '25"", 'revenue': 23.12, 'unit': 'M', 'net_profit': 1.02}, {'period': ""Q1 '25"", 'revenue': 23250.0, 'unit': 'K', 'net_profit': 477.0}, {'period': ""Q4 '24"", 'revenue': 25.58, 'unit': 'M', 'net_profit': 2.06}, {'period': ""Q3 '24"", 'revenue': 23720.0, 'unit': 'K', 'net_profit': 159.0}]",0.84,0.79,163250000,64433000,47682000,35575000,16751000,20000000,10171000,26249000,17883000,0.35006213555109456,2.2008141112618724,2.1111111111111107,"[0.15, 0.02]","['2026-03-03', '2002-09-12']",__nan__,0.21791730474732007
367,WHR,Whirlpool Corporation Common Stock,"Whirlpool Corporation manufactures and markets home appliances and related products. It operates through four segments: North America; Europe, Middle East and Africa; Latin America; and Asia. The company's principal products include refrigerators, freezers, ice makers, and refrigerator water filters; laundry appliances and related laundry accessories; cooking and other small domestic appliances; and dishwasher appliances and related accessories, as well as mixers. It markets and distributes its products primarily under the Whirlpool, Maytag, KitchenAid, JennAir, Amana, Roper, Affresh, Gladiator, Swash, everydrop, Speed Queen, Hotpoint, Bauknecht, Indesit, Ignis, Privileg, Consul, Eslabon de Lujo, Brastemp, Acros, Ariston, Diqua, and Royalstar brands. The company sells its products to retailers, distributors, dealers, builders, and other manufacturers, as well as directly to consumers. Whirlpool Corporation was founded in 1911 and is headquartered in Benton Harbor, Michigan.",Marc Robert Bitzer,"Furnishings, Fixtures & Appliances",51.92,USD,2934450904,https://images.financialmodelingprep.com/symbol/WHR.png,2490147,1955-09-15,9.17,-1.69,2234986,1161000000,317000000,"[{'period': '2025', 'revenue': 15520.0, 'unit': 'M', 'net_profit': 317.0}, {'period': '2024', 'revenue': 16610.0, 'unit': 'M', 'net_profit': -323.0}, {'period': '2023', 'revenue': 19460.0, 'unit': 'M', 'net_profit': 481.0}, {'period': '2022', 'revenue': 19.72, 'unit': 'B', 'net_profit': -1.52}]","[{'period': ""Q4 '25"", 'revenue': 4100.0, 'unit': 'M', 'net_profit': 108.0}, {'period': ""Q3 '25"", 'revenue': 4030.0000000000005, 'unit': 'M', 'net_profit': 73.0}, {'period': ""Q2 '25"", 'revenue': 3770.0, 'unit': 'M', 'net_profit': 65.0}, {'period': ""Q1 '25"", 'revenue': 3620.0, 'unit': 'M', 'net_profit': 72.0}, {'period': ""Q4 '24"", 'revenue': 4140.0, 'unit': 'M', 'net_profit': -391.0}, {'period': ""Q3 '24"", 'revenue': 3990.0, 'unit': 'M', 'net_profit': 109.0}]",5.68,5.66,16001000000,4924000000,669000000,13286000000,1276000000,827000000,6513000000,669000000,92000000,1.3081510934393639,1.9814241486068112,1.9676320272572403,"[0.9, 0.45]","['2026-02-27', '1983-08-24']",__nan__,0.8303231048059496
368,WIA,Western Asset Inflation-Linked Income Fund,"Western Asset/Claymore Inflation-Linked Securities & Income Fund is a closed-ended fixed income mutual fund launched by Guggenheim Partners, LLC. The fund is co-managed by Western Asset Management Company, Western Asset Management Company Limited, Western Asset Management Company Ltd., and Western Asset Management Company Pte. Ltd. It invests in fixed income markets across the globe. The fund primarily invests in investment-grade, inflation-linked securities such as U.S. TIPS, corporate bonds, and mortgage backed securities. It seeks to maintain an average portfolio duration of between zero to 15 years. The fund benchmarks the performance of its portfolio against the Barclays U.S. Government Inflation-Linked 1-10 Year Index and Barclays U.S. Government Inflation-Linked All Maturities Index. Western Asset/Claymore Inflation-Linked Securities & Income Fund was formed on September 25, 2003 and is domiciled in the United States.",Kenneth Donald Fuller,Asset Management - Income,7.98,USD,186111603,https://images.financialmodelingprep.com/symbol/WIA.png,47840,2003-09-29,11.91,-0.01,15629,19967658,15412789,"[{'period': '2025', 'revenue': 7.7, 'unit': 'M', 'net_profit': 15.41}, {'period': '2024', 'revenue': 13.28, 'unit': 'M', 'net_profit': 12.7}, {'period': '2023', 'revenue': 10760.0, 'unit': 'K', 'net_profit': -590.05}, {'period': '2022', 'revenue': -51.08, 'unit': 'M', 'net_profit': -54.08}]","[{'period': ""Q4 '25"", 'revenue': 0.50639, 'unit': 'M', 'net_profit': 9.37}, {'period': ""Q2 '25"", 'revenue': 7.19, 'unit': 'M', 'net_profit': 6.04}, {'period': ""Q4 '24"", 'revenue': 2.28, 'unit': 'M', 'net_profit': 4.75}, {'period': ""Q2 '24"", 'revenue': 9.27, 'unit': 'M', 'net_profit': 7.95}, {'period': ""Q4 '23"", 'revenue': 8800.0, 'unit': 'K', 'net_profit': -694.45}, {'period': ""Q2 '23"", 'revenue': 7460.0, 'unit': 'K', 'net_profit': 104.39}]",0.66,0.66,304838388,0,21255915,90144855,1507186,0,90113970,632291,5330460,0.012412918220702495,0.21354284483753003,0.2222222222222222,"[0.052, 0.065625]","['2026-05-21', '2003-11-10']",__nan__,0.29571359300062955
369,WIT,Wipro Limited Common Stock,"Wipro Limited operates as information technology (IT), consulting, and business process services company worldwide. It operates through three segments: IT Services, IT Products, and India State Run Enterprise Services (ISRE). The IT Services segment offers IT and IT-enabled services, including digital strategy advisory, customer-centric design, technology and IT consulting, custom application design, development, re-engineering and maintenance, systems integration, package implementation, cloud and infrastructure, business process, cloud, mobility and analytics, research and development, and hardware and software design services to enterprises. It serves customers in various industry sectors, such as healthcare and medical devices, consumer goods and life sciences, retail, transportation and services, communications, media and information services, technology products and platforms, banking, financial services and insurance, manufacturing, hi-tech, energy, and utilities. The IT Products segment provides a range of third-party IT products comprising enterprise platforms, networking solutions, software and data storage products, contact center infrastructure, enterprise security, IT optimization technologies, video solutions, and end-user computing solutions. It serves enterprises in various industries primarily in the India market, which comprise the government, defense, IT and IT-enabled services, telecommunications, manufacturing, utilities, education, and financial services sectors. The ISRE segment offers IT services to entities and departments owned or controlled by the Government of India and/or various Indian State Governments. The company was incorporated in 1945 and is based in Bengaluru, India.",Srinivas Pallia,Information Technology Services,2.08,USD,21791108602,https://images.financialmodelingprep.com/symbol/WIT.png,11767801,2000-10-19,16.0,-0.01,10201651,220453884000,132895356000,"[{'period': '2025', 'revenue': 901.34, 'unit': 'B', 'net_profit': 132.9}, {'period': '2024', 'revenue': 903.55, 'unit': 'B', 'net_profit': 111.18}, {'period': '2023', 'revenue': 924.69, 'unit': 'B', 'net_profit': 115.99}, {'period': '2022', 'revenue': 804.46, 'unit': 'B', 'net_profit': 124.28}]","[{'period': ""Q3 '26"", 'revenue': 237.52, 'unit': 'B', 'net_profit': 31.45}, {'period': ""Q2 '26"", 'revenue': 230.7, 'unit': 'B', 'net_profit': 32.99}, {'period': ""Q1 '26"", 'revenue': 221.04, 'unit': 'B', 'net_profit': 33.26}, {'period': ""Q4 '25"", 'revenue': 222.22, 'unit': 'B', 'net_profit': 35.25}, {'period': ""Q3 '25"", 'revenue': 226.07, 'unit': 'B', 'net_profit': 33.97}, {'period': ""Q2 '25"", 'revenue': 222.86, 'unit': 'B', 'net_profit': 32.07}]",12.56,12.53,1286520000000,777775000000,532373000000,456073000000,218360000000,27785000000,286253000000,121974000000,154389000000,0.1384796298726173,0.19528037171226711,0.20191387559808624,"[0.058648, 0.0105]","['2026-01-27', '2001-06-28']",__nan__,0.35450129030252153
370,WIW,Western Asset Inflation-Linked Opportunities & Income Fund,"Western Asset/Claymore Inflation-Linked Opportunities & Income Fund is a closed-ended fixed income mutual fund launched and managed by Guggenheim Funds Investment Advisors, LLC. It is managed by Western Asset Management Company, Western Asset Management Company Limited, Western Asset Management Company Ltd., and Western Asset Management Company Pte. Ltd. The fund invests in fixed income markets across the globe. It primarily invests in investment grade inflation-linked securities with an average effective duration of between zero and 15 years. The fund benchmarks the performance of its portfolio against the Barclays U.S. Government Inflation-Linked 1-10 Year Index and the Barclays U.S. Government Inflation-Linked All Maturities Index. Western Asset/Claymore Inflation-Linked Opportunities & Income Fund was formed on February 24, 2004 and is domiciled in the United States.",Jane Elizabeth Trust,Asset Management - Income,8.35,USD,510887519,https://images.financialmodelingprep.com/symbol/WIW.png,239038,2004-02-25,11.76,-0.03,241908,43669095,43669095,"[{'period': '2025', 'revenue': 56.12, 'unit': 'M', 'net_profit': 43.67}, {'period': '2024', 'revenue': 39.05, 'unit': 'M', 'net_profit': 35.58}, {'period': '2023', 'revenue': 47.93, 'unit': 'M', 'net_profit': 1.05}, {'period': '2022', 'revenue': 38.11, 'unit': 'M', 'net_profit': -136.09}]","[{'period': ""Q4 '25"", 'revenue': 13.44, 'unit': 'M', 'net_profit': 26.78}, {'period': ""Q2 '25"", 'revenue': 10.08, 'unit': 'M', 'net_profit': 8.44}, {'period': ""Q4 '24"", 'revenue': 16.57, 'unit': 'M', 'net_profit': 13.26}, {'period': ""Q2 '24"", 'revenue': 22.48, 'unit': 'M', 'net_profit': 22.32}, {'period': ""Q4 '23"", 'revenue': 25.5, 'unit': 'M', 'net_profit': -1.51}, {'period': ""Q2 '23"", 'revenue': 22.44, 'unit': 'M', 'net_profit': 2.56}]",0.71,0.71,839568281,5859061,1866126,243349679,3987379,497008,4739914,1866126,65306989,0.0,0.22731662077741424,0.2241379310344828,"[0.0625, 0.06875]","['2026-05-21', '2004-04-13']",__nan__,0.28985096805961874
371,WK,Workiva Inc. Class A Common Stock,"Workiva Inc., together with its subsidiaries, provides cloud-based compliance and regulatory reporting solutions worldwide. The company offers Workiva platform that offers controlled collaboration, data linking, data integrations, granular permissions, process management, and full audit trail services; and provides tools that enables customers to connect data from enterprise resource planning, governance risk and compliance, human capital management, and customer relationship management systems, as well as from other third-party cloud and on-premise applications. It serves public and private companies, government agencies, and higher-education institutions. The company was founded in 2008 and is headquartered in Ames, Iowa.",Julie Iskow,Software - Application,57.83,USD,3286747116,https://images.financialmodelingprep.com/symbol/WK.png,964954,2014-12-12,-123.04,-1.6,619634,1352000,-26169000,"[{'period': '2025', 'revenue': 884.57, 'unit': 'M', 'net_profit': -26.17}, {'period': '2024', 'revenue': 738.68, 'unit': 'M', 'net_profit': -55.04}, {'period': '2023', 'revenue': 630.04, 'unit': 'M', 'net_profit': -127.53}, {'period': '2022', 'revenue': 537.88, 'unit': 'M', 'net_profit': -90.95}]","[{'period': ""Q4 '25"", 'revenue': 238.94, 'unit': 'M', 'net_profit': 11.82}, {'period': ""Q3 '25"", 'revenue': 224.17, 'unit': 'M', 'net_profit': 2.79}, {'period': ""Q2 '25"", 'revenue': 215.19, 'unit': 'M', 'net_profit': -19.4}, {'period': ""Q1 '25"", 'revenue': 206.28, 'unit': 'M', 'net_profit': -21.37}, {'period': ""Q4 '24"", 'revenue': 199.89, 'unit': 'M', 'net_profit': -8.81}, {'period': ""Q3 '24"", 'revenue': 185.62, 'unit': 'M', 'net_profit': -16.99}]",-0.47,-0.47,1493571000,1162385000,891621000,1499007000,179367000,0,741652000,338769000,137995000,1.0528682594924335,0.5245630609352858,0.5252525252525253,__nan__,__nan__,__nan__,1.003639599322697
372,WLK,Westlake Chemical Corporation Common Stock,"Westlake Corporation manufactures and supplies petrochemicals, polymers, and building products worldwide. It operates through two segments, Performance and Essential Materials; and Housing and Infrastructure Products. The Performance and Essential Materials segment manufactures and markets polyethylene, styrene monomer, ethylene co-products, PVC, VCM, ethylene dichloride chlor-alkali, and chlorinated derivative products. The Housing and Infrastructure Products segment manufactures and sells residential PVC siding; PVC trim and moldings; roofing applications; decorative stone; windows; PVC decking; PVC films for various inflatables, wallcovering, tape, and roofing applications; polymer composite roof tiles; PVC pipe and fittings; PVC compounds; and various consumer and commercial products such as landscape edging; industrial, home and office matting; marine dock edging; and masonry joint controls. The company offers its products to a range of customers, including chemical processors, plastics fabricators, small construction contractors, municipalities, and supply warehouses for use in various consumer and industrial markets, including residential construction, flexible and rigid packaging, automotive products, healthcare products, water treatment, and coatings, as well as other durable and non-durable goods. The company was formerly known as Westlake Chemical Corporation and changed its name to Westlake Corporation in February 2022. The company was founded in 1986 and is headquartered in Houston, Texas. Westlake Corporation is a subsidiary of TTWF LP.",Jean-Marc Gilson,Chemicals - Specialty,113.29,USD,14532065277,https://images.financialmodelingprep.com/symbol/WLK.png,1369240,2004-08-12,-9.68,-0.17,912481,-199000000,-1508000000,"[{'period': '2025', 'revenue': 11.17, 'unit': 'B', 'net_profit': -1.51}, {'period': '2024', 'revenue': 12140.0, 'unit': 'M', 'net_profit': 602.0}, {'period': '2023', 'revenue': 12550.0, 'unit': 'M', 'net_profit': 479.0}, {'period': '2022', 'revenue': 15.79, 'unit': 'B', 'net_profit': 2.25}]","[{'period': ""Q4 '25"", 'revenue': 2530.0, 'unit': 'M', 'net_profit': -544.0}, {'period': ""Q3 '25"", 'revenue': 2840.0, 'unit': 'M', 'net_profit': -782.0}, {'period': ""Q2 '25"", 'revenue': 2950.0, 'unit': 'M', 'net_profit': -142.0}, {'period': ""Q1 '25"", 'revenue': 2850.0, 'unit': 'M', 'net_profit': -40.0}, {'period': ""Q4 '24"", 'revenue': 2840.0, 'unit': 'M', 'net_profit': 7.0}, {'period': ""Q3 '24"", 'revenue': 3120.0, 'unit': 'M', 'net_profit': 108.0}]",-11.73,-11.73,19961000000,6216000000,2928000000,10666000000,1504000000,1078000000,2770000000,2724000000,-530000000,-1.0900045228403437,-3.504983388704319,-3.517167381974249,"[0.53, 0.02125]","['2026-03-03', '2004-11-18']",__nan__,0.5343419668353289
373,WLKP,Westlake Chemical Partners LP Common Units representing limited partner interests,"Westlake Chemical Partners LP acquires, develops, and operates ethylene production facilities and related assets in the United States. The company's ethylene production facilities primarily convert ethane into ethylene. It also sells ethylene co-products, including propylene, crude butadiene, pyrolysis gasoline, and hydrogen directly to third parties on either a spot or contract basis. Westlake Chemical Partners GP LLC serves as the general partner of the company. The company was incorporated in 2014 and is headquartered in Houston, Texas.",Jean-Marc Gilson,Chemicals,21.71,USD,765188033,https://images.financialmodelingprep.com/symbol/WLKP.png,50964,2014-07-30,15.73,-0.47,41393,450000000,298576000,"[{'period': '2025', 'revenue': 1170.0, 'unit': 'M', 'net_profit': 298.58}, {'period': '2024', 'revenue': 1140.0, 'unit': 'M', 'net_profit': 62.39}, {'period': '2023', 'revenue': 1190.0, 'unit': 'M', 'net_profit': 54.28}, {'period': '2022', 'revenue': 1590.0, 'unit': 'M', 'net_profit': 64.17}]","[{'period': ""Q4 '25"", 'revenue': 323.05, 'unit': 'M', 'net_profit': 84.26}, {'period': ""Q3 '25"", 'revenue': 308.9, 'unit': 'M', 'net_profit': 14.65}, {'period': ""Q2 '25"", 'revenue': 297.12, 'unit': 'M', 'net_profit': 14.56}, {'period': ""Q1 '25"", 'revenue': 237.63, 'unit': 'M', 'net_profit': 4.95}, {'period': ""Q4 '24"", 'revenue': 290.06, 'unit': 'M', 'net_profit': 15.0}, {'period': ""Q3 '24"", 'revenue': 277.0, 'unit': 'M', 'net_profit': 18.14}]",8.47,8.47,1256533000,143506000,44269000,454181000,63571000,0,51301000,44269000,201652000,-0.1134646981642809,3.7854853186305935,3.7853107344632773,"[0.4714, 0.1704]","['2026-02-06', '2014-11-06']",__nan__,0.3614556879922772
374,WLL,Whiting Petroleum Corporation Common Stock (New),"Whiting Petroleum Corporation, an independent oil and gas company, engages in the acquisition, development, and production of crude oil, natural gas, and natural gas liquids primarily in the Rocky Mountains region of the United States. The company sells its oil and gas production to end users, marketers, and other purchasers. As of December 31, 2021, it had interests in 1,917 net productive wells on approximately 539,900 net developed acres, as well as total estimated proved reserves of 326.0 million barrels of oil equivalent. The company was founded in 1980 and is headquartered in Denver, Colorado.",Bradley Holly,Oil & Gas Exploration & Production,68.03,USD,0,https://images.financialmodelingprep.com/symbol/WLL.png,0,2003-11-20,7.3785249457700655,-4.65,2859571,648118000,427906000,"[{'period': '2021', 'revenue': 1530.0, 'unit': 'M', 'net_profit': 427.91}, {'period': '2020', 'revenue': 0.0, 'unit': 'M', 'net_profit': 39.07}, {'period': '2019', 'revenue': 1570.0, 'unit': 'M', 'net_profit': -241.17}, {'period': '2018', 'revenue': 2080.0, 'unit': 'M', 'net_profit': 342.49}]","[{'period': ""Q1 '22"", 'revenue': 526.86, 'unit': 'M', 'net_profit': -37.43}, {'period': ""Q4 '21"", 'revenue': 473.41, 'unit': 'M', 'net_profit': 292.18}, {'period': ""Q3 '21"", 'revenue': 401.04, 'unit': 'M', 'net_profit': 198.16}, {'period': ""Q2 '21"", 'revenue': 351.65, 'unit': 'M', 'net_profit': -61.49}, {'period': ""Q1 '21"", 'revenue': 307390.0, 'unit': 'K', 'net_profit': -946.0}, {'period': ""Q4 '20"", 'revenue': 212.27, 'unit': 'M', 'net_profit': -1.2}]",351.02,351.02,2457931000,338268000,41245000,794306000,279865000,0,637733000,41245000,199319000,4.755063622721258,9.951449850280245,9.95226209048362,"[0.25, 0.25]","['2022-05-19', '2022-02-17']",__nan__,0.32316041418575214
375,WM,Waste Management Inc. Common Stock,"Waste Management, Inc., through its subsidiaries, provides waste management environmental services to residential, commercial, industrial, and municipal customers in North America. It offers collection services, including picking up and transporting waste and recyclable materials from where it was generated to a transfer station, material recovery facility (MRF), or disposal site; and owns, develops, and operates landfill gas-to-energy facilities in the United States, as well as owns and operates transfer stations. As of December 31, 2021, the company owned or operated 255 solid waste landfills; 5 secure hazardous waste landfills; 96 MRFs; and 340 transfer stations. It also provides materials processing and commodities recycling services; recycling brokerage services, such as managing the marketing of recyclable materials for third parties; and other strategic business solutions. In addition, the company offers construction and remediation services; services related with the disposal of fly ash, and residue generated from the combustion of coal and other fuel stocks; in-plant services comprising full-service waste management solutions and consulting services; and specialized disposal services for oil and gas exploration and production operations. The company was formerly known as USA Waste Services, Inc. and changed its name to Waste Management, Inc. in 1998. Waste Management, Inc. was incorporated in 1987 and is headquartered in Houston, Texas.",James C. Fish Jr.,Waste Management,225.06,USD,90774750872,https://images.financialmodelingprep.com/symbol/WM.png,2215164,1988-06-22,33.59,-1.45,1737918,7201000000,2708000000,"[{'period': '2025', 'revenue': 25.2, 'unit': 'B', 'net_profit': 2.71}, {'period': '2024', 'revenue': 22.06, 'unit': 'B', 'net_profit': 2.75}, {'period': '2023', 'revenue': 20.43, 'unit': 'B', 'net_profit': 2.3}, {'period': '2022', 'revenue': 19.7, 'unit': 'B', 'net_profit': 2.24}]","[{'period': ""Q4 '25"", 'revenue': 6310.0, 'unit': 'M', 'net_profit': 742.0}, {'period': ""Q3 '25"", 'revenue': 6440.0, 'unit': 'M', 'net_profit': 603.0}, {'period': ""Q2 '25"", 'revenue': 6430.0, 'unit': 'M', 'net_profit': 726.0}, {'period': ""Q1 '25"", 'revenue': 6020.0, 'unit': 'M', 'net_profit': 637.0}, {'period': ""Q4 '24"", 'revenue': 5890.0, 'unit': 'M', 'net_profit': 598.0}, {'period': ""Q3 '24"", 'revenue': 5610.0, 'unit': 'M', 'net_profit': 760.0}]",6.72,6.7,45835000000,4910000000,201000000,35844000000,4055000000,0,5524000000,201000000,2816000000,0.11539653035935564,-0.013838310269482883,-0.017543859649122823,"[0.945, 0.01]","['2026-03-13', '1998-09-28']",__nan__,0.7820224719101123
376,WMB,Williams Companies Inc. (The) Common Stock,"The Williams Companies, Inc., together with its subsidiaries, operates as an energy infrastructure company primarily in the United States. It operates through Transmission & Gulf of Mexico, Northeast G&P, West, and Gas & NGL Marketing Services segments. The Transmission & Gulf of Mexico segment comprises Transco and Northwest natural gas pipelines; and natural gas gathering and processing, and crude oil production handling and transportation assets in the Gulf Coast region, as well as various petrochemical and feedstock pipelines. The Northeast G&P segment engages in the midstream gathering, processing, and fractionation activities in the Marcellus Shale region primarily in Pennsylvania and New York, and the Utica Shale region of eastern Ohio. The West segment comprises gas gathering, processing, and treating operations in the Rocky Mountain region of Colorado and Wyoming, the Barnett Shale region of north-central Texas, the Eagle Ford Shale region of South Texas, the Haynesville Shale region of northwest Louisiana, and the Mid-Continent region, which includes the Anadarko, Arkoma, and Permian basins; and operates natural gas liquid (NGL) fractionation and storage facilities in central Kansas near Conway. The Gas & NGL Marketing Services segment provides wholesale marketing, trading, storage, and transportation of natural gas for natural gas utilities, municipalities, power generators, and producers; risk and asset management; and NGL marketing services. The company owns and operates 30,000 miles of pipelines, 29 processing facilities, 7 fractionation facilities, and approximately 23 million barrels of NGL storage capacity. The Williams Companies, Inc. was founded in 1908 and is headquartered in Tulsa, Oklahoma.",Chad J. Zamarin,Oil & Gas Midstream,73.58,USD,89882384800,https://images.financialmodelingprep.com/symbol/WMB.png,7203752,1981-12-31,34.38,-0.48,6492571,7414000000,2618000000,"[{'period': '2025', 'revenue': 11.95, 'unit': 'B', 'net_profit': 2.62}, {'period': '2024', 'revenue': 10.5, 'unit': 'B', 'net_profit': 2.23}, {'period': '2023', 'revenue': 10.91, 'unit': 'B', 'net_profit': 3.18}, {'period': '2022', 'revenue': 10.96, 'unit': 'B', 'net_profit': 2.05}]","[{'period': ""Q4 '25"", 'revenue': 3200.0, 'unit': 'M', 'net_profit': 734.0}, {'period': ""Q3 '25"", 'revenue': 2920.0, 'unit': 'M', 'net_profit': 647.0}, {'period': ""Q2 '25"", 'revenue': 2770.0, 'unit': 'M', 'net_profit': 546.0}, {'period': ""Q1 '25"", 'revenue': 3050.0, 'unit': 'M', 'net_profit': 691.0}, {'period': ""Q4 '24"", 'revenue': 2740.0, 'unit': 'M', 'net_profit': 486.0}, {'period': ""Q3 '24"", 'revenue': 2650.0, 'unit': 'M', 'net_profit': 706.0}]",2.14,2.14,58573000000,3244000000,63000000,43578000000,2084000000,4559000000,6106000000,63000000,1005000000,0.12863449535697977,0.17662921348314606,0.17582417582417587,"[0.525, 0.3]","['2026-03-13', '1982-03-01']",__nan__,0.7439946733136428
377,WMC,Western Asset Mortgage Capital Corporation Common Stock,"Western Asset Mortgage Capital Corporation operates as a real estate investment trust. It invests in, acquires, and manages a portfolio of assets with a focus on residential real estate related investments, including non-qualified mortgage loans, non-agency residential mortgage-backed securities (RMBS), and other related investments. The company qualifies as a real estate investment trust for federal income tax purposes. It generally would not be subject to federal corporate income taxes if it distributes at least 90% of its taxable income to its stockholders. Western Asset Mortgage Capital Corporation was incorporated in 2009 and is based in Salt Lake City, Utah.",Bonnie Wongtrakool,REIT - Mortgage,9.18,USD,55534961,https://images.financialmodelingprep.com/symbol/WMC.png,21197,2012-05-11,-4.731958762886598,0.39,33475,62608000,-85466000,"[{'period': '2022', 'revenue': -63.34, 'unit': 'M', 'net_profit': -85.47}, {'period': '2021', 'revenue': -29.61, 'unit': 'M', 'net_profit': -49.87}, {'period': '2020', 'revenue': -289.38, 'unit': 'M', 'net_profit': -328.35}, {'period': '2019', 'revenue': 90.5, 'unit': 'M', 'net_profit': 70.7}]","[{'period': ""Q3 '23"", 'revenue': -2870.0, 'unit': 'K', 'net_profit': -2.0}, {'period': ""Q2 '23"", 'revenue': -2.93, 'unit': 'M', 'net_profit': -8.63}, {'period': ""Q1 '23"", 'revenue': 10.9, 'unit': 'M', 'net_profit': 6.57}, {'period': ""Q4 '22"", 'revenue': 3700.0, 'unit': 'K', 'net_profit': -833.0}, {'period': ""Q3 '22"", 'revenue': -33.04, 'unit': 'M', 'net_profit': -40.01}, {'period': ""Q2 '22"", 'revenue': -18.46, 'unit': 'M', 'net_profit': -22.39}]",-14.16,-14.16,2453234000,35301000,23971000,2358422000,23864000,137151000,86723000,18011000,15492000,-0.05112880177821809,-0.7139476586784318,-0.7142857142857143,"[0.1, 0.38]","['2023-11-29', '2012-08-02']",__nan__,0.9613522395336116
378,WMK,Weis Markets Inc. Common Stock,"Weis Markets, Inc. engages in the retail sale of food through a chain of supermarkets in Pennsylvania and surrounding states. The company's retail food stores sell groceries, dairy products, frozen foods, meats, seafood, fresh produce, floral, pharmacy services, deli products, prepared foods, bakery products, beer and wine, and fuel; and general merchandise items, such as health and beauty care, and household products. It operates stores primarily under the Weis Markets name, as well as Weis, Weis 2 Go, Weis Great Meals Start Here, Weis Gas-n-Go, and Weis Nutri-Facts. As of March 7, 2022, the company owned and operated 197 stores in Pennsylvania, Maryland, Delaware, New Jersey, New York, West Virginia, and Virginia. Weis Markets, Inc. was founded in 1912 and is based in Sunbury, Pennsylvania.",Jonathan H. Weis,Grocery Stores,68.26,USD,1689066191,https://images.financialmodelingprep.com/symbol/WMK.png,135706,1980-03-17,18.7,0.96,112376,227131000,93691000,"[{'period': '2025', 'revenue': 4960.0, 'unit': 'M', 'net_profit': 93.69}, {'period': '2024', 'revenue': 4790.0, 'unit': 'M', 'net_profit': 109.94}, {'period': '2023', 'revenue': 4700.0, 'unit': 'M', 'net_profit': 103.83}, {'period': '2022', 'revenue': 4700.0, 'unit': 'M', 'net_profit': 125.2}]","[{'period': ""Q4 '25"", 'revenue': 1300.0, 'unit': 'M', 'net_profit': 28.45}, {'period': ""Q3 '25"", 'revenue': 1240.0, 'unit': 'M', 'net_profit': 18.23}, {'period': ""Q2 '25"", 'revenue': 1220.0, 'unit': 'M', 'net_profit': 26.53}, {'period': ""Q1 '25"", 'revenue': 1200.0, 'unit': 'M', 'net_profit': 20.48}, {'period': ""Q4 '24"", 'revenue': 1250.0, 'unit': 'M', 'net_profit': 34.68}, {'period': ""Q3 '24"", 'revenue': 1190.0, 'unit': 'M', 'net_profit': 25.84}]",3.65,3.65,2027359000,681235000,214182000,675449000,95416000,0,352727000,117091000,4825000,-0.07516185512439431,-0.14780655078633084,-0.10757946210268948,"[0.34, 0.1753]","['2026-02-17', '1985-02-05']",__nan__,0.3331669428058869
379,WMS,Advanced Drainage Systems Inc. Common Stock,"Advanced Drainage Systems, Inc. designs, manufactures, and markets thermoplastic corrugated pipes and related water management products, and drainage solutions for use in the underground construction and infrastructure marketplace in the United States, Canada, Mexico, and internationally. The company operates through Pipe, International, Infiltrator, and Allied Products & Other segments. It offers single, double, and triple wall corrugated polypropylene and polyethylene pipes; plastic leachfield chambers and systems, EZflow synthetic aggregate bundles, mechanical aeration wastewater solutions, septic tanks and accessories, and combined treatment and dispersal systems; and allied products, including storm retention/detention and septic chambers, polyvinyl chloride drainage structures, fittings, and water quality filters and separators. The company also purchases and distributes construction fabrics and other geosynthetic products for soil stabilization, reinforcement, filtration, separation, erosion control, and sub-surface drainage, as well as drainage grates and other products. It offers its products for non-residential, residential, agriculture, and infrastructure applications through a network of approximately 38 distribution centers. The company was incorporated in 1966 and is headquartered in Hilliard, Ohio.",Donald Scott Barbour,Construction,132.7,USD,10336744130,https://images.financialmodelingprep.com/symbol/WMS.png,762679,2014-07-25,22.08,-1.62,577680,864549000,450172000,"[{'period': '2025', 'revenue': 2900.0, 'unit': 'M', 'net_profit': 450.17}, {'period': '2024', 'revenue': 2870.0, 'unit': 'M', 'net_profit': 509.92}, {'period': '2023', 'revenue': 3070.0, 'unit': 'M', 'net_profit': 507.09}, {'period': '2022', 'revenue': 2770.0, 'unit': 'M', 'net_profit': 271.33}]","[{'period': ""Q3 '26"", 'revenue': 693.35, 'unit': 'M', 'net_profit': 93.63}, {'period': ""Q2 '26"", 'revenue': 850.38, 'unit': 'M', 'net_profit': 156.02}, {'period': ""Q1 '26"", 'revenue': 829.88, 'unit': 'M', 'net_profit': 143.92}, {'period': ""Q4 '25"", 'revenue': 615.76, 'unit': 'M', 'net_profit': 77.16}, {'period': ""Q3 '25"", 'revenue': 690.54, 'unit': 'M', 'net_profit': 81.23}, {'period': ""Q2 '25"", 'revenue': 782.61, 'unit': 'M', 'net_profit': 130.38}]",5.81,5.76,3690360000,1324783000,463319000,2054572000,333221000,2000,398396000,463319000,368547000,-0.05048664606301029,-0.11716266436562957,-0.10889570552147239,"[0.18, 0.04]","['2026-03-02', '2014-11-26']",__nan__,0.5567402638224997
380,WMT,Walmart Inc. Common Stock,"Walmart Inc. engages in the operation of retail, wholesale, other units, and eCommerce worldwide. The company operates through three segments: Walmart U.S., Walmart International, and Sam's Club. It operates supercenters, supermarkets, hypermarkets, warehouse clubs, cash and carry stores, and discount stores under Walmart and Walmart Neighborhood Market brands; membership-only warehouse clubs; ecommerce websites, such as walmart.com.mx, walmart.ca, flipkart.com, PhonePe and other sites; and mobile commerce applications. The company offers grocery and consumables, including dairy, meat, bakery, deli, produce, dry, chilled or frozen packaged foods, alcoholic and nonalcoholic beverages, floral, snack foods, candy, other grocery items, health and beauty aids, paper goods, laundry and home care, baby care, pet supplies, and other consumable items; fuel, tobacco and other categories. It is also involved in the provision of health and wellness products covering pharmacy, optical and hearing services, and over-the-counter drugs and other medical products; and home and apparel including home improvement, outdoor living, gardening, furniture, apparel, jewelry, tools and power equipment, housewares, toys, seasonal items, mattresses and tire and battery centers. In addition, the company offers consumer electronics and accessories, software, video games, office supplies, appliances, and third-party gift cards. Further, it operates digital payment platforms; and offers financial services and related products, including money transfers, bill payments, money orders, check cashing, prepaid access, co-branded credit cards, installment lending, and earned wage access. Additionally, the company markets lines of merchandise under private brands, including Allswell, Athletic Works, Equate, and Free Assembly. The company was formerly known as Wal-Mart Stores, Inc. and changed its name to Walmart Inc. in February 2018. Walmart Inc. was founded in 1945 and is based in Bentonville, Arkansas.",John R. Furner,Discount Stores,122.89,USD,979728543348,https://images.financialmodelingprep.com/symbol/WMT.png,31058015,1972-08-25,45.18,0.71,16522512,46471000000,21893000000,"[{'period': '2026', 'revenue': 713.16, 'unit': 'B', 'net_profit': 21.89}, {'period': '2025', 'revenue': 680.99, 'unit': 'B', 'net_profit': 19.44}, {'period': '2024', 'revenue': 648.12, 'unit': 'B', 'net_profit': 15.51}, {'period': '2023', 'revenue': 611.29, 'unit': 'B', 'net_profit': 11.68}]","[{'period': ""Q4 '26"", 'revenue': 190.66, 'unit': 'B', 'net_profit': 4.24}, {'period': ""Q3 '26"", 'revenue': 179.5, 'unit': 'B', 'net_profit': 6.14}, {'period': ""Q2 '26"", 'revenue': 177.4, 'unit': 'B', 'net_profit': 7.03}, {'period': ""Q1 '26"", 'revenue': 165.61, 'unit': 'B', 'net_profit': 4.49}, {'period': ""Q4 '25"", 'revenue': 180.55, 'unit': 'B', 'net_profit': 5.25}, {'period': ""Q3 '25"", 'revenue': 169.59, 'unit': 'B', 'net_profit': 4.58}]",2.74,2.73,284668000000,84874000000,10727000000,178488000000,11172000000,0,107469000000,10727000000,41565000000,0.10618900261842419,0.1264149001852233,0.1322314049586778,"[0.2475, 0.0507]","['2026-12-11', '1974-03-13']",__nan__,0.6270040889738221
381,WNC,Wabash National Corporation Common Stock,"Wabash National Corporation designs, manufactures, and distributes engineered solutions for the transportation, logistics, and distribution industries primarily in the United States. The company operates through two segments, Transportation Solutions and Parts & Services. The Transportation Solutions segment provides dry van and platform trailers; refrigerated trailers; converter dollies; van bodies for dry-freight transportation; cutaway van bodies for commercial applications; service bodies; insulated van bodies; stake bodies; refrigerated truck bodies; and used trailers, as well as laminated hardwood oak flooring products. This segment also offers stainless steel and aluminum tank trailers for the dairy, food and beverage, oil, gas, and chemical end markets; dry bulk trailers; and fiberglass reinforced poly tank trailers. The Parts & Services segment provides aftermarket parts and services; aluminum and steel flatbed bodies, shelving for package delivery, partitions, roof racks, hitches, liftgates, and thermal solutions; and door repair and replacement, collision repair, and basic maintenance services. This segment also offers stainless steel storage tanks and silos, mixers, and processors for the dairy, food and beverage, pharmaceutical, chemical, craft brewing, and biotech end markets; and composite products, including truck bodies, overhead doors, and other industrial application products. The company offers its products under the Wabash, DuraPlate, DuraPlateHD, DuraPlate AeroSkirt, and AeroSkirt CX brands, as well as EcoNex brand. It distributes its products directly, as well as through its retail operations and independent dealers to truckload common carriers, leasing companies, private fleet carriers, less-than-truckload common carriers, and package carriers. The company was founded in 1985 and is headquartered in Lafayette, Indiana.",Brent L. Yeagy,Agricultural - Machinery,8.41,USD,340744926,https://images.financialmodelingprep.com/symbol/WNC.png,608122,1991-11-08,1.66,-0.66,547004,363214000,211451000,"[{'period': '2025', 'revenue': 1540.0, 'unit': 'M', 'net_profit': 211.45}, {'period': '2024', 'revenue': 1950.0, 'unit': 'M', 'net_profit': -284.07}, {'period': '2023', 'revenue': 2540.0, 'unit': 'M', 'net_profit': 231.25}, {'period': '2022', 'revenue': 2500.0, 'unit': 'M', 'net_profit': 112.26}]","[{'period': ""Q4 '25"", 'revenue': 321.45, 'unit': 'M', 'net_profit': -49.88}, {'period': ""Q3 '25"", 'revenue': 381.6, 'unit': 'M', 'net_profit': 40.04}, {'period': ""Q2 '25"", 'revenue': 458.82, 'unit': 'M', 'net_profit': -9.6}, {'period': ""Q1 '25"", 'revenue': 380.89, 'unit': 'M', 'net_profit': 230.94}, {'period': ""Q4 '24"", 'revenue': 416.81, 'unit': 'M', 'net_profit': -1.03}, {'period': ""Q3 '24"", 'revenue': 464.04, 'unit': 'M', 'net_profit': -330.17}]",5.09,5.07,1171241000,419086000,31923000,802699000,119874000,7250000,302355000,31923000,-13045000,2.211626091655714,1.7443596847267056,1.7953124999999999,"[0.08, 0.025]","['2026-04-02', '1993-01-05']",__nan__,0.6853405917313345
382,WNS,WNS (Holdings) Limited Sponsored ADR (Jersey),"WNS (Holdings) Limited, a business process management (BPM) company, provides data, voice, analytical, and business transformation services worldwide. The company operates through two segments, WNS Global BPM and WNS Auto Claims BPM. It offers industry-specific services to clients primarily in insurance; diversified businesses, including manufacturing, retail, consumer packaged goods, media and entertainment, and telecommunication; travel and leisure; healthcare; utilities; shipping and logistics; consulting and professional services; and banking and financial services. It also provides a range of services, such as finance and accounting, customer experience, research and analytics, technology, legal, and human resources outsourcing services. In addition, the company offers transformation services designed to allow its clients to enhance productivity, manage changes in the business environment, and leverage business knowledge to increase market competitiveness. Further, it provides claims handling and repair management services for automobile repairs through a network of third-party repair centers; and a suite of accident management services comprising credit hire and repair. WNS (Holdings) Limited was founded in 1996 and is based in Mumbai, India.",Keshav R. Murugesh,Information Technology Services,76.48,USD,3321384300,https://images.financialmodelingprep.com/symbol/WNS.png,1005516,2006-07-26,21.363128491620113,0.08,2851390,282496000,170100000,"[{'period': '2025', 'revenue': 1310.0, 'unit': 'M', 'net_profit': 170.1}, {'period': '2024', 'revenue': 1320.0, 'unit': 'M', 'net_profit': 140.15}, {'period': '2023', 'revenue': 1220.0, 'unit': 'M', 'net_profit': 137.31}, {'period': '2022', 'revenue': 1110.0, 'unit': 'M', 'net_profit': 132.1}]","[{'period': ""Q1 '26"", 'revenue': 353.8, 'unit': 'M', 'net_profit': 21.8}, {'period': ""Q4 '25"", 'revenue': 336.3, 'unit': 'M', 'net_profit': 50.8}, {'period': ""Q3 '25"", 'revenue': 332.96, 'unit': 'M', 'net_profit': 48.57}, {'period': ""Q2 '25"", 'revenue': 322.61, 'unit': 'M', 'net_profit': 41.79}, {'period': ""Q1 '25"", 'revenue': 323.12, 'unit': 'M', 'net_profit': 28.92}, {'period': ""Q4 '24"", 'revenue': 336.8, 'unit': 'M', 'net_profit': 12.56}]",3.87,3.71,1547503000,564794000,263815000,709779000,257009000,65600000,321000000,106902000,153044000,0.19648461489591496,0.2137169278191626,0.303030303030303,__nan__,__nan__,__nan__,0.458660823274656
383,WOR,Worthington Industries Inc. Common Stock,"Worthington Industries, Inc., an industrial manufacturing company, focuses on value-added steel processing, manufactured consumer, building, and sustainable mobility products in North America and internationally. It operates through Steel Processing, Consumer Products, Building Products, and Sustainable Energy Solutions segments. The Steel Processing segment processes flat-rolled steel for customers primarily in the automotive, aerospace, agricultural, appliance, construction, container, energy, hardware, heavy-truck, HVAC, lawn and garden, leisure and recreation, office furniture, and office equipment markets. It also toll processes steel for steel mills, large end-users, service centers, and other processors. The Consumer Products segment sells tools, outdoor living, and celebrations products under the Coleman, Bernzomatic, Balloon Time, Mag-Torch, General, Garden-Weasel, Pactool International, Hawkeye, Worthington Pro Grade, and Level5 brand names. The Building Products segment sells refrigerant and LPG cylinders, well water and expansion tanks, and other specialty products to gas producers and distributors. The Sustainable Energy Solutions segment offers on-board fueling systems and services, as well as gas containment solutions and services for the storage, transport, and distribution of industrial gases. The company was founded in 1955 and is headquartered in Columbus, Ohio.",Joseph Hayek,Manufacturing - Metal Fabrication,50.7,USD,2518018289,https://images.financialmodelingprep.com/symbol/WOR.png,162706,1980-03-17,153.64,-0.26,256536,179368000,96053000,"[{'period': '2025', 'revenue': 1150.0, 'unit': 'M', 'net_profit': 96.05}, {'period': '2024', 'revenue': 1250.0, 'unit': 'M', 'net_profit': 110.62}, {'period': '2023', 'revenue': 1420.0, 'unit': 'M', 'net_profit': 256.53}, {'period': '2022', 'revenue': 5240.0, 'unit': 'M', 'net_profit': 379.39}]","[{'period': ""Q3 '26"", 'revenue': 378.68, 'unit': 'M', 'net_profit': 45.46}, {'period': ""Q2 '26"", 'revenue': 327.45, 'unit': 'M', 'net_profit': 27.33}, {'period': ""Q1 '26"", 'revenue': 303.71, 'unit': 'M', 'net_profit': 35.15}, {'period': ""Q4 '25"", 'revenue': 317.88, 'unit': 'M', 'net_profit': 3.88}, {'period': ""Q3 '25"", 'revenue': 304.52, 'unit': 'M', 'net_profit': 39.66}, {'period': ""Q2 '25"", 'revenue': 274.05, 'unit': 'M', 'net_profit': 28.26}]",1.94,1.92,1695152000,685370000,250075000,756915000,228544000,129262000,196842000,250075000,159164000,0.14622394335595518,-0.1317164448944171,-0.1377777777777778,"[0.19, 0.2603]","['2026-06-15', '1985-02-28']",__nan__,0.4465174804383324
384,WORK,Slack Technologies Inc. Class A Common Stock,"Slack Technologies, Inc. operates Slack, a business technology software platform in the United States and internationally. Its platform brings together people, applications, and data, as well as sells its offering under a software-as-a-service model. The company was formerly known as Tiny Speck, Inc. and changed its name to Slack Technologies, Inc. in 2014. Slack Technologies, Inc. was incorporated in 2009 and is headquartered in San Francisco, California.",Daniel Butterfield,Software - Application,45.2,USD,0,https://images.financialmodelingprep.com/symbol/WORK.png,5844396,2019-06-20,-102.26244343891403,0.0400009,67054250,-225880000,-300422000,"[{'period': '2021', 'revenue': 902.61, 'unit': 'M', 'net_profit': -300.42}, {'period': '2020', 'revenue': 630.42, 'unit': 'M', 'net_profit': -571.06}, {'period': '2019', 'revenue': 400.55, 'unit': 'M', 'net_profit': -140.68}, {'period': '2018', 'revenue': 220.54, 'unit': 'M', 'net_profit': -140.09}]","[{'period': ""Q1 '22"", 'revenue': 273.36, 'unit': 'M', 'net_profit': -27.95}, {'period': ""Q4 '21"", 'revenue': 250.6, 'unit': 'M', 'net_profit': -81.96}, {'period': ""Q3 '21"", 'revenue': 234.5, 'unit': 'M', 'net_profit': -68.4}, {'period': ""Q2 '21"", 'revenue': 215.86, 'unit': 'M', 'net_profit': -74.85}, {'period': ""Q1 '21"", 'revenue': 201.65, 'unit': 'M', 'net_profit': -75.21}, {'period': ""Q4 '20"", 'revenue': 181.9, 'unit': 'M', 'net_profit': -89.0}]",-0.53,-0.53,2433700000,1884393000,1587252000,1576259000,237439000,68161000,697118000,1081357000,59832000,0.5842765698215857,0.4739203373387642,0.6293706293706294,__nan__,__nan__,__nan__,0.6476800756050458
385,WOW,WideOpenWest Inc. Common Stock,"WideOpenWest, Inc. provides high speed data, cable television, and digital telephony services to residential and business services customers in the United States. Its video services include basic cable services that comprise local broadcast television and local community programming; digital cable services; WOW tv+ that offers traditional cable video and cloud DVR functionality, voice remote with Google Assistant, and Netflix integration along with access to various streaming services and apps through the Google Play Store; and ultra-video products, as well as offers commercial-free movies, TV shows, sports, and other special event entertainment programs. The company's telephony services consist of local and long-distance telephone services; business telephony and data services include fiber based, office-to-office metro Ethernet, session initiated protocol trunking, colocation infrastructure, cloud computing, managed backup, and recovery services. As of December 31, 2021, it served approximately 1.9 million home and business, and 532,900 customers in the states of Alabama, Florida, Georgia, Michigan, South Carolina, and Tennessee. The company was formerly known as WideOpenWest Kite, Inc. and changed its name to WideOpenWest, Inc. in March 2017. WideOpenWest, Inc. was founded in 2001 and is based in Englewood, Colorado.",Teresa L. Elder,Telecommunications Services,5.2,USD,445659568,https://images.financialmodelingprep.com/symbol/WOW.png,455577,2017-05-25,-5.473684210526316,0.0,573125,216500000,-58800000,"[{'period': '2024', 'revenue': 630.9, 'unit': 'M', 'net_profit': -58.8}, {'period': '2023', 'revenue': 686.7, 'unit': 'M', 'net_profit': -287.7}, {'period': '2022', 'revenue': 704.9, 'unit': 'M', 'net_profit': -2.5}, {'period': '2021', 'revenue': 725.7, 'unit': 'M', 'net_profit': 770.5}]","[{'period': ""Q3 '25"", 'revenue': 144.0, 'unit': 'M', 'net_profit': -35.7}, {'period': ""Q2 '25"", 'revenue': 144.2, 'unit': 'M', 'net_profit': -17.8}, {'period': ""Q1 '25"", 'revenue': 150.0, 'unit': 'M', 'net_profit': -13.9}, {'period': ""Q4 '24"", 'revenue': 152.6, 'unit': 'M', 'net_profit': -10.6}, {'period': ""Q3 '24"", 'revenue': 158.0, 'unit': 'M', 'net_profit': -22.4}, {'period': ""Q2 '24"", 'revenue': 158.8, 'unit': 'M', 'net_profit': -10.8}]",-0.72,-0.72,1512500000,111800000,38800000,1303700000,34100000,0,183200000,38800000,-52100000,2.8162751677852347,0.7956204379562044,0.7960339943342776,__nan__,__nan__,__nan__,0.8619504132231405
386,WPC,W. P. Carey Inc. REIT,"W. P. Carey ranks among the largest net lease REITs with an enterprise value of approximately $18 billion and a diversified portfolio of operationally-critical commercial real estate that includes 1,215 net lease properties covering approximately 142 million square feet as of September 30, 2020. For nearly five decades, the company has invested in high-quality single-tenant industrial, warehouse, office, retail and self-storage properties subject to long-term net leases with built-in rent escalators. Its portfolio is located primarily in the U.S. and Northern and Western Europe and is well-diversified by tenant, property type, geographic location and tenant industry.",Jason E. Fox,REIT - Diversified,67.61,USD,14818083700,https://images.financialmodelingprep.com/symbol/WPC.png,1325164,1998-01-21,32.04,-0.01,623301,1317124999,466359000,"[{'period': '2025', 'revenue': 1720.0, 'unit': 'M', 'net_profit': 466.36}, {'period': '2024', 'revenue': 1580.0, 'unit': 'M', 'net_profit': 460.84}, {'period': '2023', 'revenue': 1740.0, 'unit': 'M', 'net_profit': 708.33}, {'period': '2022', 'revenue': 1470.0, 'unit': 'M', 'net_profit': 599.14}]","[{'period': ""Q4 '25"", 'revenue': 444.55, 'unit': 'M', 'net_profit': 148.32}, {'period': ""Q3 '25"", 'revenue': 656.44, 'unit': 'M', 'net_profit': 141.0}, {'period': ""Q2 '25"", 'revenue': 430.78, 'unit': 'M', 'net_profit': 51.22}, {'period': ""Q1 '25"", 'revenue': 411.05, 'unit': 'M', 'net_profit': 125.82}, {'period': ""Q4 '24"", 'revenue': 404.08, 'unit': 'M', 'net_profit': 47.02}, {'period': ""Q3 '24"", 'revenue': 394.75, 'unit': 'M', 'net_profit': 111.7}]",2.11,2.11,17990232000,155329000,155329000,9856090000,1172812000,15894933000,877525000,155329000,1282319000,0.005767532445715089,0.011978152890705866,0.00956937799043063,"[0.93, 0.4125]","['2026-03-31', '1998-03-27']",__nan__,0.5478578597541155
387,WPCA,Warburg Pincus Capital Corporation IA Class A Ordinary Shares,"Warburg Pincus Capital Corporation I-A does not have significant operations. It focuses on effecting a merger, share exchange, asset acquisition, share purchase, reorganization, or similar business combination with one or more businesses. The company was incorporated in 2020 and is based in New York, New York.",Christopher H. Turner,Shell Companies,10.21,USD,361716827,https://images.financialmodelingprep.com/symbol/WPCA.png,198679,,34.03333333333333,0.01,26945,-1953150,-413734,"[{'period': '2021', 'revenue': 0.0, 'unit': 'K', 'net_profit': -413.73}]","[{'period': ""Q3 '22"", 'revenue': 0.0, 'unit': 'M', 'net_profit': 7.76}, {'period': ""Q2 '22"", 'revenue': 0.0, 'unit': 'M', 'net_profit': 3.57}, {'period': ""Q1 '22"", 'revenue': 0.0, 'unit': 'M', 'net_profit': 11.32}, {'period': ""Q4 '21"", 'revenue': 0.0, 'unit': 'K', 'net_profit': -66.58}, {'period': ""Q3 '21"", 'revenue': 0.0, 'unit': 'M', 'net_profit': 2.49}, {'period': ""Q2 '21"", 'revenue': 0.0, 'unit': 'M', 'net_profit': -3.79}]",-0.0139,-0.0139,285192650,1756203,1237399,22482112,0,283436447,1229441,1237399,-1309314,0.0,0.0,0.0,__nan__,__nan__,__nan__,0.07883131630496087
388,WPCB,Warburg Pincus Capital Corporation IB Class A Ordinary Shares,"Warburg Pincus Capital Corporation I-B does not have significant operations. It focuses on effecting a merger, capital stock exchange, asset acquisition, stock purchase, reorganization, or similar business combination with one or more businesses. The company was incorporated in 2020 and is based in New York, New York.",Christopher H. Turner,Shell Companies,10.21,USD,700342718,https://images.financialmodelingprep.com/symbol/WPCB.png,431657,,42.541666666666664,0.01,4460,-6341097,740865,"[{'period': '2021', 'revenue': 0.0, 'unit': 'K', 'net_profit': 740.87}]","[{'period': ""Q3 '22"", 'revenue': 0.0, 'unit': 'M', 'net_profit': 12.91}, {'period': ""Q2 '22"", 'revenue': 0.0, 'unit': 'M', 'net_profit': 8.2}, {'period': ""Q1 '22"", 'revenue': 0.0, 'unit': 'M', 'net_profit': 21.42}, {'period': ""Q4 '21"", 'revenue': 0.0, 'unit': 'M', 'net_profit': -4.28}, {'period': ""Q3 '21"", 'revenue': 0.0, 'unit': 'M', 'net_profit': 7.16}, {'period': ""Q2 '21"", 'revenue': 0.0, 'unit': 'M', 'net_profit': -7.07}]",0.0127,0.0127,550255214,1468544,664972,41361161,0,548786670,1863241,664972,-1807236,0.0,0.0,0.0,__nan__,__nan__,__nan__,0.07516723140037343
389,WPF,Foley Trasimene Acquisition Corp. Class A CommonStock,"Foley Trasimene Acquisition Corp. intends to effect a merger, capital stock exchange, asset acquisition, stock purchase, reorganization, or similar business combination with one or more businesses. Foley Trasimene Acquisition Corp. was founded in 2020 and is based in Las Vegas, Nevada.",William Patrick Foley II,Shell Companies,9.75,USD,0,https://images.financialmodelingprep.com/symbol/WPF.png,1586922,2020-07-17,0.0,0.0,1445760,111000000,-3097000000,"[{'period': '2025', 'revenue': 2.26, 'unit': 'B', 'net_profit': -3.1}, {'period': '2024', 'revenue': 2330.0, 'unit': 'M', 'net_profit': -157.0}, {'period': '2020', 'revenue': 0.0, 'unit': 'M', 'net_profit': -2.56}]","[{'period': ""Q4 '25"", 'revenue': 653.0, 'unit': 'M', 'net_profit': -944.0}, {'period': ""Q3 '25"", 'revenue': 0.533, 'unit': 'B', 'net_profit': -1.05}, {'period': ""Q2 '25"", 'revenue': 0.528, 'unit': 'B', 'net_profit': -1.07}, {'period': ""Q1 '25"", 'revenue': 548.0, 'unit': 'M', 'net_profit': -25.0}, {'period': ""Q4 '24"", 'revenue': 680.0, 'unit': 'M', 'net_profit': 29.0}, {'period': ""Q2 '21"", 'revenue': 672.0, 'unit': 'M', 'net_profit': -4.0}]",0.0,0.0,4568000000,1142000000,273000000,3522000000,387000000,0,874000000,273000000,250000000,2.264705882352941,-18.726114649681527,0.0,__nan__,__nan__,__nan__,0.771015761821366
390,WPG,Washington Prime Group Inc. Common Stock,"Washington Prime Group Inc. is a retail REIT and a recognized leader in the ownership, management, acquisition and development of retail properties. The Company combines a national real estate portfolio with its expertise across the entire shopping center sector to increase cash flow through rigorous management of assets and provide new opportunities to retailers looking for growth throughout the U.S. Washington Prime Group® is a registered trademark of the Company.",Louis Conforti,REIT - Retail,0.8323,USD,0,https://images.financialmodelingprep.com/symbol/WPG.png,2541087,2014-05-14,0.0,0.0,1752335,120842000,-219786000,"[{'period': '2020', 'revenue': 524.42, 'unit': 'M', 'net_profit': -219.79}, {'period': '2019', 'revenue': 661.48, 'unit': 'M', 'net_profit': 4.27}, {'period': '2018', 'revenue': 723.3, 'unit': 'M', 'net_profit': 93.6}, {'period': '2017', 'revenue': 758.12, 'unit': 'M', 'net_profit': 197.06}]","[{'period': ""Q2 '21"", 'revenue': 138.4, 'unit': 'M', 'net_profit': -103.41}, {'period': ""Q1 '21"", 'revenue': 131.93, 'unit': 'M', 'net_profit': -51.87}, {'period': ""Q4 '20"", 'revenue': 149.37, 'unit': 'M', 'net_profit': -107.9}, {'period': ""Q3 '20"", 'revenue': 123.68, 'unit': 'M', 'net_profit': -40.23}, {'period': ""Q2 '20"", 'revenue': 98.76, 'unit': 'M', 'net_profit': -78.54}, {'period': ""Q1 '20"", 'revenue': 152.6, 'unit': 'M', 'net_profit': 6.88}]",-8.72,-8.72,4105347000,250243000,92618000,3504149000,132610000,416339000,279409000,92618000,-102450000,-0.7203741241588686,-52.42395882077679,-52.294117647058826,"[0.125, 0.25]","['2020-03-06', '2014-08-25']",__nan__,0.8535573241433672
391,WPM,Wheaton Precious Metals Corp Common Shares (Canada),"Wheaton Precious Metals Corp., a streaming company, primarily sells precious metals in Canada and internationally. The company sells gold, silver, palladium, and cobalt deposits. It has a portfolio of interests in the 23 operating mines and 13 development projects. The company was formerly known as Silver Wheaton Corp. and changed its name to Wheaton Precious Metals Corp. in May 2017. Wheaton Precious Metals Corp. was founded in 2004 and is headquartered in Vancouver, Canada.",Randy V. J. Smallwood,Gold,124.7,USD,56618408663,https://images.financialmodelingprep.com/symbol/WPM.png,2453420,2005-07-06,38.49,5.75,2906941,1930761520,1497483244,"[{'period': '2025', 'revenue': 2.36, 'unit': 'B', 'net_profit': 1.5}, {'period': '2024', 'revenue': 1280.0, 'unit': 'M', 'net_profit': 529.14}, {'period': '2023', 'revenue': 1020.0, 'unit': 'M', 'net_profit': 537.64}, {'period': '2022', 'revenue': 1070.0, 'unit': 'M', 'net_profit': 669.13}]","[{'period': ""Q4 '25"", 'revenue': 878.01, 'unit': 'M', 'net_profit': 566.83}, {'period': ""Q3 '25"", 'revenue': 476.26, 'unit': 'M', 'net_profit': 367.22}, {'period': ""Q2 '25"", 'revenue': 503.22, 'unit': 'M', 'net_profit': 292.27}, {'period': ""Q1 '25"", 'revenue': 470.41, 'unit': 'M', 'net_profit': 253.98}, {'period': ""Q4 '24"", 'revenue': 380.52, 'unit': 'M', 'net_profit': 88.15}, {'period': ""Q3 '24"", 'revenue': 308.25, 'unit': 'M', 'net_profit': 154.63}]",3.3,3.29,9153488653,1201977593,1151493633,478796074,46637971,456756256,154405492,1151493633,573576007,1.1622740390914863,1.8300322107570774,1.8205128205128205,"[0.195, 0.03]","['2026-03-31', '2011-03-17']",__nan__,0.052307496316508516
392,WPP,WPP plc American Depositary Shares,"WPP plc, a creative transformation company, provides communications, experience, commerce, and technology services in North America, the United Kingdom, Western Continental Europe, the Asia Pacific, Latin America, Africa, the Middle East, and Central and Eastern Europe. The company operates through three segments: Global Integrated Agencies, Public Relations, and Specialist Agencies. It offers plans and creates marketing and branding campaigns; designs and produces advertisements across various media; and provides media buying services, such as strategy and business development, media investment, data and technology, and content. The company also offers public relations advisory services to clients who are seeking to communicate with a range of stakeholders from consumers to governments and the business and financial communities; and specialist agency services. WPP plc was founded in 1985 and is based in London, the United Kingdom.",Cindy Rose Quackenbush,Advertising Agencies,15.33,USD,3307478865,https://images.financialmodelingprep.com/symbol/WPP.png,597583,1987-12-29,-11.44,-0.16,491699,628000000,-215000000,"[{'period': '2025', 'revenue': 13550.0, 'unit': 'M', 'net_profit': -215.0}, {'period': '2024', 'revenue': 14740.0, 'unit': 'M', 'net_profit': 542.0}, {'period': '2023', 'revenue': 14840.0, 'unit': 'M', 'net_profit': 110.4}, {'period': '2022', 'revenue': 14430.0, 'unit': 'M', 'net_profit': 682.7}]","[{'period': ""Q4 '25"", 'revenue': 6890.0, 'unit': 'M', 'net_profit': -259.0}, {'period': ""Q2 '25"", 'revenue': 6660.0, 'unit': 'M', 'net_profit': 44.0}, {'period': ""Q4 '24"", 'revenue': 7510.0, 'unit': 'M', 'net_profit': 337.0}, {'period': ""Q2 '24"", 'revenue': 7230.0, 'unit': 'M', 'net_profit': 205.0}, {'period': ""Q4 '23"", 'revenue': 7620.0, 'unit': 'M', 'net_profit': -1.6}, {'period': ""Q2 '23"", 'revenue': 7220.0, 'unit': 'M', 'net_profit': 112.0}]",-1.0,-1.0,24075000000,13170000000,2694000000,21303000000,7279000000,565000000,14835000000,2694000000,633000000,-0.6687763713080169,-1.396678966789668,-1.4,"[0.48786, 0.188]","['2026-06-05', '1988-05-13']",__nan__,0.8848598130841121
393,WRB,W.R. Berkley Corporation Common Stock,"W. R. Berkley Corporation, an insurance holding company, operates as a commercial lines writer in the United States and internationally. It operates in two segments, Insurance and Reinsurance & Monoline Excess. The Insurance segment underwrites commercial insurance business, including premises operations, commercial automobile, property, products liability, and general and professional liability lines. It also provides workers' compensation insurance products; accident and health insurance and reinsurance products; insurance for commercial risks; specialty environmental products for contractors, consultants, and property owners and facilities operators; specialized insurance coverages for fine arts and jewelry exposures; umbrella and excess liability coverage products; and liquor liability and inland marine coverage for small to medium-sized insureds. In addition, this segment offers directors and officers, and surety risk products, as well as products for technology, and life sciences and travel industries; cyber risk solutions; casualty, group life, and crime and fidelity related insurance products; personal lines insurance solutions, including home, condo/co-op, auto, and collectibles; automobile, law enforcement, public officials and educator's legal, and employment practices liability, as well as incidental medical insurance products; and at-risk and alternative risk insurance program management services. The Reinsurance & Monoline Excess segment provides other insurance companies and self-insureds with assistance in managing their net risk through reinsurance on a portfolio basis through treaty reinsurance or on an individual basis through facultative reinsurance. W. R. Berkley Corporation was founded in 1967 and is based in Greenwich, Connecticut.",William Robert Berkley Jr.,Insurance - Property & Casualty,64.74,USD,24602571193,https://images.financialmodelingprep.com/symbol/WRB.png,2350957,1973-10-23,14.55,-0.52,1844078,2372193000,1779402000,"[{'period': '2025', 'revenue': 14.71, 'unit': 'B', 'net_profit': 1.78}, {'period': '2024', 'revenue': 13.64, 'unit': 'B', 'net_profit': 1.76}, {'period': '2023', 'revenue': 12.14, 'unit': 'B', 'net_profit': 1.38}, {'period': '2022', 'revenue': 11.17, 'unit': 'B', 'net_profit': 1.38}]","[{'period': ""Q4 '25"", 'revenue': 3720.0, 'unit': 'M', 'net_profit': 449.51}, {'period': ""Q3 '25"", 'revenue': 3770.0, 'unit': 'M', 'net_profit': 511.03}, {'period': ""Q2 '25"", 'revenue': 3670.0, 'unit': 'M', 'net_profit': 401.29}, {'period': ""Q1 '25"", 'revenue': 3550.0, 'unit': 'M', 'net_profit': 417.57}, {'period': ""Q4 '24"", 'revenue': 3670.0, 'unit': 'M', 'net_profit': 576.1}, {'period': ""Q3 '24"", 'revenue': 3400.0, 'unit': 'M', 'net_profit': 365.63}]",4.48,4.45,44071071000,36889653000,28778097000,34359177000,7229725000,4449270000,26540556000,2539938000,3469541000,0.06818875683211438,0.013260521093436364,0.02050113895216418,"[0.09, 0.06]","['2026-02-23', '1986-06-16']",__nan__,0.7796310872499559
394,WRE,Washington Real Estate Investment Trust Common Stock,"Elme Communities owns and operates uniquely positioned real estate assets in the Washington Metro area. Backed by decades of experience, expertise and ambition, we create value by transforming insights into strategy and strategy into action. As of October 29, 2020, the Company's portfolio of 45 properties includes approximately 3.7 million square feet of commercial space and 6,863 multifamily apartment units. These 45 properties consist of 22 multifamily properties,15 office properties, and 8 retail centers. Our shares trade on the NYSE. With a track record of driving returns and delivering satisfaction, we are a trusted authority in one of the nation's most competitive real estate markets.",George McKenzie,REIT - Office,17.57,USD,1540889000,https://images.financialmodelingprep.com/symbol/WRE.png,463407,1980-03-17,158.2882882882883,-0.38,364587,-44046000,-154162000,"[{'period': '2025', 'revenue': 0.0, 'unit': 'M', 'net_profit': -154.16}, {'period': '2024', 'revenue': 0.0, 'unit': 'M', 'net_profit': -13.1}, {'period': '2023', 'revenue': 0.0, 'unit': 'M', 'net_profit': -52.98}, {'period': '2022', 'revenue': 0.0, 'unit': 'M', 'net_profit': -55.81}]","[{'period': ""Q4 '25"", 'revenue': 0.0, 'unit': 'M', 'net_profit': -22.41}, {'period': ""Q3 '25"", 'revenue': 0.0, 'unit': 'M', 'net_profit': -123.51}, {'period': ""Q2 '25"", 'revenue': 0.0, 'unit': 'M', 'net_profit': -3.57}, {'period': ""Q1 '25"", 'revenue': 0.0, 'unit': 'M', 'net_profit': -4.67}, {'period': ""Q4 '24"", 'revenue': 39.18, 'unit': 'M', 'net_profit': 83.53}, {'period': ""Q3 '24"", 'revenue': 0.0, 'unit': 'M', 'net_profit': -2.97}]",-1.75,-1.75,2114281000,1331882000,1331882000,1875366000,0,0,0,1331882000,62243000,-1.3688821145020267,-10.765397237273907,-10.666666666666668,"[0.17, 0.4006]","['2022-12-21', '1985-03-04']",__nan__,0.8869994102013876
395,WRI,Weingarten Realty Investors Common Stock,"Weingarten Realty Investors (NYSE: WRI) is a shopping center owner, manager and developer. At September 30, 2020, the Company owned or operated under long-term leases, either directly or through its interest in real estate joint ventures or partnerships, a total of 162 properties which are located in 15 states spanning the country from coast to coast. These properties represent approximately 31.0 million square feet of which our interests in these properties aggregated approximately 21.0 million square feet of leasable area.",Andrew Alexander,REIT - Retail,31.44,USD,0,https://images.financialmodelingprep.com/symbol/WRI.png,1328232,1985-08-19,0.0,-0.659998,26456004,326834000,118959000,"[{'period': '2020', 'revenue': 433.92, 'unit': 'M', 'net_profit': 118.96}, {'period': '2019', 'revenue': 486.62, 'unit': 'M', 'net_profit': 315.44}, {'period': '2018', 'revenue': 531.15, 'unit': 'M', 'net_profit': 327.6}, {'period': '2017', 'revenue': 573.16, 'unit': 'M', 'net_profit': 335.27}]","[{'period': ""Q2 '21"", 'revenue': 122.67, 'unit': 'M', 'net_profit': 12.69}, {'period': ""Q1 '21"", 'revenue': 121.37, 'unit': 'M', 'net_profit': 28.04}, {'period': ""Q4 '20"", 'revenue': 112.08, 'unit': 'M', 'net_profit': 29.88}, {'period': ""Q3 '20"", 'revenue': 112.36, 'unit': 'M', 'net_profit': 25.09}, {'period': ""Q2 '20"", 'revenue': 98.14, 'unit': 'M', 'net_profit': 11.37}, {'period': ""Q1 '20"", 'revenue': 111.35, 'unit': 'M', 'net_profit': 52.62}]",0.95,0.95,3961400000,116434000,35418000,2160898000,81016000,369038000,1987586000,35418000,224227000,-0.3369525304964021,-0.6228731751390937,-0.6074380165289256,"[0.92, 0.4]","['2021-07-27', '1987-03-06']",__nan__,0.5454884636744586
396,WRK,Westrock Company Common Stock,"WestRock Company, together with its subsidiaries, provides fiber-based paper and packaging solutions in North America, South America, Europe, Asia, and Australia. It operates through two segments, Corrugated Packaging and Consumer Packaging. The Corrugated Packaging segment produces containerboards, corrugated sheets, corrugated packaging, and preprinted linerboards to consumer and industrial products manufacturers, and corrugated box manufacturers. It also provides structural and graphic design, engineering services and custom, and proprietary and standard automated packaging machines, as well as turn-key installation, automation, line integration, and packaging solutions; distributes corrugated packaging materials and other specialty packaging products, including stretch films, void fills, carton sealing tapes, and other specialty tapes; operates recycling facilities that collect, sort, grade, and bale recovered paper; and provides lithographic laminated packaging products, as well as contract packing services. The Consumer Packaging segment manufactures and sells folding cartons that are used to package food, paper, beverages, dairy products, tobacco, confectionery, health and beauty, other household consumer, and commercial and industrial products; and express mail packages for the overnight courier industry. It also offers inserts and labels, as well as rigid packaging and other printed packaging products, such as transaction cards, brochures, product literature, marketing materials, and grower tags and plant stakes for the horticultural market; and secondary packages and paperboard packaging for over-the-counter and prescription drugs. In addition, this segment manufactures and sells solid fiber and corrugated partitions, and die-cut paperboard components principally to glass container manufacturers and the automotive industry, as well as producers of beer, food, wine, spirits, cosmetics, and pharmaceuticals. WestRock Company is based in Atlanta, Georgia.",David B. Sewell,Packaging & Containers,51.51,USD,13303641818,https://images.financialmodelingprep.com/symbol/WRK.png,3439387,2015-06-24,42.570247933884296,1.76,11862013,2738200000,-1649000000,"[{'period': '2023', 'revenue': 20.31, 'unit': 'B', 'net_profit': -1.65}, {'period': '2022', 'revenue': 21260.0, 'unit': 'M', 'net_profit': 944.6}, {'period': '2021', 'revenue': 18750.0, 'unit': 'M', 'net_profit': 838.3}, {'period': '2020', 'revenue': 17580.0, 'unit': 'M', 'net_profit': -690.9}]","[{'period': ""Q3 '24"", 'revenue': 4810.0, 'unit': 'M', 'net_profit': 82.1}, {'period': ""Q2 '24"", 'revenue': 4730.0, 'unit': 'M', 'net_profit': 15.5}, {'period': ""Q1 '24"", 'revenue': 4620.0, 'unit': 'M', 'net_profit': -22.4}, {'period': ""Q4 '23"", 'revenue': 4990.0, 'unit': 'M', 'net_profit': 109.8}, {'period': ""Q3 '23"", 'revenue': 5120.0, 'unit': 'M', 'net_profit': 202.0}, {'period': ""Q2 '23"", 'revenue': 5.28, 'unit': 'B', 'net_profit': -2.01}]",-6.44,-6.44,27443700000,6993100000,393400000,17346000000,2591900000,0,4919400000,393400000,685800000,-0.19040860978061616,-2.745712470887148,-2.769230769230769,"[0.3025, 0.0416]","['2024-05-13', '1994-05-03']",__nan__,0.6320576307130599
397,WSM,Williams-Sonoma Inc. Common Stock (DE),"Williams-Sonoma, Inc. operates as an omni-channel specialty retailer of various products for home. It offers cooking, dining, and entertaining products, such as cookware, tools, electrics, cutlery, tabletop and bar, outdoor, furniture, and a library of cookbooks under the Williams Sonoma Home brand, as well as home furnishings and decorative accessories under the Williams Sonoma lifestyle brand; and furniture, bedding, lighting, rugs, table essentials, and decorative accessories under the Pottery Barn brand. The company also provides home decor products under the West Elm brand; kids accessories under the Pottery Barn Kids brand; and an organic bedding to multi-purpose furniture under the Pottery Barn Teen brand. In addition, it offers made-to-order lighting, hardware, furniture, and home decors inspired by history under the Rejuvenation brand; and women's and men's accessories, travel, entertaining and bar, home décor, and seasonal items under the Mark and Graham brand, as well as operates a 3-D imaging and augmented reality platform for the home furnishings and décor industry. The company markets its products through e-commerce websites, direct-mail catalogs, and retail stores. It operates 544 stores comprising 502 stores in 41states, Washington, D.C., and Puerto Rico; 20 stores in Canada; 19 stores in Australia; 3 stores in the United Kingdom; and 139 franchised stores, as well as e-commerce websites in various countries in the Middle East, the Philippines, Mexico, South Korea, and India. Williams-Sonoma, Inc. was founded in 1956 and is headquartered in San Francisco, California.",Laura J. Alber,Specialty Retail,175.29,USD,20862323229,https://images.financialmodelingprep.com/symbol/WSM.png,1132847,1983-07-07,19.85,-5.27,1584776,1647171000,1088437000,"[{'period': '2025', 'revenue': 7.81, 'unit': 'B', 'net_profit': 1.09}, {'period': '2024', 'revenue': 7.71, 'unit': 'B', 'net_profit': 1.13}, {'period': '2023', 'revenue': 7750.0, 'unit': 'M', 'net_profit': 949.76}, {'period': '2022', 'revenue': 8.67, 'unit': 'B', 'net_profit': 1.13}]","[{'period': ""Q4 '25"", 'revenue': 2360.0, 'unit': 'M', 'net_profit': 368.02}, {'period': ""Q3 '25"", 'revenue': 1880.0, 'unit': 'M', 'net_profit': 241.59}, {'period': ""Q2 '25"", 'revenue': 1840.0, 'unit': 'M', 'net_profit': 247.56}, {'period': ""Q1 '25"", 'revenue': 1730.0, 'unit': 'M', 'net_profit': 231.26}, {'period': ""Q4 '24"", 'revenue': 2460.0, 'unit': 'M', 'net_profit': 384.89}, {'period': ""Q3 '24"", 'revenue': 1800.0, 'unit': 'M', 'net_profit': 248.95}]",8.96,8.84,5411912000,2713187000,1019801000,3329353000,126821000,0,1954130000,1019801000,1055451000,-0.007719944626039015,-0.03271625619528443,0.005611672278339024,"[0.76, 0.1]","['2026-04-17', '2006-04-24']",__nan__,0.6151897887474889
398,WSO,Watsco Inc. Common Stock,"Watsco, Inc., together with its subsidiaries, distributes air conditioning, heating, refrigeration equipment, and related parts and supplies. The company distributes equipment comprising residential ducted and ductless air conditioners, such as gas, electric, and oil furnaces; commercial air conditioning and heating equipment systems; and other specialized equipment. It also offers parts, including replacement compressors, evaporator coils, motors, and other component parts; and supplies, such as thermostats, insulation materials, refrigerants, ductworks, grills, registers, sheet metals, tools, copper tubing, concrete pads, tapes, adhesives, and other ancillary supplies, as well as plumbing and bathroom remodeling supplies. The company serves contractors and dealers that service the replacement and new construction markets for residential and light commercial central air conditioning, heating, and refrigeration systems. As of December 31, 2021, it operated from 671 locations in the United States, Canada, Mexico, and Puerto Rico, as well as exports its products to Latin America and the Caribbean Basin. Watsco, Inc. was founded in 1945 and is headquartered in Miami, Florida.",Albert H. Nahmad,Industrial - Distribution,347.2,USD,14115681261,https://images.financialmodelingprep.com/symbol/WSO.png,404276,1984-06-07,28.32,-0.81,526345,781428000,496994000,"[{'period': '2025', 'revenue': 7240.0, 'unit': 'M', 'net_profit': 496.99}, {'period': '2024', 'revenue': 7620.0, 'unit': 'M', 'net_profit': 536.29}, {'period': '2023', 'revenue': 7280.0, 'unit': 'M', 'net_profit': 536.34}, {'period': '2022', 'revenue': 7270.0, 'unit': 'M', 'net_profit': 601.17}]","[{'period': ""Q4 '25"", 'revenue': 1580.0, 'unit': 'M', 'net_profit': 71.75}, {'period': ""Q3 '25"", 'revenue': 2070.0, 'unit': 'M', 'net_profit': 161.57}, {'period': ""Q2 '25"", 'revenue': 2060.0, 'unit': 'M', 'net_profit': 183.61}, {'period': ""Q1 '25"", 'revenue': 1530.0, 'unit': 'M', 'net_profit': 80.06}, {'period': ""Q4 '24"", 'revenue': 1750.0, 'unit': 'M', 'net_profit': 96.84}, {'period': ""Q3 '24"", 'revenue': 2160.0, 'unit': 'M', 'net_profit': 171.03}]",12.25,12.25,4455720000,2954506000,733283000,1233659000,796181000,190204000,717742000,433283000,535520000,-0.013468064477033087,-0.07326687625632591,-0.08170914542728634,"[3, 0.04759]","['2026-01-16', '1985-01-25']",__nan__,0.2768708536443044
399,WSO/B,Watsco Inc.,,,,,,,,,,,,,,,[],[],,,,,,,,,,,,,,,,,__nan__,__nan__
400,WSR,Whitestone REIT Common Shares,"Whitestone is a community-centered shopping center REIT that acquires, owns, manages, develops and redevelops high-quality open-air neighborhood centers primarily in the largest, fastest-growing and most affluent markets in the Sunbelt. Whitestone seeks to create communities that thrive through creating local connections between consumers in the surrounding communities and a well-crafted mix of national, regional and local tenants that provide daily necessities, needed services, entertainment and experiences. Whitestone is a monthly dividend paying stock and has consistently paid dividends for over 15 years. Whitestone's strong, balanced and managed capital structure provides stability and flexibility for growth and positions Whitestone to perform well through economic cycles.",David K. Holeman,REIT - Retail,15.99,USD,821753283,https://images.financialmodelingprep.com/symbol/WSR.png,235944,2010-08-26,16.83,-0.19,166732,120639000,49926000,"[{'period': '2025', 'revenue': 160.86, 'unit': 'M', 'net_profit': 49.93}, {'period': '2024', 'revenue': 155.51, 'unit': 'M', 'net_profit': 36.89}, {'period': '2023', 'revenue': 147.92, 'unit': 'M', 'net_profit': 19.18}, {'period': '2022', 'revenue': 140.58, 'unit': 'M', 'net_profit': 35.27}]","[{'period': ""Q4 '25"", 'revenue': 43.92, 'unit': 'M', 'net_profit': 22.84}, {'period': ""Q3 '25"", 'revenue': 41.05, 'unit': 'M', 'net_profit': 18.33}, {'period': ""Q2 '25"", 'revenue': 38.3, 'unit': 'M', 'net_profit': 5.05}, {'period': ""Q1 '25"", 'revenue': 38.32, 'unit': 'M', 'net_profit': 3.7}, {'period': ""Q4 '24"", 'revenue': 41.03, 'unit': 'M', 'net_profit': 17.34}, {'period': ""Q3 '24"", 'revenue': 38.98, 'unit': 'M', 'net_profit': 7.62}]",0.98,0.95,1171263000,49977000,4888000,707403000,37447000,1089172000,17476000,4888000,50773000,0.12916631567124365,0.35326484698994387,0.3424657534246575,"[0.1425, 0.096]","['2026-03-16', '2010-08-31']",__nan__,0.6039659751908837
401,WST,West Pharmaceutical Services Inc. Common Stock,"West Pharmaceutical Services, Inc. designs, manufactures, and sells containment and delivery systems for injectable drugs and healthcare products in the Americas, Europe, the Middle East, Africa, and the Asia Pacific. It operates in two segments, Proprietary Products and Contract-Manufactured Products. The Proprietary Products segment offers stoppers and seals for injectable packaging systems; syringe and cartridge components, including custom solutions for the needs of injectable drug applications, as well as administration systems that enhance the safe delivery of drugs through advanced reconstitution, mixing, and transfer technologies; and films, coatings, washing, and vision inspection and sterilization processes and services to enhance the quality of packaging components. It also provides drug containment solutions, including Crystal Zenith, a cyclic olefin polymer in the form of vials, syringes, and cartridges; and self-injection devices, as well as a range of integrated solutions, including analytical lab services, pre-approval primary packaging support and engineering development, regulatory expertise, and after-sales technical support. This segment serves biologic, generic, and pharmaceutical drug companies. The Contract-Manufactured Products segment is involved in the design, manufacture, and automated assembly of devices used in surgical, diagnostic, ophthalmic, injectable, and other drug delivery systems, as well as consumer products. It serves pharmaceutical, diagnostic, and medical device companies. The company distributes its products through its sales force and distribution network, as well as contract sales agents and regional distributors. West Pharmaceutical Services, Inc. was incorporated in 1923 and is headquartered in Exton, Pennsylvania.",Eric Green,Medical - Instruments & Supplies,243.35,USD,17526432025,https://images.financialmodelingprep.com/symbol/WST.png,955623,1980-03-17,35.79,-4.77,604477,723600000,493700000,"[{'period': '2025', 'revenue': 3070.0, 'unit': 'M', 'net_profit': 493.7}, {'period': '2024', 'revenue': 2890.0, 'unit': 'M', 'net_profit': 492.7}, {'period': '2023', 'revenue': 2950.0, 'unit': 'M', 'net_profit': 593.4}, {'period': '2022', 'revenue': 2890.0, 'unit': 'M', 'net_profit': 585.9}]","[{'period': ""Q4 '25"", 'revenue': 805.0, 'unit': 'M', 'net_profit': 132.1}, {'period': ""Q3 '25"", 'revenue': 804.3, 'unit': 'M', 'net_profit': 140.0}, {'period': ""Q2 '25"", 'revenue': 766.2, 'unit': 'M', 'net_profit': 131.8}, {'period': ""Q1 '25"", 'revenue': 698.2, 'unit': 'M', 'net_profit': 89.8}, {'period': ""Q4 '24"", 'revenue': 748.5, 'unit': 'M', 'net_profit': 130.1}, {'period': ""Q3 '24"", 'revenue': 746.9, 'unit': 'M', 'net_profit': 136.0}]",6.83,6.8,4270000000,1978200000,791300000,1094000000,574400000,212300000,654900000,791300000,468900000,-0.027157838128529174,0.0020296326364927946,0.011851851851851862,"[0.22, 0.13]","['2026-04-29', '1987-01-26']",__nan__,0.25620608899297426
402,WTI,W&T Offshore Inc. Common Stock,"W&T Offshore, Inc., an independent oil and natural gas producer, engages in the acquisition, exploration, and development of oil and natural gas properties in the Gulf of Mexico. The company sells crude oil, natural gas liquids, and natural gas. As of December 31, 2021, the company had working interests in 43 fields in federal and state waters; and under lease approximately 606,000 gross acres, including approximately 419,000 gross acres on the Gulf of Mexico Shelf, as well as approximately 187,000 gross acres in the Gulf of Mexico deepwater. W&T Offshore, Inc. was founded in 1983 and is headquartered in Houston, Texas.",Tracy W. Krohn,Oil & Gas Exploration & Production,3.38,USD,502868619,https://images.financialmodelingprep.com/symbol/WTI.png,4937050,2005-01-28,-3.35,0.1,7811448,96983000,-150062000,"[{'period': '2025', 'revenue': 501.46, 'unit': 'M', 'net_profit': -150.06}, {'period': '2024', 'revenue': 525.26, 'unit': 'M', 'net_profit': -87.14}, {'period': '2023', 'revenue': 532.66, 'unit': 'M', 'net_profit': 15.6}, {'period': '2022', 'revenue': 921.0, 'unit': 'M', 'net_profit': 231.15}]","[{'period': ""Q4 '25"", 'revenue': 121.71, 'unit': 'M', 'net_profit': -27.13}, {'period': ""Q3 '25"", 'revenue': 127.52, 'unit': 'M', 'net_profit': -71.47}, {'period': ""Q2 '25"", 'revenue': 122.37, 'unit': 'M', 'net_profit': -20.88}, {'period': ""Q1 '25"", 'revenue': 129.87, 'unit': 'M', 'net_profit': -30.58}, {'period': ""Q4 '24"", 'revenue': 120.34, 'unit': 'M', 'net_profit': -23.36}, {'period': ""Q3 '24"", 'revenue': 121.37, 'unit': 'M', 'net_profit': -36.92}]",-1.01,-1.01,955807000,239269000,140620000,1155559000,84106000,24026000,234279000,140620000,27761000,-0.1831153188514441,-0.7219806070342533,-0.7118644067796611,"[0.01, 0.02]","['2026-03-19', '2005-04-13']",__nan__,1.2089877977457792
403,WTM,White Mountains Insurance Group Ltd. Common Stock,"White Mountains Insurance Group, Ltd., through its subsidiaries, provides insurance and other financial services in the United States. The company operates through five segments: HG Global/BAM, Ark, NSM, Kudu, and Other Operations. The HG Global/BAM segment provides insurance on municipal bonds issued to finance public purposes, such as schools, utilities, and transportation facilities, as well as reinsurance protection services. The Ark segment writes a portfolio of reinsurance and insurance, including property, marine and energy, accident and health, casualty, and specialty products. The NSM segment operates as a managing general agent and program administrator for specialty property and casualty insurance to various sectors comprising specialty transportation, real estate, social services, and pet. The Kudu segment provides capital solutions to boutique asset and wealth managers for generational ownership transfers, management buyouts, acquisitions and growth finances, and legacy partner liquidity, as well as strategic assistance to investees. The Other Operations segment offers insurance solutions to travel industry through broker channel and on a direct-to-consumer basis; and manages separate accounts and pooled investment vehicles for insurance-linked securities sectors, including catastrophe bonds, collateralized reinsurance investments, and industry loss warranties of third-party clients. White Mountains Insurance Group, Ltd. was incorporated in 1980 and is headquartered in Hamilton, Bermuda.",Liam Caffrey,Insurance - Property & Casualty,2153.86,USD,5340877103,https://images.financialmodelingprep.com/symbol/WTM.png,17666,1985-10-23,5.01,-66.85,14978,1409700000,1106400000,"[{'period': '2025', 'revenue': 2.71, 'unit': 'B', 'net_profit': 1.11}, {'period': '2024', 'revenue': 2350.0, 'unit': 'M', 'net_profit': 230.4}, {'period': '2023', 'revenue': 2170.0, 'unit': 'M', 'net_profit': 509.2}, {'period': '2022', 'revenue': 1160.0, 'unit': 'M', 'net_profit': 792.8}]","[{'period': ""Q4 '25"", 'revenue': 576.1, 'unit': 'M', 'net_profit': 835.8}, {'period': ""Q3 '25"", 'revenue': 864.2, 'unit': 'M', 'net_profit': 113.8}, {'period': ""Q2 '25"", 'revenue': 689.2, 'unit': 'M', 'net_profit': 122.9}, {'period': ""Q1 '25"", 'revenue': 577.8, 'unit': 'M', 'net_profit': 33.9}, {'period': ""Q4 '24"", 'revenue': 358.0, 'unit': 'M', 'net_profit': -130.4}, {'period': ""Q3 '24"", 'revenue': 953.6, 'unit': 'M', 'net_profit': 179.0}]",430.14,430.14,12306500000,0,1971600000,6051400000,905500000,6782200000,0,184900000,-7200000,2.7987065481002427,3.8020833333333335,3.79051119278316,"[1, 0.075]","['2026-03-16', '1985-11-14']",__nan__,0.49172388575143217
404,WTRG,Essential Utilities Inc. Common Stock,"Essential Utilities, Inc., through its subsidiaries, operates regulated utilities that provide water, wastewater, or natural gas services in the United States. It offers water services through operating and maintenance contract with municipal authorities and other parties. The company also provides non-utility raw water supply services for firms in the natural gas drilling industry; and water and sewer line protection solutions, and repair services to households through a third-party. It serves approximately 7.5 million residential water, commercial water, fire protection, industrial water, wastewater, and other water and utility customers in Pennsylvania, Ohio, Texas, Illinois, North Carolina, New Jersey, Indiana, Virginia, West Virginia, and Kentucky under the Aqua and Peoples brands. The company was formerly known as Aqua America, Inc. and changed its name to Essential Utilities, Inc. in February 2020. Essential Utilities, Inc. was founded in 1886 and is headquartered in Bryn Mawr, Pennsylvania.",Christopher H. Franklin,Regulated Water,40.34,USD,11420980120,https://images.financialmodelingprep.com/symbol/WTRG.png,2445944,1980-03-17,18.34,-0.45,1032781,1366366000,616369000,"[{'period': '2025', 'revenue': 2470.0, 'unit': 'M', 'net_profit': 616.37}, {'period': '2024', 'revenue': 2090.0, 'unit': 'M', 'net_profit': 595.31}, {'period': '2023', 'revenue': 2050.0, 'unit': 'M', 'net_profit': 498.23}, {'period': '2022', 'revenue': 2290.0, 'unit': 'M', 'net_profit': 465.24}]","[{'period': ""Q4 '25"", 'revenue': 699.11, 'unit': 'M', 'net_profit': 132.68}, {'period': ""Q3 '25"", 'revenue': 476.97, 'unit': 'M', 'net_profit': 92.08}, {'period': ""Q2 '25"", 'revenue': 514.91, 'unit': 'M', 'net_profit': 107.83}, {'period': ""Q1 '25"", 'revenue': 783.63, 'unit': 'M', 'net_profit': 283.79}, {'period': ""Q4 '24"", 'revenue': 604.38, 'unit': 'M', 'net_profit': 184.75}, {'period': ""Q3 '24"", 'revenue': 435.25, 'unit': 'M', 'net_profit': 69.4}]",2.2,2.2,19894479000,610396000,34778000,13037023000,384276000,35307000,764483000,34778000,-419521000,0.09704479416650542,0.03536788988668165,0.013824884792626843,"[0.3426, 2.1509]","['2026-05-12', '1985-02-08']",__nan__,0.6553085908909703
405,WTRU,Essential Utilities Inc. 6.00% TEU,,None,Regulated Water,53.31,USD,0,https://images.financialmodelingprep.com/symbol/WTRU.png,61341,2019-04-25,60.57954545454545,-1.82,821242,1366366000,616369000,"[{'period': '2025', 'revenue': 2470.0, 'unit': 'M', 'net_profit': 616.37}, {'period': '2024', 'revenue': 2090.0, 'unit': 'M', 'net_profit': 595.31}, {'period': '2021', 'revenue': 1880.0, 'unit': 'M', 'net_profit': 431.61}, {'period': '2020', 'revenue': 1460.0, 'unit': 'M', 'net_profit': 284.85}]","[{'period': ""Q4 '25"", 'revenue': 699.11, 'unit': 'M', 'net_profit': 132.68}, {'period': ""Q3 '25"", 'revenue': 476.97, 'unit': 'M', 'net_profit': 92.08}, {'period': ""Q2 '25"", 'revenue': 514.91, 'unit': 'M', 'net_profit': 107.83}, {'period': ""Q1 '25"", 'revenue': 783.63, 'unit': 'M', 'net_profit': 283.79}, {'period': ""Q4 '24"", 'revenue': 489.29, 'unit': 'M', 'net_profit': 228.93}, {'period': ""Q1 '22"", 'revenue': 699.27, 'unit': 'M', 'net_profit': 199.38}]",2.2,2.2,12461579000,424143000,2512000,7406226000,0,0,406817000,2512000,-419521000,0.8033835400201671,0.03536788988668165,-0.4215093347357349,"[0.75, 0.808]","['2022-04-13', '2019-07-12']",__nan__,0.5943248443876976
406,WTS,Watts Water Technologies Inc. Class A Common Stock,"Watts Water Technologies, Inc. designs, manufactures, and sells products, solution, and systems that manage and conserve the flow of fluids and energy into, through and out of buildings in the commercial and residential markets in the Americas, Europe, the Asia-Pacific, the Middle East, and Africa. The company offers residential and commercial flow control products, including backflow preventers, water pressure regulators, temperature and pressure relief valves, and thermostatic mixing valves. It also provides heating, ventilation, and air conditioning and gas products, such as boilers, water heaters, custom heat, and hot water solutions; hydronic and electric heating systems for under-floor radiant applications; custom heat and hot water solutions; hydronic pump groups for boiler manufacturers and alternative energy control packages; and flexible stainless steel connectors for natural and liquid propane gas in commercial food service and residential applications. In addition, the company offers drainage and water re-use products comprising drainage products and engineered rain water harvesting solutions for commercial, industrial, marine, and residential applications; and water quality products that include point-of-use and point-of-entry water filtration, conditioning, and scale prevention systems for commercial and residential applications. Further, it provides smart mixing system under the IntelliStation name. The company sells its products to plumbing, heating, and mechanical wholesale distributors and dealers, as well as original equipment manufacturers, specialty product distributors, do-it-yourself chains, and retail chains; and directly to wholesalers and private label accounts. Watts Water Technologies, Inc. was founded in 1874 and is headquartered in North Andover, Massachusetts.",Robert J. Pagano Jr.,Industrial - Machinery,287.01,USD,9568892735,https://images.financialmodelingprep.com/symbol/WTS.png,187230,1986-08-21,28.25,-3.29,217353,513400000,340800000,"[{'period': '2025', 'revenue': 2440.0, 'unit': 'M', 'net_profit': 340.8}, {'period': '2024', 'revenue': 2250.0, 'unit': 'M', 'net_profit': 291.2}, {'period': '2023', 'revenue': 2060.0, 'unit': 'M', 'net_profit': 262.1}, {'period': '2022', 'revenue': 1980.0, 'unit': 'M', 'net_profit': 251.5}]","[{'period': ""Q4 '25"", 'revenue': 625.1, 'unit': 'M', 'net_profit': 83.7}, {'period': ""Q3 '25"", 'revenue': 611.7, 'unit': 'M', 'net_profit': 82.2}, {'period': ""Q2 '25"", 'revenue': 643.7, 'unit': 'M', 'net_profit': 100.9}, {'period': ""Q1 '25"", 'revenue': 558.0, 'unit': 'M', 'net_profit': 74.0}, {'period': ""Q4 '24"", 'revenue': 540.4, 'unit': 'M', 'net_profit': 67.6}, {'period': ""Q3 '24"", 'revenue': 543.6, 'unit': 'M', 'net_profit': 69.1}]",10.17,10.17,2881200000,1286100000,405500000,853500000,294000000,0,512400000,405500000,356300000,0.12810371346956712,0.17032967032967034,0.17031070195627163,"[0.52, 0.0288]","['2026-02-27', '1986-09-24']",__nan__,0.2962307371928363
407,WTTR,Select Energy Services Inc. Class A Common Stock,"Select Water Solutions, Inc. engages in the provision of water management and chemical solutions. It operates through the following business segments: Water Infrastructure, Water Services, and Chemical Technologies. The Water Infrastructure segment develops, builds, and operates permanent and semi-permanent infrastructure solutions to support full life cycle water management and waste treatment solutions. The Water Services segment consists of services businesses, including water transfer, flowback and well testing, fluids hauling, water containment and water network automation, primarily serving E&P companies. The Chemical Technologies segment includes logistics and provides a full suite of chemicals used in hydraulic fracturing, stimulation, cementing, pipelines and well completions. The company was founded on November 21, 2016 and is headquartered in Gainesville, TX.",John D. Schmitz,Regulated Water,15.61,USD,1641228126,https://images.financialmodelingprep.com/symbol/WTTR.png,1309816,2017-06-26,74.33,0.02,1094001,210258000,21223000,"[{'period': '2025', 'revenue': 1410.0, 'unit': 'M', 'net_profit': 21.22}, {'period': '2024', 'revenue': 1450.0, 'unit': 'M', 'net_profit': 30.64}, {'period': '2023', 'revenue': 1590.0, 'unit': 'M', 'net_profit': 74.4}, {'period': '2022', 'revenue': 1390.0, 'unit': 'M', 'net_profit': 48.28}]","[{'period': ""Q4 '25"", 'revenue': 346500.0, 'unit': 'K', 'net_profit': -346.0}, {'period': ""Q3 '25"", 'revenue': 322.24, 'unit': 'M', 'net_profit': 2.68}, {'period': ""Q2 '25"", 'revenue': 364.21, 'unit': 'M', 'net_profit': 10.65}, {'period': ""Q1 '25"", 'revenue': 374.38, 'unit': 'M', 'net_profit': 8.24}, {'period': ""Q4 '24"", 'revenue': 349.05, 'unit': 'M', 'net_profit': -1.64}, {'period': ""Q3 '24"", 'revenue': 371.35, 'unit': 'M', 'net_profit': 15.79}]",0.21,0.2,1595612000,354386000,18084000,668545000,263965000,78234000,225696000,18084000,-79889000,-0.0036204755902228204,-0.3074337553844146,-0.32258064516129037,"[0.07, 0.05]","['2026-02-06', '2022-11-04']",__nan__,0.4189897042639439
408,WU,Western Union Company (The) Common Stock,"The Western Union Company provides money movement and payment services worldwide. The company operates in two segments, Consumer-to-Consumer and Business Solutions. The Consumer-to-Consumer segment facilitates money transfers between two consumers, primarily through a network of third-party agents and sub-agents; and offers international cross-border transfers and intra-country transfers, as well as money transfer transactions through websites and mobile devices. The Business Solutions segment provides payment and foreign exchange solutions, primarily cross-border and cross-currency transactions for small and medium size enterprises, other organizations, and individuals; and foreign currency forward and option contracts. It also offers bill payment services that facilitates payments from consumers to businesses and other organizations, as well as offers money order and other services. The company was founded in 1851 and is headquartered in Denver, Colorado.",Devin McGranahan,Financial - Credit Services,8.73,USD,2774785785,https://images.financialmodelingprep.com/symbol/WU.png,8566998,2006-10-02,5.74,-0.24,6597969,934300000,499600000,"[{'period': '2025', 'revenue': 4040.0, 'unit': 'M', 'net_profit': 499.6}, {'period': '2024', 'revenue': 4210.0, 'unit': 'M', 'net_profit': 934.2}, {'period': '2023', 'revenue': 4360.0, 'unit': 'M', 'net_profit': 626.0}, {'period': '2022', 'revenue': 4480.0, 'unit': 'M', 'net_profit': 910.6}]","[{'period': ""Q4 '25"", 'revenue': 1010.0, 'unit': 'M', 'net_profit': 114.4}, {'period': ""Q3 '25"", 'revenue': 1030.0, 'unit': 'M', 'net_profit': 139.6}, {'period': ""Q2 '25"", 'revenue': 1030.0, 'unit': 'M', 'net_profit': 122.1}, {'period': ""Q1 '25"", 'revenue': 983.6, 'unit': 'M', 'net_profit': 123.5}, {'period': ""Q4 '24"", 'revenue': 1060.0, 'unit': 'M', 'net_profit': 385.7}, {'period': ""Q3 '24"", 'revenue': 1040.0, 'unit': 'M', 'net_profit': 264.8}]",1.53,1.53,8305900000,1234400000,1234400000,7348100000,0,0,74700000,1234400000,392900000,0.018310626702997275,-0.4652108756154999,-0.4436363636363636,"[0.235, 0.01]","['2026-03-17', '2006-12-13']",__nan__,0.8846843809821934
409,WWE,World Wrestling Entertainment Inc. Class A Common Stock,"World Wrestling Entertainment, Inc., an integrated media and entertainment company, engages in the sports entertainment business in North America, Europe, the Middle East, Africa, the Asia Pacific, and Latin America. It operates through three segments: Media, Live Events, and Consumer Products. The Media segment engages in the production and monetization of long-form and short-form video content across various platforms, including WWE Network, broadcast and pay television, and digital and social media, as well as filmed entertainment. The Live Events segment is involved in the sale of tickets; provision of event services; and sale of travel packages related to its live events. The Consumer Products segment engages in merchandising of WWE branded products, such as video games, toys, apparel, and books through licensing arrangements and direct-to-consumer sales, as well as through e-commerce platforms. World Wrestling Entertainment, Inc. was founded in 1980 and is headquartered in Stamford, Connecticut.",Nick Khan,Entertainment,100.65,USD,8370224602,https://images.financialmodelingprep.com/symbol/WWE.png,783578,1999-10-19,47.92857142857143,2.6,1642069,380300000,195600000,"[{'period': '2022', 'revenue': 1290.0, 'unit': 'M', 'net_profit': 195.6}, {'period': '2021', 'revenue': 1100.0, 'unit': 'M', 'net_profit': 180.4}, {'period': '2020', 'revenue': 974.2, 'unit': 'M', 'net_profit': 131.8}, {'period': '2019', 'revenue': 960.4, 'unit': 'M', 'net_profit': 77.1}]","[{'period': ""Q2 '23"", 'revenue': 410.3, 'unit': 'M', 'net_profit': 52.0}, {'period': ""Q1 '23"", 'revenue': 297.6, 'unit': 'M', 'net_profit': 36.7}, {'period': ""Q4 '22"", 'revenue': 325.3, 'unit': 'M', 'net_profit': 38.8}, {'period': ""Q3 '22"", 'revenue': 304.64, 'unit': 'M', 'net_profit': 41.62}, {'period': ""Q2 '22"", 'revenue': 328.2, 'unit': 'M', 'net_profit': 49.0}, {'period': ""Q1 '22"", 'revenue': 333.45, 'unit': 'M', 'net_profit': 66.04}]",2.63,2.29,1355600000,627200000,478700000,838400000,112400000,11800000,432500000,220200000,125700000,0.05258787711043454,0.08425720620842572,0.13362068965517246,"[0.12, 0.04]","['2023-09-14', '2003-06-25']",__nan__,0.6184715255237533
410,WWW,Wolverine World Wide Inc. Common Stock,"Wolverine World Wide, Inc. designs, manufactures, sources, markets, licenses, and distributes footwear, apparel, and accessories in the United States, Europe, the Middle East, Africa, the Asia Pacific, Canada and Latin America. The company operates through two segments, Wolverine Michigan Group and Wolverine Boston Group. It offers casual footwear and apparel; performance outdoor and athletic footwear and apparel; kids' footwear; industrial work boots and apparel; and uniform shoes and boots. The company sources, markets, and licenses a range of footwear styles, such as shoes, boots, and sandals under the Bates, Cat, Chaco, Harley-Davidson, Hush Puppies, Hytest, Keds, Merrell, Saucony, Sperry, Sweaty Betty, Wolverine, and Stride Rite brands. It also markets Merrell and Wolverine branded apparel and accessories, as well as licenses its brands for use on non-footwear products, including the Hush Puppies apparel, eyewear, watches, socks, handbags, and plush toys; Wolverine branded eyewear and gloves; and Keds, Saucony, and Sperry branded apparel. In addition, the company markets pigskin leather under the Wolverine Warrior Leather, Weather Tight, and All Season Weather Leathers trademarks for use in the footwear industry. Further, it operates brick and mortar retail stores, and eCommerce sites. The company sells its products to department stores, national chains, catalog and specialty retailers, independent retailers, uniform outlets, and mass merchant and government customers through retail stores, as well as through third-party licensees and distributors, and joint ventures. As of January 1, 2022, it operated 143 retail stores, as well as 65 consumer-direct eCommerce sites. Wolverine World Wide, Inc. was founded in 1883 and is based in Rockford, Michigan.",Christopher E. Hufnagel,Apparel - Footwear & Accessories,15.78,USD,1293660164,https://images.financialmodelingprep.com/symbol/WWW.png,1479157,1980-03-17,13.84,-0.69,552380,180199999,95800000,"[{'period': '2025', 'revenue': 1870.0, 'unit': 'M', 'net_profit': 95.8}, {'period': '2024', 'revenue': 1750.0, 'unit': 'M', 'net_profit': 47.9}, {'period': '2023', 'revenue': 2240.0, 'unit': 'M', 'net_profit': -39.6}, {'period': '2022', 'revenue': 2680.0, 'unit': 'M', 'net_profit': -188.3}]","[{'period': ""Q4 '25"", 'revenue': 517.5, 'unit': 'M', 'net_profit': 32.8}, {'period': ""Q3 '25"", 'revenue': 470.3, 'unit': 'M', 'net_profit': 25.1}, {'period': ""Q2 '25"", 'revenue': 474.2, 'unit': 'M', 'net_profit': 26.8}, {'period': ""Q1 '25"", 'revenue': 412.3, 'unit': 'M', 'net_profit': 11.1}, {'period': ""Q4 '24"", 'revenue': 494.7, 'unit': 'M', 'net_profit': 24.6}, {'period': ""Q3 '24"", 'revenue': 440.2, 'unit': 'M', 'net_profit': 23.6}]",1.14,1.14,1709300000,729400000,206300000,1286200000,162100000,0,521100000,206300000,121600000,0.3808429042145594,1.0,0.9655172413793103,"[0.1, 0.06]","['2026-04-01', '1984-12-31']",__nan__,0.7524717720704381
411,WY,Weyerhaeuser Company Common Stock,"Weyerhaeuser Company, one of the world's largest private owners of timberlands, began operations in 1900. We own or control approximately 11 million acres of timberlands in the U.S. and manage additional timberlands under long-term licenses in Canada. We manage these timberlands on a sustainable basis in compliance with internationally recognized forestry standards. We are also one of the largest manufacturers of wood products in North America. Our company is a real estate investment trust. In 2020, we generated $7.5 billion in net sales and employed approximately 9,400 people who serve customers worldwide. We are listed on the Dow Jones Sustainability North America Index. Our common stock trades on the New York Stock Exchange under the symbol WY.",Devin W. Stockfish,REIT - Specialty,23.86,USD,17199742959,https://images.financialmodelingprep.com/symbol/WY.png,6823667,1973-05-03,53.02,0.26,6600390,1042000000,324000000,"[{'period': '2025', 'revenue': 6910.0, 'unit': 'M', 'net_profit': 324.0}, {'period': '2024', 'revenue': 7120.0, 'unit': 'M', 'net_profit': 396.0}, {'period': '2023', 'revenue': 7670.0, 'unit': 'M', 'net_profit': 839.0}, {'period': '2022', 'revenue': 10.18, 'unit': 'B', 'net_profit': 1.88}]","[{'period': ""Q4 '25"", 'revenue': 1540.0, 'unit': 'M', 'net_profit': 74.0}, {'period': ""Q3 '25"", 'revenue': 1770.0, 'unit': 'M', 'net_profit': 80.0}, {'period': ""Q2 '25"", 'revenue': 1880.0, 'unit': 'M', 'net_profit': 87.0}, {'period': ""Q1 '25"", 'revenue': 1760.0, 'unit': 'M', 'net_profit': 83.0}, {'period': ""Q4 '24"", 'revenue': 1710.0, 'unit': 'M', 'net_profit': 81.0}, {'period': ""Q3 '24"", 'revenue': 1680.0, 'unit': 'M', 'net_profit': 28.0}]",0.45,0.45,16613000000,1652000000,464000000,7187000000,313000000,11533000000,1278000000,464000000,88000000,-0.1302170283806344,-0.18181818181818182,-0.1666666666666667,"[0.21, 0.4]","['2026-03-10', '1977-01-24']",__nan__,0.43261301390477336
412,X,United States Steel Corporation Common Stock,"United States Steel Corporation produces and sells flat-rolled and tubular steel products primarily in North America and Europe. It operates through four segments: North American Flat-Rolled (Flat-Rolled), Mini Mill, U. S. Steel Europe (USSE), and Tubular Products (Tubular). The Flat-Rolled segment offers slabs, strip mill plates, sheets, and tin mill products, as well as iron ore and coke. This segment serves customers in the service center, conversion, transportation, automotive, construction, container, appliance, and electrical markets. The Mini Mill segment provides hot-rolled, cold-rolled, and coated sheets and electrical products. This segment serves customers in the automotive, appliance, construction, container, transportation, and service center markets. The USSE segment provides slabs, strip mill plates, sheets, tin mill products, and spiral welded pipes. This segment serves customers in the construction, container, appliance and electrical, service center, conversion, oil, gas, and petrochemical markets. The Tubular segment offers seamless and electric resistance welded steel casing and tubing products, as well as standard and line pipe and mechanical tubing products primarily to customers in the oil, gas, and petrochemical markets. The company also engages in the real estate business. United States Steel Corporation was founded in 1901 and is headquartered in Pittsburgh, Pennsylvania.",Alan Kestenbaum,Steel,54.84,USD,12416817960,https://images.financialmodelingprep.com/symbol/X.png,9202249,1991-04-12,148.21621621621622,0.0,14511087,1375000000,384000000,"[{'period': '2024', 'revenue': 15640.0, 'unit': 'M', 'net_profit': 384.0}, {'period': '2023', 'revenue': 18050.0, 'unit': 'M', 'net_profit': 895.0}, {'period': '2022', 'revenue': 21.07, 'unit': 'B', 'net_profit': 2.52}, {'period': '2021', 'revenue': 20.27, 'unit': 'B', 'net_profit': 4.17}]","[{'period': ""Q1 '25"", 'revenue': 3730.0, 'unit': 'M', 'net_profit': -116.0}, {'period': ""Q4 '24"", 'revenue': 3510.0, 'unit': 'M', 'net_profit': -89.0}, {'period': ""Q3 '24"", 'revenue': 3840.0, 'unit': 'M', 'net_profit': 119.0}, {'period': ""Q2 '24"", 'revenue': 4120.0, 'unit': 'M', 'net_profit': 183.0}, {'period': ""Q1 '24"", 'revenue': 4190.0, 'unit': 'M', 'net_profit': 171.0}, {'period': ""Q4 '23"", 'revenue': 4140.0, 'unit': 'M', 'net_profit': -80.0}]",1.71,1.56,20235000000,5232000000,1367000000,8795000000,1398000000,736000000,3373000000,1367000000,-1368000000,-0.32432432432432434,-0.5709497206703911,-0.5767326732673267,"[0.05, 0.25]","['2025-05-12', '1991-08-05']",__nan__,0.43464294539164816
413,XEC,Cimarex Energy Co Common Stock,"Cimarex Energy Co. operates as an independent oil and gas exploration and production company primarily in Texas, Oklahoma, and New Mexico. As of December 31, 2019, it had a total proved reserves of 619.6 million barrels of oil equivalent, consisting of 1.53 trillion cubic feet of natural gas; 169.8 million barrels (MMBbls) of oil; and 194.5 MMBbls of natural gas liquids primarily located in the Permian Basin and Mid-Continent regions. The company also owned interests in 2,782 net productive oil and gas wells. Cimarex Energy Co. was founded in 2002 and is headquartered in Denver, Colorado.",Thomas Jorden,Oil & Gas Exploration & Production,,USD,0,https://images.financialmodelingprep.com/symbol/XEC.png,0,2002-09-25,,,,-1587547000,-1967458000,"[{'period': '2020', 'revenue': 1.56, 'unit': 'B', 'net_profit': -1.97}, {'period': '2019', 'revenue': 2360.0, 'unit': 'M', 'net_profit': -124.62}, {'period': '2018', 'revenue': 2340.0, 'unit': 'M', 'net_profit': 791.85}, {'period': '2017', 'revenue': 1920.0, 'unit': 'M', 'net_profit': 494.33}]","[{'period': ""Q2 '21"", 'revenue': 712.38, 'unit': 'M', 'net_profit': 113.39}, {'period': ""Q1 '21"", 'revenue': 679.47, 'unit': 'M', 'net_profit': 128.08}, {'period': ""Q4 '20"", 'revenue': 434.72, 'unit': 'M', 'net_profit': 24.71}, {'period': ""Q3 '20"", 'revenue': 401.66, 'unit': 'M', 'net_profit': -292.74}, {'period': ""Q2 '20"", 'revenue': 249.38, 'unit': 'M', 'net_profit': -925.15}, {'period': ""Q1 '20"", 'revenue': 472.83, 'unit': 'M', 'net_profit': -774.28}]",-19.68,-19.68,4621989000,657338000,273145000,3031754000,332485000,0,660225000,273145000,253191000,-3.066209142330589,-14.78778516919571,-14.619047619047617,"[0.27, 0.04]","['2021-08-12', '2006-02-13']",__nan__,0.6559414139670172
414,XFLT,XAI Octagon Floating Rate & Alternative Income Term Trust Common Shares of Beneficial Interest,"XAI Octagon Floating Rate Alternative Income Term Trust is a diversified, closed-end management investment company. It invests invests in a dynamically managed portfolio of floating-rate credit instruments and other structured credit investments within the private markets. The company was founded on September 27, 2017 and is headquartered in Chicago, IL.",Benjamin David Mcculloch,Asset Management - Income,16.85,USD,256640665,https://images.financialmodelingprep.com/symbol/XFLT.png,145804,2017-10-09,21.06,-0.17,53739,9883568,9883568,"[{'period': '2025', 'revenue': 32.48, 'unit': 'M', 'net_profit': 9.88}, {'period': '2024', 'revenue': 57.7, 'unit': 'M', 'net_profit': 48.86}, {'period': '2023', 'revenue': 46.23, 'unit': 'M', 'net_profit': 46.63}, {'period': '2022', 'revenue': 39.59, 'unit': 'M', 'net_profit': -36.68}]","[{'period': ""Q4 '25"", 'revenue': 21.36, 'unit': 'M', 'net_profit': 14.93}, {'period': ""Q2 '25"", 'revenue': 40.04, 'unit': 'M', 'net_profit': -5.04}, {'period': ""Q4 '24"", 'revenue': 45.0, 'unit': 'M', 'net_profit': 12.25}, {'period': ""Q2 '24"", 'revenue': 39.11, 'unit': 'M', 'net_profit': 36.61}, {'period': ""Q4 '23"", 'revenue': 23.75, 'unit': 'M', 'net_profit': 33.47}, {'period': ""Q2 '23"", 'revenue': 22.49, 'unit': 'M', 'net_profit': 13.15}]",0.65,0.65,738599440,20767121,6908460,293351255,13208374,709589274,25735401,6908460,42502673,-0.8511634059451434,-0.7977336294551837,-0.8712871287128712,"[0.06, 0.069]","['2026-03-16', '2017-11-14']",__nan__,0.39717232252437124
415,XHR,Xenia Hotels & Resorts Inc. Common Stock,"Xenia Hotels & Resorts, Inc. is a self-advised and self-administered REIT that invests in uniquely positioned luxury and upper upscale hotels and resorts, with a focus on the top 25 U.S. lodging markets as well as key leisure destinations in the United States. The Company owns 37 hotels comprising 10,749 rooms across 16 states. Xenia's hotels are in the luxury and upper upscale segments, and operated and/or licensed by industry leaders such as Marriott, Hyatt, Kimpton, Fairmont, Loews, and Hilton, as well as leading independent management companies including The Kessler Collection and Sage Hospitality.",Marcel Verbaas,REIT - Hotel & Motel,14.63,USD,1348211981,https://images.financialmodelingprep.com/symbol/XHR.png,754838,2015-02-04,22.86,-0.48,325877,285027000,63088000,"[{'period': '2025', 'revenue': 1080.0, 'unit': 'M', 'net_profit': 63.09}, {'period': '2024', 'revenue': 1040.0, 'unit': 'M', 'net_profit': 16.14}, {'period': '2023', 'revenue': 1030.0, 'unit': 'M', 'net_profit': 19.14}, {'period': '2022', 'revenue': 997.61, 'unit': 'M', 'net_profit': 55.92}]","[{'period': ""Q4 '25"", 'revenue': 265.58, 'unit': 'M', 'net_profit': 6.08}, {'period': ""Q3 '25"", 'revenue': 236.42, 'unit': 'M', 'net_profit': -13.74}, {'period': ""Q2 '25"", 'revenue': 287.58, 'unit': 'M', 'net_profit': 55.16}, {'period': ""Q1 '25"", 'revenue': 288.93, 'unit': 'M', 'net_profit': 15.59}, {'period': ""Q4 '24"", 'revenue': 261850.00000000003, 'unit': 'K', 'net_profit': -638.0}, {'period': ""Q3 '24"", 'revenue': 236.81, 'unit': 'M', 'net_profit': -7.09}]",0.65,0.64,2808675000,167364000,140427000,1625138000,26937000,2501998000,0,140427000,89905000,0.27951930544395115,2.908071609985752,3.3333333333333335,"[0.14, 0.1457]","['2026-03-31', '2015-03-27']",__nan__,0.5786137591568978
416,XIN,Xinyuan Real Estate Co Ltd American Depositary Shares,"Xinyuan Real Estate Co., Ltd., together with its subsidiaries, engages in residential real estate development and construction in the People's Republic of China, the United States, and internationally. It develops residential projects, such as multi-layer apartment buildings, sub-high-rise apartment buildings, high-rise apartment buildings; and auxiliary services and amenities, such as retail outlets, leisure and health facilities, kindergartens, and schools, as well as office, mixed-use, and commercial properties. The company also acquires development sites through public auctions of government land and acquisitions of entities. In addition, it provides property management services for its developments and other real estate-related services; landscaping, engineering and management, real estate consulting, leasing management, management consulting, and technical services; operates retail stores; and installs intercom systems. Further, it engages in the purchase, sale, lease, and brokerage of real estate; sale of construction materials; development and sale of robots; operation of internet platform for real estate property financing; and provision of electronic commerce and catering services. Xinyuan Real Estate Co., Ltd. was founded in 1997 and is based in Beijing, the People's Republic of China.",Yong Zhang,Real Estate - Development,1.95,USD,13489145,https://images.financialmodelingprep.com/symbol/XIN.png,28354,2007-12-12,-0.21666666666666667,-0.02,55680,52591732,-51018739,"[{'period': '2024', 'revenue': 514.67, 'unit': 'M', 'net_profit': -51.02}, {'period': '2023', 'revenue': 804.97, 'unit': 'M', 'net_profit': 40.28}, {'period': '2022', 'revenue': 950.01, 'unit': 'M', 'net_profit': -258.68}, {'period': '2021', 'revenue': 1540.0, 'unit': 'M', 'net_profit': -413.26}]","[{'period': ""Q2 '25"", 'revenue': 19.25, 'unit': 'M', 'net_profit': -97.96}, {'period': ""Q1 '25"", 'revenue': 18.99, 'unit': 'M', 'net_profit': -96.67}, {'period': ""Q4 '24"", 'revenue': 71.13, 'unit': 'M', 'net_profit': -37.57}, {'period': ""Q3 '24"", 'revenue': 63.57, 'unit': 'M', 'net_profit': -38.06}, {'period': ""Q2 '24"", 'revenue': 187.02, 'unit': 'M', 'net_profit': 12.11}, {'period': ""Q1 '24"", 'revenue': 188.24, 'unit': 'M', 'net_profit': 12.19}]",-181.8,-181.8,5022477731,0,155491991,4954337643,588958968,0,0,152385884,17607860,-0.8101588662392344,-2.2665385863794087,-2.203973509933775,"[0.025, 0.1]","['2020-12-17', '2011-06-08']",__nan__,0.9864329735940047
417,XL,XL Fleet Corp. Class A Common Stock,"XL Fleet Corp. provides fleet electrification solutions for commercial vehicles in North America. Its products include hybrid electric drive systems are comprised of an electric motor that is mounted onto the vehicle's drive shaft, an inverter motor controller, and a lithium-ion battery pack to store energy to be used for propulsion; plug-in hybrid electric drive system, which are fitted to vehicles. In addition, the company offers vehicle electrification and infrastructure solutions, and charging stations. It serves end-use customer base comprising Fortune 500 corporate enterprises, public utilities, and various municipalities. The company was incorporated in 2009 and is headquartered in Boston, Massachusetts.",None,Auto - Parts,1.14,USD,164381160,https://images.financialmodelingprep.com/symbol/XL.png,865894,2019-09-03,-3.211267605633803,0.2692,2730898,-50393000,-70489000,"[{'period': '2024', 'revenue': 82.11, 'unit': 'M', 'net_profit': -70.49}]","[{'period': ""Q3 '25"", 'revenue': 30730.0, 'unit': 'K', 'net_profit': -860.0}, {'period': ""Q2 '25"", 'revenue': 33.24, 'unit': 'M', 'net_profit': -2.97}, {'period': ""Q1 '25"", 'revenue': 23.82, 'unit': 'M', 'net_profit': -15.34}]",-3.82,-3.82,898479000,136430000,72802000,752327000,15010000,0,59569000,72802000,-41686000,0.0,0.0,0.0,"[0.22, 0.14]","['2018-09-13', '2013-03-13']",__nan__,0.8373339833207009
418,XOM,Exxon Mobil Corporation Common Stock,"Exxon Mobil Corporation explores for and produces crude oil and natural gas in the United States and internationally. It operates through Upstream, Downstream, and Chemical segments. The company is also involved in the manufacture, trade, transport, and sale of crude oil, natural gas, petroleum products, petrochemicals, and other specialty products; manufactures and sells petrochemicals, including olefins, polyolefins, aromatics, and various other petrochemicals; and captures and stores carbon, hydrogen, and biofuels. As of December 31, 2021, it had approximately 20,528 net operated wells with proved reserves. The company was founded in 1870 and is headquartered in Irving, Texas.",Darren W. Woods,Oil & Gas Integrated,170.99,USD,712474882828,https://images.financialmodelingprep.com/symbol/XOM.png,21091210,1978-01-13,25.52,5.56,26461934,67864000000,28844000000,"[{'period': '2025', 'revenue': 323.9, 'unit': 'B', 'net_profit': 28.84}, {'period': '2024', 'revenue': 339.25, 'unit': 'B', 'net_profit': 33.68}, {'period': '2023', 'revenue': 334.7, 'unit': 'B', 'net_profit': 36.01}, {'period': '2022', 'revenue': 398.68, 'unit': 'B', 'net_profit': 55.74}]","[{'period': ""Q4 '25"", 'revenue': 80.04, 'unit': 'B', 'net_profit': 6.5}, {'period': ""Q3 '25"", 'revenue': 83.33, 'unit': 'B', 'net_profit': 7.55}, {'period': ""Q2 '25"", 'revenue': 79.48, 'unit': 'B', 'net_profit': 7.08}, {'period': ""Q1 '25"", 'revenue': 81.06, 'unit': 'B', 'net_profit': 7.71}, {'period': ""Q4 '24"", 'revenue': 81.06, 'unit': 'B', 'net_profit': 7.61}, {'period': ""Q3 '24"", 'revenue': 87.79, 'unit': 'B', 'net_profit': 8.61}]",6.66,6.7,448980000000,83382000000,10681000000,182354000000,44562000000,45317000000,72330000000,10681000000,23612000000,-0.0742999004242201,-0.14358669833729215,-0.15051020408163263,"[1.03, 0.9]","['2026-02-12', '1970-05-07']",__nan__,0.40615172168025304
419,XPEV,XPeng Inc. American depositary shares each representing two Class A ordinary shares,"XPeng Inc. designs, develops, manufactures, and markets smart electric vehicles in the People's Republic of China. It offers SUVs under the G3 and G3i names; four-door sports sedans under the P7 name; and family sedans under the P5 name. The company also provides sales contracts, maintenance, super charging, vehicle leasing, insurance agency, ride-hailing, technical support, automotive loan referral and auto financing, music subscription, and other services. XPeng Inc. was founded in 2015 and is headquartered in Guangzhou, the People's Republic of China.",Xiaopeng He,Auto - Manufacturers,16.925,USD,16078874317,https://images.financialmodelingprep.com/symbol/XPEV.png,7103185,2020-08-27,-105.78,-0.685,6658932,-4295216000,-1108416000,"[{'period': '2025', 'revenue': 74.63, 'unit': 'B', 'net_profit': -1.11}, {'period': '2024', 'revenue': 40.87, 'unit': 'B', 'net_profit': -5.79}, {'period': '2023', 'revenue': 30.68, 'unit': 'B', 'net_profit': -10.38}, {'period': '2022', 'revenue': 26.86, 'unit': 'B', 'net_profit': -9.14}]","[{'period': ""Q4 '25"", 'revenue': 21950.0, 'unit': 'M', 'net_profit': 377.92}, {'period': ""Q3 '25"", 'revenue': 20380.0, 'unit': 'M', 'net_profit': -380.87}, {'period': ""Q2 '25"", 'revenue': 18270.0, 'unit': 'M', 'net_profit': -477.75}, {'period': ""Q1 '25"", 'revenue': 15810.0, 'unit': 'M', 'net_profit': -664.05}, {'period': ""Q4 '24"", 'revenue': 16.11, 'unit': 'B', 'net_profit': -1.33}, {'period': ""Q3 '24"", 'revenue': 10.1, 'unit': 'B', 'net_profit': -1.81}]",-2.38,-2.38,103228323000,63294107000,38928753000,72840395000,5655789000,10494444000,58150355000,24016859000,-4440280000,-0.47381459967272327,0.8085724588723415,0.6111111111111112,__nan__,__nan__,__nan__,0.7056241241078769
420,XPO,XPO Logistics Inc.,"XPO Logistics, Inc. provides freight transportation services in the United States, rest of North America, France, the United Kingdom, rest of Europe, and internationally. The company operates in two segments, North American LTL and Brokerage and Other Services. The North American LTL segment provides customers with less-than-truckload (LTL) services, such as geographic density and day-definite regional, inter-regional, and transcontinental LTL freight services. This segment also offers cross-border U.S. service to and from Mexico and Canada, as well as intra-Canada service. The Brokerage and Other Services segment offers last mile logistics for heavy goods sold through e-commerce, omnichannel retail, and direct-to-consumer channels, as well as other non-core brokered freight transportation modes. It provides its services to customers in various industries, such as industrial and manufacturing, retail and e-commerce, food and beverage, logistics and transportation, and consumer goods. The company was incorporated in 2000 and is based in Greenwich, Connecticut.",Mario A. Harik,Integrated Freight & Logistics,189.05,USD,22191495109,https://images.financialmodelingprep.com/symbol/XPO.png,1736474,2003-10-07,71.34,-2.34,851864,1250000000,316000000,"[{'period': '2025', 'revenue': 8160.0, 'unit': 'M', 'net_profit': 316.0}, {'period': '2024', 'revenue': 8070.0, 'unit': 'M', 'net_profit': 387.0}, {'period': '2023', 'revenue': 7740.0, 'unit': 'M', 'net_profit': 189.0}, {'period': '2022', 'revenue': 7720.0, 'unit': 'M', 'net_profit': 666.0}]","[{'period': ""Q4 '25"", 'revenue': 2009.9999999999998, 'unit': 'M', 'net_profit': 59.0}, {'period': ""Q3 '25"", 'revenue': 2110.0, 'unit': 'M', 'net_profit': 82.0}, {'period': ""Q2 '25"", 'revenue': 2080.0, 'unit': 'M', 'net_profit': 106.0}, {'period': ""Q1 '25"", 'revenue': 1950.0, 'unit': 'M', 'net_profit': 69.0}, {'period': ""Q4 '24"", 'revenue': 1920.0, 'unit': 'M', 'net_profit': 75.0}, {'period': ""Q3 '24"", 'revenue': 2050.0, 'unit': 'M', 'net_profit': 95.0}]",2.69,2.64,8194000000,1630000000,310000000,6332000000,1035000000,0,1555000000,310000000,329000000,0.05396290050590219,-0.1834625322997416,-0.19461077844311375,__nan__,__nan__,__nan__,0.7727605565047596
421,XPOA,DPCM Capital Inc. Class A Common Stock,"As of August 5, 2022, DPCM Capital, Inc. was acquired by D-Wave Systems Inc., in a reverse merger transaction. DPCM Capital, Inc. does not have significant operations. It focuses on effecting a merger, capital stock exchange, asset acquisition, stock purchase, reorganization, or similar business combination with one or more businesses in technology sector. The company was incorporated in 2020 and is based in Miami, Florida.",Emil Michael,Shell Companies,8.66,USD,0,https://images.financialmodelingprep.com/symbol/XPOA.png,0,2020-12-15,0.0,-0.0200005,399472,24255801,24245377,"[{'period': '2021', 'revenue': 0.0, 'unit': 'M', 'net_profit': 24.25}, {'period': '2020', 'revenue': 0.0, 'unit': 'M', 'net_profit': -284.73}]","[{'period': ""Q2 '22"", 'revenue': 0.0, 'unit': 'M', 'net_profit': 5.59}, {'period': ""Q1 '22"", 'revenue': 0.0, 'unit': 'M', 'net_profit': -2.74}, {'period': ""Q4 '21"", 'revenue': 0.0, 'unit': 'K', 'net_profit': -1.27}, {'period': ""Q3 '21"", 'revenue': 0.0, 'unit': 'M', 'net_profit': 10.59}, {'period': ""Q2 '21"", 'revenue': 0.0, 'unit': 'M', 'net_profit': -1.33}, {'period': ""Q1 '21"", 'revenue': 0.0, 'unit': 'M', 'net_profit': 15.4}]",0.63,0.63,300484265,300943,124720,24176495,0,0,2889095,124720,-959837,1.0852502462677205,1.0851518696594329,1.0854816824966078,__nan__,__nan__,__nan__,0.08045843931295371
422,XRX,Xerox Holdings Corporation Common Stock,"Xerox Holdings Corporation, a workplace technology company, designs, develops, and sells document management systems and solutions in the United States, Europe, Canada, and internationally. It offers workplace solutions, including desktop monochrome, and color and multifunction printers; digital printing presses and light production devices, and solutions; and digital services that leverage workflow automation, personalization and communication software, content management solutions, and digitization services. The company also provides graphic communications and production solutions; and IT services, end user computing devices, network infrastructure, communications technology, and a range of managed IT solutions, such as technology product support, professional engineering, and commercial robotic process automation. In addition, it provides FreeFlow a portfolio of software solutions for the automation and integration to the processing of print job comprises file preparation, final production, and electronic publishing; XMPie, a personalization and communication software that support the needs of omni-channel communications customers; DocuShare, a content management platform to capture, store, and share paper and digital content; and CareAR, an enterprise augmented reality business. Further, the company sells paper products and wide-format systems. The company sells its products and services directly to its customers through its direct sales force, as well as through independent agents, dealers, value-added resellers, systems integrators, and e-commerce marketplaces. Xerox Holdings Corporation was founded in 1906 and is headquartered in Norwalk, Connecticut.",Steven John Bandrowczak,Information Technology Services,1.4,USD,180064926,https://images.financialmodelingprep.com/symbol/XRX.png,3564293,1936-04-17,-0.17,-0.04,1714822,-157000000,-1029000000,"[{'period': '2025', 'revenue': 7.02, 'unit': 'B', 'net_profit': -1.03}, {'period': '2024', 'revenue': 6.22, 'unit': 'B', 'net_profit': -1.32}, {'period': '2023', 'revenue': 6890.0, 'unit': 'M', 'net_profit': 1.0}, {'period': '2022', 'revenue': 7110.0, 'unit': 'M', 'net_profit': -322.0}]","[{'period': ""Q4 '25"", 'revenue': 2029.9999999999998, 'unit': 'M', 'net_profit': -73.0}, {'period': ""Q3 '25"", 'revenue': 1960.0, 'unit': 'M', 'net_profit': -760.0}, {'period': ""Q2 '25"", 'revenue': 1580.0, 'unit': 'M', 'net_profit': -106.0}, {'period': ""Q1 '25"", 'revenue': 1460.0, 'unit': 'M', 'net_profit': -90.0}, {'period': ""Q4 '24"", 'revenue': 1610.0, 'unit': 'M', 'net_profit': -21.0}, {'period': ""Q3 '24"", 'revenue': 1.53, 'unit': 'B', 'net_profit': -1.21}]",-8.28,-8.28,9820000000,3610000000,512000000,9147000000,1704000000,846000000,3231000000,512000000,259000000,0.8090024330900243,0.2210446631339894,0.2297674418604652,"[0.025, 0.15]","['2026-03-31', '1970-06-01']",__nan__,0.9314663951120163
423,XYF,X Financial American Depositary Shares each representing six Class A Ordinary Shares,"X Financial provides personal finance services in the People's Republic of China. The company offers services as an online marketplace connecting borrowers and investors. Its loan products include Xiaoying credit loan, which consists of Xiaoying card loan; and Xiaoying preferred loan to small business owners, as well as Xiaoying revolving loan. The company also offers Xiaoying housing loan, a home equity loan product for property owners; investment products through Xiaoying wealth management platform, such as loans, money market, and insurance products; and loan facilitation services to other platforms. X Financial was founded in 2014 and is headquartered in Shenzhen, the People's Republic of China.",Yue Tang,Financial - Credit Services,3.64,USD,24802632,https://images.financialmodelingprep.com/symbol/XYF.png,186362,2018-09-19,0.71,0.23,291545,1708356000,1424651000,"[{'period': '2025', 'revenue': 7.43, 'unit': 'B', 'net_profit': 1.42}, {'period': '2024', 'revenue': 5.87, 'unit': 'B', 'net_profit': 1.54}, {'period': '2023', 'revenue': 3.28, 'unit': 'B', 'net_profit': 1.19}, {'period': '2022', 'revenue': 2320.0, 'unit': 'M', 'net_profit': 812.0}]","[{'period': ""Q4 '25"", 'revenue': 1450.0, 'unit': 'M', 'net_profit': 56.38}, {'period': ""Q3 '25"", 'revenue': 1960.0, 'unit': 'M', 'net_profit': 421.24}, {'period': ""Q2 '25"", 'revenue': 1760.0, 'unit': 'M', 'net_profit': 528.02}, {'period': ""Q1 '25"", 'revenue': 1450.0, 'unit': 'M', 'net_profit': 458.13}, {'period': ""Q4 '24"", 'revenue': 1230.0, 'unit': 'M', 'net_profit': 385.63}, {'period': ""Q3 '24"", 'revenue': 1080.0, 'unit': 'M', 'net_profit': 375.84}]",210.18,205.56,14675084028,6526798565,3378819236,6817872225,3147979329,5817857408,409790785,2134951654,1509163000,-0.539218420517446,-0.07484533639628266,0.09537210756722954,"[0.28, 0.1]","['2026-04-30', '2019-04-04']",__nan__,0.4645882921005105
424,XYL,Xylem Inc. Common Stock New,"Xylem Inc., together with its subsidiaries, engages in the design, manufacture, and servicing of engineered products and solutions for the water and wastewater applications in the United States, Europe, the Asia Pacific, and internationally. It operates through three segments: Water Infrastructure, Applied Water, and Measurement & Control Solutions. The Water Infrastructure segment offers various products, including water, storm water, and wastewater pumps; controls and systems; filtration, disinfection, and biological treatment equipment; and mobile dewatering equipment under the Flygt, Godwin, Wedeco, Sanitaire, Leopold, Wedeco, and Xylem Vue brand names for the transportation and treatment of water. The Applied Water segment provides pumps, valves, heat exchangers, controls, and dispensing equipment systems under the Goulds Water Technology, Bell & Gossett, A-C Fire Pump, Standard Xchange, Lowara, Jabsco, Xylem Vue and Flojet brand names for residential and commercial building services, and industrial water applications. The Measurement & Control Solutions segment provides smart meters, networked communication devices, and measurement and control technologies, as well as critical infrastructure technologies. It also offers software and services, including cloud-based analytics, remote monitoring and data management, leak detection, condition assessment, asset management, and pressure monitoring solutions, as well as testing equipment and managed services. This segment sells its products under the Pure, Sensus, Smith Blair, WTW, Xylem Vue, and YSI brand names. The company markets and sells its products through a network of direct sales force, resellers, distributors, and value-added solution providers. Xylem Inc. was formerly known as ITT WCO, Inc. and changed its name to Xylem Inc. in May 2011. The company. was incorporated in 2011 and is headquartered in Rye Brook, New York.",Matthew Francis Pine,Industrial - Machinery,117.55,USD,28619788121,https://images.financialmodelingprep.com/symbol/XYL.png,1744352,2011-10-13,29.99,-1.94,1261186,1785000000,957000000,"[{'period': '2025', 'revenue': 9040.0, 'unit': 'M', 'net_profit': 957.0}, {'period': '2024', 'revenue': 8560.0, 'unit': 'M', 'net_profit': 890.0}, {'period': '2023', 'revenue': 7360.0, 'unit': 'M', 'net_profit': 609.0}, {'period': '2022', 'revenue': 5520.0, 'unit': 'M', 'net_profit': 355.0}]","[{'period': ""Q4 '25"", 'revenue': 2400.0, 'unit': 'M', 'net_profit': 335.0}, {'period': ""Q3 '25"", 'revenue': 2270.0, 'unit': 'M', 'net_profit': 227.0}, {'period': ""Q2 '25"", 'revenue': 2300.0, 'unit': 'M', 'net_profit': 226.0}, {'period': ""Q1 '25"", 'revenue': 2070.0, 'unit': 'M', 'net_profit': 169.0}, {'period': ""Q4 '24"", 'revenue': 2260.0, 'unit': 'M', 'net_profit': 326.0}, {'period': ""Q3 '24"", 'revenue': 2100.0, 'unit': 'M', 'net_profit': 217.0}]",3.93,3.92,17634000000,4641000000,1479000000,5885000000,1759000000,0,2856000000,1479000000,910000000,0.054341405788541054,0.07528089887640449,0.07084468664850142,"[0.43, 0.1012]","['2026-02-24', '2011-11-14']",__nan__,0.33373029375070884
425,Y,Alleghany Corporation Common Stock,"Alleghany Corporation provides property and casualty reinsurance and insurance products in the United States and internationally. The company operates in three segments: Reinsurance, Insurance, and Alleghany Capital. The Reinsurance segment offers fire, allied lines, auto physical damage, and homeowners multiple peril reinsurance products; and casualty and other reinsurance products, such as medical malpractice, ocean marine and aviation, accident and health, mortgage, surety, and credit reinsurance products, as well as directors' and officers', errors and omissions, general, and auto liability reinsurance. This segment distributes its products and services through brokers, as well as directly to insurance and reinsurance companies. The Insurance segment underwrites specialty insurance coverages in the property, umbrella/excess, general, directors' and officers', and professional liability lines; surety products comprising commercial and contract surety bonds; and workers' compensation insurance products. This segment distributes its products through independent wholesale insurance brokers, and retail and general insurance agents. The Alleghany Capital segment provides precision automated machine tool solutions; manufactures custom trailers and truck bodies for the moving and storage industry, and other markets; design, engineering, procurement, construction management, and validation services for pharmaceutical and biotechnology industries; products and services for the funeral and cemetery industries, and precast concrete markets; and hotel management and development services, as well as operates as a toy and musical instrument company, and structural steel fabricator and erector. The company also owns and manages improved and unimproved commercial land, and residential lots. As of December 31, 2021, it owned approximately 77 acres of property. The company was founded in 1929 and is based in New York, New York.",Weston Hicks,Insurance - Property & Casualty,847.79,USD,0,https://images.financialmodelingprep.com/symbol/Y.png,72654,1980-03-05,32.80921052631579,0.0099,234354,1693042000,1130778000,"[{'period': '2021', 'revenue': 11.91, 'unit': 'B', 'net_profit': 1.13}, {'period': '2020', 'revenue': 8900.0, 'unit': 'M', 'net_profit': 101.75}, {'period': '2019', 'revenue': 9040.0, 'unit': 'M', 'net_profit': 857.8}, {'period': '2018', 'revenue': 6890.0, 'unit': 'M', 'net_profit': 39.54}]","[{'period': ""Q2 '22"", 'revenue': 2610.0, 'unit': 'M', 'net_profit': -123.89}, {'period': ""Q1 '22"", 'revenue': 2710.0, 'unit': 'M', 'net_profit': 168.89}, {'period': ""Q4 '21"", 'revenue': 3530.0, 'unit': 'M', 'net_profit': 556.62}, {'period': ""Q3 '21"", 'revenue': 2850.0, 'unit': 'M', 'net_profit': -114.97}, {'period': ""Q2 '21"", 'revenue': 2920.0, 'unit': 'M', 'net_profit': 403.65}, {'period': ""Q1 '21"", 'revenue': 2650.0, 'unit': 'M', 'net_profit': 230.04}]",81.62,81.62,32268675000,5724878000,2070224000,23081793000,3654654000,20887638000,322902000,927966000,1800582000,3.4478591432369523,10.11286042809128,10.463483146067416,"[0.11, 0.27]","['2020-11-26', '1980-02-20']",__nan__,0.7153003028478857
426,YAC,Yucaipa Acquisition Corporation Class A Ordinary Shares,"Yucaipa Acquisition Corporation focuses on effecting a merger, share exchange, asset acquisition, share purchase, reorganization, or similar business combination with one or more businesses. The company was founded in 2020 and is based in Los Angeles, California.",Ronald Wayne Burkle,Shell Companies,9.93,USD,0,https://images.financialmodelingprep.com/symbol/YAC.png,223669,2020-09-24,-51.71875,0.54,208830,-270043,-270043,"[{'period': '2020', 'revenue': 0.0, 'unit': 'K', 'net_profit': -270.04}]","[{'period': ""Q3 '21"", 'revenue': 0.0, 'unit': 'M', 'net_profit': 4.45}, {'period': ""Q2 '21"", 'revenue': 0.0, 'unit': 'M', 'net_profit': -1.28}, {'period': ""Q1 '21"", 'revenue': 0.0, 'unit': 'K', 'net_profit': 323.01}, {'period': ""Q4 '20"", 'revenue': 0.0, 'unit': 'K', 'net_profit': -270.04}, {'period': ""Q3 '20"", 'revenue': 0.0, 'unit': 'K', 'net_profit': -125.71}]",-0.0063,-0.0063,346308718,1285389,346065252,12239564,0,0,164564,1041923,,0.0,0.0,0.0,__nan__,__nan__,__nan__,0.03534292775153296
427,YALA,Yalla Group Limited American Depositary Shares each representing one Class A Ordinary Share,"Yalla Group Limited operates a voice-centric social networking and entertainment platform under the Yalla name primarily in the Middle East and North Africa region. Its platform offers group chatting and games services; and sells virtual items, as well as provides upgrade services. The company was formerly known as FYXTech Corporation. Yalla Group Limited was founded in 2016 and is headquartered in Dubai, the United Arab Emirates.",Tao Yang,Software - Application,6.01,USD,937521921,https://images.financialmodelingprep.com/symbol/YALA.png,284911,2020-09-30,7.24,-0.1,376248,122216557,149834209,"[{'period': '2025', 'revenue': 341.94, 'unit': 'M', 'net_profit': 149.83}, {'period': '2024', 'revenue': 339.68, 'unit': 'M', 'net_profit': 135.68}, {'period': '2023', 'revenue': 318.88, 'unit': 'M', 'net_profit': 117.34}, {'period': '2022', 'revenue': 303.6, 'unit': 'M', 'net_profit': 79.76}]","[{'period': ""Q4 '25"", 'revenue': 83.86, 'unit': 'M', 'net_profit': 34.86}, {'period': ""Q3 '25"", 'revenue': 89.64, 'unit': 'M', 'net_profit': 41.11}, {'period': ""Q2 '25"", 'revenue': 84.56, 'unit': 'M', 'net_profit': 36.77}, {'period': ""Q1 '25"", 'revenue': 83.88, 'unit': 'M', 'net_profit': 37.09}, {'period': ""Q4 '24"", 'revenue': 90.83, 'unit': 'M', 'net_profit': 32.59}, {'period': ""Q3 '24"", 'revenue': 88.92, 'unit': 'M', 'net_profit': 39.85}]",0.96,0.83,896204931,796294961,754636411,94171046,0,82052438,88314216,528588956,171973275,-0.010782123003602612,0.10428797057869756,0.12941176470588234,__nan__,__nan__,__nan__,0.10507758074363908
428,YELP,Yelp Inc. Common Stock,"Yelp Inc. operates a platform that connects consumers with local businesses in the United States and internationally. The company's platform covers various local business categories, including restaurants, shopping, beauty and fitness, health, and other categories, as well as home, local, auto, professional, pets, events, real estate, and financial services. It provides free and paid advertising products to businesses, which include cost-per-click search advertising and multi-location Ad products, as well as enables businesses to deliver targeted search advertising to local audiences; and business listing page products. The company also offers other services comprising Yelp Reservations that provide online reservations for restaurants, nightlife, and other venues directly from their Yelp business pages; Yelp Waitlist, a subscription-based waitlist management solution that allows consumers to check wait times and join waitlists remotely, as well as businesses to manage seating and server rotation; Yelp Knowledge program that offers business owners local analytics and insights through access to its historical data and other proprietary content; and Yelp Fusion, which offers free and paid access to content and data for consumer-facing enterprise use through publicly available APIs. In addition, it provides content licensing, as well as allows third-party data providers to update and manage business listing information on behalf of businesses. Further, the company offers its products directly through its sales force; indirectly through partners; and online through its website, as well as non-advertising partner arrangements. It has strategic partnership with Grubhub for providing consumers with a service to place food orders for pickup and delivery. Yelp Inc. was incorporated in 2004 and is headquartered in San Francisco, California.",Jeremy Stoppelman,Internet Content & Information,24.36,USD,1497944925,https://images.financialmodelingprep.com/symbol/YELP.png,1426000,2012-03-02,10.87,-0.39,827567,264519000,145600000,"[{'period': '2025', 'revenue': 1460.0, 'unit': 'M', 'net_profit': 145.6}, {'period': '2024', 'revenue': 1410.0, 'unit': 'M', 'net_profit': 132.85}, {'period': '2023', 'revenue': 1340.0, 'unit': 'M', 'net_profit': 99.17}, {'period': '2022', 'revenue': 1190.0, 'unit': 'M', 'net_profit': 36.35}]","[{'period': ""Q4 '25"", 'revenue': 359.99, 'unit': 'M', 'net_profit': 37.8}, {'period': ""Q3 '25"", 'revenue': 376.04, 'unit': 'M', 'net_profit': 39.32}, {'period': ""Q2 '25"", 'revenue': 370.39, 'unit': 'M', 'net_profit': 44.09}, {'period': ""Q1 '25"", 'revenue': 358.53, 'unit': 'M', 'net_profit': 24.39}, {'period': ""Q4 '24"", 'revenue': 361.95, 'unit': 'M', 'net_profit': 42.22}, {'period': ""Q3 '24"", 'revenue': 360.34, 'unit': 'M', 'net_profit': 38.44}]",2.3,2.24,958478000,514934999,319352000,247626000,153224000,0,172060000,216062000,323020000,0.28067839609578493,0.09597290176891231,0.16751269035532987,__nan__,__nan__,__nan__,0.258353347703338
429,YETI,YETI Holdings Inc. Common Stock,"YETI Holdings, Inc. designs, markets, retails, and distributes products for the outdoor and recreation market under the YETI brand. The company offers hard and soft coolers, as well as cargo, bags, outdoor living, and associated accessories. It also provides drinkware products, such as colsters, lowballs, wine tumblers, stackable pints, mugs, tumblers, bottles, and jugs, as well as accessories comprising bottle straw caps, tumbler handles, jug mounts, and bottle slings under the Rambler brand. In addition, the company offers YETI-branded gear products, such as hats, shirts, bottle openers, and ice substitutes. It sells its products through independent retailers, including outdoor specialty, hardware, sporting goods, and farm and ranch supply stores, as well as through Website. The company operates in the United States, Canada, Australia, New Zealand, Europe, Hong Kong, China, Singapore, and Japan. YETI Holdings, Inc. was founded in 2006 and is headquartered in Austin, Texas.",Matthew J. Reintjes,Leisure,35.57,USD,2767634686,https://images.financialmodelingprep.com/symbol/YETI.png,1497491,2018-10-25,17.52,-0.43,1074995,274956000,165387000,"[{'period': '2025', 'revenue': 1870.0, 'unit': 'M', 'net_profit': 165.39}, {'period': '2024', 'revenue': 1830.0, 'unit': 'M', 'net_profit': 175.69}, {'period': '2023', 'revenue': 1660.0, 'unit': 'M', 'net_profit': 169.88}, {'period': '2022', 'revenue': 1600.0, 'unit': 'M', 'net_profit': 89.69}]","[{'period': ""Q4 '25"", 'revenue': 583.71, 'unit': 'M', 'net_profit': 58.23}, {'period': ""Q3 '25"", 'revenue': 487.77, 'unit': 'M', 'net_profit': 39.4}, {'period': ""Q2 '25"", 'revenue': 445.89, 'unit': 'M', 'net_profit': 51.15}, {'period': ""Q1 '25"", 'revenue': 351.13, 'unit': 'M', 'net_profit': 16.61}, {'period': ""Q4 '24"", 'revenue': 546.54, 'unit': 'M', 'net_profit': 53.15}, {'period': ""Q3 '24"", 'revenue': 478.44, 'unit': 'M', 'net_profit': 56.28}]",2.05,2.03,1300082000,660326000,188342000,649806000,141424000,0,334339000,188342000,212070000,-0.06320781716341634,-0.058637706401652924,-0.00966183574879228,__nan__,__nan__,__nan__,0.4998192421708785
430,YEXT,Yext Inc. Common Stock,"Yext, Inc. organizes business facts to provide answers to consumer questions in North America and internationally. It operates Yext platform, a cloud-based platform that allows its customers to provide answers to consumer questions, to control the facts about their businesses and the content of their landing pages, and to manage their consumer reviews, as well as provides customers to update their information and content through its knowledge network of approximately 200 maps, apps, search engines, intelligent GPS systems, digital assistants, vertical directories, and social networks. The platform enables its customers to centralize, control and manage data fields, including store information, such as name, address, phone number and holiday hours; professional information, comprising of headshot, specialties, and education; job information, consisting of title and description; and FAQs and other information. It serves the healthcare, retail, and financial services industries. The company was incorporated in 2006 and is headquartered in New York, New York.",Michael Walrath,Software - Infrastructure,3.96,USD,488446200,https://images.financialmodelingprep.com/symbol/YEXT.png,2827701,2017-04-13,56.57,-0.3,1724676,84107000,37871000,"[{'period': '2026', 'revenue': 446.58, 'unit': 'M', 'net_profit': 37.87}, {'period': '2025', 'revenue': 420.96, 'unit': 'M', 'net_profit': -27.95}, {'period': '2024', 'revenue': 404.32, 'unit': 'M', 'net_profit': -2.63}, {'period': '2023', 'revenue': 400.85, 'unit': 'M', 'net_profit': -65.94}]","[{'period': ""Q4 '26"", 'revenue': 112.0, 'unit': 'M', 'net_profit': 4.21}, {'period': ""Q3 '26"", 'revenue': 112.0, 'unit': 'M', 'net_profit': 6.14}, {'period': ""Q2 '26"", 'revenue': 113.09, 'unit': 'M', 'net_profit': 26.75}, {'period': ""Q1 '26"", 'revenue': 109480.0, 'unit': 'K', 'net_profit': 770.0}, {'period': ""Q4 '25"", 'revenue': 113.09, 'unit': 'M', 'net_profit': -7.28}, {'period': ""Q3 '25"", 'revenue': 113.99, 'unit': 'M', 'net_profit': -12.8}]",0.31,0.0714,621776000,317804000,154123000,462355000,125137000,0,296783000,154123000,53290000,496.67455621301775,2.355052239874052,2.409090909090909,__nan__,__nan__,__nan__,0.7436038058722112
431,YPF,YPF Sociedad Anonima Common Stock,"YPF Sociedad Anónima, an energy company, engages in the oil and gas upstream and downstream activities in Argentina. The company's upstream operations include the exploration, development, and production of crude oil, natural gas, and NGLs. Its downstream operations include the refining, marketing, transportation, and distribution of oil, petroleum products, petroleum derivatives, petrochemicals, LPG, and bio-fuels, as well as in gas separation, natural gas distribution operations, and power generation. As of December 31, 2021, it had interests in 119 oil and gas fields; approximately 643 million barrels (mmbbl) of oil; and approximately 2,447 billion cubic feet (bcf) of gas. It also had a retail distribution network of 1,654 YPF-branded service stations; and 18 exploration permits. In addition, the company owns and operates three refineries with combined annual refining capacity of approximately 120 mmbbl; approximately 2,800 kilometers of crude oil pipelines with approximately 640,000 barrels of aggregate daily transportation capacity of refined products; and crude oil tankage of approximately 7 mmbbl, as well as maintains terminal facilities at five Argentine ports. Further, it participates in 21 power generation plants with an aggregate installed capacity of 3,091 megawatts; offers diesel, fertilizers, lubricants, phytosanitary products, and ensiling bags; and supplies diesel, gasoline, fuel oil, coal, asphalts, paraffin, and sulfur, CO2, decanted oil, and aromatic extract. The company was founded in 1977 and is headquartered in Buenos Aires, Argentina.",Horacio Daniel Marin,Oil & Gas Integrated,45.17,USD,17722849345,https://images.financialmodelingprep.com/symbol/YPF.png,1758355,1993-06-29,-21.41,1.49,6025955,5048000000,-826000000,"[{'period': '2025', 'revenue': 18280.0, 'unit': 'M', 'net_profit': -826.0}, {'period': '2024', 'revenue': 17.9, 'unit': 'T', 'net_profit': 2.08}, {'period': '2023', 'revenue': 5.48, 'unit': 'T', 'net_profit': -1.56}, {'period': '2022', 'revenue': 2530.0, 'unit': 'B', 'net_profit': 289.06}]","[{'period': ""Q4 '25"", 'revenue': 4540.0, 'unit': 'M', 'net_profit': -654.0}, {'period': ""Q3 '25"", 'revenue': 6410.0, 'unit': 'B', 'net_profit': -284.22}, {'period': ""Q2 '25"", 'revenue': 5410.0, 'unit': 'B', 'net_profit': 64.04}, {'period': ""Q1 '25"", 'revenue': 4870.0, 'unit': 'B', 'net_profit': -19.86}, {'period': ""Q4 '24"", 'revenue': 4840.0, 'unit': 'B', 'net_profit': -310.47}, {'period': ""Q3 '24"", 'revenue': 5.06, 'unit': 'T', 'net_profit': 1.39}]",-2.11,-2.11,29439000000,6477000000,1195000000,18395000000,2672000000,1610000000,7443000000,933000000,-118000000,-0.9987054099911163,-1.0003975967060124,-1.0003419939381168,"[0.138, 0.2]","['2019-07-09', '1993-10-20']",__nan__,0.6248513876150684
432,YRD,Yiren Digital Ltd. American Depositary Shares each representing two ordinary shares,"Yiren Digital Ltd., through its subsidiaries, operates as an online consumer finance marketplace that connects borrowers and investors in the People's Republic of China. It provides loan facilitation services; and post-origination services, such as cash processing, collection, and SMS services. The company's loan products portfolio includes unsecured consumer loans; secured consumer loan, which include secured financial leasing, auto-secured, and property-secured loans; and small business loans. It also distributes short-term cash management, mutual fund investment, insurance, and securities and stock products. In addition, the company provides online investor education services, which include a range of investment and trading topics, and various types of training programs on wealth planning, market insights, and investment strategies; consultancy information technology support; referral; and IT, system maintenance, and customer support services. Further, it is involved in the provision of services for financing lease and insurance brokerage businesses. The company offers its products through www.yxpuhui.com, and a wealth management website and mobile application. As of December 31, 2020, it had 60 fixed income products, 810 mutual fund products, and 296 insurance products. The company was formerly known as Yirendai Ltd. and changed its name to Yiren Digital Ltd. in September 2019. Yiren Digital Ltd. was founded in 2012 and is based in Beijing, the People's Republic of China. Yiren Digital Ltd. is a subsidiary of Creditease Holdings (Cayman) Limited.",Ning Tang,Financial - Credit Services,1.68,USD,146050042,https://images.financialmodelingprep.com/symbol/YRD.png,78042,2015-12-18,24.0,-0.02,166527,-44309966,39421873,"[{'period': '2025', 'revenue': 5570.0, 'unit': 'M', 'net_profit': 39.42}, {'period': '2024', 'revenue': 5.81, 'unit': 'B', 'net_profit': 1.58}, {'period': '2023', 'revenue': 4.9, 'unit': 'B', 'net_profit': 2.08}, {'period': '2022', 'revenue': 3.43, 'unit': 'B', 'net_profit': 1.19}]","[{'period': ""Q4 '25"", 'revenue': 945.45, 'unit': 'M', 'net_profit': -869.98}, {'period': ""Q3 '25"", 'revenue': 1550.0, 'unit': 'M', 'net_profit': 317.64}, {'period': ""Q2 '25"", 'revenue': 1670.0, 'unit': 'M', 'net_profit': 357.54}, {'period': ""Q1 '25"", 'revenue': 1550.0, 'unit': 'M', 'net_profit': 247.51}, {'period': ""Q4 '24"", 'revenue': 1450.0, 'unit': 'M', 'net_profit': 331.45}, {'period': ""Q3 '24"", 'revenue': 1480.0, 'unit': 'M', 'net_profit': 355.44}]",0.9,0.9,13463523006,9346411923,3873298910,4186574278,5473113012,1230172861,0,3873298910,1414893000,-1.0264481687717977,-0.9750856993526508,-0.9507389162561577,"[0.2, 1.5]","['2025-09-30', '2017-09-28']",__nan__,0.3109568183702185
433,YSG,Yatsen Holding Limited American Depositary Shares each representing four Class A ordinary shares,"Yatsen Holding Limited, together with its subsidiaries, engages in the development and sale of beauty products under the Perfect Diary, Little Ondine, Pink Bear, Abby's Choice, GalÃnic, DR.WU, Eve Lom, and EANTiM brands in the People's Republic of China. It offers color cosmetics, eye makeup, lip makeup, face makeup, skincare, and nail products; and makeup tools and accessories, including brush sets, cotton cosmetic pads, mirrors, and makeup sponges. The company also provides kits; and other products, such as perfumes and cross-over products comprising beauty devices and colored contact lenses. It sells its products through stores and online channel. The company was formerly known as Mangrove Bay Ecommerce Holding (Cayman) and changed its name to Yatsen Holding Limited in January 2019. Yatsen Holding Limited was founded in 2016 and is headquartered in Guangzhou, China.",Jinfeng Huang,Specialty Retail,2.89,USD,269139117,https://images.financialmodelingprep.com/symbol/YSG.png,125208,2020-11-19,-24.08,-0.12,186244,-180732068,-78664764,"[{'period': '2025', 'revenue': 4180.0, 'unit': 'M', 'net_profit': -78.66}, {'period': '2024', 'revenue': 3440.0, 'unit': 'M', 'net_profit': -718.21}, {'period': '2023', 'revenue': 3410.0, 'unit': 'M', 'net_profit': -744.69}, {'period': '2022', 'revenue': 3770.0, 'unit': 'M', 'net_profit': -829.69}]","[{'period': ""Q4 '25"", 'revenue': 1360.0, 'unit': 'M', 'net_profit': 7.95}, {'period': ""Q3 '25"", 'revenue': 993.2, 'unit': 'M', 'net_profit': -65.62}, {'period': ""Q2 '25"", 'revenue': 1080.0, 'unit': 'M', 'net_profit': -17.5}, {'period': ""Q1 '25"", 'revenue': 831.94, 'unit': 'M', 'net_profit': -5.29}, {'period': ""Q4 '24"", 'revenue': 1170.0, 'unit': 'M', 'net_profit': -390.09}, {'period': ""Q3 '24"", 'revenue': 662.15, 'unit': 'M', 'net_profit': -118.41}]",-0.84,-0.84,3849431726,2235610712,1054174860,846880939,221124717,653976181,615670802,808010201,-300686000,0.6397162573027939,0.8904709552391441,0.88,__nan__,__nan__,__nan__,0.22000154809343928
434,YTPG,TPG Pace Beneficial II Corp. Class A Ordinary Shares,"TPG Pace Beneficial II Corp. does not have significant operations. It intends to effect a merger, share exchange, asset acquisition, share purchase, reorganization, or similar business combination with one or more businesses. The company was formerly known as TPG Pace VI Holdings Corp. and changed its name to TPG Pace Beneficial II Corp. in January 2021. TPG Pace Beneficial II Corp. was incorporated in 2021 and is based in Fort Worth, Texas.",Eduardo Tamraz,Shell Companies,9.99,USD,542789627,https://images.financialmodelingprep.com/symbol/YTPG.png,147486,2021-04-14,-333.0,-0.005,12776,-1635709,-1635709,"[{'period': '2022', 'revenue': 0.0, 'unit': 'M', 'net_profit': -1.64}, {'period': '2021', 'revenue': 0.0, 'unit': 'M', 'net_profit': -1.01}]","[{'period': ""Q4 '22"", 'revenue': 0.0, 'unit': 'K', 'net_profit': -650.8}, {'period': ""Q3 '22"", 'revenue': 0.0, 'unit': 'K', 'net_profit': -296.65}, {'period': ""Q2 '22"", 'revenue': 0.0, 'unit': 'K', 'net_profit': -281.38}, {'period': ""Q1 '22"", 'revenue': 0.0, 'unit': 'K', 'net_profit': -406.88}, {'period': ""Q4 '21"", 'revenue': 0.0, 'unit': 'K', 'net_profit': -331.16}, {'period': ""Q3 '21"", 'revenue': 0.0, 'unit': 'K', 'net_profit': -314.33}]",-0.036,-0.036,400616290,616290,515678,16032107,0,0,16032107,515678,-1501330,-0.6272813100950179,-0.6272813100950179,-0.5652173913043478,__nan__,__nan__,__nan__,0.04001860982737372
435,YUM,Yum! Brands Inc.,"YUM! Brands, Inc., together with its subsidiaries, develops, operates, and franchises quick service restaurants worldwide. It operates through four segments: the KFC Division, the Taco Bell Division, the Pizza Hut Division, and the Habit Burger Grill Division. The company operates restaurants under the KFC, Pizza Hut, Taco Bell, and The Habit Burger Grill brands, which specialize in chicken, pizza, made-to-order chargrilled burgers, sandwiches, Mexican-style food categories, and other food products. As of December 31, 2021, it had 26,934 KFC units; 18,381 Pizza Hut units; 7,791 Taco Bell units; and 318 The Habit Burger Grill units in approximately 157 countries and territories. The company was formerly known as TRICON Global Restaurants, Inc. and changed its name to YUM! Brands, Inc. in May 2002. YUM! Brands, Inc. was incorporated in 1997 and is headquartered in Louisville, Kentucky.",Christopher Lee Turner,Restaurants,153.96,USD,42747432940,https://images.financialmodelingprep.com/symbol/YUM.png,1956747,1997-09-17,27.79,-2.18,1701578,2783000000,1559000000,"[{'period': '2025', 'revenue': 8.21, 'unit': 'B', 'net_profit': 1.56}, {'period': '2024', 'revenue': 7.55, 'unit': 'B', 'net_profit': 1.49}, {'period': '2023', 'revenue': 7.08, 'unit': 'B', 'net_profit': 1.6}, {'period': '2022', 'revenue': 6.84, 'unit': 'B', 'net_profit': 1.32}]","[{'period': ""Q4 '25"", 'revenue': 2510.0, 'unit': 'M', 'net_profit': 535.0}, {'period': ""Q3 '25"", 'revenue': 1980.0, 'unit': 'M', 'net_profit': 397.0}, {'period': ""Q2 '25"", 'revenue': 1930.0, 'unit': 'M', 'net_profit': 374.0}, {'period': ""Q1 '25"", 'revenue': 1790.0, 'unit': 'M', 'net_profit': 253.0}, {'period': ""Q4 '24"", 'revenue': 2360.0, 'unit': 'M', 'net_profit': 423.0}, {'period': ""Q3 '24"", 'revenue': 1830.0, 'unit': 'M', 'net_profit': 382.0}]",5.59,5.56,8197000000,2040000000,709000000,15521000000,841000000,0,1516000000,709000000,1639000000,0.08541341653666147,0.04912516823687752,0.05871212121212113,"[0.75, 0.1]","['2026-02-20', '2004-07-14']",__nan__,1.8934976210808832
436,YUMC,Yum China Holdings Inc. Common Stock,"Yum China Holdings, Inc. owns, operates, and franchises restaurants in China. The company operates through two segments, KFC and Pizza Hut. It operates restaurants under the KFC, Pizza Hut, Little Sheep, Huang Ji Huang, Lavazza, COFFii & JOY, Taco Bell, and East Dawning brands, which specialize in chicken, pizza, hot pot cooking, simmer pot, Italian coffee, specialty coffee, Mexican-style food, and Chinese food categories. The company also operates V-Gold Mall, a mobile e-commerce platform, which sells electronics, home and kitchen accessories, and other general merchandise, as well as fried rice, steak, pasta and other ready meals, and coffee capsules. In addition, it operates franchise restaurants under the KFC, Pizza Hut, Huang Ji Huang, Taco Bell, Little Sheep, East Dawning, Lavazza, and COFFii & JOY names. As of March 31, 2022, the company operated 12,117 restaurants in approximately 1,700 cities. Yum China Holdings, Inc. was incorporated in 2016 and is headquartered in Shanghai, China.",Joey Wat,Restaurants,49.59,USD,17510030640,https://images.financialmodelingprep.com/symbol/YUMC.png,1630862,2016-10-17,19.76,-0.38,784152,1821000000,929000000,"[{'period': '2025', 'revenue': 11800.0, 'unit': 'M', 'net_profit': 929.0}, {'period': '2024', 'revenue': 11300.0, 'unit': 'M', 'net_profit': 911.0}, {'period': '2023', 'revenue': 10980.0, 'unit': 'M', 'net_profit': 827.0}, {'period': '2022', 'revenue': 9570.0, 'unit': 'M', 'net_profit': 442.0}]","[{'period': ""Q4 '25"", 'revenue': 2820.0, 'unit': 'M', 'net_profit': 140.0}, {'period': ""Q3 '25"", 'revenue': 3210.0, 'unit': 'M', 'net_profit': 282.0}, {'period': ""Q2 '25"", 'revenue': 2790.0, 'unit': 'M', 'net_profit': 215.0}, {'period': ""Q1 '25"", 'revenue': 2980.0, 'unit': 'M', 'net_profit': 292.0}, {'period': ""Q4 '24"", 'revenue': 2600.0, 'unit': 'M', 'net_profit': 115.0}, {'period': ""Q3 '24"", 'revenue': 3070.0, 'unit': 'M', 'net_profit': 297.0}]",2.53,2.5,10783000000,2357000000,1384000000,4678000000,409000000,1065000000,2246000000,506000000,840000000,0.08651551312649165,0.019758507135016465,0.07659574468085094,"[0.29, 0.1]","['2026-03-04', '2017-11-29']",__nan__,0.4338310303255124
437,ZBH,Zimmer Biomet Holdings Inc. Common Stock,"Zimmer Biomet Holdings, Inc., together with its subsidiaries, operates in the musculoskeletal healthcare business in the Americas, Europe, the Middle East, Africa, and the Asia Pacific. The company designs, manufactures, and markets orthopaedic reconstructive products, such as knee and hip products; S.E.T. products, including sports medicine, biologics, foot and ankle, extremities, and trauma products; spine products comprising medical devices and surgical instruments; and face and skull reconstruction products, as well as products that fixate and stabilize the bones of the chest toss facilitate healing or reconstruction after open heart surgery, trauma, or for deformities of the chest. It also offers dental products that include dental reconstructive implants, and dental prosthetic and regenerative products, as well as robotic, surgical and bone cement products. The company's products and solutions are used to treat patients suffering from disorders of, or injuries to, bones, joints, or supporting soft tissues. It serves orthopedic surgeons, neurosurgeons, oral surgeons, dentists, hospitals, stocking distributors, healthcare dealers, and other specialists, as well as agents, healthcare purchasing organizations, or buying groups. The company was formerly known as Zimmer Holdings, Inc. and changed its name to Zimmer Biomet Holdings, Inc. in June 2015. Zimmer Biomet Holdings, Inc. was founded in 1927 and is headquartered in Warsaw, Indiana.",Ivan Tornos,Medical - Devices,88.57,USD,17552938998,https://images.financialmodelingprep.com/symbol/ZBH.png,2168428,2001-07-25,24.95,-0.58,1925657,2217400000,705200000,"[{'period': '2025', 'revenue': 8230.0, 'unit': 'M', 'net_profit': 705.2}, {'period': '2024', 'revenue': 7680.0, 'unit': 'M', 'net_profit': 903.8}, {'period': '2023', 'revenue': 7.39, 'unit': 'B', 'net_profit': 1.02}, {'period': '2022', 'revenue': 6940.0, 'unit': 'M', 'net_profit': 231.4}]","[{'period': ""Q4 '25"", 'revenue': 2240.0, 'unit': 'M', 'net_profit': 139.5}, {'period': ""Q3 '25"", 'revenue': 2000.0, 'unit': 'M', 'net_profit': 230.9}, {'period': ""Q2 '25"", 'revenue': 2080.0, 'unit': 'M', 'net_profit': 152.8}, {'period': ""Q1 '25"", 'revenue': 1910.0, 'unit': 'M', 'net_profit': 182.0}, {'period': ""Q4 '24"", 'revenue': 2020.0, 'unit': 'M', 'net_profit': 239.5}, {'period': ""Q3 '24"", 'revenue': 1820.0, 'unit': 'M', 'net_profit': 249.1}]",3.56,3.55,23091700000,5119900000,591900000,10385900000,1704400000,0,2583700000,591900000,1472500000,-0.014882935714603049,-0.2197388802832485,-0.2,"[0.24, 0.18]","['2026-03-31', '2012-03-28']",__nan__,0.44976766543823105
438,ZEN,Zendesk Inc. Common Stock,"Zendesk, Inc., a software development company, provides software as a service solutions for organizations in the United States, Europe, the Middle East, Africa, the Asia Pacific, and internationally. Its flagship product is Zendesk Support, a system for tracking, prioritizing, and solving customer support tickets across various channels. The company also offers Zendesk Chat, a live chat and messaging software to connect with customers on websites and mobile devices applications; Zendesk Talk, a cloud-based call center software; Zendesk Guide, a knowledge base that powers customer self-service and support agent productivity; Zendesk Gather, a community forum software that allows customer end-users to connect and collaborate; Zendesk Explore, which provides analytics for organizations to measure and enhance the customer experience; and Zendesk Sell, a sales customer relationship management (CRM) product solution to enhance productivity, processes, and pipeline visibility. In addition, it provides Zendesk Sunshine, a CRM platform; Sunshine Conversations, a messaging platform solution; Zendesk Developer Tools, a combination of application programming interfaces, web widget, and mobile software development kits; Zendesk APIs that allow users to build custom integrations and interact with Zendesk data; and Zendesk Apps that enable organizations to customize Zendesk product and platform solution interfaces and optimize workflow through plug-ins, as well as Zendesk Suite, an omnichannel offering, which combines its solutions. The company was founded in 2007 and is headquartered in San Francisco, California.",Mikkel Svane,Software - Application,77.48,USD,0,https://images.financialmodelingprep.com/symbol/ZEN.png,2410243,2014-05-15,0.0,0.02,3638435,-111800000,-223644000,"[{'period': '2021', 'revenue': 1340.0, 'unit': 'M', 'net_profit': -223.64}, {'period': '2020', 'revenue': 1030.0, 'unit': 'M', 'net_profit': -218.18}, {'period': '2019', 'revenue': 816.42, 'unit': 'M', 'net_profit': -169.65}, {'period': '2018', 'revenue': 598.75, 'unit': 'M', 'net_profit': -131.08}]","[{'period': ""Q3 '22"", 'revenue': 416.86, 'unit': 'M', 'net_profit': -59.09}, {'period': ""Q2 '22"", 'revenue': 407.21, 'unit': 'M', 'net_profit': -95.08}, {'period': ""Q1 '22"", 'revenue': 388.33, 'unit': 'M', 'net_profit': -66.95}, {'period': ""Q4 '21"", 'revenue': 375.37, 'unit': 'M', 'net_profit': -61.85}, {'period': ""Q3 '21"", 'revenue': 346.97, 'unit': 'M', 'net_profit': -54.42}, {'period': ""Q2 '21"", 'revenue': 318.22, 'unit': 'M', 'net_profit': -58.41}]",-1.94,-1.94,2451279000,1418632000,1015883000,1962061000,273898000,559652000,911339000,476103000,140690000,0.11865101575864596,-0.025052938426422464,-0.02645502645502648,__nan__,__nan__,__nan__,0.8004233708198862
439,ZEPP,Zepp Health Corporation American Depositary Shares,"Zepp Health Corporation, together with its subsidiaries, develops, manufactures, and sells smart wearable technological devices in the People's Republic of China. It operates through two segments, Xiaomi Wearable Products, and Self-Branded Products and Others. The company offers smart bands, watches, and scales; and smart hearable products, home treadmill, sportswear, home appliances, and smart watch accessories under the Xiaomi and Amazfit brands. It provides charts and graphs to display analysis of the activity and biometric data collected from users through its Zepp Life and Zepp mobile apps. The company was formerly known as Huami Corporation and changed its name to Zepp Health Corporation in February 2021. Zepp Health Corporation was founded in 2013 and is headquartered in Hefei, the People's Republic of China.",Wang Huang,Consumer Electronics,10.9,USD,156113691,https://images.financialmodelingprep.com/symbol/ZEPP.png,125045,2018-02-08,-4.26,-0.75,92956,-204934260,-280920495,"[{'period': '2025', 'revenue': 1820.0, 'unit': 'M', 'net_profit': -280.92}, {'period': '2024', 'revenue': 1330.0, 'unit': 'M', 'net_profit': -554.13}, {'period': '2023', 'revenue': 2500.0, 'unit': 'M', 'net_profit': -220.49}, {'period': '2022', 'revenue': 4220.0, 'unit': 'M', 'net_profit': -293.37}]","[{'period': ""Q4 '25"", 'revenue': 598.12, 'unit': 'M', 'net_profit': -77.05}, {'period': ""Q3 '25"", 'revenue': 539.56, 'unit': 'M', 'net_profit': -11.5}, {'period': ""Q2 '25"", 'revenue': 427.07, 'unit': 'M', 'net_profit': -55.64}, {'period': ""Q1 '25"", 'revenue': 279.89, 'unit': 'M', 'net_profit': -143.37}, {'period': ""Q4 '24"", 'revenue': 433.03, 'unit': 'M', 'net_profit': -268.55}, {'period': ""Q3 '24"", 'revenue': 297.67, 'unit': 'M', 'net_profit': -92.89}]",-283.04,-283.04,3949689058,2052511662,789698659,2449539204,514468748,1545636905,2005793906,789698659,-25882000,0.40712527223089867,0.4930446706766813,-7.285714285714287,"[0.025, 0.025]","['2022-03-25', '2022-03-25']",__nan__,0.6201853280167757
440,ZEV,Lightning eMotors Inc Common Stock,"Lightning eMotors, Inc. designs, manufactures, and sells zero-emission commercial fleet vehicles and powertrains to commercial fleets, large enterprises, original equipment manufacturers, and governments in the United States. It offers zero-emission class 3 to 7 battery electric and fuel cell electric vehicles. The company's vehicles comprise cargo and passenger vehicles, school buses, ambulances, shuttle buses, work trucks, city buses, and motorcoaches. It also offers charging systems and charging infrastructure solutions for commercial medium duty vans and motorcoach fleets. The company was founded in 2008 and is headquartered in Loveland, Colorado.",Timothy Richard Reeser,Agricultural - Machinery,1.63,USD,10197541,https://images.financialmodelingprep.com/symbol/ZEV.png,91916,2020-07-02,1.4553571428571428,-0.09,78776,9600000,15170000,"[{'period': '2022', 'revenue': 24.41, 'unit': 'M', 'net_profit': 15.17}, {'period': '2021', 'revenue': 20.99, 'unit': 'M', 'net_profit': -109.93}, {'period': '2020', 'revenue': 9.09, 'unit': 'M', 'net_profit': -40.56}, {'period': '2019', 'revenue': 3.16, 'unit': 'M', 'net_profit': -10.51}]","[{'period': ""Q3 '23"", 'revenue': 12.37, 'unit': 'M', 'net_profit': -50.67}, {'period': ""Q2 '23"", 'revenue': 7.92, 'unit': 'M', 'net_profit': -21.45}, {'period': ""Q1 '23"", 'revenue': 1.31, 'unit': 'M', 'net_profit': -19.96}, {'period': ""Q4 '22"", 'revenue': 4.33, 'unit': 'M', 'net_profit': -12.07}, {'period': ""Q3 '22"", 'revenue': 11.13, 'unit': 'M', 'net_profit': 17.31}, {'period': ""Q2 '22"", 'revenue': 3.54, 'unit': 'M', 'net_profit': 35.74}]",4.0,3.2,143559000,122377000,56011000,89001000,9899000,0,15940000,56011000,-112442000,1.1759240594476719,1.1379918860407154,1.1096190737188272,__nan__,__nan__,__nan__,0.619961130963576
441,ZH,Zhihu Inc. American Depositary Shares (every two of each representing one Class A ordinary share),"Zhihu Inc. operates an online content community in the People's Republic of China. Its community allows people to seek inspiration, find solutions, make decisions, and have fun. The company also offers technology, business support, and consulting services; information transmission, software, and information technology services; information and marketing services; vocational training; and internet services, as well as holds audio-visual permit. The company was founded in 2010 and is headquartered in Beijing, the People's Republic of China.",Yuan Zhou,Internet Content & Information,2.61,USD,206231332,https://images.financialmodelingprep.com/symbol/ZH.png,407700,2021-03-26,-7.46,-0.09,690273,-370565243,-187645442,"[{'period': '2025', 'revenue': 2670.0, 'unit': 'M', 'net_profit': -187.65}, {'period': '2024', 'revenue': 3650.0, 'unit': 'M', 'net_profit': -174.24}, {'period': '2023', 'revenue': 4200.0, 'unit': 'M', 'net_profit': -843.53}, {'period': '2022', 'revenue': 3.67, 'unit': 'B', 'net_profit': -1.61}]","[{'period': ""Q4 '25"", 'revenue': 634.63, 'unit': 'M', 'net_profit': -205.75}, {'period': ""Q3 '25"", 'revenue': 658.93, 'unit': 'M', 'net_profit': -46.66}, {'period': ""Q2 '25"", 'revenue': 710.04, 'unit': 'M', 'net_profit': 71.79}, {'period': ""Q1 '25"", 'revenue': 728.27, 'unit': 'M', 'net_profit': -10.07}, {'period': ""Q4 '24"", 'revenue': 872.31, 'unit': 'M', 'net_profit': 87.59}, {'period': ""Q3 '24"", 'revenue': 826.46, 'unit': 'M', 'net_profit': -10.26}]",-2.37,-2.37,5194179506,4735016301,4243870740,1316667903,383812248,368714644,1269221714,3372378135,-282916000,-1.3360878198737363,-0.07695819099687572,-0.253968253968254,__nan__,__nan__,__nan__,0.25348910284657383
442,ZIM,ZIM Integrated Shipping Services Ltd. Ordinary Shares,"ZIM Integrated Shipping Services Ltd., together with its subsidiaries, provides container shipping and related services in Israel and internationally. It provides door-to-door and port-to-port transportation services for various types of customers, including end-users, consolidators, and freight forwarders. The company also offers ZIMonitor, a premium reefer cargo tracking service. As of December 31, 2021, it operated a fleet of 118 vessels, which included 110 container vessels and 8 vehicle transport vessels, of which four vessels were owned by it and 114 vessels are chartered-in; and network of 70 weekly lines. The company was incorporated in 1945 and is headquartered in Haifa, Israel.",Eliyahu Glickman,Marine Shipping,26.19,USD,3155004540,https://images.financialmodelingprep.com/symbol/ZIM.png,3903577,2021-01-28,6.58,-0.06,1533270,2130100000,479200000,"[{'period': '2025', 'revenue': 6900.0, 'unit': 'M', 'net_profit': 479.2}, {'period': '2024', 'revenue': 8.43, 'unit': 'B', 'net_profit': 2.15}, {'period': '2023', 'revenue': 5.16, 'unit': 'B', 'net_profit': -2.7}, {'period': '2022', 'revenue': 12.56, 'unit': 'B', 'net_profit': 4.62}]","[{'period': ""Q4 '25"", 'revenue': 1480.0, 'unit': 'M', 'net_profit': 38.1}, {'period': ""Q3 '25"", 'revenue': 1780.0, 'unit': 'M', 'net_profit': 123.0}, {'period': ""Q2 '25"", 'revenue': 1640.0, 'unit': 'M', 'net_profit': 22.8}, {'period': ""Q1 '25"", 'revenue': 2009.9999999999998, 'unit': 'M', 'net_profit': 295.3}, {'period': ""Q4 '24"", 'revenue': 2170.0, 'unit': 'M', 'net_profit': 561.5}, {'period': ""Q3 '24"", 'revenue': 2.77, 'unit': 'B', 'net_profit': 1.12}]",3.98,3.98,11008100000,2630600000,1786800000,6982500000,653500000,1217300000,2134100000,1051700000,1607500000,-0.44261565836298933,-0.7768775899799786,-0.7769058295964125,"[0.88, 2]","['2026-03-20', '2021-08-24']",__nan__,0.6343056476594507
443,ZNH,China Southern Airlines Company Limited Common Stock,"China Southern Airlines Company Limited offers airline transportation services in the People's Republic of China, Hong Kong, Macau, Taiwan, and internationally. The company operates in two segments, Airline Transportation Operations and Other Segments. It offers passenger, cargo, mail delivery, and other extended transportation services. The company also provides aircraft repair and maintenance, air catering, cargo handling, logistics, freight, airport ground, and general aviation services; and import and export agency, flight simulation, leasing, and pilot training services, as well as hotel management and tour services. It operates a fleet of 879 commercial aircraft and 28 civil helicopters. The company was incorporated in 1995 and is headquartered in Guangzhou, the People's Republic of China.",Xulun Ma,"Airlines, Airports & Air Services",33.08,USD,0,https://images.financialmodelingprep.com/symbol/ZNH.png,21342,2013-02-11,0.0,0.02,20024,16512000000,-11016000000,"[{'period': '2021', 'revenue': 101.64, 'unit': 'B', 'net_profit': -11.02}, {'period': '2020', 'revenue': 92.56, 'unit': 'B', 'net_profit': -10.85}, {'period': '2019', 'revenue': 154.32, 'unit': 'B', 'net_profit': 2.64}, {'period': '2018', 'revenue': 143.62, 'unit': 'B', 'net_profit': 2.9}]","[{'period': ""Q3 '22"", 'revenue': 29.34, 'unit': 'B', 'net_profit': -6.15}, {'period': ""Q4 '21"", 'revenue': 23.15, 'unit': 'B', 'net_profit': -5.92}, {'period': ""Q3 '21"", 'revenue': 26.92, 'unit': 'B', 'net_profit': -1.43}, {'period': ""Q2 '21"", 'revenue': 30320.0, 'unit': 'M', 'net_profit': -684.0}, {'period': ""Q1 '21"", 'revenue': 21.25, 'unit': 'B', 'net_profit': -4.01}, {'period': ""Q4 '20"", 'revenue': 27.21, 'unit': 'B', 'net_profit': -3.38}]",-0.68,-0.68,153000,65000,34000,386000,0,26000,349000,34000,-9449000000,0.02393650006201166,-0.015580344795796073,0.19047619047619038,"[0.364, 0.121]","['2019-06-28', '2002-05-21']",__nan__,2.522875816993464
444,ZTO,ZTO Express (Cayman) Inc. American Depositary Shares each representing one Class A ordinary share.,"ZTO Express (Cayman) Inc. provides express delivery and other value-added logistics services in the People's Republic of China. The company offers delivery services for e-commerce and traditional merchants, and other express service users. As of December 31, 2021, it operated a fleet of approximately 10,900 trucks. The company was founded in 2002 and is headquartered in Shanghai, the People's Republic of China.",Meisong Lai,Integrated Freight & Logistics,24.06,USD,19191193281,https://images.financialmodelingprep.com/symbol/ZTO.png,2130150,2016-10-27,14.85,0.04,1047227,12658812000,8833250000,"[{'period': '2025', 'revenue': 47.76, 'unit': 'B', 'net_profit': 8.83}, {'period': '2024', 'revenue': 44.28, 'unit': 'B', 'net_profit': 8.82}, {'period': '2023', 'revenue': 38.42, 'unit': 'B', 'net_profit': 8.75}, {'period': '2022', 'revenue': 35.38, 'unit': 'B', 'net_profit': 6.81}]","[{'period': ""Q4 '25"", 'revenue': 14.31, 'unit': 'B', 'net_profit': 2.59}, {'period': ""Q3 '25"", 'revenue': 11.8, 'unit': 'B', 'net_profit': 2.51}, {'period': ""Q2 '25"", 'revenue': 11.83, 'unit': 'B', 'net_profit': 1.94}, {'period': ""Q1 '25"", 'revenue': 10.89, 'unit': 'B', 'net_profit': 1.99}, {'period': ""Q4 '24"", 'revenue': 12.92, 'unit': 'B', 'net_profit': 2.38}, {'period': ""Q3 '24"", 'revenue': 10.68, 'unit': 'B', 'net_profit': 2.4}]",11.05,10.91,91081960000,33986324000,25677895000,23902795000,2441774000,8218196000,22883703000,10047056000,5527307000,-0.1581485270439575,0.0018617791985446025,0.00913242009132433,"[0.38, 0.2]","['2026-04-08', '2018-03-22']",__nan__,0.2624317153473641
445,ZTR,Virtus Total Return Fund Inc.,"Virtus Global Dividend & Income Fund Inc. is a closed-ended balanced mutual fund launched by Virtus Investment Partners, Inc. The fund is co-managed by Virtus Investment Advisers, Inc., Kayne Anderson Rudnick Investment Management LLC and Newfleet Asset Management, LLC. It invests in the public equity and fixed income markets of the United States. The fund seeks to invest in securities of companies operating across diversified sectors. It primarily invests in reasonably priced growth (GARP) stocks of large cap companies and investment grade bonds issued by companies and governments. The fund is actively managed. It benchmarks the performance of its portfolio against a composite index comprised of 60% Russell Developed Large Cap Index and 40% Bloomberg Barclays U.S. Aggregate Bond Index. The fund was formerly known as The Zweig Total Return Fund, Inc. Virtus Global Dividend & Income Fund Inc. was formed on September 30, 1988 and is domiciled in the United States.",George Robert Aylward Jr.,Asset Management,6.61,USD,313152716,https://images.financialmodelingprep.com/symbol/ZTR.png,233433,1988-09-26,11.72,0.02,83407,52208000,43614000,"[{'period': '2025', 'revenue': 51.49, 'unit': 'M', 'net_profit': 43.61}, {'period': '2024', 'revenue': 41.08, 'unit': 'M', 'net_profit': 82.6}, {'period': '2023', 'revenue': 27.08, 'unit': 'M', 'net_profit': -26.99}, {'period': '2022', 'revenue': 38.27, 'unit': 'M', 'net_profit': -5.81}]","[{'period': ""Q4 '25"", 'revenue': 29.02, 'unit': 'M', 'net_profit': 31.46}, {'period': ""Q2 '25"", 'revenue': 22.47, 'unit': 'M', 'net_profit': 12.15}, {'period': ""Q4 '24"", 'revenue': 27.64, 'unit': 'M', 'net_profit': 59.01}, {'period': ""Q2 '24"", 'revenue': 13.44, 'unit': 'M', 'net_profit': 23.58}, {'period': ""Q4 '23"", 'revenue': -5.07, 'unit': 'M', 'net_profit': 1.7}, {'period': ""Q2 '23"", 'revenue': 16.91, 'unit': 'M', 'net_profit': -28.69}]",0.81,0.81,569206000,4954000,1644000,167382000,3310000,564033000,0,1644000,5167000,-0.4414046200100575,-0.47196629417533326,-0.38636363636363635,"[0.05, 0.08]","['2026-05-11', '1988-11-04']",__nan__,0.29406225514137235
446,ZTS,Zoetis Inc. Class A Common Stock,"Zoetis Inc. discovers, develops, manufactures, and commercializes animal health medicines, vaccines, and diagnostic products in the United States and internationally. It commercializes products primarily across species, including livestock, such as cattle, swine, poultry, fish, and sheep; and companion animals comprising dogs, cats, and horses. The company also offers vaccines, which are biological preparations to prevent diseases of the respiratory, gastrointestinal, and reproductive tracts or induce a specific immune response; anti-infectives that prevent, kill, or slow the growth of bacteria, fungi, or protozoa; and parasiticides that prevent or eliminate external and internal parasites, which include fleas, ticks, and worms. It also provides other pharmaceutical products that comprise pain and sedation, antiemetic, reproductive, and oncology products; dermatology products for itch associated with allergic conditions and atopic dermatitis; and medicated feed additives, which offer medicines to livestock. In addition, the company provides portable blood and urine analysis testing, including point-of-care diagnostic products, instruments and reagents, rapid immunoassay tests, reference laboratory kits and services, and blood glucose monitors; and other non-pharmaceutical products, including nutritionals and agribusiness services, as well as products and services in areas, such as biodevices, genetics tests, and precision animal health. It markets its products to veterinarians, livestock producers, and retail outlets, as well as third-party veterinary distributors through its sales representatives, and technical and veterinary operations specialists. The company was founded in 1952 and is headquartered in Parsippany, New Jersey.",Kristin C. Peck,Drug Manufacturers - Specialty & Generic,113.32,USD,49939353856,https://images.financialmodelingprep.com/symbol/ZTS.png,4658875,2013-02-01,18.7,-3.31,3600162,4069000000,2673000000,"[{'period': '2025', 'revenue': 9.47, 'unit': 'B', 'net_profit': 2.67}, {'period': '2024', 'revenue': 9.26, 'unit': 'B', 'net_profit': 2.49}, {'period': '2023', 'revenue': 8.54, 'unit': 'B', 'net_profit': 2.34}, {'period': '2022', 'revenue': 8.08, 'unit': 'B', 'net_profit': 2.11}]","[{'period': ""Q4 '25"", 'revenue': 2390.0, 'unit': 'M', 'net_profit': 603.0}, {'period': ""Q3 '25"", 'revenue': 2400.0, 'unit': 'M', 'net_profit': 721.0}, {'period': ""Q2 '25"", 'revenue': 2460.0, 'unit': 'M', 'net_profit': 718.0}, {'period': ""Q1 '25"", 'revenue': 2220.0, 'unit': 'M', 'net_profit': 631.0}, {'period': ""Q4 '24"", 'revenue': 2320.0, 'unit': 'M', 'net_profit': 581.0}, {'period': ""Q3 '24"", 'revenue': 2390.0, 'unit': 'M', 'net_profit': 682.0}]",6.03,6.02,15467000000,6768000000,2312000000,12136000000,1590000000,0,2235000000,2312000000,2283000000,0.050878099173553716,0.0752212389380531,0.10237659963436939,"[0.53, 0.065]","['2026-04-20', '2013-04-29']",__nan__,0.7846382621064201
447,ZUO,Zuora Inc. Class A Common Stock,"Zuora, Inc., together with its subsidiaries, provides cloud-based software on a subscription basis that enables companies in various industries to launch, manage, and transform into a subscription business. The company offers Zuora Central platform that acts as an orchestration engine that allows customers quote-to-revenue operations. Its products include Zuora Billing that helps customers to set payment terms, manage hierarchical billing relationships, consolidate invoicing across multiple subscriptions, and tax transactions; Zuora Revenue, a revenue recognition automation solution; Zuora CPQ for configuring deals, pricing, and quoting in a subscription business; Zuora Collect designed to/ handle the complicated function of payments associated with subscription-based businesses; and Zuora Marketplace. It sells its products through its direct sales force, systems integrators, management consulting firms, resellers, technology, and ecosystem partners. Zuora, Inc. was incorporated in 2006 and is headquartered in Redwood City, California.",Tien Tzuo,Software - Infrastructure,10.02,USD,1540795510,https://images.financialmodelingprep.com/symbol/ZUO.png,2433642,2018-04-12,-19.647058823529413,0.03,23399977,-26348000,-68193000,"[{'period': '2024', 'revenue': 431.66, 'unit': 'M', 'net_profit': -68.19}, {'period': '2023', 'revenue': 396.09, 'unit': 'M', 'net_profit': -121.97}, {'period': '2022', 'revenue': 346.74, 'unit': 'M', 'net_profit': -99.42}, {'period': '2021', 'revenue': 305.42, 'unit': 'M', 'net_profit': -73.17}]","[{'period': ""Q3 '25"", 'revenue': 116.93, 'unit': 'M', 'net_profit': -32.21}, {'period': ""Q2 '25"", 'revenue': 115.4, 'unit': 'M', 'net_profit': -7.22}, {'period': ""Q1 '25"", 'revenue': 109.77, 'unit': 'M', 'net_profit': -13.71}, {'period': ""Q4 '24"", 'revenue': 110.67, 'unit': 'M', 'net_profit': -20.83}, {'period': ""Q3 '24"", 'revenue': 109.85, 'unit': 'M', 'net_profit': -5.5}, {'period': ""Q2 '24"", 'revenue': 108.05, 'unit': 'M', 'net_profit': -22.56}]",-0.49,-0.49,823836000,677918000,514884000,690149000,125982000,0,279415000,256065000,-28754000,0.819724400290105,0.44090350086086744,0.4731182795698925,__nan__,__nan__,__nan__,0.8377261979325983
448,ZYME,Zymeworks Inc. Common Shares,"Zymeworks Inc., a clinical-stage biopharmaceutical company, discovers, develops, and commercializes biotherapeutics for the treatment of cancer. The company's lead product candidates include zanidatamab, a novel bispecific antibody that is in Phase 1 and Phase 2 clinical trials for the treatment of biliary tract, gastroesophageal adenocarcinomas, breast, and colorectal cancer; and ZW49, a biparatopic anti-human epidermal growth factor receptor 2 (HER2) antibody-drug conjugate that is in Phase 1 clinical trial for the treatment of advanced or metastatic HER2-expressing tumors. The company has strategic partnerships with Merck Sharp & Dohme Research Ltd.; Eli Lilly and Company; Bristol-Myers Squibb company; GlaxoSmithKline Intellectual Property Development Ltd.; Daiichi Sankyo Co., Ltd.; Janssen Biotech, Inc.; BeiGene, Ltd.; and Exelixis, Inc. It also has licensing and research collaboration with LEO Pharma A/S to research, develop, and commercialize bispecific antibodies; and Iconic Therapeutics, Inc. Zymeworks Inc. was incorporated in 2003 and is headquartered in Vancouver, Canada.",Kenneth H. Galbraith,Biotechnology,24.18,USD,1796641535,https://images.financialmodelingprep.com/symbol/ZYME.png,759947,2017-04-28,-22.39,-0.51,416767,7645246000,-81130000,"[{'period': '2025', 'revenue': 105.97, 'unit': 'M', 'net_profit': -81.13}, {'period': '2024', 'revenue': 76.3, 'unit': 'M', 'net_profit': -122.69}, {'period': '2023', 'revenue': 76.01, 'unit': 'M', 'net_profit': -118.67}, {'period': '2022', 'revenue': 412.48, 'unit': 'M', 'net_profit': 124.34}]","[{'period': ""Q4 '25"", 'revenue': 2.52, 'unit': 'M', 'net_profit': -41.21}, {'period': ""Q3 '25"", 'revenue': 27.61, 'unit': 'M', 'net_profit': -19.6}, {'period': ""Q2 '25"", 'revenue': 48.73, 'unit': 'M', 'net_profit': 2.32}, {'period': ""Q1 '25"", 'revenue': 27.11, 'unit': 'M', 'net_profit': -22.64}, {'period': ""Q4 '24"", 'revenue': 31.03, 'unit': 'M', 'net_profit': -23.51}, {'period': ""Q3 '24"", 'revenue': 16.0, 'unit': 'M', 'net_profit': -29.85}]",-1.08,-1.08,346527000,233435000,228797000,78026000,4638000,41787000,42318000,41157000,-34526000,71.38265944910886,0.33876686091527775,0.3333333333333333,__nan__,__nan__,__nan__,0.22516571580280903
