,symbol,name,description__profile,ceo__profile,industry__profile,price__profile,currency__profile,mktCap__profile,image__profile,volAvg__profile,ipoDate__profile,pe__quote,change__quote,volume__quote,ebitda__income_statement,netIncome__income_statement,annual_earnings,quaterly_earnings,eps__income_statement,epsdiluted__income_statement,totalAssets__balance_sheet_statement,totalCurrentAssets__balance_sheet_statement,cashAndShortTermInvestments__balance_sheet_statement,totalLiabilities__balance_sheet_statement,netReceivables__balance_sheet_statement,longTermInvestments__balance_sheet_statement,totalCurrentLiabilities__balance_sheet_statement,cashAndCashEquivalents__balance_sheet_statement,freeCashFlow__cash_flow_statement,growthEBITDA__income_statement_growth,growthNetIncome__income_statement_growth,growthEPS__income_statement_growth,dividend__historical-price-full/stock_dividend,date__historical-price-full/stock_dividend,derived__netIncomeMargin,derived__debtRatio
0,ETRN,Equitrans Midstream Corporation Common Stock ,,,,,,,,,,13.8,0.07,194201160.0,,,[],"[{'period': ""Q2 '24"", 'revenue': 361.6, 'unit': 'M', 'net_profit': 70.39}, {'period': ""Q1 '24"", 'revenue': 364.27, 'unit': 'M', 'net_profit': 109.0}, {'period': ""Q4 '23"", 'revenue': 360.61, 'unit': 'M', 'net_profit': 148.87}, {'period': ""Q3 '23"", 'revenue': 338.51, 'unit': 'M', 'net_profit': 127.43}, {'period': ""Q2 '23"", 'revenue': 318.47, 'unit': 'M', 'net_profit': 52.62}, {'period': ""Q1 '23"", 'revenue': 376.34, 'unit': 'M', 'net_profit': 101.68}]",,,,,,,,,,,,,,,,,__nan__,__nan__
1,ETV,Eaton Vance Corporation Eaton Vance Tax-Managed Buy-Write Opportunities Fund Common Shares of Beneficial Interest,,,,,,,,,,7.01,0.04,87852.093,,,[],"[{'period': ""Q4 '25"", 'revenue': 72.11, 'unit': 'M', 'net_profit': 205.86}, {'period': ""Q2 '25"", 'revenue': 136.25, 'unit': 'M', 'net_profit': 31.23}, {'period': ""Q4 '24"", 'revenue': 90.27, 'unit': 'M', 'net_profit': 151.1}, {'period': ""Q2 '24"", 'revenue': 5.2, 'unit': 'M', 'net_profit': 189.99}, {'period': ""Q4 '23"", 'revenue': 5.27, 'unit': 'M', 'net_profit': 65.43}, {'period': ""Q2 '23"", 'revenue': -7.46, 'unit': 'M', 'net_profit': 189.64}]",,,,,,,,,,,,,,,,,__nan__,__nan__
2,ETW,Eaton Vance Corporation Eaton Vance Tax-Managed Global Buy-Write Opportunites Fund Common Shares of Beneficial Interest,,,,,,,,,,4.97,0.02799996,144754.0,,,[],"[{'period': ""Q4 '25"", 'revenue': 43.46, 'unit': 'M', 'net_profit': 123.15}, {'period': ""Q2 '25"", 'revenue': 31.47, 'unit': 'M', 'net_profit': 63.0}, {'period': ""Q4 '24"", 'revenue': 77.85, 'unit': 'M', 'net_profit': 41.68}, {'period': ""Q2 '24"", 'revenue': 17.01, 'unit': 'M', 'net_profit': 69.33}, {'period': ""Q4 '23"", 'revenue': 49.37, 'unit': 'M', 'net_profit': 41.52}, {'period': ""Q2 '23"", 'revenue': 6.51, 'unit': 'M', 'net_profit': 108.01}]",,,,,,,,,,,,,,,,,__nan__,__nan__
3,ETWO,E2open Parent Holdings Inc.Class A Common Stock,,,,,,,,,,-1.6019417475728155,0.0,26635229.0,,,[],"[{'period': ""Q1 '26"", 'revenue': 152.61, 'unit': 'M', 'net_profit': -14.13}, {'period': ""Q4 '25"", 'revenue': 152.68, 'unit': 'M', 'net_profit': -244.19}, {'period': ""Q3 '25"", 'revenue': 151.66, 'unit': 'M', 'net_profit': -346.91}, {'period': ""Q2 '25"", 'revenue': 152.19, 'unit': 'M', 'net_profit': -29.86}, {'period': ""Q1 '25"", 'revenue': 151.16, 'unit': 'M', 'net_profit': -38.86}, {'period': ""Q4 '24"", 'revenue': 158.45, 'unit': 'M', 'net_profit': -42.2}]",,,,,,,,,,,,,,,,,__nan__,__nan__
4,ETX           ,Eaton Vance Municipal Income 2028 Term Trust Common Shares of Beneficial Interest,,,,,,,,,,31.0,0.09,5015.0,,,[],[],,,,,,,,,,,,,,,,,__nan__,__nan__
5,ETY,Eaton Vance Tax-Managed Diversified Equity Income Fund Common Shares of Beneficial Interest,,,,,,,,,,6.85,0.03999989,81889.0,,,[],"[{'period': ""Q4 '25"", 'revenue': 4.75, 'unit': 'M', 'net_profit': 355.64}, {'period': ""Q2 '25"", 'revenue': 400.76, 'unit': 'M', 'net_profit': -100.23}, {'period': ""Q4 '24"", 'revenue': 4.78, 'unit': 'M', 'net_profit': 165.24}, {'period': ""Q2 '24"", 'revenue': 174.4, 'unit': 'M', 'net_profit': 176.08}, {'period': ""Q4 '23"", 'revenue': 77.65, 'unit': 'M', 'net_profit': 40.13}, {'period': ""Q2 '23"", 'revenue': 88.14, 'unit': 'M', 'net_profit': 159.19}]",,,,,,,,,,,,,,,,,__nan__,__nan__
6,EURN,Euronav NV Ordinary Shares,,,,,,,,,,2.866438356164384,-0.22,157488.0,,,[],"[{'period': ""Q2 '24"", 'revenue': 252.0, 'unit': 'M', 'net_profit': 184.37}, {'period': ""Q1 '24"", 'revenue': 240.38, 'unit': 'M', 'net_profit': 495.25}, {'period': ""Q4 '23"", 'revenue': 278.02, 'unit': 'M', 'net_profit': 406.58}, {'period': ""Q3 '23"", 'revenue': 278.38, 'unit': 'M', 'net_profit': 114.58}, {'period': ""Q2 '23"", 'revenue': 348.16, 'unit': 'M', 'net_profit': 161.82}, {'period': ""Q1 '23"", 'revenue': 339.95, 'unit': 'M', 'net_profit': 175.05}]",,,,,,,,,,,,,,,,,__nan__,__nan__
7,EVA,Enviva Partners LP Common units representing limited partner interests,,,,,,,,,,-0.04354771784232365,0.0,135484.0,,,[],"[{'period': ""Q4 '23"", 'revenue': 312.7, 'unit': 'M', 'net_profit': -428.06}, {'period': ""Q3 '23"", 'revenue': 320.64, 'unit': 'M', 'net_profit': -85.19}, {'period': ""Q2 '23"", 'revenue': 301.9, 'unit': 'M', 'net_profit': -55.78}, {'period': ""Q1 '23"", 'revenue': 269.08, 'unit': 'M', 'net_profit': -116.86}, {'period': ""Q4 '22"", 'revenue': 239.31, 'unit': 'M', 'net_profit': -77.42}, {'period': ""Q3 '22"", 'revenue': 325.66, 'unit': 'M', 'net_profit': -18.3}]",,,,,,,,,,,,,,,,,__nan__,__nan__
8,EVC,Entravision Communications Corporation Common Stock,,,,,,,,,,-3.49,-0.00499991,35423.0,,,[],"[{'period': ""Q4 '25"", 'revenue': 134.38, 'unit': 'M', 'net_profit': -17.46}, {'period': ""Q3 '25"", 'revenue': 120.63, 'unit': 'M', 'net_profit': -9.66}, {'period': ""Q2 '25"", 'revenue': 100.73, 'unit': 'M', 'net_profit': -3.34}, {'period': ""Q1 '25"", 'revenue': 91.85, 'unit': 'M', 'net_profit': -47.97}, {'period': ""Q4 '24"", 'revenue': 106.96, 'unit': 'M', 'net_profit': -56.36}, {'period': ""Q3 '24"", 'revenue': 97.16, 'unit': 'M', 'net_profit': -11.98}]",,,,,,,,,,,,,,,,,__nan__,__nan__
9,EVF,Eaton Vance Senior Income Trust Common Stock,,,,,,,,,,24.3,0.01000013,22964.0,,,[],"[{'period': ""Q2 '25"", 'revenue': 4.67, 'unit': 'M', 'net_profit': 3.09}, {'period': ""Q4 '24"", 'revenue': 3.35, 'unit': 'M', 'net_profit': 2.73}, {'period': ""Q2 '24"", 'revenue': 7.96, 'unit': 'M', 'net_profit': 6.58}, {'period': ""Q4 '23"", 'revenue': 7.82, 'unit': 'M', 'net_profit': 5.49}, {'period': ""Q2 '23"", 'revenue': 8.62, 'unit': 'M', 'net_profit': 7.8}, {'period': ""Q4 '22"", 'revenue': 8.26, 'unit': 'M', 'net_profit': 8.31}]",,,,,,,,,,,,,,,,,__nan__,__nan__
10,EVG,Eaton Vance Short Diversified Income Fund Eaton Vance Short Duration Diversified Income Fund Common Shares of Beneficial Interest,,,,,,,,,,9.48,-0.005,6408.0,,,[],"[{'period': ""Q4 '25"", 'revenue': 6.8, 'unit': 'M', 'net_profit': 9.9}, {'period': ""Q2 '25"", 'revenue': 6.86, 'unit': 'M', 'net_profit': 4.94}, {'period': ""Q4 '24"", 'revenue': 6.99, 'unit': 'M', 'net_profit': 8.09}, {'period': ""Q2 '24"", 'revenue': 7.62, 'unit': 'M', 'net_profit': 13.8}, {'period': ""Q4 '23"", 'revenue': 7.36, 'unit': 'M', 'net_profit': 3.51}, {'period': ""Q2 '23"", 'revenue': 6.82, 'unit': 'M', 'net_profit': 9.76}]",,,,,,,,,,,,,,,,,__nan__,__nan__
11,EVH,Evolent Health Inc Class A Common Stock,,,,,,,,,,-0.43,-0.02,537344.0,,,[],"[{'period': ""Q4 '25"", 'revenue': 468.72, 'unit': 'M', 'net_profit': -429.13}, {'period': ""Q3 '25"", 'revenue': 479.53, 'unit': 'M', 'net_profit': -20.86}, {'period': ""Q2 '25"", 'revenue': 444.33, 'unit': 'M', 'net_profit': -19.9}, {'period': ""Q1 '25"", 'revenue': 483.65, 'unit': 'M', 'net_profit': -64.62}, {'period': ""Q4 '24"", 'revenue': 646.54, 'unit': 'M', 'net_profit': -22.8}, {'period': ""Q3 '24"", 'revenue': 621.4, 'unit': 'M', 'net_profit': -23.14}]",,,,,,,,,,,,,,,,,__nan__,__nan__
12,EVN,Eaton Vance Municipal Income Trust Common Stock,,,,,,,,,,1013.0,-0.02,63485.0,,,[],"[{'period': ""Q4 '25"", 'revenue': 7.55, 'unit': 'M', 'net_profit': 26.97}, {'period': ""Q2 '25"", 'revenue': 14.84, 'unit': 'M', 'net_profit': -26.54}, {'period': ""Q4 '24"", 'revenue': 11.24, 'unit': 'M', 'net_profit': 25.34}, {'period': ""Q2 '24"", 'revenue': 14.29, 'unit': 'M', 'net_profit': 11.43}, {'period': ""Q4 '23"", 'revenue': 5.7, 'unit': 'M', 'net_profit': 6.08}, {'period': ""Q2 '23"", 'revenue': 11.93, 'unit': 'M', 'net_profit': 7.21}]",,,,,,,,,,,,,,,,,__nan__,__nan__
13,EVR,Evercore Inc. Class A Common Stock,,,,,,,,,,20.19,4.41,55130.0,,,[],"[{'period': ""Q4 '25"", 'revenue': 1300.0, 'unit': 'M', 'net_profit': 203.95}, {'period': ""Q3 '25"", 'revenue': 1050.0, 'unit': 'M', 'net_profit': 144.58}, {'period': ""Q2 '25"", 'revenue': 838.04, 'unit': 'M', 'net_profit': 97.2}, {'period': ""Q1 '25"", 'revenue': 699.02, 'unit': 'M', 'net_profit': 146.18}, {'period': ""Q4 '24"", 'revenue': 979.52, 'unit': 'M', 'net_profit': 140.44}, {'period': ""Q3 '24"", 'revenue': 738.42, 'unit': 'M', 'net_profit': 78.39}]",,,,,,,,,,,,,,,,,__nan__,__nan__
14,EVRG,Evergy Inc. Common Stock,,,,,,,,,,22.39,1.1132,187185.40684,,,[],"[{'period': ""Q4 '25"", 'revenue': 1330.0, 'unit': 'M', 'net_profit': 84.3}, {'period': ""Q3 '25"", 'revenue': 1800.0, 'unit': 'M', 'net_profit': 475.0}, {'period': ""Q2 '25"", 'revenue': 1430.0, 'unit': 'M', 'net_profit': 171.3}, {'period': ""Q1 '25"", 'revenue': 1370.0, 'unit': 'M', 'net_profit': 125.0}, {'period': ""Q4 '24"", 'revenue': 1210.0, 'unit': 'M', 'net_profit': 78.2}, {'period': ""Q3 '24"", 'revenue': 1820.0, 'unit': 'M', 'net_profit': 465.6}]",,,,,,,,,,,,,,,,,__nan__,__nan__
15,EVRI,Everi Holdings Inc. Common Stock,,,,,,,,,,89.0,0.01,1510549.0,,,[],"[{'period': ""Q1 '25"", 'revenue': 181.3, 'unit': 'M', 'net_profit': 3.92}, {'period': ""Q4 '24"", 'revenue': 189.52, 'unit': 'M', 'net_profit': 3.86}, {'period': ""Q3 '24"", 'revenue': 187.85, 'unit': 'M', 'net_profit': -2.57}, {'period': ""Q2 '24"", 'revenue': 191.19, 'unit': 'M', 'net_profit': 9.17}, {'period': ""Q1 '24"", 'revenue': 189.35, 'unit': 'M', 'net_profit': 4.55}, {'period': ""Q4 '23"", 'revenue': 192.03, 'unit': 'M', 'net_profit': 1.89}]",,,,,,,,,,,,,,,,,__nan__,__nan__
16,EVT,Eaton Vance Tax Advantaged Dividend Income Fund Common Shares of Beneficial Interest,,,,,,,,,,9.58,0.18,36720.0,,,[],"[{'period': ""Q4 '25"", 'revenue': 55.85, 'unit': 'M', 'net_profit': 270.28}, {'period': ""Q2 '25"", 'revenue': 127.4, 'unit': 'M', 'net_profit': -84.24}, {'period': ""Q1 '25"", 'revenue': 17.07, 'unit': 'M', 'net_profit': -42.12}, {'period': ""Q4 '24"", 'revenue': 18.13, 'unit': 'M', 'net_profit': 67.74}, {'period': ""Q3 '24"", 'revenue': 18.13, 'unit': 'M', 'net_profit': 67.74}, {'period': ""Q2 '24"", 'revenue': 16.57, 'unit': 'M', 'net_profit': 179.18}]",,,,,,,,,,,,,,,,,__nan__,__nan__
17,EVTC,Evertec Inc. Common Stock,,,,,,,,,,12.65,0.56,38236.0,,,[],"[{'period': ""Q4 '25"", 'revenue': 244.83, 'unit': 'M', 'net_profit': 35.56}, {'period': ""Q3 '25"", 'revenue': 228.59, 'unit': 'M', 'net_profit': 32.86}, {'period': ""Q2 '25"", 'revenue': 229.61, 'unit': 'M', 'net_profit': 40.47}, {'period': ""Q1 '25"", 'revenue': 228.79, 'unit': 'M', 'net_profit': 32.7}, {'period': ""Q4 '24"", 'revenue': 216.4, 'unit': 'M', 'net_profit': 40.06}, {'period': ""Q3 '24"", 'revenue': 211.79, 'unit': 'M', 'net_profit': 24.68}]",,,,,,,,,,,,,,,,,__nan__,__nan__
18,EW,Edwards Lifesciences Corporation Common Stock,,,,,,,,,,44.28,0.8,915077.0,,,[],"[{'period': ""Q4 '25"", 'revenue': 1570.0, 'unit': 'M', 'net_profit': 91.2}, {'period': ""Q3 '25"", 'revenue': 1550.0, 'unit': 'M', 'net_profit': 291.1}, {'period': ""Q2 '25"", 'revenue': 1530.0, 'unit': 'M', 'net_profit': 329.8}, {'period': ""Q1 '25"", 'revenue': 1410.0, 'unit': 'M', 'net_profit': 358.0}, {'period': ""Q4 '24"", 'revenue': 1390.0, 'unit': 'M', 'net_profit': 385.6}, {'period': ""Q3 '24"", 'revenue': 1.35, 'unit': 'B', 'net_profit': 3.07}]",,,,,,,,,,,,,,,,,__nan__,__nan__
19,EXD,Eaton Vance Tax-Managed Buy-Write Strategy Fund Common Shares of Beneficial Interest,,,,,,,,,,-4.414746543778802,0.0075,8408.0,,,[],[],,,,,,,,,,,,,,,,,__nan__,__nan__
20,EXG,Eaton Vance Tax-Managed Global Diversified Equity Income Fund Eaton Vance Tax-Managed Global Diversified Equity Income Fund Common Shares of Beneficial Interest,,,,,,,,,,6.08,0.01500015,206650.0,,,[],"[{'period': ""Q4 '25"", 'revenue': 26.33, 'unit': 'M', 'net_profit': 438.65}, {'period': ""Q2 '25"", 'revenue': 246.94, 'unit': 'M', 'net_profit': -20.54}, {'period': ""Q4 '24"", 'revenue': 121.37, 'unit': 'M', 'net_profit': 167.95}, {'period': ""Q2 '24"", 'revenue': 48.75, 'unit': 'M', 'net_profit': 424.36}, {'period': ""Q4 '23"", 'revenue': 59.5, 'unit': 'M', 'net_profit': -75.92}, {'period': ""Q2 '23"", 'revenue': 7.38, 'unit': 'M', 'net_profit': 336.37}]",,,,,,,,,,,,,,,,,__nan__,__nan__
21,EXK,Endeavour Silver Corporation Ordinary Shares (Canada),,,,,,,,,,-21.06,-0.05499973,2119015.0,,,[],"[{'period': ""Q4 '25"", 'revenue': 174.3, 'unit': 'M', 'net_profit': -24.15}, {'period': ""Q3 '25"", 'revenue': 135.76, 'unit': 'M', 'net_profit': -41.49}, {'period': ""Q2 '25"", 'revenue': 88.6, 'unit': 'M', 'net_profit': -20.45}, {'period': ""Q1 '25"", 'revenue': 63.5, 'unit': 'M', 'net_profit': -32.91}, {'period': ""Q4 '24"", 'revenue': 42.21, 'unit': 'M', 'net_profit': 1.02}, {'period': ""Q3 '24"", 'revenue': 53.44, 'unit': 'M', 'net_profit': -17.3}]",,,,,,,,,,,,,,,,,__nan__,__nan__
22,EXP,Eagle Materials Inc Common Stock,,,,,,,,,,13.82,0.62,66635.0,,,[],"[{'period': ""Q3 '25"", 'revenue': 555.96, 'unit': 'M', 'net_profit': 102.9}, {'period': ""Q2 '25"", 'revenue': 638.91, 'unit': 'M', 'net_profit': 137.38}, {'period': ""Q1 '25"", 'revenue': 634.69, 'unit': 'M', 'net_profit': 123.36}, {'period': ""Q4 '24"", 'revenue': 470.18, 'unit': 'M', 'net_profit': 66.48}, {'period': ""Q3 '24"", 'revenue': 558.02, 'unit': 'M', 'net_profit': 119.57}, {'period': ""Q2 '24"", 'revenue': 623.62, 'unit': 'M', 'net_profit': 143.52}]",,,,,,,,,,,,,,,,,__nan__,__nan__
23,EXPR,Express Inc. Common Stock,,,,,,,,,,0.015044408192858438,0.13,444124.0,,,[],"[{'period': ""Q3 '23"", 'revenue': 454.06, 'unit': 'M', 'net_profit': -36.81}, {'period': ""Q2 '23"", 'revenue': 435.34, 'unit': 'M', 'net_profit': -44.06}, {'period': ""Q1 '23"", 'revenue': 383.26, 'unit': 'M', 'net_profit': -73.43}, {'period': ""Q4 '22"", 'revenue': 514.33, 'unit': 'M', 'net_profit': 333.16}, {'period': ""Q3 '22"", 'revenue': 434.14, 'unit': 'M', 'net_profit': -34.45}, {'period': ""Q2 '22"", 'revenue': 464.92, 'unit': 'M', 'net_profit': 7.04}]",,,,,,,,,,,,,,,,,__nan__,__nan__
24,EXR,Extra Space Storage Inc Common Stock,,,,,,,,,,28.54,2.02,108701.0,,,[],"[{'period': ""Q4 '25"", 'revenue': 918.43, 'unit': 'M', 'net_profit': 283.45}, {'period': ""Q3 '25"", 'revenue': 777.56, 'unit': 'M', 'net_profit': 169.94}, {'period': ""Q2 '25"", 'revenue': 841.62, 'unit': 'M', 'net_profit': 249.73}, {'period': ""Q1 '25"", 'revenue': 839.93, 'unit': 'M', 'net_profit': 270.88}, {'period': ""Q4 '24"", 'revenue': 840.66, 'unit': 'M', 'net_profit': 262.49}, {'period': ""Q3 '24"", 'revenue': 854.78, 'unit': 'M', 'net_profit': 192.82}]",,,,,,,,,,,,,,,,,__nan__,__nan__
25,EXTN,Exterran Corporation Common Stock,,,,,,,,,,-1.3458712900382015,-0.26,2673258.0,,,[],"[{'period': ""Q2 '22"", 'revenue': 221.27, 'unit': 'M', 'net_profit': -8.15}, {'period': ""Q1 '22"", 'revenue': 191.75, 'unit': 'M', 'net_profit': -29.13}, {'period': ""Q4 '21"", 'revenue': 186.58, 'unit': 'M', 'net_profit': -31.26}, {'period': ""Q3 '21"", 'revenue': 161.3, 'unit': 'M', 'net_profit': -16.3}, {'period': ""Q2 '21"", 'revenue': 146.2, 'unit': 'M', 'net_profit': -35.21}, {'period': ""Q1 '21"", 'revenue': 136.16, 'unit': 'M', 'net_profit': -29.87}]",,,,,,,,,,,,,,,,,__nan__,__nan__
26,F,Ford Motor Company Common Stock,,,,,,,,,,-5.47,-0.09999954,9384564.0,,,[],"[{'period': ""Q4 '25"", 'revenue': 45.89, 'unit': 'B', 'net_profit': -11.06}, {'period': ""Q3 '25"", 'revenue': 50.53, 'unit': 'B', 'net_profit': 2.45}, {'period': ""Q2 '25"", 'revenue': 50180.0, 'unit': 'M', 'net_profit': -36.0}, {'period': ""Q1 '25"", 'revenue': 40660.0, 'unit': 'M', 'net_profit': 471.0}, {'period': ""Q4 '24"", 'revenue': 48.21, 'unit': 'B', 'net_profit': 1.82}, {'period': ""Q3 '24"", 'revenue': 46200.0, 'unit': 'M', 'net_profit': 892.0}]",,,,,,,,,,,,,,,,,__nan__,__nan__
27,FACA,Figure Acquisition Corp. I Class A Common Stock,,,,,,,,,,0.0,-0.01,961.0,,,[],"[{'period': ""Q3 '22"", 'revenue': 0.0, 'unit': 'M', 'net_profit': 2.12}, {'period': ""Q2 '22"", 'revenue': 0.0, 'unit': 'M', 'net_profit': 6.59}, {'period': ""Q1 '22"", 'revenue': 0.0, 'unit': 'M', 'net_profit': 11.15}, {'period': ""Q4 '21"", 'revenue': 0.0, 'unit': 'M', 'net_profit': -3.19}, {'period': ""Q3 '21"", 'revenue': 0.0, 'unit': 'M', 'net_profit': 3.93}, {'period': ""Q2 '21"", 'revenue': 0.0, 'unit': 'M', 'net_profit': -1.04}]",,,,,,,,,,,,,,,,,__nan__,__nan__
28,FACT,Freedom Acquisition I Corp. Class A Ordinary Shares,,,,,,,,,,50.0,-0.005,5243.0,,,[],"[{'period': ""Q4 '25"", 'revenue': 0.0, 'unit': 'K', 'net_profit': 671.4}, {'period': ""Q3 '25"", 'revenue': 0.0, 'unit': 'M', 'net_profit': 1.27}, {'period': ""Q2 '25"", 'revenue': 0.0, 'unit': 'M', 'net_profit': 1.63}, {'period': ""Q1 '25"", 'revenue': 82.74, 'unit': 'M', 'net_profit': 1.45}, {'period': ""Q4 '24"", 'revenue': 94210.0, 'unit': 'K', 'net_profit': 32.4}, {'period': ""Q3 '24"", 'revenue': 5540.0, 'unit': 'K', 'net_profit': -104.29}]",,,,,,,,,,,,,,,,,__nan__,__nan__
29,FAF,First American Corporation (New) Common Stock,,,,,,,,,,9.99,1.48,75583.0,,,[],"[{'period': ""Q4 '25"", 'revenue': 2050.0, 'unit': 'M', 'net_profit': 211.9}, {'period': ""Q3 '25"", 'revenue': 1980.0, 'unit': 'M', 'net_profit': 189.6}, {'period': ""Q2 '25"", 'revenue': 1840.0, 'unit': 'M', 'net_profit': 146.1}, {'period': ""Q1 '25"", 'revenue': 1580.0, 'unit': 'M', 'net_profit': 74.2}, {'period': ""Q4 '24"", 'revenue': 1680.0, 'unit': 'M', 'net_profit': 72.4}, {'period': ""Q3 '24"", 'revenue': 1410.0, 'unit': 'M', 'net_profit': -104.0}]",,,,,,,,,,,,,,,,,__nan__,__nan__
30,FAII,Fortress Value Acquisition Corp. II Class A Common Stock,,,,,,,,,,0.0,0.54,2402118.0,,,[],"[{'period': ""Q2 '21"", 'revenue': 146.68, 'unit': 'M', 'net_profit': -452.46}, {'period': ""Q4 '20"", 'revenue': 0.0, 'unit': 'M', 'net_profit': -1.59}]",,,,,,,,,,,,,,,,,__nan__,__nan__
31,FAM,First Trust/Aberdeen Global Opportunity Income Fund First Trust/Aberdeen Global Opportunity Income Fund Common Shares of Beneficial Interest,,,,,,,,,,16.692307692307693,-0.07,67604.0,,,[],"[{'period': ""Q2 '24"", 'revenue': -190.32, 'unit': 'K', 'net_profit': -659.92}, {'period': ""Q4 '23"", 'revenue': 1.2, 'unit': 'M', 'net_profit': 4.54}, {'period': ""Q2 '23"", 'revenue': -1.45, 'unit': 'M', 'net_profit': 4.58}, {'period': ""Q4 '22"", 'revenue': 2.7, 'unit': 'M', 'net_profit': 2.63}, {'period': ""Q2 '22"", 'revenue': 2.85, 'unit': 'M', 'net_profit': -25.69}, {'period': ""Q4 '21"", 'revenue': 3.51, 'unit': 'M', 'net_profit': -4.65}]",,,,,,,,,,,,,,,,,__nan__,__nan__
32,FBC,Flagstar Bancorp Inc. Common Stock,,,,,,,,,,7.568548387096774,0.43,18816855.0,,,[],"[{'period': ""Q3 '22"", 'revenue': 297.0, 'unit': 'M', 'net_profit': 73.0}, {'period': ""Q2 '22"", 'revenue': 279.0, 'unit': 'M', 'net_profit': 60.0}, {'period': ""Q1 '22"", 'revenue': 278.0, 'unit': 'M', 'net_profit': 53.0}, {'period': ""Q4 '21"", 'revenue': 324.0, 'unit': 'M', 'net_profit': 85.0}, {'period': ""Q3 '21"", 'revenue': 395.0, 'unit': 'M', 'net_profit': 152.0}, {'period': ""Q2 '21"", 'revenue': 362.0, 'unit': 'M', 'net_profit': 147.0}]",,,,,,,,,,,,,,,,,__nan__,__nan__
33,FBHS,Fortune Brands Home & Security Inc. Common Stock,,,,,,,,,,10.955752212389381,-1.32,2258487.0,,,[],"[{'period': ""Q4 '25"", 'revenue': 1080.0, 'unit': 'M', 'net_profit': 76.4}, {'period': ""Q3 '25"", 'revenue': 1150.0, 'unit': 'M', 'net_profit': 70.8}, {'period': ""Q2 '25"", 'revenue': 1200.0, 'unit': 'M', 'net_profit': 100.2}, {'period': ""Q1 '25"", 'revenue': 1030.0, 'unit': 'M', 'net_profit': 51.4}, {'period': ""Q4 '24"", 'revenue': 1140.0, 'unit': 'M', 'net_profit': -205.3}, {'period': ""Q3 '24"", 'revenue': 2260.0, 'unit': 'M', 'net_profit': 232.9}]",,,,,,,,,,,,,,,,,__nan__,__nan__
34,FBK,FB Financial Corporation Common Stock,,,,,,,,,,21.01,0.26,39091.0,,,[],"[{'period': ""Q4 '25"", 'revenue': 264.03, 'unit': 'M', 'net_profit': 56.98}, {'period': ""Q3 '25"", 'revenue': 263.53, 'unit': 'M', 'net_profit': 23.38}, {'period': ""Q2 '25"", 'revenue': 147.53, 'unit': 'M', 'net_profit': 2.91}, {'period': ""Q1 '25"", 'revenue': 202.74, 'unit': 'M', 'net_profit': 39.36}, {'period': ""Q4 '24"", 'revenue': 210.53, 'unit': 'M', 'net_profit': 37.89}, {'period': ""Q3 '24"", 'revenue': 169.13, 'unit': 'M', 'net_profit': 10.22}]",,,,,,,,,,,,,,,,,__nan__,__nan__
35,FBP,First BanCorp. New Common Stock,,,,,,,,,,9.72,0.03999886,171822.0,,,[],"[{'period': ""Q4 '25"", 'revenue': 320.4, 'unit': 'M', 'net_profit': 87.1}, {'period': ""Q3 '25"", 'revenue': 304.54, 'unit': 'M', 'net_profit': 100.53}, {'period': ""Q2 '25"", 'revenue': 302.06, 'unit': 'M', 'net_profit': 80.18}, {'period': ""Q1 '25"", 'revenue': 308.78, 'unit': 'M', 'net_profit': 77.06}, {'period': ""Q4 '24"", 'revenue': 291.74, 'unit': 'M', 'net_profit': 75.7}, {'period': ""Q3 '24"", 'revenue': 301.61, 'unit': 'M', 'net_profit': 73.73}]",,,,,,,,,,,,,,,,,__nan__,__nan__
36,FC,Franklin Covey Company Common Stock,,,,,,,,,,-127.58,0.02,9715.0,,,[],"[{'period': ""Q1 '26"", 'revenue': 64.05, 'unit': 'M', 'net_profit': -3.29}, {'period': ""Q4 '25"", 'revenue': 71.25, 'unit': 'M', 'net_profit': 4.37}, {'period': ""Q3 '25"", 'revenue': 67.12, 'unit': 'M', 'net_profit': -1.41}, {'period': ""Q2 '25"", 'revenue': 59.61, 'unit': 'M', 'net_profit': -1.08}, {'period': ""Q1 '25"", 'revenue': 69.09, 'unit': 'M', 'net_profit': 1.18}, {'period': ""Q4 '24"", 'revenue': 84.12, 'unit': 'M', 'net_profit': 11.96}]",,,,,,,,,,,,,,,,,__nan__,__nan__
37,FCAX,Fortress Capital Acquisition Corp. Class A Ordinary Shares,,,,,,,,,,0.0,0.0,769214.0,,,[],"[{'period': ""Q3 '22"", 'revenue': 0.0, 'unit': 'M', 'net_profit': 6.36}, {'period': ""Q2 '22"", 'revenue': 0.0, 'unit': 'M', 'net_profit': 8.01}, {'period': ""Q1 '22"", 'revenue': 0.0, 'unit': 'M', 'net_profit': 14.58}, {'period': ""Q4 '21"", 'revenue': 0.0, 'unit': 'M', 'net_profit': 10.79}, {'period': ""Q3 '21"", 'revenue': 0.0, 'unit': 'M', 'net_profit': 6.4}, {'period': ""Q2 '21"", 'revenue': 0.0, 'unit': 'M', 'net_profit': 2.49}]",,,,,,,,,,,,,,,,,__nan__,__nan__
38,FCF,First Commonwealth Financial Corporation Common Stock,,,,,,,,,,11.71,-0.04,118138.0,,,[],"[{'period': ""Q4 '25"", 'revenue': 188.64, 'unit': 'M', 'net_profit': 44.88}, {'period': ""Q3 '25"", 'revenue': 187.57, 'unit': 'M', 'net_profit': 41.33}, {'period': ""Q2 '25"", 'revenue': 183.6, 'unit': 'M', 'net_profit': 33.4}, {'period': ""Q1 '25"", 'revenue': 169.63, 'unit': 'M', 'net_profit': 32.7}, {'period': ""Q4 '24"", 'revenue': 175.33, 'unit': 'M', 'net_profit': 35.85}, {'period': ""Q3 '24"", 'revenue': 179.02, 'unit': 'M', 'net_profit': 32.09}]",,,,,,,,,,,,,,,,,__nan__,__nan__
39,FCN,FTI Consulting Inc. Common Stock,,,,,,,,,,21.2,4.36,71787.0,,,[],"[{'period': ""Q4 '25"", 'revenue': 990.75, 'unit': 'M', 'net_profit': 54.53}, {'period': ""Q3 '25"", 'revenue': 956.17, 'unit': 'M', 'net_profit': 82.82}, {'period': ""Q2 '25"", 'revenue': 943.66, 'unit': 'M', 'net_profit': 71.7}, {'period': ""Q1 '25"", 'revenue': 898.28, 'unit': 'M', 'net_profit': 61.82}, {'period': ""Q4 '24"", 'revenue': 894.92, 'unit': 'M', 'net_profit': 49.71}, {'period': ""Q3 '24"", 'revenue': 926.02, 'unit': 'M', 'net_profit': 66.47}]",,,,,,,,,,,,,,,,,__nan__,__nan__
40,FCPT,Four Corners Property Trust Inc. Common Stock,,,,,,,,,,22.1,0.38,41137.0,,,[],"[{'period': ""Q4 '25"", 'revenue': 75.67, 'unit': 'M', 'net_profit': 29.44}, {'period': ""Q3 '25"", 'revenue': 74.15, 'unit': 'M', 'net_profit': 28.84}, {'period': ""Q2 '25"", 'revenue': 72.84, 'unit': 'M', 'net_profit': 27.92}, {'period': ""Q1 '25"", 'revenue': 71.48, 'unit': 'M', 'net_profit': 26.16}, {'period': ""Q4 '24"", 'revenue': 68.34, 'unit': 'M', 'net_profit': 26.18}, {'period': ""Q3 '24"", 'revenue': 66.79, 'unit': 'M', 'net_profit': 25.58}]",,,,,,,,,,,,,,,,,__nan__,__nan__
41,FCRW,First Eagle Alternative Capital BDC Inc. 6.125% Notes Due 2023,,,,,,,,,,0.0,-0.219999,7874.0,,,[],"[{'period': ""Q3 '22"", 'revenue': 8880000.0, 'unit': '', 'net_profit': 0.0}, {'period': ""Q2 '22"", 'revenue': 6910000.0, 'unit': '', 'net_profit': 0.0}, {'period': ""Q3 '21"", 'revenue': 0.0, 'unit': '', 'net_profit': 0.0}, {'period': ""Q2 '21"", 'revenue': 0.0, 'unit': '', 'net_profit': 0.0}, {'period': ""Q1 '21"", 'revenue': 7190000.0, 'unit': '', 'net_profit': 0.0}, {'period': ""Q3 '20"", 'revenue': 7330000.0, 'unit': '', 'net_profit': 0.0}]",,,,,,,,,,,,,,,,,__nan__,__nan__
42,FCRZ,First Eagle Alternative Capital BDC Inc. 6.75% Notes due 2022,,,,,,,,,,0.0,-0.0739994,5079.0,,,[],"[{'period': ""Q2 '21"", 'revenue': 0.0, 'unit': '', 'net_profit': 0.0}, {'period': ""Q4 '20"", 'revenue': 18060000.0, 'unit': '', 'net_profit': 0.0}, {'period': ""Q3 '20"", 'revenue': 76890000.0, 'unit': '', 'net_profit': 0.0}]",,,,,,,,,,,,,,,,,__nan__,__nan__
43,FCT,First Trust Senior Floating Rate Income Fund II Common Shares of Beneficial Interest,,,,,,,,,,14.66,0.02999981,41311.0,,,[],"[{'period': ""Q2 '25"", 'revenue': 12.6, 'unit': 'M', 'net_profit': 9.32}, {'period': ""Q4 '24"", 'revenue': 13.14, 'unit': 'M', 'net_profit': 7.56}, {'period': ""Q2 '24"", 'revenue': 12.95, 'unit': 'M', 'net_profit': 11.02}, {'period': ""Q4 '23"", 'revenue': 14.85, 'unit': 'M', 'net_profit': 12.97}, {'period': ""Q2 '23"", 'revenue': 15.76, 'unit': 'M', 'net_profit': 19.15}, {'period': ""Q4 '22"", 'revenue': 13.4, 'unit': 'M', 'net_profit': 9.95}]",,,,,,,,,,,,,,,,,__nan__,__nan__
44,FCX,Freeport-McMoRan Inc. Common Stock,,,,,,,,,,36.57,-0.65,4289609.0,,,[],"[{'period': ""Q4 '25"", 'revenue': 5630.0, 'unit': 'M', 'net_profit': 406.0}, {'period': ""Q3 '25"", 'revenue': 6970.0, 'unit': 'M', 'net_profit': 674.0}, {'period': ""Q2 '25"", 'revenue': 7580.0, 'unit': 'M', 'net_profit': 772.0}, {'period': ""Q1 '25"", 'revenue': 5550.0, 'unit': 'M', 'net_profit': 346.0}, {'period': ""Q4 '24"", 'revenue': 5880.0, 'unit': 'M', 'net_profit': 274.0}, {'period': ""Q3 '24"", 'revenue': 6680.0, 'unit': 'M', 'net_profit': 520.0}]",,,,,,,,,,,,,,,,,__nan__,__nan__
45,FDEU,First Trust Dynamic Europe Equity Income Fund Common Shares of Beneficial Interest,,,,,,,,,,6.696808510638298,0.04,23962.0,,,[],"[{'period': ""Q2 '20"", 'revenue': 6.57, 'unit': 'M', 'net_profit': -63.86}, {'period': ""Q4 '19"", 'revenue': 6.07, 'unit': 'M', 'net_profit': 26.21}, {'period': ""Q2 '19"", 'revenue': 13.37, 'unit': 'M', 'net_profit': 24.89}, {'period': ""Q4 '18"", 'revenue': 5.63, 'unit': 'M', 'net_profit': -38.94}, {'period': ""Q2 '18"", 'revenue': 12.95, 'unit': 'M', 'net_profit': -25.76}, {'period': ""Q4 '17"", 'revenue': 4.51, 'unit': 'M', 'net_profit': 26.22}]",,,,,,,,,,,,,,,,,__nan__,__nan__
46,FDP,Fresh Del Monte Produce Inc. Common Stock,,,,,,,,,,22.21,-0.16,27957.0,,,[],"[{'period': ""Q4 '25"", 'revenue': 1020.0, 'unit': 'M', 'net_profit': 31.9}, {'period': ""Q3 '25"", 'revenue': 1020.0, 'unit': 'M', 'net_profit': -28.1}, {'period': ""Q2 '25"", 'revenue': 1190.0, 'unit': 'M', 'net_profit': 56.8}, {'period': ""Q1 '25"", 'revenue': 1100.0, 'unit': 'M', 'net_profit': 31.1}, {'period': ""Q4 '24"", 'revenue': 1010.0, 'unit': 'M', 'net_profit': 20.4}, {'period': ""Q3 '24"", 'revenue': 1020.0, 'unit': 'M', 'net_profit': 42.1}]",,,,,,,,,,,,,,,,,__nan__,__nan__
47,FDX,FedEx Corporation Common Stock,,,,,,,,,,18.45,1.91501,219954.0,,,[],"[{'period': ""Q3 '26"", 'revenue': 24.0, 'unit': 'B', 'net_profit': 1.06}, {'period': ""Q2 '26"", 'revenue': 23470.0, 'unit': 'M', 'net_profit': 956.0}, {'period': ""Q1 '26"", 'revenue': 22240.0, 'unit': 'M', 'net_profit': 824.0}, {'period': ""Q4 '25"", 'revenue': 22.22, 'unit': 'B', 'net_profit': 1.65}, {'period': ""Q3 '25"", 'revenue': 22160.0, 'unit': 'M', 'net_profit': 909.0}, {'period': ""Q2 '25"", 'revenue': 21970.0, 'unit': 'M', 'net_profit': 741.0}]",,,,,,,,,,,,,,,,,__nan__,__nan__
48,FE,FirstEnergy Corp. Common Stock,,,,,,,,,,28.89,0.82,715947.0,,,[],"[{'period': ""Q4 '25"", 'revenue': 3800.0, 'unit': 'M', 'net_profit': -49.0}, {'period': ""Q3 '25"", 'revenue': 4150.0, 'unit': 'M', 'net_profit': 441.0}, {'period': ""Q2 '25"", 'revenue': 3380.0, 'unit': 'M', 'net_profit': 268.0}, {'period': ""Q1 '25"", 'revenue': 3770.0, 'unit': 'M', 'net_profit': 360.0}, {'period': ""Q4 '24"", 'revenue': 3180.0, 'unit': 'M', 'net_profit': 261.0}, {'period': ""Q3 '24"", 'revenue': 3730.0, 'unit': 'M', 'net_profit': 419.0}]",,,,,,,,,,,,,,,,,__nan__,__nan__
49,FEDU,Four Seasons Education (Cayman) Inc. American Depositary Shares each two ADSs representing one ordinary share,,,,,,,,,,18.72,-0.12,2044.0,,,[],"[{'period': ""Q4 '25"", 'revenue': 58200.0, 'unit': 'K', 'net_profit': -639.0}, {'period': ""Q3 '25"", 'revenue': 58200.0, 'unit': 'K', 'net_profit': -639.0}, {'period': ""Q2 '25"", 'revenue': 67.34, 'unit': 'M', 'net_profit': 1.04}, {'period': ""Q1 '25"", 'revenue': 67.34, 'unit': 'M', 'net_profit': 1.04}, {'period': ""Q4 '24"", 'revenue': 31810.0, 'unit': 'K', 'net_profit': -43.5}, {'period': ""Q3 '24"", 'revenue': 31810.0, 'unit': 'K', 'net_profit': -43.5}]",,,,,,,,,,,,,,,,,__nan__,__nan__
50,FEI           ,First Trust MLP and Energy Income Fund Common Shares of Beneficial Interest,,,,,,,,,,16.948275862068964,0.02,99885.0,,,[],[],,,,,,,,,,,,,,,,,__nan__,__nan__
51,FENG,Phoenix New Media Limited American Depositary Shares each representing 8 Class A ordinary shares.,,,,,,,,,,-3.32,0.03,926.0,,,[],"[{'period': ""Q4 '25"", 'revenue': 201.44, 'unit': 'M', 'net_profit': 45.33}, {'period': ""Q3 '25"", 'revenue': 200.91, 'unit': 'M', 'net_profit': -4.92}, {'period': ""Q2 '25"", 'revenue': 187.15, 'unit': 'M', 'net_profit': -10.36}, {'period': ""Q1 '25"", 'revenue': 155.21, 'unit': 'M', 'net_profit': -29.73}, {'period': ""Q4 '24"", 'revenue': 218.11, 'unit': 'M', 'net_profit': -3.59}, {'period': ""Q3 '24"", 'revenue': 164.28, 'unit': 'M', 'net_profit': -18.49}]",,,,,,,,,,,,,,,,,__nan__,__nan__
52,FEO,First Trust/Aberdeen Emerging Opportunity Fund Common Shares of Beneficial Interest,,,,,,,,,,-11.418355184743742,0.0297,150253.0,,,[],[],,,,,,,,,,,,,,,,,__nan__,__nan__
53,FERG,Ferguson plc Ordinary Shares,,,,,,,,,,22.22,1.03,277912.0,,,[],"[{'period': ""Q2 '26"", 'revenue': 7500.0, 'unit': 'M', 'net_profit': 389.0}, {'period': ""Q1 '26"", 'revenue': 8170.0, 'unit': 'M', 'net_profit': 570.0}, {'period': ""Q4 '25"", 'revenue': 8500.0, 'unit': 'M', 'net_profit': 700.0}, {'period': ""Q3 '25"", 'revenue': 7620.0, 'unit': 'M', 'net_profit': 410.0}, {'period': ""Q2 '25"", 'revenue': 6870.0, 'unit': 'M', 'net_profit': 276.0}, {'period': ""Q1 '25"", 'revenue': 7770.0, 'unit': 'M', 'net_profit': 470.0}]",,,,,,,,,,,,,,,,,__nan__,__nan__
54,FET,Forum Energy Technologies Inc. Common Stock,,,,,,,,,,-73.83,-2.12,49803.0,,,[],"[{'period': ""Q4 '25"", 'revenue': 202.2, 'unit': 'M', 'net_profit': 2.07}, {'period': ""Q3 '25"", 'revenue': 196.23, 'unit': 'M', 'net_profit': -20.55}, {'period': ""Q2 '25"", 'revenue': 199.76, 'unit': 'M', 'net_profit': 7.7}, {'period': ""Q1 '25"", 'revenue': 193.28, 'unit': 'M', 'net_profit': 1.12}, {'period': ""Q4 '24"", 'revenue': 201.0, 'unit': 'M', 'net_profit': -103.5}, {'period': ""Q3 '24"", 'revenue': 207.81, 'unit': 'M', 'net_profit': -14.81}]",,,,,,,,,,,,,,,,,__nan__,__nan__
55,FF,FutureFuel Corp.  Common shares,,,,,,,,,,-3.5,0.02000004,169037.0,,,[],"[{'period': ""Q4 '25"", 'revenue': 19.84, 'unit': 'M', 'net_profit': -12.01}, {'period': ""Q3 '25"", 'revenue': 22.69, 'unit': 'M', 'net_profit': -9.33}, {'period': ""Q2 '25"", 'revenue': 35.67, 'unit': 'M', 'net_profit': -10.42}, {'period': ""Q1 '25"", 'revenue': 17.54, 'unit': 'M', 'net_profit': -17.64}, {'period': ""Q4 '24"", 'revenue': 61.51, 'unit': 'M', 'net_profit': 2.8}, {'period': ""Q3 '24"", 'revenue': 51.14, 'unit': 'M', 'net_profit': -1.2}]",,,,,,,,,,,,,,,,,__nan__,__nan__
56,FFA,First Trust Enhanced Equity Income Fund,,,,,,,,,,4.88,0.05,15638.0,,,[],"[{'period': ""Q4 '25"", 'revenue': 21.44, 'unit': 'M', 'net_profit': 61.24}, {'period': ""Q2 '25"", 'revenue': 11.47, 'unit': 'M', 'net_profit': 19.51}, {'period': ""Q4 '24"", 'revenue': 5.36, 'unit': 'M', 'net_profit': 28.91}, {'period': ""Q2 '24"", 'revenue': 27.58, 'unit': 'M', 'net_profit': 46.65}, {'period': ""Q4 '23"", 'revenue': 3.55, 'unit': 'M', 'net_profit': 23.71}, {'period': ""Q2 '23"", 'revenue': 3.5, 'unit': 'M', 'net_profit': 42.52}]",,,,,,,,,,,,,,,,,__nan__,__nan__
57,FFC,Flaherty & Crumrine Preferred and Income Securities Fund Incorporated,,,,,,,,,,10.28,0.03999996,36643.0,,,[],"[{'period': ""Q4 '25"", 'revenue': 45.39, 'unit': 'M', 'net_profit': 63.06}, {'period': ""Q2 '25"", 'revenue': 44.97, 'unit': 'M', 'net_profit': 8.09}, {'period': ""Q4 '24"", 'revenue': 43.9, 'unit': 'M', 'net_profit': 71.56}, {'period': ""Q2 '24"", 'revenue': 41.46, 'unit': 'M', 'net_profit': 81.28}, {'period': ""Q4 '23"", 'revenue': 5.63, 'unit': 'M', 'net_profit': 46.48}, {'period': ""Q2 '23"", 'revenue': 42.49, 'unit': 'M', 'net_profit': -39.75}]",,,,,,,,,,,,,,,,,__nan__,__nan__
58,FFG,FBL Financial Group Inc. Common Stock,,,,,,,,,,,,,,,[],"[{'period': ""Q1 '21"", 'revenue': 190.31, 'unit': 'M', 'net_profit': 27.68}, {'period': ""Q4 '20"", 'revenue': 191.79, 'unit': 'M', 'net_profit': 27.84}, {'period': ""Q3 '20"", 'revenue': 195.94, 'unit': 'M', 'net_profit': 20.97}, {'period': ""Q2 '20"", 'revenue': 201.21, 'unit': 'M', 'net_profit': 26.21}, {'period': ""Q1 '20"", 'revenue': 147.52, 'unit': 'M', 'net_profit': -2.52}, {'period': ""Q4 '19"", 'revenue': 193.56, 'unit': 'M', 'net_profit': 34.74}]",,,,,,,,,,,,,,,,,__nan__,__nan__
59,FGB,First Trust Specialty Finance and Financial Opportunities Fund,,,,,,,,,,5.1234567901234565,0.005,15498.0,,,[],"[{'period': ""Q4 '24"", 'revenue': 2.42, 'unit': 'M', 'net_profit': 2.72}, {'period': ""Q2 '24"", 'revenue': 1.58, 'unit': 'M', 'net_profit': 9.2}, {'period': ""Q4 '23"", 'revenue': 1.68, 'unit': 'M', 'net_profit': 8.5}, {'period': ""Q2 '23"", 'revenue': 3370.0, 'unit': 'K', 'net_profit': -812.92}, {'period': ""Q4 '22"", 'revenue': 2.28, 'unit': 'M', 'net_profit': -1.64}, {'period': ""Q2 '22"", 'revenue': 0.6200800000000001, 'unit': 'M', 'net_profit': 14.37}]",,,,,,,,,,,,,,,,,__nan__,__nan__
60,FGNA,FG New America Acquisition Corp. Class A Common Stock,,,,,,,,,,-4.351811436054125,-0.0799999,266009.0,,,[],"[{'period': ""Q4 '25"", 'revenue': -6.09, 'unit': 'M', 'net_profit': 38.44}, {'period': ""Q3 '25"", 'revenue': 104.56, 'unit': 'M', 'net_profit': 41.63}, {'period': ""Q2 '25"", 'revenue': 142.44, 'unit': 'M', 'net_profit': 11.48}, {'period': ""Q1 '25"", 'revenue': 140.27, 'unit': 'M', 'net_profit': -11.37}, {'period': ""Q1 '21"", 'revenue': 0.0, 'unit': 'M', 'net_profit': -4.36}]",,,,,,,,,,,,,,,,,__nan__,__nan__
61,FHI,Federated Hermes Inc. Common Stock,,,,,,,,,,11.0,0.43,45199.0,,,[],"[{'period': ""Q4 '25"", 'revenue': 487.08, 'unit': 'M', 'net_profit': 107.83}, {'period': ""Q3 '25"", 'revenue': 469.45, 'unit': 'M', 'net_profit': 104.13}, {'period': ""Q2 '25"", 'revenue': 424.84, 'unit': 'M', 'net_profit': 91.0}, {'period': ""Q1 '25"", 'revenue': 423.54, 'unit': 'M', 'net_profit': 101.13}, {'period': ""Q4 '24"", 'revenue': 424.68, 'unit': 'M', 'net_profit': 84.72}, {'period': ""Q3 '24"", 'revenue': 408.46, 'unit': 'M', 'net_profit': 87.54}]",,,,,,,,,,,,,,,,,__nan__,__nan__
62,FHN,First Horizon Corporation Common Stock,,,,,,,,,,11.9,0.13,571183.52012,,,[],"[{'period': ""Q4 '25"", 'revenue': 1260.0, 'unit': 'M', 'net_profit': 261.0}, {'period': ""Q3 '25"", 'revenue': 1270.0, 'unit': 'M', 'net_profit': 262.0}, {'period': ""Q2 '25"", 'revenue': 1210.0, 'unit': 'M', 'net_profit': 241.0}, {'period': ""Q1 '25"", 'revenue': 1170.0, 'unit': 'M', 'net_profit': 218.0}, {'period': ""Q4 '24"", 'revenue': 1140.0, 'unit': 'M', 'net_profit': 166.0}, {'period': ""Q3 '24"", 'revenue': 1290.0, 'unit': 'M', 'net_profit': 218.0}]",,,,,,,,,,,,,,,,,__nan__,__nan__
63,FHS,First High-School Education Group Co. Ltd. American Depositary Shares,,,,,,,,,,0.552,0.0,1284070.0,,,[],[],,,,,,,,,,,,,,,,,__nan__,__nan__
64,FI,Frank's International N.V. Common Stock,,,,,,,,,,9.860896445131376,0.1,8049285.0,,,[],"[{'period': ""Q4 '25"", 'revenue': 5280.0, 'unit': 'M', 'net_profit': 811.0}, {'period': ""Q3 '25"", 'revenue': 5260.0, 'unit': 'M', 'net_profit': 792.0}, {'period': ""Q2 '25"", 'revenue': 5.52, 'unit': 'B', 'net_profit': 1.03}, {'period': ""Q1 '25"", 'revenue': 5130.0, 'unit': 'M', 'net_profit': 851.0}, {'period': ""Q4 '24"", 'revenue': 5250.0, 'unit': 'M', 'net_profit': 938.0}, {'period': ""Q3 '24"", 'revenue': 5210.0, 'unit': 'M', 'net_profit': 564.0}]",,,,,,,,,,,,,,,,,__nan__,__nan__
65,FICO,Fair Isaac Corproation Common Stock,,,,,,,,,,38.95,40.53,69086.0,,,[],"[{'period': ""Q1 '26"", 'revenue': 511.96, 'unit': 'M', 'net_profit': 158.37}, {'period': ""Q4 '25"", 'revenue': 515.75, 'unit': 'M', 'net_profit': 155.01}, {'period': ""Q3 '25"", 'revenue': 536.41, 'unit': 'M', 'net_profit': 181.79}, {'period': ""Q2 '25"", 'revenue': 498.74, 'unit': 'M', 'net_profit': 162.62}, {'period': ""Q1 '25"", 'revenue': 439.97, 'unit': 'M', 'net_profit': 152.53}, {'period': ""Q4 '24"", 'revenue': 453.81, 'unit': 'M', 'net_profit': 135.69}]",,,,,,,,,,,,,,,,,__nan__,__nan__
66,FIF,First Trust Energy Infrastructure Fund Common Shares of Beneficial Interest,,,,,,,,,,-17.745098039215687,0.01,168536.0,,,[],[],,,,,,,,,,,,,,,,,__nan__,__nan__
67,FINS,Angel Oak Financial Strategies Income Term Trust Common Shares of Beneficial Interest,,,,,,,,,,6.77,0.14,10003.0,,,[],"[{'period': ""Q4 '23"", 'revenue': -7.18, 'unit': 'M', 'net_profit': 16.56}, {'period': ""Q2 '23"", 'revenue': 15.72, 'unit': 'M', 'net_profit': -8.98}, {'period': ""Q4 '22"", 'revenue': 15.98, 'unit': 'M', 'net_profit': -24.02}, {'period': ""Q2 '22"", 'revenue': 13.44, 'unit': 'M', 'net_profit': -13.97}, {'period': ""Q4 '21"", 'revenue': 11430.0, 'unit': 'K', 'net_profit': 378.71}, {'period': ""Q2 '21"", 'revenue': 10.88, 'unit': 'M', 'net_profit': 16.33}]",,,,,,,,,,,,,,,,,__nan__,__nan__
68,FINV,FinVolution Group American Depositary Shares,,,,,,,,,,3.38,0.035,277737.0,,,[],"[{'period': ""Q4 '25"", 'revenue': 2980.0, 'unit': 'M', 'net_profit': 418.85}, {'period': ""Q3 '25"", 'revenue': 3490.0, 'unit': 'M', 'net_profit': 624.29}, {'period': ""Q2 '25"", 'revenue': 3580.0, 'unit': 'M', 'net_profit': 747.0}, {'period': ""Q1 '25"", 'revenue': 3480.0, 'unit': 'M', 'net_profit': 746.41}, {'period': ""Q4 '24"", 'revenue': 3460.0, 'unit': 'M', 'net_profit': 680.71}, {'period': ""Q3 '24"", 'revenue': 3280.0, 'unit': 'M', 'net_profit': 623.6}]",,,,,,,,,,,,,,,,,__nan__,__nan__
69,FIS,Fidelity National Information Services Inc. Common Stock,,,,,,,,,,65.16,0.68,950288.0,,,[],"[{'period': ""Q4 '25"", 'revenue': 2810.0, 'unit': 'M', 'net_profit': 511.0}, {'period': ""Q3 '25"", 'revenue': 2940.0, 'unit': 'M', 'net_profit': 264.0}, {'period': ""Q2 '25"", 'revenue': 2620.0, 'unit': 'M', 'net_profit': -470.0}, {'period': ""Q1 '25"", 'revenue': 2530.0, 'unit': 'M', 'net_profit': 77.0}, {'period': ""Q4 '24"", 'revenue': 2600.0, 'unit': 'M', 'net_profit': 281.0}, {'period': ""Q3 '24"", 'revenue': 2570.0, 'unit': 'M', 'net_profit': 224.0}]",,,,,,,,,,,,,,,,,__nan__,__nan__
70,FIV,First Trust Senior Floating Rate 2022 Target Term Fund Common Shares of Beneficial Interest,,,,,,,,,,,0.0,62814.0,,,[],[],,,,,,,,,,,,,,,,,__nan__,__nan__
71,FIX,Comfort Systems USA Inc. Common Stock,,,,,,,,,,44.95,-70.48,151989.0,,,[],"[{'period': ""Q4 '25"", 'revenue': 2650.0, 'unit': 'M', 'net_profit': 330.81}, {'period': ""Q3 '25"", 'revenue': 2450.0, 'unit': 'M', 'net_profit': 291.62}, {'period': ""Q2 '25"", 'revenue': 2170.0, 'unit': 'M', 'net_profit': 230.85}, {'period': ""Q1 '25"", 'revenue': 1830.0, 'unit': 'M', 'net_profit': 169.29}, {'period': ""Q4 '24"", 'revenue': 1870.0, 'unit': 'M', 'net_profit': 145.87}, {'period': ""Q3 '24"", 'revenue': 1810.0, 'unit': 'M', 'net_profit': 146.24}]",,,,,,,,,,,,,,,,,__nan__,__nan__
72,FL,Foot Locker Inc.,,,,,,,,,,-6.047858942065491,-0.09,8307821.0,,,[],"[{'period': ""Q2 '25"", 'revenue': 1860.0, 'unit': 'M', 'net_profit': -38.0}, {'period': ""Q1 '25"", 'revenue': 1790.0, 'unit': 'M', 'net_profit': -363.0}, {'period': ""Q4 '24"", 'revenue': 2250.0, 'unit': 'M', 'net_profit': 49.0}, {'period': ""Q3 '24"", 'revenue': 1960.0, 'unit': 'M', 'net_profit': -33.0}, {'period': ""Q2 '24"", 'revenue': 1900.0, 'unit': 'M', 'net_profit': -12.0}, {'period': ""Q1 '24"", 'revenue': 1880.0, 'unit': 'M', 'net_profit': 8.0}]",,,,,,,,,,,,,,,,,__nan__,__nan__
73,FLC,Flaherty & Crumrine Total Return Fund Inc Common Stock,,,,,,,,,,10.6,1.52588e-07,4278.0,,,[],"[{'period': ""Q4 '25"", 'revenue': 10.61, 'unit': 'M', 'net_profit': 14.34}, {'period': ""Q2 '25"", 'revenue': 10.53, 'unit': 'M', 'net_profit': 1.81}, {'period': ""Q4 '24"", 'revenue': 10.76, 'unit': 'M', 'net_profit': 16.1}, {'period': ""Q2 '24"", 'revenue': 9.48, 'unit': 'M', 'net_profit': 18.48}, {'period': ""Q4 '23"", 'revenue': 10.12, 'unit': 'M', 'net_profit': 10.5}, {'period': ""Q2 '23"", 'revenue': 10.02, 'unit': 'M', 'net_profit': -8.39}]",,,,,,,,,,,,,,,,,__nan__,__nan__
74,FLME,Flame Acquisition Corp. Class A Common Stock,,,,,,,,,,-15.512820512820513,0.1,94273.0,,,[],"[{'period': ""Q4 '25"", 'revenue': 0.0, 'unit': 'M', 'net_profit': -62.17}, {'period': ""Q3 '25"", 'revenue': 0.0, 'unit': 'M', 'net_profit': -110.38}, {'period': ""Q2 '25"", 'revenue': 0.0, 'unit': 'M', 'net_profit': -128.07}, {'period': ""Q1 '25"", 'revenue': 0.0, 'unit': 'M', 'net_profit': -109.54}, {'period': ""Q4 '24"", 'revenue': 4.98, 'unit': 'M', 'net_profit': 3.4}, {'period': ""Q3 '24"", 'revenue': 0.0, 'unit': 'M', 'net_profit': -255.57}]",,,,,,,,,,,,,,,,,__nan__,__nan__
75,FLNG,FLEX LNG Ltd. Ordinary Shares,,,,,,,,,,21.87,-0.01499947,150775.0,,,[],"[{'period': ""Q4 '25"", 'revenue': 87.54, 'unit': 'M', 'net_profit': 21.55}, {'period': ""Q3 '25"", 'revenue': 85.68, 'unit': 'M', 'net_profit': 16.82}, {'period': ""Q2 '25"", 'revenue': 85.98, 'unit': 'M', 'net_profit': 17.72}, {'period': ""Q1 '25"", 'revenue': 88.44, 'unit': 'M', 'net_profit': 18.73}, {'period': ""Q4 '24"", 'revenue': 90.93, 'unit': 'M', 'net_profit': 45.22}, {'period': ""Q3 '24"", 'revenue': 90.48, 'unit': 'M', 'net_profit': 17.41}]",,,,,,,,,,,,,,,,,__nan__,__nan__
76,FLO,Flowers Foods Inc. Common Stock,,,,,,,,,,20.91,-0.04,996769.52983,,,[],"[{'period': ""Q4 '25"", 'revenue': 1230.0, 'unit': 'M', 'net_profit': -67.07}, {'period': ""Q3 '25"", 'revenue': 1230.0, 'unit': 'M', 'net_profit': 39.53}, {'period': ""Q2 '25"", 'revenue': 1240.0, 'unit': 'M', 'net_profit': 58.37}, {'period': ""Q1 '25"", 'revenue': 1550.0, 'unit': 'M', 'net_profit': 53.0}, {'period': ""Q4 '24"", 'revenue': 1110.0, 'unit': 'M', 'net_profit': 43.12}, {'period': ""Q3 '24"", 'revenue': 1190.0, 'unit': 'M', 'net_profit': 64.98}]",,,,,,,,,,,,,,,,,__nan__,__nan__
77,FLOW,SPX FLOW Inc. Common Stock,,,,,,,,,,13.67,0.0,97.0,,,[],[],,,,,,,,,,,,,,,,,__nan__,__nan__
78,FLR,Fluor Corporation Common Stock,,,,,,,,,,-144.97,-0.8,540943.0,,,[],"[{'period': ""Q4 '25"", 'revenue': 4.18, 'unit': 'B', 'net_profit': -1.57}, {'period': ""Q3 '25"", 'revenue': 3370.0, 'unit': 'M', 'net_profit': -697.0}, {'period': ""Q2 '25"", 'revenue': 3.98, 'unit': 'B', 'net_profit': 2.46}, {'period': ""Q1 '25"", 'revenue': 3980.0, 'unit': 'M', 'net_profit': -241.0}, {'period': ""Q4 '24"", 'revenue': 4.26, 'unit': 'B', 'net_profit': 1.86}, {'period': ""Q3 '24"", 'revenue': 4090.0, 'unit': 'M', 'net_profit': 54.0}]",,,,,,,,,,,,,,,,,__nan__,__nan__
79,FLS,Flowserve Corporation Common Stock,,,,,,,,,,26.7,-1.65,447462.0,,,[],"[{'period': ""Q4 '25"", 'revenue': 1220.0, 'unit': 'M', 'net_profit': -29.0}, {'period': ""Q3 '25"", 'revenue': 1170.0, 'unit': 'M', 'net_profit': 219.58}, {'period': ""Q2 '25"", 'revenue': 1190.0, 'unit': 'M', 'net_profit': 81.75}, {'period': ""Q1 '25"", 'revenue': 1140.0, 'unit': 'M', 'net_profit': 73.91}, {'period': ""Q4 '24"", 'revenue': 1180.0, 'unit': 'M', 'net_profit': 77.54}, {'period': ""Q3 '24"", 'revenue': 1130.0, 'unit': 'M', 'net_profit': 58.38}]",,,,,,,,,,,,,,,,,__nan__,__nan__
80,FLT,FleetCor Technologies Inc. Common Stock,,,,,,,,,,22.974242424242423,-2.54,334906.0,,,[],"[{'period': ""Q4 '25"", 'revenue': 1250.0, 'unit': 'M', 'net_profit': 264.48}, {'period': ""Q3 '25"", 'revenue': 1170.0, 'unit': 'M', 'net_profit': 277.94}, {'period': ""Q2 '25"", 'revenue': 1100.0, 'unit': 'M', 'net_profit': 284.17}, {'period': ""Q1 '25"", 'revenue': 1010.0, 'unit': 'M', 'net_profit': 243.88}, {'period': ""Q4 '24"", 'revenue': 1030.0, 'unit': 'M', 'net_profit': 245.96}, {'period': ""Q3 '24"", 'revenue': 1030.0, 'unit': 'M', 'net_profit': 276.4}]",,,,,,,,,,,,,,,,,__nan__,__nan__
81,FLY,Fly Leasing Limited,,,,,,,,,,-4.83,-0.395,1758319.0,,,[],"[{'period': ""Q4 '25"", 'revenue': 57.67, 'unit': 'M', 'net_profit': -41.06}, {'period': ""Q3 '25"", 'revenue': 30.78, 'unit': 'M', 'net_profit': -133.41}, {'period': ""Q2 '25"", 'revenue': 15.55, 'unit': 'M', 'net_profit': -63.78}, {'period': ""Q1 '25"", 'revenue': 55.85, 'unit': 'M', 'net_profit': -60.09}, {'period': ""Q2 '24"", 'revenue': 21.07, 'unit': 'M', 'net_profit': -53.45}, {'period': ""Q1 '24"", 'revenue': 8.32, 'unit': 'M', 'net_profit': -52.77}]",,,,,,,,,,,,,,,,,__nan__,__nan__
82,FMAC,FirstMark Horizon Acquisition Corp. Class A Common Stock,,,,,,,,,,-188.62745098039215,-0.0299997,367747.0,,,[],"[{'period': ""Q4 '21"", 'revenue': 0.0, 'unit': 'M', 'net_profit': 56.25}, {'period': ""Q2 '21"", 'revenue': 0.0, 'unit': 'K', 'net_profit': -323.0}, {'period': ""Q4 '20"", 'revenue': 0.0, 'unit': 'K', 'net_profit': -246.0}]",,,,,,,,,,,,,,,,,__nan__,__nan__
83,FMC,FMC Corporation Common Stock,,,,,,,,,,-0.94,0.82,999862.0,,,[],"[{'period': ""Q4 '25"", 'revenue': 1.14, 'unit': 'B', 'net_profit': -1.72}, {'period': ""Q3 '25"", 'revenue': 489.0, 'unit': 'M', 'net_profit': -569.3}, {'period': ""Q2 '25"", 'revenue': 1050.0, 'unit': 'M', 'net_profit': 66.7}, {'period': ""Q1 '25"", 'revenue': 791.4, 'unit': 'M', 'net_profit': -15.5}, {'period': ""Q4 '24"", 'revenue': 1220.0, 'unit': 'M', 'net_profit': -16.8}, {'period': ""Q3 '24"", 'revenue': 1070.0, 'unit': 'M', 'net_profit': 64.8}]",,,,,,,,,,,,,,,,,__nan__,__nan__
84,FMN,Federated Hermes Premier Municipal Income Fund,,,,,,,,,,88.88,0.01,18995.0,,,[],"[{'period': ""Q4 '25"", 'revenue': 1.68, 'unit': 'M', 'net_profit': 7.25}, {'period': ""Q2 '25"", 'revenue': 3.87, 'unit': 'M', 'net_profit': -6.32}, {'period': ""Q4 '24"", 'revenue': 4.94, 'unit': 'M', 'net_profit': 8.14}, {'period': ""Q2 '24"", 'revenue': 5.4, 'unit': 'M', 'net_profit': 3.86}, {'period': ""Q4 '23"", 'revenue': 5.08, 'unit': 'M', 'net_profit': 1.49}, {'period': ""Q2 '23"", 'revenue': 5.23, 'unit': 'M', 'net_profit': 2.18}]",,,,,,,,,,,,,,,,,__nan__,__nan__
85,FMO,Fiduciary/Claymore Energy Infrastructure Fund Common Shares of Beneficial Interest,,,,,,,,,,2.501547987616099,0.0,55034.0,,,[],[],,,,,,,,,,,,,,,,,__nan__,__nan__
86,FMS,Fresenius Medical Care AG Common Stock,,,,,,,,,,11.41,0.07,76693.0,,,[],"[{'period': ""Q4 '25"", 'revenue': 5070.0, 'unit': 'M', 'net_profit': 327.0}, {'period': ""Q3 '25"", 'revenue': 4880.0, 'unit': 'M', 'net_profit': 274.8}, {'period': ""Q2 '25"", 'revenue': 4790.0, 'unit': 'M', 'net_profit': 225.27}, {'period': ""Q1 '25"", 'revenue': 4880.0, 'unit': 'M', 'net_profit': 151.22}, {'period': ""Q4 '24"", 'revenue': 5080.0, 'unit': 'M', 'net_profit': 66.91}, {'period': ""Q3 '24"", 'revenue': 4760.0, 'unit': 'M', 'net_profit': 213.0}]",,,,,,,,,,,,,,,,,__nan__,__nan__
87,FMX,Fomento Economico Mexicano S.A.B. de C.V. Common Stock,,,,,,,,,,37.19,0.27,82191.0,,,[],"[{'period': ""Q4 '25"", 'revenue': 229.56, 'unit': 'B', 'net_profit': 8.52}, {'period': ""Q3 '25"", 'revenue': 212.06, 'unit': 'B', 'net_profit': 2.38}, {'period': ""Q2 '25"", 'revenue': 203.8, 'unit': 'B', 'net_profit': 2.61}, {'period': ""Q1 '25"", 'revenue': 195.53, 'unit': 'B', 'net_profit': 3.31}, {'period': ""Q4 '24"", 'revenue': 216.39, 'unit': 'B', 'net_profit': 7.05}, {'period': ""Q3 '24"", 'revenue': 204.05, 'unit': 'B', 'net_profit': 6.12}]",,,,,,,,,,,,,,,,,__nan__,__nan__
88,FMY,First Trust Motgage Income Fund Common Shares of Beneficial Interest,,,,,,,,,,10.9,0.1744,1304.0,,,[],"[{'period': ""Q4 '25"", 'revenue': 2.32, 'unit': 'M', 'net_profit': 2.3}, {'period': ""Q2 '25"", 'revenue': 0.72127, 'unit': 'M', 'net_profit': 1.13}, {'period': ""Q4 '24"", 'revenue': 2.32, 'unit': 'M', 'net_profit': 3.29}, {'period': ""Q2 '24"", 'revenue': 2.36, 'unit': 'M', 'net_profit': 4.73}, {'period': ""Q4 '23"", 'revenue': -0.13481, 'unit': 'M', 'net_profit': -1.74}, {'period': ""Q2 '23"", 'revenue': 2.02, 'unit': 'M', 'net_profit': 3.08}]",,,,,,,,,,,,,,,,,__nan__,__nan__
89,FN,Fabrinet Ordinary Shares,,,,,,,,,,48.93,-41.62161,167412.0,,,[],"[{'period': ""Q2 '26"", 'revenue': 1130.0, 'unit': 'M', 'net_profit': 112.63}, {'period': ""Q1 '26"", 'revenue': 978.13, 'unit': 'M', 'net_profit': 92.96}, {'period': ""Q4 '25"", 'revenue': 909.69, 'unit': 'M', 'net_profit': 87.21}, {'period': ""Q3 '25"", 'revenue': 871.8, 'unit': 'M', 'net_profit': 81.29}, {'period': ""Q2 '25"", 'revenue': 833.61, 'unit': 'M', 'net_profit': 86.64}, {'period': ""Q1 '25"", 'revenue': 804.23, 'unit': 'M', 'net_profit': 77.39}]",,,,,,,,,,,,,,,,,__nan__,__nan__
90,FNB,F.N.B. Corporation Common Stock,,,,,,,,,,10.45,0.125,934070.0,,,[],"[{'period': ""Q4 '25"", 'revenue': 679.83, 'unit': 'M', 'net_profit': 168.69}, {'period': ""Q3 '25"", 'revenue': 694.0, 'unit': 'M', 'net_profit': 150.0}, {'period': ""Q2 '25"", 'revenue': 674.0, 'unit': 'M', 'net_profit': 130.0}, {'period': ""Q1 '25"", 'revenue': 647.2, 'unit': 'M', 'net_profit': 116.52}, {'period': ""Q4 '24"", 'revenue': 620.0, 'unit': 'M', 'net_profit': 110.0}, {'period': ""Q3 '24"", 'revenue': 672.0, 'unit': 'M', 'net_profit': 110.0}]",,,,,,,,,,,,,,,,,__nan__,__nan__
91,FND,Floor & Decor Holdings Inc. Common Stock,,,,,,,,,,26.2,0.04,340630.0,,,[],"[{'period': ""Q4 '25"", 'revenue': 1130.0, 'unit': 'M', 'net_profit': 39.33}, {'period': ""Q3 '25"", 'revenue': 1180.0, 'unit': 'M', 'net_profit': 57.26}, {'period': ""Q2 '25"", 'revenue': 1210.0, 'unit': 'M', 'net_profit': 63.18}, {'period': ""Q1 '25"", 'revenue': 1160.0, 'unit': 'M', 'net_profit': 48.88}, {'period': ""Q4 '24"", 'revenue': 1110.0, 'unit': 'M', 'net_profit': 47.48}, {'period': ""Q3 '24"", 'revenue': 1120.0, 'unit': 'M', 'net_profit': 51.69}]",,,,,,,,,,,,,,,,,__nan__,__nan__
92,FNF,FNF Group of Fidelity National Financial Inc. Common Stock,,,,,,,,,,21.08,0.91,240202.0,,,[],"[{'period': ""Q4 '25"", 'revenue': 4070.0000000000005, 'unit': 'M', 'net_profit': -117.0}, {'period': ""Q3 '25"", 'revenue': 3940.0, 'unit': 'M', 'net_profit': 358.0}, {'period': ""Q2 '25"", 'revenue': 3580.0, 'unit': 'M', 'net_profit': 278.0}, {'period': ""Q1 '25"", 'revenue': 2670.0, 'unit': 'M', 'net_profit': 83.0}, {'period': ""Q4 '24"", 'revenue': 3530.0, 'unit': 'M', 'net_profit': 450.0}, {'period': ""Q3 '24"", 'revenue': 3520.0, 'unit': 'M', 'net_profit': 266.0}]",,,,,,,,,,,,,,,,,__nan__,__nan__
93,FNV,Franco-Nevada Corporation,,,,,,,,,,41.08,2.682,219347.0,,,[],"[{'period': ""Q4 '25"", 'revenue': 604.86, 'unit': 'M', 'net_profit': 373.35}, {'period': ""Q3 '25"", 'revenue': 487.7, 'unit': 'M', 'net_profit': 287.5}, {'period': ""Q2 '25"", 'revenue': 369.4, 'unit': 'M', 'net_profit': 247.1}, {'period': ""Q1 '25"", 'revenue': 368.4, 'unit': 'M', 'net_profit': 209.8}, {'period': ""Q4 '24"", 'revenue': 321.0, 'unit': 'M', 'net_profit': 175.4}, {'period': ""Q3 '24"", 'revenue': 275.7, 'unit': 'M', 'net_profit': 152.7}]",,,,,,,,,,,,,,,,,__nan__,__nan__
94,FOA,Finance of America Companies Inc. Class A Common Stock,,,,,,,,,,4.18,0.125,7606.0,,,[],"[{'period': ""Q4 '25"", 'revenue': 483.03, 'unit': 'M', 'net_profit': -10.38}, {'period': ""Q3 '25"", 'revenue': 490.94, 'unit': 'M', 'net_profit': -9.52}, {'period': ""Q2 '25"", 'revenue': 597.95, 'unit': 'M', 'net_profit': 34.92}, {'period': ""Q1 '25"", 'revenue': 571.7, 'unit': 'M', 'net_profit': 30.21}, {'period': ""Q4 '24"", 'revenue': 289.04, 'unit': 'M', 'net_profit': -59.09}, {'period': ""Q3 '24"", 'revenue': 712.2, 'unit': 'M', 'net_profit': 84.2}]",,,,,,,,,,,,,,,,,__nan__,__nan__
95,FOE,Ferro Corporation Common Stock,,,,,,,,,,0.0,0.0599995,1249272.0,,,[],"[{'period': ""Q4 '21"", 'revenue': 266.35, 'unit': 'M', 'net_profit': 25.68}, {'period': ""Q3 '21"", 'revenue': 277.23, 'unit': 'M', 'net_profit': 10.38}, {'period': ""Q2 '21"", 'revenue': 294.33, 'unit': 'M', 'net_profit': 15.51}, {'period': ""Q1 '21"", 'revenue': 288.36, 'unit': 'M', 'net_profit': 107.96}, {'period': ""Q4 '20"", 'revenue': 259.95, 'unit': 'M', 'net_profit': 17.74}, {'period': ""Q3 '20"", 'revenue': 241.88, 'unit': 'M', 'net_profit': 14.47}]",,,,,,,,,,,,,,,,,__nan__,__nan__
96,FOF,Cohen & Steers Closed-End Opportunity Fund Inc. Common Stock,,,,,,,,,,5.64,0.045,54452.0,,,[],"[{'period': ""Q4 '25"", 'revenue': 17.95, 'unit': 'M', 'net_profit': 36.18}, {'period': ""Q2 '25"", 'revenue': 16.88, 'unit': 'M', 'net_profit': 26.81}, {'period': ""Q4 '24"", 'revenue': 18.11, 'unit': 'M', 'net_profit': 24.42}, {'period': ""Q2 '24"", 'revenue': 8.68, 'unit': 'M', 'net_profit': 36.19}, {'period': ""Q4 '23"", 'revenue': 1.87, 'unit': 'M', 'net_profit': 15.51}, {'period': ""Q2 '23"", 'revenue': 2.25, 'unit': 'M', 'net_profit': 18.59}]",,,,,,,,,,,,,,,,,__nan__,__nan__
97,FOR,Forestar Group Inc Common Stock ,,,,,,,,,,7.48,-0.34,29246.0,,,[],"[{'period': ""Q1 '26"", 'revenue': 273.0, 'unit': 'M', 'net_profit': 15.4}, {'period': ""Q4 '25"", 'revenue': 670.5, 'unit': 'M', 'net_profit': 87.0}, {'period': ""Q3 '25"", 'revenue': 390.5, 'unit': 'M', 'net_profit': 32.9}, {'period': ""Q2 '25"", 'revenue': 351.0, 'unit': 'M', 'net_profit': 31.6}, {'period': ""Q1 '25"", 'revenue': 250.4, 'unit': 'M', 'net_profit': 16.5}, {'period': ""Q4 '24"", 'revenue': 551.4, 'unit': 'M', 'net_profit': 81.6}]",,,,,,,,,,,,,,,,,__nan__,__nan__
98,FOUR,Shift4 Payments Inc. Class A Common Stock,,,,,,,,,,40.2,-1.06,379260.0,,,[],"[{'period': ""Q4 '25"", 'revenue': 1190.0, 'unit': 'M', 'net_profit': 25.0}, {'period': ""Q3 '25"", 'revenue': 1180.0, 'unit': 'M', 'net_profit': 28.1}, {'period': ""Q2 '25"", 'revenue': 966.2, 'unit': 'M', 'net_profit': 34.0}, {'period': ""Q1 '25"", 'revenue': 848.3, 'unit': 'M', 'net_profit': 16.7}, {'period': ""Q4 '24"", 'revenue': 887.0, 'unit': 'M', 'net_profit': 116.0}, {'period': ""Q3 '24"", 'revenue': 909.2, 'unit': 'M', 'net_profit': 53.8}]",,,,,,,,,,,,,,,,,__nan__,__nan__
99,FPAC,Far Peak Acquisition Corporation Class A Ordinary Shares,,,,,,,,,,10.108910891089108,0.01,9508272.0,,,[],"[{'period': ""Q1 '22"", 'revenue': 0.0, 'unit': 'M', 'net_profit': 17.4}, {'period': ""Q4 '21"", 'revenue': 0.0, 'unit': 'M', 'net_profit': 5.91}, {'period': ""Q3 '21"", 'revenue': 0.0, 'unit': 'M', 'net_profit': 107.75}, {'period': ""Q2 '21"", 'revenue': 0.0, 'unit': 'M', 'net_profit': 18.84}, {'period': ""Q1 '21"", 'revenue': 0.0, 'unit': 'M', 'net_profit': -9.37}, {'period': ""Q4 '20"", 'revenue': 0.0, 'unit': 'M', 'net_profit': -10.76}]",,,,,,,,,,,,,,,,,__nan__,__nan__
100,FPF,First Trust Intermediate Duration Preferred & Income Fund Common Shares of Beneficial Interest,,,,,,,,,,8.84,0.09,26698.0,,,[],"[{'period': ""Q4 '25"", 'revenue': 74.98, 'unit': 'M', 'net_profit': 138.98}, {'period': ""Q2 '25"", 'revenue': 67.12, 'unit': 'M', 'net_profit': -19.0}, {'period': ""Q4 '24"", 'revenue': 59.6, 'unit': 'M', 'net_profit': 111.68}, {'period': ""Q2 '24"", 'revenue': 55.2, 'unit': 'M', 'net_profit': 165.1}, {'period': ""Q4 '23"", 'revenue': 48.09, 'unit': 'M', 'net_profit': 7.69}, {'period': ""Q2 '23"", 'revenue': -22.73, 'unit': 'M', 'net_profit': -31.2}]",,,,,,,,,,,,,,,,,__nan__,__nan__
101,FPH,Five Point Holdings LLC Class A Common Shares,,,,,,,,,,5.06,0.085,6367.0,,,[],"[{'period': ""Q4 '25"", 'revenue': 75.9, 'unit': 'M', 'net_profit': 23.29}, {'period': ""Q3 '25"", 'revenue': 13.49, 'unit': 'M', 'net_profit': 21.07}, {'period': ""Q2 '25"", 'revenue': 7.47, 'unit': 'M', 'net_profit': 3.32}, {'period': ""Q1 '25"", 'revenue': 13.16, 'unit': 'M', 'net_profit': 23.28}, {'period': ""Q4 '24"", 'revenue': 159.79, 'unit': 'M', 'net_profit': 46.49}, {'period': ""Q3 '24"", 'revenue': 17.01, 'unit': 'M', 'net_profit': 4.76}]",,,,,,,,,,,,,,,,,__nan__,__nan__
102,FPI,Farmland Partners Inc. Common Stock,,,,,,,,,,18.21,0.23,129902.0,,,[],"[{'period': ""Q4 '25"", 'revenue': 22.52, 'unit': 'M', 'net_profit': 21.42}, {'period': ""Q3 '25"", 'revenue': 11250.0, 'unit': 'K', 'net_profit': 483.0}, {'period': ""Q2 '25"", 'revenue': 9.96, 'unit': 'M', 'net_profit': 7.6}, {'period': ""Q1 '25"", 'revenue': 10.25, 'unit': 'M', 'net_profit': 2.04}, {'period': ""Q4 '24"", 'revenue': 21.47, 'unit': 'M', 'net_profit': 58.75}, {'period': ""Q3 '24"", 'revenue': 13.32, 'unit': 'M', 'net_profit': 1.79}]",,,,,,,,,,,,,,,,,__nan__,__nan__
103,FPL,First Trust New Opportunities MLP & Energy Fund Common Shares of Beneficial Interest,,,,,,,,,,15.83673469387755,0.015,62506.0,,,[],"[{'period': ""Q4 '23"", 'revenue': 16.44, 'unit': 'M', 'net_profit': 8.09}, {'period': ""Q2 '23"", 'revenue': 4.42, 'unit': 'M', 'net_profit': 5.3}, {'period': ""Q4 '22"", 'revenue': 13.48, 'unit': 'M', 'net_profit': 5.99}, {'period': ""Q2 '22"", 'revenue': 3.54, 'unit': 'M', 'net_profit': 20.29}, {'period': ""Q2 '20"", 'revenue': 4.3, 'unit': 'M', 'net_profit': -93.99}, {'period': ""Q4 '19"", 'revenue': 1.68, 'unit': 'M', 'net_profit': -9.02}]",,,,,,,,,,,,,,,,,__nan__,__nan__
104,FR,First Industrial Realty Trust Inc. Common Stock,,,,,,,,,,30.99,0.77,49044.0,,,[],"[{'period': ""Q4 '25"", 'revenue': 188.41, 'unit': 'M', 'net_profit': 78.85}, {'period': ""Q3 '25"", 'revenue': 181.43, 'unit': 'M', 'net_profit': 65.27}, {'period': ""Q2 '25"", 'revenue': 179.82, 'unit': 'M', 'net_profit': 55.15}, {'period': ""Q1 '25"", 'revenue': 177.25, 'unit': 'M', 'net_profit': 48.07}, {'period': ""Q4 '24"", 'revenue': 175.31, 'unit': 'M', 'net_profit': 68.42}, {'period': ""Q3 '24"", 'revenue': 168.16, 'unit': 'M', 'net_profit': 99.36}]",,,,,,,,,,,,,,,,,__nan__,__nan__
105,FRA,Blackrock Floating Rate Income Strategies Fund Inc  Common Stock,,,,,,,,,,15.11,0.035,88607.0,,,[],"[{'period': ""Q4 '25"", 'revenue': 18.34, 'unit': 'M', 'net_profit': 13.24}, {'period': ""Q2 '25"", 'revenue': 11.14, 'unit': 'M', 'net_profit': 5.58}, {'period': ""Q1 '25"", 'revenue': 11.14, 'unit': 'M', 'net_profit': 5.58}, {'period': ""Q4 '24"", 'revenue': 20.02, 'unit': 'M', 'net_profit': 19.48}, {'period': ""Q3 '24"", 'revenue': 13.33, 'unit': 'M', 'net_profit': 9.74}, {'period': ""Q2 '24"", 'revenue': 13.85, 'unit': 'M', 'net_profit': 9.86}]",,,,,,,,,,,,,,,,,__nan__,__nan__
106,FRC,FIRST REPUBLIC BANK Common Stock,,,,,,,,,,0.4254545454545455,0.0,0.0,,,[],"[{'period': ""Q1 '23"", 'revenue': 2180.0, 'unit': 'M', 'net_profit': 269.0}, {'period': ""Q4 '22"", 'revenue': 1420.0, 'unit': 'M', 'net_profit': 386.0}, {'period': ""Q3 '22"", 'revenue': 1500.0, 'unit': 'M', 'net_profit': 445.0}, {'period': ""Q2 '22"", 'revenue': 1480.0, 'unit': 'M', 'net_profit': 433.0}, {'period': ""Q1 '22"", 'revenue': 1370.0, 'unit': 'M', 'net_profit': 401.0}, {'period': ""Q4 '21"", 'revenue': 1410.0, 'unit': 'M', 'net_profit': 400.0}]",,,,,,,,,,,,,,,,,__nan__,__nan__
107,FRO,Frontline Ltd. Ordinary Shares,,,,,,,,,,20.18,0.65,1284636.0,,,[],"[{'period': ""Q4 '25"", 'revenue': 624.51, 'unit': 'M', 'net_profit': 227.93}, {'period': ""Q3 '25"", 'revenue': 432.65, 'unit': 'M', 'net_profit': 40.32}, {'period': ""Q2 '25"", 'revenue': 480.08, 'unit': 'M', 'net_profit': 77.54}, {'period': ""Q1 '25"", 'revenue': 427.87, 'unit': 'M', 'net_profit': 33.29}, {'period': ""Q4 '24"", 'revenue': 425.64, 'unit': 'M', 'net_profit': 66.73}, {'period': ""Q3 '24"", 'revenue': 490.32, 'unit': 'M', 'net_profit': 60.46}]",,,,,,,,,,,,,,,,,__nan__,__nan__
108,FRT,Federal Realty Investment Trust Common Stock,,,,,,,,,,22.47,2.3,82705.0,,,[],"[{'period': ""Q4 '25"", 'revenue': 336.05, 'unit': 'M', 'net_profit': 129.74}, {'period': ""Q3 '25"", 'revenue': 322.86, 'unit': 'M', 'net_profit': 61.65}, {'period': ""Q2 '25"", 'revenue': 311.52, 'unit': 'M', 'net_profit': 155.92}, {'period': ""Q1 '25"", 'revenue': 309.15, 'unit': 'M', 'net_profit': 63.77}, {'period': ""Q4 '24"", 'revenue': 311.44, 'unit': 'M', 'net_profit': 65.54}, {'period': ""Q3 '24"", 'revenue': 303.63, 'unit': 'M', 'net_profit': 60.95}]",,,,,,,,,,,,,,,,,__nan__,__nan__
109,FRX,Forest Road Acquisition Corp. Class A Common Stock,,,,,,,,,,0.0,0.78,3958568.0,,,[],"[{'period': ""Q4 '25"", 'revenue': 55.54, 'unit': 'M', 'net_profit': 5.22}, {'period': ""Q3 '25"", 'revenue': 59.89, 'unit': 'M', 'net_profit': 3.57}, {'period': ""Q2 '25"", 'revenue': 63.94, 'unit': 'M', 'net_profit': -5.9}, {'period': ""Q1 '25"", 'revenue': 72.36, 'unit': 'M', 'net_profit': -5.75}, {'period': ""Q4 '24"", 'revenue': 86.37, 'unit': 'M', 'net_profit': -34.56}, {'period': ""Q2 '21"", 'revenue': 223.11, 'unit': 'M', 'net_profit': -12.44}]",,,,,,,,,,,,,,,,,__nan__,__nan__
110,FRXB,Forest Road Acquisition Corp. II Class A Common Stock,,,,,,,,,,29.8,-0.005,1104.0,,,[],"[{'period': ""Q3 '23"", 'revenue': 0.0, 'unit': 'M', 'net_profit': 1.83}, {'period': ""Q2 '23"", 'revenue': 0.0, 'unit': 'K', 'net_profit': 752.95}, {'period': ""Q1 '23"", 'revenue': 0.0, 'unit': 'M', 'net_profit': 5.92}, {'period': ""Q4 '22"", 'revenue': 0.0, 'unit': 'M', 'net_profit': -3.46}, {'period': ""Q3 '22"", 'revenue': 0.0, 'unit': 'M', 'net_profit': 7.18}, {'period': ""Q2 '22"", 'revenue': 0.0, 'unit': 'M', 'net_profit': 3.5}]",,,,,,,,,,,,,,,,,__nan__,__nan__
111,FSD,First Trust High Income Long Short Fund Common Shares of Beneficial Interest,,,,,,,,,,11.980392156862745,-0.23,809088.0,,,[],"[{'period': ""Q2 '24"", 'revenue': 13.69, 'unit': 'M', 'net_profit': 38.74}, {'period': ""Q4 '23"", 'revenue': 16.38, 'unit': 'M', 'net_profit': -4.94}, {'period': ""Q2 '23"", 'revenue': 9.49, 'unit': 'M', 'net_profit': 24.04}, {'period': ""Q4 '22"", 'revenue': -1.34, 'unit': 'M', 'net_profit': -27.1}, {'period': ""Q2 '22"", 'revenue': 21.26, 'unit': 'M', 'net_profit': -51.26}, {'period': ""Q4 '21"", 'revenue': 27.69, 'unit': 'M', 'net_profit': 12.57}]",,,,,,,,,,,,,,,,,__nan__,__nan__
112,FSK,FS KKR Capital Corp. Common Stock,,,,,,,,,,251.25,0.1401,815825.0,,,[],"[{'period': ""Q4 '25"", 'revenue': 209.0, 'unit': 'M', 'net_profit': -114.0}, {'period': ""Q3 '25"", 'revenue': 344.0, 'unit': 'M', 'net_profit': 214.0}, {'period': ""Q2 '25"", 'revenue': -59.0, 'unit': 'M', 'net_profit': -209.0}, {'period': ""Q1 '25"", 'revenue': 242.0, 'unit': 'M', 'net_profit': 120.0}, {'period': ""Q4 '24"", 'revenue': 295.0, 'unit': 'M', 'net_profit': 147.0}, {'period': ""Q3 '24"", 'revenue': 288.0, 'unit': 'M', 'net_profit': 160.0}]",,,,,,,,,,,,,,,,,__nan__,__nan__
113,FSKR,FS KKR Capital Corp. II Common Stock,,,,,,,,,,0.0,-0.110001,546492.0,,,[],"[{'period': ""Q1 '21"", 'revenue': 162.0, 'unit': 'M', 'net_profit': 132.0}, {'period': ""Q4 '20"", 'revenue': 197.0, 'unit': 'M', 'net_profit': 161.0}, {'period': ""Q3 '20"", 'revenue': 177.0, 'unit': 'M', 'net_profit': 149.0}, {'period': ""Q2 '20"", 'revenue': 44.0, 'unit': 'M', 'net_profit': 22.0}, {'period': ""Q1 '20"", 'revenue': 195.0, 'unit': 'M', 'net_profit': -708.0}, {'period': ""Q4 '19"", 'revenue': 120430.0, 'unit': 'K', 'net_profit': 210.0}]",,,,,,,,,,,,,,,,,__nan__,__nan__
114,FSLF,First Eagle Senior Loan Fund ,,,,,,,,,,,0.0198994,48824.0,,,[],[],,,,,,,,,,,,,,,,,__nan__,__nan__
115,FSLY,Fastly Inc. Class A Common Stock,,,,,,,,,,-31.13,-1.59,3664280.26645,,,[],"[{'period': ""Q4 '25"", 'revenue': 172.61, 'unit': 'M', 'net_profit': -15.51}, {'period': ""Q3 '25"", 'revenue': 158.22, 'unit': 'M', 'net_profit': -29.48}, {'period': ""Q2 '25"", 'revenue': 148.71, 'unit': 'M', 'net_profit': -37.54}, {'period': ""Q1 '25"", 'revenue': 144.47, 'unit': 'M', 'net_profit': -39.15}, {'period': ""Q4 '24"", 'revenue': 140.58, 'unit': 'M', 'net_profit': -32.89}, {'period': ""Q3 '24"", 'revenue': 137.21, 'unit': 'M', 'net_profit': -38.02}]",,,,,,,,,,,,,,,,,__nan__,__nan__
116,FSM,Fortuna Silver Mines Inc Ordinary Shares (Canada),,,,,,,,,,11.22,0.02499985,1978121.0,,,[],"[{'period': ""Q4 '25"", 'revenue': 272.03, 'unit': 'M', 'net_profit': 69.11}, {'period': ""Q3 '25"", 'revenue': 251.36, 'unit': 'M', 'net_profit': 123.59}, {'period': ""Q2 '25"", 'revenue': 230.42, 'unit': 'M', 'net_profit': 37.31}, {'period': ""Q1 '25"", 'revenue': 290.14, 'unit': 'M', 'net_profit': 58.5}, {'period': ""Q4 '24"", 'revenue': 302.2, 'unit': 'M', 'net_profit': 11.34}, {'period': ""Q3 '24"", 'revenue': 274.92, 'unit': 'M', 'net_profit': 50.51}]",,,,,,,,,,,,,,,,,__nan__,__nan__
117,FSNB,Fusion Acquisition Corp. II Class A Common Stock,,,,,,,,,,41.96,-0.02,500.0,,,[],[],,,,,,,,,,,,,,,,,__nan__,__nan__
118,FSR,Fisker Inc. Class A Common Stock,,,,,,,,,,-0.04038288288288288,-0.0351,62229286.0,,,[],"[{'period': ""Q4 '23"", 'revenue': 200.06, 'unit': 'M', 'net_profit': -641.57}, {'period': ""Q3 '23"", 'revenue': 71.8, 'unit': 'M', 'net_profit': -95.22}, {'period': ""Q2 '23"", 'revenue': 0.8250000000000001, 'unit': 'M', 'net_profit': -82.61}, {'period': ""Q1 '23"", 'revenue': 0.198, 'unit': 'M', 'net_profit': -120.56}, {'period': ""Q4 '22"", 'revenue': 0.306, 'unit': 'M', 'net_profit': -170.1}, {'period': ""Q3 '22"", 'revenue': 0.014, 'unit': 'M', 'net_profit': -149.34}]",,,,,,,,,,,,,,,,,__nan__,__nan__
119,FSS,Federal Signal Corporation Common Stock,,,,,,,,,,26.25,-1.21,48059.0,,,[],"[{'period': ""Q4 '25"", 'revenue': 597.1, 'unit': 'M', 'net_profit': 60.8}, {'period': ""Q3 '25"", 'revenue': 555.0, 'unit': 'M', 'net_profit': 68.1}, {'period': ""Q2 '25"", 'revenue': 564.6, 'unit': 'M', 'net_profit': 71.4}, {'period': ""Q1 '25"", 'revenue': 463.8, 'unit': 'M', 'net_profit': 46.3}, {'period': ""Q4 '24"", 'revenue': 472.0, 'unit': 'M', 'net_profit': 50.0}, {'period': ""Q3 '24"", 'revenue': 474.2, 'unit': 'M', 'net_profit': 53.9}]",,,,,,,,,,,,,,,,,__nan__,__nan__
120,FST,FAST Acquisition Corp. Class A Common Stock,,,,,,,,,,6.3625,0.0300007,1760223.0,,,[],"[{'period': ""Q2 '22"", 'revenue': 0.0, 'unit': 'M', 'net_profit': 14.25}, {'period': ""Q1 '22"", 'revenue': 0.0, 'unit': 'M', 'net_profit': 34.84}, {'period': ""Q4 '21"", 'revenue': 0.0, 'unit': 'M', 'net_profit': 29.87}, {'period': ""Q3 '21"", 'revenue': 0.0, 'unit': 'M', 'net_profit': -47.31}, {'period': ""Q2 '21"", 'revenue': 0.0, 'unit': 'M', 'net_profit': -2.28}, {'period': ""Q1 '21"", 'revenue': 0.0, 'unit': 'M', 'net_profit': -20.84}]",,,,,,,,,,,,,,,,,__nan__,__nan__
121,FT,Franklin Universal Trust Common Stock,,,,,,,,,,10.26,0.06000015,8519.0,,,[],"[{'period': ""Q4 '25"", 'revenue': 7.01, 'unit': 'M', 'net_profit': 11.19}, {'period': ""Q2 '25"", 'revenue': 12.04, 'unit': 'M', 'net_profit': 8.03}, {'period': ""Q4 '24"", 'revenue': 9.5, 'unit': 'M', 'net_profit': 26.35}, {'period': ""Q2 '24"", 'revenue': 7.64, 'unit': 'M', 'net_profit': 7.8}, {'period': ""Q4 '23"", 'revenue': 4.98, 'unit': 'M', 'net_profit': 3.25}, {'period': ""Q2 '23"", 'revenue': 4.98, 'unit': 'M', 'net_profit': -7.09}]",,,,,,,,,,,,,,,,,__nan__,__nan__
122,FTAI,Fortress Transportation and Infrastructure Investors LLC Common Shares,,,,,,,,,,50.62,-6.7,222334.71206,,,[],"[{'period': ""Q4 '25"", 'revenue': 662.03, 'unit': 'M', 'net_profit': 115.56}, {'period': ""Q3 '25"", 'revenue': 667.06, 'unit': 'M', 'net_profit': 117.72}, {'period': ""Q2 '25"", 'revenue': 676.59, 'unit': 'M', 'net_profit': 165.4}, {'period': ""Q1 '25"", 'revenue': 505.29, 'unit': 'M', 'net_profit': 102.39}, {'period': ""Q4 '24"", 'revenue': 502.93, 'unit': 'M', 'net_profit': 102.45}, {'period': ""Q3 '24"", 'revenue': 469.51, 'unit': 'M', 'net_profit': 86.48}]",,,,,,,,,,,,,,,,,__nan__,__nan__
123,FTCH,Farfetch Limited Class A Ordinary Shares,,,,,,,,,,-0.2806986899563319,-0.0983,36467567.0,,,[],"[{'period': ""Q2 '23"", 'revenue': 572.09, 'unit': 'M', 'net_profit': -271.87}, {'period': ""Q1 '23"", 'revenue': 556.39, 'unit': 'M', 'net_profit': -171.93}, {'period': ""Q4 '22"", 'revenue': 629.17, 'unit': 'M', 'net_profit': -171.34}, {'period': ""Q3 '22"", 'revenue': 593.36, 'unit': 'M', 'net_profit': -274.19}, {'period': ""Q2 '22"", 'revenue': 579.35, 'unit': 'M', 'net_profit': 70.48}, {'period': ""Q1 '22"", 'revenue': 514.8, 'unit': 'M', 'net_profit': 734.33}]",,,,,,,,,,,,,,,,,__nan__,__nan__
124,FTEV,FinTech Evolution Acquisition Group Class A Ordinary Shares,,,,,,,,,,36.3575,-0.0049,207.0,,,[],"[{'period': ""Q3 '22"", 'revenue': 0.0, 'unit': 'M', 'net_profit': 2.18}, {'period': ""Q2 '22"", 'revenue': 0.0, 'unit': 'M', 'net_profit': 4.03}, {'period': ""Q1 '22"", 'revenue': 0.0, 'unit': 'M', 'net_profit': 10.53}, {'period': ""Q4 '21"", 'revenue': 0.0, 'unit': 'M', 'net_profit': 1.69}, {'period': ""Q3 '21"", 'revenue': 0.0, 'unit': 'M', 'net_profit': 3.36}, {'period': ""Q2 '21"", 'revenue': 0.0, 'unit': 'M', 'net_profit': -1.57}]",,,,,,,,,,,,,,,,,__nan__,__nan__
125,FTHY,First Trust High Yield Opportunities 2027 Term Fund Common Stock,,,,,,,,,,13.01,0.00999962,14818.0,,,[],[],,,,,,,,,,,,,,,,,__nan__,__nan__
126,FTI,TechnipFMC plc Ordinary Share,,,,,,,,,,30.78,-0.4,689863.0,,,[],"[{'period': ""Q4 '25"", 'revenue': 2520.0, 'unit': 'M', 'net_profit': 242.7}, {'period': ""Q3 '25"", 'revenue': 2650.0, 'unit': 'M', 'net_profit': 309.7}, {'period': ""Q2 '25"", 'revenue': 2530.0, 'unit': 'M', 'net_profit': 269.5}, {'period': ""Q1 '25"", 'revenue': 2230.0, 'unit': 'M', 'net_profit': 142.0}, {'period': ""Q4 '24"", 'revenue': 2390.0, 'unit': 'M', 'net_profit': 251.4}, {'period': ""Q3 '24"", 'revenue': 2350.0, 'unit': 'M', 'net_profit': 274.6}]",,,,,,,,,,,,,,,,,__nan__,__nan__
127,FTK,Flotek Industries Inc. Common Stock,,,,,,,,,,20.6,-0.12,31865.0,,,[],"[{'period': ""Q4 '25"", 'revenue': 67.52, 'unit': 'M', 'net_profit': 3.02}, {'period': ""Q3 '25"", 'revenue': 56.03, 'unit': 'M', 'net_profit': 20.36}, {'period': ""Q2 '25"", 'revenue': 58.35, 'unit': 'M', 'net_profit': 1.77}, {'period': ""Q1 '25"", 'revenue': 55.36, 'unit': 'M', 'net_profit': 5.38}, {'period': ""Q4 '24"", 'revenue': 50.76, 'unit': 'M', 'net_profit': 4.43}, {'period': ""Q3 '24"", 'revenue': 49.74, 'unit': 'M', 'net_profit': 2.53}]",,,,,,,,,,,,,,,,,__nan__,__nan__
128,FTS,Fortis Inc. Common Shares,,,,,,,,,,23.0,0.92,170716.50392,,,[],"[{'period': ""Q4 '25"", 'revenue': 3080.0, 'unit': 'M', 'net_profit': 444.0}, {'period': ""Q3 '25"", 'revenue': 2940.0, 'unit': 'M', 'net_profit': 431.0}, {'period': ""Q2 '25"", 'revenue': 2810.0, 'unit': 'M', 'net_profit': 404.0}, {'period': ""Q1 '25"", 'revenue': 3340.0, 'unit': 'M', 'net_profit': 520.0}, {'period': ""Q4 '24"", 'revenue': 2950.0, 'unit': 'M', 'net_profit': 415.0}, {'period': ""Q3 '24"", 'revenue': 2770.0, 'unit': 'M', 'net_profit': 439.0}]",,,,,,,,,,,,,,,,,__nan__,__nan__
129,FTV,Fortive Corporation Common Stock ,,,,,,,,,,33.98,0.11,229699.0,,,[],"[{'period': ""Q4 '25"", 'revenue': 1120.0, 'unit': 'M', 'net_profit': 185.7}, {'period': ""Q3 '25"", 'revenue': 1030.0, 'unit': 'M', 'net_profit': 55.0}, {'period': ""Q2 '25"", 'revenue': 1520.0, 'unit': 'M', 'net_profit': 166.6}, {'period': ""Q1 '25"", 'revenue': 1470.0, 'unit': 'M', 'net_profit': 171.9}, {'period': ""Q4 '24"", 'revenue': 1620.0, 'unit': 'M', 'net_profit': 208.8}, {'period': ""Q3 '24"", 'revenue': 1530.0, 'unit': 'M', 'net_profit': 221.6}]",,,,,,,,,,,,,,,,,__nan__,__nan__
130,FUBO,fuboTV Inc. Common Stock,,,,,,,,,,2.31,-0.4001,1340307.0,,,[],"[{'period': ""Q4 '25"", 'revenue': 1550.0, 'unit': 'M', 'net_profit': -5.98}, {'period': ""Q3 '25"", 'revenue': 377.19, 'unit': 'M', 'net_profit': -18.87}, {'period': ""Q2 '25"", 'revenue': 379.97, 'unit': 'M', 'net_profit': -8.03}, {'period': ""Q1 '25"", 'revenue': 416.29, 'unit': 'M', 'net_profit': 188.49}, {'period': ""Q4 '24"", 'revenue': 443.28, 'unit': 'M', 'net_profit': -38.55}, {'period': ""Q3 '24"", 'revenue': 386.21, 'unit': 'M', 'net_profit': -52.42}]",,,,,,,,,,,,,,,,,__nan__,__nan__
131,FUL,H. B. Fuller Company Common Stock,,,,,,,,,,20.91,1.27,209385.0,,,[],"[{'period': ""Q1 '26"", 'revenue': 770.84, 'unit': 'M', 'net_profit': 21.05}, {'period': ""Q4 '25"", 'revenue': 894.79, 'unit': 'M', 'net_profit': 29.73}, {'period': ""Q3 '25"", 'revenue': 892.04, 'unit': 'M', 'net_profit': 67.16}, {'period': ""Q2 '25"", 'revenue': 898.1, 'unit': 'M', 'net_profit': 41.83}, {'period': ""Q1 '25"", 'revenue': 788.66, 'unit': 'M', 'net_profit': 13.25}, {'period': ""Q4 '24"", 'revenue': 923.28, 'unit': 'M', 'net_profit': -7.36}]",,,,,,,,,,,,,,,,,__nan__,__nan__
132,FUN,Cedar Fair L.P. Common Stock,,,,,,,,,,-1.08,0.5,276525.0,,,[],"[{'period': ""Q4 '25"", 'revenue': 650.09, 'unit': 'M', 'net_profit': -92.38}, {'period': ""Q3 '25"", 'revenue': 1.32, 'unit': 'B', 'net_profit': -1.19}, {'period': ""Q2 '25"", 'revenue': 930.39, 'unit': 'M', 'net_profit': -74.83}, {'period': ""Q1 '25"", 'revenue': 202.06, 'unit': 'M', 'net_profit': -219.72}, {'period': ""Q4 '24"", 'revenue': 687.31, 'unit': 'M', 'net_profit': -264.22}, {'period': ""Q3 '24"", 'revenue': 1350.0, 'unit': 'M', 'net_profit': 135.47}]",,,,,,,,,,,,,,,,,__nan__,__nan__
133,FUSE,Fusion Acquisition Corp. Class A Common Stock,,,,,,,,,,-2.45,-0.0286,21213.0,,,[],"[{'period': ""Q3 '25"", 'revenue': 0.0, 'unit': 'M', 'net_profit': -19.84}, {'period': ""Q2 '25"", 'revenue': 0.0, 'unit': 'K', 'net_profit': -203.87}, {'period': ""Q1 '25"", 'revenue': 1950.0, 'unit': 'K', 'net_profit': -253.0}, {'period': ""Q4 '24"", 'revenue': 2.17, 'unit': 'M', 'net_profit': -3.26}, {'period': ""Q3 '24"", 'revenue': 135470.0, 'unit': 'K', 'net_profit': -132.91}, {'period': ""Q2 '24"", 'revenue': 130850.0, 'unit': 'K', 'net_profit': 422.45}]",,,,,,,,,,,,,,,,,__nan__,__nan__
134,FVIV,Fortress Value Acquisition Corp. IV Class A Common Stock,,,,,,,,,,47.80952380952381,-0.005,574.0,,,[],"[{'period': ""Q3 '22"", 'revenue': 0.0, 'unit': 'M', 'net_profit': 2.17}, {'period': ""Q2 '22"", 'revenue': 0.0, 'unit': 'M', 'net_profit': 6.11}, {'period': ""Q1 '22"", 'revenue': 0.0, 'unit': 'M', 'net_profit': 12.28}, {'period': ""Q4 '21"", 'revenue': 0.0, 'unit': 'M', 'net_profit': 5.38}, {'period': ""Q3 '21"", 'revenue': 0.0, 'unit': 'M', 'net_profit': 6.54}, {'period': ""Q2 '21"", 'revenue': 0.0, 'unit': 'M', 'net_profit': 6.15}]",,,,,,,,,,,,,,,,,__nan__,__nan__
135,FVRR,Fiverr International Ltd. Ordinary Shares no par value,,,,,,,,,,17.57,0.08,172069.0,,,[],"[{'period': ""Q4 '25"", 'revenue': 107.17, 'unit': 'M', 'net_profit': 11.46}, {'period': ""Q3 '25"", 'revenue': 107.9, 'unit': 'M', 'net_profit': 5.54}, {'period': ""Q2 '25"", 'revenue': 108.65, 'unit': 'M', 'net_profit': 3.19}, {'period': ""Q1 '25"", 'revenue': 107180.0, 'unit': 'K', 'net_profit': 798.0}, {'period': ""Q4 '24"", 'revenue': 103.67, 'unit': 'M', 'net_profit': 12.84}, {'period': ""Q3 '24"", 'revenue': 99.63, 'unit': 'M', 'net_profit': 1.35}]",,,,,,,,,,,,,,,,,__nan__,__nan__
136,FVT,Fortress Value Acquisition Corp. III Class A Common Stock,,,,,,,,,,29.558823529411764,0.01,61600.0,,,[],"[{'period': ""Q3 '22"", 'revenue': 0.0, 'unit': 'M', 'net_profit': 1.44}, {'period': ""Q2 '22"", 'revenue': 0.0, 'unit': 'M', 'net_profit': 2.56}, {'period': ""Q1 '22"", 'revenue': 0.0, 'unit': 'M', 'net_profit': 7.85}, {'period': ""Q4 '21"", 'revenue': 0.0, 'unit': 'M', 'net_profit': 4.32}, {'period': ""Q3 '21"", 'revenue': 0.0, 'unit': 'M', 'net_profit': 3.31}, {'period': ""Q2 '21"", 'revenue': 0.0, 'unit': 'M', 'net_profit': -1.45}]",,,,,,,,,,,,,,,,,__nan__,__nan__
137,FZT,FAST Acquisition Corp. II Class A Common Stock,,,,,,,,,,-77.6,-3.47,49402.0,,,[],[],,,,,,,,,,,,,,,,,__nan__,__nan__
138,G,Genpact Limited Common Stock,,,,,,,,,,11.9,0.67,300753.0,,,[],"[{'period': ""Q4 '25"", 'revenue': 1320.0, 'unit': 'M', 'net_profit': 143.09}, {'period': ""Q3 '25"", 'revenue': 1290.0, 'unit': 'M', 'net_profit': 145.83}, {'period': ""Q2 '25"", 'revenue': 1250.0, 'unit': 'M', 'net_profit': 132.72}, {'period': ""Q1 '25"", 'revenue': 1210.0, 'unit': 'M', 'net_profit': 130.85}, {'period': ""Q4 '24"", 'revenue': 1250.0, 'unit': 'M', 'net_profit': 141.91}, {'period': ""Q3 '24"", 'revenue': 1210.0, 'unit': 'M', 'net_profit': 132.82}]",,,,,,,,,,,,,,,,,__nan__,__nan__
139,GAB,Gabelli Equity Trust Inc. (The) Common Stock,,,,,,,,,,5.66,0.035,391712.0,,,[],"[{'period': ""Q4 '25"", 'revenue': 138.0, 'unit': 'M', 'net_profit': 152.32}, {'period': ""Q2 '25"", 'revenue': 16.88, 'unit': 'M', 'net_profit': 150.86}, {'period': ""Q4 '24"", 'revenue': 105.55, 'unit': 'M', 'net_profit': 124.31}, {'period': ""Q2 '24"", 'revenue': 42.64, 'unit': 'M', 'net_profit': 76.95}, {'period': ""Q4 '23"", 'revenue': 16.56, 'unit': 'M', 'net_profit': 58.03}, {'period': ""Q2 '23"", 'revenue': 17.52, 'unit': 'M', 'net_profit': 152.17}]",,,,,,,,,,,,,,,,,__nan__,__nan__
140,GAM,General American Investors Inc. Common Stock,,,,,,,,,,3.94,0.45,8191.0,,,[],"[{'period': ""Q2 '25"", 'revenue': 6.28, 'unit': 'M', 'net_profit': 75.19}, {'period': ""Q1 '25"", 'revenue': 6.28, 'unit': 'M', 'net_profit': 75.19}, {'period': ""Q4 '24"", 'revenue': 7.54, 'unit': 'M', 'net_profit': 25.71}, {'period': ""Q3 '24"", 'revenue': 7.54, 'unit': 'M', 'net_profit': 25.71}, {'period': ""Q2 '24"", 'revenue': 7.32, 'unit': 'M', 'net_profit': 71.31}, {'period': ""Q1 '24"", 'revenue': 41.51, 'unit': 'M', 'net_profit': 122.72}]",,,,,,,,,,,,,,,,,__nan__,__nan__
141,GAPA,G&P Acquisition Corp. Class A Common Stock,,,,,,,,,,26.710526315789473,0.0,17500.0,,,[],"[{'period': ""Q3 '22"", 'revenue': 0.0, 'unit': 'M', 'net_profit': 1.51}, {'period': ""Q2 '22"", 'revenue': 0.0, 'unit': 'M', 'net_profit': 2.2}, {'period': ""Q1 '22"", 'revenue': 0.0, 'unit': 'M', 'net_profit': 12.59}, {'period': ""Q4 '21"", 'revenue': 0.0, 'unit': 'K', 'net_profit': 474.28}, {'period': ""Q3 '21"", 'revenue': 0.0, 'unit': 'M', 'net_profit': 2.24}, {'period': ""Q2 '21"", 'revenue': 0.0, 'unit': 'M', 'net_profit': 2.9}]",,,,,,,,,,,,,,,,,__nan__,__nan__
142,GATO,Gatos Silver Inc. Common Stock,,,,,,,,,,30.638297872340427,-0.46,1419784.0,,,[],"[{'period': ""Q3 '24"", 'revenue': 0.014, 'unit': 'M', 'net_profit': 9.88}, {'period': ""Q2 '24"", 'revenue': 0.0, 'unit': 'M', 'net_profit': 9.16}, {'period': ""Q1 '24"", 'revenue': 0.0, 'unit': 'M', 'net_profit': 2.53}, {'period': ""Q4 '23"", 'revenue': 0.0, 'unit': 'M', 'net_profit': 12.33}, {'period': ""Q3 '23"", 'revenue': 0.0, 'unit': 'M', 'net_profit': 3.29}, {'period': ""Q2 '23"", 'revenue': 58.26, 'unit': 'M', 'net_profit': -3.59}]",,,,,,,,,,,,,,,,,__nan__,__nan__
143,GATX,GATX Corporation Common Stock,,,,,,,,,,18.56,1.715,15738.0,,,[],"[{'period': ""Q4 '25"", 'revenue': 449.0, 'unit': 'M', 'net_profit': 97.0}, {'period': ""Q3 '25"", 'revenue': 439.3, 'unit': 'M', 'net_profit': 82.2}, {'period': ""Q2 '25"", 'revenue': 430.5, 'unit': 'M', 'net_profit': 75.5}, {'period': ""Q1 '25"", 'revenue': 421.6, 'unit': 'M', 'net_profit': 78.6}, {'period': ""Q4 '24"", 'revenue': 413.5, 'unit': 'M', 'net_profit': 76.5}, {'period': ""Q3 '24"", 'revenue': 405.4, 'unit': 'M', 'net_profit': 89.0}]",,,,,,,,,,,,,,,,,__nan__,__nan__
144,GB,Global Blue Group Holding AG Ordinary Shares,,,,,,,,,,18.26829268292683,0.0,42877.0,,,[],"[{'period': ""Q4 '25"", 'revenue': 126.78, 'unit': 'M', 'net_profit': 12.88}, {'period': ""Q3 '25"", 'revenue': 131.39, 'unit': 'M', 'net_profit': 31.76}, {'period': ""Q2 '25"", 'revenue': 131.96, 'unit': 'M', 'net_profit': 14.6}, {'period': ""Q1 '25"", 'revenue': 117.75, 'unit': 'M', 'net_profit': 23.83}, {'period': ""Q4 '24"", 'revenue': 105.24, 'unit': 'M', 'net_profit': -6.68}, {'period': ""Q3 '24"", 'revenue': 109.41, 'unit': 'M', 'net_profit': 12.94}]",,,,,,,,,,,,,,,,,__nan__,__nan__
145,GBAB,Guggenheim Taxable Municipal Bond & Investment Grade Debt Trust Common Shares of Beneficial Interest,,,,,,,,,,14.16,0.0251,24390.0,,,[],"[{'period': ""Q2 '25"", 'revenue': 11.12, 'unit': 'M', 'net_profit': 29.11}, {'period': ""Q4 '24"", 'revenue': 15.77, 'unit': 'M', 'net_profit': -2.28}, {'period': ""Q2 '24"", 'revenue': 13.19, 'unit': 'M', 'net_profit': 23.91}, {'period': ""Q4 '23"", 'revenue': -0.87442, 'unit': 'M', 'net_profit': 22.19}, {'period': ""Q2 '23"", 'revenue': 13.37, 'unit': 'M', 'net_profit': 23.51}, {'period': ""Q4 '22"", 'revenue': 13.08, 'unit': 'M', 'net_profit': 22.98}]",,,,,,,,,,,,,,,,,__nan__,__nan__
146,GBL,Gamco Investors Inc. Common Stock,,,,,,,,,,5.259786476868327,-1.32,1227304.0,,,[],"[{'period': ""Q3 '22"", 'revenue': 61.92, 'unit': 'M', 'net_profit': 9.43}, {'period': ""Q2 '22"", 'revenue': 65.6, 'unit': 'M', 'net_profit': 17.29}, {'period': ""Q1 '22"", 'revenue': 69.62, 'unit': 'M', 'net_profit': 17.45}, {'period': ""Q4 '21"", 'revenue': 81.67, 'unit': 'M', 'net_profit': 10.99}, {'period': ""Q3 '21"", 'revenue': 75.91, 'unit': 'M', 'net_profit': 29.16}, {'period': ""Q2 '21"", 'revenue': 75.62, 'unit': 'M', 'net_profit': 17.1}]",,,,,,,,,,,,,,,,,__nan__,__nan__
147,GBX,Greenbrier Companies Inc. (The) Common Stock,,,,,,,,,,8.94,0.45,21664.0,,,[],"[{'period': ""Q1 '26"", 'revenue': 706.1, 'unit': 'M', 'net_profit': 36.4}, {'period': ""Q4 '25"", 'revenue': 755.8, 'unit': 'M', 'net_profit': 36.8}, {'period': ""Q3 '25"", 'revenue': 840.4, 'unit': 'M', 'net_profit': 60.1}, {'period': ""Q2 '25"", 'revenue': 762.4, 'unit': 'M', 'net_profit': 51.9}, {'period': ""Q1 '25"", 'revenue': 874.6, 'unit': 'M', 'net_profit': 55.3}, {'period': ""Q4 '24"", 'revenue': 1050.0, 'unit': 'M', 'net_profit': 61.6}]",,,,,,,,,,,,,,,,,__nan__,__nan__
148,GCI,Gannett Co. Inc. Common Stock,,,,,,,,,,8.850746268656716,-0.02,1278429.0,,,[],"[{'period': ""Q4 '25"", 'revenue': 585.0, 'unit': 'M', 'net_profit': -30.06}, {'period': ""Q3 '25"", 'revenue': 560.8, 'unit': 'M', 'net_profit': -39.25}, {'period': ""Q2 '25"", 'revenue': 584.86, 'unit': 'M', 'net_profit': 78.39}, {'period': ""Q1 '25"", 'revenue': 571.57, 'unit': 'M', 'net_profit': -7.33}, {'period': ""Q4 '24"", 'revenue': 621.27, 'unit': 'M', 'net_profit': 64.32}, {'period': ""Q3 '24"", 'revenue': 612.44, 'unit': 'M', 'net_profit': -19.65}]",,,,,,,,,,,,,,,,,__nan__,__nan__
149,GCO,Genesco Inc. Common Stock,,,,,,,,,,22.96,0.73,21552.0,,,[],"[{'period': ""Q4 '26"", 'revenue': 799.94, 'unit': 'M', 'net_profit': 47.61}, {'period': ""Q3 '26"", 'revenue': 616.22, 'unit': 'M', 'net_profit': 5.36}, {'period': ""Q2 '26"", 'revenue': 545.97, 'unit': 'M', 'net_profit': -18.47}, {'period': ""Q1 '26"", 'revenue': 473.97, 'unit': 'M', 'net_profit': -21.23}, {'period': ""Q4 '25"", 'revenue': 745.95, 'unit': 'M', 'net_profit': 34.38}, {'period': ""Q3 '25"", 'revenue': 596.33, 'unit': 'M', 'net_profit': -18.93}]",,,,,,,,,,,,,,,,,__nan__,__nan__
150,GCP,GCP Applied Technologies Inc. Common Stock,,,,,,,,,,177.83333333333334,0.02,1617235.0,,,[],"[{'period': ""Q2 '22"", 'revenue': 268.4, 'unit': 'M', 'net_profit': 7.2}, {'period': ""Q1 '22"", 'revenue': 237.3, 'unit': 'M', 'net_profit': -3.6}, {'period': ""Q4 '21"", 'revenue': 244.0, 'unit': 'M', 'net_profit': 6.0}, {'period': ""Q3 '21"", 'revenue': 249.6, 'unit': 'M', 'net_profit': 7.7}, {'period': ""Q2 '21"", 'revenue': 253.4, 'unit': 'M', 'net_profit': 10.2}, {'period': ""Q1 '21"", 'revenue': 222.8, 'unit': 'M', 'net_profit': 1.5}]",,,,,,,,,,,,,,,,,__nan__,__nan__
151,GCV,Gabelli Convertible and Income Securities Fund Inc. (The) Common Stock,,,,,,,,,,3.94,0.01500023,12232.0,,,[],"[{'period': ""Q3 '25"", 'revenue': 11.18, 'unit': 'M', 'net_profit': 19.57}, {'period': ""Q1 '25"", 'revenue': -0.04165, 'unit': 'M', 'net_profit': 1.87}, {'period': ""Q4 '24"", 'revenue': 10380000.0, 'unit': '', 'net_profit': 0.0}, {'period': ""Q3 '24"", 'revenue': -0.88121, 'unit': 'M', 'net_profit': 2.03}, {'period': ""Q2 '24"", 'revenue': -0.88121, 'unit': 'M', 'net_profit': 2.03}, {'period': ""Q1 '24"", 'revenue': -0.55767, 'unit': 'M', 'net_profit': 3.5}]",,,,,,,,,,,,,,,,,__nan__,__nan__
152,GD,General Dynamics Corporation Common Stock,,,,,,,,,,22.44,0.43,199867.0,,,[],"[{'period': ""Q4 '25"", 'revenue': 14.38, 'unit': 'B', 'net_profit': 1.14}, {'period': ""Q3 '25"", 'revenue': 12.91, 'unit': 'B', 'net_profit': 1.06}, {'period': ""Q2 '25"", 'revenue': 13.04, 'unit': 'B', 'net_profit': 1.01}, {'period': ""Q1 '25"", 'revenue': 12220.0, 'unit': 'M', 'net_profit': 994.0}, {'period': ""Q4 '24"", 'revenue': 13.34, 'unit': 'B', 'net_profit': 1.15}, {'period': ""Q3 '24"", 'revenue': 11670.0, 'unit': 'M', 'net_profit': 930.0}]",,,,,,,,,,,,,,,,,__nan__,__nan__
153,GDDY,GoDaddy Inc. Class A Common Stock,,,,,,,,,,13.16,1.91,254221.0,,,[],"[{'period': ""Q4 '25"", 'revenue': 1270.0, 'unit': 'M', 'net_profit': 245.1}, {'period': ""Q3 '25"", 'revenue': 1270.0, 'unit': 'M', 'net_profit': 210.5}, {'period': ""Q2 '25"", 'revenue': 1220.0, 'unit': 'M', 'net_profit': 199.9}, {'period': ""Q1 '25"", 'revenue': 1190.0, 'unit': 'M', 'net_profit': 219.5}, {'period': ""Q4 '24"", 'revenue': 1190.0, 'unit': 'M', 'net_profit': 198.6}, {'period': ""Q3 '24"", 'revenue': 1150.0, 'unit': 'M', 'net_profit': 190.5}]",,,,,,,,,,,,,,,,,__nan__,__nan__
154,GDL,GDL Fund The Common Shares of Beneficial Interest,,,,,,,,,,11.91,0.05,4939.0,,,[],[],,,,,,,,,,,,,,,,,__nan__,__nan__
155,GDO,Western Asset Global Corporate Defined Opportunity Fund Inc. Western Asset Global Corporate Defined Opportunity Fund Inc.,,,,,,,,,,8.64,-0.03000004,2970.0,,,[],"[{'period': ""Q4 '25"", 'revenue': 5.74, 'unit': 'M', 'net_profit': 7.27}, {'period': ""Q2 '25"", 'revenue': 5.3, 'unit': 'M', 'net_profit': 1.96}, {'period': ""Q4 '24"", 'revenue': 16.57, 'unit': 'M', 'net_profit': 13.31}, {'period': ""Q2 '24"", 'revenue': 7.34, 'unit': 'M', 'net_profit': 16.67}, {'period': ""Q4 '23"", 'revenue': 0.21133000000000002, 'unit': 'M', 'net_profit': -7.67}, {'period': ""Q2 '23"", 'revenue': 6.41, 'unit': 'M', 'net_profit': 15.2}]",,,,,,,,,,,,,,,,,__nan__,__nan__
156,GDOT,Green Dot Corporation Class A Common Stock $0.001 par value,,,,,,,,,,-6.28,0.41,151289.0,,,[],"[{'period': ""Q4 '25"", 'revenue': 522.62, 'unit': 'M', 'net_profit': -46.82}, {'period': ""Q3 '25"", 'revenue': 494.83, 'unit': 'M', 'net_profit': -30.79}, {'period': ""Q2 '25"", 'revenue': 504.18, 'unit': 'M', 'net_profit': -47.02}, {'period': ""Q1 '25"", 'revenue': 558.87, 'unit': 'M', 'net_profit': 25.77}, {'period': ""Q4 '24"", 'revenue': 455.02, 'unit': 'M', 'net_profit': 5.1}, {'period': ""Q3 '24"", 'revenue': 409.74, 'unit': 'M', 'net_profit': -7.84}]",,,,,,,,,,,,,,,,,__nan__,__nan__
157,GDV,Gabelli Dividend & Income Trust Common Shares of Beneficial Interest,,,,,,,,,,5.46,0.25,26243.0,,,[],"[{'period': ""Q4 '25"", 'revenue': 88.67, 'unit': 'M', 'net_profit': 212.98}, {'period': ""Q2 '25"", 'revenue': 31.47, 'unit': 'M', 'net_profit': 216.4}, {'period': ""Q4 '24"", 'revenue': 111.96, 'unit': 'M', 'net_profit': 141.42}, {'period': ""Q2 '24"", 'revenue': 86.16, 'unit': 'M', 'net_profit': 166.46}, {'period': ""Q4 '23"", 'revenue': 26.84, 'unit': 'M', 'net_profit': 107.59}, {'period': ""Q2 '23"", 'revenue': 27.66, 'unit': 'M', 'net_profit': 154.94}]",,,,,,,,,,,,,,,,,__nan__,__nan__
158,GE,General Electric Company Common Stock,,,,,,,,,,34.23,-6.925,2602730.0,,,[],"[{'period': ""Q4 '25"", 'revenue': 12.72, 'unit': 'B', 'net_profit': 2.54}, {'period': ""Q3 '25"", 'revenue': 12.22, 'unit': 'B', 'net_profit': 2.16}, {'period': ""Q2 '25"", 'revenue': 11.02, 'unit': 'B', 'net_profit': 2.03}, {'period': ""Q1 '25"", 'revenue': 9.93, 'unit': 'B', 'net_profit': 1.98}, {'period': ""Q4 '24"", 'revenue': 10.81, 'unit': 'B', 'net_profit': 1.9}, {'period': ""Q3 '24"", 'revenue': 9.84, 'unit': 'B', 'net_profit': 1.85}]",,,,,,,,,,,,,,,,,__nan__,__nan__
159,GEF,Greif Inc. Class A Common Stock,,,,,,,,,,27.69,0.645,20190.0,,,[],"[{'period': ""Q1 '26"", 'revenue': 994.8, 'unit': 'M', 'net_profit': 174.6}, {'period': ""Q4 '25"", 'revenue': 146.9, 'unit': 'M', 'net_profit': 720.1}, {'period': ""Q3 '25"", 'revenue': 1130.0, 'unit': 'M', 'net_profit': 64.0}, {'period': ""Q2 '25"", 'revenue': 1390.0, 'unit': 'M', 'net_profit': 47.3}, {'period': ""Q1 '25"", 'revenue': 1270.0, 'unit': 'M', 'net_profit': 8.6}, {'period': ""Q4 '24"", 'revenue': 724.9, 'unit': 'M', 'net_profit': 45.1}]",,,,,,,,,,,,,,,,,__nan__,__nan__
160,GEL,Genesis Energy L.P. Common Units,,,,,,,,,,-24.32,-0.03,76978.0,,,[],"[{'period': ""Q4 '25"", 'revenue': 440.75, 'unit': 'M', 'net_profit': 19.87}, {'period': ""Q3 '25"", 'revenue': 414.0, 'unit': 'M', 'net_profit': 9.21}, {'period': ""Q2 '25"", 'revenue': 377350.0, 'unit': 'K', 'net_profit': -406.0}, {'period': ""Q1 '25"", 'revenue': 398.31, 'unit': 'M', 'net_profit': -469.07}, {'period': ""Q4 '24"", 'revenue': 725.55, 'unit': 'M', 'net_profit': -49.38}, {'period': ""Q3 '24"", 'revenue': 714.3, 'unit': 'M', 'net_profit': -17.18}]",,,,,,,,,,,,,,,,,__nan__,__nan__
161,GENI,Genius Sports Limited Ordinary Shares,,,,,,,,,,-9.87,0.015,726349.0,,,[],"[{'period': ""Q4 '25"", 'revenue': 240.5, 'unit': 'M', 'net_profit': -20.62}, {'period': ""Q3 '25"", 'revenue': 166.28, 'unit': 'M', 'net_profit': -28.81}, {'period': ""Q2 '25"", 'revenue': 118.72, 'unit': 'M', 'net_profit': -53.95}, {'period': ""Q1 '25"", 'revenue': 143.99, 'unit': 'M', 'net_profit': -8.2}, {'period': ""Q4 '24"", 'revenue': 175.53, 'unit': 'M', 'net_profit': -28.21}, {'period': ""Q3 '24"", 'revenue': 120.2, 'unit': 'M', 'net_profit': 12.51}]",,,,,,,,,,,,,,,,,__nan__,__nan__
162,GEO,Geo Group Inc (The) REIT,,,,,,,,,,9.21,0.05000023,267089.0,,,[],"[{'period': ""Q4 '25"", 'revenue': 707.7, 'unit': 'M', 'net_profit': 31.77}, {'period': ""Q3 '25"", 'revenue': 682.34, 'unit': 'M', 'net_profit': 173.94}, {'period': ""Q2 '25"", 'revenue': 636.17, 'unit': 'M', 'net_profit': 29.11}, {'period': ""Q1 '25"", 'revenue': 604.65, 'unit': 'M', 'net_profit': 19.56}, {'period': ""Q4 '24"", 'revenue': 607.72, 'unit': 'M', 'net_profit': 15.49}, {'period': ""Q3 '24"", 'revenue': 603.12, 'unit': 'M', 'net_profit': 26.32}]",,,,,,,,,,,,,,,,,__nan__,__nan__
163,GER,Goldman Sachs MLP Energy Renaissance Fund,,,,,,,,,,3.292016806722689,-0.05,260083.0,,,[],"[{'period': ""Q2 '20"", 'revenue': 2.37, 'unit': 'M', 'net_profit': -225.04}, {'period': ""Q4 '19"", 'revenue': 2.31, 'unit': 'M', 'net_profit': -99.81}, {'period': ""Q4 '18"", 'revenue': -1.33, 'unit': 'M', 'net_profit': -40.55}, {'period': ""Q4 '17"", 'revenue': -2.84, 'unit': 'M', 'net_profit': -80.4}, {'period': ""Q2 '17"", 'revenue': 4.33, 'unit': 'M', 'net_profit': 11.3}, {'period': ""Q4 '16"", 'revenue': -0.06, 'unit': 'M', 'net_profit': 75.57}]",,,,,,,,,,,,,,,,,__nan__,__nan__
164,GES,Guess? Inc. Common Stock,,,,,,,,,,14.491379310344827,-0.05,9046158.0,,,[],"[{'period': ""Q3 '26"", 'revenue': 791.43, 'unit': 'M', 'net_profit': 25.35}, {'period': ""Q2 '26"", 'revenue': 772.94, 'unit': 'M', 'net_profit': 6.24}, {'period': ""Q1 '26"", 'revenue': 647.8, 'unit': 'M', 'net_profit': -32.93}, {'period': ""Q4 '25"", 'revenue': 932.25, 'unit': 'M', 'net_profit': 81.4}, {'period': ""Q3 '25"", 'revenue': 738.52, 'unit': 'M', 'net_profit': -23.39}, {'period': ""Q2 '25"", 'revenue': 732.56, 'unit': 'M', 'net_profit': -10.6}]",,,,,,,,,,,,,,,,,__nan__,__nan__
165,GF,New Germany Fund Inc. (The) Common Stock,,,,,,,,,,2.97,0.01,580.0,,,[],"[{'period': ""Q4 '25"", 'revenue': 9.66, 'unit': 'M', 'net_profit': -9.48}, {'period': ""Q2 '25"", 'revenue': 3.29, 'unit': 'M', 'net_profit': 65.02}, {'period': ""Q4 '24"", 'revenue': -3.69, 'unit': 'M', 'net_profit': -6.54}, {'period': ""Q2 '24"", 'revenue': 3.05, 'unit': 'M', 'net_profit': -13.68}, {'period': ""Q4 '23"", 'revenue': 0.13797, 'unit': 'M', 'net_profit': 1.78}, {'period': ""Q2 '23"", 'revenue': 3.44, 'unit': 'M', 'net_profit': 22.25}]",,,,,,,,,,,,,,,,,__nan__,__nan__
166,GFF,Griffon Corporation Common Stock,,,,,,,,,,71.32,1.51,90592.0,,,[],"[{'period': ""Q1 '26"", 'revenue': 649.09, 'unit': 'M', 'net_profit': 64.39}, {'period': ""Q4 '25"", 'revenue': 662.18, 'unit': 'M', 'net_profit': 43.64}, {'period': ""Q3 '25"", 'revenue': 613.63, 'unit': 'M', 'net_profit': -120.14}, {'period': ""Q2 '25"", 'revenue': 611.75, 'unit': 'M', 'net_profit': 56.76}, {'period': ""Q1 '25"", 'revenue': 632.37, 'unit': 'M', 'net_profit': 70.85}, {'period': ""Q4 '24"", 'revenue': 659.67, 'unit': 'M', 'net_profit': 62.49}]",,,,,,,,,,,,,,,,,__nan__,__nan__
167,GFI,Gold Fields Limited American Depositary Shares,,,,,,,,,,10.92,0.69,1324408.0,,,[],"[{'period': ""Q4 '25"", 'revenue': 5.29, 'unit': 'B', 'net_profit': 2.55}, {'period': ""Q2 '25"", 'revenue': 3.49, 'unit': 'B', 'net_profit': 1.03}, {'period': ""Q4 '24"", 'revenue': 3080.0, 'unit': 'M', 'net_profit': 856.0}, {'period': ""Q2 '24"", 'revenue': 2120.0, 'unit': 'M', 'net_profit': 389.0}, {'period': ""Q4 '23"", 'revenue': 2230.0, 'unit': 'M', 'net_profit': 264.4}, {'period': ""Q2 '23"", 'revenue': 2270.0, 'unit': 'M', 'net_profit': 457.8}]",,,,,,,,,,,,,,,,,__nan__,__nan__
168,GFL,GFL Environmental Inc. Subordinate voting shares no par value,,,,,,,,,,98.24,1.32,310738.0,,,[],"[{'period': ""Q4 '25"", 'revenue': 1690.0, 'unit': 'M', 'net_profit': 33.9}, {'period': ""Q3 '25"", 'revenue': 1690.0, 'unit': 'M', 'net_profit': 114.3}, {'period': ""Q2 '25"", 'revenue': 1680.0, 'unit': 'M', 'net_profit': 276.3}, {'period': ""Q1 '25"", 'revenue': 1.56, 'unit': 'B', 'net_profit': 3.41}, {'period': ""Q4 '24"", 'revenue': 1990.0, 'unit': 'M', 'net_profit': -189.1}, {'period': ""Q3 '24"", 'revenue': 1550.0, 'unit': 'M', 'net_profit': 110.4}]",,,,,,,,,,,,,,,,,__nan__,__nan__
169,GFLU,GFL Environmental Inc. Tangible Equity Units,,,,,,,,,,-91.89542483660131,2.91,1299145.0,,,[],[],,,,,,,,,,,,,,,,,__nan__,__nan__
170,GFX,Golden Falcon Acquisition Corp. Class A Common Stock,,,,,,,,,,-73.07142857142857,0.0099,5411.0,,,[],"[{'period': ""Q1 '23"", 'revenue': 0.0, 'unit': 'M', 'net_profit': -3.21}, {'period': ""Q4 '22"", 'revenue': 0.0, 'unit': 'M', 'net_profit': -1.4}, {'period': ""Q3 '22"", 'revenue': 0.0, 'unit': 'M', 'net_profit': 1.26}, {'period': ""Q2 '22"", 'revenue': 0.0, 'unit': 'M', 'net_profit': 4.56}, {'period': ""Q1 '22"", 'revenue': 0.0, 'unit': 'M', 'net_profit': 17.28}, {'period': ""Q4 '21"", 'revenue': 0.0, 'unit': 'K', 'net_profit': -412.24}]",,,,,,,,,,,,,,,,,__nan__,__nan__
171,GGB,Gerdau S.A. Common Stock,,,,,,,,,,26.81,0.065,4729158.0,,,[],"[{'period': ""Q4 '25"", 'revenue': 16.97, 'unit': 'B', 'net_profit': -1.3}, {'period': ""Q3 '25"", 'revenue': 17.98, 'unit': 'B', 'net_profit': 1.08}, {'period': ""Q2 '25"", 'revenue': 17530.0, 'unit': 'M', 'net_profit': 856.29}, {'period': ""Q1 '25"", 'revenue': 17380.0, 'unit': 'M', 'net_profit': 749.49}, {'period': ""Q4 '24"", 'revenue': 16820.0, 'unit': 'M', 'net_profit': 316.02}, {'period': ""Q3 '24"", 'revenue': 17.38, 'unit': 'B', 'net_profit': 1.35}]",,,,,,,,,,,,,,,,,__nan__,__nan__
172,GGG,Graco Inc. Common Stock,,,,,,,,,,27.33,0.43,116042.0,,,[],"[{'period': ""Q4 '25"", 'revenue': 593.16, 'unit': 'M', 'net_profit': 132.49}, {'period': ""Q3 '25"", 'revenue': 543.36, 'unit': 'M', 'net_profit': 137.63}, {'period': ""Q2 '25"", 'revenue': 571.81, 'unit': 'M', 'net_profit': 127.62}, {'period': ""Q1 '25"", 'revenue': 528.28, 'unit': 'M', 'net_profit': 124.1}, {'period': ""Q4 '24"", 'revenue': 548.67, 'unit': 'M', 'net_profit': 108.71}, {'period': ""Q3 '24"", 'revenue': 519.21, 'unit': 'M', 'net_profit': 122.2}]",,,,,,,,,,,,,,,,,__nan__,__nan__
173,GGM,Guggenheim Credit Allocation Fund Common Shares of Beneficial Interest,,,,,,,,,,23.0,0.1456,1.0,,,[],[],,,,,,,,,,,,,,,,,__nan__,__nan__
174,GGT,Gabelli Multi-Media Trust Inc. (The) Common Stock,,,,,,,,,,3.19,-0.0150001,38413.0,,,[],"[{'period': ""Q4 '25"", 'revenue': 5.5, 'unit': 'M', 'net_profit': 16.69}, {'period': ""Q2 '25"", 'revenue': 0.9554400000000001, 'unit': 'M', 'net_profit': 12.93}, {'period': ""Q4 '24"", 'revenue': 1.42, 'unit': 'M', 'net_profit': 14.21}, {'period': ""Q2 '24"", 'revenue': 1.72, 'unit': 'M', 'net_profit': 1.77}, {'period': ""Q4 '23"", 'revenue': 1.75, 'unit': 'M', 'net_profit': 2.89}, {'period': ""Q2 '23"", 'revenue': 2.22, 'unit': 'M', 'net_profit': 16.08}]",,,,,,,,,,,,,,,,,__nan__,__nan__
175,GGZ,Gabelli Global Small and Mid Cap Value Trust (The) Common Shares of Beneficial Interest,,,,,,,,,,5.02,0.06,245.0,,,[],"[{'period': ""Q4 '25"", 'revenue': 5.11, 'unit': 'M', 'net_profit': 9.05}, {'period': ""Q2 '25"", 'revenue': 2.51, 'unit': 'M', 'net_profit': 14.3}, {'period': ""Q4 '24"", 'revenue': 3.33, 'unit': 'M', 'net_profit': 8.85}, {'period': ""Q2 '24"", 'revenue': 3.46, 'unit': 'M', 'net_profit': -1.17}, {'period': ""Q4 '23"", 'revenue': 3300.0, 'unit': 'K', 'net_profit': 80.02}, {'period': ""Q2 '23"", 'revenue': 3.23, 'unit': 'M', 'net_profit': 9.9}]",,,,,,,,,,,,,,,,,__nan__,__nan__
176,GHC,Graham Holdings Company Common Stock,,,,,,,,,,15.95,10.295,4068.0,,,[],"[{'period': ""Q4 '25"", 'revenue': 1250.0, 'unit': 'M', 'net_profit': 108.72}, {'period': ""Q3 '25"", 'revenue': 1280.0, 'unit': 'M', 'net_profit': 122.92}, {'period': ""Q2 '25"", 'revenue': 1220.0, 'unit': 'M', 'net_profit': 36.75}, {'period': ""Q1 '25"", 'revenue': 1170.0, 'unit': 'M', 'net_profit': 23.89}, {'period': ""Q4 '24"", 'revenue': 1250.0, 'unit': 'M', 'net_profit': 548.79}, {'period': ""Q3 '24"", 'revenue': 1210.0, 'unit': 'M', 'net_profit': 72.5}]",,,,,,,,,,,,,,,,,__nan__,__nan__
177,GHG,GreenTree Hospitality Group Ltd. American depositary shares each representing one Class A ordinary share,,,,,,,,,,4.5,-0.01200006,24113.0,,,[],"[{'period': ""Q3 '25"", 'revenue': 303.61, 'unit': 'M', 'net_profit': 60.49}, {'period': ""Q2 '25"", 'revenue': 292.54, 'unit': 'M', 'net_profit': 100.73}, {'period': ""Q1 '25"", 'revenue': 292.54, 'unit': 'M', 'net_profit': 100.73}, {'period': ""Q4 '24"", 'revenue': 304.52, 'unit': 'M', 'net_profit': -76.09}, {'period': ""Q3 '24"", 'revenue': 356.98, 'unit': 'M', 'net_profit': 65.5}, {'period': ""Q2 '24"", 'revenue': 329.71, 'unit': 'M', 'net_profit': 61.69}]",,,,,,,,,,,,,,,,,__nan__,__nan__
178,GHL,Greenhill & Co. Inc. Common Stock,,,,,,,,,,-10.267123287671232,-0.02,720115.0,,,[],"[{'period': ""Q3 '23"", 'revenue': 30.69, 'unit': 'M', 'net_profit': -28.14}, {'period': ""Q2 '23"", 'revenue': 71.44, 'unit': 'M', 'net_profit': 4.44}, {'period': ""Q1 '23"", 'revenue': 49.68, 'unit': 'M', 'net_profit': -23.32}, {'period': ""Q4 '22"", 'revenue': 95.82, 'unit': 'M', 'net_profit': 19.9}, {'period': ""Q3 '22"", 'revenue': 81.14, 'unit': 'M', 'net_profit': 14.21}, {'period': ""Q2 '22"", 'revenue': 36.05, 'unit': 'M', 'net_profit': -18.73}]",,,,,,,,,,,,,,,,,__nan__,__nan__
179,GHLD,Guild Holdings Company Class A Common Stock,,,,,,,,,,9.905940594059405,0.14,116285.0,,,[],"[{'period': ""Q3 '25"", 'revenue': 343.93, 'unit': 'M', 'net_profit': 33.33}, {'period': ""Q2 '25"", 'revenue': 319.28, 'unit': 'M', 'net_profit': 18.66}, {'period': ""Q1 '25"", 'revenue': 225.66, 'unit': 'M', 'net_profit': -23.9}, {'period': ""Q4 '24"", 'revenue': 408.49, 'unit': 'M', 'net_profit': 97.94}, {'period': ""Q3 '24"", 'revenue': 159.26, 'unit': 'M', 'net_profit': -66.89}, {'period': ""Q2 '24"", 'revenue': 314.33, 'unit': 'M', 'net_profit': 37.58}]",,,,,,,,,,,,,,,,,__nan__,__nan__
180,GHM,Graham Corporation Common Stock,,,,,,,,,,57.13,-1.0,79209.0,,,[],"[{'period': ""Q3 '25"", 'revenue': 56.7, 'unit': 'M', 'net_profit': 2.85}, {'period': ""Q2 '25"", 'revenue': 66.03, 'unit': 'M', 'net_profit': 3.09}, {'period': ""Q1 '25"", 'revenue': 55.49, 'unit': 'M', 'net_profit': 4.59}, {'period': ""Q4 '24"", 'revenue': 59.34, 'unit': 'M', 'net_profit': 4.39}, {'period': ""Q3 '24"", 'revenue': 47.04, 'unit': 'M', 'net_profit': 1.59}, {'period': ""Q2 '24"", 'revenue': 53.56, 'unit': 'M', 'net_profit': 3.28}]",,,,,,,,,,,,,,,,,__nan__,__nan__
181,GHY,PGIM Global High Yield Fund Inc.,,,,,,,,,,8.28,-0.005,66781.0,,,[],"[{'period': ""Q4 '25"", 'revenue': 50.69, 'unit': 'M', 'net_profit': 21.72}, {'period': ""Q2 '25"", 'revenue': 13.2, 'unit': 'M', 'net_profit': 34.45}, {'period': ""Q4 '24"", 'revenue': 20.54, 'unit': 'M', 'net_profit': 33.06}, {'period': ""Q2 '24"", 'revenue': 4.48, 'unit': 'M', 'net_profit': 34.76}, {'period': ""Q4 '23"", 'revenue': 10.66, 'unit': 'M', 'net_profit': 13.95}, {'period': ""Q2 '23"", 'revenue': 21.73, 'unit': 'M', 'net_profit': 21.04}]",,,,,,,,,,,,,,,,,__nan__,__nan__
182,GIB,CGI Inc. Common Stock,,,,,,,,,,13.37,1.125,72082.78682,,,[],"[{'period': ""Q1 '26"", 'revenue': 4080.0, 'unit': 'M', 'net_profit': 441.64}, {'period': ""Q4 '25"", 'revenue': 4010.0, 'unit': 'M', 'net_profit': 381.36}, {'period': ""Q3 '25"", 'revenue': 4090.0, 'unit': 'M', 'net_profit': 408.61}, {'period': ""Q2 '25"", 'revenue': 4019.9999999999995, 'unit': 'M', 'net_profit': 429.74}, {'period': ""Q1 '25"", 'revenue': 3790.0, 'unit': 'M', 'net_profit': 438.58}, {'period': ""Q4 '24"", 'revenue': 3660.0, 'unit': 'M', 'net_profit': 435.92}]",,,,,,,,,,,,,,,,,__nan__,__nan__
183,GIL,Gildan Activewear Inc. Class A Sub. Vot. Common Stock,,,,,,,,,,21.08,-0.25,177172.0,,,[],"[{'period': ""Q4 '25"", 'revenue': 1090.0, 'unit': 'M', 'net_profit': 56.98}, {'period': ""Q3 '25"", 'revenue': 910.57, 'unit': 'M', 'net_profit': 120.16}, {'period': ""Q2 '25"", 'revenue': 918.5, 'unit': 'M', 'net_profit': 137.9}, {'period': ""Q1 '25"", 'revenue': 711.67, 'unit': 'M', 'net_profit': 84.68}, {'period': ""Q4 '24"", 'revenue': 821.52, 'unit': 'M', 'net_profit': 132.32}, {'period': ""Q3 '24"", 'revenue': 891.11, 'unit': 'M', 'net_profit': 131.47}]",,,,,,,,,,,,,,,,,__nan__,__nan__
184,GIM,Templeton Global Income Fund Inc. Common Stock,,,,,,,,,,21.055555555555557,-0.05,1288332.0,,,[],"[{'period': ""Q2 '20"", 'revenue': 18.98, 'unit': 'M', 'net_profit': -181.95}, {'period': ""Q4 '19"", 'revenue': 26.14, 'unit': 'M', 'net_profit': -94.32}, {'period': ""Q2 '19"", 'revenue': 31.43, 'unit': 'M', 'net_profit': 37.01}, {'period': ""Q4 '18"", 'revenue': 29.09, 'unit': 'M', 'net_profit': 35.8}, {'period': ""Q4 '17"", 'revenue': 28.03, 'unit': 'M', 'net_profit': -65.14}, {'period': ""Q2 '17"", 'revenue': 27.35, 'unit': 'M', 'net_profit': 48.93}]",,,,,,,,,,,,,,,,,__nan__,__nan__
185,GIS,General Mills Inc. Common Stock,,,,,,,,,,9.04,0.53,2521073.0,,,[],"[{'period': ""Q3 '26"", 'revenue': 4440.0, 'unit': 'M', 'net_profit': 303.1}, {'period': ""Q2 '26"", 'revenue': 4860.0, 'unit': 'M', 'net_profit': 413.0}, {'period': ""Q1 '26"", 'revenue': 4.52, 'unit': 'B', 'net_profit': 1.2}, {'period': ""Q4 '25"", 'revenue': 4560.0, 'unit': 'M', 'net_profit': 294.0}, {'period': ""Q3 '25"", 'revenue': 4840.0, 'unit': 'M', 'net_profit': 625.6}, {'period': ""Q2 '25"", 'revenue': 5240.0, 'unit': 'M', 'net_profit': 795.7}]",,,,,,,,,,,,,,,,,__nan__,__nan__
186,GIX,GigCapital2 Inc. Common Stock,,,,,,,,,,,0.01,1741.0,,,[],"[{'period': ""Q2 '21"", 'revenue': 31.88, 'unit': 'K', 'net_profit': -32.81}, {'period': ""Q1 '21"", 'revenue': 0.0, 'unit': 'K', 'net_profit': -936.59}]",,,,,,,,,,,,,,,,,__nan__,__nan__
187,GJH,Synthetic Fixed-Income Securities Inc 6.375% (STRATS) Cl A-1,,,,,,,,,,,0.1999,3241.0,,,[],[],,,,,,,,,,,,,,,,,__nan__,__nan__
188,GJO,Synthetic Fixed-Income Securities Inc. Synthetic Fixed-Income Securities Inc. on behalf of STRATS(SM) Trust for Wal-Mart Stores Inc. Securities Series 2004-5,,,,,,,,,,,-8.39233e-07,700.0,,,[],[],,,,,,,,,,,,,,,,,__nan__,__nan__
189,GJS,Goldman Sachs Group Securities STRATS Trust for Goldman Sachs Group Securities Series 2006-2,,,,,,,,,,,0.0,1634.0,,,[],[],,,,,,,,,,,,,,,,,__nan__,__nan__
190,GJT,Synthetic Fixed-Income Securities Inc. Synthetic Fixed-Income Securities Inc. Floating Rate Structured Repackaged Asset-Backed Trust Securities Certificates Series 2006-3,,,,,,,,,,,0.0,4457.0,,,[],[],,,,,,,,,,,,,,,,,__nan__,__nan__
191,GKOS,Glaukos Corporation Common Stock,,,,,,,,,,-31.77,1.03,83437.0,,,[],"[{'period': ""Q4 '25"", 'revenue': 143.12, 'unit': 'M', 'net_profit': -133.66}, {'period': ""Q3 '25"", 'revenue': 133.54, 'unit': 'M', 'net_profit': -16.23}, {'period': ""Q2 '25"", 'revenue': 124.12, 'unit': 'M', 'net_profit': -19.66}, {'period': ""Q1 '25"", 'revenue': 106.66, 'unit': 'M', 'net_profit': -18.15}, {'period': ""Q4 '24"", 'revenue': 105.5, 'unit': 'M', 'net_profit': -33.58}, {'period': ""Q3 '24"", 'revenue': 96.67, 'unit': 'M', 'net_profit': -21.41}]",,,,,,,,,,,,,,,,,__nan__,__nan__
192,GL,Globe Life Inc. Common Stock,,,,,,,,,,9.79,2.47,62920.0,,,[],"[{'period': ""Q4 '25"", 'revenue': 1520.0, 'unit': 'M', 'net_profit': 266.0}, {'period': ""Q3 '25"", 'revenue': 1510.0, 'unit': 'M', 'net_profit': 387.84}, {'period': ""Q2 '25"", 'revenue': 1480.0, 'unit': 'M', 'net_profit': 252.75}, {'period': ""Q1 '25"", 'revenue': 1480.0, 'unit': 'M', 'net_profit': 254.56}, {'period': ""Q4 '24"", 'revenue': 1470.0, 'unit': 'M', 'net_profit': 255.2}, {'period': ""Q3 '24"", 'revenue': 1460.0, 'unit': 'M', 'net_profit': 302.99}]",,,,,,,,,,,,,,,,,__nan__,__nan__
193,GLEO,Galileo Acquisition Corp. Ordinary Shares,,,,,,,,,,0.0,-2.1000004,386451.0,,,[],"[{'period': ""Q3 '23"", 'revenue': 8.37, 'unit': 'M', 'net_profit': -19.19}, {'period': ""Q2 '23"", 'revenue': 8.44, 'unit': 'M', 'net_profit': -6.78}, {'period': ""Q1 '23"", 'revenue': 8.2, 'unit': 'M', 'net_profit': -7.4}, {'period': ""Q3 '22"", 'revenue': 8.45, 'unit': 'M', 'net_profit': -4.55}, {'period': ""Q1 '22"", 'revenue': 7.57, 'unit': 'M', 'net_profit': -4.04}, {'period': ""Q2 '21"", 'revenue': 0.0, 'unit': 'M', 'net_profit': -12.31}]",,,,,,,,,,,,,,,,,__nan__,__nan__
194,GLOB,Globant S.A. Common Shares,,,,,,,,,,19.99,1.26,233072.0,,,[],"[{'period': ""Q4 '25"", 'revenue': 612.47, 'unit': 'M', 'net_profit': 41.56}, {'period': ""Q3 '25"", 'revenue': 617.14, 'unit': 'M', 'net_profit': 33.1}, {'period': ""Q2 '25"", 'revenue': 614.18, 'unit': 'M', 'net_profit': -2.38}, {'period': ""Q1 '25"", 'revenue': 611.09, 'unit': 'M', 'net_profit': 30.64}, {'period': ""Q4 '24"", 'revenue': 642.48, 'unit': 'M', 'net_profit': 38.41}, {'period': ""Q3 '24"", 'revenue': 614.67, 'unit': 'M', 'net_profit': 45.54}]",,,,,,,,,,,,,,,,,__nan__,__nan__
195,GLOG,GasLog Ltd. Common Shares,,,,,,,,,,,,,,,[],"[{'period': ""Q2 '21"", 'revenue': 173.01, 'unit': 'M', 'net_profit': -4.78}, {'period': ""Q1 '21"", 'revenue': 205.33, 'unit': 'M', 'net_profit': 57.93}, {'period': ""Q4 '20"", 'revenue': 192.6, 'unit': 'M', 'net_profit': 28.23}, {'period': ""Q3 '20"", 'revenue': 156730.0, 'unit': 'K', 'net_profit': -354.0}, {'period': ""Q2 '20"", 'revenue': 158.86, 'unit': 'M', 'net_profit': -21.35}, {'period': ""Q1 '20"", 'revenue': 165.9, 'unit': 'M', 'net_profit': -51.48}]",,,,,,,,,,,,,,,,,__nan__,__nan__
196,GLOP,GasLog Partners LP Common Units representing limited partnership interests,,,,,,,,,,3.074712643678161,-3.29,976.0,,,[],"[{'period': ""Q4 '24"", 'revenue': 85.22, 'unit': 'M', 'net_profit': 17.96}, {'period': ""Q3 '24"", 'revenue': 85.67, 'unit': 'M', 'net_profit': 44.49}, {'period': ""Q2 '24"", 'revenue': 87.27, 'unit': 'M', 'net_profit': 38.55}, {'period': ""Q1 '24"", 'revenue': 98.09, 'unit': 'M', 'net_profit': 49.95}, {'period': ""Q4 '23"", 'revenue': 101.06, 'unit': 'M', 'net_profit': 35.69}, {'period': ""Q3 '23"", 'revenue': 100.75, 'unit': 'M', 'net_profit': 30.94}]",,,,,,,,,,,,,,,,,__nan__,__nan__
197,GLP,Global Partners LP Global Partners LP Common Units representing Limited Partner Interests,,,,,,,,,,20.18,-1.79,15047.0,,,[],"[{'period': ""Q4 '25"", 'revenue': 4650.0, 'unit': 'M', 'net_profit': 20.12}, {'period': ""Q3 '25"", 'revenue': 4690.0, 'unit': 'M', 'net_profit': 24.23}, {'period': ""Q2 '25"", 'revenue': 4630.0, 'unit': 'M', 'net_profit': 20.59}, {'period': ""Q1 '25"", 'revenue': 4590.0, 'unit': 'M', 'net_profit': 18.68}, {'period': ""Q4 '24"", 'revenue': 4190.0, 'unit': 'M', 'net_profit': 23.86}, {'period': ""Q3 '24"", 'revenue': 4420.0, 'unit': 'M', 'net_profit': 45.92}]",,,,,,,,,,,,,,,,,__nan__,__nan__
198,GLT,Glatfelter Corporation Common Stock,,,,,,,,,,-1.0379684418145958,,0.0,,,[],"[{'period': ""Q4 '25"", 'revenue': 792.0, 'unit': 'M', 'net_profit': -34.0}, {'period': ""Q3 '25"", 'revenue': 839.0, 'unit': 'M', 'net_profit': -40.0}, {'period': ""Q2 '25"", 'revenue': 839.0, 'unit': 'M', 'net_profit': -18.0}, {'period': ""Q1 '25"", 'revenue': 824.0, 'unit': 'M', 'net_profit': -41.0}, {'period': ""Q4 '24"", 'revenue': 702.0, 'unit': 'M', 'net_profit': -60.0}, {'period': ""Q3 '24"", 'revenue': 332.1, 'unit': 'M', 'net_profit': -15.25}]",,,,,,,,,,,,,,,,,__nan__,__nan__
199,GLW,Corning Incorporated Common Stock,,,,,,,,,,70.58,-7.64,6500471.0,,,[],"[{'period': ""Q4 '25"", 'revenue': 4210.0, 'unit': 'M', 'net_profit': 540.0}, {'period': ""Q3 '25"", 'revenue': 4100.0, 'unit': 'M', 'net_profit': 430.0}, {'period': ""Q2 '25"", 'revenue': 3860.0, 'unit': 'M', 'net_profit': 469.0}, {'period': ""Q1 '25"", 'revenue': 3450.0, 'unit': 'M', 'net_profit': 157.0}, {'period': ""Q4 '24"", 'revenue': 3500.0, 'unit': 'M', 'net_profit': 310.0}, {'period': ""Q3 '24"", 'revenue': 3390.0, 'unit': 'M', 'net_profit': -117.0}]",,,,,,,,,,,,,,,,,__nan__,__nan__
200,GM,General Motors Company Common Stock,,,,,,,,,,22.48,0.54,2082113.0,,,[],"[{'period': ""Q4 '25"", 'revenue': 45.29, 'unit': 'B', 'net_profit': -2.7}, {'period': ""Q3 '25"", 'revenue': 48.59, 'unit': 'B', 'net_profit': 1.33}, {'period': ""Q2 '25"", 'revenue': 47.12, 'unit': 'B', 'net_profit': 1.9}, {'period': ""Q1 '25"", 'revenue': 44.02, 'unit': 'B', 'net_profit': 2.78}, {'period': ""Q4 '24"", 'revenue': 47.7, 'unit': 'B', 'net_profit': -2.96}, {'period': ""Q3 '24"", 'revenue': 48.76, 'unit': 'B', 'net_profit': 3.06}]",,,,,,,,,,,,,,,,,__nan__,__nan__
201,GME,GameStop Corporation Common Stock,,,,,,,,,,28.73,0.02,1731871.0,,,[],"[{'period': ""Q4 '25"", 'revenue': 1100.0, 'unit': 'M', 'net_profit': 127.9}, {'period': ""Q3 '25"", 'revenue': 821.0, 'unit': 'M', 'net_profit': 77.1}, {'period': ""Q2 '25"", 'revenue': 972.2, 'unit': 'M', 'net_profit': 168.6}, {'period': ""Q1 '25"", 'revenue': 732.4, 'unit': 'M', 'net_profit': 44.8}, {'period': ""Q4 '24"", 'revenue': 1280.0, 'unit': 'M', 'net_profit': 131.3}, {'period': ""Q3 '24"", 'revenue': 860.3, 'unit': 'M', 'net_profit': 17.4}]",,,,,,,,,,,,,,,,,__nan__,__nan__
202,GMED,Globus Medical Inc. Class A Common Stock,,,,,,,,,,21.3,-0.3,110919.0,,,[],"[{'period': ""Q4 '25"", 'revenue': 826.39, 'unit': 'M', 'net_profit': 140.63}, {'period': ""Q3 '25"", 'revenue': 769.05, 'unit': 'M', 'net_profit': 118.97}, {'period': ""Q2 '25"", 'revenue': 745.34, 'unit': 'M', 'net_profit': 202.85}, {'period': ""Q1 '25"", 'revenue': 598.12, 'unit': 'M', 'net_profit': 75.46}, {'period': ""Q4 '24"", 'revenue': 657.29, 'unit': 'M', 'net_profit': 26.5}, {'period': ""Q3 '24"", 'revenue': 625.71, 'unit': 'M', 'net_profit': 51.84}]",,,,,,,,,,,,,,,,,__nan__,__nan__
203,GMRE,Global Medical REIT Inc. Common Stock,,,,,,,,,,-137.46153846153845,-0.45,92285.0,,,[],"[{'period': ""Q4 '25"", 'revenue': 35.17, 'unit': 'M', 'net_profit': -11.78}, {'period': ""Q3 '25"", 'revenue': 40.56, 'unit': 'M', 'net_profit': -4.55}, {'period': ""Q2 '25"", 'revenue': 37880.0, 'unit': 'K', 'net_profit': 655.0}, {'period': ""Q1 '25"", 'revenue': 34.59, 'unit': 'M', 'net_profit': 3.56}, {'period': ""Q4 '24"", 'revenue': 34.95, 'unit': 'M', 'net_profit': 2.83}, {'period': ""Q3 '24"", 'revenue': 34.17, 'unit': 'M', 'net_profit': 3.25}]",,,,,,,,,,,,,,,,,__nan__,__nan__
204,GMS,GMS Inc. Common Stock,,,,,,,,,,41.80988593155894,0.0,710652.0,,,[],"[{'period': ""Q1 '26"", 'revenue': 1410.0, 'unit': 'M', 'net_profit': 43.56}, {'period': ""Q4 '25"", 'revenue': 1330.0, 'unit': 'M', 'net_profit': 26.09}, {'period': ""Q3 '25"", 'revenue': 1260.0, 'unit': 'M', 'net_profit': -21.41}, {'period': ""Q2 '25"", 'revenue': 1470.0, 'unit': 'M', 'net_profit': 53.54}, {'period': ""Q1 '25"", 'revenue': 1450.0, 'unit': 'M', 'net_profit': 57.25}, {'period': ""Q4 '24"", 'revenue': 1410.0, 'unit': 'M', 'net_profit': 56.39}]",,,,,,,,,,,,,,,,,__nan__,__nan__
205,GMTA,GATX Corporation 5.625% Senior Notes due 2066,,,,,,,,,,1.87560884226302,0.01,12053.0,,,[],"[{'period': ""Q4 '25"", 'revenue': 449.0, 'unit': 'M', 'net_profit': 97.0}, {'period': ""Q3 '25"", 'revenue': 439.3, 'unit': 'M', 'net_profit': 82.2}, {'period': ""Q2 '25"", 'revenue': 430.5, 'unit': 'M', 'net_profit': 75.5}, {'period': ""Q1 '25"", 'revenue': 421.6, 'unit': 'M', 'net_profit': 78.6}, {'period': ""Q4 '24"", 'revenue': 413.5, 'unit': 'M', 'net_profit': 76.5}, {'period': ""Q3 '24"", 'revenue': 405.4, 'unit': 'M', 'net_profit': 89.0}]",,,,,,,,,,,,,,,,,__nan__,__nan__
206,GNE,Genie Energy Ltd. Class B Common Stock Stock,,,,,,,,,,47.88,0.115,766.0,,,[],"[{'period': ""Q3 '25"", 'revenue': 138.32, 'unit': 'M', 'net_profit': 6.74}, {'period': ""Q2 '25"", 'revenue': 105.25, 'unit': 'M', 'net_profit': 2.82}, {'period': ""Q1 '25"", 'revenue': 136.81, 'unit': 'M', 'net_profit': 10.63}, {'period': ""Q4 '24"", 'revenue': 102.9, 'unit': 'M', 'net_profit': -15.35}, {'period': ""Q3 '24"", 'revenue': 111.92, 'unit': 'M', 'net_profit': 10.2}, {'period': ""Q2 '24"", 'revenue': 90.7, 'unit': 'M', 'net_profit': 9.61}]",,,,,,,,,,,,,,,,,__nan__,__nan__
207,GNK,Genco Shipping & Trading Limited Ordinary Shares New (Marshall Islands),,,,,,,,,,-224.6,0.12,26843.0,,,[],"[{'period': ""Q4 '25"", 'revenue': 109.92, 'unit': 'M', 'net_profit': 15.41}, {'period': ""Q3 '25"", 'revenue': 79.92, 'unit': 'M', 'net_profit': -1.05}, {'period': ""Q2 '25"", 'revenue': 80.94, 'unit': 'M', 'net_profit': -6.8}, {'period': ""Q1 '25"", 'revenue': 71.27, 'unit': 'M', 'net_profit': -11.92}, {'period': ""Q4 '24"", 'revenue': 99.2, 'unit': 'M', 'net_profit': 12.68}, {'period': ""Q3 '24"", 'revenue': 99.33, 'unit': 'M', 'net_profit': 21.46}]",,,,,,,,,,,,,,,,,__nan__,__nan__
208,GNL,Global Net Lease Inc. Common Stock,,,,,,,,,,-11.41,0.07,389510.0,,,[],"[{'period': ""Q4 '25"", 'revenue': 116.95, 'unit': 'M', 'net_profit': 48.18}, {'period': ""Q3 '25"", 'revenue': 121.01, 'unit': 'M', 'net_profit': -60.12}, {'period': ""Q2 '25"", 'revenue': 124.91, 'unit': 'M', 'net_profit': -24.14}, {'period': ""Q1 '25"", 'revenue': 132.41, 'unit': 'M', 'net_profit': -189.38}, {'period': ""Q4 '24"", 'revenue': 199.12, 'unit': 'M', 'net_profit': -6.52}, {'period': ""Q3 '24"", 'revenue': 196.56, 'unit': 'M', 'net_profit': -65.64}]",,,,,,,,,,,,,,,,,__nan__,__nan__
209,GNPK,Genesis Park Acquisition Corp. Class A Ordinary Shares,,,,,,,,,,,,,,,[],[],,,,,,,,,,,,,,,,,__nan__,__nan__
210,GNRC,Generac Holdlings Inc. Common Stock,,,,,,,,,,70.39,-5.75,153609.0,,,[],"[{'period': ""Q4 '25"", 'revenue': 1090.0, 'unit': 'M', 'net_profit': -24.46}, {'period': ""Q3 '25"", 'revenue': 1110.0, 'unit': 'M', 'net_profit': 66.16}, {'period': ""Q2 '25"", 'revenue': 1060.0, 'unit': 'M', 'net_profit': 74.02}, {'period': ""Q1 '25"", 'revenue': 942.12, 'unit': 'M', 'net_profit': 43.84}, {'period': ""Q4 '24"", 'revenue': 1230.0, 'unit': 'M', 'net_profit': 128.85}, {'period': ""Q3 '24"", 'revenue': 1170.0, 'unit': 'M', 'net_profit': 113.74}]",,,,,,,,,,,,,,,,,__nan__,__nan__
211,GNT,GAMCO Natural Resources Gold & Income Trust,,,,,,,,,,2.85,0.05,15663.0,,,[],"[{'period': ""Q4 '25"", 'revenue': 10.31, 'unit': 'M', 'net_profit': 25.37}, {'period': ""Q2 '25"", 'revenue': 3.81, 'unit': 'M', 'net_profit': 21.48}, {'period': ""Q4 '24"", 'revenue': 7.28, 'unit': 'M', 'net_profit': 1.02}, {'period': ""Q2 '24"", 'revenue': 3.33, 'unit': 'M', 'net_profit': 4.24}, {'period': ""Q4 '23"", 'revenue': 4.35, 'unit': 'M', 'net_profit': 4.84}, {'period': ""Q2 '23"", 'revenue': 9.42, 'unit': 'M', 'net_profit': 4.76}]",,,,,,,,,,,,,,,,,__nan__,__nan__
212,GNW,Genworth Financial Inc Common Stock,,,,,,,,,,14.96,0.08999992,510604.0,,,[],"[{'period': ""Q4 '25"", 'revenue': 1490.0, 'unit': 'M', 'net_profit': 2.0}, {'period': ""Q3 '25"", 'revenue': 1870.0, 'unit': 'M', 'net_profit': 116.0}, {'period': ""Q2 '25"", 'revenue': 1730.0, 'unit': 'M', 'net_profit': 51.0}, {'period': ""Q1 '25"", 'revenue': 1780.0, 'unit': 'M', 'net_profit': 54.0}, {'period': ""Q4 '24"", 'revenue': 1720.0, 'unit': 'M', 'net_profit': -1.0}, {'period': ""Q3 '24"", 'revenue': 1840.0, 'unit': 'M', 'net_profit': 85.0}]",,,,,,,,,,,,,,,,,__nan__,__nan__
213,GOAC,GO Acquisition Corp. Class A Common Stock,,,,,,,,,,41.708333333333336,0.00500011,165698.0,,,[],"[{'period': ""Q2 '22"", 'revenue': 0.0, 'unit': 'M', 'net_profit': 4.98}, {'period': ""Q1 '22"", 'revenue': 0.0, 'unit': 'M', 'net_profit': 26.98}, {'period': ""Q4 '21"", 'revenue': 0.0, 'unit': 'M', 'net_profit': 37.45}, {'period': ""Q3 '21"", 'revenue': 0.0, 'unit': 'M', 'net_profit': 8.38}, {'period': ""Q2 '21"", 'revenue': 0.0, 'unit': 'M', 'net_profit': -5.68}, {'period': ""Q4 '20"", 'revenue': 0.0, 'unit': 'K', 'net_profit': -94.52}]",,,,,,,,,,,,,,,,,__nan__,__nan__
214,GOF,Guggenheim Strategic Opportunities Fund Common Shares of Beneficial Interest,,,,,,,,,,6.19,0.095,477948.0,,,[],"[{'period': ""Q2 '25"", 'revenue': 123.47, 'unit': 'M', 'net_profit': 149.48}, {'period': ""Q4 '24"", 'revenue': 90.61, 'unit': 'M', 'net_profit': 31.77}, {'period': ""Q2 '24"", 'revenue': 83.39, 'unit': 'M', 'net_profit': 120.44}, {'period': ""Q4 '23"", 'revenue': 109.81, 'unit': 'M', 'net_profit': 116.81}, {'period': ""Q2 '23"", 'revenue': 66.0, 'unit': 'M', 'net_profit': 129.85}, {'period': ""Q4 '22"", 'revenue': 90.91, 'unit': 'M', 'net_profit': 119.34}]",,,,,,,,,,,,,,,,,__nan__,__nan__
215,GOL,Gol Linhas Aereas Inteligentes S.A. Sponsored ADR representing 2 Pfd Shares,,,,,,,,,,1.6160714285714286,0.085,1264897.0,,,[],"[{'period': ""Q3 '23"", 'revenue': 4.67, 'unit': 'B', 'net_profit': -1.3}, {'period': ""Q2 '23"", 'revenue': 4150.0, 'unit': 'M', 'net_profit': 556.29}, {'period': ""Q1 '23"", 'revenue': 4920.0, 'unit': 'M', 'net_profit': 619.52}, {'period': ""Q4 '22"", 'revenue': 4730.0, 'unit': 'M', 'net_profit': 230.91}, {'period': ""Q3 '22"", 'revenue': 4.01, 'unit': 'B', 'net_profit': -1.55}, {'period': ""Q2 '22"", 'revenue': 3.24, 'unit': 'B', 'net_profit': -2.85}]",,,,,,,,,,,,,,,,,__nan__,__nan__
216,GOLD,Barrick Gold Corporation Common Stock (BC),,,,,,,,,,82.06,-0.03,158919.0,,,[],"[{'period': ""Q2 '26"", 'revenue': 6480.0, 'unit': 'M', 'net_profit': 11.64}, {'period': ""Q1 '26"", 'revenue': 3680000.0, 'unit': 'K', 'net_profit': -939.0}, {'period': ""Q4 '25"", 'revenue': 2510.0, 'unit': 'M', 'net_profit': 10.32}, {'period': ""Q3 '25"", 'revenue': 3010.0, 'unit': 'M', 'net_profit': -8.55}, {'period': ""Q2 '25"", 'revenue': 2740.0, 'unit': 'M', 'net_profit': 6.56}, {'period': ""Q1 '25"", 'revenue': 2720.0, 'unit': 'M', 'net_profit': 8.98}]",,,,,,,,,,,,,,,,,__nan__,__nan__
217,GOLF,Acushnet Holdings Corp. Common Stock,,,,,,,,,,29.57,-0.2,40237.0,,,[],"[{'period': ""Q4 '25"", 'revenue': 477220.0, 'unit': 'M', 'net_profit': -34.9}, {'period': ""Q3 '25"", 'revenue': 657.66, 'unit': 'M', 'net_profit': 48.51}, {'period': ""Q2 '25"", 'revenue': 720.48, 'unit': 'M', 'net_profit': 75.56}, {'period': ""Q1 '25"", 'revenue': 703.37, 'unit': 'M', 'net_profit': 99.37}, {'period': ""Q4 '24"", 'revenue': 445.17, 'unit': 'M', 'net_profit': -1.12}, {'period': ""Q3 '24"", 'revenue': 620.5, 'unit': 'M', 'net_profit': 56.22}]",,,,,,,,,,,,,,,,,__nan__,__nan__
218,GOOS,Canada Goose Holdings Inc. Subordinate Voting Shares,,,,,,,,,,65.28,-0.115,87245.0,,,[],"[{'period': ""Q3 '26"", 'revenue': 694.5, 'unit': 'M', 'net_profit': 134.8}, {'period': ""Q2 '26"", 'revenue': 272.6, 'unit': 'M', 'net_profit': -15.2}, {'period': ""Q1 '26"", 'revenue': 107.8, 'unit': 'M', 'net_profit': -125.2}, {'period': ""Q4 '25"", 'revenue': 384.6, 'unit': 'M', 'net_profit': 27.1}, {'period': ""Q3 '25"", 'revenue': 607.9, 'unit': 'M', 'net_profit': 139.7}, {'period': ""Q2 '25"", 'revenue': 267.8, 'unit': 'M', 'net_profit': 5.4}]",,,,,,,,,,,,,,,,,__nan__,__nan__
219,GOTU,GSX Techedu Inc. American Depositary Shares,,,,,,,,,,-9.92,0.00499997,261648.0,,,[],"[{'period': ""Q4 '25"", 'revenue': 1660.0, 'unit': 'M', 'net_profit': -83.02}, {'period': ""Q3 '25"", 'revenue': 1570.0, 'unit': 'M', 'net_profit': -146.35}, {'period': ""Q2 '25"", 'revenue': 1380.0, 'unit': 'M', 'net_profit': -213.93}, {'period': ""Q1 '25"", 'revenue': 1490.0, 'unit': 'M', 'net_profit': 123.75}, {'period': ""Q4 '24"", 'revenue': 1410.0, 'unit': 'M', 'net_profit': -137.91}, {'period': ""Q3 '24"", 'revenue': 1180.0, 'unit': 'M', 'net_profit': -460.92}]",,,,,,,,,,,,,,,,,__nan__,__nan__
220,GPC,Genuine Parts Company Common Stock,,,,,,,,,,222.55,-0.42,457576.0,,,[],"[{'period': ""Q4 '25"", 'revenue': 6010.0, 'unit': 'M', 'net_profit': -609.5}, {'period': ""Q3 '25"", 'revenue': 6260.0, 'unit': 'M', 'net_profit': 226.17}, {'period': ""Q2 '25"", 'revenue': 6160.0, 'unit': 'M', 'net_profit': 254.88}, {'period': ""Q1 '25"", 'revenue': 5870.0, 'unit': 'M', 'net_profit': 194.39}, {'period': ""Q4 '24"", 'revenue': 5770.0, 'unit': 'M', 'net_profit': 133.06}, {'period': ""Q3 '24"", 'revenue': 5970.0, 'unit': 'M', 'net_profit': 226.58}]",,,,,,,,,,,,,,,,,__nan__,__nan__
221,GPI,Group 1 Automotive Inc. Common Stock,,,,,,,,,,13.09,3.985,41857.0,,,[],"[{'period': ""Q4 '25"", 'revenue': 5580.0, 'unit': 'M', 'net_profit': 43.1}, {'period': ""Q3 '25"", 'revenue': 5780.0, 'unit': 'M', 'net_profit': 12.9}, {'period': ""Q2 '25"", 'revenue': 5700.0, 'unit': 'M', 'net_profit': 140.5}, {'period': ""Q1 '25"", 'revenue': 5510.0, 'unit': 'M', 'net_profit': 128.1}, {'period': ""Q4 '24"", 'revenue': 5550.0, 'unit': 'M', 'net_profit': 94.8}, {'period': ""Q3 '24"", 'revenue': 5220.0, 'unit': 'M', 'net_profit': 117.3}]",,,,,,,,,,,,,,,,,__nan__,__nan__
222,GPJA,Georgia Power Company Series 2017A 5.00% Junior Subordinated Notes due October 1 2077,,,,,,,,,,0.13,0.15,2307.0,,,[],"[{'period': ""Q4 '25"", 'revenue': 15580.0, 'unit': 'M', 'net_profit': 689.0}, {'period': ""Q3 '25"", 'revenue': 7.82, 'unit': 'B', 'net_profit': 1.71}, {'period': ""Q2 '25"", 'revenue': 3110.0, 'unit': 'M', 'net_profit': 607.0}, {'period': ""Q1 '25"", 'revenue': 3.04, 'unit': 'B', 'net_profit': 1.33}, {'period': ""Q4 '24"", 'revenue': 2590.0, 'unit': 'M', 'net_profit': 975.0}, {'period': ""Q3 '24"", 'revenue': 3.47, 'unit': 'B', 'net_profit': 1.53}]",,,,,,,,,,,,,,,,,__nan__,__nan__
223,GPK,Graphic Packaging Holding Company,,,,,,,,,,6.31,0.115,840133.0,,,[],"[{'period': ""Q4 '25"", 'revenue': 2100.0, 'unit': 'M', 'net_profit': 71.0}, {'period': ""Q3 '25"", 'revenue': 2190.0, 'unit': 'M', 'net_profit': 142.0}, {'period': ""Q2 '25"", 'revenue': 2200.0, 'unit': 'M', 'net_profit': 104.0}, {'period': ""Q1 '25"", 'revenue': 2120.0, 'unit': 'M', 'net_profit': 127.0}, {'period': ""Q4 '24"", 'revenue': 2100.0, 'unit': 'M', 'net_profit': 138.0}, {'period': ""Q3 '24"", 'revenue': 2220.0, 'unit': 'M', 'net_profit': 165.0}]",,,,,,,,,,,,,,,,,__nan__,__nan__
224,GPM,Guggenheim Enhanced Equity Income Fund,,,,,,,,,,,-0.179999,868512.0,,,[],[],,,,,,,,,,,,,,,,,__nan__,__nan__
225,GPMT,Granite Point Mortgage Trust Inc. Common Stock,,,,,,,,,,-1.22,0.02,31171.0,,,[],"[{'period': ""Q4 '25"", 'revenue': 32.15, 'unit': 'M', 'net_profit': -23.81}, {'period': ""Q3 '25"", 'revenue': 37.27, 'unit': 'M', 'net_profit': 3.04}, {'period': ""Q2 '25"", 'revenue': 37.48, 'unit': 'M', 'net_profit': -13.57}, {'period': ""Q1 '25"", 'revenue': 10.1, 'unit': 'M', 'net_profit': -7.01}, {'period': ""Q4 '24"", 'revenue': 9.47, 'unit': 'M', 'net_profit': -38.84}, {'period': ""Q3 '24"", 'revenue': 10.25, 'unit': 'M', 'net_profit': -31.02}]",,,,,,,,,,,,,,,,,__nan__,__nan__
226,GPN,Global Payments Inc. Common Stock,,,,,,,,,,15.12,1.1,438632.0,,,[],"[{'period': ""Q4 '25"", 'revenue': 1900.0, 'unit': 'M', 'net_profit': 217.52}, {'period': ""Q3 '25"", 'revenue': 2009.9999999999998, 'unit': 'M', 'net_profit': 635.21}, {'period': ""Q2 '25"", 'revenue': 1960.0, 'unit': 'M', 'net_profit': 241.64}, {'period': ""Q1 '25"", 'revenue': 2410.0, 'unit': 'M', 'net_profit': 305.73}, {'period': ""Q4 '24"", 'revenue': 2520.0, 'unit': 'M', 'net_profit': 567.17}, {'period': ""Q3 '24"", 'revenue': 2000.0, 'unit': 'M', 'net_profit': 315.12}]",,,,,,,,,,,,,,,,,__nan__,__nan__
227,GPOR,Gulfport Energy Corporation Common Shares,,,,,,,,,,10.05,-0.43,82353.0,,,[],"[{'period': ""Q4 '25"", 'revenue': 355.49, 'unit': 'M', 'net_profit': 132.41}, {'period': ""Q3 '25"", 'revenue': 312.94, 'unit': 'M', 'net_profit': 111.39}, {'period': ""Q2 '25"", 'revenue': 311.51, 'unit': 'M', 'net_profit': 184.47}, {'period': ""Q1 '25"", 'revenue': 343580.0, 'unit': 'K', 'net_profit': -464.0}, {'period': ""Q4 '24"", 'revenue': 284.83, 'unit': 'M', 'net_profit': -273.24}, {'period': ""Q3 '24"", 'revenue': 215.95, 'unit': 'M', 'net_profit': -13.97}]",,,,,,,,,,,,,,,,,__nan__,__nan__
228,GPRK,Geopark Ltd Common Shares,,,,,,,,,,10.15,0.12,201964.0,,,[],"[{'period': ""Q4 '25"", 'revenue': 110.3, 'unit': 'M', 'net_profit': 31.1}, {'period': ""Q3 '25"", 'revenue': 125.09, 'unit': 'M', 'net_profit': 15.86}, {'period': ""Q2 '25"", 'revenue': 119.79, 'unit': 'M', 'net_profit': -10.34}, {'period': ""Q1 '25"", 'revenue': 0.0, 'unit': '', 'net_profit': 0.0}, {'period': ""Q4 '24"", 'revenue': 143.71, 'unit': 'M', 'net_profit': 15.34}, {'period': ""Q3 '24"", 'revenue': 159.5, 'unit': 'M', 'net_profit': 25.11}]",,,,,,,,,,,,,,,,,__nan__,__nan__
229,GPS,Gap Inc. (The) Common Stock,,,,,,,,,,13.63888888888889,1.03,6166831.0,,,[],"[{'period': ""Q4 '25"", 'revenue': 4240.0, 'unit': 'M', 'net_profit': 171.0}, {'period': ""Q3 '25"", 'revenue': 3940.0, 'unit': 'M', 'net_profit': 236.0}, {'period': ""Q2 '25"", 'revenue': 3730.0, 'unit': 'M', 'net_profit': 216.0}, {'period': ""Q1 '25"", 'revenue': 3460.0, 'unit': 'M', 'net_profit': 193.0}, {'period': ""Q4 '24"", 'revenue': 4150.0, 'unit': 'M', 'net_profit': 206.0}, {'period': ""Q3 '24"", 'revenue': 3830.0, 'unit': 'M', 'net_profit': 274.0}]",,,,,,,,,,,,,,,,,__nan__,__nan__
230,GPX,GP Strategies Corporation Common Stock,,,,,,,,,,0.0,0.0,324275.0,,,[],"[{'period': ""Q2 '21"", 'revenue': 128.78, 'unit': 'M', 'net_profit': 2.48}, {'period': ""Q1 '21"", 'revenue': 114.55, 'unit': 'M', 'net_profit': 1.72}, {'period': ""Q4 '20"", 'revenue': 123.09, 'unit': 'M', 'net_profit': 8.45}, {'period': ""Q3 '20"", 'revenue': 115590.0, 'unit': 'K', 'net_profit': 521.0}, {'period': ""Q2 '20"", 'revenue': 106140.0, 'unit': 'K', 'net_profit': -606.0}, {'period': ""Q1 '20"", 'revenue': 128.28, 'unit': 'M', 'net_profit': -1.29}]",,,,,,,,,,,,,,,,,__nan__,__nan__
231,GRA,W.R. Grace & Co. Common Stock,,,,,,,,,,,,,,,[],"[{'period': ""Q2 '21"", 'revenue': 512.9, 'unit': 'M', 'net_profit': 45.4}, {'period': ""Q1 '21"", 'revenue': 456.7, 'unit': 'M', 'net_profit': 68.4}, {'period': ""Q4 '20"", 'revenue': 470.2, 'unit': 'M', 'net_profit': -43.5}, {'period': ""Q3 '20"", 'revenue': 419.4, 'unit': 'M', 'net_profit': 7.0}, {'period': ""Q2 '20"", 'revenue': 418.7, 'unit': 'M', 'net_profit': -7.3}, {'period': ""Q1 '20"", 'revenue': 421.5, 'unit': 'M', 'net_profit': 42.0}]",,,,,,,,,,,,,,,,,__nan__,__nan__
232,GRC,Gorman-Rupp Company (The) Common Stock,,,,,,,,,,30.34,-0.13,13800.0,,,[],"[{'period': ""Q4 '25"", 'revenue': 166.57, 'unit': 'M', 'net_profit': 13.75}, {'period': ""Q3 '25"", 'revenue': 172.82, 'unit': 'M', 'net_profit': 11.34}, {'period': ""Q2 '25"", 'revenue': 179.04, 'unit': 'M', 'net_profit': 15.8}, {'period': ""Q1 '25"", 'revenue': 163.95, 'unit': 'M', 'net_profit': 12.13}, {'period': ""Q4 '24"", 'revenue': 162.7, 'unit': 'M', 'net_profit': 10.98}, {'period': ""Q3 '24"", 'revenue': 168.18, 'unit': 'M', 'net_profit': 12.92}]",,,,,,,,,,,,,,,,,__nan__,__nan__
233,GRUB,GrubHub Inc. Common Stock,,,,,,,,,,0.0,0.0,9442974.0,,,[],"[{'period': ""Q2 '24"", 'revenue': 2570.0, 'unit': 'M', 'net_profit': -301.0}, {'period': ""Q4 '23"", 'revenue': 2.58, 'unit': 'B', 'net_profit': -1.59}, {'period': ""Q2 '23"", 'revenue': 2590.0, 'unit': 'M', 'net_profit': -258.0}, {'period': ""Q4 '22"", 'revenue': 2.78, 'unit': 'B', 'net_profit': -2.19}, {'period': ""Q2 '22"", 'revenue': 2.78, 'unit': 'B', 'net_profit': -3.48}, {'period': ""Q4 '21"", 'revenue': 2730.0, 'unit': 'M', 'net_profit': -545.0}]",,,,,,,,,,,,,,,,,__nan__,__nan__
234,GRX,The Gabelli Healthcare & Wellness Trust Common Shares of Beneficial Interest,,,,,,,,,,60.6,0.08500034,2934.0,,,[],"[{'period': ""Q4 '25"", 'revenue': 6.42, 'unit': 'M', 'net_profit': 3.82}, {'period': ""Q2 '25"", 'revenue': 8.86, 'unit': 'M', 'net_profit': -1.53}, {'period': ""Q4 '24"", 'revenue': 8650.0, 'unit': 'K', 'net_profit': 821.24}, {'period': ""Q2 '24"", 'revenue': 6.41, 'unit': 'M', 'net_profit': -1.11}, {'period': ""Q4 '23"", 'revenue': 12.89, 'unit': 'M', 'net_profit': -4.38}, {'period': ""Q2 '23"", 'revenue': 2.77, 'unit': 'M', 'net_profit': 4.8}]",,,,,,,,,,,,,,,,,__nan__,__nan__
235,GS,Goldman Sachs Group Inc. (The) Common Stock,,,,,,,,,,15.85,10.31,484921.0,,,[],"[{'period': ""Q4 '25"", 'revenue': 30.12, 'unit': 'B', 'net_profit': 4.62}, {'period': ""Q3 '25"", 'revenue': 32.15, 'unit': 'B', 'net_profit': 4.1}, {'period': ""Q2 '25"", 'revenue': 31.27, 'unit': 'B', 'net_profit': 3.72}, {'period': ""Q1 '25"", 'revenue': 31.55, 'unit': 'B', 'net_profit': 4.74}, {'period': ""Q4 '24"", 'revenue': 32.24, 'unit': 'B', 'net_profit': 4.11}, {'period': ""Q3 '24"", 'revenue': 31.52, 'unit': 'B', 'net_profit': 2.99}]",,,,,,,,,,,,,,,,,__nan__,__nan__
236,GSAH,GS Acquisition Holdings Corp II Class A Common Stock,,,,,,,,,,0.0,0.28,2632620.0,,,[],"[{'period': ""Q4 '25"", 'revenue': 0.0, 'unit': 'M', 'net_profit': 445.6}, {'period': ""Q3 '25"", 'revenue': -4670.0, 'unit': 'M', 'net_profit': 398.5}, {'period': ""Q2 '25"", 'revenue': 0.0, 'unit': 'M', 'net_profit': 324.2}, {'period': ""Q1 '25"", 'revenue': 0.0, 'unit': 'M', 'net_profit': 164.5}, {'period': ""Q4 '24"", 'revenue': 0.0, 'unit': 'M', 'net_profit': 495.81}, {'period': ""Q3 '24"", 'revenue': 4150.0, 'unit': 'M', 'net_profit': 176.6}]",,,,,,,,,,,,,,,,,__nan__,__nan__
237,GSBD,Goldman Sachs BDC Inc. Common Stock,,,,,,,,,,8.75,0.025,514699.0,,,[],"[{'period': ""Q4 '25"", 'revenue': 83.22, 'unit': 'M', 'net_profit': 23.72}, {'period': ""Q3 '25"", 'revenue': 55.81, 'unit': 'M', 'net_profit': 24.7}, {'period': ""Q2 '25"", 'revenue': 68.87, 'unit': 'M', 'net_profit': 39.29}, {'period': ""Q1 '25"", 'revenue': 96.94, 'unit': 'M', 'net_profit': 31.55}, {'period': ""Q4 '24"", 'revenue': 69.82, 'unit': 'M', 'net_profit': 37.55}, {'period': ""Q3 '24"", 'revenue': 70.69, 'unit': 'M', 'net_profit': 37.08}]",,,,,,,,,,,,,,,,,__nan__,__nan__
238,GSK,GlaxoSmithKline PLC Common Stock,,,,,,,,,,14.64,0.49,1326673.0,,,[],"[{'period': ""Q4 '25"", 'revenue': 8620.0, 'unit': 'M', 'net_profit': 636.0}, {'period': ""Q3 '25"", 'revenue': 8.55, 'unit': 'B', 'net_profit': 2.01}, {'period': ""Q2 '25"", 'revenue': 7.99, 'unit': 'B', 'net_profit': 1.44}, {'period': ""Q1 '25"", 'revenue': 7.52, 'unit': 'B', 'net_profit': 1.62}, {'period': ""Q4 '24"", 'revenue': 8119.999999999999, 'unit': 'M', 'net_profit': 414.0}, {'period': ""Q3 '24"", 'revenue': 8010.0, 'unit': 'M', 'net_profit': -58.0}]",,,,,,,,,,,,,,,,,__nan__,__nan__
239,GSL,Global Ship Lease Inc New Class A Common Shares,,,,,,,,,,3.22,-0.2197,133784.0,,,[],"[{'period': ""Q4 '25"", 'revenue': 190.95, 'unit': 'M', 'net_profit': 102.61}, {'period': ""Q3 '25"", 'revenue': 192.67, 'unit': 'M', 'net_profit': 95.02}, {'period': ""Q2 '25"", 'revenue': 188.54, 'unit': 'M', 'net_profit': 95.44}, {'period': ""Q1 '25"", 'revenue': 187.76, 'unit': 'M', 'net_profit': 123.39}, {'period': ""Q4 '24"", 'revenue': 181.43, 'unit': 'M', 'net_profit': 92.56}, {'period': ""Q3 '24"", 'revenue': 172.55, 'unit': 'M', 'net_profit': 81.15}]",,,,,,,,,,,,,,,,,__nan__,__nan__
240,GSLD,Global Ship Lease Inc. 8.00% Senior Notes due 2024,,,,,,,,,,0.0,0.0,7153.0,,,[],[],,,,,,,,,,,,,,,,,__nan__,__nan__
241,GSQD,G Squared Ascend I Inc. Class A Ordinary Shares,,,,,,,,,,0.0,0.0037,500.0,,,[],"[{'period': ""Q3 '22"", 'revenue': 0.0, 'unit': 'M', 'net_profit': 4.92}, {'period': ""Q2 '22"", 'revenue': 0.0, 'unit': 'M', 'net_profit': 7.23}, {'period': ""Q1 '22"", 'revenue': 0.0, 'unit': 'M', 'net_profit': 13.76}, {'period': ""Q4 '21"", 'revenue': 0.0, 'unit': 'M', 'net_profit': 3.62}, {'period': ""Q3 '21"", 'revenue': 0.0, 'unit': 'M', 'net_profit': 2.25}, {'period': ""Q2 '21"", 'revenue': 0.0, 'unit': 'M', 'net_profit': -4.24}]",,,,,,,,,,,,,,,,,__nan__,__nan__
242,GTES,Gates Industrial Corporation plc Ordinary Shares,,,,,,,,,,22.57,-0.44,371221.0,,,[],"[{'period': ""Q4 '25"", 'revenue': 856.2, 'unit': 'M', 'net_profit': 51.3}, {'period': ""Q3 '25"", 'revenue': 855.7, 'unit': 'M', 'net_profit': 81.6}, {'period': ""Q2 '25"", 'revenue': 883.7, 'unit': 'M', 'net_profit': 56.5}, {'period': ""Q1 '25"", 'revenue': 847.6, 'unit': 'M', 'net_profit': 62.0}, {'period': ""Q4 '24"", 'revenue': 829.4, 'unit': 'M', 'net_profit': 36.6}, {'period': ""Q3 '24"", 'revenue': 830.7, 'unit': 'M', 'net_profit': 47.6}]",,,,,,,,,,,,,,,,,__nan__,__nan__
243,GTLS,Chart Industries Inc. Common Stock,,,,,,,,,,627.12,0.23,888772.0,,,[],"[{'period': ""Q4 '25"", 'revenue': 1080.0, 'unit': 'M', 'net_profit': 53.2}, {'period': ""Q3 '25"", 'revenue': 1100.0, 'unit': 'M', 'net_profit': -138.5}, {'period': ""Q2 '25"", 'revenue': 1080.0, 'unit': 'M', 'net_profit': 76.1}, {'period': ""Q1 '25"", 'revenue': 1000.0, 'unit': 'M', 'net_profit': 49.5}, {'period': ""Q4 '24"", 'revenue': 1110.0, 'unit': 'M', 'net_profit': 79.6}, {'period': ""Q3 '24"", 'revenue': 1060.0, 'unit': 'M', 'net_profit': 69.0}]",,,,,,,,,,,,,,,,,__nan__,__nan__
244,GTN,Gray Television Inc. Common Stock,,,,,,,,,,-3.15,-0.135,215541.0,,,[],"[{'period': ""Q4 '25"", 'revenue': 792.0, 'unit': 'M', 'net_profit': -10.0}, {'period': ""Q3 '25"", 'revenue': 749.0, 'unit': 'M', 'net_profit': -10.0}, {'period': ""Q2 '25"", 'revenue': 772.0, 'unit': 'M', 'net_profit': -56.0}, {'period': ""Q1 '25"", 'revenue': 782.0, 'unit': 'M', 'net_profit': -9.0}, {'period': ""Q4 '24"", 'revenue': 1040.0, 'unit': 'M', 'net_profit': 169.0}, {'period': ""Q3 '24"", 'revenue': 950.0, 'unit': 'M', 'net_profit': 96.0}]",,,,,,,,,,,,,,,,,__nan__,__nan__
245,GTS,Triple-S Management Corporation Common Stock,,,,,,,,,,10.40775014459225,0.370003,631745.0,,,[],"[{'period': ""Q3 '21"", 'revenue': 1050.0, 'unit': 'M', 'net_profit': 8.17}, {'period': ""Q2 '21"", 'revenue': 1030.0, 'unit': 'M', 'net_profit': 23.56}, {'period': ""Q1 '21"", 'revenue': 1040.0, 'unit': 'M', 'net_profit': 23.31}, {'period': ""Q4 '20"", 'revenue': 999.02, 'unit': 'M', 'net_profit': 26.15}, {'period': ""Q3 '20"", 'revenue': 956.26, 'unit': 'M', 'net_profit': 23.58}, {'period': ""Q2 '20"", 'revenue': 904.38, 'unit': 'M', 'net_profit': 43.6}]",,,,,,,,,,,,,,,,,__nan__,__nan__
246,GTT,GTT Communications Inc. Common Stock,,,,,,,,,,0.0,0.0,16942.0,,,[],"[{'period': ""Q1 '20"", 'revenue': 424.7, 'unit': 'M', 'net_profit': -83.3}, {'period': ""Q4 '19"", 'revenue': 423.8, 'unit': 'M', 'net_profit': -19.1}, {'period': ""Q3 '19"", 'revenue': 420.0, 'unit': 'M', 'net_profit': -26.2}, {'period': ""Q2 '19"", 'revenue': 433.8, 'unit': 'M', 'net_profit': -33.3}, {'period': ""Q1 '19"", 'revenue': 450.2, 'unit': 'M', 'net_profit': -27.3}, {'period': ""Q4 '18"", 'revenue': 454.8, 'unit': 'M', 'net_profit': -53.0}]",,,,,,,,,,,,,,,,,__nan__,__nan__
247,GTY,Getty Realty Corporation Common Stock,,,,,,,,,,23.85,0.45,67464.0,,,[],"[{'period': ""Q4 '25"", 'revenue': 60.55, 'unit': 'M', 'net_profit': 27.04}, {'period': ""Q3 '25"", 'revenue': 55.59, 'unit': 'M', 'net_profit': 23.35}, {'period': ""Q2 '25"", 'revenue': 53.26, 'unit': 'M', 'net_profit': 14.01}, {'period': ""Q1 '25"", 'revenue': 52.33, 'unit': 'M', 'net_profit': 14.79}, {'period': ""Q4 '24"", 'revenue': 53.02, 'unit': 'M', 'net_profit': 22.3}, {'period': ""Q3 '24"", 'revenue': 51.47, 'unit': 'M', 'net_profit': 15.34}]",,,,,,,,,,,,,,,,,__nan__,__nan__
248,GUT,Gabelli Utility Trust (The) Common Stock,,,,,,,,,,10.94,0.01,43377.0,,,[],"[{'period': ""Q4 '25"", 'revenue': 11.4, 'unit': 'M', 'net_profit': 20.5}, {'period': ""Q2 '25"", 'revenue': 5.71, 'unit': 'M', 'net_profit': 27.4}, {'period': ""Q4 '24"", 'revenue': 4.9, 'unit': 'M', 'net_profit': 25.35}, {'period': ""Q2 '24"", 'revenue': 4.67, 'unit': 'M', 'net_profit': 11.16}, {'period': ""Q4 '23"", 'revenue': -0.0034300000000000003, 'unit': 'M', 'net_profit': -3.99}, {'period': ""Q2 '23"", 'revenue': 4.09, 'unit': 'M', 'net_profit': -7.16}]",,,,,,,,,,,,,,,,,__nan__,__nan__
249,GVA,Granite Construction Incorporated Common Stock,,,,,,,,,,30.31,-1.14,75817.0,,,[],"[{'period': ""Q4 '25"", 'revenue': 1170.0, 'unit': 'M', 'net_profit': 52.03}, {'period': ""Q3 '25"", 'revenue': 1430.0, 'unit': 'M', 'net_profit': 102.93}, {'period': ""Q2 '25"", 'revenue': 1130.0, 'unit': 'M', 'net_profit': 71.7}, {'period': ""Q1 '25"", 'revenue': 699.55, 'unit': 'M', 'net_profit': -33.66}, {'period': ""Q4 '24"", 'revenue': 977.3, 'unit': 'M', 'net_profit': 41.48}, {'period': ""Q3 '24"", 'revenue': 1280.0, 'unit': 'M', 'net_profit': 78.95}]",,,,,,,,,,,,,,,,,__nan__,__nan__
250,GWB,Great Western Bancorp Inc. Common Stock,,,,,,,,,,8.4141689373297,-0.5,14975967.0,,,[],"[{'period': ""Q1 '22"", 'revenue': 113.19, 'unit': 'M', 'net_profit': 39.22}, {'period': ""Q4 '21"", 'revenue': 109.34, 'unit': 'M', 'net_profit': 51.89}, {'period': ""Q3 '21"", 'revenue': 116.83, 'unit': 'M', 'net_profit': 58.75}, {'period': ""Q2 '21"", 'revenue': 120.06, 'unit': 'M', 'net_profit': 51.3}, {'period': ""Q1 '21"", 'revenue': 122.06, 'unit': 'M', 'net_profit': 41.32}, {'period': ""Q4 '20"", 'revenue': 102.07, 'unit': 'M', 'net_profit': 11.14}]",,,,,,,,,,,,,,,,,__nan__,__nan__
251,GWRE,Guidewire Software Inc. Common Stock,,,,,,,,,,65.88,0.92,364303.0,,,[],"[{'period': ""Q2 '26"", 'revenue': 359.1, 'unit': 'M', 'net_profit': 60.11}, {'period': ""Q1 '26"", 'revenue': 332.64, 'unit': 'M', 'net_profit': 31.31}, {'period': ""Q4 '25"", 'revenue': 356.57, 'unit': 'M', 'net_profit': 51.95}, {'period': ""Q3 '25"", 'revenue': 293.51, 'unit': 'M', 'net_profit': 45.99}, {'period': ""Q2 '25"", 'revenue': 289.48, 'unit': 'M', 'net_profit': -37.28}, {'period': ""Q1 '25"", 'revenue': 262.9, 'unit': 'M', 'net_profit': 9.14}]",,,,,,,,,,,,,,,,,__nan__,__nan__
252,GWW,W.W. Grainger Inc. Common Stock,,,,,,,,,,30.15,10.51,34036.0,,,[],"[{'period': ""Q4 '25"", 'revenue': 4420.0, 'unit': 'M', 'net_profit': 451.0}, {'period': ""Q3 '25"", 'revenue': 4660.0, 'unit': 'M', 'net_profit': 294.0}, {'period': ""Q2 '25"", 'revenue': 4550.0, 'unit': 'M', 'net_profit': 482.0}, {'period': ""Q1 '25"", 'revenue': 4310.0, 'unit': 'M', 'net_profit': 479.0}, {'period': ""Q4 '24"", 'revenue': 4230.0, 'unit': 'M', 'net_profit': 475.0}, {'period': ""Q3 '24"", 'revenue': 4390.0, 'unit': 'M', 'net_profit': 486.0}]",,,,,,,,,,,,,,,,,__nan__,__nan__
253,H,Hyatt Hotels Corporation Class A Common Stock,,,,,,,,,,-253.04,-0.61,66734.0,,,[],"[{'period': ""Q4 '25"", 'revenue': 1800.0, 'unit': 'M', 'net_profit': -20.0}, {'period': ""Q3 '25"", 'revenue': 883.0, 'unit': 'M', 'net_profit': -49.0}, {'period': ""Q2 '25"", 'revenue': 1810.0, 'unit': 'M', 'net_profit': -3.0}, {'period': ""Q1 '25"", 'revenue': 832.0, 'unit': 'M', 'net_profit': 20.0}, {'period': ""Q4 '24"", 'revenue': 761.0, 'unit': 'M', 'net_profit': -56.0}, {'period': ""Q3 '24"", 'revenue': 762.0, 'unit': 'M', 'net_profit': 471.0}]",,,,,,,,,,,,,,,,,__nan__,__nan__
254,HAE,Haemonetics Corporation Common Stock,,,,,,,,,,15.11,0.8,85254.0,,,[],"[{'period': ""Q3 '26"", 'revenue': 338.97, 'unit': 'M', 'net_profit': 44.74}, {'period': ""Q2 '26"", 'revenue': 327.31, 'unit': 'M', 'net_profit': 38.68}, {'period': ""Q1 '26"", 'revenue': 321.39, 'unit': 'M', 'net_profit': 34.03}, {'period': ""Q4 '25"", 'revenue': 330.6, 'unit': 'M', 'net_profit': 57.98}, {'period': ""Q3 '25"", 'revenue': 348.54, 'unit': 'M', 'net_profit': 37.49}, {'period': ""Q2 '25"", 'revenue': 345.51, 'unit': 'M', 'net_profit': 33.83}]",,,,,,,,,,,,,,,,,__nan__,__nan__
255,HAL,Halliburton Company Common Stock,,,,,,,,,,26.92,-0.035,4344517.0,,,[],"[{'period': ""Q4 '25"", 'revenue': 5660.0, 'unit': 'M', 'net_profit': 589.0}, {'period': ""Q3 '25"", 'revenue': 5600.0, 'unit': 'M', 'net_profit': 18.0}, {'period': ""Q2 '25"", 'revenue': 5510.0, 'unit': 'M', 'net_profit': 472.0}, {'period': ""Q1 '25"", 'revenue': 5420.0, 'unit': 'M', 'net_profit': 204.0}, {'period': ""Q4 '24"", 'revenue': 5610.0, 'unit': 'M', 'net_profit': 615.0}, {'period': ""Q3 '24"", 'revenue': 5700.0, 'unit': 'M', 'net_profit': 571.0}]",,,,,,,,,,,,,,,,,__nan__,__nan__
256,HASI,Hannon Armstrong Sustainable Infrastructure Capital Inc. Common Stock,,,,,,,,,,25.83,0.09000076,158115.0,,,[],"[{'period': ""Q4 '25"", 'revenue': 114.81, 'unit': 'M', 'net_profit': -53.77}, {'period': ""Q3 '25"", 'revenue': 227.62, 'unit': 'M', 'net_profit': 83.26}, {'period': ""Q2 '25"", 'revenue': 243.37, 'unit': 'M', 'net_profit': 98.44}, {'period': ""Q1 '25"", 'revenue': 184.93, 'unit': 'M', 'net_profit': 56.61}, {'period': ""Q4 '24"", 'revenue': 187.16, 'unit': 'M', 'net_profit': 70.09}, {'period': ""Q3 '24"", 'revenue': 58.56, 'unit': 'M', 'net_profit': -19.62}]",,,,,,,,,,,,,,,,,__nan__,__nan__
257,HAYW,Hayward Holdings Inc. Common Stock,,,,,,,,,,19.54,0.06,295722.0,,,[],"[{'period': ""Q4 '25"", 'revenue': 356.53, 'unit': 'M', 'net_profit': 68.41}, {'period': ""Q3 '25"", 'revenue': 237.18, 'unit': 'M', 'net_profit': 24.03}, {'period': ""Q2 '25"", 'revenue': 299.6, 'unit': 'M', 'net_profit': 44.8}, {'period': ""Q1 '25"", 'revenue': 228.84, 'unit': 'M', 'net_profit': 14.33}, {'period': ""Q4 '24"", 'revenue': 327.07, 'unit': 'M', 'net_profit': 54.73}, {'period': ""Q3 '24"", 'revenue': 227.57, 'unit': 'M', 'net_profit': 16.5}]",,,,,,,,,,,,,,,,,__nan__,__nan__
258,HBB,Hamilton Beach Brands Holding Company Class A Common Stock ,,,,,,,,,,9.26,0.41,3427.0,,,[],"[{'period': ""Q4 '25"", 'revenue': 212.93, 'unit': 'M', 'net_profit': 18.54}, {'period': ""Q3 '25"", 'revenue': 132.78, 'unit': 'M', 'net_profit': 1.65}, {'period': ""Q2 '25"", 'revenue': 127.77, 'unit': 'M', 'net_profit': 4.45}, {'period': ""Q1 '25"", 'revenue': 133.37, 'unit': 'M', 'net_profit': 1.8}, {'period': ""Q4 '24"", 'revenue': 213.51, 'unit': 'M', 'net_profit': 24.0}, {'period': ""Q3 '24"", 'revenue': 156.67, 'unit': 'M', 'net_profit': 1.94}]",,,,,,,,,,,,,,,,,__nan__,__nan__
259,HBI,Hanesbrands Inc. Common Stock,,,,,,,,,,5.52991452991453,0.0,104189457.0,,,[],"[{'period': ""Q3 '25"", 'revenue': 891.68, 'unit': 'M', 'net_profit': 270.74}, {'period': ""Q2 '25"", 'revenue': 991.33, 'unit': 'M', 'net_profit': 81.61}, {'period': ""Q1 '25"", 'revenue': 760.15, 'unit': 'M', 'net_profit': -9.46}, {'period': ""Q4 '24"", 'revenue': 796.73, 'unit': 'M', 'net_profit': -12.88}, {'period': ""Q3 '24"", 'revenue': 937.1, 'unit': 'M', 'net_profit': 29.95}, {'period': ""Q2 '24"", 'revenue': 995.39, 'unit': 'M', 'net_profit': -298.38}]",,,,,,,,,,,,,,,,,__nan__,__nan__
260,HBM,Hudbay Minerals Inc. Ordinary Shares (Canada),,,,,,,,,,13.34,-0.265,1401480.0,,,[],"[{'period': ""Q4 '25"", 'revenue': 737.06, 'unit': 'M', 'net_profit': 129.97}, {'period': ""Q3 '25"", 'revenue': 346.8, 'unit': 'M', 'net_profit': 222.4}, {'period': ""Q2 '25"", 'revenue': 536.4, 'unit': 'M', 'net_profit': 117.7}, {'period': ""Q1 '25"", 'revenue': 594.9, 'unit': 'M', 'net_profit': 100.4}, {'period': ""Q4 '24"", 'revenue': 584.92, 'unit': 'M', 'net_profit': 21.16}, {'period': ""Q3 '24"", 'revenue': 485.8, 'unit': 'M', 'net_profit': 49.7}]",,,,,,,,,,,,,,,,,__nan__,__nan__
261,HCA,HCA Healthcare Inc. Common Stock,,,,,,,,,,16.64,-0.83999,148490.0,,,[],"[{'period': ""Q4 '25"", 'revenue': 19.51, 'unit': 'B', 'net_profit': 1.88}, {'period': ""Q3 '25"", 'revenue': 19.16, 'unit': 'B', 'net_profit': 1.64}, {'period': ""Q2 '25"", 'revenue': 18.61, 'unit': 'B', 'net_profit': 1.65}, {'period': ""Q1 '25"", 'revenue': 18.32, 'unit': 'B', 'net_profit': 1.61}, {'period': ""Q4 '24"", 'revenue': 18.29, 'unit': 'B', 'net_profit': 1.44}, {'period': ""Q3 '24"", 'revenue': 17.49, 'unit': 'B', 'net_profit': 1.27}]",,,,,,,,,,,,,,,,,__nan__,__nan__
262,HCC,Warrior Met Coal Inc. Common Stock,,,,,,,,,,89.79,-2.19,233096.0,,,[],"[{'period': ""Q4 '25"", 'revenue': 383.99, 'unit': 'M', 'net_profit': 22.96}, {'period': ""Q3 '25"", 'revenue': 327.88, 'unit': 'M', 'net_profit': 36.6}, {'period': ""Q2 '25"", 'revenue': 297.52, 'unit': 'M', 'net_profit': 5.61}, {'period': ""Q1 '25"", 'revenue': 299.94, 'unit': 'M', 'net_profit': -8.17}, {'period': ""Q4 '24"", 'revenue': 297.46, 'unit': 'M', 'net_profit': 1.14}, {'period': ""Q3 '24"", 'revenue': 327.72, 'unit': 'M', 'net_profit': 41.77}]",,,,,,,,,,,,,,,,,__nan__,__nan__
263,HCHC,HC2 Holdings Inc. Common Stock,,,,,,,,,,0.0,0.01999998,1249228.0,,,[],"[{'period': ""Q4 '25"", 'revenue': 382.7, 'unit': 'M', 'net_profit': 6.6}, {'period': ""Q3 '25"", 'revenue': 347.1, 'unit': 'M', 'net_profit': -23.8}, {'period': ""Q2 '25"", 'revenue': 242.0, 'unit': 'M', 'net_profit': -22.0}, {'period': ""Q1 '25"", 'revenue': 274.2, 'unit': 'M', 'net_profit': -24.8}, {'period': ""Q4 '24"", 'revenue': 900.8, 'unit': 'M', 'net_profit': 43.7}, {'period': ""Q3 '24"", 'revenue': 242.2, 'unit': 'M', 'net_profit': -15.3}]",,,,,,,,,,,,,,,,,__nan__,__nan__
264,HCI,HCI Group Inc. Common Stock,,,,,,,,,,6.77,3.42,12745.0,,,[],"[{'period': ""Q4 '25"", 'revenue': 246.24, 'unit': 'M', 'net_profit': 97.65}, {'period': ""Q3 '25"", 'revenue': 216.4, 'unit': 'M', 'net_profit': 65.51}, {'period': ""Q2 '25"", 'revenue': 221.95, 'unit': 'M', 'net_profit': 66.16}, {'period': ""Q1 '25"", 'revenue': 217.06, 'unit': 'M', 'net_profit': 69.68}, {'period': ""Q4 '24"", 'revenue': 161.44, 'unit': 'M', 'net_profit': 2.58}, {'period': ""Q3 '24"", 'revenue': 175.24, 'unit': 'M', 'net_profit': 5.68}]",,,,,,,,,,,,,,,,,__nan__,__nan__
265,HCXY,Hercules Capital Inc. 6.25% Notes due 2033,,,,,,,,,,19.4,-0.02,648.0,,,[],"[{'period': ""Q4 '25"", 'revenue': 98.59, 'unit': 'M', 'net_profit': 90.83}, {'period': ""Q3 '25"", 'revenue': 136.32, 'unit': 'M', 'net_profit': 118.79}, {'period': ""Q2 '25"", 'revenue': 137.46, 'unit': 'M', 'net_profit': 78.89}, {'period': ""Q1 '25"", 'revenue': 119.51, 'unit': 'M', 'net_profit': 50.34}, {'period': ""Q4 '24"", 'revenue': 121.78, 'unit': 'M', 'net_profit': 61.44}, {'period': ""Q3 '24"", 'revenue': 125.25, 'unit': 'M', 'net_profit': 68.71}]",,,,,,,,,,,,,,,,,__nan__,__nan__
266,HCXZ,Hercules Capital Inc. 5.25% Notes due 2025,,,,,,,,,,19.565217391304348,0.0,1682.0,,,[],"[{'period': ""Q4 '25"", 'revenue': 117250000.0, 'unit': '', 'net_profit': 0.0}, {'period': ""Q3 '25"", 'revenue': 116680000.0, 'unit': '', 'net_profit': 0.0}, {'period': ""Q2 '25"", 'revenue': 115940000.0, 'unit': '', 'net_profit': 0.0}, {'period': ""Q1 '25"", 'revenue': 102100000.0, 'unit': '', 'net_profit': 0.0}, {'period': ""Q3 '24"", 'revenue': 119050000.0, 'unit': '', 'net_profit': 0.0}, {'period': ""Q2 '24"", 'revenue': 117530000.0, 'unit': '', 'net_profit': 0.0}]",,,,,,,,,,,,,,,,,__nan__,__nan__
267,HD,Home Depot Inc. (The) Common Stock,,,,,,,,,,22.97,4.93,846135.0,,,[],"[{'period': ""Q4 '25"", 'revenue': 38.2, 'unit': 'B', 'net_profit': 2.57}, {'period': ""Q3 '25"", 'revenue': 41.35, 'unit': 'B', 'net_profit': 3.6}, {'period': ""Q2 '25"", 'revenue': 45.28, 'unit': 'B', 'net_profit': 4.55}, {'period': ""Q1 '25"", 'revenue': 39.86, 'unit': 'B', 'net_profit': 3.43}, {'period': ""Q4 '24"", 'revenue': 39.7, 'unit': 'B', 'net_profit': 3.0}, {'period': ""Q3 '24"", 'revenue': 40.22, 'unit': 'B', 'net_profit': 3.65}]",,,,,,,,,,,,,,,,,__nan__,__nan__
268,HDB,HDFC Bank Limited Common Stock,,,,,,,,,,16.99,-0.06,4739054.0,,,[],"[{'period': ""Q3 '26"", 'revenue': 1280.0, 'unit': 'B', 'net_profit': 199.71}, {'period': ""Q2 '26"", 'revenue': 1210.0, 'unit': 'B', 'net_profit': 199.38}, {'period': ""Q1 '26"", 'revenue': 1330.0, 'unit': 'B', 'net_profit': 162.36}, {'period': ""Q4 '25"", 'revenue': 688.51, 'unit': 'B', 'net_profit': 153.93}, {'period': ""Q3 '25"", 'revenue': 1120.0, 'unit': 'B', 'net_profit': 176.57}, {'period': ""Q2 '25"", 'revenue': 904.55, 'unit': 'B', 'net_profit': 173.81}]",,,,,,,,,,,,,,,,,__nan__,__nan__
269,HE,Hawaiian Electric Industries Inc. Common Stock,,,,,,,,,,21.0,0.24,275839.0,,,[],"[{'period': ""Q4 '25"", 'revenue': 805.82, 'unit': 'M', 'net_profit': 41.36}, {'period': ""Q3 '25"", 'revenue': 790.61, 'unit': 'M', 'net_profit': 31.22}, {'period': ""Q2 '25"", 'revenue': 746.39, 'unit': 'M', 'net_profit': 26.56}, {'period': ""Q1 '25"", 'revenue': 744.07, 'unit': 'M', 'net_profit': 27.14}, {'period': ""Q4 '24"", 'revenue': 486.95, 'unit': 'M', 'net_profit': -67.77}, {'period': ""Q3 '24"", 'revenue': 938.38, 'unit': 'M', 'net_profit': -103.93}]",,,,,,,,,,,,,,,,,__nan__,__nan__
270,HEI,Heico Corporation Common Stock,,,,,,,,,,53.01,-5.14,135232.0,,,[],"[{'period': ""Q1 '26"", 'revenue': 1180.0, 'unit': 'M', 'net_profit': 190.19}, {'period': ""Q4 '25"", 'revenue': 1210.0, 'unit': 'M', 'net_profit': 188.3}, {'period': ""Q3 '25"", 'revenue': 1150.0, 'unit': 'M', 'net_profit': 177.34}, {'period': ""Q2 '25"", 'revenue': 1100.0, 'unit': 'M', 'net_profit': 156.79}, {'period': ""Q1 '25"", 'revenue': 1030.0, 'unit': 'M', 'net_profit': 167.96}, {'period': ""Q4 '24"", 'revenue': 1010.0, 'unit': 'M', 'net_profit': 139.69}]",,,,,,,,,,,,,,,,,__nan__,__nan__
271,HEI/A,Heico Corporation,,,,,,,,,,,,,,,[],[],,,,,,,,,,,,,,,,,__nan__,__nan__
272,HEP,Holly Energy Partners L.P. Common Stock,,,,,,,,,,10.763157894736842,-0.16,17217164.0,,,[],"[{'period': ""Q3 '23"", 'revenue': 158.36, 'unit': 'M', 'net_profit': 63.02}, {'period': ""Q2 '23"", 'revenue': 139.75, 'unit': 'M', 'net_profit': 50.23}, {'period': ""Q1 '23"", 'revenue': 143.29, 'unit': 'M', 'net_profit': 57.52}, {'period': ""Q4 '22"", 'revenue': 142.51, 'unit': 'M', 'net_profit': 68.48}, {'period': ""Q3 '22"", 'revenue': 149.0, 'unit': 'M', 'net_profit': 41.95}, {'period': ""Q2 '22"", 'revenue': 135.77, 'unit': 'M', 'net_profit': 56.79}]",,,,,,,,,,,,,,,,,__nan__,__nan__
273,HEQ,John Hancock Hedged Equity & Income Fund Common Shares of Beneficial Interest,,,,,,,,,,6.79,0.075,10115.0,,,[],[],,,,,,,,,,,,,,,,,__nan__,__nan__
274,HES,Hess Corporation Common Stock,,,,,,,,,,20.66158113730929,0.0,2871117.0,,,[],"[{'period': ""Q1 '25"", 'revenue': 2940.0, 'unit': 'M', 'net_profit': 430.0}, {'period': ""Q4 '24"", 'revenue': 3140.0, 'unit': 'M', 'net_profit': 542.0}, {'period': ""Q3 '24"", 'revenue': 3190.0, 'unit': 'M', 'net_profit': 498.0}, {'period': ""Q2 '24"", 'revenue': 3200.0, 'unit': 'M', 'net_profit': 757.0}, {'period': ""Q1 '24"", 'revenue': 3310.0, 'unit': 'M', 'net_profit': 972.0}, {'period': ""Q4 '23"", 'revenue': 2950.0, 'unit': 'M', 'net_profit': 413.0}]",,,,,,,,,,,,,,,,,__nan__,__nan__
275,HESM,Hess Midstream LP Class A Share,,,,,,,,,,13.95,0.1,238848.0,,,[],"[{'period': ""Q4 '25"", 'revenue': 404.2, 'unit': 'M', 'net_profit': 93.3}, {'period': ""Q3 '25"", 'revenue': 420.9, 'unit': 'M', 'net_profit': 97.7}, {'period': ""Q2 '25"", 'revenue': 413.5, 'unit': 'M', 'net_profit': 90.3}, {'period': ""Q1 '25"", 'revenue': 381.0, 'unit': 'M', 'net_profit': 71.6}, {'period': ""Q4 '24"", 'revenue': 395.0, 'unit': 'M', 'net_profit': 70.4}, {'period': ""Q3 '24"", 'revenue': 377.6, 'unit': 'M', 'net_profit': 58.6}]",,,,,,,,,,,,,,,,,__nan__,__nan__
276,HEXO,HEXO Corp. Common Shares,,,,,,,,,,-0.2563176895306859,0.017,298445.0,,,[],"[{'period': ""Q3 '23"", 'revenue': 21.59, 'unit': 'M', 'net_profit': -117.21}, {'period': ""Q2 '23"", 'revenue': 24160.0, 'unit': 'K', 'net_profit': 722.0}, {'period': ""Q1 '23"", 'revenue': 35.77, 'unit': 'M', 'net_profit': -56.26}, {'period': ""Q4 '22"", 'revenue': 42.59, 'unit': 'M', 'net_profit': -100.44}, {'period': ""Q3 '22"", 'revenue': 45.57, 'unit': 'M', 'net_profit': -145.0}, {'period': ""Q2 '22"", 'revenue': 52.76, 'unit': 'M', 'net_profit': -710.89}]",,,,,,,,,,,,,,,,,__nan__,__nan__
277,HFC,HollyFrontier Corporation Common Stock,,,,,,,,,,10.740850059031878,0.709999,4784780.0,,,[],"[{'period': ""Q4 '21"", 'revenue': 5620.0, 'unit': 'M', 'net_profit': -17.1}, {'period': ""Q3 '21"", 'revenue': 4690.0, 'unit': 'M', 'net_profit': 302.74}, {'period': ""Q2 '21"", 'revenue': 4580.0, 'unit': 'M', 'net_profit': 194.77}, {'period': ""Q1 '21"", 'revenue': 3500.0, 'unit': 'M', 'net_profit': 182.85}, {'period': ""Q4 '20"", 'revenue': 2900.0, 'unit': 'M', 'net_profit': -94.55}, {'period': ""Q3 '20"", 'revenue': 2820.0, 'unit': 'M', 'net_profit': 23.34}]",,,,,,,,,,,,,,,,,__nan__,__nan__
278,HFRO,Highland Income Fund,,,,,,,,,,-11.11,0.04270004,75636.0,,,[],"[{'period': ""Q4 '25"", 'revenue': 9.21, 'unit': 'M', 'net_profit': 13.61}, {'period': ""Q2 '25"", 'revenue': 19.05, 'unit': 'M', 'net_profit': -40.43}, {'period': ""Q4 '24"", 'revenue': 25.34, 'unit': 'M', 'net_profit': -40.9}, {'period': ""Q2 '24"", 'revenue': -4.04, 'unit': 'M', 'net_profit': 3.63}, {'period': ""Q4 '23"", 'revenue': 17.21, 'unit': 'M', 'net_profit': -26.9}, {'period': ""Q2 '23"", 'revenue': 32.03, 'unit': 'M', 'net_profit': 68.2}]",,,,,,,,,,,,,,,,,__nan__,__nan__
279,HGH,Hartford Financial Services Group Inc. (The) 7.875% Fixed to Floating Rate Junior Subordinated Debentures due 2042,,,,,,,,,,-3.093146956952004,0.0,2497.0,,,[],"[{'period': ""Q4 '25"", 'revenue': 0.00734, 'unit': 'B', 'net_profit': -2.7}, {'period': ""Q3 '25"", 'revenue': 7.23, 'unit': 'B', 'net_profit': 1.08}, {'period': ""Q2 '25"", 'revenue': 6990.0, 'unit': 'M', 'net_profit': 995.0}, {'period': ""Q1 '25"", 'revenue': 6810.0, 'unit': 'M', 'net_profit': 630.0}, {'period': ""Q4 '24"", 'revenue': 26.53, 'unit': 'B', 'net_profit': 3.11}, {'period': ""Q3 '24"", 'revenue': 6750.0, 'unit': 'M', 'net_profit': 767.0}]",,,,,,,,,,,,,,,,,__nan__,__nan__
280,HGLB,Highland Global Allocation Fund Common Stock,,,,,,,,,,2.68,0.05999981,22851.0,,,[],[],,,,,,,,,,,,,,,,,__nan__,__nan__
281,HGV,Hilton Grand Vacations Inc. Common Stock ,,,,,,,,,,42.61,0.03999817,69786.0,,,[],"[{'period': ""Q4 '25"", 'revenue': 1330.0, 'unit': 'M', 'net_profit': 48.0}, {'period': ""Q3 '25"", 'revenue': 1300.0, 'unit': 'M', 'net_profit': 60.0}, {'period': ""Q2 '25"", 'revenue': 1270.0, 'unit': 'M', 'net_profit': 25.0}, {'period': ""Q1 '25"", 'revenue': 1150.0, 'unit': 'M', 'net_profit': -17.0}, {'period': ""Q4 '24"", 'revenue': 1280.0, 'unit': 'M', 'net_profit': 20.0}, {'period': ""Q3 '24"", 'revenue': 1310.0, 'unit': 'M', 'net_profit': 154.0}]",,,,,,,,,,,,,,,,,__nan__,__nan__
282,HHC,Howard Hughes Corporation (The) Common Stock,,,,,,,,,,24.845425867507885,0.12,113923.0,,,[],"[{'period': ""Q4 '25"", 'revenue': 624.45, 'unit': 'M', 'net_profit': 14.45}, {'period': ""Q3 '25"", 'revenue': 390.24, 'unit': 'M', 'net_profit': 118.52}, {'period': ""Q2 '25"", 'revenue': 260.88, 'unit': 'M', 'net_profit': -12.57}, {'period': ""Q1 '25"", 'revenue': 199.33, 'unit': 'M', 'net_profit': 11.48}, {'period': ""Q4 '24"", 'revenue': 922.88, 'unit': 'M', 'net_profit': 728.87}, {'period': ""Q3 '24"", 'revenue': 327.15, 'unit': 'M', 'net_profit': 73.58}]",,,,,,,,,,,,,,,,,__nan__,__nan__
283,HHLA,HH&L Acquisition Co. Class A Ordinary Shares,,,,,,,,,,-179.16666666666666,-0.025,3398.0,,,[],"[{'period': ""Q3 '23"", 'revenue': 0.0, 'unit': 'M', 'net_profit': -4.37}, {'period': ""Q2 '23"", 'revenue': 0.0, 'unit': 'M', 'net_profit': 1.52}, {'period': ""Q1 '23"", 'revenue': 0.0, 'unit': 'M', 'net_profit': 2.79}, {'period': ""Q4 '22"", 'revenue': 0.0, 'unit': 'M', 'net_profit': 17.37}, {'period': ""Q3 '22"", 'revenue': 0.0, 'unit': 'M', 'net_profit': 10.98}, {'period': ""Q2 '22"", 'revenue': 0.0, 'unit': 'M', 'net_profit': 5.35}]",,,,,,,,,,,,,,,,,__nan__,__nan__
284,HI,Hillenbrand Inc Common Stock,,,,,,,,,,65.26530612244898,0.005,2929805.0,,,[],"[{'period': ""Q1 '26"", 'revenue': 550.2, 'unit': 'M', 'net_profit': -2.2}, {'period': ""Q4 '25"", 'revenue': 652.1, 'unit': 'M', 'net_profit': 75.7}, {'period': ""Q3 '25"", 'revenue': 598.9, 'unit': 'M', 'net_profit': 1.9}, {'period': ""Q2 '25"", 'revenue': 715.9, 'unit': 'M', 'net_profit': -40.9}, {'period': ""Q1 '25"", 'revenue': 706.9, 'unit': 'M', 'net_profit': 6.4}, {'period': ""Q4 '24"", 'revenue': 837.6, 'unit': 'M', 'net_profit': 14.6}]",,,,,,,,,,,,,,,,,__nan__,__nan__
285,HIE,Miller/Howard High Income Equity Fund Common Shares of Beneficial Interest,,,,,,,,,,12.313725490196079,,0.0,,,[],"[{'period': ""Q2 '24"", 'revenue': 6.46, 'unit': 'M', 'net_profit': 23.97}, {'period': ""Q4 '23"", 'revenue': 6.32, 'unit': 'M', 'net_profit': -4.86}, {'period': ""Q2 '23"", 'revenue': -0.90537, 'unit': 'M', 'net_profit': 6.85}, {'period': ""Q4 '22"", 'revenue': 5.48, 'unit': 'M', 'net_profit': -2.92}, {'period': ""Q2 '22"", 'revenue': 23.72, 'unit': 'M', 'net_profit': 11.77}, {'period': ""Q4 '21"", 'revenue': 31.32, 'unit': 'M', 'net_profit': 9.92}]",,,,,,,,,,,,,,,,,__nan__,__nan__
286,HIG,Hartford Financial Services Group Inc. (The) Common Stock,,,,,,,,,,10.11,2.33,214521.0,,,[],"[{'period': ""Q4 '25"", 'revenue': 7.31, 'unit': 'B', 'net_profit': 1.13}, {'period': ""Q3 '25"", 'revenue': 7.23, 'unit': 'B', 'net_profit': 1.08}, {'period': ""Q2 '25"", 'revenue': 6990.0, 'unit': 'M', 'net_profit': 995.0}, {'period': ""Q1 '25"", 'revenue': 6810.0, 'unit': 'M', 'net_profit': 630.0}, {'period': ""Q4 '24"", 'revenue': 6800.0, 'unit': 'M', 'net_profit': 853.0}, {'period': ""Q3 '24"", 'revenue': 6710.0, 'unit': 'M', 'net_profit': 767.0}]",,,,,,,,,,,,,,,,,__nan__,__nan__
287,HIGA,H.I.G. Acquisition Corp. Class A Ordinary Shares,,,,,,,,,,25.743589743589745,-0.005,202970.0,,,[],"[{'period': ""Q2 '22"", 'revenue': 0.0, 'unit': 'M', 'net_profit': 9.48}, {'period': ""Q1 '22"", 'revenue': 0.0, 'unit': 'M', 'net_profit': 12.54}, {'period': ""Q4 '21"", 'revenue': 0.0, 'unit': 'M', 'net_profit': 5.81}, {'period': ""Q3 '21"", 'revenue': 0.0, 'unit': 'M', 'net_profit': 7.93}, {'period': ""Q2 '21"", 'revenue': 0.0, 'unit': 'M', 'net_profit': -2.22}, {'period': ""Q1 '21"", 'revenue': 0.0, 'unit': 'M', 'net_profit': 3.46}]",,,,,,,,,,,,,,,,,__nan__,__nan__
288,HII,Huntington Ingalls Industries Inc. Common Stock,,,,,,,,,,24.52,-4.36,103740.0,,,[],"[{'period': ""Q4 '25"", 'revenue': 3480.0, 'unit': 'M', 'net_profit': 159.0}, {'period': ""Q3 '25"", 'revenue': 3190.0, 'unit': 'M', 'net_profit': 145.0}, {'period': ""Q2 '25"", 'revenue': 3080.0, 'unit': 'M', 'net_profit': 152.0}, {'period': ""Q1 '25"", 'revenue': 2730.0, 'unit': 'M', 'net_profit': 149.0}, {'period': ""Q4 '24"", 'revenue': 3000.0, 'unit': 'M', 'net_profit': 123.0}, {'period': ""Q3 '24"", 'revenue': 2750.0, 'unit': 'M', 'net_profit': 101.0}]",,,,,,,,,,,,,,,,,__nan__,__nan__
289,HIL,Hill International Inc. Common Stock,,,,,,,,,,0.0,0.0,128887.0,,,[],"[{'period': ""Q3 '22"", 'revenue': 109570.0, 'unit': 'K', 'net_profit': -703.0}, {'period': ""Q2 '22"", 'revenue': 105.73, 'unit': 'M', 'net_profit': 1.39}, {'period': ""Q1 '22"", 'revenue': 102240.0, 'unit': 'K', 'net_profit': -600.0}, {'period': ""Q4 '21"", 'revenue': 92.2, 'unit': 'M', 'net_profit': -2.28}, {'period': ""Q3 '21"", 'revenue': 96.6, 'unit': 'M', 'net_profit': 1.26}, {'period': ""Q2 '21"", 'revenue': 101550.0, 'unit': 'K', 'net_profit': -493.0}]",,,,,,,,,,,,,,,,,__nan__,__nan__
290,HIMS,Hims & Hers Health Inc. Class A Common Stock,,,,,,,,,,37.86,-0.07,6117692.0,,,[],"[{'period': ""Q4 '25"", 'revenue': 617.82, 'unit': 'M', 'net_profit': 20.6}, {'period': ""Q3 '25"", 'revenue': 598.98, 'unit': 'M', 'net_profit': 15.77}, {'period': ""Q2 '25"", 'revenue': 544.83, 'unit': 'M', 'net_profit': 42.51}, {'period': ""Q1 '25"", 'revenue': 586.01, 'unit': 'M', 'net_profit': 49.48}, {'period': ""Q4 '24"", 'revenue': 481.14, 'unit': 'M', 'net_profit': 26.02}, {'period': ""Q3 '24"", 'revenue': 401.56, 'unit': 'M', 'net_profit': 75.59}]",,,,,,,,,,,,,,,,,__nan__,__nan__
291,HIO,Western Asset High Income Opportunity Fund Inc. Common Stock,,,,,,,,,,12.68,0.00999995,124757.0,,,[],"[{'period': ""Q4 '25"", 'revenue': 18.14, 'unit': 'M', 'net_profit': 23.8}, {'period': ""Q2 '25"", 'revenue': 8.45, 'unit': 'M', 'net_profit': 1.18}, {'period': ""Q4 '24"", 'revenue': 17.58, 'unit': 'M', 'net_profit': 22.37}, {'period': ""Q2 '24"", 'revenue': 18.55, 'unit': 'M', 'net_profit': 25.67}, {'period': ""Q4 '23"", 'revenue': 18.54, 'unit': 'M', 'net_profit': 7.93}, {'period': ""Q2 '23"", 'revenue': 18.78, 'unit': 'M', 'net_profit': 20.18}]",,,,,,,,,,,,,,,,,__nan__,__nan__
292,HIW,Highwoods Properties Inc. Common Stock,,,,,,,,,,14.51,0.46,151863.0,,,[],"[{'period': ""Q4 '25"", 'revenue': 203.36, 'unit': 'M', 'net_profit': 29.23}, {'period': ""Q3 '25"", 'revenue': 201.77, 'unit': 'M', 'net_profit': 13.45}, {'period': ""Q2 '25"", 'revenue': 200.6, 'unit': 'M', 'net_profit': 18.86}, {'period': ""Q1 '25"", 'revenue': 200.38, 'unit': 'M', 'net_profit': 98.07}, {'period': ""Q4 '24"", 'revenue': 206.79, 'unit': 'M', 'net_profit': -3.11}, {'period': ""Q3 '24"", 'revenue': 204.32, 'unit': 'M', 'net_profit': 15.18}]",,,,,,,,,,,,,,,,,__nan__,__nan__
293,HIX,Western Asset High Income Fund II Inc. Common Stock,,,,,,,,,,8.78,0.015,129563.0,,,[],"[{'period': ""Q2 '25"", 'revenue': 21.93, 'unit': 'M', 'net_profit': 36.36}, {'period': ""Q4 '24"", 'revenue': 27.47, 'unit': 'M', 'net_profit': 2.68}, {'period': ""Q2 '24"", 'revenue': 26.53, 'unit': 'M', 'net_profit': 29.57}, {'period': ""Q4 '23"", 'revenue': 22.24, 'unit': 'M', 'net_profit': 32.13}, {'period': ""Q2 '23"", 'revenue': 21.17, 'unit': 'M', 'net_profit': -2.82}, {'period': ""Q4 '22"", 'revenue': 22.03, 'unit': 'M', 'net_profit': 9.22}]",,,,,,,,,,,,,,,,,__nan__,__nan__
294,HKIB,AMTD International Inc. American Depositary Shares each representing one Class A Ordinary Share,,,,,,,,,,6.678082191780822,-0.0599999,86480.0,,,[],"[{'period': ""Q4 '20"", 'revenue': 430.15, 'unit': 'M', 'net_profit': 410.63}, {'period': ""Q3 '20"", 'revenue': 154.83, 'unit': 'M', 'net_profit': 124.38}, {'period': ""Q2 '20"", 'revenue': 259.48, 'unit': 'M', 'net_profit': 301.97}, {'period': ""Q4 '19"", 'revenue': 162.17, 'unit': 'M', 'net_profit': 89.56}, {'period': ""Q3 '19"", 'revenue': 423.96, 'unit': 'M', 'net_profit': 307.46}, {'period': ""Q2 '19"", 'revenue': 312.37, 'unit': 'M', 'net_profit': 219.67}]",,,,,,,,,,,,,,,,,__nan__,__nan__
295,HL,Hecla Mining Company Common Stock,,,,,,,,,,36.12,-0.23,6140848.0,,,[],"[{'period': ""Q4 '25"", 'revenue': 448.11, 'unit': 'M', 'net_profit': 134.41}, {'period': ""Q3 '25"", 'revenue': 409.54, 'unit': 'M', 'net_profit': 100.73}, {'period': ""Q2 '25"", 'revenue': 304.03, 'unit': 'M', 'net_profit': 57.7}, {'period': ""Q1 '25"", 'revenue': 261.34, 'unit': 'M', 'net_profit': 28.87}, {'period': ""Q4 '24"", 'revenue': 249.66, 'unit': 'M', 'net_profit': 11.92}, {'period': ""Q3 '24"", 'revenue': 245.09, 'unit': 'M', 'net_profit': 1.76}]",,,,,,,,,,,,,,,,,__nan__,__nan__
296,HLF,Herbalife Nutrition Ltd. Common Stock,,,,,,,,,,6.7,0.33,201811.0,,,[],"[{'period': ""Q4 '25"", 'revenue': 1280.0, 'unit': 'M', 'net_profit': 85.4}, {'period': ""Q3 '25"", 'revenue': 1270.0, 'unit': 'M', 'net_profit': 43.2}, {'period': ""Q2 '25"", 'revenue': 1260.0, 'unit': 'M', 'net_profit': 49.3}, {'period': ""Q1 '25"", 'revenue': 1220.0, 'unit': 'M', 'net_profit': 50.4}, {'period': ""Q4 '24"", 'revenue': 1210.0, 'unit': 'M', 'net_profit': 177.9}, {'period': ""Q3 '24"", 'revenue': 1240.0, 'unit': 'M', 'net_profit': 47.4}]",,,,,,,,,,,,,,,,,__nan__,__nan__
297,HLI,Houlihan Lokey Inc. Class A Common Stock,,,,,,,,,,21.85,3.25,45623.0,,,[],"[{'period': ""Q3 '26"", 'revenue': 717.07, 'unit': 'M', 'net_profit': 116.55}, {'period': ""Q2 '26"", 'revenue': 659.45, 'unit': 'M', 'net_profit': 111.78}, {'period': ""Q1 '26"", 'revenue': 605.35, 'unit': 'M', 'net_profit': 97.53}, {'period': ""Q4 '25"", 'revenue': 666.42, 'unit': 'M', 'net_profit': 121.92}, {'period': ""Q3 '25"", 'revenue': 634.43, 'unit': 'M', 'net_profit': 95.3}, {'period': ""Q2 '25"", 'revenue': 574.96, 'unit': 'M', 'net_profit': 93.55}]",,,,,,,,,,,,,,,,,__nan__,__nan__
298,HLT,Hilton Worldwide Holdings Inc. Common Stock ,,,,,,,,,,48.74,4.275,287863.0,,,[],"[{'period': ""Q4 '25"", 'revenue': 3090.0, 'unit': 'M', 'net_profit': 297.0}, {'period': ""Q3 '25"", 'revenue': 3120.0, 'unit': 'M', 'net_profit': 420.0}, {'period': ""Q2 '25"", 'revenue': 3140.0, 'unit': 'M', 'net_profit': 440.0}, {'period': ""Q1 '25"", 'revenue': 2690.0, 'unit': 'M', 'net_profit': 300.0}, {'period': ""Q4 '24"", 'revenue': 2780.0, 'unit': 'M', 'net_profit': 505.0}, {'period': ""Q3 '24"", 'revenue': 2870.0, 'unit': 'M', 'net_profit': 344.0}]",,,,,,,,,,,,,,,,,__nan__,__nan__
299,HLX,Helix Energy Solutions Group Inc. Common Stock,,,,,,,,,,47.88,-0.04499969,383995.0,,,[],"[{'period': ""Q4 '25"", 'revenue': 334.16, 'unit': 'M', 'net_profit': 8.27}, {'period': ""Q3 '25"", 'revenue': 376.96, 'unit': 'M', 'net_profit': 22.08}, {'period': ""Q2 '25"", 'revenue': 302.29, 'unit': 'M', 'net_profit': -2.6}, {'period': ""Q1 '25"", 'revenue': 278.06, 'unit': 'M', 'net_profit': 3.07}, {'period': ""Q4 '24"", 'revenue': 355.13, 'unit': 'M', 'net_profit': 20.12}, {'period': ""Q3 '24"", 'revenue': 342.42, 'unit': 'M', 'net_profit': 29.51}]",,,,,,,,,,,,,,,,,__nan__,__nan__
300,HMC,Honda Motor Company Ltd. Common Stock,,,,,,,,,,10.17,-0.445,415787.0,,,[],"[{'period': ""Q3 '26"", 'revenue': 5440.0, 'unit': 'B', 'net_profit': 156.38}, {'period': ""Q2 '26"", 'revenue': 5290.0, 'unit': 'B', 'net_profit': 115.16}, {'period': ""Q1 '26"", 'revenue': 5340.0, 'unit': 'B', 'net_profit': 196.67}, {'period': ""Q4 '25"", 'revenue': 5360.0, 'unit': 'B', 'net_profit': 30.57}, {'period': ""Q3 '25"", 'revenue': 5530.0, 'unit': 'B', 'net_profit': 310.58}, {'period': ""Q2 '25"", 'revenue': 5390.0, 'unit': 'B', 'net_profit': 100.02}]",,,,,,,,,,,,,,,,,__nan__,__nan__
301,HMLP,Hoegh LNG Partners LP Common Units representing Limited Partner Interests,,,,,,,,,,6.03921568627451,0.01,629899.0,,,[],"[{'period': ""Q2 '22"", 'revenue': 36.94, 'unit': 'M', 'net_profit': 13.06}, {'period': ""Q1 '22"", 'revenue': 35.31, 'unit': 'M', 'net_profit': 20.16}, {'period': ""Q4 '21"", 'revenue': 36.19, 'unit': 'M', 'net_profit': 16.16}, {'period': ""Q3 '21"", 'revenue': 35.6, 'unit': 'M', 'net_profit': 17.36}, {'period': ""Q2 '21"", 'revenue': 34.7, 'unit': 'M', 'net_profit': 2.64}, {'period': ""Q1 '21"", 'revenue': 34.78, 'unit': 'M', 'net_profit': 23.84}]",,,,,,,,,,,,,,,,,__nan__,__nan__
302,HMN,Horace Mann Educators Corporation Common Stock,,,,,,,,,,11.03,0.735,37056.0,,,[],"[{'period': ""Q4 '25"", 'revenue': 434.8, 'unit': 'M', 'net_profit': 36.2}, {'period': ""Q3 '25"", 'revenue': 417.1, 'unit': 'M', 'net_profit': 58.3}, {'period': ""Q2 '25"", 'revenue': 391.6, 'unit': 'M', 'net_profit': 29.4}, {'period': ""Q1 '25"", 'revenue': 400.1, 'unit': 'M', 'net_profit': 38.2}, {'period': ""Q4 '24"", 'revenue': 393.1, 'unit': 'M', 'net_profit': 38.2}, {'period': ""Q3 '24"", 'revenue': 397.6, 'unit': 'M', 'net_profit': 34.3}]",,,,,,,,,,,,,,,,,__nan__,__nan__
303,HMY,Harmony Gold Mining Company Limited,,,,,,,,,,9.48,-0.025,1747183.0,,,[],"[{'period': ""Q2 '26"", 'revenue': 46.57, 'unit': 'B', 'net_profit': 9.29}, {'period': ""Q4 '25"", 'revenue': 36.76, 'unit': 'B', 'net_profit': 6.53}, {'period': ""Q2 '25"", 'revenue': 37.14, 'unit': 'B', 'net_profit': 7.86}, {'period': ""Q4 '24"", 'revenue': 29.82, 'unit': 'B', 'net_profit': 2.67}, {'period': ""Q2 '24"", 'revenue': 31.56, 'unit': 'B', 'net_profit': 5.92}, {'period': ""Q2 '23"", 'revenue': 22.95, 'unit': 'B', 'net_profit': 1.84}]",,,,,,,,,,,,,,,,,__nan__,__nan__
304,HNGR,Hanger Inc. Common Stock,,,,,,,,,,19.705263157894738,0.0,2377921.0,,,[],"[{'period': ""Q2 '22"", 'revenue': 312.03, 'unit': 'M', 'net_profit': 10.12}, {'period': ""Q1 '22"", 'revenue': 261.29, 'unit': 'M', 'net_profit': -7.98}, {'period': ""Q4 '21"", 'revenue': 312.37, 'unit': 'M', 'net_profit': 14.04}, {'period': ""Q3 '21"", 'revenue': 289.83, 'unit': 'M', 'net_profit': 21.12}, {'period': ""Q2 '21"", 'revenue': 280.82, 'unit': 'M', 'net_profit': 10.16}, {'period': ""Q1 '21"", 'revenue': 237.47, 'unit': 'M', 'net_profit': -3.33}]",,,,,,,,,,,,,,,,,__nan__,__nan__
305,HNI,HNI Corporation Common Stock,,,,,,,,,,30.64,-0.37,78914.0,,,[],"[{'period': ""Q4 '25"", 'revenue': 888.4, 'unit': 'M', 'net_profit': -49.2}, {'period': ""Q3 '25"", 'revenue': 683.8, 'unit': 'M', 'net_profit': 41.2}, {'period': ""Q2 '25"", 'revenue': 667.1, 'unit': 'M', 'net_profit': 48.2}, {'period': ""Q1 '25"", 'revenue': 599.8, 'unit': 'M', 'net_profit': 13.9}, {'period': ""Q4 '24"", 'revenue': 642.5, 'unit': 'M', 'net_profit': 38.3}, {'period': ""Q3 '24"", 'revenue': 672.2, 'unit': 'M', 'net_profit': 47.5}]",,,,,,,,,,,,,,,,,__nan__,__nan__
306,HNP,Huaneng Power Intl Common Stock,,,,,,,,,,-2.9875,0.0,97534.0,,,[],"[{'period': ""Q4 '20"", 'revenue': 47.62, 'unit': 'B', 'net_profit': -5.51}, {'period': ""Q3 '20"", 'revenue': 42.7, 'unit': 'B', 'net_profit': 4.1}, {'period': ""Q3 '16"", 'revenue': 30.3, 'unit': 'B', 'net_profit': 3.75}, {'period': ""Q4 '15"", 'revenue': 30500.0, 'unit': 'M', 'net_profit': 955.33}, {'period': ""Q3 '15"", 'revenue': 31.94, 'unit': 'B', 'net_profit': 5.12}, {'period': ""Q4 '14"", 'revenue': 29.85, 'unit': 'B', 'net_profit': 1.22}]",,,,,,,,,,,,,,,,,__nan__,__nan__
307,HOG,Harley-Davidson Inc. Common Stock,,,,,,,,,,7.04,0.1,680743.0,,,[],"[{'period': ""Q4 '25"", 'revenue': 496.16, 'unit': 'M', 'net_profit': -279.3}, {'period': ""Q3 '25"", 'revenue': 1340.0, 'unit': 'M', 'net_profit': 377.37}, {'period': ""Q2 '25"", 'revenue': 1310.0, 'unit': 'M', 'net_profit': 107.57}, {'period': ""Q1 '25"", 'revenue': 1330.0, 'unit': 'M', 'net_profit': 133.1}, {'period': ""Q4 '24"", 'revenue': 687.61, 'unit': 'M', 'net_profit': -116.89}, {'period': ""Q3 '24"", 'revenue': 1150.0, 'unit': 'M', 'net_profit': 119.04}]",,,,,,,,,,,,,,,,,__nan__,__nan__
308,HOME,At Home Group Inc. Common Stock,,,,,,,,,,0.0,0.0,40.0,,,[],"[{'period': ""Q2 '21"", 'revenue': 537.08, 'unit': 'M', 'net_profit': 56.32}, {'period': ""Q4 '20"", 'revenue': 561.99, 'unit': 'M', 'net_profit': 72.71}, {'period': ""Q3 '20"", 'revenue': 469.99, 'unit': 'M', 'net_profit': 47.08}, {'period': ""Q2 '20"", 'revenue': 515.24, 'unit': 'M', 'net_profit': 89.42}, {'period': ""Q1 '20"", 'revenue': 189.85, 'unit': 'M', 'net_profit': -358.94}, {'period': ""Q4 '19"", 'revenue': 397.72, 'unit': 'M', 'net_profit': -224.05}]",,,,,,,,,,,,,,,,,__nan__,__nan__
309,HOV,Hovnanian Enterprises Inc. Class A Common Stock,,,,,,,,,,16.87,2.315,100242.0,,,[],"[{'period': ""Q1 '26"", 'revenue': 631.95, 'unit': 'M', 'net_profit': 20.86}, {'period': ""Q4 '25"", 'revenue': 817900.0, 'unit': 'K', 'net_profit': -667.0}, {'period': ""Q3 '25"", 'revenue': 800.58, 'unit': 'M', 'net_profit': 16.61}, {'period': ""Q2 '25"", 'revenue': 686.47, 'unit': 'M', 'net_profit': 19.73}, {'period': ""Q1 '25"", 'revenue': 673.62, 'unit': 'M', 'net_profit': 28.19}, {'period': ""Q4 '24"", 'revenue': 979.64, 'unit': 'M', 'net_profit': 94.35}]",,,,,,,,,,,,,,,,,__nan__,__nan__
310,HP,Helmerich & Payne Inc. Common Stock,,,,,,,,,,-11.41,0.26,116458.0,,,[],"[{'period': ""Q1 '26"", 'revenue': 1020.0, 'unit': 'M', 'net_profit': -97.16}, {'period': ""Q4 '25"", 'revenue': 1010.0, 'unit': 'M', 'net_profit': -57.36}, {'period': ""Q3 '25"", 'revenue': 1040.0, 'unit': 'M', 'net_profit': -162.76}, {'period': ""Q2 '25"", 'revenue': 1020.0, 'unit': 'M', 'net_profit': 1.65}, {'period': ""Q1 '25"", 'revenue': 677.3, 'unit': 'M', 'net_profit': 54.77}, {'period': ""Q4 '24"", 'revenue': 693.79, 'unit': 'M', 'net_profit': 75.48}]",,,,,,,,,,,,,,,,,__nan__,__nan__
311,HPE,Hewlett Packard Enterprise Company Common Stock,,,,,,,,,,-137.76,-0.52,4320769.0,,,[],"[{'period': ""Q1 '26"", 'revenue': 9300.0, 'unit': 'M', 'net_profit': 414.0}, {'period': ""Q4 '25"", 'revenue': 9700.0, 'unit': 'M', 'net_profit': 175.0}, {'period': ""Q3 '25"", 'revenue': 9200.0, 'unit': 'M', 'net_profit': 305.0}, {'period': ""Q2 '25"", 'revenue': 7.59, 'unit': 'B', 'net_profit': -1.05}, {'period': ""Q1 '25"", 'revenue': 7810.0, 'unit': 'M', 'net_profit': 627.0}, {'period': ""Q4 '24"", 'revenue': 8.48, 'unit': 'B', 'net_profit': 1.37}]",,,,,,,,,,,,,,,,,__nan__,__nan__
312,HPF,John Hancock Pfd Income Fund II Pfd Income Fund II,,,,,,,,,,11.19,0.065,9179.0,,,[],"[{'period': ""Q4 '25"", 'revenue': 18.99, 'unit': 'M', 'net_profit': 10.31}, {'period': ""Q2 '25"", 'revenue': 18.98, 'unit': 'M', 'net_profit': 19.1}, {'period': ""Q4 '24"", 'revenue': 19.37, 'unit': 'M', 'net_profit': 22.03}, {'period': ""Q2 '24"", 'revenue': 19.59, 'unit': 'M', 'net_profit': 27.49}, {'period': ""Q4 '23"", 'revenue': 19.08, 'unit': 'M', 'net_profit': -26.0}, {'period': ""Q2 '23"", 'revenue': 19.02, 'unit': 'M', 'net_profit': 1.04}]",,,,,,,,,,,,,,,,,__nan__,__nan__
313,HPI,John Hancock Preferred Income Fund Common Shares of Beneficial Interest,,,,,,,,,,11.26,0.13,22232.0,,,[],"[{'period': ""Q4 '25"", 'revenue': 23.53, 'unit': 'M', 'net_profit': 12.76}, {'period': ""Q2 '25"", 'revenue': 22.66, 'unit': 'M', 'net_profit': 23.96}, {'period': ""Q4 '24"", 'revenue': 23.99, 'unit': 'M', 'net_profit': 27.45}, {'period': ""Q2 '24"", 'revenue': 24.15, 'unit': 'M', 'net_profit': 33.76}, {'period': ""Q4 '23"", 'revenue': 23.71, 'unit': 'M', 'net_profit': -32.83}, {'period': ""Q2 '23"", 'revenue': 23.25, 'unit': 'M', 'net_profit': 1.28}]",,,,,,,,,,,,,,,,,__nan__,__nan__
314,HPP,Hudson Pacific Properties Inc. Common Stock,,,,,,,,,,-0.46,0.33,189681.0,,,[],"[{'period': ""Q4 '25"", 'revenue': 256.03, 'unit': 'M', 'net_profit': -266.45}, {'period': ""Q3 '25"", 'revenue': 186.62, 'unit': 'M', 'net_profit': -133.15}, {'period': ""Q2 '25"", 'revenue': 190.0, 'unit': 'M', 'net_profit': -80.19}, {'period': ""Q1 '25"", 'revenue': 198.46, 'unit': 'M', 'net_profit': -71.91}, {'period': ""Q4 '24"", 'revenue': 209.67, 'unit': 'M', 'net_profit': -166.15}, {'period': ""Q3 '24"", 'revenue': 200.39, 'unit': 'M', 'net_profit': -95.27}]",,,,,,,,,,,,,,,,,__nan__,__nan__
315,HPQ,HP Inc. Common Stock,,,,,,,,,,7.29,-0.19,6774433.0,,,[],"[{'period': ""Q1 '26"", 'revenue': 14440.0, 'unit': 'M', 'net_profit': 545.0}, {'period': ""Q4 '25"", 'revenue': 14640.0, 'unit': 'M', 'net_profit': 795.0}, {'period': ""Q3 '25"", 'revenue': 13930.0, 'unit': 'M', 'net_profit': 763.0}, {'period': ""Q2 '25"", 'revenue': 13220.0, 'unit': 'M', 'net_profit': 406.0}, {'period': ""Q1 '25"", 'revenue': 13500.0, 'unit': 'M', 'net_profit': 565.0}, {'period': ""Q4 '24"", 'revenue': 14050.0, 'unit': 'M', 'net_profit': 906.0}]",,,,,,,,,,,,,,,,,__nan__,__nan__
316,HPS,John Hancock Preferred Income Fund III Preferred Income Fund III,,,,,,,,,,11.48,0.09,23816.0,,,[],"[{'period': ""Q4 '25"", 'revenue': 21.04, 'unit': 'M', 'net_profit': 14.02}, {'period': ""Q2 '25"", 'revenue': 25.27, 'unit': 'M', 'net_profit': 24.92}, {'period': ""Q4 '24"", 'revenue': 25.85, 'unit': 'M', 'net_profit': 29.25}, {'period': ""Q2 '24"", 'revenue': 25.97, 'unit': 'M', 'net_profit': 36.29}, {'period': ""Q4 '23"", 'revenue': 25.26, 'unit': 'M', 'net_profit': -33.61}, {'period': ""Q2 '23"", 'revenue': 25.24, 'unit': 'M', 'net_profit': 2.86}]",,,,,,,,,,,,,,,,,__nan__,__nan__
317,HPX,HPX Corp. Class A Ordinary Shares,,,,,,,,,,83.66666666666667,0.21,1011752.0,,,[],"[{'period': ""Q4 '22"", 'revenue': 0.0, 'unit': 'M', 'net_profit': -11.91}, {'period': ""Q3 '22"", 'revenue': 0.0, 'unit': 'M', 'net_profit': -6.43}, {'period': ""Q2 '22"", 'revenue': 0.0, 'unit': 'M', 'net_profit': 2.21}, {'period': ""Q1 '22"", 'revenue': 0.0, 'unit': 'M', 'net_profit': 12.7}, {'period': ""Q4 '21"", 'revenue': 0.0, 'unit': 'M', 'net_profit': 4.08}, {'period': ""Q3 '21"", 'revenue': 0.0, 'unit': 'M', 'net_profit': 4.46}]",,,,,,,,,,,,,,,,,__nan__,__nan__
318,HQH,Tekla Healthcare Investors Common Stock,,,,,,,,,,10.88,0.09,61102.0,,,[],"[{'period': ""Q4 '24"", 'revenue': 5.46, 'unit': 'M', 'net_profit': 85.25}, {'period': ""Q2 '24"", 'revenue': 5.31, 'unit': 'M', 'net_profit': 99.7}, {'period': ""Q4 '23"", 'revenue': 4.66, 'unit': 'M', 'net_profit': -26.83}, {'period': ""Q2 '23"", 'revenue': 5.63, 'unit': 'M', 'net_profit': 83.16}, {'period': ""Q4 '22"", 'revenue': 4.32, 'unit': 'M', 'net_profit': -79.18}, {'period': ""Q2 '22"", 'revenue': 3.96, 'unit': 'M', 'net_profit': -115.05}]",,,,,,,,,,,,,,,,,__nan__,__nan__
319,HQL,TeklaLife Sciences Investors Common Stock,,,,,,,,,,5.72,-0.09,36916.0,,,[],"[{'period': ""Q4 '25"", 'revenue': 11.63, 'unit': 'M', 'net_profit': 132.83}, {'period': ""Q2 '25"", 'revenue': 18.2, 'unit': 'M', 'net_profit': -47.23}, {'period': ""Q4 '24"", 'revenue': 1.91, 'unit': 'M', 'net_profit': 35.04}, {'period': ""Q2 '24"", 'revenue': 2.07, 'unit': 'M', 'net_profit': 50.26}, {'period': ""Q4 '23"", 'revenue': 29.56, 'unit': 'M', 'net_profit': -11.45}, {'period': ""Q2 '23"", 'revenue': 1.93, 'unit': 'M', 'net_profit': 33.8}]",,,,,,,,,,,,,,,,,__nan__,__nan__
320,HR,Healthcare Realty Trust Incorporated Common Stock,,,,,,,,,,-24.09,0.25,480084.0,,,[],"[{'period': ""Q4 '25"", 'revenue': 286.3, 'unit': 'M', 'net_profit': 14.39}, {'period': ""Q3 '25"", 'revenue': 297.76, 'unit': 'M', 'net_profit': -57.74}, {'period': ""Q2 '25"", 'revenue': 297.5, 'unit': 'M', 'net_profit': -157.85}, {'period': ""Q1 '25"", 'revenue': 298.98, 'unit': 'M', 'net_profit': -44.87}, {'period': ""Q4 '24"", 'revenue': 309.77, 'unit': 'M', 'net_profit': -106.85}, {'period': ""Q3 '24"", 'revenue': 315.42, 'unit': 'M', 'net_profit': -93.02}]",,,,,,,,,,,,,,,,,__nan__,__nan__
321,HRB,H&R Block Inc. Common Stock,,,,,,,,,,7.36,0.28,325782.0,,,[],"[{'period': ""Q2 '26"", 'revenue': 198.87, 'unit': 'M', 'net_profit': -242.17}, {'period': ""Q1 '26"", 'revenue': 203.55, 'unit': 'M', 'net_profit': -165.82}, {'period': ""Q4 '25"", 'revenue': 1110.0, 'unit': 'M', 'net_profit': 299.44}, {'period': ""Q3 '25"", 'revenue': 2280.0, 'unit': 'M', 'net_profit': 722.33}, {'period': ""Q2 '25"", 'revenue': 179.07, 'unit': 'M', 'net_profit': -243.42}, {'period': ""Q1 '25"", 'revenue': 193.81, 'unit': 'M', 'net_profit': -172.58}]",,,,,,,,,,,,,,,,,__nan__,__nan__
322,HRC,Hill-Rom Holdings Inc Common Stock,,,,,,,,,,41.924731182795696,0.0500031,566404.0,,,[],"[{'period': ""Q3 '21"", 'revenue': 797.9, 'unit': 'M', 'net_profit': 53.4}, {'period': ""Q2 '21"", 'revenue': 717.7, 'unit': 'M', 'net_profit': 49.2}, {'period': ""Q1 '21"", 'revenue': 762.0, 'unit': 'M', 'net_profit': 87.1}, {'period': ""Q4 '20"", 'revenue': 741.0, 'unit': 'M', 'net_profit': 58.0}, {'period': ""Q3 '20"", 'revenue': 705.3, 'unit': 'M', 'net_profit': 42.4}, {'period': ""Q2 '20"", 'revenue': 767.5, 'unit': 'M', 'net_profit': 93.9}]",,,,,,,,,,,,,,,,,__nan__,__nan__
323,HRI,Herc Holdings Inc. Common Stock ,,,,,,,,,,3304.0,-1.22,115306.0,,,[],"[{'period': ""Q4 '25"", 'revenue': 1210.0, 'unit': 'M', 'net_profit': 24.0}, {'period': ""Q3 '25"", 'revenue': 1300.0, 'unit': 'M', 'net_profit': 30.0}, {'period': ""Q2 '25"", 'revenue': 1000.0, 'unit': 'M', 'net_profit': -35.0}, {'period': ""Q1 '25"", 'revenue': 861.0, 'unit': 'M', 'net_profit': -18.0}, {'period': ""Q4 '24"", 'revenue': 951.0, 'unit': 'M', 'net_profit': -46.0}, {'period': ""Q3 '24"", 'revenue': 965.0, 'unit': 'M', 'net_profit': 122.0}]",,,,,,,,,,,,,,,,,__nan__,__nan__
324,HRL,Hormel Foods Corporation Common Stock,,,,,,,,,,26.11,0.165,708760.0,,,[],"[{'period': ""Q1 '26"", 'revenue': 3030.0, 'unit': 'M', 'net_profit': 181.77}, {'period': ""Q4 '25"", 'revenue': 3190.0, 'unit': 'M', 'net_profit': -56.14}, {'period': ""Q3 '25"", 'revenue': 3030.0, 'unit': 'M', 'net_profit': 183.74}, {'period': ""Q2 '25"", 'revenue': 2900.0, 'unit': 'M', 'net_profit': 180.02}, {'period': ""Q1 '25"", 'revenue': 2990.0, 'unit': 'M', 'net_profit': 170.57}, {'period': ""Q4 '24"", 'revenue': 3140.0, 'unit': 'M', 'net_profit': 220.2}]",,,,,,,,,,,,,,,,,__nan__,__nan__
325,HRTG,Heritage Insurance Holdings Inc. Common Stock,,,,,,,,,,4.17,0.55,40769.0,,,[],"[{'period': ""Q4 '25"", 'revenue': 215.32, 'unit': 'M', 'net_profit': 66.67}, {'period': ""Q3 '25"", 'revenue': 212.46, 'unit': 'M', 'net_profit': 50.42}, {'period': ""Q2 '25"", 'revenue': 208.03, 'unit': 'M', 'net_profit': 48.02}, {'period': ""Q1 '25"", 'revenue': 211.52, 'unit': 'M', 'net_profit': 30.47}, {'period': ""Q4 '24"", 'revenue': 210.26, 'unit': 'M', 'net_profit': 20.29}, {'period': ""Q3 '24"", 'revenue': 211.85, 'unit': 'M', 'net_profit': 8.15}]",,,,,,,,,,,,,,,,,__nan__,__nan__
326,HSBC,HSBC Holdings plc. Common Stock,,,,,,,,,,13.33,0.775,603547.0,,,[],"[{'period': ""Q4 '25"", 'revenue': 46.79, 'unit': 'B', 'net_profit': 4.94}, {'period': ""Q3 '25"", 'revenue': 33.48, 'unit': 'B', 'net_profit': 5.28}, {'period': ""Q2 '25"", 'revenue': 33.73, 'unit': 'B', 'net_profit': 4.73}, {'period': ""Q1 '25"", 'revenue': 33.85, 'unit': 'B', 'net_profit': 7.32}, {'period': ""Q4 '24"", 'revenue': 34570.0, 'unit': 'M', 'net_profit': 351.0}, {'period': ""Q3 '24"", 'revenue': 36.54, 'unit': 'B', 'net_profit': 6.52}]",,,,,,,,,,,,,,,,,__nan__,__nan__
327,HSC,Harsco Corporation Common Stock,,,,,,,,,,-5.083333333333333,0.21,1938649.0,,,[],"[{'period': ""Q4 '25"", 'revenue': 556.38, 'unit': 'M', 'net_profit': -87.59}, {'period': ""Q3 '25"", 'revenue': 574.82, 'unit': 'M', 'net_profit': -22.31}, {'period': ""Q2 '25"", 'revenue': 562.25, 'unit': 'M', 'net_profit': -47.61}, {'period': ""Q1 '25"", 'revenue': 548.28, 'unit': 'M', 'net_profit': -13.4}, {'period': ""Q4 '24"", 'revenue': 769.07, 'unit': 'M', 'net_profit': -43.15}, {'period': ""Q3 '24"", 'revenue': 573.63, 'unit': 'M', 'net_profit': -13.17}]",,,,,,,,,,,,,,,,,__nan__,__nan__
328,HSY,The Hershey Company Common Stock,,,,,,,,,,49.42,0.75501,320441.0,,,[],"[{'period': ""Q4 '25"", 'revenue': 3090.0, 'unit': 'M', 'net_profit': 320.02}, {'period': ""Q3 '25"", 'revenue': 3180.0, 'unit': 'M', 'net_profit': 276.32}, {'period': ""Q2 '25"", 'revenue': 2610.0, 'unit': 'M', 'net_profit': 62.72}, {'period': ""Q1 '25"", 'revenue': 2810.0, 'unit': 'M', 'net_profit': 224.2}, {'period': ""Q4 '24"", 'revenue': 2890.0, 'unit': 'M', 'net_profit': 796.59}, {'period': ""Q3 '24"", 'revenue': 2990.0, 'unit': 'M', 'net_profit': 446.3}]",,,,,,,,,,,,,,,,,__nan__,__nan__
329,HT,Hersha Hospitality Trust Class A Common Shares of Beneficial Interest,,,,,,,,,,66.6,-0.01,1488500.0,,,[],"[{'period': ""Q3 '23"", 'revenue': 91980.0, 'unit': 'K', 'net_profit': 952.0}, {'period': ""Q2 '23"", 'revenue': 97.81, 'unit': 'M', 'net_profit': 7.76}, {'period': ""Q1 '23"", 'revenue': 75.15, 'unit': 'M', 'net_profit': -9.5}, {'period': ""Q4 '22"", 'revenue': 96.47, 'unit': 'M', 'net_profit': 32.92}, {'period': ""Q3 '22"", 'revenue': 104.25, 'unit': 'M', 'net_profit': 121.52}, {'period': ""Q2 '22"", 'revenue': 123.29, 'unit': 'M', 'net_profit': 8.14}]",,,,,,,,,,,,,,,,,__nan__,__nan__
330,HTA,Healthcare Trust of America Inc. Class A Common Stock,,,,,,,,,,69.5,-0.0199986,64618075.0,,,[],"[{'period': ""Q2 '22"", 'revenue': 140.63, 'unit': 'M', 'net_profit': -16.87}, {'period': ""Q1 '22"", 'revenue': 202.0, 'unit': 'M', 'net_profit': -5.27}, {'period': ""Q4 '21"", 'revenue': 195.7, 'unit': 'M', 'net_profit': -6.7}, {'period': ""Q3 '21"", 'revenue': 191.26, 'unit': 'M', 'net_profit': 21.67}, {'period': ""Q2 '21"", 'revenue': 188.62, 'unit': 'M', 'net_profit': 38.01}, {'period': ""Q1 '21"", 'revenue': 191.35, 'unit': 'M', 'net_profit': 22.03}]",,,,,,,,,,,,,,,,,__nan__,__nan__
331,HTD,John Hancock Tax Advantaged Dividend Income Fund Common Shares of Beneficial Interest,,,,,,,,,,8.31,0.2901,18622.0,,,[],"[{'period': ""Q4 '25"", 'revenue': 25.77, 'unit': 'M', 'net_profit': 79.74}, {'period': ""Q2 '25"", 'revenue': 67.87, 'unit': 'M', 'net_profit': 25.61}, {'period': ""Q4 '24"", 'revenue': 32.36, 'unit': 'M', 'net_profit': 136.34}, {'period': ""Q2 '24"", 'revenue': 34.24, 'unit': 'M', 'net_profit': 124.7}, {'period': ""Q4 '23"", 'revenue': 29.05, 'unit': 'M', 'net_profit': -85.61}, {'period': ""Q2 '23"", 'revenue': 31.34, 'unit': 'M', 'net_profit': 14.92}]",,,,,,,,,,,,,,,,,__nan__,__nan__
332,HTFB,Horizon Technology Finance Corporation 4.875% Notes due 2026,,,,,,,,,,21.013071895424837,0.7113,2488.0,,,[],"[{'period': ""Q4 '25"", 'revenue': -2.63, 'unit': 'M', 'net_profit': 8.83}, {'period': ""Q3 '25"", 'revenue': 41.56, 'unit': 'M', 'net_profit': 30.72}, {'period': ""Q2 '25"", 'revenue': -9.89, 'unit': 'M', 'net_profit': -20.78}, {'period': ""Q1 '25"", 'revenue': -10.82, 'unit': 'M', 'net_profit': -21.44}, {'period': ""Q4 '24"", 'revenue': -2.4, 'unit': 'M', 'net_profit': -12.43}, {'period': ""Q3 '24"", 'revenue': 17.02, 'unit': 'M', 'net_profit': 7.28}]",,,,,,,,,,,,,,,,,__nan__,__nan__
333,HTGC,Hercules Capital Inc. Common Stock,,,,,,,,,,7.71,0.38,975767.0,,,[],"[{'period': ""Q4 '25"", 'revenue': 157.75, 'unit': 'M', 'net_profit': 90.83}, {'period': ""Q3 '25"", 'revenue': 169.31, 'unit': 'M', 'net_profit': 119.69}, {'period': ""Q2 '25"", 'revenue': 127.63, 'unit': 'M', 'net_profit': 78.89}, {'period': ""Q1 '25"", 'revenue': 92.41, 'unit': 'M', 'net_profit': 50.34}, {'period': ""Q4 '24"", 'revenue': 102.25, 'unit': 'M', 'net_profit': 61.44}, {'period': ""Q3 '24"", 'revenue': 110.8, 'unit': 'M', 'net_profit': 68.71}]",,,,,,,,,,,,,,,,,__nan__,__nan__
334,HTH,Hilltop Holdings Inc.,,,,,,,,,,13.43,0.265,37744.0,,,[],"[{'period': ""Q4 '25"", 'revenue': 411.17, 'unit': 'M', 'net_profit': 41.58}, {'period': ""Q3 '25"", 'revenue': 418.07, 'unit': 'M', 'net_profit': 45.82}, {'period': ""Q2 '25"", 'revenue': 389.81, 'unit': 'M', 'net_profit': 36.07}, {'period': ""Q1 '25"", 'revenue': 406.14, 'unit': 'M', 'net_profit': 42.12}, {'period': ""Q4 '24"", 'revenue': 337.99, 'unit': 'M', 'net_profit': 35.52}, {'period': ""Q3 '24"", 'revenue': 411.49, 'unit': 'M', 'net_profit': 29.69}]",,,,,,,,,,,,,,,,,__nan__,__nan__
335,HTPA,Highland Transcend Partners I Corp. Class A Ordinary Shares,,,,,,,,,,18.272727272727273,0.0,15.0,,,[],"[{'period': ""Q3 '22"", 'revenue': 0.0, 'unit': 'M', 'net_profit': 5.71}, {'period': ""Q2 '22"", 'revenue': 0.0, 'unit': 'M', 'net_profit': 4.61}, {'period': ""Q1 '22"", 'revenue': 0.0, 'unit': 'M', 'net_profit': 15.2}, {'period': ""Q4 '21"", 'revenue': 0.0, 'unit': 'M', 'net_profit': -4.21}, {'period': ""Q3 '21"", 'revenue': 0.0, 'unit': 'M', 'net_profit': -8.07}, {'period': ""Q2 '21"", 'revenue': 0.0, 'unit': 'M', 'net_profit': 1.88}]",,,,,,,,,,,,,,,,,__nan__,__nan__
336,HTY,John Hancock Tax-Advantaged Global Shareholder Yield Fund Common Shares of Beneficial Interest,,,,,,,,,,83.16666666666667,0.02,146301.0,,,[],"[{'period': ""Q4 '23"", 'revenue': -2.1, 'unit': 'M', 'net_profit': -3.55}, {'period': ""Q2 '23"", 'revenue': 1.91, 'unit': 'M', 'net_profit': 5.74}, {'period': ""Q4 '22"", 'revenue': -5.18, 'unit': 'M', 'net_profit': -5.08}, {'period': ""Q2 '22"", 'revenue': 2150.0, 'unit': 'K', 'net_profit': -652.73}]",,,,,,,,,,,,,,,,,__nan__,__nan__
337,HUBB,Hubbell Inc Common Stock,,,,,,,,,,28.58,-7.90999,90059.0,,,[],"[{'period': ""Q4 '25"", 'revenue': 1490.0, 'unit': 'M', 'net_profit': 224.2}, {'period': ""Q3 '25"", 'revenue': 1500.0, 'unit': 'M', 'net_profit': 255.5}, {'period': ""Q2 '25"", 'revenue': 1480.0, 'unit': 'M', 'net_profit': 244.2}, {'period': ""Q1 '25"", 'revenue': 1370.0, 'unit': 'M', 'net_profit': 169.7}, {'period': ""Q4 '24"", 'revenue': 1330.0, 'unit': 'M', 'net_profit': 197.0}, {'period': ""Q3 '24"", 'revenue': 1440.0, 'unit': 'M', 'net_profit': 226.2}]",,,,,,,,,,,,,,,,,__nan__,__nan__
338,HUBS,HubSpot Inc. Common Stock,,,,,,,,,,279.84,7.07,216017.0,,,[],"[{'period': ""Q4 '25"", 'revenue': 846.33, 'unit': 'M', 'net_profit': 54.43}, {'period': ""Q3 '25"", 'revenue': 809.52, 'unit': 'M', 'net_profit': 16.54}, {'period': ""Q2 '25"", 'revenue': 760.87, 'unit': 'M', 'net_profit': -3.26}, {'period': ""Q1 '25"", 'revenue': 714.14, 'unit': 'M', 'net_profit': -21.79}, {'period': ""Q4 '24"", 'revenue': 703.18, 'unit': 'M', 'net_profit': 4.98}, {'period': ""Q3 '24"", 'revenue': 669.72, 'unit': 'M', 'net_profit': 8.15}]",,,,,,,,,,,,,,,,,__nan__,__nan__
339,HUGS,USHG Acquisition Corp. Class A Common Stock,,,,,,,,,,0.0,0.0,54431.0,,,[],"[{'period': ""Q3 '22"", 'revenue': 0.0, 'unit': 'M', 'net_profit': 5.58}, {'period': ""Q2 '22"", 'revenue': 0.0, 'unit': 'M', 'net_profit': 8.41}, {'period': ""Q1 '22"", 'revenue': 0.0, 'unit': 'M', 'net_profit': 12.08}, {'period': ""Q4 '21"", 'revenue': 0.0, 'unit': 'M', 'net_profit': -21.19}, {'period': ""Q3 '21"", 'revenue': 0.0, 'unit': 'M', 'net_profit': 1.64}, {'period': ""Q2 '21"", 'revenue': 0.0, 'unit': 'M', 'net_profit': -1.22}]",,,,,,,,,,,,,,,,,__nan__,__nan__
340,HUM,Humana Inc. Common Stock,,,,,,,,,,17.16,-0.23,248180.0,,,[],"[{'period': ""Q4 '25"", 'revenue': 32520.000000000004, 'unit': 'M', 'net_profit': -796.0}, {'period': ""Q3 '25"", 'revenue': 32650.0, 'unit': 'M', 'net_profit': 195.0}, {'period': ""Q2 '25"", 'revenue': 32390.0, 'unit': 'M', 'net_profit': 545.0}, {'period': ""Q1 '25"", 'revenue': 32.11, 'unit': 'B', 'net_profit': 1.24}, {'period': ""Q4 '24"", 'revenue': 29210.0, 'unit': 'M', 'net_profit': -693.0}, {'period': ""Q3 '24"", 'revenue': 29400.0, 'unit': 'M', 'net_profit': 480.0}]",,,,,,,,,,,,,,,,,__nan__,__nan__
341,HUN,Huntsman Corporation Common Stock,,,,,,,,,,-8.03,0.1,1436101.0,,,[],"[{'period': ""Q4 '25"", 'revenue': 1350.0, 'unit': 'M', 'net_profit': -96.0}, {'period': ""Q3 '25"", 'revenue': 1460.0, 'unit': 'M', 'net_profit': -25.0}, {'period': ""Q2 '25"", 'revenue': 1460.0, 'unit': 'M', 'net_profit': -158.0}, {'period': ""Q1 '25"", 'revenue': 1410.0, 'unit': 'M', 'net_profit': -5.0}, {'period': ""Q4 '24"", 'revenue': 1450.0, 'unit': 'M', 'net_profit': -141.0}, {'period': ""Q3 '24"", 'revenue': 1540.0, 'unit': 'M', 'net_profit': -33.0}]",,,,,,,,,,,,,,,,,__nan__,__nan__
342,HUYA,HUYA Inc. American depositary shares each  representing one Class A ordinary share,,,,,,,,,,-43.21,0.015,141805.0,,,[],"[{'period': ""Q4 '25"", 'revenue': 1560.0, 'unit': 'M', 'net_profit': -114.52}, {'period': ""Q3 '25"", 'revenue': 1690.0, 'unit': 'M', 'net_profit': 9.56}, {'period': ""Q2 '25"", 'revenue': 1570.0, 'unit': 'M', 'net_profit': -5.49}, {'period': ""Q1 '25"", 'revenue': 1510000.0, 'unit': 'K', 'net_profit': 927.0}, {'period': ""Q4 '24"", 'revenue': 1500.0, 'unit': 'M', 'net_profit': -172.2}, {'period': ""Q3 '24"", 'revenue': 1540.0, 'unit': 'M', 'net_profit': 23.61}]",,,,,,,,,,,,,,,,,__nan__,__nan__
343,HVT,Haverty Furniture Companies Inc. Common Stock,,,,,,,,,,17.95,0.06000061,37637.0,,,[],"[{'period': ""Q4 '25"", 'revenue': 201.92, 'unit': 'M', 'net_profit': 8.53}, {'period': ""Q3 '25"", 'revenue': 194.48, 'unit': 'M', 'net_profit': -6.46}, {'period': ""Q2 '25"", 'revenue': 181.03, 'unit': 'M', 'net_profit': 2.69}, {'period': ""Q1 '25"", 'revenue': 181.57, 'unit': 'M', 'net_profit': 3.78}, {'period': ""Q4 '24"", 'revenue': 184.35, 'unit': 'M', 'net_profit': 8.2}, {'period': ""Q3 '24"", 'revenue': 175.91, 'unit': 'M', 'net_profit': 4.93}]",,,,,,,,,,,,,,,,,__nan__,__nan__
344,HVT/A,Haverty Furniture Companies Inc.,,,,,,,,,,,,,,,[],[],,,,,,,,,,,,,,,,,__nan__,__nan__
345,HWM,Howmet Aerospace Inc. Common Stock,,,,,,,,,,60.63,-2.96,493212.0,,,[],"[{'period': ""Q4 '25"", 'revenue': 2170.0, 'unit': 'M', 'net_profit': 372.0}, {'period': ""Q3 '25"", 'revenue': 2090.0, 'unit': 'M', 'net_profit': 385.0}, {'period': ""Q2 '25"", 'revenue': 2050.0, 'unit': 'M', 'net_profit': 407.0}, {'period': ""Q1 '25"", 'revenue': 1940.0, 'unit': 'M', 'net_profit': 344.0}, {'period': ""Q4 '24"", 'revenue': 1890.0, 'unit': 'M', 'net_profit': 314.0}, {'period': ""Q3 '24"", 'revenue': 1830.0, 'unit': 'M', 'net_profit': 332.0}]",,,,,,,,,,,,,,,,,__nan__,__nan__
346,HXL,Hexcel Corporation Common Stock,,,,,,,,,,57.04,-1.23,153604.0,,,[],"[{'period': ""Q4 '25"", 'revenue': 491.3, 'unit': 'M', 'net_profit': 46.4}, {'period': ""Q3 '25"", 'revenue': 456.2, 'unit': 'M', 'net_profit': 20.6}, {'period': ""Q2 '25"", 'revenue': 489.9, 'unit': 'M', 'net_profit': 13.5}, {'period': ""Q1 '25"", 'revenue': 456.5, 'unit': 'M', 'net_profit': 28.9}, {'period': ""Q4 '24"", 'revenue': 473.8, 'unit': 'M', 'net_profit': 5.8}, {'period': ""Q3 '24"", 'revenue': 456.5, 'unit': 'M', 'net_profit': 39.8}]",,,,,,,,,,,,,,,,,__nan__,__nan__
347,HY,Hyster-Yale Materials Handling Inc. Class A Common Stock,,,,,,,,,,-9.38,-0.34,2807.0,,,[],"[{'period': ""Q4 '25"", 'revenue': 923.2, 'unit': 'M', 'net_profit': -52.5}, {'period': ""Q3 '25"", 'revenue': 979.1, 'unit': 'M', 'net_profit': -2.3}, {'period': ""Q2 '25"", 'revenue': 956.6, 'unit': 'M', 'net_profit': -13.9}, {'period': ""Q1 '25"", 'revenue': 910.4, 'unit': 'M', 'net_profit': 8.6}, {'period': ""Q4 '24"", 'revenue': 1070.0, 'unit': 'M', 'net_profit': 10.3}, {'period': ""Q3 '24"", 'revenue': 1020.0, 'unit': 'M', 'net_profit': 17.2}]",,,,,,,,,,,,,,,,,__nan__,__nan__
348,HYB,New America High Income Fund Inc. (The) Common Stock,,,,,,,,,,9.761904761904763,-0.09,889265.0,,,[],"[{'period': ""Q2 '24"", 'revenue': 7.15, 'unit': 'M', 'net_profit': 2.67}, {'period': ""Q4 '23"", 'revenue': 9.86, 'unit': 'M', 'net_profit': 17.02}, {'period': ""Q2 '23"", 'revenue': 9.59, 'unit': 'M', 'net_profit': 11.11}, {'period': ""Q4 '22"", 'revenue': 9.08, 'unit': 'M', 'net_profit': 7.51}, {'period': ""Q2 '22"", 'revenue': 8.88, 'unit': 'M', 'net_profit': -45.01}, {'period': ""Q4 '21"", 'revenue': 9.07, 'unit': 'M', 'net_profit': 4.6}]",,,,,,,,,,,,,,,,,__nan__,__nan__
349,HYI,Western Asset High Yield Defined Opportunity Fund Inc. Common Stock,,,,,,,,,,14.01,0.03000023,5514.0,,,[],"[{'period': ""Q2 '25"", 'revenue': 5.49, 'unit': 'M', 'net_profit': 10.7}, {'period': ""Q4 '24"", 'revenue': 13.13, 'unit': 'M', 'net_profit': 3.39}, {'period': ""Q4 '23"", 'revenue': 10.84, 'unit': 'M', 'net_profit': 10.78}, {'period': ""Q2 '23"", 'revenue': -1.13, 'unit': 'M', 'net_profit': 12.8}, {'period': ""Q4 '22"", 'revenue': 6.69, 'unit': 'M', 'net_profit': 22.66}, {'period': ""Q2 '22"", 'revenue': -0.20978, 'unit': 'M', 'net_profit': 22.66}]",,,,,,,,,,,,,,,,,__nan__,__nan__
350,HYLN,Hyliion Holdings Corp. Class A Common Stock,,,,,,,,,,-5.23,-0.075,425310.0,,,[],"[{'period': ""Q4 '25"", 'revenue': 0.712, 'unit': 'M', 'net_profit': -13.18}, {'period': ""Q3 '25"", 'revenue': 0.759, 'unit': 'M', 'net_profit': -13.34}, {'period': ""Q2 '25"", 'revenue': 1.51, 'unit': 'M', 'net_profit': -13.41}, {'period': ""Q1 '25"", 'revenue': 0.489, 'unit': 'M', 'net_profit': -17.25}, {'period': ""Q4 '24"", 'revenue': 1.51, 'unit': 'M', 'net_profit': -14.4}, {'period': ""Q3 '24"", 'revenue': 0.0, 'unit': 'M', 'net_profit': -11.2}]",,,,,,,,,,,,,,,,,__nan__,__nan__
351,HYT,Blackrock Corporate High Yield Fund Inc. Common Stock,,,,,,,,,,9.09,0.015,561895.0,,,[],"[{'period': ""Q2 '25"", 'revenue': 36.66, 'unit': 'M', 'net_profit': 38.21}, {'period': ""Q1 '25"", 'revenue': 36.66, 'unit': 'M', 'net_profit': 38.21}, {'period': ""Q4 '24"", 'revenue': 36.43, 'unit': 'M', 'net_profit': 39.7}, {'period': ""Q3 '24"", 'revenue': 36.43, 'unit': 'M', 'net_profit': 39.7}, {'period': ""Q2 '24"", 'revenue': 37.63, 'unit': 'M', 'net_profit': 23.84}, {'period': ""Q1 '24"", 'revenue': 37.63, 'unit': 'M', 'net_profit': 23.84}]",,,,,,,,,,,,,,,,,__nan__,__nan__
352,HZAC,Horizon Acquisition Corporation Class A Ordinary Shares,,,,,,,,,,0.0,0.26,582706.0,,,[],"[{'period': ""Q2 '21"", 'revenue': 0.0, 'unit': 'K', 'net_profit': -534.0}, {'period': ""Q4 '20"", 'revenue': 0.0, 'unit': 'K', 'net_profit': -520.0}, {'period': ""Q3 '20"", 'revenue': 0.0, 'unit': 'K', 'net_profit': -124.0}]",,,,,,,,,,,,,,,,,__nan__,__nan__
353,HZN,Horizon Global Corporation Common Shares,,,,,,,,,,0.0,0.0,128413.0,,,[],"[{'period': ""Q3 '22"", 'revenue': 148.97, 'unit': 'M', 'net_profit': -25.68}, {'period': ""Q2 '22"", 'revenue': 181.22, 'unit': 'M', 'net_profit': -22.43}, {'period': ""Q1 '22"", 'revenue': 180.86, 'unit': 'M', 'net_profit': -26.95}, {'period': ""Q4 '21"", 'revenue': 164.27, 'unit': 'M', 'net_profit': -16.16}, {'period': ""Q3 '21"", 'revenue': 196.54, 'unit': 'M', 'net_profit': -2.77}, {'period': ""Q2 '21"", 'revenue': 222.12, 'unit': 'M', 'net_profit': 1.29}]",,,,,,,,,,,,,,,,,__nan__,__nan__
354,HZO,MarineMax Inc.  (FL) Common Stock,,,,,,,,,,-10.22,0.68,63238.0,,,[],"[{'period': ""Q1 '26"", 'revenue': 505.18, 'unit': 'M', 'net_profit': -7.93}, {'period': ""Q4 '25"", 'revenue': 552150.0, 'unit': 'K', 'net_profit': -854.0}, {'period': ""Q3 '25"", 'revenue': 657.16, 'unit': 'M', 'net_profit': -52.15}, {'period': ""Q2 '25"", 'revenue': 631.51, 'unit': 'M', 'net_profit': 3.3}, {'period': ""Q1 '25"", 'revenue': 468.46, 'unit': 'M', 'net_profit': 18.07}, {'period': ""Q4 '24"", 'revenue': 563.12, 'unit': 'M', 'net_profit': 4.0}]",,,,,,,,,,,,,,,,,__nan__,__nan__
355,HZON,Horizon Acquisition Corporation II Class A Ordinary Shares,,,,,,,,,,80.89285714285714,0.01,13015.0,,,[],[],,,,,,,,,,,,,,,,,__nan__,__nan__
356,IAA,IAA Inc. Common Stock ,,,,,,,,,,18.553488372093025,-0.04,22194505.0,,,[],"[{'period': ""Q4 '22"", 'revenue': 523.5, 'unit': 'M', 'net_profit': 77.9}, {'period': ""Q3 '22"", 'revenue': 497.5, 'unit': 'M', 'net_profit': 50.3}, {'period': ""Q2 '22"", 'revenue': 520.3, 'unit': 'M', 'net_profit': 82.7}, {'period': ""Q1 '22"", 'revenue': 557.6, 'unit': 'M', 'net_profit': 81.5}, {'period': ""Q4 '21"", 'revenue': 548.1, 'unit': 'M', 'net_profit': 73.3}, {'period': ""Q3 '21"", 'revenue': 420.7, 'unit': 'M', 'net_profit': 65.7}]",,,,,,,,,,,,,,,,,__nan__,__nan__
357,IACA,ION Acquisition Corp 1 Ltd. Class A Ordinary Shares,,,,,,,,,,0.0,0.36,607449.0,,,[],"[{'period': ""Q1 '21"", 'revenue': 0.0, 'unit': 'M', 'net_profit': 26.23}]",,,,,,,,,,,,,,,,,__nan__,__nan__
358,IACB,ION Acquisition Corp 2 Ltd. Class A Ordinary Shares,,,,,,,,,,,,,,,[],"[{'period': ""Q3 '21"", 'revenue': 0.0, 'unit': 'M', 'net_profit': -1.55}, {'period': ""Q2 '21"", 'revenue': 0.0, 'unit': 'K', 'net_profit': -738.87}]",,,,,,,,,,,,,,,,,__nan__,__nan__
359,IACC,ION Acquisition Corp 3 Ltd. Class A Ordinary Shares,,,,,,,,,,22.163355408388522,-0.01,136.0,,,[],"[{'period': ""Q3 '22"", 'revenue': 0.0, 'unit': 'K', 'net_profit': 747.87}, {'period': ""Q2 '22"", 'revenue': 0.0, 'unit': 'K', 'net_profit': 822.74}, {'period': ""Q1 '22"", 'revenue': 0.0, 'unit': 'K', 'net_profit': -263.0}, {'period': ""Q4 '21"", 'revenue': 0.0, 'unit': 'K', 'net_profit': -206.0}, {'period': ""Q3 '21"", 'revenue': 0.0, 'unit': 'K', 'net_profit': -211.0}, {'period': ""Q2 '21"", 'revenue': 0.0, 'unit': 'K', 'net_profit': -141.0}]",,,,,,,,,,,,,,,,,__nan__,__nan__
360,IAE,Voya Asia Pacific High Dividend Equity Income Fund ING Asia Pacific High Dividend Equity Income Fund Common Shares of Beneficial Interest,,,,,,,,,,6.56,-0.04000006,12746.0,,,[],"[{'period': ""Q4 '24"", 'revenue': 1800.0, 'unit': 'K', 'net_profit': 295.33}, {'period': ""Q2 '24"", 'revenue': 3.13, 'unit': 'M', 'net_profit': 7.66}, {'period': ""Q4 '23"", 'revenue': -2.74, 'unit': 'M', 'net_profit': 5.15}, {'period': ""Q2 '23"", 'revenue': 0.76153, 'unit': 'M', 'net_profit': 11.24}, {'period': ""Q4 '22"", 'revenue': -3.53, 'unit': 'M', 'net_profit': 11.38}, {'period': ""Q2 '22"", 'revenue': 4.32, 'unit': 'M', 'net_profit': 11.64}]",,,,,,,,,,,,,,,,,__nan__,__nan__
361,IAG,Iamgold Corporation Ordinary Shares,,,,,,,,,,15.68,0.14,2160082.0,,,[],"[{'period': ""Q4 '25"", 'revenue': 1100.0, 'unit': 'M', 'net_profit': 412.85}, {'period': ""Q3 '25"", 'revenue': 706.7, 'unit': 'M', 'net_profit': 139.4}, {'period': ""Q2 '25"", 'revenue': 580.9, 'unit': 'M', 'net_profit': 78.7}, {'period': ""Q1 '25"", 'revenue': 477.1, 'unit': 'M', 'net_profit': 39.7}, {'period': ""Q4 '24"", 'revenue': 469.9, 'unit': 'M', 'net_profit': 86.2}, {'period': ""Q3 '24"", 'revenue': 438.9, 'unit': 'M', 'net_profit': 594.1}]",,,,,,,,,,,,,,,,,__nan__,__nan__
362,IBA,Industrias Bachoco S.A.B. de C.V. Common Stock,,,,,,,,,,7.771260997067449,-0.98,6788.0,,,[],"[{'period': ""Q4 '22"", 'revenue': 23630.0, 'unit': 'M', 'net_profit': 58.0}, {'period': ""Q3 '22"", 'revenue': 24460.0, 'unit': 'M', 'net_profit': 972.1}, {'period': ""Q2 '22"", 'revenue': 26.43, 'unit': 'B', 'net_profit': 2.94}, {'period': ""Q1 '22"", 'revenue': 24.37, 'unit': 'B', 'net_profit': 2.16}, {'period': ""Q4 '21"", 'revenue': 21250.0, 'unit': 'M', 'net_profit': 648.2}, {'period': ""Q3 '21"", 'revenue': 20230.0, 'unit': 'M', 'net_profit': 843.8}]",,,,,,,,,,,,,,,,,__nan__,__nan__
363,IBER,Ibere Pharmaceuticals Class A Ordinary Shares,,,,,,,,,,17.25423728813559,-0.03,44499.0,,,[],"[{'period': ""Q3 '22"", 'revenue': 0.0, 'unit': 'M', 'net_profit': 1.81}, {'period': ""Q2 '22"", 'revenue': 0.0, 'unit': 'M', 'net_profit': 3.09}, {'period': ""Q1 '22"", 'revenue': 0.0, 'unit': 'M', 'net_profit': 7.45}, {'period': ""Q4 '21"", 'revenue': 0.0, 'unit': 'M', 'net_profit': 1.06}, {'period': ""Q3 '21"", 'revenue': 0.0, 'unit': 'M', 'net_profit': 1.73}, {'period': ""Q2 '21"", 'revenue': 0.0, 'unit': 'K', 'net_profit': -112.0}]",,,,,,,,,,,,,,,,,__nan__,__nan__
364,IBM,International Business Machines Corporation Common Stock,,,,,,,,,,21.48,2.76,746713.0,,,[],"[{'period': ""Q4 '25"", 'revenue': 19.69, 'unit': 'B', 'net_profit': 5.6}, {'period': ""Q3 '25"", 'revenue': 16.33, 'unit': 'B', 'net_profit': 1.74}, {'period': ""Q2 '25"", 'revenue': 16.98, 'unit': 'B', 'net_profit': 2.19}, {'period': ""Q1 '25"", 'revenue': 14.54, 'unit': 'B', 'net_profit': 1.05}, {'period': ""Q4 '24"", 'revenue': 17.55, 'unit': 'B', 'net_profit': 2.91}, {'period': ""Q3 '24"", 'revenue': 14970.0, 'unit': 'M', 'net_profit': -330.0}]",,,,,,,,,,,,,,,,,__nan__,__nan__
365,IBN,ICICI Bank Limited Common Stock,,,,,,,,,,16.26,0.065,2389996.0,,,[],"[{'period': ""Q3 '26"", 'revenue': 774.9, 'unit': 'B', 'net_profit': 126.42}, {'period': ""Q2 '26"", 'revenue': 761.47, 'unit': 'B', 'net_profit': 133.57}, {'period': ""Q1 '26"", 'revenue': 745.76, 'unit': 'B', 'net_profit': 135.58}, {'period': ""Q4 '25"", 'revenue': 797.47, 'unit': 'B', 'net_profit': 135.02}, {'period': ""Q3 '25"", 'revenue': 746.27, 'unit': 'B', 'net_profit': 128.83}, {'period': ""Q2 '25"", 'revenue': 729.43, 'unit': 'B', 'net_profit': 129.48}]",,,,,,,,,,,,,,,,,__nan__,__nan__
366,IBP,Installed Building Products Inc. Common Stock,,,,,,,,,,26.94,-0.7,40018.0,,,[],"[{'period': ""Q4 '25"", 'revenue': 747.5, 'unit': 'M', 'net_profit': 76.6}, {'period': ""Q3 '25"", 'revenue': 778.2, 'unit': 'M', 'net_profit': 74.4}, {'period': ""Q2 '25"", 'revenue': 760.3, 'unit': 'M', 'net_profit': 69.0}, {'period': ""Q1 '25"", 'revenue': 684.8, 'unit': 'M', 'net_profit': 45.4}, {'period': ""Q4 '24"", 'revenue': 750.2, 'unit': 'M', 'net_profit': 66.9}, {'period': ""Q3 '24"", 'revenue': 760.6, 'unit': 'M', 'net_profit': 68.6}]",,,,,,,,,,,,,,,,,__nan__,__nan__
367,ICD,Independence Contract Drilling Inc. Common Stock,,,,,,,,,,-0.14081730769230769,-0.0642,317476.0,,,[],"[{'period': ""Q3 '24"", 'revenue': 37.99, 'unit': 'M', 'net_profit': -18.49}, {'period': ""Q2 '24"", 'revenue': 43.33, 'unit': 'M', 'net_profit': -16.72}, {'period': ""Q1 '24"", 'revenue': 46.64, 'unit': 'M', 'net_profit': -8.99}, {'period': ""Q4 '23"", 'revenue': 45.83, 'unit': 'M', 'net_profit': -25.95}, {'period': ""Q3 '23"", 'revenue': 44.16, 'unit': 'M', 'net_profit': -7.6}, {'period': ""Q2 '23"", 'revenue': 56.36, 'unit': 'M', 'net_profit': -4.16}]",,,,,,,,,,,,,,,,,__nan__,__nan__
368,ICE,Intercontinental Exchange Inc. Common Stock,,,,,,,,,,27.15,4.0,476438.0,,,[],"[{'period': ""Q4 '25"", 'revenue': 3140.0, 'unit': 'M', 'net_profit': 840.0}, {'period': ""Q3 '25"", 'revenue': 3010.0, 'unit': 'M', 'net_profit': 816.0}, {'period': ""Q2 '25"", 'revenue': 3260.0, 'unit': 'M', 'net_profit': 851.0}, {'period': ""Q1 '25"", 'revenue': 3230.0, 'unit': 'M', 'net_profit': 797.0}, {'period': ""Q4 '24"", 'revenue': 3030.0, 'unit': 'M', 'net_profit': 698.0}, {'period': ""Q3 '24"", 'revenue': 3030.0, 'unit': 'M', 'net_profit': 657.0}]",,,,,,,,,,,,,,,,,__nan__,__nan__
369,ICL,ICL Group Ltd. Ordinary Shares,,,,,,,,,,29.08,0.03599979,887085.0,,,[],"[{'period': ""Q4 '25"", 'revenue': 1700.0, 'unit': 'M', 'net_profit': -73.0}, {'period': ""Q3 '25"", 'revenue': 1850.0, 'unit': 'M', 'net_profit': 115.0}, {'period': ""Q2 '25"", 'revenue': 1830.0, 'unit': 'M', 'net_profit': 93.0}, {'period': ""Q1 '25"", 'revenue': 1770.0, 'unit': 'M', 'net_profit': 91.0}, {'period': ""Q4 '24"", 'revenue': 1600.0, 'unit': 'M', 'net_profit': 70.0}, {'period': ""Q3 '24"", 'revenue': 1750.0, 'unit': 'M', 'net_profit': 113.0}]",,,,,,,,,,,,,,,,,__nan__,__nan__
370,IDA,IDACORP Inc. Common Stock,,,,,,,,,,24.24,2.59,71512.0,,,[],"[{'period': ""Q4 '25"", 'revenue': 404.71, 'unit': 'M', 'net_profit': 43.61}, {'period': ""Q3 '25"", 'revenue': 524.42, 'unit': 'M', 'net_profit': 124.44}, {'period': ""Q2 '25"", 'revenue': 450.88, 'unit': 'M', 'net_profit': 95.78}, {'period': ""Q1 '25"", 'revenue': 432.46, 'unit': 'M', 'net_profit': 59.65}, {'period': ""Q4 '24"", 'revenue': 398.13, 'unit': 'M', 'net_profit': 37.88}, {'period': ""Q3 '24"", 'revenue': 528.53, 'unit': 'M', 'net_profit': 113.61}]",,,,,,,,,,,,,,,,,__nan__,__nan__
371,IDE,Voya Infrastructure Industrials and Materials Fund Common Shares of Beneficial Interest,,,,,,,,,,6.9,-0.01000027,14665.0,,,[],[],,,,,,,,,,,,,,,,,__nan__,__nan__
372,IDT,IDT Corporation Class B Common Stock,,,,,,,,,,14.83,0.77,19806.0,,,[],"[{'period': ""Q2 '26"", 'revenue': 320.52, 'unit': 'M', 'net_profit': 20.95}, {'period': ""Q1 '26"", 'revenue': 322.75, 'unit': 'M', 'net_profit': 22.36}, {'period': ""Q4 '25"", 'revenue': 316.59, 'unit': 'M', 'net_profit': 16.89}, {'period': ""Q3 '25"", 'revenue': 301.99, 'unit': 'M', 'net_profit': 21.69}, {'period': ""Q2 '25"", 'revenue': 303.35, 'unit': 'M', 'net_profit': 20.27}, {'period': ""Q1 '25"", 'revenue': 309.57, 'unit': 'M', 'net_profit': 17.25}]",,,,,,,,,,,,,,,,,__nan__,__nan__
373,IEX,IDEX Corporation Common Stock,,,,,,,,,,29.04,-0.11,171519.08442,,,[],"[{'period': ""Q4 '25"", 'revenue': 899.1, 'unit': 'M', 'net_profit': 128.3}, {'period': ""Q3 '25"", 'revenue': 878.7, 'unit': 'M', 'net_profit': 127.8}, {'period': ""Q2 '25"", 'revenue': 865.4, 'unit': 'M', 'net_profit': 131.6}, {'period': ""Q1 '25"", 'revenue': 814.3, 'unit': 'M', 'net_profit': 95.5}, {'period': ""Q4 '24"", 'revenue': 862.9, 'unit': 'M', 'net_profit': 123.2}, {'period': ""Q3 '24"", 'revenue': 798.2, 'unit': 'M', 'net_profit': 119.1}]",,,,,,,,,,,,,,,,,__nan__,__nan__
374,IFF,Internationa Flavors & Fragrances Inc. Common Stock,,,,,,,,,,-51.48,1.575,384946.0,,,[],"[{'period': ""Q4 '25"", 'revenue': 2590.0, 'unit': 'M', 'net_profit': 18.0}, {'period': ""Q3 '25"", 'revenue': 2690.0, 'unit': 'M', 'net_profit': 40.0}, {'period': ""Q2 '25"", 'revenue': 2760.0, 'unit': 'M', 'net_profit': 612.0}, {'period': ""Q1 '25"", 'revenue': 2.84, 'unit': 'B', 'net_profit': -1.02}, {'period': ""Q4 '24"", 'revenue': 2770.0, 'unit': 'M', 'net_profit': -46.0}, {'period': ""Q3 '24"", 'revenue': 2920.0, 'unit': 'M', 'net_profit': 59.0}]",,,,,,,,,,,,,,,,,__nan__,__nan__
375,IFFT,International Flavors & Fragrances Inc. 6.00% Tangible Equity Units,,,,,,,,,,33.995711222301644,-1.3199997,565146.0,,,[],"[{'period': ""Q4 '25"", 'revenue': 2590.0, 'unit': 'M', 'net_profit': 18.0}, {'period': ""Q3 '25"", 'revenue': 2690.0, 'unit': 'M', 'net_profit': 40.0}, {'period': ""Q2 '25"", 'revenue': 2760.0, 'unit': 'M', 'net_profit': 612.0}, {'period': ""Q1 '25"", 'revenue': 2.84, 'unit': 'B', 'net_profit': -1.02}, {'period': ""Q4 '24"", 'revenue': 4660.0, 'unit': 'M', 'net_profit': 192.57}, {'period': ""Q2 '21"", 'revenue': 3090.0, 'unit': 'M', 'net_profit': 28.0}]",,,,,,,,,,,,,,,,,__nan__,__nan__
376,IFN,India Fund Inc. (The) Common Stock,,,,,,,,,,-9.21,-0.045,103402.0,,,[],"[{'period': ""Q4 '25"", 'revenue': 25.94, 'unit': 'M', 'net_profit': -42.81}, {'period': ""Q2 '25"", 'revenue': 52.0, 'unit': 'M', 'net_profit': -3.9}, {'period': ""Q4 '24"", 'revenue': 54.13, 'unit': 'M', 'net_profit': -5.69}, {'period': ""Q2 '24"", 'revenue': 58.51, 'unit': 'M', 'net_profit': 113.73}, {'period': ""Q4 '23"", 'revenue': 30.01, 'unit': 'M', 'net_profit': 59.9}, {'period': ""Q2 '23"", 'revenue': 19.65, 'unit': 'M', 'net_profit': 37.96}]",,,,,,,,,,,,,,,,,__nan__,__nan__
377,IFS,Intercorp Financial Services Inc. Common Shares,,,,,,,,,,10.06,0.76,75520.0,,,[],"[{'period': ""Q4 '25"", 'revenue': 1280.0, 'unit': 'M', 'net_profit': 455.34}, {'period': ""Q3 '25"", 'revenue': 2190.0, 'unit': 'M', 'net_profit': 453.31}, {'period': ""Q2 '25"", 'revenue': 3260.0, 'unit': 'M', 'net_profit': 560.27}, {'period': ""Q1 '25"", 'revenue': 2320.0, 'unit': 'M', 'net_profit': 423.05}, {'period': ""Q4 '24"", 'revenue': 2280.0, 'unit': 'M', 'net_profit': 487.55}, {'period': ""Q3 '24"", 'revenue': 2230.0, 'unit': 'M', 'net_profit': 387.86}]",,,,,,,,,,,,,,,,,__nan__,__nan__
378,IGA,Voya Global Advantage and Premium Opportunity Fund Common Shares of Beneficial Interest,,,,,,,,,,8.03,0.09999962,33696.0,,,[],"[{'period': ""Q4 '24"", 'revenue': 20.45, 'unit': 'M', 'net_profit': 9.82}, {'period': ""Q2 '24"", 'revenue': -15.6, 'unit': 'M', 'net_profit': 13.2}, {'period': ""Q4 '23"", 'revenue': 2.37, 'unit': 'M', 'net_profit': 8.02}, {'period': ""Q2 '23"", 'revenue': 4.1, 'unit': 'M', 'net_profit': 2.7}, {'period': ""Q4 '22"", 'revenue': 2.46, 'unit': 'M', 'net_profit': 4.36}, {'period': ""Q2 '22"", 'revenue': 3120.0, 'unit': 'K', 'net_profit': 88.6}]",,,,,,,,,,,,,,,,,__nan__,__nan__
379,IGD,Voya Global Equity Dividend and Premium Opportunity Fund,,,,,,,,,,8.09,0.025,152285.0,,,[],"[{'period': ""Q2 '25"", 'revenue': 21.97, 'unit': 'M', 'net_profit': 28.71}, {'period': ""Q4 '24"", 'revenue': 59.24, 'unit': 'M', 'net_profit': 26.37}, {'period': ""Q2 '24"", 'revenue': -44.6, 'unit': 'M', 'net_profit': 40.58}, {'period': ""Q4 '23"", 'revenue': 7.15, 'unit': 'M', 'net_profit': 22.78}, {'period': ""Q2 '23"", 'revenue': 12.19, 'unit': 'M', 'net_profit': 7.7}, {'period': ""Q4 '22"", 'revenue': 7.18, 'unit': 'M', 'net_profit': 14.56}]",,,,,,,,,,,,,,,,,__nan__,__nan__
380,IGI,Western Asset Investment Grade Defined Opportunity Trust Inc. Common Stock,,,,,,,,,,15.91,0.105,888.0,,,[],"[{'period': ""Q4 '25"", 'revenue': 1.59, 'unit': 'M', 'net_profit': 6.08}, {'period': ""Q2 '25"", 'revenue': 2550.0, 'unit': 'K', 'net_profit': -85.2}, {'period': ""Q4 '24"", 'revenue': 1.51, 'unit': 'M', 'net_profit': 9.55}, {'period': ""Q2 '24"", 'revenue': 5.14, 'unit': 'M', 'net_profit': 7.16}, {'period': ""Q4 '23"", 'revenue': 1.05, 'unit': 'M', 'net_profit': 3.39}, {'period': ""Q2 '23"", 'revenue': 4.33, 'unit': 'M', 'net_profit': 3.56}]",,,,,,,,,,,,,,,,,__nan__,__nan__
381,IGR,CBRE Clarion Global Real Estate Income Fund Common Stock,,,,,,,,,,35.46,0.09000019,249398.0,,,[],"[{'period': ""Q4 '25"", 'revenue': 17.18, 'unit': 'M', 'net_profit': -19.6}, {'period': ""Q2 '25"", 'revenue': 11.9, 'unit': 'M', 'net_profit': 18.33}, {'period': ""Q4 '24"", 'revenue': 66.44, 'unit': 'M', 'net_profit': 12.3}, {'period': ""Q2 '24"", 'revenue': 21.92, 'unit': 'M', 'net_profit': -66.75}, {'period': ""Q4 '23"", 'revenue': 30.46, 'unit': 'M', 'net_profit': 91.25}, {'period': ""Q2 '23"", 'revenue': 21.77, 'unit': 'M', 'net_profit': 20.89}]",,,,,,,,,,,,,,,,,__nan__,__nan__
382,IGT,International Game Technology Ordinary Shares,,,,,,,,,,148.0909090909091,0.485,3521394.0,,,[],"[{'period': ""Q2 '25"", 'revenue': 630.0, 'unit': 'M', 'net_profit': -58.0}, {'period': ""Q1 '25"", 'revenue': 583.0, 'unit': 'M', 'net_profit': 27.0}, {'period': ""Q4 '24"", 'revenue': 652.0, 'unit': 'M', 'net_profit': 218.0}, {'period': ""Q3 '24"", 'revenue': 586.0, 'unit': 'M', 'net_profit': 7.0}, {'period': ""Q2 '24"", 'revenue': 1050.0, 'unit': 'M', 'net_profit': 42.0}, {'period': ""Q1 '24"", 'revenue': 1070.0, 'unit': 'M', 'net_profit': 82.0}]",,,,,,,,,,,,,,,,,__nan__,__nan__
383,IH,iHuman Inc. American depositary shares each representing five Class A ordinary shares,,,,,,,,,,6.45,0.09499995,3394.0,,,[],"[{'period': ""Q3 '25"", 'revenue': 204.69, 'unit': 'M', 'net_profit': 21.47}, {'period': ""Q2 '25"", 'revenue': 200.16, 'unit': 'M', 'net_profit': 31.89}, {'period': ""Q1 '25"", 'revenue': 210.44, 'unit': 'M', 'net_profit': 26.52}, {'period': ""Q4 '24"", 'revenue': 232.68, 'unit': 'M', 'net_profit': 26.48}, {'period': ""Q3 '24"", 'revenue': 239.41, 'unit': 'M', 'net_profit': 25.14}, {'period': ""Q2 '24"", 'revenue': 215.11, 'unit': 'M', 'net_profit': 24.66}]",,,,,,,,,,,,,,,,,__nan__,__nan__
384,IHC,Independence Holding Company Common Stock,,,,,,,,,,7.98795011909766,0.00999832,21845.0,,,[],"[{'period': ""Q3 '21"", 'revenue': 6.51, 'unit': 'M', 'net_profit': 17.36}, {'period': ""Q2 '21"", 'revenue': 49.33, 'unit': 'M', 'net_profit': 76.47}, {'period': ""Q1 '21"", 'revenue': 124.66, 'unit': 'M', 'net_profit': 5.62}, {'period': ""Q4 '20"", 'revenue': 119.34, 'unit': 'M', 'net_profit': 5.49}, {'period': ""Q3 '20"", 'revenue': 113.22, 'unit': 'M', 'net_profit': 8.69}, {'period': ""Q2 '20"", 'revenue': 107310.0, 'unit': 'K', 'net_profit': 421.0}]",,,,,,,,,,,,,,,,,__nan__,__nan__
385,IHD,Voya Emerging Markets High Income Dividend Equity Fund Common Shares,,,,,,,,,,6.92,-0.007,29524.0,,,[],"[{'period': ""Q2 '25"", 'revenue': 5.9, 'unit': 'M', 'net_profit': 15.93}, {'period': ""Q4 '24"", 'revenue': 2110.0, 'unit': 'K', 'net_profit': 607.85}, {'period': ""Q2 '24"", 'revenue': 4.51, 'unit': 'M', 'net_profit': 8.63}, {'period': ""Q4 '23"", 'revenue': -2.41, 'unit': 'M', 'net_profit': 7.17}, {'period': ""Q2 '23"", 'revenue': 2.92, 'unit': 'M', 'net_profit': 18.26}, {'period': ""Q4 '22"", 'revenue': -2.77, 'unit': 'M', 'net_profit': 18.37}]",,,,,,,,,,,,,,,,,__nan__,__nan__
386,IHG,Intercontinental Hotels Group American Depositary Shares (Each representing one Ordinary Share),,,,,,,,,,26.81,0.71,129478.0,,,[],"[{'period': ""Q4 '25"", 'revenue': 2670.0, 'unit': 'M', 'net_profit': 289.0}, {'period': ""Q2 '25"", 'revenue': 2540.0, 'unit': 'M', 'net_profit': 473.03}, {'period': ""Q4 '24"", 'revenue': 2600.0, 'unit': 'M', 'net_profit': 281.0}, {'period': ""Q2 '24"", 'revenue': 2320.0, 'unit': 'M', 'net_profit': 347.0}, {'period': ""Q4 '23"", 'revenue': 1950.0, 'unit': 'M', 'net_profit': 291.0}, {'period': ""Q2 '23"", 'revenue': 2230.0, 'unit': 'M', 'net_profit': 459.0}]",,,,,,,,,,,,,,,,,__nan__,__nan__
387,IHIT,Invesco High Income 2023 Target Term Fund Common Shares of Beneficial Interest,,,,,,,,,,-10.646153846153846,-0.015,105347.0,,,[],"[{'period': ""Q4 '22"", 'revenue': 9.34, 'unit': 'M', 'net_profit': -4.25}, {'period': ""Q2 '22"", 'revenue': 9.53, 'unit': 'M', 'net_profit': -1.84}, {'period': ""Q4 '21"", 'revenue': 9.14, 'unit': 'M', 'net_profit': -1.18}, {'period': ""Q2 '21"", 'revenue': 9.71, 'unit': 'M', 'net_profit': 13.84}, {'period': ""Q4 '20"", 'revenue': 8.73, 'unit': 'M', 'net_profit': 28.73}, {'period': ""Q2 '20"", 'revenue': 9.14, 'unit': 'M', 'net_profit': -49.5}]",,,,,,,,,,,,,,,,,__nan__,__nan__
388,IHTA,Invesco High Income 2024 Target Term Fund Common Shares of Beneficial Interest No par value per share,,,,,,,,,,20.944444444444443,0.0,26612.0,,,[],"[{'period': ""Q2 '24"", 'revenue': -13600.0, 'unit': 'K', 'net_profit': -845.9}, {'period': ""Q4 '23"", 'revenue': 1.8, 'unit': 'M', 'net_profit': 8.79}, {'period': ""Q2 '23"", 'revenue': 4.17, 'unit': 'M', 'net_profit': 8.79}, {'period': ""Q4 '22"", 'revenue': 3.56, 'unit': 'M', 'net_profit': 8.79}, {'period': ""Q2 '22"", 'revenue': 3.25, 'unit': 'M', 'net_profit': 8.79}, {'period': ""Q4 '21"", 'revenue': 3.05, 'unit': 'M', 'net_profit': 8.79}]",,,,,,,,,,,,,,,,,__nan__,__nan__
389,IIAC,Investindustrial Acquisition Corp. Class A Ordinary Shares,,,,,,,,,,0.0,0.34,279443.0,,,[],"[{'period': ""Q3 '21"", 'revenue': 0.0, 'unit': 'M', 'net_profit': -5.54}, {'period': ""Q2 '21"", 'revenue': 0.0, 'unit': 'M', 'net_profit': -5.07}, {'period': ""Q4 '20"", 'revenue': 0.0, 'unit': 'K', 'net_profit': -374.17}]",,,,,,,,,,,,,,,,,__nan__,__nan__
390,IIF,Morgan Stanley India Investment Fund Inc. Common Stock,,,,,,,,,,-32.79,-0.13,16041.0,,,[],"[{'period': ""Q4 '25"", 'revenue': 3.88, 'unit': 'M', 'net_profit': -12.67}, {'period': ""Q2 '25"", 'revenue': 0.84, 'unit': 'M', 'net_profit': 6.55}, {'period': ""Q4 '24"", 'revenue': 8.06, 'unit': 'M', 'net_profit': 7.68}, {'period': ""Q2 '24"", 'revenue': 14.31, 'unit': 'M', 'net_profit': 54.75}, {'period': ""Q4 '23"", 'revenue': 1.35, 'unit': 'M', 'net_profit': 31.81}, {'period': ""Q2 '23"", 'revenue': 0.789, 'unit': 'M', 'net_profit': 17.48}]",,,,,,,,,,,,,,,,,__nan__,__nan__
391,IIIN,Insteel Industries Inc. Common Stock,,,,,,,,,,13.59,0.045,20183.0,,,[],"[{'period': ""Q1 '26"", 'revenue': 159.92, 'unit': 'M', 'net_profit': 7.59}, {'period': ""Q4 '25"", 'revenue': 177.44, 'unit': 'M', 'net_profit': 14.55}, {'period': ""Q3 '25"", 'revenue': 179.89, 'unit': 'M', 'net_profit': 15.16}, {'period': ""Q2 '25"", 'revenue': 160.66, 'unit': 'M', 'net_profit': 10.23}, {'period': ""Q1 '25"", 'revenue': 129.72, 'unit': 'M', 'net_profit': 1.08}, {'period': ""Q4 '24"", 'revenue': 134.3, 'unit': 'M', 'net_profit': 4.67}]",,,,,,,,,,,,,,,,,__nan__,__nan__
392,IIM,Invesco Value Municipal Income Trust Common Stock,"Invesco Value Municipal Income Trust is a closed-ended fixed income mutual fund launched by Invesco Ltd. The fund is co-managed by Invesco Advisers, Inc., INVESCO Asset Management (Japan) Limited, INVESCO Asset Management Deutschland GmbH, INVESCO Asset Management Limited, Invesco Canada Ltd., Invesco Hong Kong Limited, and INVESCO Senior Secured Management, Inc. It invests in the fixed income markets of the United States. The fund primarily invests in investment grade municipal securities which include municipal bonds, municipal notes, municipal commercial paper, and lease obligations. It employs fundamental analysis with bottom-up security selection approach to create its portfolio. The fund was previously known as Invesco Insured Municipal Income Trust. Invesco Value Municipal Income Trust was formed on February 26, 1993 and is domiciled in the United States.",Russell C. Burk,Asset Management - Income,11.92,USD,561055796,https://images.financialmodelingprep.com/symbol/IIM.png,175946,1993-02-19,-20.55,-0.03999992,79428.0,0,21420291,"[{'period': '2024', 'revenue': 44.15, 'unit': 'M', 'net_profit': 21.42}, {'period': '2023', 'revenue': 44.6, 'unit': 'M', 'net_profit': 46.32}, {'period': '2022', 'revenue': -87.47, 'unit': 'M', 'net_profit': -87.85}, {'period': '2021', 'revenue': -3.6, 'unit': 'M', 'net_profit': -3.91}]","[{'period': ""Q2 '25"", 'revenue': 15.89, 'unit': 'M', 'net_profit': -31.98}, {'period': ""Q4 '24"", 'revenue': 14.06, 'unit': 'M', 'net_profit': 5.02}, {'period': ""Q2 '24"", 'revenue': 20.99, 'unit': 'M', 'net_profit': 16.4}, {'period': ""Q4 '23"", 'revenue': 21.73, 'unit': 'M', 'net_profit': 38.53}, {'period': ""Q2 '23"", 'revenue': 19.52, 'unit': 'M', 'net_profit': 7.8}, {'period': ""Q4 '22"", 'revenue': 22.69, 'unit': 'M', 'net_profit': -6.84}]",0.46,0.46,909666060,8393975,0,289305912,8393975,0,1653772,0,62911093,-1,-0.5376046541121487,-0.5306122448979592,"[0.0771, 0.075]","['2026-03-16', '1993-05-03']",__nan__,0.31803529308326617
393,IIPR,Innovative Industrial Properties Inc. Common Stock,"Innovative Industrial Properties, Inc. is a self-advised Maryland corporation focused on the acquisition, ownership and management of specialized properties leased to experienced, state-licensed operators for their regulated medical-use cannabis facilities. Innovative Industrial Properties, Inc. has elected to be taxed as a real estate investment trust, commencing with the year ended December 31, 2017.",Paul E. Smithers,REIT - Industrial,51.69,USD,1454342862,https://images.financialmodelingprep.com/symbol/IIPR.png,330745,2016-12-01,13.15,0.74,111885.0,208698000,114435000,"[{'period': '2025', 'revenue': 265.95, 'unit': 'M', 'net_profit': 114.44}, {'period': '2024', 'revenue': 308.52, 'unit': 'M', 'net_profit': 161.66}, {'period': '2023', 'revenue': 309.51, 'unit': 'M', 'net_profit': 165.59}, {'period': '2022', 'revenue': 276.36, 'unit': 'M', 'net_profit': 154.39}]","[{'period': ""Q4 '25"", 'revenue': 66.66, 'unit': 'M', 'net_profit': 31.84}, {'period': ""Q3 '25"", 'revenue': 64.69, 'unit': 'M', 'net_profit': 29.3}, {'period': ""Q2 '25"", 'revenue': 62.89, 'unit': 'M', 'net_profit': 26.02}, {'period': ""Q1 '25"", 'revenue': 71.72, 'unit': 'M', 'net_profit': 31.08}, {'period': ""Q4 '24"", 'revenue': 76.74, 'unit': 'M', 'net_profit': 40.02}, {'period': ""Q3 '24"", 'revenue': 76.53, 'unit': 'M', 'net_profit': 40.22}]",3.98,3.93,2370858000,47597000,47597000,522854000,16800000,2288913000,319258000,47597000,174757000,-0.1609084951290412,-0.29212982723105757,-0.2867383512544803,"[1.9, 0.15]","['2026-03-31', '2017-06-28']",__nan__,0.2205336633404447
394,IMAX,Imax Corporation Common Stock,"IMAX Corporation, together with its subsidiaries, operates as an entertainment technology company worldwide. It offers cinematic solution through proprietary software, theater architecture, intellectual property, and specialized equipment. The company offers IMAX Digital Re-Mastering (DMR), a proprietary technology that digitally enhances the image resolution, visual clarity, and sound quality of motion picture films for projection on IMAX screens; IMAX theater systems to exhibitor customers through sales, leases, and joint revenue sharing arrangements; and digital projection systems. It also provides preventative and emergency maintenance services to IMAX network; distributes large-format documentary films; film post-production and quality control services for large-format films, and digital post-production services; owns and operates IMAX theaters; and rents 2D and 3D large-format film and digital cameras, as well as offers production advice and technical assistance services to documentary and Hollywood filmmakers. The company markets its theater systems through a direct sales force and marketing staff to science and natural history museums, zoos, aquaria, and other educational and cultural centers, as well as theme parks, private home theaters, tourist destination sites, fairs, and expositions. It owns or otherwise has rights to trademarks and trade names, which include IMAX, IMAX Dome, IMAX 3D, IMAX 3D Dome, Experience It in IMAX, The IMAX Experience, An IMAX Experience, An IMAX 3D Experience, IMAX DMR, DMR, IMAX Enhanced, IMAX nXos, and Films To The Fullest. As of December 31, 2021, the company had a network of 1,683 IMAX theater systems comprising 1,599 commercial multiplexes, 12 commercial destinations, and 72 institutional facilities operating in 87 countries and territories. IMAX Corporation was founded in 1967 and is headquartered in Mississauga, Canada.",Richard Lewis Gelfond,Entertainment,37.43,USD,2020957990,https://images.financialmodelingprep.com/symbol/IMAX.png,1091305,1994-06-10,59.41,0.88,160517.0,133101000,34876000,"[{'period': '2025', 'revenue': 410.21, 'unit': 'M', 'net_profit': 34.88}, {'period': '2024', 'revenue': 352.21, 'unit': 'M', 'net_profit': 26.06}, {'period': '2023', 'revenue': 374.84, 'unit': 'M', 'net_profit': 25.34}, {'period': '2022', 'revenue': 300.81, 'unit': 'M', 'net_profit': -22.8}]","[{'period': ""Q4 '25"", 'revenue': 125210.0, 'unit': 'K', 'net_profit': 637.0}, {'period': ""Q3 '25"", 'revenue': 106.15, 'unit': 'M', 'net_profit': 20.66}, {'period': ""Q2 '25"", 'revenue': 91.68, 'unit': 'M', 'net_profit': 11.26}, {'period': ""Q1 '25"", 'revenue': 86.67, 'unit': 'M', 'net_profit': 2.33}, {'period': ""Q4 '24"", 'revenue': 92.67, 'unit': 'M', 'net_profit': 5.31}, {'period': ""Q3 '24"", 'revenue': 91.45, 'unit': 'M', 'net_profit': 13.9}]",0.65,0.63,894031000,337293000,151168000,466298000,138739000,183688000,202005000,151168000,118901000,0.19603720177921552,0.33834759584020874,0.32653061224489804,__nan__,__nan__,__nan__,0.521568044061112
395,IMPX,AEA-Bridges Impact Corp. Class A Ordinary Shares,"AEA-Bridges Impact Corp. does not have significant operations. It intends to effect a merger, amalgamation, share exchange, asset acquisition, share purchase, reorganization, or similar business combination with one or more businesses. The company intends to focus on value-added industrials, including sustainable energy and energy efficiency, education, circular economy, consumer, healthcare, and business services. AEA-Bridges Impact Corp. was incorporated in 2020 and is based in Grand Cayman, Cayman Islands.",John Luis Garcia,Shell Companies,9.39,USD,0,https://images.financialmodelingprep.com/symbol/IMPX.png,0,2020-12-15,58.6875,1.61,3893500.0,4822000,17339000,"[{'period': '2021', 'revenue': 0.0, 'unit': 'M', 'net_profit': 17.34}, {'period': '2020', 'revenue': 0.0, 'unit': 'K', 'net_profit': -152.0}]","[{'period': ""Q2 '22"", 'revenue': 0.0, 'unit': 'M', 'net_profit': 9.67}, {'period': ""Q1 '22"", 'revenue': 0.0, 'unit': 'T', 'net_profit': 7.2}, {'period': ""Q4 '21"", 'revenue': 0.0, 'unit': 'M', 'net_profit': -33.37}, {'period': ""Q3 '21"", 'revenue': 0.0, 'unit': 'M', 'net_profit': 6.37}, {'period': ""Q2 '21"", 'revenue': 0.0, 'unit': 'M', 'net_profit': -2.25}, {'period': ""Q1 '21"", 'revenue': 0.0, 'unit': 'M', 'net_profit': 19.31}]",0.35,0.35,401526175,1276684,1027517,54592853,0,400249491,6850353,1027517,-633568,32.723684210526315,115.07236842105263,117.66666666666666,__nan__,__nan__,__nan__,0.13596337274898704
396,INFO,IHS Markit Ltd. Common Shares,"INFO aims to generate alpha consistently within the large-cap US market. Portfolio construction utilizes a bottom-up investment strategy integrating fundamental analysis with quantitative techniques and risk management tools. The subadvisor employs a proprietary alpha modeling framework to identify companies with strong financial and operational health, aiming for above-market returns relative to the S&P 500 Index. The strategy incorporates uncorrelated alpha factors, such as value, momentum, and quality. Additionally, ESG attributes are also evaluated to enhance the overall alpha scores. Security weighting is determined using a proprietary optimization technique, balancing alpha generation with risk metrics like tracking err, market risk, and concentration risk.",Charles McCain,Asset Management,22.95,USD,673588788,https://images.financialmodelingprep.com/symbol/INFO.png,46447,2024-10-09,22.38,0.02,26368.0,,,[],[],,,,,,,,,,,,,,,"[0.08592, 0.17]","['2025-12-19', '2020-02-05']",__nan__,__nan__
397,INFY,Infosys Limited American Depositary Shares,"Infosys Limited, together with its subsidiaries, provides consulting, technology, outsourcing, and next-generation digital services in North America, Europe, India, and internationally. It provides digital marketing and digital workplace, digital commerce, digital experience and interactions, metaverse, data analytics and AI, applied AI, generative AI, sustainability, blockchain, engineering, Internet of Things, enterprise agile DevOps, application modernization, cloud, digital process automation, digital supply chain, Microsoft business application and cloud business, service experience transformation, energy transition, cyber security, and quality engineering solutions; Oracle, SAP, and Saleforce solutions; API economy and microservices; and Topaz, an AI-first set of services, solutions, and platforms using generative AI technologies. The company's products and platforms include Finacle, a core banking solution; Edge suite of products; Panaya platform, Infosys Equinox, Infosys Helix, Infosys Applied AI, Infosys Cortex, and Stater digital platforms; and Infosys McCamish, an insurance platform. It serves aerospace and defense, agriculture, automotive, chemical manufacturing, communication, consumer packaged goods, education, engineering procurement and construction, healthcare, high technology, industrial manufacturing, information services and publishing, insurance, life science, logistics and distribution, media, entertainment, mining, oil and gas, private equity, professional, public, retail, travel, hospitality, utilities, and waste management industries. The company was formerly known as Infosys Technologies Limited and changed its name to Infosys Limited in June 2011. Infosys Limited was incorporated in 1981 and is headquartered in Bengaluru, India.",Salil Satish Parekh,Information Technology Services,13.15,USD,53665078056,https://images.financialmodelingprep.com/symbol/INFY.png,16923301,1999-03-11,17.08,0.325,2865783.0,5066549000,3159556000,"[{'period': '2025', 'revenue': 19.28, 'unit': 'B', 'net_profit': 3.16}, {'period': '2024', 'revenue': 18.56, 'unit': 'B', 'net_profit': 3.17}, {'period': '2023', 'revenue': 18.21, 'unit': 'B', 'net_profit': 2.98}, {'period': '2022', 'revenue': 16.31, 'unit': 'B', 'net_profit': 2.96}]","[{'period': ""Q3 '26"", 'revenue': 5100.0, 'unit': 'M', 'net_profit': 746.87}, {'period': ""Q2 '26"", 'revenue': 5080.0, 'unit': 'M', 'net_profit': 839.0}, {'period': ""Q1 '26"", 'revenue': 4940.0, 'unit': 'M', 'net_profit': 808.65}, {'period': ""Q4 '25"", 'revenue': 4730.0, 'unit': 'M', 'net_profit': 811.88}, {'period': ""Q3 '25"", 'revenue': 4940.0, 'unit': 'M', 'net_profit': 804.0}, {'period': ""Q2 '25"", 'revenue': 4890.0, 'unit': 'M', 'net_profit': 777.0}]",0.76,0.76,17421159000,11359000000,4509000000,6165726000,5956000000,1425000000,5012000000,2861000000,4088000000,0.020042077712905174,-0.002350489422166088,-0.012987012987012998,"[0.22062, 0.018]","['2025-10-27', '1999-06-01']",__nan__,0.3539216879887268
398,ING,ING Group N.V. Common Stock,"ING Groep N.V., a financial institution, provides various banking products and services in the Netherlands, Belgium, Germany, Poland, Rest of Europe, North America, Latin America, Asia, and Australia. It operates in six segments: Retail Netherlands, Retail Belgium, Retail Germany, Retail Other, Wholesale Banking, and Corporate Line Banking. The company accepts various deposits, such as current and savings accounts; and offers business lending products, as well as consumer lending products, such as residential mortgage loans, term loans, and revolver and personal loans. It also provides debt capital market, working capital, export finance, daily banking, treasury and risk, and corporate finance solutions; and specialized lending, equity market, finance, payments and cash management, and trade services and solutions, as well as savings, investment, insurance, mortgage, and digital banking services. The company serves customers, corporate clients, and financial institutions, including small and medium-sized, and mid-corporates. ING Groep N.V. was founded in 1762 and is headquartered in Amsterdam, the Netherlands.",Steven J. A. van Rijswijk,Banks - Diversified,24.965,USD,72616362839,https://images.financialmodelingprep.com/symbol/ING.png,2987815,1994-05-18,10.19,0.175,990845.0,9148000000,6327000000,"[{'period': '2025', 'revenue': 23.04, 'unit': 'B', 'net_profit': 6.33}, {'period': '2024', 'revenue': 66.41, 'unit': 'B', 'net_profit': 6.39}, {'period': '2023', 'revenue': 58.9, 'unit': 'B', 'net_profit': 7.29}, {'period': '2022', 'revenue': 33.61, 'unit': 'B', 'net_profit': 3.67}]","[{'period': ""Q4 '25"", 'revenue': 5.8, 'unit': 'B', 'net_profit': 1.41}, {'period': ""Q3 '25"", 'revenue': 5.85, 'unit': 'B', 'net_profit': 1.79}, {'period': ""Q2 '25"", 'revenue': 24.26, 'unit': 'B', 'net_profit': 1.68}, {'period': ""Q1 '25"", 'revenue': 5.64, 'unit': 'B', 'net_profit': 1.46}, {'period': ""Q4 '24"", 'revenue': 5.41, 'unit': 'B', 'net_profit': 1.15}, {'period': ""Q3 '24"", 'revenue': 5.91, 'unit': 'B', 'net_profit': 1.88}]",2.12,2.12,1054405000000,106313000000,106313000000,1003452000000,0,879212000000,819079000000,52889000000,0,-0.08272335305324376,-0.010168961201501877,0.28484848484848496,"[0.74766, 1.232]","['2026-04-17', '1995-05-08']",__nan__,0.9516760637515945
399,INGR,Ingredion Incorporated Common Stock,"Ingredion Incorporated, together with its subsidiaries, produces and sells starches and sweeteners for various industries. It operates through four segments: North America; South America; Asia-Pacific; and Europe, Middle East and Africa. The company offers sweetener products comprising glucose syrups, high maltose syrups, high fructose corn syrups, caramel colors, dextrose, polyols, maltodextrins, and glucose syrup solids, as well as food-grade and industrial starches, biomaterials, and nutrition ingredients. It also provides edible corn oil; refined corn oil to packers of cooking oil and to producers of margarine, salad dressings, shortening, mayonnaise, and other foods; and corn gluten feed used as protein feed for chickens, pet food, and aquaculture, as well as fruit and vegetable products, such as concentrates, purees and essences, pulse proteins, and hydrocolloids systems and blends. The company's products are derived primarily from processing corn and other starch-based materials, such as tapioca, potato, and rice. It serves food, beverage, brewing, and animal nutrition industries. The company was formerly known as Corn Products International, Inc. and changed its name to Ingredion Incorporated in June 2012. Ingredion Incorporated was founded in 1906 and is headquartered in Westchester, Illinois.",James Zallie,Packaged Foods,112.87,USD,7170646225,https://images.financialmodelingprep.com/symbol/INGR.png,838740,1997-12-11,10.1,0.76,59153.0,1233000000,729000000,"[{'period': '2025', 'revenue': 7220.0, 'unit': 'M', 'net_profit': 729.0}, {'period': '2024', 'revenue': 7430.0, 'unit': 'M', 'net_profit': 647.0}, {'period': '2023', 'revenue': 8160.0, 'unit': 'M', 'net_profit': 643.0}, {'period': '2022', 'revenue': 7950.0, 'unit': 'M', 'net_profit': 492.0}]","[{'period': ""Q4 '25"", 'revenue': 1760.0, 'unit': 'M', 'net_profit': 165.0}, {'period': ""Q3 '25"", 'revenue': 1820.0, 'unit': 'M', 'net_profit': 171.0}, {'period': ""Q2 '25"", 'revenue': 1830.0, 'unit': 'M', 'net_profit': 196.0}, {'period': ""Q1 '25"", 'revenue': 1810.0, 'unit': 'M', 'net_profit': 197.0}, {'period': ""Q4 '24"", 'revenue': 1800.0, 'unit': 'M', 'net_profit': 95.0}, {'period': ""Q3 '24"", 'revenue': 1870.0, 'unit': 'M', 'net_profit': 188.0}]",11.36,11.18,7897000000,3505000000,1033000000,3531000000,1185000000,0,1316000000,1030000000,511000000,0.041385135135135136,0.1267387944358578,0.1497975708502023,"[0.82, 0.08]","['2026-04-01', '1998-09-28']",__nan__,0.4471318222109662
400,INN,Summit Hotel Properties Inc. Common Stock,"Summit Hotel Properties, Inc. is a publicly traded real estate investment trust focused on owning premium-branded hotels with efficient operating models primarily in the Upscale segment of the lodging industry. As of November 3, 2020, the Company's portfolio consisted of 72 hotels, 67 of which are wholly owned, with a total of 11,288 guestrooms located in 23 states.",Jonathan Stanner,REIT - Hotel & Motel,4.315,USD,469467685,https://images.financialmodelingprep.com/symbol/INN.png,1288532,2011-02-09,-19.61,0.065,160399.0,219467000,-7956000,"[{'period': '2025', 'revenue': 729.47, 'unit': 'M', 'net_profit': -7.96}, {'period': '2024', 'revenue': 731.78, 'unit': 'M', 'net_profit': 43.64}, {'period': '2023', 'revenue': 736.13, 'unit': 'M', 'net_profit': -9.49}, {'period': '2022', 'revenue': 675.7, 'unit': 'M', 'net_profit': 1.47}]","[{'period': ""Q4 '25"", 'revenue': 174.96, 'unit': 'M', 'net_profit': -1.91}, {'period': ""Q3 '25"", 'revenue': 177.12, 'unit': 'M', 'net_profit': -6.68}, {'period': ""Q2 '25"", 'revenue': 192.92, 'unit': 'M', 'net_profit': 3.01}, {'period': ""Q1 '25"", 'revenue': 184480.0, 'unit': 'K', 'net_profit': -57.0}, {'period': ""Q4 '24"", 'revenue': 172.93, 'unit': 'M', 'net_profit': 5.3}, {'period': ""Q3 '24"", 'revenue': 176810.0, 'unit': 'K', 'net_profit': 352.0}]",-0.22,-0.22,2776030000,2693824000,2676477000,1502059000,17347000,0,7537000,36110000,73551000,-0.1533431578297636,-1.1823014527290225,-1.9166666666666665,"[0.08, 0.05625]","['2026-02-13', '2011-05-11']",__nan__,0.5410816885984662
401,INSI,Insight Select Income Fund,"Insight Select Income Fund is a closed ended fixed income mutual fund launched and managed by Cutwater Asset Management Corp. The fund invests in the fixed income markets of the United States. It primarily invests in short-term and long-term debt securities. The fund invests in the securities rated within the highest four grades by Moody's or Standard & Poor's, obligations of the U.S. Government, or obligations of banks. It benchmarks the performance of its portfolios against the Lehman Brothers Aggregate Bond TR Index. The fund was formerly known as Cutwater Select Income Fund. Insight Select Income Fund was formed on October 13, 1971 and is domiciled in the United States.",,Asset Management - Income,16.23,USD,173878482,https://images.financialmodelingprep.com/symbol/INSI.png,67968,1980-03-17,6.73,-0.18,251522.0,0,9822309,"[{'period': '2023', 'revenue': 10.01, 'unit': 'M', 'net_profit': 9.82}, {'period': '2022', 'revenue': -13.04, 'unit': 'M', 'net_profit': -13.8}, {'period': '2021', 'revenue': -4.74, 'unit': 'M', 'net_profit': -5.66}, {'period': '2020', 'revenue': 31.64, 'unit': 'M', 'net_profit': 30.84}]","[{'period': ""Q2 '24"", 'revenue': 5.25, 'unit': 'M', 'net_profit': 11.17}, {'period': ""Q4 '23"", 'revenue': 5.04, 'unit': 'M', 'net_profit': 14.62}, {'period': ""Q2 '23"", 'revenue': 4.97, 'unit': 'M', 'net_profit': -4.8}, {'period': ""Q4 '22"", 'revenue': 4.84, 'unit': 'M', 'net_profit': 11.64}, {'period': ""Q2 '22"", 'revenue': 4.52, 'unit': 'M', 'net_profit': -25.44}, {'period': ""Q4 '21"", 'revenue': 4.58, 'unit': 'M', 'net_profit': -15.54}]",0.92,0.92,191083660,5055970,1374058,1925606,2758027,186027690,1732250,1374058,0,1,1.7118304867652758,1.7131782945736433,"[0.2, 0.59]","['2024-12-18', '1980-04-14']",__nan__,0.010077292846494567
402,INSP,Inspire Medical Systems Inc. Common Stock,"Inspire Medical Systems, Inc., a medical technology company, focuses on the development and commercialization of minimally invasive solutions for patients with obstructive sleep apnea (OSA) in the United States and internationally. The company offers Inspire system, a neurostimulation technology that provides a safe and effective treatment for moderate to severe OSA. It also develops a novel, a closed-loop solution that continuously monitors a patient's breathing and delivers mild hypoglossal nerve stimulation to maintain an open airway. The company was incorporated in 2007 and is headquartered in Golden Valley, Minnesota.",Timothy Herbert,Medical - Devices,49.23,USD,1417691473,https://images.financialmodelingprep.com/symbol/INSP.png,1269269,2018-05-03,10.07,-0.89,217260.0,64911000,145422000,"[{'period': '2025', 'revenue': 911.98, 'unit': 'M', 'net_profit': 145.42}, {'period': '2024', 'revenue': 802.8, 'unit': 'M', 'net_profit': 53.51}, {'period': '2023', 'revenue': 624.8, 'unit': 'M', 'net_profit': -21.15}, {'period': '2022', 'revenue': 407.86, 'unit': 'M', 'net_profit': -44.88}]","[{'period': ""Q4 '25"", 'revenue': 269.08, 'unit': 'M', 'net_profit': 136.09}, {'period': ""Q3 '25"", 'revenue': 224.5, 'unit': 'M', 'net_profit': 9.93}, {'period': ""Q2 '25"", 'revenue': 217.09, 'unit': 'M', 'net_profit': -3.59}, {'period': ""Q1 '25"", 'revenue': 201.32, 'unit': 'M', 'net_profit': 2.99}, {'period': ""Q4 '24"", 'revenue': 239.72, 'unit': 'M', 'net_profit': 35.22}, {'period': ""Q3 '24"", 'revenue': 203.19, 'unit': 'M', 'net_profit': 18.5}]",4.95,4.89,907317000,583652000,308268000,126157000,119692000,96330000,96055000,104813000,78477000,-0.0017531718569780853,1.7177110392644228,1.7500000000000002,"[9, 9]","['2008-01-09', '2008-01-09']",__nan__,0.13904401658957122
403,INSW,International Seaways Inc. Common Stock ,"International Seaways, Inc. owns and operates a fleet of oceangoing vessels for the transportation of crude oil and petroleum products in the international flag trade. It operates in two segments, Crude Tankers and Product Carriers. As of December 31, 2021, the company owned and operated a fleet of 83 vessels, which include 12 chartered-in vessels, as well as had ownership interests in two floating storage and offloading service vessels. It serves independent and state-owned oil companies, oil traders, refinery operators, and international government entities. The company was formerly known as OSG International, Inc. and changed its name to International Seaways, Inc. in October 2016. International Seaways, Inc. was incorporated in 1999 and is headquartered in New York, New York.",Lois K. Zabrocky,Oil & Gas Midstream,71.96,USD,3556802900,https://images.financialmodelingprep.com/symbol/INSW.png,596081,2016-11-16,11.55,0.8,219144.80153,511953000,309261000,"[{'period': '2025', 'revenue': 843.3, 'unit': 'M', 'net_profit': 309.26}, {'period': '2024', 'revenue': 951.61, 'unit': 'M', 'net_profit': 416.72}, {'period': '2023', 'revenue': 1070.0, 'unit': 'M', 'net_profit': 556.45}, {'period': '2022', 'revenue': 864.66, 'unit': 'M', 'net_profit': 387.89}]","[{'period': ""Q4 '25"", 'revenue': 267.88, 'unit': 'M', 'net_profit': 127.5}, {'period': ""Q3 '25"", 'revenue': 196.39, 'unit': 'M', 'net_profit': 70.55}, {'period': ""Q2 '25"", 'revenue': 195.64, 'unit': 'M', 'net_profit': 61.65}, {'period': ""Q1 '25"", 'revenue': 183.39, 'unit': 'M', 'net_profit': 49.56}, {'period': ""Q4 '24"", 'revenue': 194.61, 'unit': 'M', 'net_profit': 35.82}, {'period': ""Q3 '24"", 'revenue': 225.19, 'unit': 'M', 'net_profit': 91.69}]",6.27,6.23,2668642000,367046000,166922000,648365000,191723000,0,98891000,116922000,38131000,-0.16726226977649025,-0.2578757163014369,-0.2588652482269505,"[2.15, 0.06]","['2026-03-20', '2020-03-16']",__nan__,0.24295690467286357
404,INT,World Fuel Services Corporation Common Stock,"World Fuel Services Corporation engages in the distribution of fuel and related products and services in the aviation, marine and land transportation industries worldwide. Its Aviation segment supplies fuel and related products and services to commercial airlines, second and third tier airlines, cargo carriers, regional and low-cost carriers, airports, fixed based operators, corporate fleets, fractional operators, private aircraft, the U.S., foreign governments, intergovernmental organizations, and military customers. This segment also offers fuel management, price risk management, ground handling, dispatch services and trip planning services, such as flight planning and scheduling, weather reports and overflight permits. Its Land segment offers fuel, heating oil, propane, natural gas, lubricants and related products and services to petroleum distributors and retail petroleum operators, as well as industrial, commercial, residential and government customers. This segment also offers management services for procuring fuel and price risk management; advisory and fulfillment solutions related to power, natural gas and other energy products; consulting, renewable fuel products, carbon management and renewable energy solutions and card payment solutions; and transaction management and commercial payment programs. Its Marine segment markets fuel, lubricants and related products and services to international container and tanker fleets, commercial cruise lines, yachts and time charter operators, offshore rig owners and operators, the U.S., foreign governments, and other fuel suppliers. Its marine fuel-related services include management services to procure fuel, cost control, quality control, and claims management services. This segment also engages in the fueling of vessels, transportation and delivery of fuel and fuel-related products. World Fuel Services Corporation was incorporated in 1984 and is headquartered in Miami, Florida.",Michael J. Kasbar,Oil & Gas Refining & Marketing,24.26,USD,1507251966,https://images.financialmodelingprep.com/symbol/INT.png,589158,1986-08-28,13.706214689265536,0.17,365108.0,-540900000,-614400000,"[{'period': '2025', 'revenue': 36920.0, 'unit': 'M', 'net_profit': -614.4}, {'period': '2024', 'revenue': 42170.0, 'unit': 'M', 'net_profit': 67.4}, {'period': '2023', 'revenue': 47710.0, 'unit': 'M', 'net_profit': 52.9}, {'period': '2022', 'revenue': 59040.0, 'unit': 'M', 'net_profit': 114.1}]","[{'period': ""Q4 '25"", 'revenue': 9030.0, 'unit': 'M', 'net_profit': -279.7}, {'period': ""Q3 '25"", 'revenue': 9390.0, 'unit': 'M', 'net_profit': 25.7}, {'period': ""Q2 '25"", 'revenue': 9040.0, 'unit': 'M', 'net_profit': -339.4}, {'period': ""Q1 '25"", 'revenue': 9450.0, 'unit': 'M', 'net_profit': -21.1}, {'period': ""Q4 '24"", 'revenue': 6970.0, 'unit': 'M', 'net_profit': -101.8}, {'period': ""Q3 '24"", 'revenue': 10490.0, 'unit': 'M', 'net_profit': 33.5}]",-10.99,-10.99,5863900000,3500500000,193500000,4556100000,2208500000,0,3310400000,193500000,227300000,-3.5683760683760686,-10.11572700296736,-10.640350877192985,"[0.14, 0.05]","['2023-06-23', '1994-06-16']",__nan__,0.7769743685942803
405,INVH,Invitation Homes Inc. Common Stock,"Invitation Homes is the nation's premier single-family home leasing company, meeting changing lifestyle demands by providing access to high-quality, updated homes with valued features such as close proximity to jobs and access to good schools. The company's mission, Together with you, we make a house a home, reflects its commitment to providing homes where individuals and families can thrive and high-touch service that continuously enhances residents' living experiences.",Dallas Tanner,REIT - Residential,24.89,USD,15258082535,https://images.financialmodelingprep.com/symbol/INVH.png,7707287,2017-02-01,25.93,0.42,871428.0,1471934000,587924000,"[{'period': '2025', 'revenue': 2730.0, 'unit': 'M', 'net_profit': 587.92}, {'period': '2024', 'revenue': 2620.0, 'unit': 'M', 'net_profit': 453.92}, {'period': '2023', 'revenue': 2430.0, 'unit': 'M', 'net_profit': 519.47}, {'period': '2022', 'revenue': 2240.0, 'unit': 'M', 'net_profit': 383.33}]","[{'period': ""Q4 '25"", 'revenue': 685.25, 'unit': 'M', 'net_profit': 144.55}, {'period': ""Q3 '25"", 'revenue': 688.17, 'unit': 'M', 'net_profit': 136.74}, {'period': ""Q2 '25"", 'revenue': 681.4, 'unit': 'M', 'net_profit': 140.89}, {'period': ""Q1 '25"", 'revenue': 674.48, 'unit': 'M', 'net_profit': 165.75}, {'period': ""Q4 '24"", 'revenue': 659.13, 'unit': 'M', 'net_profit': 143.11}, {'period': ""Q3 '24"", 'revenue': 660.32, 'unit': 'M', 'net_profit': 95.27}]",0.96,0.96,18680290000,569072000,129971000,9112398000,59947000,372655000,375350000,129971000,1206230000,-0.041560503229343626,0.2952235761163384,0.29729729729729726,"[0.3, 0.06]","['2026-03-26', '2017-05-11']",__nan__,0.48780816571905466
406,IO,Ion Geophysical Corporation Common Stock,"ION Geophysical Corporation provides data-driven decision-making to offshore energy, and ports, and defense industries worldwide. The company operates through two segments, E&P Technology & Services and Operations Optimization. The E&P Technology & Services segment creates digital data assets and delivers services to help E&P companies improve decision-making and reduce risk. This segment includes two synergistic groups, imaging and reservoir services, and ventures. The company's Imaging and Reservoir Services group provides data processing, imaging, and reservoir services that improve image quality and subsurface insights, helping E&P companies reduce exploration and production risk, evaluate and develop reservoirs, and increase production. Its Imaging and Reservoir Services group develops and applies proprietary processing algorithms through its imaging engine to data owned or licensed by its customers to translate raw data into subsurface images. The Operations Optimization segment develops mission-critical subscription offerings and provides engineering services that enable operational control and optimization offshore. This segment includes the company's Optimization Software & Services and Devices offerings. The company's Optimization Software & Services group provides survey design, command, and control software systems and related services for marine towed streamer and seabed operations. Its Devices offerings group develops intelligent equipment controlled by its software to optimize operations. The company sells its services and products through a direct sales force consisting of employees and international third-party sales representatives. ION Geophysical Corporation was formerly known as Input/Output, Inc. and changed its name to ION Geophysical Corporation in 2007. The company was founded in 1968 and is headquartered in Houston, Texas. On April 12, 2022, ION Geophysical Corporation along with its affiliates, filed a voluntary petition for reorganization under Chapter 11 in the U.S. Bankruptcy Court for the Southern District of Texas.",Christopher Usher,Oil & Gas Equipment & Services,0.345,USD,0,https://images.financialmodelingprep.com/symbol/IO.png,5557584,1991-04-01,0.0,0.0,904581.0,18605000,-37112000,"[{'period': '2020', 'revenue': 122.67, 'unit': 'M', 'net_profit': -37.11}, {'period': '2019', 'revenue': 174.68, 'unit': 'M', 'net_profit': -47.21}, {'period': '2018', 'revenue': 180.04, 'unit': 'M', 'net_profit': -70.4}, {'period': '2017', 'revenue': 197.55, 'unit': 'M', 'net_profit': -29.38}]","[{'period': ""Q3 '21"", 'revenue': 44390.0, 'unit': 'K', 'net_profit': -440.0}, {'period': ""Q2 '21"", 'revenue': 19.71, 'unit': 'M', 'net_profit': -23.53}, {'period': ""Q1 '21"", 'revenue': 14.04, 'unit': 'M', 'net_profit': -7.25}, {'period': ""Q4 '20"", 'revenue': 27.3, 'unit': 'M', 'net_profit': -13.19}, {'period': ""Q3 '20"", 'revenue': 16.23, 'unit': 'M', 'net_profit': -16.41}, {'period': ""Q2 '20"", 'revenue': 22.73, 'unit': 'M', 'net_profit': -5.17}]",-2.6,-2.6,193593000,75176000,37486000,264683000,19307000,0,226089000,37486000,-19209000,0.08661371335124401,0.21396196043546406,0.22155688622754485,__nan__,__nan__,__nan__,1.3672136905776553
407,IP,International Paper Company Common Stock,"International Paper Company operates as a packaging company primarily in United States, the Middle East, Europe, Africa, Pacific Rim, Asia, and rest of the Americas. It operates through two segments: Industrial Packaging and Global Cellulose Fibers. The Industrial Packaging segment manufactures containerboards, including linerboard, medium, whitetop, recycled linerboard, recycled medium, and saturating kraft. The Global Cellulose Fibers segment provides fluff, market, and specialty pulps that are used in absorbent hygiene products, such as baby diapers, feminine care, adult incontinence, and other non-woven products; tissue and paper products; and non-absorbent end applications, including textiles, filtration, construction material, paints and coatings, reinforced plastics, and other applications. It sells its products directly to end users and converters, as well as through agents, resellers, and paper distributors. The company was founded in 1898 and is headquartered in Memphis, Tennessee.",Andrew K. Silvernail,Packaging & Containers,35.6588,USD,18880229177,https://images.financialmodelingprep.com/symbol/IP.png,6763827,1970-01-02,-6.36,0.22,1956480.0,-138000000,-3516000000,"[{'period': '2025', 'revenue': 24.9, 'unit': 'B', 'net_profit': -3.52}, {'period': '2024', 'revenue': 18620.0, 'unit': 'M', 'net_profit': 557.0}, {'period': '2023', 'revenue': 18920.0, 'unit': 'M', 'net_profit': 302.0}, {'period': '2022', 'revenue': 21.16, 'unit': 'B', 'net_profit': 1.5}]","[{'period': ""Q4 '25"", 'revenue': 6.01, 'unit': 'B', 'net_profit': -2.38}, {'period': ""Q3 '25"", 'revenue': 6.22, 'unit': 'B', 'net_profit': -1.1}, {'period': ""Q2 '25"", 'revenue': 6770.0, 'unit': 'M', 'net_profit': 75.0}, {'period': ""Q1 '25"", 'revenue': 5900.0, 'unit': 'M', 'net_profit': -105.0}, {'period': ""Q4 '24"", 'revenue': 4580.0, 'unit': 'M', 'net_profit': -147.0}, {'period': ""Q3 '24"", 'revenue': 4690.0, 'unit': 'M', 'net_profit': 150.0}]",-6.71,-6.71,37964000000,10106000000,1145000000,23137000000,4426000000,0,7899000000,1145000000,-159000000,-1.073326248671626,-7.312387791741473,-5.19375,"[0.4625, 0.375]","['2026-02-23', '1970-02-16']",__nan__,0.6094457907491307
408,IPG,Interpublic Group of Companies Inc. (The) Common Stock,"The Interpublic Group of Companies, Inc. provides advertising and marketing services worldwide. It operates in two segments, Integrated Agency Networks (IAN) and IPG DXTRA. The company offers consumer advertising, digital marketing, communications planning and media buying, public relations, and specialized communications disciplines, as well as data science services. It also provides various diversified services, including meeting and event production, sports and entertainment marketing, corporate and brand identity, and strategic marketing consulting. The company was formerly known as McCann-Erickson Incorporated and changed its name to The Interpublic Group of Companies, Inc. in January 1961. The Interpublic Group of Companies, Inc. was founded in 1902 and is headquartered in New York, New York.",Philippe Krakowsky,Advertising Agencies,24.57,USD,8927760777,https://images.financialmodelingprep.com/symbol/IPG.png,7971173,1980-03-17,16.828767123287673,-0.49,82041369.0,1537900000,689500000,"[{'period': '2024', 'revenue': 10690.0, 'unit': 'M', 'net_profit': 689.5}, {'period': '2023', 'revenue': 10.89, 'unit': 'B', 'net_profit': 1.1}, {'period': '2022', 'revenue': 10930.0, 'unit': 'M', 'net_profit': 938.0}, {'period': '2021', 'revenue': 10240.0, 'unit': 'M', 'net_profit': 952.8}]","[{'period': ""Q3 '25"", 'revenue': 2490.0, 'unit': 'M', 'net_profit': 130.0}, {'period': ""Q2 '25"", 'revenue': 2540.0, 'unit': 'M', 'net_profit': 162.5}, {'period': ""Q1 '25"", 'revenue': 2320.0, 'unit': 'M', 'net_profit': -85.4}, {'period': ""Q4 '24"", 'revenue': 2860.0, 'unit': 'M', 'net_profit': 344.5}, {'period': ""Q3 '24"", 'revenue': 2630.0, 'unit': 'M', 'net_profit': 20.1}, {'period': ""Q2 '24"", 'revenue': 2710.0, 'unit': 'M', 'net_profit': 214.5}]",1.84,1.83,18325800000,10606000000,2187100000,14415700000,7738100000,0,9758000000,2187100000,913400000,-0.1896833342114969,-0.37226875455207575,-0.3566433566433566,"[0.33, 0.15]","['2025-09-02', '1987-02-23']",__nan__,0.7866341442119853
409,IPI,Intrepid Potash Inc Common Stock,"Intrepid Potash, Inc., together with its subsidiaries, engages in the extraction and production of the potash in the United States and internationally. It operates through three segments: Potash, Trio, and Oilfield Solutions. The Potash segment offers muriate of potash or potassium chloride for use as a fertilizer input in the agricultural market; as a component in drilling and fracturing fluids for oil and gas wells, as well as an input to other industrial processes in the industrial market; and as a nutrient supplement in the animal feed market. The Trio segment provides Trio, a specialty fertilizer that delivers potassium, sulfate, and magnesium in a single particle. The Oilfield Solutions segment sells water for use in the oil and gas services industry; and offers potassium chloride real-time mixing services on location for hydraulic fracturing operations and trucking services. The company also offers salt for use in animal feeds, industrial applications, pool salts, and treatment of roads and walkways for ice melting or to manage road conditions; magnesium chloride for use in the deicing and dedusting of roads; brines for well development and completion activities in the oil and gas industry; and metal recovery salt, a combination of potash and salt to enhance the recovery of aluminum in the aluminum recycling processing facilities. Intrepid Potash, Inc. was founded in 2000 and is based in Denver, Colorado.",Kevin S. Crutchfield,Agricultural Inputs,45.295,USD,607266124,https://images.financialmodelingprep.com/symbol/IPI.png,275122,2008-04-22,53.29,-1.225,201582.0,58680000,11185000,"[{'period': '2025', 'revenue': 298.33, 'unit': 'M', 'net_profit': 11.19}, {'period': '2024', 'revenue': 254.69, 'unit': 'M', 'net_profit': -212.84}, {'period': '2023', 'revenue': 279.08, 'unit': 'M', 'net_profit': -35.67}, {'period': '2022', 'revenue': 337.57, 'unit': 'M', 'net_profit': 72.22}]","[{'period': ""Q4 '25"", 'revenue': 75880.0, 'unit': 'K', 'net_profit': -429.0}, {'period': ""Q3 '25"", 'revenue': 53.22, 'unit': 'M', 'net_profit': 3.75}, {'period': ""Q2 '25"", 'revenue': 71.47, 'unit': 'M', 'net_profit': 3.26}, {'period': ""Q1 '25"", 'revenue': 97.76, 'unit': 'M', 'net_profit': 4.61}, {'period': ""Q4 '24"", 'revenue': 55.8, 'unit': 'M', 'net_profit': -207.05}, {'period': ""Q3 '24"", 'revenue': 57.55, 'unit': 'M', 'net_profit': -1.83}]",0.86,0.85,632179000,235132000,83537000,140750000,33935000,179000,53655000,83537000,25540000,2.128098512713897,1.0525499776832907,1.0520266182698124,"[0.75, 0.75]","['2012-12-13', '2012-12-13']",__nan__,0.2226426376073865
410,IPOD,Social Capital Hedosophia Holdings Corp. IV Class A Ordinary Shares,"Dune Acquisition Corporation II focuses on effecting a merger, amalgamation, share exchange, asset acquisition, share purchase, reorganization or similar business combination with one or more businesses. It focuses on software as a service, artificial intelligence, medtech, asset management, and consultancy sectors. The company was incorporated in 2024 and is based in West Palm Beach, Florida.",Elliot Richmond,Shell Companies,10.32,USD,149462630,https://images.financialmodelingprep.com/symbol/IPOD.png,6642,2025-06-12,46.91,0.005,58230.0,-451915,3349485,"[{'period': '2025', 'revenue': 0.0, 'unit': 'M', 'net_profit': 3.35}, {'period': '2021', 'revenue': 0.0, 'unit': 'M', 'net_profit': 52.39}, {'period': '2020', 'revenue': 0.0, 'unit': 'K', 'net_profit': -257.0}]","[{'period': ""Q4 '25"", 'revenue': 0.0, 'unit': 'M', 'net_profit': 1.3}, {'period': ""Q3 '25"", 'revenue': 0.0, 'unit': 'M', 'net_profit': 1.34}, {'period': ""Q2 '25"", 'revenue': 0.0, 'unit': 'K', 'net_profit': 761.02}, {'period': ""Q1 '25"", 'revenue': 0.0, 'unit': 'K', 'net_profit': -48.09}, {'period': ""Q4 '24"", 'revenue': 0.0, 'unit': 'K', 'net_profit': -36.7}, {'period': ""Q2 '22"", 'revenue': 0.0, 'unit': 'M', 'net_profit': 17.24}]",0.22,0.22,148297791,387016,365751,5847477,0,0,97477,365751,-429113,0,0.0,0.0,__nan__,__nan__,__nan__,0.039430641283119315
411,IPOE,Social Capital Hedosophia Holdings Corp. V Class A Ordinary Shares,,,,,,,,,,0.0,,,-646393,-646393,"[{'period': '2020', 'revenue': 0.0, 'unit': 'K', 'net_profit': -646.39}]","[{'period': ""Q2 '21"", 'revenue': 231.27, 'unit': 'K', 'net_profit': -165.31}, {'period': ""Q4 '20"", 'revenue': 0.0, 'unit': 'K', 'net_profit': -646.39}, {'period': ""Q3 '20"", 'revenue': 0.0, 'unit': 'K', 'net_profit': -5.0}]",-0.0064,-0.0064,806077995,1060777,805276932,28358450,0,0,183450,259714,,0,0.0,0.0,__nan__,__nan__,__nan__,0.03518077676838207
412,IPOF,Social Capital Hedosophia Holdings Corp. VI Class A Ordinary Shares,"Social Capital Hedosophia Holdings Corp. VI does not have significant operations. It intends to effect a merger, share exchange, asset acquisition, share purchase, reorganization, or similar business combination with one or more businesses in the technology industries. The company was incorporated in 2020 and is based in Menlo Park, California.",Chamath Palihapitiya,Shell Companies,10.03,USD,0,https://images.financialmodelingprep.com/symbol/IPOF.png,2591883,2020-11-30,23.325581395348838,0.0,987316.0,48497000,100739000,"[{'period': '2021', 'revenue': 0.0, 'unit': 'M', 'net_profit': 100.74}, {'period': '2020', 'revenue': 0.0, 'unit': 'K', 'net_profit': -385.0}]","[{'period': ""Q2 '22"", 'revenue': 0.0, 'unit': 'M', 'net_profit': 61.86}, {'period': ""Q1 '22"", 'revenue': 0.0, 'unit': 'M', 'net_profit': 57.63}, {'period': ""Q4 '21"", 'revenue': 0.0, 'unit': 'M', 'net_profit': -7.95}, {'period': ""Q3 '21"", 'revenue': 0.0, 'unit': 'M', 'net_profit': 5.83}, {'period': ""Q2 '21"", 'revenue': 0.0, 'unit': 'M', 'net_profit': 20.54}, {'period': ""Q1 '21"", 'revenue': 0.0, 'unit': 'M', 'net_profit': 25.07}]",0.7,0.7,1150611328,471731,37298,121328526,0,0,3168526,37298,-1136511,126.96623376623377,262.65974025974026,260.25925925925924,__nan__,__nan__,__nan__,0.10544701155593003
413,IPVA,InterPrivate II Acquisition Corp. Class A Common Stock,"As of December 9, 2022, InterPrivate II Acquisition Corp. was acquired by Getaround, Inc., in a reverse merger transaction. InterPrivate II Acquisition Corp. does not have significant operations. The company focuses on effecting a merger, capital stock exchange, asset acquisition, stock purchase, recapitalization, reorganization, or similar business combination with one or more businesses. It intends to focus on businesses in the auto-tech and mobility, business services, consumer, retail, e-commerce, industrial technology sectors. The company was incorporated in 2020 and is based in New York, New York.",Ahmed Mohamed Fattouh,Shell Companies,8.815,USD,811738090,https://images.financialmodelingprep.com/symbol/IPVA.png,90894,,440.75,0.015,8671.0,-100174000,-113946000,"[{'period': '2023', 'revenue': 72.68, 'unit': 'M', 'net_profit': -113.95}, {'period': '2022', 'revenue': 59.45, 'unit': 'M', 'net_profit': -136.06}, {'period': '2021', 'revenue': 0.0, 'unit': 'M', 'net_profit': -3.05}]","[{'period': ""Q3 '24"", 'revenue': 22.39, 'unit': 'M', 'net_profit': -15.52}, {'period': ""Q2 '24"", 'revenue': 18.58, 'unit': 'M', 'net_profit': -12.03}, {'period': ""Q1 '24"", 'revenue': 17.16, 'unit': 'M', 'net_profit': -30.96}, {'period': ""Q4 '23"", 'revenue': 18.74, 'unit': 'M', 'net_profit': -33.53}, {'period': ""Q3 '23"", 'revenue': 23.8, 'unit': 'M', 'net_profit': -27.35}, {'period': ""Q2 '23"", 'revenue': 18.62, 'unit': 'M', 'net_profit': -30.27}]",-1.23,-1.23,205419000,74511000,64294000,135919000,533000,0,56944000,64294000,-134786000,0.28824879390094,0.16256201080366,0.754,__nan__,__nan__,__nan__,0.6616671291360585
414,IPVF,InterPrivate III Financial Partners Inc. Class A Common Stock,"InterPrivate III Financial Partners Inc. does not have significant operations. The company intends to effect a merger, capital stock exchange, asset acquisition, stock purchase, reorganization or other similar business combination with one or more businesses. It focuses on the businesses in the financial services industry. The company was formerly known as InterPrivate II Financial Holdings Corp. and changed its name to InterPrivate III Financial Partners Inc. in January 6, 2021. InterPrivate III Financial Partners Inc. was incorporated in 2020 and is based in New York, New York.",Ahmed Mohamed Fattouh,Shell Companies,11.1,USD,86810658,https://images.financialmodelingprep.com/symbol/IPVF.png,3051,2021-04-26,-58.421052631578945,0.23,5715.0,-3453723,7892293,"[{'period': '2022', 'revenue': 0.0, 'unit': 'M', 'net_profit': 7.89}, {'period': '2021', 'revenue': 0.0, 'unit': 'M', 'net_profit': -1.01}]","[{'period': ""Q3 '23"", 'revenue': 0.0, 'unit': 'K', 'net_profit': -213.38}, {'period': ""Q2 '23"", 'revenue': 0.0, 'unit': 'K', 'net_profit': -720.47}, {'period': ""Q1 '23"", 'revenue': 0.0, 'unit': 'K', 'net_profit': -988.87}, {'period': ""Q4 '22"", 'revenue': 0.0, 'unit': 'K', 'net_profit': 846.1}, {'period': ""Q3 '22"", 'revenue': 0.0, 'unit': 'M', 'net_profit': 8.17}, {'period': ""Q2 '22"", 'revenue': 0.0, 'unit': 'K', 'net_profit': -471.57}]",1.07,0.24,37340678,7634888,7592144,12008699,0,0,11960419,7592144,5401631,-3.0165781452247846,8.806800725257704,30.639889196675902,__nan__,__nan__,__nan__,0.32159831163215624
415,IQI,Invesco Quality Municipal Income Trust Common Stock,"Invesco Quality Municipal Income Trust is a closed-ended fixed income mutual fund launched by Invesco Ltd. The fund is co-managed by Invesco Advisers, Inc., INVESCO Asset Management Deutschland GmbH, INVESCO Asset Management Limited, INVESCO Asset Management (Japan) Limited, Invesco Hong Kong Limited, INVESCO Senior Secured Management, Inc., and Invesco Canada Ltd. It invests in the fixed income markets of the United States. The fund primarily invests in investment grade municipal securities which include municipal bonds, municipal notes, and municipal commercial paper. It employs fundamental analysis with bottom-up security selection approach to create its portfolio. The fund was previously known as Morgan Stanley Quality Municipal Income Trust. Invesco Quality Municipal Income Trust was formed on September 29, 1992 and is domiciled in the United States.",Russell C. Burk,Asset Management - Income,9.405,USD,497372111,https://images.financialmodelingprep.com/symbol/IQI.png,131874,1992-09-22,-18.09,0.02500004,162104.0,19930219,19930219,"[{'period': '2024', 'revenue': 32.33, 'unit': 'M', 'net_profit': 19.93}, {'period': '2023', 'revenue': 45.14, 'unit': 'M', 'net_profit': 44.74}, {'period': '2022', 'revenue': -87.4, 'unit': 'M', 'net_profit': -87.81}, {'period': '2021', 'revenue': -4.14, 'unit': 'M', 'net_profit': -4.55}]","[{'period': ""Q2 '25"", 'revenue': 17.01, 'unit': 'M', 'net_profit': -32.19}, {'period': ""Q4 '24"", 'revenue': 12.94, 'unit': 'M', 'net_profit': 4.45}, {'period': ""Q2 '24"", 'revenue': 19.39, 'unit': 'M', 'net_profit': 15.48}, {'period': ""Q4 '23"", 'revenue': 20.09, 'unit': 'M', 'net_profit': 36.87}, {'period': ""Q2 '23"", 'revenue': 17.39, 'unit': 'M', 'net_profit': 7.87}, {'period': ""Q4 '22"", 'revenue': 20.86, 'unit': 'M', 'net_profit': -8.52}]",0.3769,0.3769,839463945,8932491,1116692,268704515,7815799,0,1518858,1116692,51696700,-0.6532974796186648,-0.5545175857335791,-0.5565882352941176,"[0.0631, 0.0825]","['2026-03-16', '1992-12-07']",__nan__,0.32009059662473055
416,IQV,IQVIA Holdings Inc. Common Stock,"IQVIA Holdings Inc. provides advanced analytics, technology solutions, and clinical research services to the life sciences industry in the Americas, Europe, Africa, and the Asia-Pacific. It operates through three segments: Technology & Analytics Solutions, Research & Development Solutions, and Contract Sales & Medical Solutions. The Technology & Analytics Solutions segment offers a range of cloud-based applications and related implementation services; real world solutions that enable life sciences and provider customers to generate and disseminate evidence, which informs health care decision making and improves patients' outcomes; and strategic and implementation consulting services, such as advanced analytics and commercial processes outsourcing services. This segment also provides country level performance metrics related to sales of pharmaceutical products, prescribing trends, medical treatment, and promotional activity across various channels, including retail, hospital, and mail order; and measurement of sales or prescribing activity at the regional, zip code, and individual prescriber level. The Research & Development Solutions segment offers project management and clinical monitoring; clinical trial support; virtual trials; and strategic planning and design services, as well as central laboratory, genomic, bioanalytical, ADME, discovery, and vaccine and biomarker laboratory services. The Contract Sales & Medical Solutions segment provides health care provider and patient engagement services, and scientific strategy and medical affairs services. It serves pharmaceutical, biotechnology, device and diagnostic, and consumer health companies. The company has a strategic collaboration with HealthCore, Inc. The company was formerly known as Quintiles IMS Holdings, Inc. and changed its name to IQVIA Holdings Inc. in November 2017. IQVIA Holdings Inc. was founded in 1982 and is headquartered in Durham, North Carolina.",Ari Bousbib,Medical - Diagnostics & Research,166.72,USD,28292384000,https://images.financialmodelingprep.com/symbol/IQV.png,2042408,2013-05-09,21.29,2.87,269842.0,3464000000,1360000000,"[{'period': '2025', 'revenue': 16.31, 'unit': 'B', 'net_profit': 1.36}, {'period': '2024', 'revenue': 15.4, 'unit': 'B', 'net_profit': 1.37}, {'period': '2023', 'revenue': 14.98, 'unit': 'B', 'net_profit': 1.36}, {'period': '2022', 'revenue': 14.41, 'unit': 'B', 'net_profit': 1.09}]","[{'period': ""Q4 '25"", 'revenue': 4360.0, 'unit': 'M', 'net_profit': 514.0}, {'period': ""Q3 '25"", 'revenue': 4100.0, 'unit': 'M', 'net_profit': 331.0}, {'period': ""Q2 '25"", 'revenue': 4019.9999999999995, 'unit': 'M', 'net_profit': 266.0}, {'period': ""Q1 '25"", 'revenue': 3830.0, 'unit': 'M', 'net_profit': 249.0}, {'period': ""Q4 '24"", 'revenue': 3960.0, 'unit': 'M', 'net_profit': 437.0}, {'period': ""Q3 '24"", 'revenue': 3900.0, 'unit': 'M', 'net_profit': 285.0}]",7.91,7.84,29944000000,6249000000,2141000000,23314000000,3427000000,432000000,8338000000,1980000000,2051000000,0.003185635679119606,-0.009468317552804079,0.04491413474240421,__nan__,__nan__,__nan__,0.7785866951643067
417,IR,Ingersoll Rand Inc. Common Stock,"Ingersoll Rand Inc. provides various mission-critical air, fluid, energy, specialty vehicle and medical technologies in the United States, Europe, the Middle East, Africa, and the Asia Pacific. It operates through two segments, Industrial Technologies and Services, and Precision and Science Technologies. The Industrial Technologies and Services segment designs, manufactures, markets, and services various air and gas compression, vacuum, and blower products; fluid transfer equipment and loading systems; and power tools and lifting equipment, including associated aftermarket parts, consumables, air treatment equipment, controls, other accessories, and services. The Precision and Science Technologies segment designs, manufactures, and markets a range of specialized positive displacement pumps, fluid management systems, accessories and aftermarket parts for liquid and gas dosing, transfer, dispensing, compression, sampling, pressure management and flow control in specialized or critical applications. The company's products are used in medical, laboratory, industrial manufacturing, water and wastewater, chemical processing, precision irrigation, energy, food and beverage, agriculture, and vacuum and automated liquid handling end-markets, as well as various manufacturing and industrial facilities applications. It sells through an integrated network of direct sales representatives and independent distributors under the Ingersoll Rand, Gardner Denver, Club Car, CompAir, Nash, Elmo Rietschle, Robuschi, Thomas, Milton Roy, Seepex, ARO, Emco Wheaton, Runtech Systems, Air Dimensions, Albin, Dosatron, Haskel, LMI, Maximus, MP, Oberdorfer, Welch, Williams, Zinnser Analytic, and YZ brands. The company was formerly known as Gardner Denver Holdings, Inc. and changed its name to Ingersoll Rand Inc. in March 2020. Ingersoll Rand Inc. was founded in 1859 and is headquartered in Davidson, North Carolina.",Vicente Reynal,Industrial - Machinery,78.75,USD,31114943449,https://images.financialmodelingprep.com/symbol/IR.png,3752876,2017-05-12,54.31,-0.7,778655.0,1923800000,581400000,"[{'period': '2025', 'revenue': 7650.0, 'unit': 'M', 'net_profit': 581.4}, {'period': '2024', 'revenue': 7240.0, 'unit': 'M', 'net_profit': 838.6}, {'period': '2023', 'revenue': 6880.0, 'unit': 'M', 'net_profit': 778.7}, {'period': '2022', 'revenue': 5920.0, 'unit': 'M', 'net_profit': 604.7}]","[{'period': ""Q4 '25"", 'revenue': 2090.0, 'unit': 'M', 'net_profit': 266.1}, {'period': ""Q3 '25"", 'revenue': 1960.0, 'unit': 'M', 'net_profit': 244.1}, {'period': ""Q2 '25"", 'revenue': 1890.0, 'unit': 'M', 'net_profit': -115.3}, {'period': ""Q1 '25"", 'revenue': 1720.0, 'unit': 'M', 'net_profit': 186.5}, {'period': ""Q4 '24"", 'revenue': 1900.0, 'unit': 'M', 'net_profit': 229.8}, {'period': ""Q3 '24"", 'revenue': 1860.0, 'unit': 'M', 'net_profit': 221.6}]",1.46,1.45,18297200000,4248000000,1248800000,8143200000,1518000000,0,2066300000,1248800000,1220100000,0.05240700218818381,-0.3067016455998092,-0.29807692307692313,"[0.02, 0.4]","['2026-03-04', '2017-06-07']",__nan__,0.44505170189974425
418,IRL,New Ireland Fund Inc (The) Common Stock,"The New Ireland Fund, Inc. is a close-ended balanced mutual fund launched by Bank of Ireland Asset Management (U.S.) Limited. It is managed by Kleinwort Benson Investors International Ltd. The fund invests in the public equity and fixed income markets of the Ireland. It seeks to invest in growth stocks of companies operating across diversified sectors. The fund benchmarks the performance of its portfolio against the ISEQ Index. It was formerly known as Irish Investment Fund Inc. The New Ireland Fund, Inc. was formed on December 14, 1989 and is domiciled in the United States.",Sean Michael Hawkshaw,Asset Management,10.41,USD,37756851,https://images.financialmodelingprep.com/symbol/IRL.png,24930,2009-01-01,-2.508433734939759,-0.0093,24930.0,0,-15042424,"[{'period': '2022', 'revenue': -14.05, 'unit': 'M', 'net_profit': -15.04}, {'period': '2021', 'revenue': 23.18, 'unit': 'M', 'net_profit': 22.53}, {'period': '2020', 'revenue': -0.87238, 'unit': 'M', 'net_profit': -1.56}, {'period': '2019', 'revenue': 3.0, 'unit': 'M', 'net_profit': 2.23}]",[],-4.13,-4.13,31898926,910640,698867,0,211773,30970414,0,698867,,0,-1.6676288915293853,-1.9017467248908297,"[0.2003, 0.33]","['2022-12-22', '1990-12-24']",__nan__,0.0
419,IRM,Iron Mountain Incorporated (Delaware)Common Stock REIT,"Iron Mountain Incorporated (NYSE: IRM), founded in 1951, is the global leader for storage and information management services. Trusted by more than 225,000 organizations around the world, and with a real estate network of more than 90 million square feet across approximately 1,450 facilities in approximately 50 countries, Iron Mountain stores and protects billions of valued assets, including critical business information, highly sensitive data, and cultural and historical artifacts. Providing solutions that include secure records storage, information management, digital transformation, secure destruction, as well as data centers, cloud services and art storage and logistics, Iron Mountain helps customers lower cost and risk, comply with regulations, recover from disaster, and enable a more digital way of working.",William L. Meaney,REIT - Specialty,99.63,USD,29474041050,https://images.financialmodelingprep.com/symbol/IRM.png,1896423,1996-02-01,203.33,1.33,243672.05743,2083686295,144591000,"[{'period': '2025', 'revenue': 6900.0, 'unit': 'M', 'net_profit': 144.59}, {'period': '2024', 'revenue': 6150.0, 'unit': 'M', 'net_profit': 180.16}, {'period': '2023', 'revenue': 5480.0, 'unit': 'M', 'net_profit': 184.23}, {'period': '2022', 'revenue': 5100.0, 'unit': 'M', 'net_profit': 556.98}]","[{'period': ""Q4 '25"", 'revenue': 1840.0, 'unit': 'M', 'net_profit': 89.27}, {'period': ""Q3 '25"", 'revenue': 1750.0, 'unit': 'M', 'net_profit': 84.29}, {'period': ""Q2 '25"", 'revenue': 1710.0, 'unit': 'M', 'net_profit': -44.92}, {'period': ""Q1 '25"", 'revenue': 1590.0, 'unit': 'M', 'net_profit': 15.95}, {'period': ""Q4 '24"", 'revenue': 1580.0, 'unit': 'M', 'net_profit': 103.93}, {'period': ""Q3 '24"", 'revenue': 1560.0, 'unit': 'M', 'net_profit': -33.62}]",0.49,0.49,21125019000,1934983000,158535000,21769927000,1443669000,0,2619496000,158535000,-931629000,0.09250592474835549,-0.19741224272297342,-0.19672131147540983,"[0.864, 0.0625]","['2026-03-16', '2010-03-23']",__nan__,1.0305281618918307
420,IRR,Voya Natural Resources Equity Income Fund Common Shares of Beneficial Interest,,,,,,,,,,,,,-3329095,-3329095,"[{'period': '2021', 'revenue': -3.19, 'unit': 'M', 'net_profit': -3.33}, {'period': '2020', 'revenue': -16.75, 'unit': 'M', 'net_profit': -16.95}, {'period': '2019', 'revenue': -8.98, 'unit': 'M', 'net_profit': -9.23}, {'period': '2018', 'revenue': -5.6, 'unit': 'M', 'net_profit': -5.77}]",[],-0.15,-0.15,75354167,410731,1694,5025771,409037,74931914,58880,1694,,0.8036092162638548,0.8036427390731836,0.7999999999999999,__nan__,__nan__,__nan__,0.06669532953632146
421,IRS,IRSA Inversiones Y Representaciones S.A. Common Stock,"IRSA Inversiones y Representaciones Sociedad Anónima engages in the diversified real estate activities in Argentina. The company is involved in the acquisition, development, and operation of shopping malls, office buildings, and other non-shopping mall properties primarily for rental purposes. It also develops and sells residential properties; acquires and operates luxury hotels; and acquires undeveloped land reserves for future development or sale. The company was incorporated in 1943 and is headquartered in Buenos Aires, Argentina. IRSA Inversiones y Representaciones Sociedad Anónima is a subsidiary of Cresud Sociedad Anónima Comercial.",Eduardo Sergio Elsztain,Conglomerates,15.22,USD,1176409749,https://images.financialmodelingprep.com/symbol/IRS.png,173840,1994-12-20,3.53,0.08,50784.0,212820000000,109569000000,"[{'period': '2025', 'revenue': 490.53, 'unit': 'B', 'net_profit': 109.57}, {'period': '2024', 'revenue': 458.06, 'unit': 'B', 'net_profit': -40.61}, {'period': '2023', 'revenue': 462.49, 'unit': 'B', 'net_profit': 312.05}, {'period': '2022', 'revenue': 256.98, 'unit': 'B', 'net_profit': 276.74}]","[{'period': ""Q2 '26"", 'revenue': 152.67, 'unit': 'B', 'net_profit': 69.55}, {'period': ""Q1 '26"", 'revenue': 129.26, 'unit': 'B', 'net_profit': 153.85}, {'period': ""Q4 '25"", 'revenue': 115.05, 'unit': 'B', 'net_profit': 74.36}, {'period': ""Q3 '25"", 'revenue': 105.71, 'unit': 'B', 'net_profit': 76.6}, {'period': ""Q2 '25"", 'revenue': 151.35, 'unit': 'B', 'net_profit': 97.81}, {'period': ""Q1 '25"", 'revenue': 118.41, 'unit': 'B', 'net_profit': -139.2}]",21140.0,18515.0,2501806000000,271335000000,186063000000,1265266000000,83736000000,184955000000,380247000000,36659000000,280191572551.0475,5.593171321275953,3.698278621912478,54.846153846153854,"[1.39511, 0.91997]","['2025-11-24', '1995-11-27']",__nan__,0.5057410526635558
422,IRT,Independence Realty Trust Inc. Common Stock,"Independence Realty Trust, Inc. (NYSE: IRT) is a real estate investment trust that owns and operates multifamily apartment properties across non-gateway U.S. markets, including Atlanta, Louisville, Memphis, and Raleigh. IRT's investment strategy is focused on gaining scale within key amenity rich submarkets that offer good school districts, high-quality retail and major employment centers. IRT aims to provide stockholders attractive risk-adjusted returns through diligent portfolio management, strong operational performance, and a consistent return on capital through distributions and capital appreciation.",Scott F. Schaeffer,REIT - Residential,15.015,USD,3562759200,https://images.financialmodelingprep.com/symbol/IRT.png,2767335,2013-08-13,62.56,0.255,222853.0,379946000,56558000,"[{'period': '2025', 'revenue': 657.7, 'unit': 'M', 'net_profit': 56.56}, {'period': '2024', 'revenue': 640.03, 'unit': 'M', 'net_profit': 39.29}, {'period': '2023', 'revenue': 660.98, 'unit': 'M', 'net_profit': -17.23}, {'period': '2022', 'revenue': 628.52, 'unit': 'M', 'net_profit': 117.25}]","[{'period': ""Q4 '25"", 'revenue': 167.13, 'unit': 'M', 'net_profit': 33.27}, {'period': ""Q3 '25"", 'revenue': 167.14, 'unit': 'M', 'net_profit': 6.89}, {'period': ""Q2 '25"", 'revenue': 162.19, 'unit': 'M', 'net_profit': 8.05}, {'period': ""Q1 '25"", 'revenue': 161.24, 'unit': 'M', 'net_profit': 8.35}, {'period': ""Q4 '24"", 'revenue': 161.31, 'unit': 'M', 'net_profit': -1.0}, {'period': ""Q3 '24"", 'revenue': 160.13, 'unit': 'M', 'net_profit': 12.37}]",0.24,0.24,6021750000,47622000,47622000,2432324000,0,5788863000,929531000,47622000,146524000,0.0846953428552668,0.4394645084115955,0.4117647058823528,"[0.17, 0.05333]","['2026-03-27', '2013-08-30']",__nan__,0.4039231120521443
423,ISD,PGIM High Yield Bond Fund Inc.,"Prudential Short Duration High Yield Fund, Inc. is a close ended fixed income mutual fund launched and managed by Prudential Investments LLC. The fund is co-managed by Prudential Investment Management, Inc. It invests in the fixed income markets of the United States. The fund primarily invests in a diversified portfolio of high yield fixed income instruments that are rated below investment grade (Ba1 or lower by Moody's Investors Service, Inc. or BB+ or lower by Standard & Poor's Ratings Services). It seeks to invest in securities across all maturities, while attempting to maintain a weighted average portfolio duration of three years or less. The fund employs fundamental analysis to make its investments. It does not invest in municipal debt obligations, asset backed securities, or mortgage backed securities. Prudential Short Duration High Yield Fund, Inc. was formed on April 30, 2012 and is domiciled in the United States.",Stuart Sherman Parker,Asset Management - Bonds,12.6648,USD,421685458,https://images.financialmodelingprep.com/symbol/ISD.png,85538,2012-04-27,9.18,0.0648,50223.0,50973929,45672450,"[{'period': '2025', 'revenue': 26.28, 'unit': 'M', 'net_profit': 45.67}, {'period': '2024', 'revenue': 49.16, 'unit': 'M', 'net_profit': 48.79}, {'period': '2023', 'revenue': 20.38, 'unit': 'M', 'net_profit': 20.01}, {'period': '2022', 'revenue': -49.93, 'unit': 'M', 'net_profit': -50.41}]","[{'period': ""Q4 '25"", 'revenue': 16.58, 'unit': 'M', 'net_profit': 20.57}, {'period': ""Q2 '25"", 'revenue': 9.7, 'unit': 'M', 'net_profit': 25.1}, {'period': ""Q4 '24"", 'revenue': 19.42, 'unit': 'M', 'net_profit': 24.16}, {'period': ""Q2 '24"", 'revenue': 4.6, 'unit': 'M', 'net_profit': 24.62}, {'period': ""Q4 '23"", 'revenue': 18.5, 'unit': 'M', 'net_profit': 12.84}, {'period': ""Q2 '23"", 'revenue': 20.61, 'unit': 'M', 'net_profit': 7.17}]",1.37,1.37,478494925,8594125,22133130,8844020,8506924,3555874,8070725,87201,31855020,-0.0986213169795019,-0.06380258236009657,-0.06802721088435365,"[0.105, 0.1225]","['2026-05-14', '2012-06-18']",__nan__,0.01848299644975336
424,ISOS,Isos Acquisition Corporation Class A Ordinary Shares,,,,,,,,,,,,,,,[],"[{'period': ""Q3 '21"", 'revenue': 0.0, 'unit': '', 'net_profit': 0.0}, {'period': ""Q2 '21"", 'revenue': 0.0, 'unit': 'M', 'net_profit': 2.8}]",,,47500,0,0,27500,0,0,27500,0,,,,,__nan__,__nan__,__nan__,0.5789473684210527
425,IT,Gartner Inc. Common Stock,"Gartner, Inc. operates as a research and advisory company in the United States, Canada, Europe, the Middle East, Africa, and internationally. It operates through three segments: Research, Conferences, and Consulting. The Research segment delivers its research primarily through a subscription service that include on-demand access to published research content, data and benchmarks, and direct access to a network of research experts. The Conferences segment offers business professionals in an organization the opportunity to learn, share, and network. The Consulting segment offers market research, custom analysis, and on-the-ground support services. This segment also offers actionable solutions for IT-related priorities, including IT cost optimization, digital transformation, and IT sourcing optimization. Gartner, Inc. was founded in 1979 and is headquartered in Stamford, Connecticut.",Eugene A. Hall,Information Technology Services,159.76,USD,11515043886,https://images.financialmodelingprep.com/symbol/IT.png,1602787,1993-10-05,16.56,4.34,214725.0,1229028000,729179000,"[{'period': '2025', 'revenue': 6500.0, 'unit': 'M', 'net_profit': 729.18}, {'period': '2024', 'revenue': 6.27, 'unit': 'B', 'net_profit': 1.25}, {'period': '2023', 'revenue': 5910.0, 'unit': 'M', 'net_profit': 882.47}, {'period': '2022', 'revenue': 5480.0, 'unit': 'M', 'net_profit': 807.8}]","[{'period': ""Q4 '25"", 'revenue': 1750.0, 'unit': 'M', 'net_profit': 242.1}, {'period': ""Q3 '25"", 'revenue': 1520.0, 'unit': 'M', 'net_profit': 35.36}, {'period': ""Q2 '25"", 'revenue': 1690.0, 'unit': 'M', 'net_profit': 240.78}, {'period': ""Q1 '25"", 'revenue': 1530.0, 'unit': 'M', 'net_profit': 210.94}, {'period': ""Q4 '24"", 'revenue': 1720.0, 'unit': 'M', 'net_profit': 398.57}, {'period': ""Q3 '24"", 'revenue': 1480.0, 'unit': 'M', 'net_profit': 415.05}]",9.68,9.65,8085400000,4066337000,1722521000,7765492000,1684522000,0,4072092000,1722521000,1175223000,-0.28575405277396,-0.41838535871390226,-0.3995037220843673,"[1.1945, 1.1945]","['1999-07-19', '1999-07-19']",__nan__,0.9604338684542508
426,ITCB,Itau CorpBanca American Depositary Shares (each representing 1500 shares of Common Stock no par value),"Itaú Corpbanca provides wholesale and retail banking services to small and medium-sized enterprises, individuals, and institutional clients in Chile and Colombia. The company offers checking and savings accounts, demand and time deposits, certificates of deposit and bankers' drafts; and lending in Chilean pesos and foreign currencies, trade financing, general commercial and consumer loans, working capital loans, personal installment loans, mortgage loans, credit lines, and letters of credit. It also offers interest rate, foreign exchange derivatives, cash flow management, mutual fund and securities brokerage, financial advisory services, asset management, insurance brokerage, treasury, and trust and custodial services; trust portfolio management services, including investment trust management, administration, security, real estate trusts, and fund administration; court and out-of-court collections services for loans; credit and debit cards; and internet, telephone, and mobile banking services. As of December 31, 2021, the company operated 188 branches and 402 ATMs. Itaú Corpbanca was incorporated in 1871 and is headquartered in Santiago, Chile. Itaú Corpbanca is a subsidiary of Itaú Unibanco Holding S.A.",Gabriel Amado de Moura,Banks - Regional,3.42,USD,2219620931,https://images.financialmodelingprep.com/symbol/ITCB.png,21092,2004-11-03,4.023529411764706,0.04,8295.0,2598411000000,443360000000,"[{'period': '2022', 'revenue': 1520.0, 'unit': 'B', 'net_profit': 443.36}, {'period': '2021', 'revenue': 1300.0, 'unit': 'B', 'net_profit': 273.41}, {'period': '2020', 'revenue': 1060.0, 'unit': 'B', 'net_profit': -938.62}, {'period': '2019', 'revenue': 1160.0, 'unit': 'B', 'net_profit': 127.06}]","[{'period': ""Q1 '23"", 'revenue': 383.94, 'unit': 'B', 'net_profit': 74.8}, {'period': ""Q4 '22"", 'revenue': -366.3, 'unit': 'B', 'net_profit': 88.85}, {'period': ""Q3 '22"", 'revenue': 663.01, 'unit': 'B', 'net_profit': 112.98}, {'period': ""Q1 '22"", 'revenue': 424.08, 'unit': 'B', 'net_profit': 106.17}, {'period': ""Q4 '21"", 'revenue': -930.93, 'unit': 'B', 'net_profit': -57.97}, {'period': ""Q3 '21"", 'revenue': 342.88, 'unit': 'B', 'net_profit': 53.62}]",683.13,683.13,40320766000000,8657033000000,7289036000000,37002977000000,1367997000000,5233100000000,413438000000,3553746000000,-449356000000,4.296135125880511,0.6215939431622838,-0.0034573304157549303,"[0.24777, 0.9286]","['2023-04-18', '2005-02-11']",__nan__,0.9177151297175257
427,ITGR,Integer Holdings Corporation Common Stock,"Integer Holdings Corporation operates as a medical device outsource manufacturer in the United States, Puerto Rico, Costa Rica, and internationally. It operates through Medical and Non-Medical segments. The company offers products for interventional cardiology, structural heart, heart failure, peripheral vascular, neurovascular, interventional oncology, electrophysiology, vascular access, infusion therapy, hemodialysis, urology, and gastroenterology procedures. It also provides cardiac rhythm management products, including implantable pacemakers, implantable cardioverter defibrillators, insertable cardiac monitors, implantable cardiac pacing and defibrillation leads, and heart failure therapies; neuromodulation products, such as implantable spinal cord stimulators; and non-rechargeable batteries, feedthroughs, device enclosures, machined components, and lead components and sub-assemblies. In addition, the company offers rechargeable batteries and chargers; and arthroscopic, laparoscopic, and general surgery devices and components, such as harmonic scalpels, shaver blades, burr shavers, radio frequency probes, biopsy probes, trocars, electrocautery components, wound dressings, GERD treatment components, and phacoemulsification needles. Further, it provides orthopedic products that include instruments used in hip, knee, and spine surgeries, as well as reamers and chisels. Additionally, the company offers customized battery power and power management systems, and battery solutions for the energy, military, and environmental markets. Furthermore, the company provides medical technologies. It serves multi-national original equipment manufacturers and their affiliated subsidiaries in the cardiac, neuromodulation, orthopedics, vascular, and advanced surgical and portable medical markets. Integer Holdings Corporation was founded in 1970 and is headquartered in Plano, Texas.",Payman Khales,Medical - Devices,85.51,USD,2996135722,https://images.financialmodelingprep.com/symbol/ITGR.png,810188,2000-09-29,29.59,0.18,94530.0,299269000,102808000,"[{'period': '2025', 'revenue': 1850.0, 'unit': 'M', 'net_profit': 102.81}, {'period': '2024', 'revenue': 1720.0, 'unit': 'M', 'net_profit': 119.9}, {'period': '2023', 'revenue': 1560.0, 'unit': 'M', 'net_profit': 90.65}, {'period': '2022', 'revenue': 1330.0, 'unit': 'M', 'net_profit': 66.38}]","[{'period': ""Q4 '25"", 'revenue': 472.06, 'unit': 'M', 'net_profit': 48.61}, {'period': ""Q3 '25"", 'revenue': 467.69, 'unit': 'M', 'net_profit': 39.68}, {'period': ""Q2 '25"", 'revenue': 476.49, 'unit': 'M', 'net_profit': 37.01}, {'period': ""Q1 '25"", 'revenue': 437.39, 'unit': 'M', 'net_profit': -22.49}, {'period': ""Q4 '24"", 'revenue': 449.5, 'unit': 'M', 'net_profit': 32.7}, {'period': ""Q3 '24"", 'revenue': 431.42, 'unit': 'M', 'net_profit': 35.44}]",2.96,2.89,3410577000,770097000,17161000,1663934000,346079000,7965000,232041000,17161000,105116000,-0.10113773570171382,-0.14252352038433308,-0.1777777777777778,__nan__,__nan__,__nan__,0.4878746323569296
428,ITT,ITT Inc. Common Stock ,"ITT Inc. manufactures and sells engineered critical components and customized technology solutions for the transportation, industrial, and energy markets worldwide. The company operates through three segments: Motion Technologies, Industrial Process, and Connect & Control Technologies. The Motion Technologies segment manufactures brake pads, shims, shock absorbers, and energy absorption components; and sealing technologies primarily for the transportation industry, including passenger cars, trucks, light- and heavy-duty commercial and military vehicles, buses, and trains. The Industrial Process segment designs and manufactures industrial pumps, valves, and plant optimization and remote monitoring systems and services; and centrifugal and twin screw positive displacement pumps, as well as aftermarket solutions, such as replacement parts and services. It serves various customers in industries, such as chemical, energy, mining, and other industrial process markets. The Connect & Control Technologies segment designs and manufactures a range of engineered connectors and specialized control components for critical applications supporting various markets, including aerospace and defense, industrial, transportation, medical, and energy. This segment's connector product portfolio includes electrical connectors, such as circular, rectangular, radio frequency, fiber optic, D-sub miniature, micro-miniature, and cable assemblies, as well as control products consist of actuators, valves, and pumps and switches for flow control applications; rate controls, seat recline locks, and elastomer isolators for aircraft interiors; elastomeric bearings for rotorcraft vibration isolation; heaters, hoses, and composite ducting for environmental control systems; and advanced composites for engine applications. ITT Inc. was incorporated in 1920 and is headquartered in White Plains, New York.",Luca Savi,Industrial - Machinery,184.63,USD,15885568523,https://images.financialmodelingprep.com/symbol/ITT.png,950880,1995-12-15,30.22,-0.06,887798.0,842800000,488000000,"[{'period': '2025', 'revenue': 3940.0, 'unit': 'M', 'net_profit': 488.0}, {'period': '2024', 'revenue': 3630.0, 'unit': 'M', 'net_profit': 518.3}, {'period': '2023', 'revenue': 3280.0, 'unit': 'M', 'net_profit': 410.5}, {'period': '2022', 'revenue': 2990.0, 'unit': 'M', 'net_profit': 367.0}]","[{'period': ""Q4 '25"", 'revenue': 1050.0, 'unit': 'M', 'net_profit': 131.7}, {'period': ""Q3 '25"", 'revenue': 999.1, 'unit': 'M', 'net_profit': 126.9}, {'period': ""Q2 '25"", 'revenue': 972.4, 'unit': 'M', 'net_profit': 121.0}, {'period': ""Q1 '25"", 'revenue': 913.0, 'unit': 'M', 'net_profit': 108.4}, {'period': ""Q4 '24"", 'revenue': 929.0, 'unit': 'M', 'net_profit': 127.0}, {'period': ""Q3 '24"", 'revenue': 885.2, 'unit': 'M', 'net_profit': 161.1}]",6.15,6.11,6310400000,3354300000,1742900000,2219100000,807000000,41000000,1298300000,1742900000,547500000,0.02592818015824711,-0.05846035114798379,-0.029968454258675,"[0.386, 0.15]","['2026-03-06', '1996-02-21']",__nan__,0.3516575811359026
429,ITUB,Itau Unibanco Banco Holding SA American Depositary Shares (Each repstg 500 Preferred shares),"Itaú Unibanco Holding S.A. offers a range of financial products and services to individuals and corporate customers in Brazil and internationally. The company operates through three segments: Retail Banking, Wholesale Banking, and Activities with the Market and Corporation. It offers various deposit products, as well as loans and credit cards; investment and commercial banking services; real estate lending services; financing and investment services; and leasing and foreign exchange services. The company also provides property and casualty insurance products covering loss, damage, or liabilities for assets or persons, as well as life insurance products covering death and personal accident; and reinsurance products. It serves retail customers, account and non-account holders, individuals and legal entities, high income clients, microenterprises, and small companies. The company was formerly known as Itaú Unibanco Banco Múltiplo S.A. and changed its name to Itaú Unibanco Holding S.A. in April 2009. The company was incorporated in 1924 and is headquartered in São Paulo, Brazil. Itaú Unibanco Holding S.A. is a subsidiary of IUPAR - Itaú Unibanco Participações S.A.",Milton Maluhy Filho,Banks - Regional,7.98,USD,87949727325,https://images.financialmodelingprep.com/symbol/ITUB.png,26523486,2002-02-25,10.5,0.11,6630044.0,57636000000,44857000000,"[{'period': '2025', 'revenue': 384.58, 'unit': 'B', 'net_profit': 44.86}, {'period': '2024', 'revenue': 325.85, 'unit': 'B', 'net_profit': 41.09}, {'period': '2023', 'revenue': 306.63, 'unit': 'B', 'net_profit': 33.1}, {'period': '2022', 'revenue': 253.12, 'unit': 'B', 'net_profit': 29.21}]","[{'period': ""Q4 '25"", 'revenue': 91.6, 'unit': 'B', 'net_profit': 11.91}, {'period': ""Q3 '25"", 'revenue': 96.15, 'unit': 'B', 'net_profit': 11.31}, {'period': ""Q2 '25"", 'revenue': 101.77, 'unit': 'B', 'net_profit': 11.14}, {'period': ""Q1 '25"", 'revenue': 95.07, 'unit': 'B', 'net_profit': 10.51}, {'period': ""Q4 '24"", 'revenue': 82.1, 'unit': 'B', 'net_profit': 10.84}, {'period': ""Q3 '24"", 'revenue': 75.26, 'unit': 'B', 'net_profit': 10.37}]",3.97,3.93,3076548266000,204316413000,427124000000,2861580201000,4397000000,2092679000000,585762889000,270614000000,128229689000,0.06741240091858657,0.09180966289400025,0.03926701570680638,"[0.00273, 0.0182]","['2026-12-02', '2002-02-26']",__nan__,0.930126867380666
430,ITW,Illinois Tool Works Inc. Common Stock,"Illinois Tool Works Inc. manufactures and sells industrial products and equipment worldwide. It operates through seven segments: Automotive OEM; Food Equipment; Test & Measurement and Electronics; Welding; Polymers & Fluids; Construction Products; and Specialty Products. The Automotive OEM segment offers plastic and metal components, fasteners, and assemblies for automobiles, light trucks, and other industrial uses. The Food Equipment segment provides warewashing, refrigeration, cooking, and food processing equipment; kitchen exhaust, ventilation, and pollution control systems; and food equipment maintenance and repair services. The Test & Measurement and Electronics segment produces and sells equipment, consumables, and related software for testing and measuring of materials and structures, as well as equipment and consumables used in the production of electronic subassemblies and microelectronics. The Welding segment produces arc welding equipment; and metal arc welding consumables and related accessories. The Polymers & Fluids segment produces adhesives, sealants, lubrication and cutting fluids, and fluids and polymers for auto aftermarket maintenance and appearance. The Construction Products segment offers engineered fastening systems and solutions for the residential construction, renovation/remodel, and commercial construction markets. The Specialty Products segment offers beverage packaging equipment and consumables, product coding and marking equipment and consumables, and appliance components and fasteners. It serves the automotive OEM/tiers, commercial food equipment, construction, general industrial, and automotive aftermarket end markets. The company distributes its products directly to industrial manufacturers, as well as through independent distributors. Illinois Tool Works Inc. was founded in 1912 and is based in Glenview, Illinois.",Christopher A. O'Herlihy,Industrial - Machinery,258.785,USD,74581837000,https://images.financialmodelingprep.com/symbol/ITW.png,1431454,1973-03-13,24.67,-0.27,298998.0,4649999902,3066000000,"[{'period': '2025', 'revenue': 16.04, 'unit': 'B', 'net_profit': 3.07}, {'period': '2024', 'revenue': 15.9, 'unit': 'B', 'net_profit': 3.49}, {'period': '2023', 'revenue': 16.11, 'unit': 'B', 'net_profit': 2.96}, {'period': '2022', 'revenue': 15.93, 'unit': 'B', 'net_profit': 3.03}]","[{'period': ""Q4 '25"", 'revenue': 4090.0, 'unit': 'M', 'net_profit': 790.0}, {'period': ""Q3 '25"", 'revenue': 4059.9999999999995, 'unit': 'M', 'net_profit': 821.0}, {'period': ""Q2 '25"", 'revenue': 4050.0, 'unit': 'M', 'net_profit': 755.0}, {'period': ""Q1 '25"", 'revenue': 3840.0, 'unit': 'M', 'net_profit': 700.0}, {'period': ""Q4 '24"", 'revenue': 3930.0, 'unit': 'M', 'net_profit': 750.0}, {'period': ""Q3 '24"", 'revenue': 3.97, 'unit': 'B', 'net_profit': 1.16}]",10.52,10.49,16148000000,6200000000,851000000,12922000000,3227000000,0,5126000000,851000000,2707000000,-0.08948503974936362,-0.12098623853211009,-0.10468085106382982,"[1.61, 2.8928]","['2026-03-31', '1986-01-31']",__nan__,0.8002229378251177
431,IVAN,Ivanhoe Capital Acquisition Corp. Class A Ordinary Shares,"Ivanhoe Capital Acquisition Corp. does not have significant operations. It intends to effect a merger, share exchange, asset acquisition, share purchase, reorganization, or similar business combination with one or more businesses. The company was incorporated in 2020 and is based in New York, New York.",,Shell Companies,7.68,USD,2686655931,https://images.financialmodelingprep.com/symbol/IVAN.png,702418,2021-03-01,-698.1818181818181,-0.17,222267.0,-82614000,-73040000,"[{'period': '2025', 'revenue': 21.0, 'unit': 'M', 'net_profit': -73.04}, {'period': '2024', 'revenue': 2.04, 'unit': 'M', 'net_profit': -100.19}, {'period': '2020', 'revenue': 0.0, 'unit': 'K', 'net_profit': -32.82}]","[{'period': ""Q4 '25"", 'revenue': 4.56, 'unit': 'M', 'net_profit': -17.04}, {'period': ""Q3 '25"", 'revenue': 7.12, 'unit': 'M', 'net_profit': -20.92}, {'period': ""Q2 '25"", 'revenue': 3.53, 'unit': 'M', 'net_profit': -22.65}, {'period': ""Q1 '25"", 'revenue': 5.79, 'unit': 'M', 'net_profit': -12.43}, {'period': ""Q4 '24"", 'revenue': 2.04, 'unit': 'M', 'net_profit': -94.64}, {'period': ""Q3 '24"", 'revenue': 0.0, 'unit': 'M', 'net_profit': -30.19}]",-0.22,-0.22,272646000,216276000,199632000,57891000,4783000,0,24156000,29541000,-61220000,0.24379393673110722,0.27094874482207915,0.29032258064516125,__nan__,__nan__,__nan__,0.21233027442177768
432,IVC,Invacare Corporation Common Stock,"Invacare Corporation, together with its subsidiaries, designs, manufactures, distributes, and exports medical equipment for use in home health care, retail, and extended care markets worldwide. The company offers mobility and seating products, such as power wheelchairs under the Invacare TDX brand; custom manual wheelchairs under the Invacare, Invacare Top End, and Küschall brand names; and seating and positioning products under the Invacare brand, as well as custom molded seat modules under the PinDot brand. It also provides lifestyle products, including pressure relieving overlays and mattress systems under the Invacare Softform and microAIR brands; safe patient handling products under the Birdie, Evo, and ISA brands; residential and institutional care beds and bed accessories, and manual wheelchairs under the Invacare brand name; and personal care products. In addition, the company offers respiratory therapy products comprising stationary oxygen concentrators under the Platinum and Perfecto2 brands; portable oxygen concentrators under the Platinum brand; and Invacare HomeFill oxygen systems. Further, it provides repair, equipment rentals, and external contracting services, as well as distributes heart rate monitors, thermometers, and nebulizers; and portable ramps. The company sells its products primarily to home medical equipment providers through retail and e-commerce channels, as well as to residential care operators, dealers, and government health service customers through its sales force, independent manufacturers' representatives, and distributors. Invacare Corporation was founded in 1885 and is headquartered in Elyria, Ohio.",Matthew E. Monaghan,Medical - Instruments & Supplies,0.6598,USD,24910286,https://images.financialmodelingprep.com/symbol/IVC.png,953611,1984-05-14,-0.7949397590361446,0.0,0.0,-80466000,-101071000,"[{'period': '2022', 'revenue': 741.73, 'unit': 'M', 'net_profit': -101.07}, {'period': '2021', 'revenue': 872.46, 'unit': 'M', 'net_profit': -45.56}, {'period': '2020', 'revenue': 850.69, 'unit': 'M', 'net_profit': -28.28}, {'period': '2019', 'revenue': 927.96, 'unit': 'M', 'net_profit': -53.33}]","[{'period': ""Q1 '23"", 'revenue': 165.48, 'unit': 'M', 'net_profit': -41.18}, {'period': ""Q4 '22"", 'revenue': 181.32, 'unit': 'M', 'net_profit': -20.58}, {'period': ""Q3 '22"", 'revenue': 170.41, 'unit': 'M', 'net_profit': -34.35}, {'period': ""Q2 '22"", 'revenue': 189.02, 'unit': 'M', 'net_profit': -21.94}, {'period': ""Q1 '22"", 'revenue': 200.99, 'unit': 'M', 'net_profit': -24.2}, {'period': ""Q4 '21"", 'revenue': 226.19, 'unit': 'M', 'net_profit': 1.94}]",-2.77,-2.77,770969000,299318000,58792000,689877000,87952000,0,220135000,58792000,-59029000,-41.05276256844201,-1.2182692096657375,-1.1472868217054264,"[0.0125, 0.01]","['2020-04-02', '1984-11-09']",__nan__,0.8948180795855605
433,IVH,Ivy High Income Opportunities Fund Common Shares of Beneficial Interest,"Ivy Funds - Delaware Ivy High Income Opportunities Fund is a closed ended fixed income mutual fund launched and managed by Ivy Investment Management Company. The fund invests in fixed income markets across the globe. It seeks to invest in securities of companies operating across diversified sectors. The fund primarily invests in high-yield corporate bonds of various maturities, secured loans, and other corporate fixed-income instruments, which are rated below investment grade (below Baa3 by Moody's or below BBB- by either S&P or Fitch). Ivy Funds - Delaware Ivy High Income Opportunities Fund was formed on May 29, 2013 and is domiciled in the United States.",Henry John Herrmann CFA,Asset Management - Income,11.18,USD,185254847,https://images.financialmodelingprep.com/symbol/IVH.png,0,2013-05-29,-4.1716417910447765,-0.41,572984.0,-45175826,-46753800,"[{'period': '2022', 'revenue': -46.39, 'unit': 'M', 'net_profit': -46.75}, {'period': '2021', 'revenue': 38.9, 'unit': 'M', 'net_profit': 38.54}, {'period': '2020', 'revenue': -3.19, 'unit': 'M', 'net_profit': -4.07}, {'period': '2019', 'revenue': 7.57, 'unit': 'M', 'net_profit': 6.89}]","[{'period': ""Q2 '20"", 'revenue': 13.67, 'unit': 'M', 'net_profit': -44.85}, {'period': ""Q4 '19"", 'revenue': 14.18, 'unit': 'M', 'net_profit': 6.54}, {'period': ""Q4 '18"", 'revenue': 14.56, 'unit': 'M', 'net_profit': 11.34}, {'period': ""Q4 '17"", 'revenue': 16.18, 'unit': 'M', 'net_profit': 12.94}, {'period': ""Q2 '17"", 'revenue': 15.06, 'unit': 'M', 'net_profit': 22.86}, {'period': ""Q4 '16"", 'revenue': 15.53, 'unit': 'M', 'net_profit': 35.77}]",-2.82,-2.82,283235278,6347685,0,97206047,6347685,269308897,1657241,0,13774612,-2.1651194352604937,-2.213218465370942,-2.2155172413793105,"[0.149, 0.125]","['2023-02-23', '2013-08-08']",__nan__,0.34319893936376106
434,IVR,INVESCO MORTGAGE CAPITAL INC Common Stock,"Invesco Mortgage Capital Inc. operates as a real estate investment trust (REIT) that primarily focuses on investing in, financing, and managing mortgage-backed securities and other mortgage-related assets. It invests in residential mortgage-backed securities (RMBS) and commercial mortgage-backed securities (CMBS) that are guaranteed by a U.S. government agency or federally chartered corporation; RMBS and CMBS that are not issued or guaranteed by a U.S. government agency or federally chartered corporation; credit risk transfer securities that are unsecured obligations issued by government-sponsored enterprises; residential and commercial mortgage loans; and other real estate-related financing arrangements. Invesco Mortgage Capital Inc. has elected to be taxed as a REIT and would be subject to federal corporate income taxes if it distributes at least 90% of its taxable income to its stockholders. The company was incorporated in 2008 and is headquartered in Atlanta, Georgia.",John Anzalone,REIT - Mortgage,7.885,USD,527309390,https://images.financialmodelingprep.com/symbol/IVR.png,2591781,2009-07-01,5.97,0.175,464607.0,321144000,101293000,"[{'period': '2025', 'revenue': 339.7, 'unit': 'M', 'net_profit': 101.29}, {'period': '2024', 'revenue': 79.55, 'unit': 'M', 'net_profit': 59.88}, {'period': '2023', 'revenue': 4.19, 'unit': 'M', 'net_profit': -15.86}, {'period': '2022', 'revenue': -377.6, 'unit': 'M', 'net_profit': -402.92}]","[{'period': ""Q4 '25"", 'revenue': 108.35, 'unit': 'M', 'net_profit': 51.46}, {'period': ""Q3 '25"", 'revenue': 54.09, 'unit': 'M', 'net_profit': 53.47}, {'period': ""Q2 '25"", 'revenue': 53.47, 'unit': 'M', 'net_profit': -23.27}, {'period': ""Q1 '25"", 'revenue': 24.3, 'unit': 'M', 'net_profit': 19.64}, {'period': ""Q4 '24"", 'revenue': 8.52, 'unit': 'M', 'net_profit': 3.51}, {'period': ""Q3 '24"", 'revenue': 45.33, 'unit': 'M', 'net_profit': 40.72}]",1.53,1.53,6475894000,198691000,56040000,5678350000,27848000,6281021000,5619255000,56040000,157085000,0.0346834031941594,0.6915433686249625,1.3538461538461537,"[0.12, 0.61]","['2026-03-24', '2009-10-21']",__nan__,0.8768441855286698
435,IVZ,Invesco Ltd Common Stock,"Invesco Ltd. is a publicly owned investment manager. The firm provides its services to retail clients, institutional clients, high-net worth clients, public entities, corporations, unions, non-profit organizations, endowments, foundations, pension funds, financial institutions, and sovereign wealth funds. It manages separate client-focused equity and fixed income portfolios. The firm also launches equity, fixed income, commodity, multi-asset, and balanced mutual funds for its clients. It launches equity, fixed income, multi-asset, and balanced exchange-traded funds. The firm also launches and manages private funds. It invests in the public equity and fixed income markets across the globe. The firm also invests in alternative markets, such as commodities and currencies. For the equity portion of its portfolio, it invests in growth and value stocks of large-cap, mid-cap, and small-cap companies. For the fixed income portion of its portfolio, the firm invests in convertibles, government bonds, municipal bonds, treasury securities, and cash. It also invests in short term and intermediate term bonds, investment grade and high yield bonds, taxable and tax-free bonds, senior secured loans, and structured securities such as asset-backed securities, mortgage-backed securities, and commercial mortgage-backed securities. The firm employs absolute return, global macro, and long/short strategies. It employs quantitative analysis to make its investments. The firm was formerly known as Invesco Plc, AMVESCAP plc, Amvesco plc, Invesco PLC, Invesco MIM, and H. Lotery & Co. Ltd. Invesco Ltd. was founded in December 1935 and is based in Atlanta, Georgia with an additional office in Hamilton, Bermuda.",Andrew Ryan Schlossberg,Asset Management,23.67,USD,10501763580,https://images.financialmodelingprep.com/symbol/IVZ.png,5694205,1995-08-25,-14.8,0.475,804770.0,1376800000,-281700000,"[{'period': '2025', 'revenue': 6380.0, 'unit': 'M', 'net_profit': -281.7}, {'period': '2024', 'revenue': 6070.0, 'unit': 'M', 'net_profit': 774.8}, {'period': '2023', 'revenue': 5720.0, 'unit': 'M', 'net_profit': -96.9}, {'period': '2022', 'revenue': 6050.0, 'unit': 'M', 'net_profit': 920.7}]","[{'period': ""Q4 '25"", 'revenue': 1.69, 'unit': 'B', 'net_profit': -1.06}, {'period': ""Q3 '25"", 'revenue': 1640.0, 'unit': 'M', 'net_profit': 345.7}, {'period': ""Q2 '25"", 'revenue': 1520.0, 'unit': 'M', 'net_profit': 203.4}, {'period': ""Q1 '25"", 'revenue': 1530.0, 'unit': 'M', 'net_profit': 230.3}, {'period': ""Q4 '24"", 'revenue': 1590.0, 'unit': 'M', 'net_profit': 268.5}, {'period': ""Q3 '24"", 'revenue': 1520.0, 'unit': 'M', 'net_profit': 114.2}]",-1.61,-1.6,27094000000,2864500000,1979800000,14089100000,884700000,10322500000,66600000,1979800000,1441000000,0.10773191729020838,-1.3635776974703149,-2.3644067796610173,"[0.21, 1.3775]","['2026-02-13', '1995-08-28']",__nan__,0.52000811987894
436,IX,Orix Corp Ads Common Stock,"ORIX Corporation provides diversified financial services in Japan, the Americas, Asia, Europe, Australasia, the Middle East, and internationally. The company's Corporate Financial Services and Maintenance Leasing segment is involved in the finance and fee; leasing and rental of automobiles, electronic measuring instruments, and ICT-related equipment businesses; and provision of life insurance and environment and energy-related products and services. Its Real Estate segment develops, rents, and manages real estate properties; operates facilities; manages residential condominiums and office building; and provides construction contracting, real estate brokerage, and real estate investment advisory services. The company's PE Investment and Concession segment engages in the private equity (PE) investment and concession businesses. Its Environment and Energy segment provides renewable energy; ESCO; retails electric power; sells solar panels and battery electricity storage systems; and recycling and waste management services. The company's Insurance segment sells life insurance products through agents, banks, and other financial institutions, as well as face-to-face and online. Its Banking and Credit segment provides banking and consumer finance services. The company's Aircraft and Ships segment engages in the aircraft leasing and management, and ship-related finance and investment businesses. Its ORIX USA segment offers finance, investment, and asset management services. The company's ORIX Europe segment provides equity and fixed income asset management services. Its Asia and Australia segment offers finance and investment businesses. The company was formerly known as Orient Leasing Co., Ltd. and changed its name to ORIX Corporation in 1989. ORIX Corporation was incorporated in 1950 and is headquartered in Tokyo, Japan.",Hidetake Takahashi,Financial - Credit Services,29.29,USD,32518142226,https://images.financialmodelingprep.com/symbol/IX.png,347022,1998-09-16,11.22,0.02,64493.0,944665000000,351630000000,"[{'period': '2025', 'revenue': 2870.0, 'unit': 'B', 'net_profit': 351.63}, {'period': '2024', 'revenue': 2810.0, 'unit': 'B', 'net_profit': 346.13}, {'period': '2023', 'revenue': 2660.0, 'unit': 'B', 'net_profit': 290.34}, {'period': '2022', 'revenue': 2510.0, 'unit': 'B', 'net_profit': 317.38}]","[{'period': ""Q3 '26"", 'revenue': 840.32, 'unit': 'B', 'net_profit': 118.58}, {'period': ""Q2 '26"", 'revenue': 795.86, 'unit': 'B', 'net_profit': 163.81}, {'period': ""Q1 '26"", 'revenue': 768.64, 'unit': 'B', 'net_profit': 107.29}, {'period': ""Q4 '25"", 'revenue': 720.34, 'unit': 'B', 'net_profit': 79.85}, {'period': ""Q3 '25"", 'revenue': 750.85, 'unit': 'B', 'net_profit': 88.83}, {'period': ""Q2 '25"", 'revenue': 695.49, 'unit': 'B', 'net_profit': 96.21}]",307.74,307.16,16866251000000,7295464000000,1225842000000,12691036000000,5661551000000,4422249000000,3377124000000,1206573000000,1202642000000,0.030893015378302757,0.015884113575167856,0.030782113548819285,"[0.40367, 0.0617894]","['2025-09-30', '1999-03-29']",__nan__,0.7524515080440817
437,J,Jacobs Engineering Group Inc. Common Stock,"Jacobs Solutions Inc. engages in the infrastructure and advanced facilities, and consulting businesses in the United States, Europe, Canada, India, Asia, Australia, New Zealand, the Middle East, and Africa. The company offers consulting, planning, architecture, design, engineering, and infrastructure delivery services including project, program, and construction management and long-term operation of facilities. It also provides consulting services for consumer and manufacturing, defense and security, energy and utilities, financial services, government, health and life sciences, and transport sectors. The company was founded in 1947 and is headquartered in Dallas, Texas.",Robert V. Pragada,Engineering & Construction,126.055,USD,14885621575,https://images.financialmodelingprep.com/symbol/J.png,898345,1980-03-17,33.26,0.165,121304.0,926841000,290248000,"[{'period': '2025', 'revenue': 12030.0, 'unit': 'M', 'net_profit': 290.25}, {'period': '2024', 'revenue': 11500.0, 'unit': 'M', 'net_profit': 806.09}, {'period': '2023', 'revenue': 10850.0, 'unit': 'M', 'net_profit': 665.78}, {'period': '2022', 'revenue': 9780.0, 'unit': 'M', 'net_profit': 644.04}]","[{'period': ""Q1 '26"", 'revenue': 3290.0, 'unit': 'M', 'net_profit': 133.2}, {'period': ""Q4 '25"", 'revenue': 3150.0, 'unit': 'M', 'net_profit': 110.75}, {'period': ""Q3 '25"", 'revenue': 3030.0, 'unit': 'M', 'net_profit': 186.21}, {'period': ""Q2 '25"", 'revenue': 2910.0, 'unit': 'M', 'net_profit': 5.61}, {'period': ""Q1 '25"", 'revenue': 2930.0, 'unit': 'M', 'net_profit': -18.13}, {'period': ""Q4 '24"", 'revenue': -1160.0, 'unit': 'M', 'net_profit': 325.44}]",2.39,2.38,11252535000,4359319000,1235448000,6585936000,2989067000,231297000,3350899000,1235448000,607472000,-0.2615301139446555,-0.6399323651241234,-0.6236220472440944,"[0.36, 1.6]","['2026-02-20', '1981-11-18']",__nan__,0.585284649192382
438,JAX,J. Alexander's Holdings Inc. Common Stock,"J. Alexander's Holdings, Inc., through its subsidiaries, owns and operates complementary upscale dining restaurants in the United States. It operates restaurants under various concepts, including J. Alexander's, Redlands Grill, Lyndhurst Grill, Overland Park Grill, Merus Grill, and Stoney River Steakhouse and Grill. The company's restaurants offer American menu. As of April 20, 2020, it operated 47 restaurants in 16 states. J. Alexander's Holdings, Inc. was founded in 1970 and is headquartered in Nashville, Tennessee.",Mark A. Parkey,Restaurants,,USD,0,https://images.financialmodelingprep.com/symbol/JAX.png,0,2015-09-18,,,,-17603000,-22471000,"[{'period': '2020', 'revenue': 183.37, 'unit': 'M', 'net_profit': -22.47}, {'period': '2019', 'revenue': 247.27, 'unit': 'M', 'net_profit': 8.82}, {'period': '2018', 'revenue': 242.26, 'unit': 'M', 'net_profit': 4.0}, {'period': '2017', 'revenue': 233.25, 'unit': 'M', 'net_profit': 7.33}]","[{'period': ""Q2 '21"", 'revenue': 68.1, 'unit': 'M', 'net_profit': 2.25}, {'period': ""Q1 '21"", 'revenue': 57.38, 'unit': 'M', 'net_profit': 3.39}, {'period': ""Q4 '20"", 'revenue': 52.57, 'unit': 'M', 'net_profit': 3.92}, {'period': ""Q3 '20"", 'revenue': 46.23, 'unit': 'M', 'net_profit': -1.58}, {'period': ""Q2 '20"", 'revenue': 27.6, 'unit': 'M', 'net_profit': -6.99}, {'period': ""Q1 '20"", 'revenue': 56.97, 'unit': 'M', 'net_profit': -17.64}]",-1.53,-1.53,237119000,25762000,12363000,127014000,8756000,1222000,25425000,12363000,-1318000,-1.8308004530866528,-3.548599296812975,-3.55,__nan__,__nan__,__nan__,0.5356550930123694
439,JBGS,JBG SMITH Properties Common Shares ,"JBG SMITH is an S&P 400 company that owns, operates, invests in and develops a dynamic portfolio of high-growth mixed-use properties in and around Washington, DC. Through an intense focus on placemaking, JBG SMITH cultivates vibrant, amenity-rich, walkable neighborhoods throughout the Capital region, including National Landing where it serves as the exclusive developer for Amazon's new headquarters. JBG SMITH's portfolio currently comprises 20.7 million square feet of high-growth office, multifamily and retail assets, 98% at our share of which are Metro-served. It also maintains a development pipeline encompassing 17.1 million square feet of mixed-use development opportunities.",W. Matthew Kelly,REIT - Office,15.115,USD,891059480,https://images.financialmodelingprep.com/symbol/JBGS.png,551377,2017-07-06,-7.23,0.215,50373.0,169828000,-139063000,"[{'period': '2025', 'revenue': 498.6, 'unit': 'M', 'net_profit': -139.06}, {'period': '2024', 'revenue': 547.31, 'unit': 'M', 'net_profit': -143.53}, {'period': '2023', 'revenue': 604.2, 'unit': 'M', 'net_profit': -79.98}, {'period': '2022', 'revenue': 605.82, 'unit': 'M', 'net_profit': 85.37}]","[{'period': ""Q4 '25"", 'revenue': 127.56, 'unit': 'M', 'net_profit': -45.55}, {'period': ""Q3 '25"", 'revenue': 123.87, 'unit': 'M', 'net_profit': -28.55}, {'period': ""Q2 '25"", 'revenue': 126.48, 'unit': 'M', 'net_profit': -19.24}, {'period': ""Q1 '25"", 'revenue': 120.69, 'unit': 'M', 'net_profit': -45.72}, {'period': ""Q4 '24"", 'revenue': 130.78, 'unit': 'M', 'net_profit': -59.9}, {'period': ""Q3 '24"", 'revenue': 136.03, 'unit': 'M', 'net_profit': -26.98}]",-2.09,-2.09,4388191000,258161000,75270000,2719259000,204701000,3923701000,325827000,75270000,73257000,-0.20805062417518874,0.031095411284366596,-0.26666666666666666,"[0.175, 0.225]","['2025-12-30', '2017-11-17']",__nan__,0.6196765364132965
440,JBK,Lehman ABS 3.50 3.50% Adjustable Corp Backed Tr Certs GS Cap I,,None,Conglomerates,26.52,USD,0,https://images.financialmodelingprep.com/symbol/JBK.png,2794,2004-04-05,,-0.18,103.0,,,[],[],,,,,,,,,,,,,,,"[0.79313, 0.143]","['2026-02-13', '2004-05-12']",__nan__,__nan__
441,JBL,Jabil Inc. Common Stock,"Jabil Inc. provides manufacturing services and solutions worldwide. The company operates in two segments, Electronics Manufacturing Services and Diversified Manufacturing Services. It offers electronics design, production, and product management services. The company provides electronic design services, such as application-specific integrated circuit design, firmware development, and rapid prototyping services; and designs plastic and metal enclosures that include the electro-mechanics, such as the printed circuit board assemblies (PCBA). It also specializes in the three-dimensional mechanical design comprising the analysis of electronic, electro-mechanical, and optical assemblies, as well as offers various industrial design, mechanism development, and tooling management services. In addition, the company provides computer-assisted design services consisting of PCBA design, as well as PCBA design validation and verification services; and other consulting services, such as the generation of a bill of materials, approved vendor list, and assembly equipment configuration for various PCBA designs. Further, it offers product and process validation services, such as product system, product safety, regulatory compliance, and reliability tests, as well as manufacturing test solution development services. Additionally, the company provides systems assembly, test, direct-order fulfillment, and configure-to-order services. It serves 5G, wireless and cloud, digital print and retail, industrial and semi-cap, networking and storage, automotive and transportation, connected devices, healthcare and packaging, and mobility industries. The company was formerly known as Jabil Circuit, Inc. and changed its name to Jabil Inc. in June 2017. Jabil Inc. was founded in 1966 and is headquartered in Saint Petersburg, Florida.",Michael Dastoor,"Hardware, Equipment & Parts",250.76,USD,26786926954,https://images.financialmodelingprep.com/symbol/JBL.png,1168037,1993-05-03,33.8,-10.34,293631.0,1810000000,657000000,"[{'period': '2025', 'revenue': 29800.0, 'unit': 'M', 'net_profit': 657.0}, {'period': '2024', 'revenue': 28.88, 'unit': 'B', 'net_profit': 1.39}, {'period': '2023', 'revenue': 34700.0, 'unit': 'M', 'net_profit': 818.0}, {'period': '2022', 'revenue': 33480.0, 'unit': 'M', 'net_profit': 996.0}]","[{'period': ""Q2 '26"", 'revenue': 8280.0, 'unit': 'M', 'net_profit': 223.0}, {'period': ""Q1 '26"", 'revenue': 8300.0, 'unit': 'M', 'net_profit': 146.0}, {'period': ""Q4 '25"", 'revenue': 8250.0, 'unit': 'M', 'net_profit': 218.0}, {'period': ""Q3 '25"", 'revenue': 7830.0, 'unit': 'M', 'net_profit': 222.0}, {'period': ""Q2 '25"", 'revenue': 6730.0, 'unit': 'M', 'net_profit': 117.0}, {'period': ""Q1 '25"", 'revenue': 6990.0, 'unit': 'M', 'net_profit': 100.0}]",6.0,5.92,18543000000,13720000000,1933000000,17026000000,5096000000,0,13714000000,1933000000,1172000000,-0.30916030534351147,-0.526657060518732,-0.4708994708994709,"[0.08, 0.07]","['2026-02-17', '2006-05-11']",__nan__,0.9181901526182387
442,JBT,John Bean Technologies Corporation Common Stock,"John Bean Technologies Corporation provides technology solutions to food and beverage industry and equipment and services to air transportation industries. The company operates through two segments: JBT FoodTech and JBT AeroTech. It offers poultry processing, mixing/grinding, injecting, marinating, tumbling, portioning, packaging, coating, cooking, frying, freezing, weighing, X-ray food inspection, and food safety solutions. The company also provides processing solutions for extracting, mixing, blending, pasteurizing, sterilizing, concentrating, high pressure processing, filling, closing, sealing, and final packaging, as well as processing equipment; and packaging systems for poultry, beef, pork, seafood, ready-to-eat meals, fruits, vegetables, dairy, bakery, pet foods, soups, sauces, and juices. In addition, it offers automated guided vehicle systems for material movement in the manufacturing, warehouse, and medical facilities. Further, the company provides mobile air transportation equipment, such as commercial and defense cargo loading, aircraft deicing, aircraft towing, and aircraft ground power and cooling systems; and fixed equipment for passenger boarding. Additionally, it offers airport equipment, systems, and facilities maintenance services to domestic and international airport authorities, passenger airlines, airfreight and ground handling companies, defense forces, and defense contractors. The company markets and sells its products and solutions through direct sales force, independent distributors, and sales representatives. John Bean Technologies Corporation was incorporated in 1994 and is headquartered in Chicago, Illinois.",Brian A. Deck,Industrial - Machinery,125.32,USD,3990514632,https://images.financialmodelingprep.com/symbol/JBT.png,598976,2008-07-22,28.03579418344519,-1.78,503315.0,307100000,-50500000,"[{'period': '2025', 'revenue': 3800.0, 'unit': 'M', 'net_profit': -50.5}, {'period': '2024', 'revenue': 1720.0, 'unit': 'M', 'net_profit': 85.4}, {'period': '2023', 'revenue': 1660.0, 'unit': 'M', 'net_profit': 582.6}, {'period': '2022', 'revenue': 2170.0, 'unit': 'M', 'net_profit': 137.4}]","[{'period': ""Q4 '25"", 'revenue': 1010.0, 'unit': 'M', 'net_profit': 53.1}, {'period': ""Q3 '25"", 'revenue': 1000.0, 'unit': 'M', 'net_profit': 66.0}, {'period': ""Q2 '25"", 'revenue': 934.8, 'unit': 'M', 'net_profit': 3.4}, {'period': ""Q1 '25"", 'revenue': 854.1, 'unit': 'M', 'net_profit': -173.0}, {'period': ""Q4 '24"", 'revenue': 467.6, 'unit': 'M', 'net_profit': -7.0}, {'period': ""Q3 '24"", 'revenue': 453.8, 'unit': 'M', 'net_profit': 38.9}]",-0.96,-0.96,8196799999,1583100000,167900000,3732999999,561400000,0,1623300000,167900000,238100000,0.5039177277179236,-1.5913348946135832,-1.3595505617977528,"[0.1, 0.07]","['2024-12-13', '2008-10-29']",__nan__,0.4554216278859337
443,JCE,Nuveen Core Equity Alpha Fund Nuveen Core Equity Alpha Fund Common Shares of Beneficial Interest,"Nuveen Core Equity Alpha Fund is a closed-ended equity mutual fund launched by Nuveen Investments Inc. The fund is co-managed by Nuveen Fund Advisors LLC, Nuveen Asset Management, LLC, and INTECH Investment Management. It invests in the public equity markets of the United States. The fund also invests some portion of its portfolio in derivatives using futures and options. It invests in stocks of companies operating across diversified sectors. It primarily invests in stocks of large-cap companies with market capitalization within the range of S&P 500 Index. The fund employs quantitative analysis to create its portfolio. It benchmarks the performance of its portfolio against the S&P 500 Index. Nuveen Core Equity Alpha Fund was formed on March 23, 2007 and is domiciled in the United States.",Cary Maguire,Asset Management,14.16,USD,240757918,https://images.financialmodelingprep.com/symbol/JCE.png,47235,2007-03-28,5.24,0.02999985,19253.0,46616680,46616058,"[{'period': '2025', 'revenue': 23.62, 'unit': 'M', 'net_profit': 46.62}, {'period': '2024', 'revenue': 25.57, 'unit': 'M', 'net_profit': 56.51}, {'period': '2023', 'revenue': 5.51, 'unit': 'M', 'net_profit': 40.54}, {'period': '2022', 'revenue': -47.22, 'unit': 'M', 'net_profit': -47.43}]","[{'period': ""Q4 '25"", 'revenue': 15.16, 'unit': 'M', 'net_profit': 32.4}, {'period': ""Q2 '25"", 'revenue': 8.47, 'unit': 'M', 'net_profit': 14.21}, {'period': ""Q4 '24"", 'revenue': 13.87, 'unit': 'M', 'net_profit': 23.23}, {'period': ""Q2 '24"", 'revenue': 11.7, 'unit': 'M', 'net_profit': 33.28}, {'period': ""Q4 '23"", 'revenue': 2.61, 'unit': 'M', 'net_profit': 11.36}, {'period': ""Q2 '23"", 'revenue': 2.9, 'unit': 'M', 'net_profit': 29.18}]",2.74,2.74,288626548,685327,547205,874425,138122,287872166,0,49028,0,-0.17512743260070515,-0.17513546121789605,-0.20348837209302317,"[0.34, 0.43]","['2026-03-13', '2007-06-13']",__nan__,0.003029606964637224
444,JCI,Johnson Controls International plc Ordinary Share,"Johnson Controls International plc, together with its subsidiaries, engages in engineering, manufacturing, commissioning, and retrofitting building products and systems in the United States, Europe, the Asia Pacific, and internationally. It operates in four segments: Building Solutions North America, Building Solutions EMEA/LA, Building Solutions Asia Pacific, and Global Products. The company designs, sells, installs, and services heating, ventilating, air conditioning, controls, building management, refrigeration, integrated electronic security, integrated fire detection and suppression systems, and fire protection and security products for commercial, industrial, retail, small business, institutional, and governmental customers; and provides energy efficiency solutions and technical services, including inspection, scheduled maintenance, and repair and replacement of mechanical and control systems, as well as data-driven smart building solutions to non-residential building and industrial applications. It also offers controls software and software services for residential and commercial applications. Johnson Controls International plc was founded in 1885 and is headquartered in Cork, Ireland.",Joakim Weidemanis,Construction,128.77,USD,78815765347,https://images.financialmodelingprep.com/symbol/JCI.png,5215154,1987-09-28,43.21,-2.52,956617.0,3153000000,3291000000,"[{'period': '2025', 'revenue': 23.6, 'unit': 'B', 'net_profit': 3.29}, {'period': '2024', 'revenue': 22.95, 'unit': 'B', 'net_profit': 1.71}, {'period': '2023', 'revenue': 22.33, 'unit': 'B', 'net_profit': 1.85}, {'period': '2022', 'revenue': 20.64, 'unit': 'B', 'net_profit': 1.53}]","[{'period': ""Q1 '26"", 'revenue': 5800.0, 'unit': 'M', 'net_profit': 524.0}, {'period': ""Q4 '25"", 'revenue': 6.44, 'unit': 'B', 'net_profit': 1.69}, {'period': ""Q3 '25"", 'revenue': 6050.0, 'unit': 'M', 'net_profit': 701.0}, {'period': ""Q2 '25"", 'revenue': 5680.0, 'unit': 'M', 'net_profit': 478.0}, {'period': ""Q1 '25"", 'revenue': 5430.0, 'unit': 'M', 'net_profit': 419.0}, {'period': ""Q4 '24"", 'revenue': 6250.0, 'unit': 'M', 'net_profit': 633.0}]",2.64,2.63,37939000000,10162000000,379000000,24985000000,6269000000,22000000,10941000000,379000000,965000000,0.12607142857142858,0.9302052785923753,0.04347826086956535,"[0.4, 48.2028]","['2026-03-16', '1985-12-09']",__nan__,0.6585571575423707
445,JCO,Nuveen Credit Opportunities 2022 Target Term Fund Common Shares of Beneficial Interest,"Nuveen Credit Opportunities 2022 Target Term Fund is a closed ended fixed income mutual fund launched by Nuveen Investments, Inc. The fund is co-managed by Nuveen Fund Advisors, LLC and Symphony Asset Management. It invests in fixed income markets of the United States. The fund primarily invests in corporate debt securities including bonds and senior loans. It invests in investment grade fixed income securities rated BBB- or higher by S&P with a maturity date on June 1, 2022. The fund employs a fundamental analysis with bottom-up stock picking approach while focusing on factors such as sector dynamics, company business models and asset quality and analysis of the relative value to create its portfolio. Nuveen Credit Opportunities 2022 Target Term Fund was formed on September 28, 2016 and is domiciled in the United States.",None,Asset Management,7.95,USD,220806480,https://images.financialmodelingprep.com/symbol/JCO.png,0,2017-03-28,0.0,0.01,38341.0,0,8809493,"[{'period': '2021', 'revenue': 8.99, 'unit': 'M', 'net_profit': 8.81}, {'period': '2020', 'revenue': -20.53, 'unit': 'M', 'net_profit': -20.75}, {'period': '2019', 'revenue': 31.07, 'unit': 'M', 'net_profit': 30.84}, {'period': '2018', 'revenue': -8.14, 'unit': 'M', 'net_profit': -8.38}]",[],0.32,0.32,229271857,2570026,0,2459592,2570026,226688128,2459592,0,90829064,0,1.4244852663333358,1.4266666666666667,"[0.0713, 0.047]","['2022-05-24', '2017-05-11']",__nan__,0.010727840879310363
446,JDD,Nuveen Diversified Dividend and Income Fund Shares of Beneficial Interest,"Nuveen Diversified Dividend and Income Fund (the Fund) is a diversified, closed-end investment company. The Fund's investment objectives are high current income and total return. The Fund invests approximately equal proportions in the United States and foreign dividend-paying common stocks, dividend-paying common stocks issued by real estate investment trusts (REITs), emerging markets sovereign debt, and adjustable rate senior loans. The Fund expects to invest between 40% and 70% of its managed assets in equity security holdings and between 30% and 60% of its managed assets in debt security holdings. The Fund's target weighting is approximately 50% equity and 50% debt. Its investment advisor is Nuveen Fund Advisors, LLC. NWQ Investment Management Company, LLC, Security Capital Research & Management Incorporated, Symphony Asset Management, LLC and Wellington Management Company LLP are the sub advisors of the Fund.",Cedric H. Antosiewicz,Asset Management - Income,10.74,USD,0,https://images.financialmodelingprep.com/symbol/JDD.png,30610,2003-09-26,,-0.04,20397.0,,,[],[],,,,,,,,,,,,,,,"[0.196, 0.1025]","['2021-09-14', '2003-11-12']",__nan__,__nan__
447,JEF,Jefferies Financial Group Inc. Common Stock,"Jefferies Financial Group Inc. engages in the investment banking and capital markets, and asset management businesses in the Americas, Europe, the Middle East, Africa, and Asia. The company operates in Investment Banking and Capital Markets, Asset Management, Merchant Banking, and Corporate segments. It provides investment banking, advisory services with respect to mergers or acquisitions, restructurings or recapitalizations and private capital advisory transactions; equity and debt underwriting; and corporate lending. In addition, the company offers financing, securities lending, and other prime brokerage services; equities research and finance; and wealth management services. Further, it provides clients with sales and trading of investment grade corporate bonds, U.S. and European government and agency securities, municipal bonds, mortgage-backed and asset-backed securities, leveraged loans, consumer loans, high yield and distressed securities, emerging markets debt, interest rate, and credit derivative products, as well as foreign exchange trade execution and securitization; and manages, invests in, and provides services to a diverse group of alternative asset management platforms across a spectrum of investment strategies and asset classes. The company was formerly known as Leucadia National Corporation and changed its name to Jefferies Financial Group Inc. in May 2018. Jefferies Financial Group Inc. was founded in 1962 and is headquartered in New York, New York.",Richard Brian Handler,Financial - Capital Markets,40.73,USD,8412740770,https://images.financialmodelingprep.com/symbol/JEF.png,3580266,1980-03-17,13.67,0.88,547938.0,1063270000,710475000,"[{'period': '2025', 'revenue': 10820.0, 'unit': 'M', 'net_profit': 710.48}, {'period': '2024', 'revenue': 10520.0, 'unit': 'M', 'net_profit': 743.38}, {'period': '2023', 'revenue': 7440.0, 'unit': 'M', 'net_profit': 277.69}, {'period': '2022', 'revenue': 7150.0, 'unit': 'M', 'net_profit': 785.45}]","[{'period': ""Q1 '26"", 'revenue': 2870.0, 'unit': 'M', 'net_profit': 175.2}, {'period': ""Q4 '25"", 'revenue': 2950.0, 'unit': 'M', 'net_profit': 215.03}, {'period': ""Q3 '25"", 'revenue': 2910.0, 'unit': 'M', 'net_profit': 252.54}, {'period': ""Q2 '25"", 'revenue': 2490.0, 'unit': 'M', 'net_profit': 99.06}, {'period': ""Q1 '25"", 'revenue': 2470.0, 'unit': 'M', 'net_profit': 143.83}, {'period': ""Q4 '24"", 'revenue': 2850.0, 'unit': 'M', 'net_profit': 232.16}]",2.93,2.83,76012347000,43261226000,14043889000,65369738000,10052513000,27047634000,17775729000,14043889000,-1706984000,-0.7729831913575318,-0.04426789420796547,-0.04870129870129867,"[0.4, 0.4]","['2026-05-18', '1992-12-24']",__nan__,0.8599884174080298
448,JELD,JELD-WEN Holding Inc. Common Stock,"JELD-WEN Holding, Inc. designs, manufactures, and sells doors and windows primarily in North America, Europe, and Australasia. The company offers a line of residential interior and exterior door products, including patio doors, and folding or sliding wall systems; non-residential doors; and wood, vinyl, aluminum, and wood composite windows. It also provides other ancillary products and services, such as shower enclosures and wardrobes, moldings, trim boards, lumber, cutstocks, glasses, staircases, hardware and locks, cabinets, and screens, as well as molded door skins, and miscellaneous installation and other services. The company markets its products under the JELD-WEN, Swedoor, DANA, Corinthian, Stegbar, LaCantina, VPI, and Breezway brands. It serves wholesale distributors and retailers, as well as individual contractors and consumers. The company was founded in 1960 and is headquartered in Charlotte, North Carolina.",William J. Christensen,Construction,1.14,USD,98160383,https://images.financialmodelingprep.com/symbol/JELD.png,1566915,2017-01-27,-0.16,-1.4305e-08,513311.0,-292600000,-619100000,"[{'period': '2025', 'revenue': 3210.0, 'unit': 'M', 'net_profit': -619.1}, {'period': '2024', 'revenue': 3780.0, 'unit': 'M', 'net_profit': -189.02}, {'period': '2023', 'revenue': 4300.0, 'unit': 'M', 'net_profit': 62.45}, {'period': '2022', 'revenue': 4540.0, 'unit': 'M', 'net_profit': 45.73}]","[{'period': ""Q4 '25"", 'revenue': 801.97, 'unit': 'M', 'net_profit': -39.84}, {'period': ""Q3 '25"", 'revenue': 809.5, 'unit': 'M', 'net_profit': -367.6}, {'period': ""Q2 '25"", 'revenue': 823.73, 'unit': 'M', 'net_profit': -21.52}, {'period': ""Q1 '25"", 'revenue': 776.01, 'unit': 'M', 'net_profit': -190.14}, {'period': ""Q4 '24"", 'revenue': 895.73, 'unit': 'M', 'net_profit': -68.4}, {'period': ""Q3 '24"", 'revenue': 934.72, 'unit': 'M', 'net_profit': -74.4}]",-7.25,-7.25,2102800000,1016700000,136100000,2008500000,361200000,0,575800000,136100000,-124700000,-14.17721233956316,-2.2753147815046026,-2.2657657657657655,__nan__,__nan__,__nan__,0.9551550313867224
449,JEMD,Nuveen Emerging Markets Debt 2022 Target Term Fund Common Shares of Beneficial Interest $0.01 par value per share,,Cedric H. Antosiewicz,Asset Management,6.63,USD,94467555,https://images.financialmodelingprep.com/symbol/JEMD.png,0,2017-09-26,23.678571428571427,-0.0035,21540.0,4048053,4048053,"[{'period': '2021', 'revenue': 4.17, 'unit': 'M', 'net_profit': 4.05}, {'period': '2020', 'revenue': -7.41, 'unit': 'M', 'net_profit': -7.54}, {'period': '2019', 'revenue': 11.97, 'unit': 'M', 'net_profit': 11.84}, {'period': '2018', 'revenue': -11.78, 'unit': 'M', 'net_profit': -11.95}]","[{'period': ""Q4 '17"", 'revenue': 1.45, 'unit': 'M', 'net_profit': 1.38}]",0.28,0.28,145157102,2298773,10806,33717339,2287967,142857762,514354,10806,3747779,1.5368598249233911,1.5368598249233911,1.528301886792453,"[0.019, 0.0435]","['2022-10-13', '2017-11-14']",__nan__,0.2322817039981964
450,JEQ,Aberdeen Japan Equity Fund Inc.  Common Stock,"Abrdn Japan Equity Fund Inc is a close ended equity mutual fund launched and managed by Aberdeen Standard Investments (Asia) Limited. It invests in the public equity markets of Japan. The fund invests in stocks of companies operating across diversified sectors. It employs quantitative analysis to build its portfolio. The fund employs a quantitative analysis to create its portfolio. It benchmarks the performance of its portfolio against the TOPIX Index. The fund was previously known as Japan Equity Fund, Inc. Abrdn Japan Equity Fund Inc was formed on July 12, 1990 and is domiciled in the United States.",Gary Robert Marshall,Asset Management,8.05,USD,113875059,https://images.financialmodelingprep.com/symbol/JEQ.png,121784,1992-08-14,11.027397260273972,-0.24,97211.0,18925896,18925896,"[{'period': '2024', 'revenue': 19.55, 'unit': 'M', 'net_profit': 18.93}, {'period': '2023', 'revenue': -6.69, 'unit': 'M', 'net_profit': 6.13}, {'period': '2022', 'revenue': -43.75, 'unit': 'M', 'net_profit': -44.41}, {'period': '2021', 'revenue': 18.43, 'unit': 'M', 'net_profit': 17.79}]","[{'period': ""Q2 '25"", 'revenue': 1.05, 'unit': 'M', 'net_profit': 7.24}, {'period': ""Q4 '24"", 'revenue': 1.0, 'unit': 'M', 'net_profit': 2.88}, {'period': ""Q2 '24"", 'revenue': 0.91644, 'unit': 'M', 'net_profit': 16.05}, {'period': ""Q4 '23"", 'revenue': -3.16, 'unit': 'M', 'net_profit': -3.62}, {'period': ""Q2 '23"", 'revenue': 0.90476, 'unit': 'M', 'net_profit': 9.74}, {'period': ""Q4 '22"", 'revenue': -2.88, 'unit': 'M', 'net_profit': -10.64}]",1.35,1.35,108172058,2146824,663947,10773340,1440548,106025234,10773340,663947,4913065,2.159338294775929,2.0897212574839545,1.9347826086956523,"[0.6944, 0.8217]","['2025-09-29', '1993-12-14']",__nan__,0.09959448122915439
451,JFR,Nuveen Floating Rate Income Fund Common Stock,"Nuveen Floating Rate Income Fund is a close ended fixed income mutual fund launched by Nuveen Investments, Inc. It is co-managed by Nuveen Fund Advisors LLC and Symphony Asset Management LLC. The fund invests in fixed income markets of the United States. It primarily invests in adjustable rate secured and unsecured senior loans. Nuveen Floating Rate Income Fund was formed on March 24, 2004 and is domiciled in the United States.",Gunther Maurice Stein,Asset Management - Income,7.242,USD,970833566,https://images.financialmodelingprep.com/symbol/JFR.png,970318,2004-03-25,12.93,0.07700006,476092.0,0,103982858,"[{'period': '2025', 'revenue': 173.82, 'unit': 'M', 'net_profit': 103.98}, {'period': '2024', 'revenue': 160.24, 'unit': 'M', 'net_profit': 156.21}, {'period': '2023', 'revenue': 35.11, 'unit': 'M', 'net_profit': 34.84}, {'period': '2022', 'revenue': -13.36, 'unit': 'M', 'net_profit': -15.01}]","[{'period': ""Q4 '25"", 'revenue': 61.76, 'unit': 'M', 'net_profit': 46.33}, {'period': ""Q2 '25"", 'revenue': 86.59, 'unit': 'M', 'net_profit': 57.65}, {'period': ""Q4 '24"", 'revenue': 94.45, 'unit': 'M', 'net_profit': 70.94}, {'period': ""Q2 '24"", 'revenue': 92.9, 'unit': 'M', 'net_profit': 85.26}, {'period': ""Q4 '23"", 'revenue': 18.45, 'unit': 'M', 'net_profit': 15.39}, {'period': ""Q2 '23"", 'revenue': 16.66, 'unit': 'M', 'net_profit': 19.46}]",0.65,0.65,2315405502,31288616,4467098,894902481,26345732,2284116886,90968620,4467098,-112622478,0,-0.3343322684094672,-0.44444444444444436,"[0.078, 0.0675]","['2026-03-13', '2004-05-13']",__nan__,0.3864992461264351
452,JGH,Nuveen Global High Income Fund Common Shares of Beneficial Interest,"Nuveen Global High Income Fund is a closed-ended fixed income mutual fund launched by Nuveen Investments, Inc. The fund is co-managed by Nuveen Fund Advisors LLC and Nuveen Asset Management, LLC. It invests in fixed income markets across the globe. The fund primarily invests in U.S. high-yield bonds, non-U.S. high-yield bonds from developed and emerging markets, corporate debt securities, U.S. and foreign government debt securities, mortgage and asset-backed securities, preferred securities, secured and unsecured loans, and convertible debt securities. It seeks to invest in below investment grade securities rated BB/Ba or lower. The fund uses a diversified global high-income strategy, which blends high-yield bonds and other income producing securities from around the world, and across the capital structure and credit spectrum, to create its portfolio. It benchmarks the performance of its portfolio against the Barclays Global High Yield Index. Nuveen Global High Income Fund was formed on August 5, 2014 and is domiciled in the United States.",John T. Fruit,Asset Management - Income,11.97,USD,277433484,https://images.financialmodelingprep.com/symbol/JGH.png,113688,2014-11-24,10.14,0.05000072,28080.0,40863821,34218907,"[{'period': '2025', 'revenue': 35.47, 'unit': 'M', 'net_profit': 34.22}, {'period': '2024', 'revenue': 25.58, 'unit': 'M', 'net_profit': 39.71}, {'period': '2023', 'revenue': 18.54, 'unit': 'M', 'net_profit': 42.23}, {'period': '2022', 'revenue': 9.64, 'unit': 'M', 'net_profit': -57.55}]","[{'period': ""Q4 '25"", 'revenue': 19.17, 'unit': 'M', 'net_profit': 21.65}, {'period': ""Q2 '25"", 'revenue': 16.3, 'unit': 'M', 'net_profit': 12.57}, {'period': ""Q4 '24"", 'revenue': 15.14, 'unit': 'M', 'net_profit': 25.65}, {'period': ""Q2 '24"", 'revenue': 10.44, 'unit': 'M', 'net_profit': 14.06}, {'period': ""Q4 '23"", 'revenue': 12.69, 'unit': 'M', 'net_profit': 29.9}, {'period': ""Q2 '23"", 'revenue': 5.84, 'unit': 'M', 'net_profit': 12.33}]",1.22,1.22,558976528,8405821,0,171359885,8405821,550530370,127173978,0,23870260,-0.12782445546203608,-0.1382660306084487,-0.28654970760233917,"[0.1035, 0.126]","['2026-03-13', '2015-01-13']",__nan__,0.30656007259038254
453,JHAA,Nuveen Corporate Income 2023 Target Term Fund,,Christopher David Williams,Asset Management - Income,9.7041,USD,74639570,https://images.financialmodelingprep.com/symbol/JHAA.png,12600,2018-12-19,20.216875,0.0041,1055.0,-1569094,-2174859,"[{'period': '2022', 'revenue': -2.02, 'unit': 'M', 'net_profit': -2.17}, {'period': '2021', 'revenue': 3.14, 'unit': 'M', 'net_profit': 3.01}, {'period': '2020', 'revenue': 1.86, 'unit': 'M', 'net_profit': 1.69}, {'period': '2019', 'revenue': 8.62, 'unit': 'M', 'net_profit': 8.47}]",[],-0.28,-0.28,101797411,1156812,43125,28922308,1113687,100639786,4320466,43125,3251980,-1.5210911373320004,-1.7222637712251383,-1.717948717948718,"[0.0185, 0.052]","['2023-10-12', '2019-02-14']",__nan__,0.2841163416228729
454,JHB,Nuveen Corporate Income November 2021 Target Term Fund,"Nuveen High Income November 2021 Target Term Fund is a diversified, closed-end management investment company. The Fund's investment objectives are to provide a high level of current income and to return $9.85 per share to holders of common shares on or about November 1, 2021 (the termination date). The Fund invests in a portfolio of primarily below investment grade corporate debt securities. The Fund may invest in other types of securities including senior loans, convertible securities and other types of debt instruments and derivatives that provide comparable economic exposure to the corporate debt market. At least 80% of its managed assets will be in corporate debt securities and separately, at least 80% in securities that, at the time of investment, are rated below investment grade or are unrated but judged by the managers to be of comparable quality. Nuveen Fund Advisors, LLC is the Fund’s advisor.",None,Financial - Diversified,9.3993,USD,0,https://images.financialmodelingprep.com/symbol/JHB.png,89806,2016-08-24,,0.00929928,161700.0,,,[],[],,,,,,,,,,,,,,,"[0.007, 0.05]","['2021-09-14', '2016-10-12']",__nan__,__nan__
455,JHG,Janus Henderson Group plc Ordinary Shares,"Janus Henderson Group plc is an asset management holding entity. Through its subsidiaries, the firm provides services to institutional, retail clients, and high net worth clients. It manages separate client-focused equity and fixed income portfolios. The firm also manages equity, fixed income, and balanced mutual funds for its clients. It invests in public equity and fixed income markets, as well as invests in real estate and private equity. Janus Henderson Group plc was founded in 1934 and is based in London, United Kingdom with additional offices in Jersey, United Kingdom and Sydney, Australia.",Ali Dibadj,Asset Management,51.38,USD,7916425045,https://images.financialmodelingprep.com/symbol/JHG.png,2576520,2017-05-30,9.82,1.068115e-06,1769315.0,564700000,798300000,"[{'period': '2025', 'revenue': 3100.0, 'unit': 'M', 'net_profit': 798.3}, {'period': '2024', 'revenue': 2470.0, 'unit': 'M', 'net_profit': 408.9}, {'period': '2023', 'revenue': 2100.0, 'unit': 'M', 'net_profit': 392.0}, {'period': '2022', 'revenue': 2200.0, 'unit': 'M', 'net_profit': 372.4}]","[{'period': ""Q4 '25"", 'revenue': 1140.0, 'unit': 'M', 'net_profit': 394.0}, {'period': ""Q3 '25"", 'revenue': 700.4, 'unit': 'M', 'net_profit': 138.8}, {'period': ""Q2 '25"", 'revenue': 633.2, 'unit': 'M', 'net_profit': 146.5}, {'period': ""Q1 '25"", 'revenue': 621.4, 'unit': 'M', 'net_profit': 118.3}, {'period': ""Q4 '24"", 'revenue': 708.3, 'unit': 'M', 'net_profit': 121.8}, {'period': ""Q3 '24"", 'revenue': 624.8, 'unit': 'M', 'net_profit': 27.3}]",5.23,5.23,8287000000,1253900000,1618500000,2167000000,0,0,23300000,1253900000,0,-0.1370721271393643,0.9523110785033015,1.0350194552529186,"[0.4, 0.0818]","['2025-11-10', '2012-05-02']",__nan__,0.26149390611801615
456,JHI,John Hancock Investors Trust Common Stock,"John Hancock Investors Trust is a closed-ended fixed income mutual fund launched and managed by John Hancock Investment Management LLC. It is co-managed by John Hancock Asset Management. It invests in the fixed income markets across the globe. The fund primarily invests in a diversified portfolio of corporate and government bonds, debt securities. It benchmarks the performance of its portfolio against the Barclays Capital U.S. Aggregate Bond Index. John Hancock Investors Trust was formed on January 29, 1971 and is domiciled in the United States.",Jeffrey N. Given,Asset Management,12.655,USD,110662242,https://images.financialmodelingprep.com/symbol/JHI.png,26422,1980-03-17,10.91,0.045,15997.0,10099629,10099629,"[{'period': '2025', 'revenue': 14.79, 'unit': 'M', 'net_profit': 10.1}, {'period': '2024', 'revenue': 14.13, 'unit': 'M', 'net_profit': 20.74}, {'period': '2023', 'revenue': 1.44, 'unit': 'M', 'net_profit': 9.16}, {'period': '2022', 'revenue': 13.6, 'unit': 'M', 'net_profit': -34.74}]","[{'period': ""Q4 '25"", 'revenue': 7.32, 'unit': 'M', 'net_profit': 9.95}, {'period': ""Q2 '25"", 'revenue': 7610.0, 'unit': 'K', 'net_profit': 151.8}, {'period': ""Q4 '24"", 'revenue': 7.92, 'unit': 'M', 'net_profit': 8.3}, {'period': ""Q2 '24"", 'revenue': 6.44, 'unit': 'M', 'net_profit': 12.43}, {'period': ""Q4 '23"", 'revenue': 6800.0, 'unit': 'K', 'net_profit': 36.7}, {'period': ""Q2 '23"", 'revenue': 6.64, 'unit': 'M', 'net_profit': 9.12}]",1.15,1.15,220357361,4120177,237767,90579735,3882410,497,3578465,237767,9327650,-0.18681370795813337,-0.5129894581490441,-0.5147679324894515,"[0.2631, 0.56]","['2026-03-12', '1985-07-15']",__nan__,0.4110583580641084
