,symbol,name,description__profile,ceo__profile,industry__profile,price__profile,currency__profile,mktCap__profile,image__profile,volAvg__profile,ipoDate__profile,pe__quote,change__quote,volume__quote,ebitda__income_statement,netIncome__income_statement,annual_earnings,quaterly_earnings,eps__income_statement,epsdiluted__income_statement,totalAssets__balance_sheet_statement,totalCurrentAssets__balance_sheet_statement,cashAndShortTermInvestments__balance_sheet_statement,totalLiabilities__balance_sheet_statement,netReceivables__balance_sheet_statement,longTermInvestments__balance_sheet_statement,totalCurrentLiabilities__balance_sheet_statement,cashAndCashEquivalents__balance_sheet_statement,freeCashFlow__cash_flow_statement,growthEBITDA__income_statement_growth,growthNetIncome__income_statement_growth,growthEPS__income_statement_growth,dividend__historical-price-full/stock_dividend,date__historical-price-full/stock_dividend,derived__netIncomeMargin,derived__debtRatio
0,NWG,NatWest Group plc American Depositary Shares,"NatWest Group plc, together with its subsidiaries, provides banking and financial products and services to personal, commercial, corporate, and institutional customers in the United Kingdom and internationally. It operates through Retail Banking, Commercial Banking, Private Banking, RBS International, and NatWest Markets segments. The Retail Banking segment offers a range of banking products and related financial services, such as current accounts, mortgages, personal unsecured lending, and personal deposits, as well as mobile and online banking services. The Commercial Banking segment offers banking and financing solutions to start-up, SME, commercial, corporate, and institutional customers. The Private Banking segment provides private banking and wealth management products for high-net-worth individuals and their business interests. The RBS International segment offers banking various products and services to institutional customers. It also operates in wholesale branches and fund depositary service businesses. The NatWest Markets segment provides services to corporate and institutional customers for the management of financial risks for achieving short-term and long-term sustainable financial goals. NatWest Group plc operates approximately 800 branches and 16,000 physical points of presence. The company was formerly known as The Royal Bank of Scotland Group plc and changed its name to NatWest Group plc in July 2020. NatWest Group plc was founded in 1727 and is headquartered in Edinburgh, the United Kingdom.",John-Paul Thwaite,Banks - Diversified,14.27,USD,28571922418,https://images.financialmodelingprep.com/symbol/NWG.png,3639722.0,2007-10-18,7.93,-0.03,4608323,8862000000,5831000000,"[{'period': '2025', 'revenue': 29.48, 'unit': 'B', 'net_profit': 5.83}, {'period': '2024', 'revenue': 28.57, 'unit': 'B', 'net_profit': 4.8}, {'period': '2023', 'revenue': 24.76, 'unit': 'B', 'net_profit': 4.64}, {'period': '2022', 'revenue': 16.15, 'unit': 'B', 'net_profit': 3.59}]","[{'period': ""Q4 '25"", 'revenue': 7.39, 'unit': 'B', 'net_profit': 1.48}, {'period': ""Q3 '25"", 'revenue': 7.55, 'unit': 'B', 'net_profit': 1.68}, {'period': ""Q2 '25"", 'revenue': 7.25, 'unit': 'B', 'net_profit': 1.33}, {'period': ""Q1 '25"", 'revenue': 7.27, 'unit': 'B', 'net_profit': 1.34}, {'period': ""Q4 '24"", 'revenue': 7.26, 'unit': 'B', 'net_profit': 1.33}, {'period': ""Q3 '24"", 'revenue': 7.29, 'unit': 'B', 'net_profit': 1.25}]",2.72,2.7,714553000000,98304000000,98233000000,671940000000,71000000,445951000000,480310000000,85348000000,5790000000,0.22183923893561286,0.21428571428571427,0.28301886792452835,"[0.60633, 0.022953]","['2026-03-20', '2008-03-05']",__nan__,0.9403641157478871
1,NWHM,New Home Company Inc. (The) Common Stock,"The New Home Co., Inc. designs, constructs and sells homes. The company is headquartered in Aliso Viejo, California and currently employs 322 full-time employees. The firm focuses on the design, construction and sale of consumer-driven homes in various metropolitan areas within certain markets in California and Arizona, including coastal Southern California, the San Francisco Bay area, metro Sacramento and the greater Phoenix area. The firm's segments include homebuilding and fee building. The homebuilding operations consist of divisions in Northern California, Southern California and its division in Arizona, which is established through the purchase of lots in an unconsolidated joint venture. The firm is focused on building and selling homes for its own account. The company is focused on identifying sites and creating communities that allow it to design, construct and sell consumer-driven single-family detached and attached homes in major metropolitan areas in coastal Southern California, the San Francisco Bay area, metro Sacramento and the greater Phoenix area.",Leonard Miller,Residential Construction,8.99,USD,0,https://images.financialmodelingprep.com/symbol/NWHM.png,262052.0,2014-01-31,0.0,0.00500011,0,-49030000,-32819000,"[{'period': '2020', 'revenue': 507.41, 'unit': 'M', 'net_profit': -32.82}, {'period': '2019', 'revenue': 669.35, 'unit': 'M', 'net_profit': -8.04}, {'period': '2018', 'revenue': 667.57, 'unit': 'M', 'net_profit': -14.22}, {'period': '2017', 'revenue': 751.17, 'unit': 'M', 'net_profit': 17.15}]","[{'period': ""Q2 '21"", 'revenue': 140.53, 'unit': 'M', 'net_profit': 4.77}, {'period': ""Q1 '21"", 'revenue': 99160.0, 'unit': 'K', 'net_profit': 553.0}, {'period': ""Q4 '20"", 'revenue': 145.57, 'unit': 'M', 'net_profit': -1.24}, {'period': ""Q3 '20"", 'revenue': 130.84, 'unit': 'M', 'net_profit': 1.19}, {'period': ""Q2 '20"", 'revenue': 98.96, 'unit': 'M', 'net_profit': -24.29}, {'period': ""Q1 '20"", 'revenue': 132.03, 'unit': 'M', 'net_profit': -8.48}]",-1.8,-1.8,495699000,468935000,107279000,298257000,12322000,2107000,21608000,107279000,92791000,-15.936096718480139,-3.0834888640039817,-3.4999999999999996,__nan__,__nan__,__nan__,0.6016897351013417
2,NWN,Northwest Natural Holding Company Common Stock,"Northwest Natural Holding Company, through its subsidiary, Northwest Natural Gas Company, provides regulated natural gas distribution services to residential, commercial, industrial, and transportation customers in Oregon and Southwest Washington. The company also operates 5.7 billion cubic feet of the Mist gas storage facility contracted to other utilities and third-party marketers; offers natural gas asset management services; and operates an appliance retail center. In addition, it engages in the gas storage, water, non-regulated renewable natural gas, and other investments and activities. The company provides natural gas service through approximately 786,000 meters in Oregon and southwest Washington; and water services to a total of approximately 80,000 people through approximately 33,000 water and wastewater connections in the Pacific Northwest and Texas. Northwest Natural Holding Company was founded in 1859 and is headquartered in Portland, Oregon.",Justin Palfreyman,Regulated Gas,52.83,USD,2195815554,https://images.financialmodelingprep.com/symbol/NWN.png,310176.0,1990-03-26,19.07,-0.03,150465,470557000,113319000,"[{'period': '2025', 'revenue': 1290.0, 'unit': 'M', 'net_profit': 113.32}, {'period': '2024', 'revenue': 1150.0, 'unit': 'M', 'net_profit': 78.87}, {'period': '2023', 'revenue': 1200.0, 'unit': 'M', 'net_profit': 93.87}, {'period': '2022', 'revenue': 1040.0, 'unit': 'M', 'net_profit': 86.3}]","[{'period': ""Q4 '25"", 'revenue': 394.16, 'unit': 'M', 'net_profit': 57.79}, {'period': ""Q3 '25"", 'revenue': 164.73, 'unit': 'M', 'net_profit': -29.89}, {'period': ""Q2 '25"", 'revenue': 236.19, 'unit': 'M', 'net_profit': -2.5}, {'period': ""Q1 '25"", 'revenue': 494.28, 'unit': 'M', 'net_profit': 87.92}, {'period': ""Q4 '24"", 'revenue': 370.88, 'unit': 'M', 'net_profit': 45.0}, {'period': ""Q3 '24"", 'revenue': 136.93, 'unit': 'M', 'net_profit': -27.17}]",2.77,2.77,6236619000,602932000,41077000,4761543000,215045000,202512000,836445000,41077000,-197769000,0.3518101432371716,0.436763829544446,0.36453201970443366,"[0.4925, 0.6003]","['2026-01-30', '1989-07-25']",__nan__,0.7634814632736102
3,NX,Quanex Building Products Corporation Common Stock,"Quanex Building Products Corporation, together with its subsidiaries, provides components for the fenestration industry in the United States, Europe, Canada, Asia, and internationally. The company operates through three segments: North American Fenestration, European Fenestration, and North American Cabinet Components. It offers flexible insulating glass spacers, extruded vinyl profiles, window and door screens, and precision-formed metal and wood products, as well as cabinet doors and other components for original equipment manufacturers (OEMs) in the kitchen and bathroom cabinet industry. The company also provides various non-fenestration components and products, including solar panel sealants, trim moldings, vinyl decking, fencing, water retention barriers, and conservatory roof components. It sells its products to OEMs in the building products industry through sales representatives, direct sales force, distributors, and independent sales agents. The company was founded in 1927 and is based in Houston, Texas.",George L. Wilson,Construction,17.43,USD,800706295,https://images.financialmodelingprep.com/symbol/NX.png,620147.0,1980-03-17,-3.35,-0.14,227144,-83337000,-250806000,"[{'period': '2025', 'revenue': 1840.0, 'unit': 'M', 'net_profit': -250.81}, {'period': '2024', 'revenue': 1280.0, 'unit': 'M', 'net_profit': 33.06}, {'period': '2023', 'revenue': 1130.0, 'unit': 'M', 'net_profit': 82.5}, {'period': '2022', 'revenue': 1220.0, 'unit': 'M', 'net_profit': 88.34}]","[{'period': ""Q1 '26"", 'revenue': 409.09, 'unit': 'M', 'net_profit': -4.07}, {'period': ""Q4 '25"", 'revenue': 489.85, 'unit': 'M', 'net_profit': 19.57}, {'period': ""Q3 '25"", 'revenue': 495.27, 'unit': 'M', 'net_profit': -276.01}, {'period': ""Q2 '25"", 'revenue': 452.48, 'unit': 'M', 'net_profit': 20.52}, {'period': ""Q1 '25"", 'revenue': 400.04, 'unit': 'M', 'net_profit': -14.88}, {'period': ""Q4 '24"", 'revenue': 492.16, 'unit': 'M', 'net_profit': -13.92}]",-5.43,-5.43,1968233000,573775000,76018000,1242054000,205384000,0,281545000,76018000,102255000,-1.6775200604863296,-8.58661786502919,-6.967032967032966,"[0.08, 0.06]","['2026-03-17', '1988-10-07']",__nan__,0.6310502872373343
4,NXC,Nuveen California Select Tax-Free Income Portfolio Common Stock,"Nuveen California Select Tax-Free Income Portfolio is a closed-ended fixed income mutual fund launched by Nuveen Investments Inc. The fund is co-managed by Nuveen Fund Advisors LLC and Nuveen Asset Management, LLC. It invests in the fixed income markets of California. The fund invests in the securities of companies that operate across diversified sectors. It primarily invests in municipal bonds. The fund employs fundamental analysis to create its portfolio. It benchmarks the performance of its portfolio against Barclays Capital California Municipal Bond Index and S&P California Municipal Bond Index. Nuveen California Select Tax-Free Income Portfolio was formed on June 19, 1992 and is domiciled in the United States.",,Asset Management - Income,13.29,USD,85773979,https://images.financialmodelingprep.com/symbol/NXC.png,24352.0,1992-06-19,-34.07692307692308,0.02,76961,0,2248536,"[{'period': '2024', 'revenue': 3.7, 'unit': 'M', 'net_profit': 2.25}, {'period': '2023', 'revenue': 5.19, 'unit': 'M', 'net_profit': 5.1}, {'period': '2022', 'revenue': 1.85, 'unit': 'M', 'net_profit': -5.99}, {'period': '2021', 'revenue': 3.5, 'unit': 'M', 'net_profit': -1.39}]","[{'period': ""Q2 '25"", 'revenue': 1.74, 'unit': 'M', 'net_profit': -3.5}, {'period': ""Q4 '24"", 'revenue': 507.62, 'unit': 'K', 'net_profit': 972.93}, {'period': ""Q2 '24"", 'revenue': 1.86, 'unit': 'M', 'net_profit': 1.28}, {'period': ""Q4 '23"", 'revenue': 1.85, 'unit': 'M', 'net_profit': 4.11}, {'period': ""Q2 '23"", 'revenue': 1850.0, 'unit': 'K', 'net_profit': 986.52}, {'period': ""Q4 '22"", 'revenue': 1820.0, 'unit': 'K', 'net_profit': 287.46}]",0.35,0.35,88786861,1159166,390878,362394,768288,87455988,280644,390878,0,-1.0,-0.5589297494325615,-0.5625,"[0.043, 0.0681]","['2025-12-15', '1992-09-09']",__nan__,0.004081617436615987
5,NXJ,Nuveen New Jersey Qualified Municipal Fund ,"Nuveen New Jersey Quality Municipal Income Fund is a closed ended fixed income mutual fund launched by Nuveen Investments, Inc. The fund is co-managed by Nuveen Fund Advisors LLC and Nuveen Asset Management, LLC. It invests in the fixed income markets of New Jersey. The fund invests in undervalued municipal securities and other related investments that are, exempt from regular federal and New Jersey income taxes that are rated Baa or BBB or better. It employs fundamental analysis with bottom-up stock picking approach to create its portfolio. The fund benchmarks the performance of its portfolio against the Standard & Poor's (S&P) New Jersey Municipal Bond Index. The fund was formerly known as Nuveen New Jersey Dividend Advantage Municipal Fund. Nuveen New Jersey Quality Municipal Income Fund was formed on June 1, 1999 and is domiciled in the United States.",,Asset Management - Income,11.94,USD,492321244,https://images.financialmodelingprep.com/symbol/NXJ.png,118471.0,2002-09-12,-24.87,-0.1,125950,-19705876,-19705876,"[{'period': '2025', 'revenue': -4.51, 'unit': 'M', 'net_profit': -19.71}, {'period': '2024', 'revenue': 18.58, 'unit': 'M', 'net_profit': 3.68}, {'period': '2023', 'revenue': 36.0, 'unit': 'M', 'net_profit': 37.15}, {'period': '2022', 'revenue': 36.12, 'unit': 'M', 'net_profit': -65.14}]","[{'period': ""Q4 '24"", 'revenue': -0.18132, 'unit': 'M', 'net_profit': -1.47}, {'period': ""Q3 '24"", 'revenue': -0.18132, 'unit': 'M', 'net_profit': -1.47}, {'period': ""Q2 '24"", 'revenue': 9.47, 'unit': 'M', 'net_profit': 3.3}, {'period': ""Q1 '24"", 'revenue': 9.47, 'unit': 'M', 'net_profit': 3.3}, {'period': ""Q4 '22"", 'revenue': 9020000.0, 'unit': '', 'net_profit': 631.44}, {'period': ""Q3 '22"", 'revenue': 9020.0, 'unit': '', 'net_profit': 631.44}]",0.0,0.0,885946004,200300,200300,380727218,0,0,3858143,200300,50324363,0.0,-6.361536217941044,-1.0,"[0.0785, 0.067]","['2026-03-13', '1993-03-09']",__nan__,0.4297408829443741
6,NXN,Nuveen New York Select Tax-Free Income Portfolio Common Stock,"Nuveen New York Select Tax-Free Income Portfolio is a closed-ended fixed income mutual fund launched by Nuveen Investments Inc. The fund is co-managed by Nuveen Fund Advisors LLC and Nuveen Asset Management, LLC. It invests in the fixed income markets of New York. The fund invests in the securities of companies that operate across diversified sectors. It primarily invests in municipal bonds with an average credit quality of Baa/BBB or better. The fund employs fundamental analysis to create its portfolio. It benchmarks the performance of its portfolio against Barclays Capital New York Municipal Bond Index and S&P New York Municipal Bond Index. Nuveen New York Select Tax-Free Income Portfolio was formed on June 19, 1992 and is domiciled in the United States.",William Huffman,Asset Management - Income,12.14,USD,47648213,https://images.financialmodelingprep.com/symbol/NXN.png,11122.0,1992-06-19,-37.9375,0.07,12687,0,1588973,"[{'period': '2024', 'revenue': 2.22, 'unit': 'M', 'net_profit': 1.59}, {'period': '2023', 'revenue': 1.66, 'unit': 'M', 'net_profit': 2.99}, {'period': '2022', 'revenue': -0.48637, 'unit': 'M', 'net_profit': -3.9}, {'period': '2021', 'revenue': 1840.0, 'unit': 'K', 'net_profit': -315.23}]","[{'period': ""Q2 '25"", 'revenue': 1.11, 'unit': 'M', 'net_profit': -1.85}, {'period': ""Q4 '24"", 'revenue': 1090.0, 'unit': 'K', 'net_profit': 593.2}, {'period': ""Q2 '24"", 'revenue': 1090.0, 'unit': 'K', 'net_profit': 995.77}, {'period': ""Q4 '23"", 'revenue': 0.80498, 'unit': 'M', 'net_profit': 2.15}, {'period': ""Q2 '23"", 'revenue': 855.6, 'unit': 'K', 'net_profit': 834.83}, {'period': ""Q4 '22"", 'revenue': 1020.0, 'unit': 'K', 'net_profit': 123.86}]",0.4,0.4,49913635,2317707,685136,221850,1632571,47588994,156819,685136,0,-1.0,-0.4680038556146635,-0.47368421052631576,"[0.042, 0.0668]","['2025-12-15', '1992-09-09']",__nan__,0.004444677291084891
7,NXP,Nuveen Select Tax Free Income Portfolio Common Stock,"Nuveen Select Tax-Free Income Portfolio is a closed-ended fixed income mutual fund launched by Nuveen Investments Inc. The fund is co-managed by Nuveen Fund Advisors LLC and Nuveen Asset Management, LLC. It invests in the fixed income markets of United States. The fund invests in the investment-grade municipal securities rated Baa and BBB or better. It benchmarks the performance of its portfolio against the Standard & Poor's (S&P) National Municipal Bond Index and Lipper General and Insured Unleveraged Municipal Debt Funds Average. Nuveen Select Tax-Free Income Portfolio was formed on March 19, 1992 and is domiciled in the United States.",Thomas C. Spalding Jr.,Asset Management - Income,14.22,USD,739533653,https://images.financialmodelingprep.com/symbol/NXP.png,171567.0,1992-03-19,94.8,0.06,223494,9543995,9543995,"[{'period': '2024', 'revenue': 10.16, 'unit': 'M', 'net_profit': 9.54}, {'period': '2023', 'revenue': 27.53, 'unit': 'M', 'net_profit': 31.4}, {'period': '2022', 'revenue': 81.62, 'unit': 'K', 'net_profit': -299.2}, {'period': '2021', 'revenue': 15.29, 'unit': 'M', 'net_profit': -44.13}]","[{'period': ""Q2 '25"", 'revenue': 12.33, 'unit': 'M', 'net_profit': 18.83}, {'period': ""Q4 '24"", 'revenue': 16.96, 'unit': 'M', 'net_profit': -10.5}, {'period': ""Q2 '24"", 'revenue': 15.98, 'unit': 'M', 'net_profit': 20.04}, {'period': ""Q4 '23"", 'revenue': 15.36, 'unit': 'M', 'net_profit': 54.82}, {'period': ""Q2 '23"", 'revenue': 14.82, 'unit': 'M', 'net_profit': -23.42}, {'period': ""Q4 '22"", 'revenue': 14.53, 'unit': 'M', 'net_profit': 47.89}]",0.19,0.19,755134842,20177232,6004638,30832600,14172594,734669043,4024907,6004638,0,2.3953061220133636,-0.6960395467279726,-0.7076923076923077,"[0.0535, 0.079]","['2026-03-13', '1992-06-09']",__nan__,0.04083058850567512
8,NXQ,Nuveen Select Tax Free Income Portfolio II Common Stock,"Nuveen Select Tax-Free Income Portfolio 2 is a diversified closed-end management investment company. The Fund's investment objective is that it seeks to provide current income and stable dividends, exempt from regular federal and designated state income taxes, where applicable, consistent with the preservation of capital by investing primarily in a portfolio of municipal obligations. The Fund's portfolio composition includes various sectors, such as tax obligation/limited, tax obligation/general, healthcare, transportation, consumer staples, the United States guaranteed and Other. The Fund's portfolio spans various states and territories, including California, Illinois, Texas, New Jersey, Colorado, Washington, Florida, Virginia, New York, Missouri, Iowa, Michigan, Minnesota, Nevada and Other. The Fund's investment advisor is Nuveen Fund Advisors, LLC, which is a subsidiary of Nuveen Investments, Inc. (Nuveen).",,Asset Management - Income,15.04,USD,0,https://images.financialmodelingprep.com/symbol/NXQ.png,25813.0,1992-05-21,,-0.0299997,38459,,,[],[],,,,,,,,,,,,,,,"[0.055, 0.0756]","['2021-12-02', '1992-08-10']",__nan__,__nan__
9,NXR,Nuveen Select Tax Free Income Portfolio III Common Stock,"Nuveen Select Tax-Free Income Portfolio 3 is a diversified closed-end management investment company. The Fund's investment objective is that it seeks to provide current income and stable dividends, exempt from regular federal and designated state income taxes, where applicable, consistent with the preservation of capital by investing primarily in a portfolio of municipal obligations. The Fund's portfolio composition includes various sectors, such as tax obligation/limited, tax obligation/general, healthcare, transportation, consumer staples, the United States guaranteed and Other. The Fund's portfolio spans various states and territories, including California, Illinois, Texas, New Jersey, Colorado, Washington, Florida, Virginia, New York, Missouri, Iowa, Michigan, Minnesota, Nevada and Other. The Fund's investment advisor is Nuveen Fund Advisors, LLC, which is a subsidiary of Nuveen Investments, Inc. (Nuveen).",,Asset Management - Income,16.56,USD,0,https://images.financialmodelingprep.com/symbol/NXR.png,15150.0,1992-07-24,,-0.15,8245,,,[],[],,,,,,,,,,,,,,,"[0.096, 0.0706]","['2021-12-02', '1992-10-08']",__nan__,__nan__
10,NXRT,NexPoint Residential Trust Inc. Common Stock,"NexPoint Residential Trust is a publicly traded REIT, with its shares listed on the New York Stock Exchange under the symbol NXRT, primarily focused on acquiring, owning and operating well-located middle-income multifamily properties with value-add potential in large cities and suburban submarkets of large cities, primarily in the Southeastern and Southwestern United States. NXRT is externally advised by NexPoint Real Estate Advisors, L.P., an affiliate of NexPoint Advisors, L.P., an SEC-registered investment advisor, which has extensive real estate experience.",James David Dondero,REIT - Residential,24.6,USD,624592180,https://images.financialmodelingprep.com/symbol/NXRT.png,213655.0,2015-03-19,-19.52,-0.52,180352,124460000,-32027000,"[{'period': '2025', 'revenue': 251.28, 'unit': 'M', 'net_profit': -32.03}, {'period': '2024', 'revenue': 259.7, 'unit': 'M', 'net_profit': 1.11}, {'period': '2023', 'revenue': 277.53, 'unit': 'M', 'net_profit': 44.26}, {'period': '2022', 'revenue': 263.95, 'unit': 'M', 'net_profit': -9.26}]","[{'period': ""Q4 '25"", 'revenue': 64.01, 'unit': 'M', 'net_profit': -10.31}, {'period': ""Q3 '25"", 'revenue': 62.83, 'unit': 'M', 'net_profit': -7.79}, {'period': ""Q2 '25"", 'revenue': 61.23, 'unit': 'M', 'net_profit': -7.03}, {'period': ""Q1 '25"", 'revenue': 63.22, 'unit': 'M', 'net_profit': -6.9}, {'period': ""Q4 '24"", 'revenue': 63.79, 'unit': 'M', 'net_profit': -26.93}, {'period': ""Q3 '24"", 'revenue': 64.09, 'unit': 'M', 'net_profit': -8.85}]",-1.26,-1.26,1886419000,22763000,13704000,1585995000,9059000,1827328000,5251000,13704000,83589000,-0.38687238905966737,-29.853153153153155,-29.965517241379313,"[0.53, 0.206]","['2026-03-13', '2015-06-11']",__nan__,0.8407437584121025
11,NXU,Novus Capital Corporation II Class A Common Stock,"Nxu, Inc, a technology company, engages in the developing of next-generation electric vehicle charging, battery, and vehicle technologies for mobility customers in the United States. The company offers NxuOne, a charging technology provides repeatable, consistent power delivery, designed to meet the needs of electric vehicles; Nxu battery cell and packs designed to leverage an in-house developed NMC-811 chemistry, combined with proprietary mechanical construction to improve thermal management and reduce electrical resistance. It also provides Nxu EV platform, a modular vehicle system or electric skateboard, which provides technology, software, and mobility technology for vehicle by third parties; and Nxu pickup truck, a flagship vehicle and 100% electric full-sized truck. Nxu, Inc. was incorporated in 2016 and is headquartered in Mesa, Arizona.",Mark Aaron Hanchett,Electrical Equipment & Parts,2.45,USD,5422531,https://images.financialmodelingprep.com/symbol/NXU.png,789321.0,2022-09-28,-0.06515957446808511,2.45,1123564,-74367000,-103611000,"[{'period': '2025', 'revenue': 203.67, 'unit': 'M', 'net_profit': -103.61}, {'period': '2024', 'revenue': 0.018000000000000002, 'unit': 'M', 'net_profit': -23.75}, {'period': '2023', 'revenue': 0.496, 'unit': 'M', 'net_profit': -40.18}, {'period': '2022', 'revenue': 0.0, 'unit': 'M', 'net_profit': -72.72}]","[{'period': ""Q4 '25"", 'revenue': 153.31, 'unit': 'M', 'net_profit': -20.73}, {'period': ""Q3 '25"", 'revenue': 33.32, 'unit': 'M', 'net_profit': -26.82}, {'period': ""Q2 '25"", 'revenue': 8.51, 'unit': 'M', 'net_profit': -34.93}, {'period': ""Q1 '25"", 'revenue': 0.001, 'unit': 'M', 'net_profit': -2.48}, {'period': ""Q4 '24"", 'revenue': 0.001, 'unit': 'M', 'net_profit': -5.67}, {'period': ""Q3 '24"", 'revenue': 0.006, 'unit': 'M', 'net_profit': -26.59}]",-0.65,-0.65,312876000,121070000,58260000,224260000,25938000,3366000,165017000,58260000,-46742000,-2.3994788809654417,-3.362935826174836,-3.0625,__nan__,__nan__,__nan__,0.7167695828379294
12,NYC,New York City REIT Inc. Class A Common Stock,"American Strategic Investment Co. is a publicly traded real estate investment trust that owns a portfolio of high-quality commercial real estate located within the five boroughs of New York City, particularly Manhattan. Its portfolio is diversified across eight office and retail condominium assets. The firm's top tenants feature a balance of large investment grade rated corporate tenants and government agencies. The company was founded on December 19, 2013 and is headquartered in Newport, RI.",Nicholas S. Schorsch Jr.,REIT - Office,8.92,USD,23842652,https://images.financialmodelingprep.com/symbol/NYC.png,3952.0,2020-08-18,-1.13,0.57,447,-102695000,-140591000,"[{'period': '2024', 'revenue': 61.57, 'unit': 'M', 'net_profit': -140.59}, {'period': '2023', 'revenue': 62.71, 'unit': 'M', 'net_profit': -105.92}, {'period': '2022', 'revenue': 64.0, 'unit': 'M', 'net_profit': -45.9}, {'period': '2021', 'revenue': 70.22, 'unit': 'M', 'net_profit': -39.47}]","[{'period': ""Q3 '25"", 'revenue': 0.0, 'unit': 'M', 'net_profit': 35.75}, {'period': ""Q2 '25"", 'revenue': 12.22, 'unit': 'M', 'net_profit': -41.66}, {'period': ""Q1 '25"", 'revenue': 12.31, 'unit': 'M', 'net_profit': -8.59}, {'period': ""Q4 '24"", 'revenue': 14.89, 'unit': 'M', 'net_profit': -6.65}, {'period': ""Q3 '24"", 'revenue': 15.45, 'unit': 'M', 'net_profit': -34.48}, {'period': ""Q2 '24"", 'revenue': 15.75, 'unit': 'M', 'net_profit': -91.85}]",-56.51,-56.51,507066000,41995000,9776000,421480000,23060000,0,18343000,9776000,-5290000,-0.6964846202134338,-0.3272818247045051,-0.18793357157872603,"[0.8, 0.3911]","['2022-04-08', '2020-10-08']",__nan__,0.8312132937329657
13,NYCB,New York Community Bancorp Inc. Common Stock,"New York Community Bancorp, Inc. operates as the bank holding company for New York Community Bank that provides banking products and services in Metro New York, New Jersey, Ohio, Florida, and Arizona. The company accepts various deposit products, such as interest-bearing checking and money market, savings, non-interest-bearing, and individual retirement accounts, as well as certificates of deposit. Its loan products include multi-family loans; commercial real estate loans; specialty finance loans and leases; and commercial and industrial loans; acquisition, development, and construction loans; one-to-four family loans; and consumer loans. The company also offers annuities, life and long-term care insurance products, and mutual funds; cash management products; and online, mobile, and phone banking services. It primarily serves individuals, small and mid-size businesses, and professional associations through a network of 237 branches and 333 ATM locations. The company was formerly known as Queens County Bancorp, Inc. and changed its name to New York Community Bancorp, Inc. in November 2000. New York Community Bancorp, Inc. was founded in 1859 and is based in Hicksville, New York.",Joseph M. Otting,Banks - Regional,10.55,USD,4380971731,https://images.financialmodelingprep.com/symbol/NYCB.png,6245583.0,1993-11-23,-0.7275862068965517,-0.95,18509817,148000000,-210000000,"[{'period': '2025', 'revenue': 4470.0, 'unit': 'M', 'net_profit': -210.0}, {'period': '2024', 'revenue': 5.95, 'unit': 'B', 'net_profit': -1.15}, {'period': '2023', 'revenue': 3630.0, 'unit': 'M', 'net_profit': -79.0}, {'period': '2022', 'revenue': 2330.0, 'unit': 'M', 'net_profit': 650.0}]","[{'period': ""Q4 '25"", 'revenue': 1060.0, 'unit': 'M', 'net_profit': 21.0}, {'period': ""Q3 '25"", 'revenue': 1100.0, 'unit': 'M', 'net_profit': -45.0}, {'period': ""Q2 '25"", 'revenue': 1140.0, 'unit': 'M', 'net_profit': -78.0}, {'period': ""Q1 '25"", 'revenue': 1160.0, 'unit': 'M', 'net_profit': -108.0}, {'period': ""Q4 '24"", 'revenue': 1160.0, 'unit': 'M', 'net_profit': -214.0}, {'period': ""Q3 '24"", 'revenue': 1650.0, 'unit': 'M', 'net_profit': -280.0}]",-0.5,-0.5,87512000000,16254000000,16254000000,79368000000,0,0,0,553000000,-181000000,-0.955913017575216,0.8178664353859497,0.8407643312101911,"[0.01, 0.0504]","['2024-12-07', '1994-09-01']",__nan__,0.9069384770088673
14,NYT,New York Times Company (The) Common Stock,"The New York Times Company, together with its subsidiaries, provides news and information for readers and viewers across various platforms worldwide. It offers The New York Times (The Times), a daily and Sunday newspaper in the United States, as well as international edition of The Times; and operates the NYTimes.com Website. The company also transmits articles, graphics, and photographs from The Times and other publications to approximately 1,500 newspapers, magazines, and websites; licenses electronic databases to resellers in the business, professional, and library markets; and offers magazine licensing, news digests, book development, and rights and permissions. In addition, it engages in the live events business, which hosts physical and virtual live events to connect audiences with journalists and outside thought leaders; direct-sold website, mobile application, podcast, email, and video advertisements, as well as digital advertising services; operates Wirecutter, a product review and recommendation products; develops mobile applications, including games and cooking products; prints and distributes products for third parties; and offers other products and services. The company was founded in 1851 and is headquartered in New York, New York.",Meredith A. Kopit Levien,Publishing,82.79,USD,13405105118,https://images.financialmodelingprep.com/symbol/NYT.png,2270147.0,1973-05-03,39.61,-0.17,1531027,537430000,343981000,"[{'period': '2025', 'revenue': 2820.0, 'unit': 'M', 'net_profit': 343.98}, {'period': '2024', 'revenue': 2590.0, 'unit': 'M', 'net_profit': 293.82}, {'period': '2023', 'revenue': 2430.0, 'unit': 'M', 'net_profit': 232.39}, {'period': '2022', 'revenue': 2310.0, 'unit': 'M', 'net_profit': 173.91}]","[{'period': ""Q4 '25"", 'revenue': 802.31, 'unit': 'M', 'net_profit': 129.84}, {'period': ""Q3 '25"", 'revenue': 700.82, 'unit': 'M', 'net_profit': 81.65}, {'period': ""Q2 '25"", 'revenue': 685.87, 'unit': 'M', 'net_profit': 82.94}, {'period': ""Q1 '25"", 'revenue': 635.91, 'unit': 'M', 'net_profit': 49.55}, {'period': ""Q4 '24"", 'revenue': 726.63, 'unit': 'M', 'net_profit': 123.72}, {'period': ""Q3 '24"", 'revenue': 640.18, 'unit': 'M', 'net_profit': 64.14}]",2.11,2.09,2997090000,1028067000,642157000,955727000,290823000,565411000,666695000,255445000,550505000,0.12795510258907283,0.1707002467455118,0.17877094972067029,"[0.23, 0.6]","['2026-04-01', '1985-11-29']",__nan__,0.3188849851022158
15,NZF,Nuveen Municipal Credit Income Fund ,"Nuveen Municipal Credit Income Fund is a closed ended fixed income mutual fund launched by Nuveen Investments, Inc. The fund is co-managed by Nuveen Fund Advisors LLC and Nuveen Asset Management, LLC. It invests in the fixed income markets of the United States. The fund invests in undervalued municipal securities and other related investments the income from which is exempt from regular federal income taxes. It seeks to invest in investment grade securities rated Baa/BBB or better with an average maturity of around 18 years. The fund employs fundamental analysis with a focus on bottom-up stock picking approach to create its portfolio. It benchmarks the performance of its portfolio against Standard & Poor's (S&P) National Municipal Bond Index. It was formerly known as Nuveen Enhanced Municipal Credit Opportunities Fund. Nuveen Municipal Credit Income Fund was formed on March 21, 2001 and is domiciled in the United States.",Alan Glenn Berkshire,Asset Management - Income,11.93,USD,2311187567,https://images.financialmodelingprep.com/symbol/NZF.png,624330.0,2001-10-03,39.77,-0.04,732004,121907748,58678649,"[{'period': '2025', 'revenue': 206.46, 'unit': 'M', 'net_profit': 58.68}, {'period': '2024', 'revenue': 453.87, 'unit': 'M', 'net_profit': 450.76}, {'period': '2023', 'revenue': 119.25, 'unit': 'M', 'net_profit': -4.08}, {'period': '2022', 'revenue': -13.83, 'unit': 'M', 'net_profit': -615.76}]","[{'period': ""Q4 '25"", 'revenue': 102.28, 'unit': 'M', 'net_profit': 143.12}, {'period': ""Q2 '25"", 'revenue': 52.35, 'unit': 'M', 'net_profit': -42.22}, {'period': ""Q4 '24"", 'revenue': 105.83, 'unit': 'M', 'net_profit': 82.54}, {'period': ""Q2 '24"", 'revenue': 103.67, 'unit': 'M', 'net_profit': 368.21}, {'period': ""Q4 '23"", 'revenue': 102.75, 'unit': 'M', 'net_profit': -266.43}, {'period': ""Q2 '23"", 'revenue': 89.72, 'unit': 'M', 'net_profit': 262.35}]",0.3,0.3,4202646611,0,32942645,1711650677,119366278,0,25889237,0,66895280,-0.7680666869811354,-0.8698214291355614,-0.8712446351931331,"[0.0795, 0.0755]","['2026-03-13', '2001-11-15']",__nan__,0.40727923031166324
16,O,Realty Income Corporation Common Stock,"Realty Income, The Monthly Dividend Company, is an S&P 500 company dedicated to providing stockholders with dependable monthly income. The company is structured as a REIT, and its monthly dividends are supported by the cash flow from over 6,500 real estate properties owned under long-term lease agreements with our commercial clients. To date, the company has declared 608 consecutive common stock monthly dividends throughout its 52-year operating history and increased the dividend 109 times since Realty Income's public listing in 1994 (NYSE: O). The company is a member of the S&P 500 Dividend Aristocrats index. Additional information about the company can be obtained from the corporate website at www.realtyincome.com.",Sumit Roy,REIT - Retail,60.69,USD,56589783600,https://images.financialmodelingprep.com/symbol/O.png,6563257.0,1994-10-18,51.87,0.42,3839607,3550842000,1058600000,"[{'period': '2025', 'revenue': 5.75, 'unit': 'B', 'net_profit': 1.06}, {'period': '2024', 'revenue': 5270.0, 'unit': 'M', 'net_profit': 860.77}, {'period': '2023', 'revenue': 4080.0, 'unit': 'M', 'net_profit': 872.31}, {'period': '2022', 'revenue': 3340.0, 'unit': 'M', 'net_profit': 869.41}]","[{'period': ""Q4 '25"", 'revenue': 1490.0, 'unit': 'M', 'net_profit': 296.1}, {'period': ""Q3 '25"", 'revenue': 1470.0, 'unit': 'M', 'net_profit': 315.77}, {'period': ""Q2 '25"", 'revenue': 1410.0, 'unit': 'M', 'net_profit': 196.92}, {'period': ""Q1 '25"", 'revenue': 1380.0, 'unit': 'M', 'net_profit': 249.81}, {'period': ""Q4 '24"", 'revenue': 1340.0, 'unit': 'M', 'net_profit': 199.61}, {'period': ""Q3 '24"", 'revenue': 1330.0, 'unit': 'M', 'net_profit': 269.49}]",1.17,1.17,72795612000,1488329000,434842000,32671644000,1053487000,54770729000,2916400000,434842000,3862954000,-0.17950638793444076,0.22982624899508813,0.1938775510204081,"[0.2705, 0.15]","['2026-03-31', '1994-10-26']",__nan__,0.4488133707839423
17,OACB,Oaktree Acquisition Corp. II Class A Ordinary Shares,"Oaktree Acquisition Corp. II does not have significant operations. It intends to effect a merger, capital stock exchange, asset acquisition, stock purchase, reorganization, or similar business combination with one or more businesses in the industrial and consumer sectors. The company was incorporated in 2020 and is based in Los Angeles, California.",Patrick McCaney,Shell Companies,9.38,USD,0,https://images.financialmodelingprep.com/symbol/OACB.png,102376.0,2020-11-09,1340.0,-0.11,23084,3993000,13848000,"[{'period': '2021', 'revenue': 0.0, 'unit': 'M', 'net_profit': 13.85}, {'period': '2020', 'revenue': 0.0, 'unit': 'K', 'net_profit': -264.0}]","[{'period': ""Q1 '22"", 'revenue': 0.0, 'unit': 'M', 'net_profit': 7.79}, {'period': ""Q4 '21"", 'revenue': 0.0, 'unit': 'M', 'net_profit': -5.66}, {'period': ""Q3 '21"", 'revenue': 0.0, 'unit': 'M', 'net_profit': 1.1}, {'period': ""Q2 '21"", 'revenue': 0.0, 'unit': 'K', 'net_profit': -226.0}, {'period': ""Q1 '21"", 'revenue': 0.0, 'unit': 'M', 'net_profit': 7.07}, {'period': ""Q4 '20"", 'revenue': 0.0, 'unit': 'K', 'net_profit': -264.0}]",0.44,0.44,250721299,687171,587171,25799952,0,250034128,5378282,587171,-630543,16.125,53.45454545454545,53.38095238095239,__nan__,__nan__,__nan__,0.102902912927234
18,OC,Owens Corning Inc Common Stock New,"Owens Corning manufactures and markets insulation, roofing, and fiberglass composite materials in the United States, Canada, Europe, the Asia Pacific, and internationally. It operates in three segments: Composites, Insulation, and Roofing. The Composites segment manufactures, fabricates, and sells glass reinforcements in the form of fiber; and glass fiber products in the form of fabrics, non-wovens, and other specialized products. Its products are used in building structures, roofing shingles, tubs and showers, pools, flooring, pipes and tanks, poles, electrical equipment, and wind-energy turbine blades applications in the building and construction, renewable energy, and infrastructure markets. This segment sells its products directly to parts molders, fabricators, and shingle manufacturers. The Insulation segment manufactures and sells insulation products for residential, commercial, industrial, and other markets for thermal and acoustical applications; and glass fiber pipe insulation, flexible duct media, bonded and granulated mineral fiber insulation, cellular glass insulation, and foam insulation products used in construction applications. This segment sells its products primarily to the insulation installers, home centers, lumberyards, retailers, and distributors under the Thermafiber, FOAMULAR, FOAMGLAS, Paroc, Owens Corning PINK, and FIBERGLAS Insulation brand names. The Roofing segment manufactures and sells aminate and strip asphalt roofing shingles, oxidized asphalt materials, and roofing components used in residential and commercial construction, and specialty applications, as well as synthetic packaging materials. This segment sells its products through distributors, home centers, lumberyards, retailers, and contractors, as well as to roofing contractors for built-up roofing asphalt systems; and manufacturers in automotive, chemical, rubber, and construction industries. Owens Corning was incorporated in 1938 and is headquartered in Toledo, Ohio.",Brian D. Chambers,Construction,104.56,USD,8593968125,https://images.financialmodelingprep.com/symbol/OC.png,1460411.0,2006-11-01,-46.68,-2.96,756639,975000000,-522000000,"[{'period': '2025', 'revenue': 10100.0, 'unit': 'M', 'net_profit': -522.0}, {'period': '2024', 'revenue': 10970.0, 'unit': 'M', 'net_profit': 647.0}, {'period': '2023', 'revenue': 9.68, 'unit': 'B', 'net_profit': 1.2}, {'period': '2022', 'revenue': 9.76, 'unit': 'B', 'net_profit': 1.24}]","[{'period': ""Q4 '25"", 'revenue': 2140.0, 'unit': 'M', 'net_profit': -297.0}, {'period': ""Q3 '25"", 'revenue': 2680.0, 'unit': 'M', 'net_profit': -494.0}, {'period': ""Q2 '25"", 'revenue': 2750.0, 'unit': 'M', 'net_profit': 363.0}, {'period': ""Q1 '25"", 'revenue': 2530.0, 'unit': 'M', 'net_profit': -93.0}, {'period': ""Q4 '24"", 'revenue': 2840.0, 'unit': 'M', 'net_profit': -258.0}, {'period': ""Q3 '24"", 'revenue': 3050.0, 'unit': 'M', 'net_profit': 321.0}]",-6.26,-6.26,12980000000,3345000000,353000000,9087000000,937000000,0,2660000000,353000000,962000000,-0.4425385934819897,-1.8068006182380216,-1.8413978494623653,"[0.79, 0.16]","['2026-03-09', '2014-03-12']",__nan__,0.7000770416024653
19,OCA,Omnichannel Acquisition Corp. Class A Common Stock,"Omnichannel Acquisition Corp. does not have significant operations. It intends to effect a merger, capital stock exchange, asset acquisition, stock purchase, reorganization, or other business combination with one or more businesses. The company intends to focus on 'omnichannel' businesses, such as technology-enabled cross-channel retail and consumer services, including the direct-to-consumer/e-commerce retail, consumer healthcare, consumer marketplaces, consumer services, and related sectors. Omnichannel Acquisition Corp. was incorporated in 2020 and is based in Millburn, New Jersey.",,Shell Companies,9.995,USD,0,https://images.financialmodelingprep.com/symbol/OCA.png,54173.0,2021-01-12,-66.63333333333334,-0.00500011,64002,,,[],[],,,,,,,,,,,,,,,__nan__,__nan__,__nan__,__nan__
20,OCFT,OneConnect Financial Technology Co. Ltd. American Depositary Shares each representing three ordinary shares,"OneConnect Financial Technology Co., Ltd. provides cloud-platform-based Fintech solutions, and online information and operating support services for financial institutions in the People's Republic of China. It offers digital retail banking, digital commercial banking, digital auto insurance and life insurance, and artificial intelligence customer services, as well as sales management, risk management, and operation support services. The company also operates gamma core banking system, a customer centric solution; digitalized management platform that offers digital infrastructure for financial institutions to manage various aspects of their business, including data, smart operation, comprehensive risk, and asset and liability management, as well as accounting, personnel, and office management; Gamma FinCloud, an open PaaS and IaaS platform for ready-to-integrate financial technology components; and Blockchain network-as-a-service. In addition, it operates Regtech, an end-to-end regulatory solution to help regulatory authorities automate and digitalize their operations; and offers asset management and consulting services. The company serves customers in the financial services industry, including banking, insurance, and other financial institutions. It has a strategic agreement with the Hainan Local Financial Supervision Administration to develop smart financial and smart supervision services in the island province of Hainan, as well as the financial sector in Hainan free trade port. OneConnect Financial Technology Co., Ltd. was founded in 2015 and is headquartered in Shenzhen, the People's Republic of China.",Dangyang Chen,Software - Application,7.89,USD,8603633876,https://images.financialmodelingprep.com/symbol/OCFT.png,34593.0,2019-12-13,-3.0114503816793894,0.0,122441,-80913000,-459677000,"[{'period': '2024', 'revenue': 2250.0, 'unit': 'M', 'net_profit': -459.68}, {'period': '2023', 'revenue': 3670.0, 'unit': 'M', 'net_profit': -362.71}, {'period': '2022', 'revenue': 4460.0, 'unit': 'M', 'net_profit': -872.27}, {'period': '2021', 'revenue': 4.13, 'unit': 'B', 'net_profit': -1.28}]","[{'period': ""Q2 '25"", 'revenue': 433.38, 'unit': 'M', 'net_profit': -40.13}, {'period': ""Q1 '25"", 'revenue': 367.78, 'unit': 'M', 'net_profit': -38.36}, {'period': ""Q4 '24"", 'revenue': 415.23, 'unit': 'M', 'net_profit': -569.18}, {'period': ""Q3 '24"", 'revenue': 417.11, 'unit': 'M', 'net_profit': -29.51}, {'period': ""Q2 '24"", 'revenue': 692.5, 'unit': 'M', 'net_profit': 243.35}, {'period': ""Q1 '24"", 'revenue': 723.27, 'unit': 'M', 'net_profit': -104.33}]",-12.6,-12.6,3967252000,3397304000,2402938000,1463309000,902070000,0,1439693000,1947922000,-304272000,0.42548885954074894,-0.26732282921853245,-0.2727272727272726,__nan__,__nan__,__nan__,0.368847000392211
21,OCN,Ocwen Financial Corporation NEW Common Stock,"Ocwen Financial Corporation, a financial services company, originates and services mortgage loans in the United States, the United States Virgin Islands, India, and the Philippines. The company operates through Servicing and Originations segments. It provides commercial mortgage loan servicing, special servicing, and asset management services, as well as residential mortgage loan servicing, such as forward and reverse conventional, government-insured, and non-agency loans, including the reverse mortgage loans to owners of mortgage loans and foreclosed real estate. The company also originates and purchases conventional and government-insured residential forward and reverse mortgage loans through its correspondent lending arrangements, broker relationships, and retail channels. Ocwen Financial Corporation serves primarily under the PHH Mortgage and Liberty Reverse Mortgage brands. The company was founded in 1988 and is headquartered in West Palm Beach, Florida.",Glen A. Messina,Financial - Mortgages,25.08,USD,195865270,https://images.financialmodelingprep.com/symbol/OCN.png,12557.0,1996-09-25,33.891891891891895,-0.19,10228,254600000,185400000,"[{'period': '2025', 'revenue': 1070.0, 'unit': 'M', 'net_profit': 185.4}, {'period': '2024', 'revenue': 976.0, 'unit': 'M', 'net_profit': 33.4}, {'period': '2023', 'revenue': 1040.0, 'unit': 'M', 'net_profit': -63.7}, {'period': '2022', 'revenue': 877.2, 'unit': 'M', 'net_profit': 25.7}]","[{'period': ""Q4 '25"", 'revenue': 290.0, 'unit': 'M', 'net_profit': 124.1}, {'period': ""Q3 '25"", 'revenue': 280.3, 'unit': 'M', 'net_profit': 17.7}, {'period': ""Q2 '25"", 'revenue': 246.6, 'unit': 'M', 'net_profit': 20.5}, {'period': ""Q1 '25"", 'revenue': 249.8, 'unit': 'M', 'net_profit': 21.1}, {'period': ""Q4 '24"", 'revenue': 159.0, 'unit': 'M', 'net_profit': -28.6}, {'period': ""Q3 '24"", 'revenue': 331.5, 'unit': 'M', 'net_profit': 21.4}]",23.02,21.27,16170600000,370300000,180500000,15492800000,189800000,0,0,180500000,-748000000,0.0007861635220125787,4.550898203592815,4.378504672897195,"[1.3612, 0.166]","['1999-08-26', '1997-07-02']",__nan__,0.9580844248203529
22,ODC,Oil-Dri Corporation Of America Common Stock,"Oil-Dri Corporation of America, together with its subsidiaries, develops, manufactures, and markets sorbent products in the United States and internationally. It operates in two segments, Retail and Wholesale Products Group; and Business to Business Products Group. The company provides agricultural and horticultural products, including mineral-based absorbent products that serve as chemical carriers, drying agents, and growing media under the Agsorb, Verge, and Flo-Fre brand names. It also offers animal health and nutrition products for the livestock industry under the Amlan, Calibrin, Varium, Neoprime, MD-09, and Pel-Unite and Pel-Unite Plus brand names; and bleaching clay and purification aid products for bleaching, purification, and filtration applications under the Pure-Flo, Perform, Select, and Ultra-Clear brand names. In addition, the company provides cat litter products, such as scoopable and non-clumping litters under the Cat's Pride and Jonny Cat brand names; industrial and automotive sorbent products from clay, polypropylene, and recycled materials that absorb oil, acid, paint, ink, water, and other liquids under the Oil-Dri brand name; and sports products for use on baseball, softball, football, and soccer fields under the Pro's Choice brand name. Its customers include mass merchandisers, wholesale clubs, drugstore chains, pet specialty retail outlets, dollar stores, retail grocery stores, distributors of industrial cleanup and automotive products, environmental service companies, and sports field product and sports turf material users; processors and refiners of edible oils, petroleum-based oils, and biodiesel fuel; manufacturers of animal feed and agricultural chemicals; distributors of animal health and nutrition products; and marketers of consumer products. Oil-Dri Corporation of America was founded in 1941 and is based in Chicago, Illinois.",Daniel S. Jaffee,Chemicals - Specialty,63.28,USD,880814633,https://images.financialmodelingprep.com/symbol/ODC.png,70955.0,1980-03-19,17.48,0.59,18677,90687000,51416000,"[{'period': '2025', 'revenue': 485.57, 'unit': 'M', 'net_profit': 51.42}, {'period': '2024', 'revenue': 437.59, 'unit': 'M', 'net_profit': 37.26}, {'period': '2023', 'revenue': 413.02, 'unit': 'M', 'net_profit': 28.03}, {'period': '2022', 'revenue': 348.59, 'unit': 'M', 'net_profit': 5.67}]","[{'period': ""Q2 '26"", 'revenue': 117.74, 'unit': 'M', 'net_profit': 12.57}, {'period': ""Q1 '26"", 'revenue': 120.49, 'unit': 'M', 'net_profit': 15.46}, {'period': ""Q4 '25"", 'revenue': 125.21, 'unit': 'M', 'net_profit': 12.41}, {'period': ""Q3 '25"", 'revenue': 115.5, 'unit': 'M', 'net_profit': 11.1}, {'period': ""Q2 '25"", 'revenue': 116.91, 'unit': 'M', 'net_profit': 12.32}, {'period': ""Q1 '25"", 'revenue': 127.94, 'unit': 'M', 'net_profit': 15.56}]",3.99,3.76,391677000,177383000,50458000,132617000,69370000,0,69187000,50458000,47621000,0.28204874462791224,0.3798878183623628,0.363589761115478,"[0.205, 0.16]","['2026-05-08', '1984-12-18']",__nan__,0.3385876627935774
23,OEC,Orion Engineered Carbons S.A Common Shares,"Orion Engineered Carbons S.A., together with its subsidiaries, manufactures and sells carbon black products in Germany, the United States, South Korea, Brazil, China, South Africa, the rest of Europe, and internationally. It operates in two segments, Specialty Carbon Black and Rubber Carbon Black. The company offers post-treated specialty carbon black grades for coatings and printing applications; high purity carbon black grades for the fiber industry; and conductive carbon black grades for polymers, coatings, and battery electrodes. It also provides rubber carbon black products for applications in mechanical rubber goods under the PUREX brand, as well as in tires under the ECORAX brand name. The company was formerly known as Orion Engineered Carbons S.à r.l. and changed its name to Orion Engineered Carbons S.A. in July 2014. Orion Engineered Carbons S.A. was founded in 1862 and is headquartered in Senningerberg, Luxembourg.",Corning F. Painter,Chemicals - Specialty,6.06,USD,341018622,https://images.financialmodelingprep.com/symbol/OEC.png,742906.0,2014-07-25,-4.89,-0.2,1002889,233500000,-70100000,"[{'period': '2025', 'revenue': 1810.0, 'unit': 'M', 'net_profit': -70.1}, {'period': '2024', 'revenue': 1880.0, 'unit': 'M', 'net_profit': 44.2}, {'period': '2023', 'revenue': 1890.0, 'unit': 'M', 'net_profit': 103.5}, {'period': '2022', 'revenue': 2029.9999999999998, 'unit': 'M', 'net_profit': 106.2}]","[{'period': ""Q4 '25"", 'revenue': 411.7, 'unit': 'M', 'net_profit': -21.1}, {'period': ""Q3 '25"", 'revenue': 450.9, 'unit': 'M', 'net_profit': -67.1}, {'period': ""Q2 '25"", 'revenue': 466.4, 'unit': 'M', 'net_profit': 9.0}, {'period': ""Q1 '25"", 'revenue': 477.7, 'unit': 'M', 'net_profit': 9.1}, {'period': ""Q4 '24"", 'revenue': 434.2, 'unit': 'M', 'net_profit': 17.2}, {'period': ""Q3 '24"", 'revenue': 463.4, 'unit': 'M', 'net_profit': -20.2}]",-1.24,-1.24,1907600000,643800000,60700000,1523000000,238900000,13100000,626400000,60700000,50200000,0.033643204957945996,-2.585972850678733,-2.6315789473684212,"[0.0207, 0.83]","['2026-03-12', '2014-12-12']",__nan__,0.7983854057454393
24,OFC,Corporate Office Properties Trust Common Stock,"COPT is a REIT that owns, manages, leases, develops and selectively acquires office and data center properties. The majority of its portfolio is in locations that support the United States Government and its contractors, most of whom are engaged in national security, defense and information technology (""IT"") related activities servicing what it believes are growing, durable, priority missions (""Defense/IT Locations""). The Company also owns a portfolio of office properties located in select urban/urban-like submarkets in the Greater Washington, DC/Baltimore region with durable Class-A office fundamentals and characteristics (""Regional Office Properties""). As of December 31, 2020, the Company derived 87% of its core portfolio annualized rental revenue from Defense/IT Locations and 13% from its Regional Office Properties. As of the same date and including 17 properties owned through unconsolidated joint ventures, COPT's core portfolio of 179 office and data center shell properties encompassed 20.8 million square feet and was 95.0% leased; the Company also owned one wholesale data center with a critical load of 19.25 megawatts that was 86.7% leased.",Stephen E. Budorick,REIT - Office,24.94,USD,0,https://images.financialmodelingprep.com/symbol/OFC.png,777629.0,1991-12-31,14.845238095238095,0.39,542778,406161000,152315000,"[{'period': '2025', 'revenue': 763.92, 'unit': 'M', 'net_profit': 152.31}, {'period': '2024', 'revenue': 753.27, 'unit': 'M', 'net_profit': 144.12}, {'period': '2023', 'revenue': 684.98, 'unit': 'M', 'net_profit': -73.47}, {'period': '2022', 'revenue': 739.03, 'unit': 'M', 'net_profit': 173.03}]","[{'period': ""Q4 '25"", 'revenue': 197.36, 'unit': 'M', 'net_profit': 37.5}, {'period': ""Q3 '25"", 'revenue': 188.79, 'unit': 'M', 'net_profit': 41.73}, {'period': ""Q2 '25"", 'revenue': 189.91, 'unit': 'M', 'net_profit': 38.35}, {'period': ""Q1 '25"", 'revenue': 187.86, 'unit': 'M', 'net_profit': 34.74}, {'period': ""Q4 '24"", 'revenue': 235.79, 'unit': 'M', 'net_profit': 154.75}, {'period': ""Q3 '24"", 'revenue': 189.22, 'unit': 'M', 'net_profit': 36.09}]",1.35,1.34,4701790000,511092000,274986000,3114115000,236106000,0,92726000,274986000,309933000,0.8862958731574108,0.05685500378154468,0.046511627906976785,"[0.285, 0.225]","['2023-09-28', '1992-03-25']",__nan__,0.6623254122366162
25,OFG,OFG Bancorp Common Stock,"OFG Bancorp, a financial holding company, provides a range of banking and financial services. It operates through three segments: Banking, Wealth Management, and Treasury. The company offers checking and savings accounts, as well as time deposit products; commercial, consumer, auto, and mortgage lending services; financial planning and insurance services; and corporate and individual trust, and retirement services. It also provides securities brokerage and investment advisory services, including various investment alternatives, such as tax-advantaged fixed income securities, mutual funds, stocks, and bonds to retail and institutional clients; and separately-managed accounts and mutual fund asset allocation programs. In addition, the company engages in the insurance agency and reinsurance businesses; administration and servicing of retirement plans; various treasury-related functions with an investment portfolio consisting of mortgage-backed securities, obligations of U.S. government sponsored agencies, and U.S. Treasury securities and money market instruments; and management and participation in public offerings and private placements of debt and equity securities. Further, it offers money management and investment banking services; and engages in the asset/liability management activities, such as purchases and sales of investment securities, interest rate risk management, derivatives, and borrowings. The company operates through a network of 50 branches in Puerto Rico and 2 branches in USVI. OFG Bancorp was founded in 1964 and is headquartered in San Juan, Puerto Rico.",José Rafael Fernández,Banks - Regional,40.12,USD,1727699596,https://images.financialmodelingprep.com/symbol/OFG.png,351132.0,1987-03-26,8.76,-0.47,257451,285151000,205104000,"[{'period': '2025', 'revenue': 862.62, 'unit': 'M', 'net_profit': 205.1}, {'period': '2024', 'revenue': 822.77, 'unit': 'M', 'net_profit': 198.17}, {'period': '2023', 'revenue': 728.15, 'unit': 'M', 'net_profit': 181.87}, {'period': '2022', 'revenue': 598.51, 'unit': 'M', 'net_profit': 166.24}]","[{'period': ""Q4 '25"", 'revenue': 228.8, 'unit': 'M', 'net_profit': 55.89}, {'period': ""Q3 '25"", 'revenue': 216.65, 'unit': 'M', 'net_profit': 51.84}, {'period': ""Q2 '25"", 'revenue': 210.33, 'unit': 'M', 'net_profit': 51.8}, {'period': ""Q1 '25"", 'revenue': 206.84, 'unit': 'M', 'net_profit': 45.57}, {'period': ""Q4 '24"", 'revenue': 210.06, 'unit': 'M', 'net_profit': 50.35}, {'period': ""Q3 '24"", 'revenue': 204.85, 'unit': 'M', 'net_profit': 47.0}]",4.53,4.49,12465657000,1222743000,1040358000,11075652000,161970000,2843118000,10595905000,1040335000,199337000,0.01645427486766357,0.034990159963667555,0.06588235294117653,"[0.35, 0.0515]","['2026-03-31', '1987-09-24']",__nan__,0.88849324187245
26,OG,Onion Global Limited American Depositary Shares (each ten (10) ADSs representing one (1) Class A Ordinary Share),"Onion Global Limited operates a platform that incubates, markets, and distributes fashionable and future brands in China and internationally. Its platform comprises brand partners that offer various categories of lifestyle products, including beauty products, maternal and baby products, food and beverages, fast fashion, and wellness products. The company was incorporated in 2009 and is based in Guangzhou, the People's Republic of China.",Cong Li,Software - Application,0.238,USD,0,https://images.financialmodelingprep.com/symbol/OG.png,194867.0,2021-05-07,0.0,0.0,128203,2694000,-353736000,"[{'period': '2021', 'revenue': 2560.0, 'unit': 'M', 'net_profit': -353.74}, {'period': '2020', 'revenue': 3810.0, 'unit': 'M', 'net_profit': 209.66}, {'period': '2019', 'revenue': 2850.0, 'unit': 'M', 'net_profit': 103.19}, {'period': '2018', 'revenue': 1810.0, 'unit': 'M', 'net_profit': -94.4}]","[{'period': ""Q4 '21"", 'revenue': 508.49, 'unit': 'M', 'net_profit': -30.44}, {'period': ""Q3 '21"", 'revenue': 683020.0, 'unit': 'K', 'net_profit': 393.0}, {'period': ""Q2 '21"", 'revenue': 696.44, 'unit': 'M', 'net_profit': -332.44}, {'period': ""Q1 '21"", 'revenue': 668.9, 'unit': 'M', 'net_profit': 8.94}, {'period': ""Q4 '20"", 'revenue': 945.79, 'unit': 'M', 'net_profit': 83.86}, {'period': ""Q3 '20"", 'revenue': 1060.0, 'unit': 'M', 'net_profit': 29.46}]",-3.96,-3.96,1463152000,1340667000,288048000,471284000,18917000,10898000,463245000,288048000,-642773000,-0.9897297874287109,-2.6871968291368367,-2.6851063829787236,__nan__,__nan__,__nan__,0.3221018732161799
27,OGE,OGE Energy Corp Common Stock,"OGE Energy Corp., together with its subsidiaries, operates as an energy and energy services provider that offers physical delivery and related services for electricity, natural gas, crude oil, and natural gas liquids in the United States. The company generates, transmits, distributes, and sells electric energy. It provides retail electric service to approximately 879,000 customers, which covers a service area of approximately 30,000 square miles in Oklahoma and western Arkansas; and owns and operates coal-fired, natural gas-fired, wind-powered, and solar-powered generating assets. As of December 31, 2021, the company owned and operated interconnected electric generation, transmission, and distribution systems, including 16 generating stations with an aggregate capability of 7,207 megawatts; and transmission systems comprising 54 substations and 5,122 structure miles of lines in Oklahoma, and 7 substations and 277 structure miles of lines in Arkansas. Its distribution systems included 350 substations; 29,494 structure miles of overhead lines; 3,365 miles of underground conduit; and 11,125 miles of underground conductors in Oklahoma, as well as 29 substations, 2,795 structure miles of overhead lines, 349 miles of underground conduit, and 662 miles of underground conductors in Arkansas. The company was founded in 1902 and is based in Oklahoma City, Oklahoma.",Robert Sean Trauschke,Regulated Electric,47.54,USD,9805552860,https://images.financialmodelingprep.com/symbol/OGE.png,1611715.0,1950-09-27,20.49,-0.13,1226277,1359200000,470700000,"[{'period': '2025', 'revenue': 3260.0, 'unit': 'M', 'net_profit': 470.7}, {'period': '2024', 'revenue': 2990.0, 'unit': 'M', 'net_profit': 441.5}, {'period': '2023', 'revenue': 2670.0, 'unit': 'M', 'net_profit': 416.8}, {'period': '2022', 'revenue': 3380.0, 'unit': 'M', 'net_profit': 665.7}]","[{'period': ""Q4 '25"", 'revenue': 725.8, 'unit': 'M', 'net_profit': 69.2}, {'period': ""Q3 '25"", 'revenue': 1040.0, 'unit': 'M', 'net_profit': 231.3}, {'period': ""Q2 '25"", 'revenue': 741.6, 'unit': 'M', 'net_profit': 107.5}, {'period': ""Q1 '25"", 'revenue': 747.7, 'unit': 'M', 'net_profit': 62.7}, {'period': ""Q4 '24"", 'revenue': 760.5, 'unit': 'M', 'net_profit': 101.9}, {'period': ""Q3 '24"", 'revenue': 965.4, 'unit': 'M', 'net_profit': 218.7}]",2.33,2.32,14370500000,857900000,200000,9393200000,461300000,0,1094100000,200000,82700000,0.033926669709417316,0.06613816534541336,0.059090909090909034,"[0.425, 0.33]","['2026-04-06', '1973-04-04']",__nan__,0.6536446191851362
28,OGS,ONE Gas Inc. Common Stock,"ONE Gas, Inc., together with its subsidiaries, operates as a regulated natural gas distribution utility company in the United States. The company operates through three divisions: Oklahoma Natural Gas, Kansas Gas Service, and Texas Gas Service. It provides natural gas distribution services to 2.2 million customers in three states. It serves residential, commercial, and transportation customers. As of December 31, 2021, it operated approximately 41,600 miles of distribution mains; and 2,400 miles of transmission pipelines, as well as had 51.4 billion cubic feet of natural gas storage capacity. ONE Gas, Inc. was founded in 1906 and is headquartered in Tulsa, Oklahoma.",Robert S. McAnnally,Regulated Gas,84.95,USD,5325734161,https://images.financialmodelingprep.com/symbol/OGS.png,466061.0,2014-01-16,19.44,-0.84,349559,781524000,264224000,"[{'period': '2025', 'revenue': 2430.0, 'unit': 'M', 'net_profit': 264.22}, {'period': '2024', 'revenue': 2080.0, 'unit': 'M', 'net_profit': 222.85}, {'period': '2023', 'revenue': 2370.0, 'unit': 'M', 'net_profit': 231.23}, {'period': '2022', 'revenue': 2580.0, 'unit': 'M', 'net_profit': 221.74}]","[{'period': ""Q4 '25"", 'revenue': 689.37, 'unit': 'M', 'net_profit': 86.31}, {'period': ""Q3 '25"", 'revenue': 379.12, 'unit': 'M', 'net_profit': 26.47}, {'period': ""Q2 '25"", 'revenue': 423.74, 'unit': 'M', 'net_profit': 32.03}, {'period': ""Q1 '25"", 'revenue': 935.19, 'unit': 'M', 'net_profit': 119.42}, {'period': ""Q4 '24"", 'revenue': 630.7, 'unit': 'M', 'net_profit': 77.02}, {'period': ""Q3 '24"", 'revenue': 340.4, 'unit': 'M', 'net_profit': 19.27}]",4.39,4.37,9328395000,915884000,33727000,5888272000,517183000,0,1531858000,33727000,-128393000,0.11142966850121593,0.18565851469598385,0.11989795918367341,"[0.68, 0.28]","['2026-02-20', '2014-04-28']",__nan__,0.6312202688672596
29,OHI,Omega Healthcare Investors Inc. Common Stock,"Omega is a real estate investment trust that invests in the long-term healthcare industry, primarily in skilled nursing and assisted living facilities. Its portfolio of assets is operated by a diverse group of healthcare companies, predominantly in a triple-net lease structure. The assets span all regions within the US, as well as in the UK.",C. Taylor Pickett,REIT - Healthcare Facilities,44.54,USD,13164687800,https://images.financialmodelingprep.com/symbol/OHI.png,1965976.0,1992-08-07,22.96,-0.01,755354,1169997000,590111000,"[{'period': '2025', 'revenue': 1200.0, 'unit': 'M', 'net_profit': 590.11}, {'period': '2024', 'revenue': 1050.0, 'unit': 'M', 'net_profit': 406.33}, {'period': '2023', 'revenue': 949.74, 'unit': 'M', 'net_profit': 242.18}, {'period': '2022', 'revenue': 878.24, 'unit': 'M', 'net_profit': 426.93}]","[{'period': ""Q4 '25"", 'revenue': 321.82, 'unit': 'M', 'net_profit': 164.72}, {'period': ""Q3 '25"", 'revenue': 311.59, 'unit': 'M', 'net_profit': 179.72}, {'period': ""Q2 '25"", 'revenue': 282.51, 'unit': 'M', 'net_profit': 136.6}, {'period': ""Q1 '25"", 'revenue': 276.79, 'unit': 'M', 'net_profit': 109.03}, {'period': ""Q4 '24"", 'revenue': 279.32, 'unit': 'M', 'net_profit': 113.34}, {'period': ""Q3 '24"", 'revenue': 276.03, 'unit': 'M', 'net_profit': 111.76}]",2.02,1.94,10049059000,2058127000,27024000,4608560000,1999564000,414127000,594549000,27024000,878551000,0.23533380494345957,0.4523092295349055,0.286624203821656,"[0.67, 0.26]","['2026-02-09', '1992-10-27']",__nan__,0.4586061242152126
30,OI,O-I Glass Inc. Common Stock,"O-I Glass, Inc., through its subsidiaries, manufactures and sells glass containers to food and beverage manufacturers primarily in the Americas, Europe, and the Asia Pacific. The company produces glass containers for alcoholic beverages, including beer, flavored malt beverages, spirits, and wine. It is also involved in the production of glass packaging for various food items, soft drinks, tea, juices, and pharmaceuticals. In addition, the company offers glass containers in a range of sizes, shapes, and colors. It sells its products directly to customers under annual or multi-year supply agreements, as well as through distributors. The company was founded in 1903 and is headquartered in Perrysburg, Ohio.",Gordon J. Hardie,Packaging & Containers,10.25,USD,1574343799,https://images.financialmodelingprep.com/symbol/OI.png,2141279.0,1991-12-11,-12.2,-0.27,1065428,781000000,-129000000,"[{'period': '2025', 'revenue': 6430.0, 'unit': 'M', 'net_profit': -129.0}, {'period': '2024', 'revenue': 6530.0, 'unit': 'M', 'net_profit': -106.0}, {'period': '2023', 'revenue': 7110.0, 'unit': 'M', 'net_profit': -103.0}, {'period': '2022', 'revenue': 6860.0, 'unit': 'M', 'net_profit': 584.0}]","[{'period': ""Q4 '25"", 'revenue': 1500.0, 'unit': 'M', 'net_profit': -138.0}, {'period': ""Q3 '25"", 'revenue': 1650.0, 'unit': 'M', 'net_profit': 30.0}, {'period': ""Q2 '25"", 'revenue': 1710.0, 'unit': 'M', 'net_profit': -5.0}, {'period': ""Q1 '25"", 'revenue': 1570.0, 'unit': 'M', 'net_profit': -16.0}, {'period': ""Q4 '24"", 'revenue': 1530.0, 'unit': 'M', 'net_profit': -154.0}, {'period': ""Q3 '24"", 'revenue': 1680.0, 'unit': 'M', 'net_profit': -80.0}]",-0.84,-0.84,9243000000,2601000000,759000000,7798000000,601000000,735000000,2089000000,759000000,168000000,-0.09080325960419092,-0.2169811320754717,-0.21739130434782614,"[0.05, 0.05]","['2020-02-27', '2019-01-18']",__nan__,0.843665476576869
31,OIA,Invesco Municipal Income Opportunities Trust Common Stock,"Invesco Municipal Income Opportunities Trust is a closed-ended fixed income mutual fund launched by Invesco Ltd. The fund is co-managed by Invesco Advisers, Inc., INVESCO Asset Management Deutschland GmbH, INVESCO Asset Management Limited, INVESCO Asset Management (Japan) Limited, Invesco Hong Kong Limited, INVESCO Senior Secured Management, Inc., and Invesco Canada Ltd. It invests in the fixed income markets of the United States. The fund primarily invests in municipal bonds rated BB or better by Standard & Poor's or Ba or better by Moody's. It employs fundamental analysis with bottom-up security selection approach to create its portfolio. The fund was previously known as Morgan Stanley Municipal Income Opportunities Trust. Invesco Municipal Income Opportunities Trust was formed on September 19, 1988 and is domiciled in the United States.",Russell C. Burk,Asset Management - Income,6.03,USD,287491249,https://images.financialmodelingprep.com/symbol/OIA.png,114735.0,1988-09-19,-19.45,0.08,209209,17414937,17414937,"[{'period': '2024', 'revenue': 22.67, 'unit': 'M', 'net_profit': 17.41}, {'period': '2023', 'revenue': 21.23, 'unit': 'M', 'net_profit': 21.9}, {'period': '2022', 'revenue': 20.54, 'unit': 'M', 'net_profit': -39.05}, {'period': '2021', 'revenue': 5.95, 'unit': 'M', 'net_profit': 5.59}]","[{'period': ""Q2 '25"", 'revenue': 5.49, 'unit': 'M', 'net_profit': -19.52}, {'period': ""Q4 '24"", 'revenue': 13.37, 'unit': 'M', 'net_profit': 5.12}, {'period': ""Q2 '24"", 'revenue': 9.3, 'unit': 'M', 'net_profit': 12.29}, {'period': ""Q4 '23"", 'revenue': 10.45, 'unit': 'M', 'net_profit': 20.81}, {'period': ""Q2 '23"", 'revenue': 10.78, 'unit': 'M', 'net_profit': 1.1}, {'period': ""Q4 '22"", 'revenue': 10.41, 'unit': 'M', 'net_profit': -6.34}]",0.365,0.365,433939095,11291213,4769703,127470368,6521510,0,2927094,4769703,37464194,0.9700275318423891,-0.20492468192078472,-0.20652173913043484,"[0.0291, 0.04]","['2026-03-16', '1988-11-04']",__nan__,0.29375174873331017
32,OII,Oceaneering International Inc. Common Stock,"Oceaneering International, Inc. provides engineered services, products, and robotic solutions to the offshore energy, defense, aerospace, manufacturing, and entertainment industries worldwide. The company's Subsea Robotics segment provides remotely operated vehicles (ROVs) for drill support and vessel-based services, including subsea hardware installation, construction, pipeline inspection, survey and facilities inspection, maintenance, and repair. This segment also offers ROV tooling, and survey services, such as hydrographic survey and positioning services, as well as autonomous underwater vehicles for geoscience. As of December 31, 2021, this segment owned 250 work-class ROVs. Its Manufactured Products segment provides distribution and connection systems, including production control umbilicals and field development hardware, pipeline connection, and repair systems to the energy industry; and autonomous mobile robots and automated guided vehicle technology and entertainment systems to various industries. The company's Offshore Projects Group segment offers subsea installation and intervention, including riserless light well intervention services and inspection, and maintenance and repair services; installation and workover control systems, and ROV workover control systems; project management and engineering; and drill pipe riser services and systems, and wellhead load relief solutions. Its Integrity Management & Digital Solutions segment provides asset integrity management; software and analytical solutions for the bulk cargo maritime industry; and software, digital, and connectivity solutions for the energy industry. The company's Aerospace and Defense Technologies segment offers government services and products, including engineering and related manufacturing in defense and space exploration activities to U.S. government agencies and their prime contractors. Oceaneering International, Inc. was founded in 1964 and is headquartered in Houston, Texas.",Roderick A. Larson,Oil & Gas Equipment & Services,36.33,USD,3624833779,https://images.financialmodelingprep.com/symbol/OII.png,1252611.0,1975-10-31,10.41,-0.19,878276,425132000,353761000,"[{'period': '2025', 'revenue': 2780.0, 'unit': 'M', 'net_profit': 353.76}, {'period': '2024', 'revenue': 2660.0, 'unit': 'M', 'net_profit': 147.47}, {'period': '2023', 'revenue': 2420.0, 'unit': 'M', 'net_profit': 97.4}, {'period': '2022', 'revenue': 2070.0, 'unit': 'M', 'net_profit': 25.94}]","[{'period': ""Q4 '25"", 'revenue': 668.57, 'unit': 'M', 'net_profit': 177.65}, {'period': ""Q3 '25"", 'revenue': 742.9, 'unit': 'M', 'net_profit': 71.29}, {'period': ""Q2 '25"", 'revenue': 698.16, 'unit': 'M', 'net_profit': 54.44}, {'period': ""Q1 '25"", 'revenue': 674.52, 'unit': 'M', 'net_profit': 50.38}, {'period': ""Q4 '24"", 'revenue': 713.45, 'unit': 'M', 'net_profit': 56.1}, {'period': ""Q3 '24"", 'revenue': 679.81, 'unit': 'M', 'net_profit': 41.24}]",3.49,3.49,2667254000,1512400000,688874000,1590591000,0,0,761726000,688874000,207846000,0.1606875689370857,1.3989001003607562,1.3904109589041098,"[0.15, 0.075]","['2017-08-23', '2011-06-15']",__nan__,0.5963402810530981
33,OIS,Oil States International Inc. Common Stock,"Oil States International, Inc., through its subsidiaries, provides oilfield products and services for the drilling, completion, subsea, production, and infrastructure sectors of the oil and gas industry worldwide. The company operates through three segments: Well Site Services, Downhole Technologies, and Offshore/Manufactured Products. The Well Site Services segment offers a range of equipment and services that are used to drill for, establish, and maintain the flow of oil and natural gas from a well throughout its lifecycle. It also provides wellhead isolation, frac valve, wireline and coiled tubing support, flowback and well testing, pipe recovery systems, gravel pack and sand control, blowout preventer, and drilling services. The Downhole Technologies segment provides oil and gas perforation systems, and downhole tools in support of completion, intervention, wireline, and well abandonment operations. This segment also designs, manufactures, and markets its consumable engineered products to oilfield service, and exploration and production companies. The Offshore/Manufactured Products segment designs, manufactures, and markets capital equipment utilized on floating production systems, subsea pipeline infrastructure, and offshore drilling rigs and vessels; and short-cycle and other products. Its products include flexible bearings, advanced connector systems, high-pressure riser systems, deepwater mooring systems, cranes, subsea pipeline products, and blow-out preventer stack integration products. This segment also provides short-cycle products, such as valves, elastomers, and other specialty products that are used in the land-based drilling and completion markets; and other products for use in industrial, military, and other applications. In addition, it offers specialty welding, fabrication, cladding and machining, offshore installation, and inspection and repair services. The company was incorporated in 1995 and is headquartered in Houston, Texas.",Philip S. Moses,Oil & Gas Equipment & Services,12.2,USD,734516860,https://images.financialmodelingprep.com/symbol/OIS.png,1129788.0,2001-02-09,-6.56,0.2,773747,42829000,-109377000,"[{'period': '2025', 'revenue': 668.99, 'unit': 'M', 'net_profit': -109.38}, {'period': '2024', 'revenue': 692.59, 'unit': 'M', 'net_profit': -11.26}, {'period': '2023', 'revenue': 782.28, 'unit': 'M', 'net_profit': 12.89}, {'period': '2022', 'revenue': 737.71, 'unit': 'M', 'net_profit': -9.54}]","[{'period': ""Q4 '25"", 'revenue': 178.24, 'unit': 'M', 'net_profit': -117.25}, {'period': ""Q3 '25"", 'revenue': 165.41, 'unit': 'M', 'net_profit': 2.81}, {'period': ""Q2 '25"", 'revenue': 165.41, 'unit': 'M', 'net_profit': 2.81}, {'period': ""Q1 '25"", 'revenue': 159.94, 'unit': 'M', 'net_profit': 3.16}, {'period': ""Q4 '24"", 'revenue': 164.59, 'unit': 'M', 'net_profit': 15.16}, {'period': ""Q3 '24"", 'revenue': 174.35, 'unit': 'M', 'net_profit': -14.35}]",-1.86,-1.86,883431000,495291000,69914000,310240000,202445000,0,266180000,69914000,73932000,-0.23048313779039473,-8.715491206253331,-9.333333333333334,__nan__,__nan__,__nan__,0.3511762661713252
34,OKE,ONEOK Inc. Common Stock,"ONEOK, Inc., together with its subsidiaries, engages in gathering, processing, storage, and transportation of natural gas in the United States. It operates through Natural Gas Gathering and Processing, Natural Gas Liquids, and Natural Gas Pipelines segments. The company owns natural gas gathering pipelines and processing plants in the Mid-Continent and Rocky Mountain regions. It also gathers, treats, fractionates, and transports natural gas liquids (NGL), as well as stores, markets, and distributes NGL products. The company owns NGL gathering and distribution pipelines in Oklahoma, Kansas, Texas, New Mexico, Montana, North Dakota, Wyoming, and Colorado; terminal and storage facilities in Kansas, Missouri, Nebraska, Iowa, and Illinois; and NGL distribution and refined petroleum products pipelines in Kansas, Missouri, Nebraska, Iowa, Illinois, and Indiana, as well as owns and operates truck- and rail-loading, and -unloading facilities connected to NGL fractionation, storage, and pipeline assets. In addition, it operates regulated interstate and intrastate natural gas transmission pipelines and natural gas storage facilities. Further, the company owns and operates a parking garage in downtown Tulsa, Oklahoma; and leases excess office space. It operates 17,500 miles of natural gas gathering pipelines; 1,500 miles of FERC-regulated interstate natural gas pipelines; 5,100 miles of state-regulated intrastate transmission pipeline; six NGL storage facilities; and eight NGL product terminals. It serves integrated and independent exploration and production companies; NGL and natural gas gathering and processing companies; crude oil and natural gas production companies; propane distributors; municipalities; ethanol producers; and petrochemical, refining, and NGL marketing companies, as well as natural gas distribution and electric generation companies, producers, processors, and marketing companies. The company was founded in 1906 and is headquartered in Tulsa, Oklahoma.",Pierce H. Norton,Oil & Gas Midstream,93.96,USD,59174470251,https://images.financialmodelingprep.com/symbol/OKE.png,4806527.0,1980-10-01,17.34,0.39,4819613,7787000000,3395000000,"[{'period': '2025', 'revenue': 33.63, 'unit': 'B', 'net_profit': 3.4}, {'period': '2024', 'revenue': 21.64, 'unit': 'B', 'net_profit': 3.04}, {'period': '2023', 'revenue': 17.68, 'unit': 'B', 'net_profit': 2.66}, {'period': '2022', 'revenue': 22.87, 'unit': 'B', 'net_profit': 1.72}]","[{'period': ""Q4 '25"", 'revenue': 9060.0, 'unit': 'M', 'net_profit': 979.0}, {'period': ""Q3 '25"", 'revenue': 8630.0, 'unit': 'M', 'net_profit': 939.0}, {'period': ""Q2 '25"", 'revenue': 7890.0, 'unit': 'M', 'net_profit': 841.0}, {'period': ""Q1 '25"", 'revenue': 8039.999999999999, 'unit': 'M', 'net_profit': 636.0}, {'period': ""Q4 '24"", 'revenue': 7000.0, 'unit': 'M', 'net_profit': 923.0}, {'period': ""Q3 '24"", 'revenue': 5020.0, 'unit': 'M', 'net_profit': 693.0}]",5.43,5.42,66641000000,4488000000,78000000,44072000000,3010000000,2889000000,6365000000,78000000,2447000000,0.18074298711144807,0.1186161449752883,0.046242774566473854,"[1.07, 0.64]","['2026-02-02', '1985-07-25']",__nan__,0.6613346138263231
35,OLN,Olin Corporation Common Stock,"Olin Corporation manufactures and distributes chemical products in the United States, Europe, and internationally. It operates through three segments: Chlor Alkali Products and Vinyls; Epoxy; and Winchester. The Chlor Alkali Products and Vinyls segment offers chlorine and caustic soda, ethylene dichloride and vinyl chloride monomers, methyl chloride, methylene chloride, chloroform, carbon tetrachloride, perchloroethylene, hydrochloric acid, hydrogen, bleach products, potassium hydroxide, chlorinated organics intermediates and solvents, and sodium hypochlorite. The Epoxy segment provides epoxy materials and precursors, including aromatics, such as acetone, bisphenol, cumene, and phenol, as well as allyl chloride, epichlorohydrin, and glycerin used for the manufacturers of polymers, resins and other plastic materials, and water purification; liquid and solid epoxy resins that are used in adhesives, marines, protective coatings, composites, and flooring; and converted epoxy resins and additives for use in electrical laminates, paints and coatings, wind blades, electronics, and construction. The Winchester segment offers sporting ammunition products, including shotshells, small caliber centerfire, and rimfire ammunition products for hunters and recreational shooters, and law enforcement agencies; small caliber military ammunition products for use in infantry and mounted weapons; and industrial products comprising gauge loads and powder-actuated tool loads for maintenance applications in power and concrete industries, and powder-actuated tools in construction industry. The company markets its products through its sales force, as well as directly to various industrial customers, mass merchants, retailers, wholesalers, other distributors, and the U.S. Government and its prime contractors. Olin Corporation was incorporated in 1892 and is based in Clayton, Missouri.",Kenneth Todd Lane,Chemicals - Specialty,29.01,USD,3296609370,https://images.financialmodelingprep.com/symbol/OLN.png,3170847.0,1987-12-30,-32.97,0.41,3094779,623800000,-42800000,"[{'period': '2025', 'revenue': 6780.0, 'unit': 'M', 'net_profit': -42.8}, {'period': '2024', 'revenue': 6540.0, 'unit': 'M', 'net_profit': 108.6}, {'period': '2023', 'revenue': 6830.0, 'unit': 'M', 'net_profit': 460.2}, {'period': '2022', 'revenue': 9.38, 'unit': 'B', 'net_profit': 1.33}]","[{'period': ""Q4 '25"", 'revenue': 1670.0, 'unit': 'M', 'net_profit': -85.7}, {'period': ""Q3 '25"", 'revenue': 1710.0, 'unit': 'M', 'net_profit': 43.0}, {'period': ""Q2 '25"", 'revenue': 1760.0, 'unit': 'M', 'net_profit': -1.3}, {'period': ""Q1 '25"", 'revenue': 1640.0, 'unit': 'M', 'net_profit': 1.4}, {'period': ""Q4 '24"", 'revenue': 1670.0, 'unit': 'M', 'net_profit': 10.7}, {'period': ""Q3 '24"", 'revenue': 1590.0, 'unit': 'M', 'net_profit': -24.9}]",-0.37,-0.37,7325800000,1971100000,167600000,5397500000,911100000,0,1461100000,167600000,247900000,-0.28618835106991647,-1.3941068139963169,-1.4021739130434783,"[0.2, 1.1812]","['2026-03-03', '1985-02-05']",__nan__,0.7367796008627044
36,OLO,Olo Inc. Class A Common Stock,"Olo Inc. provides software-as-a-service platform for multi-location restaurants in the United States. The company's platform enables on-demand commerce operations, which cover digital ordering and delivery through online and mobile ordering modules. Its modules include Order Management, an on-demand digital commerce and channel management solutions that enables consumers to order directly from and pay restaurants via mobile, web, kiosk, voice, and other digital channels; and Delivery Enablement, a fulfillment network, as well as a network aggregator and channel management solution, which enables restaurants to offer, manage, and expand direct delivery, as well as allows restaurants to control and syndicate menu, pricing, location data, and availability, while directly integrating and optimizing orders from third-parties into the restaurants' point-of-sale and systems. The company also provides Customer Engagement solution, a suite of restaurant-centric marketing and sentiment solutions that enables restaurants to collect, analyze, and act on guest data; Front-of-House solution, which enables restaurants to streamline the queue orders from multiple sales channels; and Payment solution, a payment platform that offers fraud prevention that results in enhanced authorization rates for valid transactions. The company was formerly known as Mobo Systems, Inc. and changed its name to Olo Inc. in January 2020. Olo Inc. was incorporated in 2005 and is headquartered in New York, New York.",Noah Herbert Glass,Software - Application,10.26,USD,1738139777,https://images.financialmodelingprep.com/symbol/OLO.png,5209534.0,2021-03-17,-1026.0,0.0,18712863,14610000,-897000,"[{'period': '2024', 'revenue': 284940.0, 'unit': 'K', 'net_profit': -897.0}, {'period': '2023', 'revenue': 228.29, 'unit': 'M', 'net_profit': -58.29}, {'period': '2022', 'revenue': 185.4, 'unit': 'M', 'net_profit': -45.97}, {'period': '2021', 'revenue': 149.37, 'unit': 'M', 'net_profit': -42.27}]","[{'period': ""Q2 '25"", 'revenue': 85.72, 'unit': 'M', 'net_profit': 1.58}, {'period': ""Q1 '25"", 'revenue': 80.68, 'unit': 'M', 'net_profit': 1.81}, {'period': ""Q4 '24"", 'revenue': 76070.0, 'unit': 'K', 'net_profit': -635.0}, {'period': ""Q3 '24"", 'revenue': 71.85, 'unit': 'M', 'net_profit': -3.63}, {'period': ""Q2 '24"", 'revenue': 70.5, 'unit': 'M', 'net_profit': 5.73}, {'period': ""Q1 '24"", 'revenue': 66.51, 'unit': 'M', 'net_profit': -2.36}]",-0.0055,-0.0055,754776000,448321000,360735000,71553000,62481000,42376000,59594000,286757000,38805000,1.307184457854124,0.984610633588965,0.9847222222222222,__nan__,__nan__,__nan__,0.09480031161563165
37,OLP,One Liberty Properties Inc. Common Stock,"One Liberty is a self-administered and self-managed real estate investment trust incorporated in Maryland in 1982. The Company acquires, owns and manages a geographically diversified portfolio consisting primarily of industrial, retail, restaurant, health and fitness and theater properties. Many of these properties are subject to long term net leases under which the tenant is typically responsible for the property's real estate taxes, insurance and ordinary maintenance and repairs.",Patrick J. Callan Jr.,REIT - Diversified,21.44,USD,467672864,https://images.financialmodelingprep.com/symbol/OLP.png,79513.0,1983-04-25,18.64,-0.72,54477,78106000,25474000,"[{'period': '2025', 'revenue': 97.23, 'unit': 'M', 'net_profit': 25.47}, {'period': '2024', 'revenue': 90.56, 'unit': 'M', 'net_profit': 30.42}, {'period': '2023', 'revenue': 90.65, 'unit': 'M', 'net_profit': 29.61}, {'period': '2022', 'revenue': 92.22, 'unit': 'M', 'net_profit': 42.18}]","[{'period': ""Q4 '25"", 'revenue': 23.73, 'unit': 'M', 'net_profit': 2.41}, {'period': ""Q3 '25"", 'revenue': 24.79, 'unit': 'M', 'net_profit': 10.48}, {'period': ""Q2 '25"", 'revenue': 24.55, 'unit': 'M', 'net_profit': 8.43}, {'period': ""Q1 '25"", 'revenue': 24.17, 'unit': 'M', 'net_profit': 4.16}, {'period': ""Q4 '24"", 'revenue': 23.86, 'unit': 'M', 'net_profit': 10.53}, {'period': ""Q3 '24"", 'revenue': 22.21, 'unit': 'M', 'net_profit': 5.18}]",1.22,1.15,857570000,31703000,14434000,557773000,17269000,777797000,29055000,14434000,34632000,0.04767142397252924,-0.1625078081336095,-0.13475177304964536,"[0.45, 0.43]","['2026-03-27', '1987-01-26']",__nan__,0.650411045162494
38,OMC,Omnicom Group Inc. Common Stock,"Omnicom Group Inc., together with its subsidiaries, provides advertising, marketing, and corporate communications services. It provides a range of services in the areas of advertising, customer relationship management, public relations, and healthcare. The company's services include advertising, branding, content marketing, corporate social responsibility consulting, crisis communications, custom publishing, data analytics, database management, digital/direct marketing, digital transformation, entertainment marketing, experiential marketing, field marketing, financial/corporate business-to-business advertising, graphic arts/digital imaging, healthcare marketing and communications, and in-store design services. Its services also comprise interactive marketing, investor relations, marketing research, media planning and buying, merchandising and point of sale, mobile marketing, multi-cultural marketing, non-profit marketing, organizational communications, package design, product placement, promotional marketing, public affairs, retail marketing, sales support, search engine marketing, shopper marketing, social media marketing, and sports and event marketing services. It operates in the United States, Canada, Puerto Rico, South America, Mexico, Europe, the Middle East, Africa, Australia, Greater China, India, Japan, Korea, New Zealand, Singapore, and other Asian countries. The company was incorporated in 1944 and is based in New York, New York.",John D. Wren,Advertising Agencies,73.82,USD,23224043510,https://images.financialmodelingprep.com/symbol/OMC.png,4916971.0,1980-03-17,-273.41,-1.48,4677475,825999999,-54500000,"[{'period': '2025', 'revenue': 17270.0, 'unit': 'M', 'net_profit': -54.5}, {'period': '2024', 'revenue': 15.69, 'unit': 'B', 'net_profit': 1.48}, {'period': '2023', 'revenue': 14.69, 'unit': 'B', 'net_profit': 1.39}, {'period': '2022', 'revenue': 14.29, 'unit': 'B', 'net_profit': 1.3}]","[{'period': ""Q4 '25"", 'revenue': 5530.0, 'unit': 'M', 'net_profit': -941.1}, {'period': ""Q3 '25"", 'revenue': 4040.0, 'unit': 'M', 'net_profit': 341.3}, {'period': ""Q2 '25"", 'revenue': 4019.9999999999995, 'unit': 'M', 'net_profit': 257.6}, {'period': ""Q1 '25"", 'revenue': 3690.0, 'unit': 'M', 'net_profit': 287.7}, {'period': ""Q4 '24"", 'revenue': 4320.0, 'unit': 'M', 'net_profit': 448.0}, {'period': ""Q3 '24"", 'revenue': 3880.0, 'unit': 'M', 'net_profit': 385.9}]",-0.27,-0.27,54415300000,27465400000,6881100000,41359100000,17806900000,65900000,29538200000,6881100000,2788400000,-0.6843955375974323,-1.0368094015939484,-1.0358090185676394,"[0.8, 0.88]","['2026-03-11', '1984-12-21']",__nan__,0.7600638055840913
39,OMF,OneMain Holdings Inc. Common Stock,"OneMain Holdings, Inc., a financial service holding company, engages in the consumer finance and insurance businesses. The company originates, underwrites, and services personal loans secured by automobiles, other titled collateral, or unsecured. The company also offers credit cards and insurance products comprising life, disability, and involuntary unemployment insurance; optional non-credit insurance; guaranteed asset protection coverage as a waiver product or insurance; and membership plans. It operates through a network of approximately 1,400 branch offices in 44 states in the United States, as well as through its website onemainfinancial.com. The company was formerly known as Springleaf Holdings, Inc. and changed its name to OneMain Holdings, Inc. in November 2015. OneMain Holdings, Inc. was founded in 1912 and is based in Evansville, Indiana.",Douglas H. Shulman,Financial - Credit Services,51.55,USD,6069080064,https://images.financialmodelingprep.com/symbol/OMF.png,1589950.0,2013-10-16,7.86,-1.5,986641,1288000000,783000000,"[{'period': '2025', 'revenue': 6240.0, 'unit': 'M', 'net_profit': 783.0}, {'period': '2024', 'revenue': 5720.0, 'unit': 'M', 'net_profit': 509.0}, {'period': '2023', 'revenue': 5300.0, 'unit': 'M', 'net_profit': 641.0}, {'period': '2022', 'revenue': 5090.0, 'unit': 'M', 'net_profit': 872.0}]","[{'period': ""Q4 '25"", 'revenue': 1610.0, 'unit': 'M', 'net_profit': 204.0}, {'period': ""Q3 '25"", 'revenue': 1590.0, 'unit': 'M', 'net_profit': 199.0}, {'period': ""Q2 '25"", 'revenue': 1540.0, 'unit': 'M', 'net_profit': 167.0}, {'period': ""Q1 '25"", 'revenue': 1500.0, 'unit': 'M', 'net_profit': 213.0}, {'period': ""Q4 '24"", 'revenue': 1500.0, 'unit': 'M', 'net_profit': 126.0}, {'period': ""Q3 '24"", 'revenue': 1470.0, 'unit': 'M', 'net_profit': 157.0}]",6.59,6.56,27388000000,2034000000,1335000000,23987000000,0,23137000000,0,914000000,3130000000,0.3644067796610169,0.5383104125736738,0.5505882352941176,"[1.05, 0.25]","['2026-02-17', '2019-02-25']",__nan__,0.8758215276763546
40,OMI,Owens & Minor Inc. Common Stock,"Owens & Minor, Inc., together with its subsidiaries, operates as a healthcare solutions company in the United States and internationally. It operates through two segments, Global Solutions and Global Products. The Global Solutions segment offers a portfolio of products and services to healthcare providers and manufacturers. Its portfolio of medical and surgical supplies includes branded products and its proprietary products. This segment also offers services to healthcare providers, which include supplier management, analytics, inventory management, and clinical supply management; and various programs to provide logistics and marketing solutions to its suppliers. The Global Products segment manufactures and sources medical surgical products for the prevention of healthcare-associated infections across the acute and alternate site channels. This segments products portfolio includes sterilization wraps, surgical drapes and gowns, facial protection products, protective apparel, medical exam gloves, custom and minor procedure kits, and other medical products. It provides its products and services to multi-facility networks of healthcare providers, independent hospitals, surgery centers, physicians' practices, and networks of hospitals directly, as well as indirectly through third-party distributors. The company was founded in 1882 and is headquartered in Richmond, Virginia.",Edward A. Pesicka,Medical - Distribution,2.68,USD,207066258,https://images.financialmodelingprep.com/symbol/OMI.png,2218963.0,1980-03-17,-0.4710017574692443,0.22,1966438,101062000,-1100642000,"[{'period': '2025', 'revenue': 2.76, 'unit': 'B', 'net_profit': -1.1}, {'period': '2024', 'revenue': 10700.0, 'unit': 'M', 'net_profit': -362.69}, {'period': '2023', 'revenue': 10330.0, 'unit': 'M', 'net_profit': -41.3}, {'period': '2022', 'revenue': 9960.0, 'unit': 'M', 'net_profit': 22.39}]","[{'period': ""Q4 '25"", 'revenue': -1250.0, 'unit': 'M', 'net_profit': -56.33}, {'period': ""Q3 '25"", 'revenue': 697.26, 'unit': 'M', 'net_profit': -150.28}, {'period': ""Q2 '25"", 'revenue': 681.92, 'unit': 'M', 'net_profit': -869.06}, {'period': ""Q1 '25"", 'revenue': 2630.0, 'unit': 'M', 'net_profit': -24.98}, {'period': ""Q4 '24"", 'revenue': 2700.0, 'unit': 'M', 'net_profit': -296.12}, {'period': ""Q3 '24"", 'revenue': 686.85, 'unit': 'M', 'net_profit': -12.77}]",-14.24,-14.24,2451761000,547871000,281989000,2912739000,95907000,0,947075000,281989000,0,-0.8038305277677973,-2.0346966797725856,-2.010570824524313,"[0.002, 0.1]","['2021-12-14', '1985-03-11']",__nan__,1.188019142159452
41,ONE,OneSmart International Education Group Limited ADS,"OneSmart International Education Group Limited provides tutoring services for the students of kindergarten and primary, middle, and high schools (K12) in the People's Republic of China. The company offers premium tutoring services for exam preparation under OneSmart VIP brand; young children services, including Chinese language, mathematics, science, and computer programming under the HappyMath brand; and English tutoring services focusing on early childhood under the brand FasTrack English brand. It also provides online education courses under the OneSmart Online brand to existing student base from OneSmart VIP, HappyMath, and FasTrack English. As of August 31, 2020, the company operated a network of 480 learning centers across 40 cities in China. The company was formerly known as OneSmart Education Group Limited. OneSmart International Education Group Limited was founded in 2007 and is headquartered in Shanghai, the People's Republic of China.",Xi Zhang,Education & Training Services,1.34,USD,51309136,https://images.financialmodelingprep.com/symbol/ONE.png,167204.0,2018-03-28,0.0,-0.0699999,103292,-4712365000,-4987567000,"[{'period': '2021', 'revenue': 3.42, 'unit': 'B', 'net_profit': -4.99}, {'period': '2020', 'revenue': 3440.0, 'unit': 'M', 'net_profit': -729.83}, {'period': '2019', 'revenue': 3990.0, 'unit': 'M', 'net_profit': 245.37}, {'period': '2018', 'revenue': 2860.0, 'unit': 'M', 'net_profit': 245.94}]","[{'period': ""Q2 '21"", 'revenue': 931.63, 'unit': 'M', 'net_profit': -171.97}, {'period': ""Q1 '21"", 'revenue': 684.8, 'unit': 'M', 'net_profit': -159.58}, {'period': ""Q4 '20"", 'revenue': 1010.0, 'unit': 'M', 'net_profit': -169.47}, {'period': ""Q3 '20"", 'revenue': 744.92, 'unit': 'M', 'net_profit': -454.06}, {'period': ""Q2 '20"", 'revenue': 885.8, 'unit': 'M', 'net_profit': -16.37}, {'period': ""Q1 '20"", 'revenue': 797.2, 'unit': 'M', 'net_profit': -89.93}]",-774.11,-774.11,503173000,466218000,111201000,5124418000,0,0,4717577000,29626000,117835000,-9.786282431303432,-5.833884375655119,-5.833598163841808,__nan__,__nan__,__nan__,10.184207022236885
42,ONTF,ON24 Inc. Common Stock,"ON24, Inc. provides a cloud-based digital experience platform that enables businesses to convert customer engagement into revenue through interactive webinar, virtual event, and multimedia content experiences worldwide. The company provides ON24 Experience products, such as ON24 Elite, a live and interactive webinar experience; ON24 Breakouts, a live breakout room experience that facilitates networking, collaboration and interactivity between users; ON24 Go Live, a live, interactive video event experience that enables presenters and attendees to engage face-to-face in real-time; ON24 Virtual Confrence, a live and large scale virtual event experience; ON24 Engagement Hub, a rich multimedia content experience; and ON24 Target, a personalized and curated rich multimedia content experience, as well as solutions; ON24 Intelligence, an analytics backbone that captures first-person data to power the insights, benchmarking, reporting, and artificial intelligence and machine learning engine; and ON24 Connect, an ecosystem of third-party application integrations. It also offers professional services, such as experience management, monitoring, premium support, and implementation and other services. The company sells its products through direct sales. It serves technology, financial services, healthcare, industrial and manufacturing, professional services, and business-to-business information service industries. The company was formerly known as NewsDirect, Inc. and changed its name to ON24, Inc. in December 1998. The company was incorporated in 1998 and is headquartered in San Francisco, California.",Sharat Sharan,Software - Application,8.1,USD,347221890,https://images.financialmodelingprep.com/symbol/ONTF.png,525988.0,2021-02-03,-11.91,0.0,703399,-23449000,-28853000,"[{'period': '2025', 'revenue': 139.31, 'unit': 'M', 'net_profit': -28.85}, {'period': '2024', 'revenue': 148.08, 'unit': 'M', 'net_profit': -42.16}, {'period': '2023', 'revenue': 163.71, 'unit': 'M', 'net_profit': -51.79}, {'period': '2022', 'revenue': 190.87, 'unit': 'M', 'net_profit': -58.21}]","[{'period': ""Q4 '25"", 'revenue': 34.64, 'unit': 'M', 'net_profit': -6.5}, {'period': ""Q3 '25"", 'revenue': 34.6, 'unit': 'M', 'net_profit': -6.38}, {'period': ""Q2 '25"", 'revenue': 35.33, 'unit': 'M', 'net_profit': -7.28}, {'period': ""Q1 '25"", 'revenue': 34.73, 'unit': 'M', 'net_profit': -8.7}, {'period': ""Q4 '24"", 'revenue': 36.68, 'unit': 'M', 'net_profit': -8.87}, {'period': ""Q3 '24"", 'revenue': 36.33, 'unit': 'M', 'net_profit': -11.41}]",-0.68,-0.68,228360000,205731000,167529000,88911000,24643000,0,82807000,37013000,3968000,0.3603829682769155,0.31556599297846094,0.3267326732673267,"[1.09, 1.09]","['2023-05-19', '2023-05-19']",__nan__,0.38934576983709934
43,ONTO,Onto Innovation Inc. Common Stock,"Onto Innovation Inc. engages in the design, development, manufacture, and support of process control tools that performs macro defect inspection and 2D/3D optical metrology, lithography systems, and process control analytical software worldwide. It offers process and yield management solutions, and device packaging and test facilities through standalone systems for macro-defect inspection, packaging lithography, probe card test and analysis, and transparent and opaque thin film measurements; and process control software portfolio that includes solutions for standalone tools, groups of tools, and enterprise-or factory-wide suites. The company also provides spare parts and software licensing services. Its products are used by semiconductor and advanced packaging device manufacturers; silicon wafer; light emitting diode; vertical-cavity surface-emitting laser; micro-electromechanical system; CMOS image sensor; power device; RF filter; data storage; and various industrial and scientific applications. The company was formerly known as Rudolph Technologies, Inc. Onto Innovation Inc. was founded in 1940 and is headquartered in Wilmington, Massachusetts.",Michael Plisinski,Semiconductors,204.23,USD,10150713187,https://images.financialmodelingprep.com/symbol/ONTO.png,897979.0,2019-10-28,73.46,-0.52,424479,223341000,136759000,"[{'period': '2025', 'revenue': 1010.0, 'unit': 'M', 'net_profit': 136.76}, {'period': '2024', 'revenue': 987.32, 'unit': 'M', 'net_profit': 201.67}, {'period': '2023', 'revenue': 815.87, 'unit': 'M', 'net_profit': 121.16}, {'period': '2022', 'revenue': 1010.0, 'unit': 'M', 'net_profit': 223.33}]","[{'period': ""Q4 '25"", 'revenue': 266.87, 'unit': 'M', 'net_profit': 10.53}, {'period': ""Q3 '25"", 'revenue': 218.19, 'unit': 'M', 'net_profit': 28.22}, {'period': ""Q2 '25"", 'revenue': 253.6, 'unit': 'M', 'net_profit': 33.91}, {'period': ""Q1 '25"", 'revenue': 266.61, 'unit': 'M', 'net_profit': 64.09}, {'period': ""Q4 '24"", 'revenue': 263.94, 'unit': 'M', 'net_profit': 48.82}, {'period': ""Q3 '24"", 'revenue': 252.21, 'unit': 'M', 'net_profit': 53.05}]",2.78,2.78,2367741000,1268035000,639622000,267094000,268932000,0,218946000,0,299802000,-0.10452985421711866,-0.32186740715029505,-0.32029339853300737,__nan__,__nan__,__nan__,0.11280541241630736
44,OOMA,Ooma Inc. Common Stock,"Ooma, Inc. provides communications services and related technologies for businesses and consumers in the United States and Canada. The company's products and services include Ooma Office, a cloud-based multi-user communications system for small and medium-sized businesses; Ooma Office Pro that offers services, including HD video meetings, call recording, enhanced call blocking, and voicemail transcription; Ooma Connect, which delivers fixed wireless internet connectivity; Ooma Managed Wi-Fi, a plug-and-play enterprise-grade Wi-Fi solution; and Ooma Enterprise, a unified-communications-as-a-service solution. It also provides Ooma AirDial, a plain old telephone service; Ooma Telo basic that provides unlimited personal calling within the Unites States; Ooma Premier, a suite of advanced calling features on a monthly or annual subscription basis; PureVoice HD, a residential phone services; Ooma Telo, a home communications solution designed to serve as the primary phone line in the home; and Ooma Telo 4G, which combines the Ooma Telo base station with the Ooma 4G Cellular Adapter and battery back-up. In addition, the company offers Ooma Mobile HD app that allows users to make and receive phone calls and access Ooma features and settings; Ooma Telo Air, a wireless Ooma Telo with built-in Wi-Fi and Bluetooth; Ooma Smart Security, a security and monitoring platform; and Talkatone mobile app. It offers its products through direct sales, distributors, retailers, and resellers, as well as online. Ooma, Inc. was incorporated in 2003 and is headquartered in Sunnyvale, California.",Eric Stang,Telecommunications Services,14.0,USD,386400000,https://images.financialmodelingprep.com/symbol/OOMA.png,203813.0,2015-07-20,60.87,-0.35,195055,18581000,6459000,"[{'period': '2026', 'revenue': 273.6, 'unit': 'M', 'net_profit': 6.46}, {'period': '2025', 'revenue': 256.85, 'unit': 'M', 'net_profit': -6.9}, {'period': '2024', 'revenue': 236740.0, 'unit': 'K', 'net_profit': -835.0}, {'period': '2023', 'revenue': 216.16, 'unit': 'M', 'net_profit': -3.65}]","[{'period': ""Q4 '26"", 'revenue': 74.58, 'unit': 'M', 'net_profit': 3.95}, {'period': ""Q3 '26"", 'revenue': 67.62, 'unit': 'M', 'net_profit': 1.39}, {'period': ""Q2 '26"", 'revenue': 66.36, 'unit': 'M', 'net_profit': 1.25}, {'period': ""Q1 '26"", 'revenue': 65030.0, 'unit': 'K', 'net_profit': -141.0}, {'period': ""Q4 '25"", 'revenue': 65099.99999999999, 'unit': 'K', 'net_profit': -261.0}, {'period': ""Q3 '25"", 'revenue': 65.13, 'unit': 'M', 'net_profit': -2.36}]",0.23,0.23,227537000,66739000,20144000,134621000,11833000,0,71727000,20144000,22098000,1.9993543179983857,1.9359513114041442,1.8846153846153846,__nan__,__nan__,__nan__,0.5916444358499936
45,OPA,Magnum Opus Acquisition Limited Class A Ordinary Shares,"Magnum Opus Acquisition Limited does not have significant operations. It intends to effect a merger, share exchange, asset acquisition, share purchase, reorganization, or related business combination with one or more businesses. The company was founded in 2021 and is based in Central, Hong Kong.",Hou Pu Lin,Shell Companies,10.795,USD,125169094,https://images.financialmodelingprep.com/symbol/OPA.png,22034.0,2021-05-18,17.411290322580644,0.005,414200,-21703000,36027000,"[{'period': '2022', 'revenue': 0.0, 'unit': 'M', 'net_profit': 36.03}, {'period': '2021', 'revenue': 0.0, 'unit': '', 'net_profit': -754.54}]","[{'period': ""Q1 '23"", 'revenue': 0.0, 'unit': 'K', 'net_profit': 846.88}, {'period': ""Q4 '22"", 'revenue': 0.0, 'unit': 'M', 'net_profit': 9.91}, {'period': ""Q3 '22"", 'revenue': 0.0, 'unit': 'M', 'net_profit': -2.02}, {'period': ""Q2 '22"", 'revenue': 0.0, 'unit': 'M', 'net_profit': 13.37}, {'period': ""Q1 '22"", 'revenue': 0.0, 'unit': 'K', 'net_profit': 963.67}, {'period': ""Q4 '21"", 'revenue': 0.0, 'unit': 'M', 'net_profit': 3.36}]",0.61,0.61,203759547,918316,883307,12807457,0,202841231,6941557,883307,-1599344,-360.67252780033476,47748.034944515784,18.231638418079093,__nan__,__nan__,__nan__,0.06285573946628376
46,OPP,RiverNorth/DoubleLine Strategic Opportunity Fund Inc. Common Stock,"RiverNorth/DoubleLine Strategic Opportunity Fund, Inc. is a closed ended fixed income mutual fund launched and managed by RiverNorth Capital Management, LLC. The fund is co-managed by DoubleLine Capital LP. It invests in fixed income markets. The fund seeks to benchmark the performance of its portfolio against the Barclays Capital U.S. Aggregate Bond Index. RiverNorth/DoubleLine Strategic Opportunity Fund, Inc. was formed on December 30, 2010 and is domiciled in the United States.",Patrick William Galley,Asset Management,7.51,USD,230018533,https://images.financialmodelingprep.com/symbol/OPP.png,115257.0,2016-09-28,7.51,0.01,63592,23165038,23165038,"[{'period': '2024', 'revenue': 25.8, 'unit': 'M', 'net_profit': 23.17}, {'period': '2023', 'revenue': 31.03, 'unit': 'M', 'net_profit': 28.56}, {'period': '2022', 'revenue': 19.82, 'unit': 'M', 'net_profit': 5.76}, {'period': '2021', 'revenue': -32.15, 'unit': 'M', 'net_profit': -33.31}]","[{'period': ""Q2 '25"", 'revenue': 11.68, 'unit': 'M', 'net_profit': 12.43}, {'period': ""Q4 '24"", 'revenue': 14.04, 'unit': 'M', 'net_profit': 11.75}, {'period': ""Q2 '24"", 'revenue': 16.51, 'unit': 'M', 'net_profit': 11.42}, {'period': ""Q4 '23"", 'revenue': 13.63, 'unit': 'M', 'net_profit': 11.12}, {'period': ""Q2 '23"", 'revenue': -0.36008, 'unit': 'M', 'net_profit': 17.44}, {'period': ""Q4 '22"", 'revenue': 11.12, 'unit': 'M', 'net_profit': 12.35}]",0.74,0.74,339915839,3654930,7660,7120665,3647270,0,2451687,7660,25168910,-0.19174039239447974,-0.18895014749249112,-0.26,"[0.091, 0.11]","['2026-03-16', '2016-11-16']",__nan__,0.02094831773932135
47,OPY,Oppenheimer Holdings Inc. Class A Common Stock (DE),"Oppenheimer Holdings Inc., through its subsidiaries, operates as a middle-market investment bank and full-service broker-dealer in the Americas, Europe, the Middle East, and Asia. The company offers brokerage services covering exchange-traded and over-the-counter corporate equity and debt securities, money market instruments, exchange-traded options and futures contracts, municipal bonds, mutual funds, exchange-traded funds, and unit investment trusts; financial and wealth planning services; and margin lending services. It also provides asset management services, including separately managed accounts, mutual fund managed accounts, discretionary portfolio management programs, non-discretionary investment advisory and consultation services, alternative investments, portfolio enhancement programs, and institutional taxable fixed income portfolio management strategies and solutions, as well as taxable and non-taxable fixed income portfolios and strategies. In addition, the company offers investment banking services, such as strategic advisory services and capital markets products; merger and acquisition, equities capital market, and debt capital market products and services; and institutional equity sales and trading, equity research, equity derivatives and index options, convertible bonds, and trading services. Further, it provides institutional fixed income sales and trading, fixed income research, public finance, and municipal trading services; repurchase agreements and securities lending services; and proprietary trading and investment activities. Additionally, the company offers underwritings, market-making, trust, and discount services. It serves high-net-worth individuals and families, corporate executives, public and private businesses, institutions and corporations, governments, financial sponsors, and domestic and international investors. Oppenheimer Holdings Inc. was founded in 1881 and is headquartered in New York, New York.",Robert Steven Lowenthal,Financial - Capital Markets,87.46,USD,927739821,https://images.financialmodelingprep.com/symbol/OPY.png,48689.0,1982-10-06,6.71,-1.57,35855,277612000,148403000,"[{'period': '2025', 'revenue': 1640.0, 'unit': 'M', 'net_profit': 148.4}, {'period': '2024', 'revenue': 1430.0, 'unit': 'M', 'net_profit': 71.56}, {'period': '2023', 'revenue': 1250.0, 'unit': 'M', 'net_profit': 30.18}, {'period': '2022', 'revenue': 1110.0, 'unit': 'M', 'net_profit': 32.35}]","[{'period': ""Q4 '25"", 'revenue': 472.63, 'unit': 'M', 'net_profit': 74.36}, {'period': ""Q3 '25"", 'revenue': 424.44, 'unit': 'M', 'net_profit': 21.71}, {'period': ""Q2 '25"", 'revenue': 373.18, 'unit': 'M', 'net_profit': 21.67}, {'period': ""Q1 '25"", 'revenue': 367.82, 'unit': 'M', 'net_profit': 30.66}, {'period': ""Q4 '24"", 'revenue': 375.42, 'unit': 'M', 'net_profit': 10.73}, {'period': ""Q3 '24"", 'revenue': 373.35, 'unit': 'M', 'net_profit': 24.51}]",14.13,13.04,3722415000,3059936000,38405000,2725386000,1734421000,71299000,510600000,38405000,183559000,0.20161189094198664,1.073913104238579,1.038961038961039,"[0.18, 0.1]","['2026-02-13', '1993-02-05']",__nan__,0.7321553346416237
48,OR,Osisko Gold Royalties Ltd Common Shares,"OR Royalties, Inc. engages in the acquisition, mining, and exploration of precious metals, streams, and other royalties. It holds interests in the Canadian Malartic mine. The company was founded on April 29, 2014 and is headquartered in Montreal, Canada.",Jason Mark Attew,Gold,35.23,USD,6606012530,https://images.financialmodelingprep.com/symbol/OR.png,1462588.0,2016-07-06,32.32,1.11,802970,334028854,287729733,"[{'period': '2025', 'revenue': 387.25, 'unit': 'M', 'net_profit': 287.73}, {'period': '2024', 'revenue': 191.16, 'unit': 'M', 'net_profit': 16.27}, {'period': '2023', 'revenue': 183.23, 'unit': 'M', 'net_profit': -37.43}, {'period': '2022', 'revenue': 160.48, 'unit': 'M', 'net_profit': -87.5}]","[{'period': ""Q4 '25"", 'revenue': 126.04, 'unit': 'M', 'net_profit': 90.9}, {'period': ""Q3 '25"", 'revenue': 71.62, 'unit': 'M', 'net_profit': 82.84}, {'period': ""Q2 '25"", 'revenue': 60.36, 'unit': 'M', 'net_profit': 32.36}, {'period': ""Q1 '25"", 'revenue': 54.92, 'unit': 'M', 'net_profit': 25.64}, {'period': ""Q4 '24"", 'revenue': 55.14, 'unit': 'M', 'net_profit': 6.9}, {'period': ""Q3 '24"", 'revenue': 56.77, 'unit': 'M', 'net_profit': 18.13}]",1.54,1.52,2156936286,202272869,194667296,195565776,4419804,260986292,44693860,194667296,291400214,3.660000753348214,16.687940800393434,10.846153846153847,"[0.055, 0.0258]","['2026-03-31', '2014-12-29']",__nan__,0.09066831378810603
49,ORA,Ormat Technologies Inc. Common Stock,"Ormat Technologies, Inc. engages in the geothermal and recovered energy power business in the United States, Indonesia, Kenya, Turkey, Chile, Guadeloupe, Guatemala, Ethiopia, New Zealand, Honduras, and internationally. It operates through three segments: Electricity, Product, and Energy Storage. The Electricity segment develops, builds, owns, and operates geothermal, solar photovoltaic, and recovered energy-based power plants; and sells electricity. The Product segment designs, manufactures, and sells equipment for geothermal, recovered energy-based electricity generation, and remote power units, such as fossil fuel powered turbo-generators and heavy duty direct-current generators; and provides services relating to the engineering, procurement, construction, operation, and maintenance of geothermal and recovered energy-based power plants. The Product segment serves contractors; developers, owners, and operators of geothermal power plants; and owners and operators of interstate natural gas pipelines, gas processing plants, and cement plants, as well as companies in other energy-intensive industrial processes. The Energy Storage segment offers energy storage and related services, as well as services relating to the engineering, procurement, construction, operation, and maintenance of energy storage units. Ormat Technologies, Inc. was founded in 1965 and is based in Reno, Nevada.",Doron Blachar,Renewable Utilities,112.0,USD,6814684800,https://images.financialmodelingprep.com/symbol/ORA.png,769042.0,2004-11-11,55.45,1.1,649663,536064000,123898000,"[{'period': '2025', 'revenue': 989.54, 'unit': 'M', 'net_profit': 123.9}, {'period': '2024', 'revenue': 879.65, 'unit': 'M', 'net_profit': 123.73}, {'period': '2023', 'revenue': 829.42, 'unit': 'M', 'net_profit': 124.4}, {'period': '2022', 'revenue': 734.16, 'unit': 'M', 'net_profit': 65.84}]","[{'period': ""Q4 '25"", 'revenue': 276.04, 'unit': 'M', 'net_profit': 31.35}, {'period': ""Q3 '25"", 'revenue': 249.73, 'unit': 'M', 'net_profit': 24.14}, {'period': ""Q2 '25"", 'revenue': 234.02, 'unit': 'M', 'net_profit': 28.05}, {'period': ""Q1 '25"", 'revenue': 229.76, 'unit': 'M', 'net_profit': 40.36}, {'period': ""Q4 '24"", 'revenue': 230.74, 'unit': 'M', 'net_profit': 40.82}, {'period': ""Q3 '24"", 'revenue': 211.78, 'unit': 'M', 'net_profit': 22.08}]",2.04,2.02,6246508000,597769000,280866000,3555232000,231494000,237111000,738388000,280866000,-284675000,0.046446119339177895,0.0013335165234820137,-0.004878048780487702,"[0.12, 0.03]","['2026-03-10', '2005-03-31']",__nan__,0.5691551183477233
50,ORAN,Orange,"Orange S.A. provides various fixed telephony and mobile telecommunications, data transmission, and other value-added services to customers, businesses, and other telecommunications operators in France and internationally. It operates through France; Spain and Other European Countries; The Africa and Middle East; Enterprise; International Carriers & Shared Services; and Mobile Financial Services segments. The company offers mobile services, such as voice, SMS, and data; fixed broadband and narrowband services, as well as fixed network business solutions, including voice and data; and convergence packages. It also sells mobile handsets, mobile terminals, broadband equipment, connected devices, and accessories. In addition, the company provides IT and integration services comprising unified communication and collaboration services, such as LAN and telephony, consultancy, integration, and project management; hosting and infrastructure services, including cloud computing; customer relations management and other applications services; security services; and video conferencing, as well as sells related equipment. Further, it offers national and international roaming services; online advertising services; and mobile virtual network operators, network sharing, and mobile financial services, as well as sells equipment to external distributors and brokers. Orange S.A. markets its products and services under the Orange brand. The company was formerly known as France Telecom and changed its name to Orange S.A. in July 2013. Orange S.A. was founded in 1990 and is headquartered in Issy-les-Moulineaux, France.",Christel Heydemann,Telecommunications Services,11.15,USD,29641382643,https://images.financialmodelingprep.com/symbol/ORAN.png,469750.0,1997-10-20,13.273809523809524,0.04,1034345,12955000000,2350000000,"[{'period': '2024', 'revenue': 40.26, 'unit': 'B', 'net_profit': 2.35}, {'period': '2023', 'revenue': 44.12, 'unit': 'B', 'net_profit': 2.44}, {'period': '2022', 'revenue': 43.47, 'unit': 'B', 'net_profit': 2.15}, {'period': '2021', 'revenue': 42520.0, 'unit': 'M', 'net_profit': 776.0}]","[{'period': ""Q2 '25"", 'revenue': 19850.0, 'unit': 'M', 'net_profit': -398.0}, {'period': ""Q4 '24"", 'revenue': 20.42, 'unit': 'B', 'net_profit': 1.53}, {'period': ""Q2 '24"", 'revenue': 19980000000.0, 'unit': '', 'net_profit': 0.0}, {'period': ""Q4 '23"", 'revenue': 22.58, 'unit': 'B', 'net_profit': 1.39}, {'period': ""Q2 '23"", 'revenue': 21550.0, 'unit': 'M', 'net_profit': 877.0}, {'period': ""Q4 '22"", 'revenue': 22170.0, 'unit': 'M', 'net_profit': 728.0}]",0.82,0.82,103874000000,25805000000,12211000000,68713000000,7521000000,6396000000,27908000000,8766000000,3485000000,-0.0793120602657949,-0.036885245901639344,-0.03529411764705886,"[0.4562, 1.0803]","['2024-06-03', '1998-06-15']",__nan__,0.6615033598398059
51,ORC,Orchid Island Capital Inc. Common Stock,"Orchid Island Capital, Inc., a specialty finance company, invests in residential mortgage-backed securities (RMBS) in the United States. The company's RMBS is backed by single-family residential mortgage loans, referred as Agency RMBS. Its portfolio includes traditional pass-through Agency RMBS, such as mortgage pass through certificates and collateralized mortgage obligations; and structured Agency RMBS comprising interest only securities, inverse interest only securities, and principal only securities. The company qualifies as a real estate investment trust for federal income tax purposes. Orchid Island Capital, Inc. was incorporated in 2010 and is based in Vero Beach, Florida.",Robert E. Cauley,REIT - Mortgage,6.87,USD,1042261440,https://images.financialmodelingprep.com/symbol/ORC.png,7017454.0,2013-02-14,5.54,-0.12,5909290,464762000,159030000,"[{'period': '2025', 'revenue': 179.51, 'unit': 'M', 'net_profit': 159.03}, {'period': '2024', 'revenue': 54.41, 'unit': 'M', 'net_profit': 37.66}, {'period': '2023', 'revenue': -20.7, 'unit': 'M', 'net_profit': -39.23}, {'period': '2022', 'revenue': -241.0, 'unit': 'M', 'net_profit': -258.45}]","[{'period': ""Q4 '25"", 'revenue': 132.19, 'unit': 'M', 'net_profit': 103.41}, {'period': ""Q3 '25"", 'revenue': 77.52, 'unit': 'M', 'net_profit': 72.08}, {'period': ""Q2 '25"", 'revenue': -28.58, 'unit': 'M', 'net_profit': -33.58}, {'period': ""Q1 '25"", 'revenue': 21.35, 'unit': 'M', 'net_profit': 17.12}, {'period': ""Q4 '24"", 'revenue': 9.9, 'unit': 'M', 'net_profit': 5.54}, {'period': ""Q3 '24"", 'revenue': 21.59, 'unit': 'M', 'net_profit': 17.32}]",1.24,1.24,11675993000,911554000,724561000,10304045000,49127000,10901657000,10244190000,724561000,120449000,0.0,3.222558547076629,1.1379310344827587,"[0.12, 0.135]","['2026-03-31', '2013-03-21']",__nan__,0.8824983879315447
52,ORCC,Owl Rock Capital Corporation Common Stock,"Owl Rock Capital Corporation is a business development company. The fund makes investments in senior secured or unsecured loans, subordinated loans or mezzanine loans and also considers equity-related securities including warrants and preferred stocks also pursues preferred equity investments and common equity investments. Within private equity, it seeks to invest in growth, acquisitions, market or product expansion, refinancings and recapitalizations. It seeks to invest in middle market companies based in the United States, with EBITDA between $10 million and $250 million annually and/or annual revenue of $50 million and $2.5 billion at the time of investment.",Craig W. Packer,Financial - Credit Services,13.48,USD,5254477256,https://images.financialmodelingprep.com/symbol/ORCC.png,1588677.0,2019-07-18,8.425,-0.02,1636008,0,800358000,"[{'period': '2025', 'revenue': 1660.0, 'unit': 'M', 'net_profit': 800.36}, {'period': '2024', 'revenue': 1440.0, 'unit': 'M', 'net_profit': 741.06}, {'period': '2023', 'revenue': 1470.0, 'unit': 'M', 'net_profit': 753.61}, {'period': '2022', 'revenue': 501.22, 'unit': 'M', 'net_profit': 466.36}]","[{'period': ""Q4 '25"", 'revenue': 396.25, 'unit': 'M', 'net_profit': 192.26}, {'period': ""Q3 '25"", 'revenue': 403.35, 'unit': 'M', 'net_profit': 190.08}, {'period': ""Q2 '25"", 'revenue': 440.42, 'unit': 'M', 'net_profit': 216.71}, {'period': ""Q1 '25"", 'revenue': 418.98, 'unit': 'M', 'net_profit': 201.3}, {'period': ""Q4 '24"", 'revenue': 640.66, 'unit': 'M', 'net_profit': -582.5}, {'period': ""Q3 '24"", 'revenue': 367.6, 'unit': 'M', 'net_profit': 184.91}]",1.24,1.24,17186365000,114415000,9839000,9789086000,104576000,0,0,9839000,1741520000,0.0,0.08002218452831564,-0.18954248366013074,"[0.33, 0.02]","['2023-06-29', '2019-09-27']",__nan__,0.5695844351030599
53,ORCL,Oracle Corporation Common Stock,"Oracle Corporation offers products and services that address enterprise information technology environments worldwide. Its Oracle cloud software as a service offering include various cloud software applications, including Oracle Fusion cloud enterprise resource planning (ERP), Oracle Fusion cloud enterprise performance management, Oracle Fusion cloud supply chain and manufacturing management, Oracle Fusion cloud human capital management, Oracle Advertising, and NetSuite applications suite, as well as Oracle Fusion Sales, Service, and Marketing. The company also offers cloud-based industry solutions for various industries; Oracle application licenses; and Oracle license support services. In addition, it provides cloud and license business' infrastructure technologies, such as the Oracle Database, an enterprise database; Java, a software development language; and middleware, including development tools and others. The company's cloud and license business' infrastructure technologies also comprise cloud-based compute, storage, and networking capabilities; and Oracle autonomous database, MySQL HeatWave, Internet-of-Things, digital assistant, and blockchain. Further, it provides hardware products and other hardware-related software offerings, including Oracle engineered systems, enterprise servers, storage solutions, industry-specific hardware, virtualization software, operating systems, management software, and related hardware services; and consulting and customer services. The company markets and sells its cloud, license, hardware, support, and services offerings directly to businesses in various industries, government agencies, and educational institutions, as well as through indirect channels. Oracle Corporation was founded in 1977 and is headquartered in Austin, Texas.",Michael D. Sicilia,Software - Infrastructure,139.66,USD,401668584360,https://images.financialmodelingprep.com/symbol/ORCL.png,26835877.0,1986-03-12,25.07,-3.15,15570421,23912000000,12443000000,"[{'period': '2025', 'revenue': 57.4, 'unit': 'B', 'net_profit': 12.44}, {'period': '2024', 'revenue': 52.96, 'unit': 'B', 'net_profit': 10.47}, {'period': '2023', 'revenue': 49.95, 'unit': 'B', 'net_profit': 8.5}, {'period': '2022', 'revenue': 42.44, 'unit': 'B', 'net_profit': 6.72}]","[{'period': ""Q3 '26"", 'revenue': 17.19, 'unit': 'B', 'net_profit': 3.72}, {'period': ""Q2 '26"", 'revenue': 16.06, 'unit': 'B', 'net_profit': 6.13}, {'period': ""Q1 '26"", 'revenue': 14.93, 'unit': 'B', 'net_profit': 2.93}, {'period': ""Q4 '25"", 'revenue': 15.9, 'unit': 'B', 'net_profit': 3.43}, {'period': ""Q3 '25"", 'revenue': 14.13, 'unit': 'B', 'net_profit': 2.94}, {'period': ""Q2 '25"", 'revenue': 14.06, 'unit': 'B', 'net_profit': 3.15}]",4.46,4.34,168361000000,24579000000,11203000000,147392000000,8558000000,0,32643000000,10786000000,-394000000,0.11769655043470131,0.18878379669437279,0.1706036745406824,"[0.5, 0.05]","['2026-04-09', '2009-04-06']",__nan__,0.8754521534084497
54,ORI,Old Republic International Corporation Common Stock,"Old Republic International Corporation, through its subsidiaries, engages in the insurance underwriting and related services business primarily in the United States and Canada. The company operates through three segments: General Insurance, Title Insurance, and the Republic Financial Indemnity Group Run-off Business. The General Insurance segment offers automobile extended warranty, aviation, commercial automobile, commercial multi-peril, commercial property, general liability, home warranty, inland marine, travel accident, and workers' compensation insurance products; and financial indemnity products for specialty coverages, including errors and omissions, fidelity, guaranteed asset protection, and surety. This segment provides its insurance products to businesses, government, and other institutions in transportation, commercial construction, healthcare, education, retail and wholesale trade, forest products, energy, general manufacturing, and financial services industries. The Title Insurance segment offers lenders' and owners' title insurance policies to real estate purchasers and investors based upon searches of the public records. This segment also provides escrow closing and construction disbursement services; and real estate information products, national default management services, and various other services pertaining to real estate transfers and loan transactions. The Republic Financial Indemnity Group Run-off Business segment offers private mortgage insurance coverage that protects mortgage lenders and investors from default related losses on residential mortgage loans made primarily to homebuyers. The company was founded in 1923 and is based in Chicago, Illinois.",Craig Richard Smiddy,Insurance - Diversified,39.42,USD,9686688938,https://images.financialmodelingprep.com/symbol/ORI.png,2012259.0,1980-03-17,10.6,-0.39,1004483,1236500000,936100000,"[{'period': '2025', 'revenue': 9090.0, 'unit': 'M', 'net_profit': 936.1}, {'period': '2024', 'revenue': 8230.0, 'unit': 'M', 'net_profit': 852.7}, {'period': '2023', 'revenue': 7260.0, 'unit': 'M', 'net_profit': 598.6}, {'period': '2022', 'revenue': 8080.0, 'unit': 'M', 'net_profit': 686.4}]","[{'period': ""Q4 '25"", 'revenue': 2340.0, 'unit': 'M', 'net_profit': 207.2}, {'period': ""Q3 '25"", 'revenue': 2420.0, 'unit': 'M', 'net_profit': 279.5}, {'period': ""Q2 '25"", 'revenue': 2210.0, 'unit': 'M', 'net_profit': 204.4}, {'period': ""Q1 '25"", 'revenue': 2110.0, 'unit': 'M', 'net_profit': 245.0}, {'period': ""Q4 '24"", 'revenue': 2000.0, 'unit': 'M', 'net_profit': 105.1}, {'period': ""Q3 '24"", 'revenue': 2340.0, 'unit': 'M', 'net_profit': 338.9}]",3.84,3.73,29924800000,3045400000,3234300000,16507300000,2782200000,13867500000,0,263200000,1164300000,0.07802964254577158,0.09780696610765803,0.16363636363636366,"[0.315, 1.8573]","['2026-03-09', '1985-02-26']",__nan__,0.5516260760305833
55,ORN,Orion Group Holdings Inc. Common,"Orion Group Holdings, Inc. operates as a specialty construction company in the building, industrial, and infrastructure sectors in the continental United States, Alaska, Canada, and the Caribbean Basin. It operates in two segments, Marine and Concrete. The company provides various marine construction services, including construction, restoration, dredging, maintenance, and repair of marine transportation facilities and pipelines, bridges and causeways, and marine environmental structures. Its marine transportation facility projects comprise public port facilities, cruise ship port facilities, private terminals, special-use navy terminals, recreational use marinas and docks, and other marine-based facilities. The company also offers on-going maintenance and repair, inspection, emergency repair, and demolition and salvage services to marine transportation facilities. Its marine pipeline service projects include the installation and removal of underwater buried pipeline transmission lines; the installation of pipeline intakes and outfalls for industrial facilities; the construction of pipeline outfalls for wastewater and industrial discharges; river crossing and directional drilling; the creation of hot taps and tie-ins; and inspection, maintenance, and repair services. The company's bridge and causeway projects include the construction, repair, and maintenance of overwater bridges and causeways, as well as the development of fendering systems in marine environments; and marine environmental structures used for erosion control, wetlands creation, and environmental remediation. The company also provides specialty services, such as design, salvage, demolition, surveying, towing, diving and underwater inspection, excavation, and repair services. In addition, it offers light commercial, structural, and other concrete construction services. Orion Group Holdings, Inc. was founded in 1994 and is headquartered in Houston, Texas.",Travis J. Boone,Engineering & Construction,10.88,USD,436106304,https://images.financialmodelingprep.com/symbol/ORN.png,384777.0,2007-12-20,181.33,0.0,135860,42664000,2488000,"[{'period': '2025', 'revenue': 852.26, 'unit': 'M', 'net_profit': 2.49}, {'period': '2024', 'revenue': 796.39, 'unit': 'M', 'net_profit': -1.64}, {'period': '2023', 'revenue': 711.78, 'unit': 'M', 'net_profit': -17.88}, {'period': '2022', 'revenue': 748.32, 'unit': 'M', 'net_profit': -12.61}]","[{'period': ""Q4 '25"", 'revenue': 233220.0, 'unit': 'K', 'net_profit': -240.0}, {'period': ""Q3 '25"", 'revenue': 225.1, 'unit': 'M', 'net_profit': 3.3}, {'period': ""Q2 '25"", 'revenue': 205290.0, 'unit': 'K', 'net_profit': 841.0}, {'period': ""Q1 '25"", 'revenue': 188.65, 'unit': 'M', 'net_profit': -1.41}, {'period': ""Q4 '24"", 'revenue': 216.88, 'unit': 'M', 'net_profit': 6.75}, {'period': ""Q3 '24"", 'revenue': 226.68, 'unit': 'M', 'net_profit': 4.26}]",0.0628,0.0628,414652000,278162000,1588000,255620000,0,0,203907000,1588000,-10796000,0.35924557155600867,2.51338199513382,2.3276955602536997,__nan__,__nan__,__nan__,0.6164687496985424
56,OSCR,Oscar Health Inc. Class A Common Stock,"Oscar Health, Inc. provides health insurance products and services in the United States. The company offers Individual & Family, Small Group, and Medicare Advantage plans, as well as +Oscar, a technology driven platform designed to help providers and payor clients to engage with members and patients. It also provides reinsurance products. The company was formerly known as Mulberry Health Inc. and changed its name to Oscar Health, Inc. in January 2021. Oscar Health, Inc. was incorporated in 2012 and is headquartered in New York, New York.",Mark Thomas Bertolini,Medical - Healthcare Plans,11.14,USD,2888302245,https://images.financialmodelingprep.com/symbol/OSCR.png,8005849.0,2021-03-03,-6.59,-0.7,6277984,-391052000,-443151000,"[{'period': '2025', 'revenue': 11700.0, 'unit': 'M', 'net_profit': -443.15}, {'period': '2024', 'revenue': 9180.0, 'unit': 'M', 'net_profit': 25.43}, {'period': '2023', 'revenue': 5860.0, 'unit': 'M', 'net_profit': -270.73}, {'period': '2022', 'revenue': 4130.0, 'unit': 'M', 'net_profit': -606.27}]","[{'period': ""Q4 '25"", 'revenue': 2810.0, 'unit': 'M', 'net_profit': -352.61}, {'period': ""Q3 '25"", 'revenue': 2990.0, 'unit': 'M', 'net_profit': -137.45}, {'period': ""Q2 '25"", 'revenue': 2860.0, 'unit': 'M', 'net_profit': -228.36}, {'period': ""Q1 '25"", 'revenue': 3050.0, 'unit': 'M', 'net_profit': 275.27}, {'period': ""Q4 '24"", 'revenue': 2390.0, 'unit': 'M', 'net_profit': -153.55}, {'period': ""Q3 '24"", 'revenue': 2420.0, 'unit': 'M', 'net_profit': -54.6}]",-1.69,-1.69,6325411000,4613404000,3990612000,5344676000,442645000,1470987000,4862587000,2774151000,1058482000,-5.3788365713005994,-18.424937087134317,-16.363636363636363,__nan__,__nan__,__nan__,0.8449531579845168
57,OSG,Overseas Shipholding Group Inc. Class A Common Stock,"Octave Specialty Group, Inc. operates as a financial services holding company. It operates in two segments, Specialty Property and Casualty Insurance; and Insurance Distribution. The Specialty Property and Casualty Insurance segment provides specialty property and casualty program insurance with a focus on commercial and personal liability risks. The Insurance Distribution segment offers specialty property and casualty insurance distribution services, which include managing general agents, underwriters, insurance broker, and other distribution and underwriting businesses. The company was formerly known as Ambac Financial Group, Inc. and changed its name to Octave Specialty Group, Inc. in November 2025. The company was founded in 1971 and is headquartered in New York, New York.",Claude LeBlanc,Insurance - Specialty,4.5,USD,202283609,https://images.financialmodelingprep.com/symbol/OSG.png,669294.0,2013-05-01,-1.82,-0.21,537822,-40422000,-240916000,"[{'period': '2025', 'revenue': 251.22, 'unit': 'M', 'net_profit': -240.92}, {'period': '2024', 'revenue': 235.81, 'unit': 'M', 'net_profit': -556.45}, {'period': '2023', 'revenue': 124.73, 'unit': 'M', 'net_profit': 3.63}, {'period': '2022', 'revenue': 53.61, 'unit': 'M', 'net_profit': 521.25}]","[{'period': ""Q4 '25"", 'revenue': 66.9, 'unit': 'M', 'net_profit': -21.66}, {'period': ""Q3 '25"", 'revenue': 66.61, 'unit': 'M', 'net_profit': -112.62}, {'period': ""Q2 '25"", 'revenue': 54.96, 'unit': 'M', 'net_profit': -72.7}, {'period': ""Q1 '25"", 'revenue': 62.76, 'unit': 'M', 'net_profit': -46.39}, {'period': ""Q4 '24"", 'revenue': -85.19, 'unit': 'M', 'net_profit': -548.45}, {'period': ""Q3 '24"", 'revenue': 70.0, 'unit': 'M', 'net_profit': -27.5}]",-5.93,-5.93,2223317000,143525000,68440000,1137151000,161634000,24971000,909844000,68440000,-52283000,-0.3244863855303254,0.567047474251908,-5.176056338028169,__nan__,__nan__,__nan__,0.5114659762867824
58,OSH,Oak Street Health Inc. Common Stock,"Oak Street Health, Inc., together with its subsidiaries, offers healthcare services to the patients in the United States. The company operates primary care centers for Medicare beneficiaries. As of December 31, 2021, it operated 129 centers in 19 states, including Illinois, Michigan, Pennsylvania, Ohio, and Texas. The company was founded in 2012 and is headquartered in Chicago, Illinois.",Michael T. Pykosz,Medical - Care Facilities,39.0,USD,9517092000,https://images.financialmodelingprep.com/symbol/OSH.png,5237048.0,2020-08-06,-17.647058823529413,0.03,2860706,-471800000,-509700000,"[{'period': '2022', 'revenue': 2160.0, 'unit': 'M', 'net_profit': -509.7}, {'period': '2021', 'revenue': 1430.0, 'unit': 'M', 'net_profit': -414.6}, {'period': '2020', 'revenue': 882.76, 'unit': 'M', 'net_profit': -196.86}, {'period': '2019', 'revenue': 556.6, 'unit': 'M', 'net_profit': -113.6}]","[{'period': ""Q1 '23"", 'revenue': 752.0, 'unit': 'M', 'net_profit': -48.2}, {'period': ""Q4 '22"", 'revenue': 577.7, 'unit': 'M', 'net_profit': -134.9}, {'period': ""Q3 '22"", 'revenue': 545.7, 'unit': 'M', 'net_profit': -130.9}, {'period': ""Q2 '22"", 'revenue': 523.7, 'unit': 'M', 'net_profit': -184.7}, {'period': ""Q1 '22"", 'revenue': 513.8, 'unit': 'M', 'net_profit': -102.1}, {'period': ""Q4 '21"", 'revenue': 394.1, 'unit': 'M', 'net_profit': -140.3}]",-2.21,-2.21,2054700000,1358600000,425600000,2322000000,2500000,0,963100000,137900000,-398600000,-0.19081272084805653,-0.22937771345875543,-0.1881720430107526,__nan__,__nan__,__nan__,1.1300919842312747
59,OSK,Oshkosh Corporation (Holding Company)Common Stock,"Oshkosh Corporation designs, manufactures, and markets specialty vehicles and vehicle bodies worldwide. The company's Access Equipment segment provides aerial work platforms and telehandlers for use in various construction, industrial, institutional, and general maintenance applications. This segment also offers rental fleet loans and leases, and floor plan and retail financing through third-party funding arrangements; towing and recovery equipment; carriers and wreckers; equipment installation services; and chassis and service parts sales. Its Defense segment provides heavy, medium, and light tactical wheeled vehicles and related services for the department of defense. The company's Fire & Emergency segment offers custom and commercial firefighting vehicles and equipment; and commercial fire apparatus and emergency vehicles, such as pumpers, aerial platform, ladder and tiller trucks, tankers, rescue vehicles, wild land rough terrain response vehicles, mobile command and control centers, bomb squad vehicles, hazardous materials control vehicles, and other emergency response vehicles. This segment also provides aircraft rescue and firefighting, snow removal, and broadcast vehicles, as well as command trucks, and military simulator shelters and trailers. Its Commercial segment offers front-and rear-discharge concrete mixers for the concrete ready-mix industry; refuse collection vehicles and related components to commercial and municipal waste haulers; and field service vehicles and truck-mounted cranes for the construction, equipment dealer, building supply, utility, tire service, railroad, and mining industries. Oshkosh Corporation provides its products through direct sales representatives, dealers, and distributors. The company was formerly known as Oshkosh Truck Corporation and changed its name to Oshkosh Corporation in February 2008. Oshkosh Corporation was founded in 1917 and is headquartered in Oshkosh, Wisconsin.",John C. Pfeifer,Agricultural - Machinery,140.31,USD,8790306586,https://images.financialmodelingprep.com/symbol/OSK.png,796332.0,1985-10-02,14.0,-2.96,472891,1183700000,647000000,"[{'period': '2025', 'revenue': 10420.0, 'unit': 'M', 'net_profit': 647.0}, {'period': '2024', 'revenue': 10730.0, 'unit': 'M', 'net_profit': 681.4}, {'period': '2023', 'revenue': 9660.0, 'unit': 'M', 'net_profit': 598.0}, {'period': '2022', 'revenue': 8280.0, 'unit': 'M', 'net_profit': 173.9}]","[{'period': ""Q4 '25"", 'revenue': 2690.0, 'unit': 'M', 'net_profit': 133.8}, {'period': ""Q3 '25"", 'revenue': 2690.0, 'unit': 'M', 'net_profit': 196.2}, {'period': ""Q2 '25"", 'revenue': 2730.0, 'unit': 'M', 'net_profit': 204.8}, {'period': ""Q1 '25"", 'revenue': 2310.0, 'unit': 'M', 'net_profit': 112.2}, {'period': ""Q4 '24"", 'revenue': 2600.0, 'unit': 'M', 'net_profit': 153.1}, {'period': ""Q3 '24"", 'revenue': 2740.0, 'unit': 'M', 'net_profit': 180.3}]",10.08,10.02,10072400000,5168500000,479800000,5541900000,2211200000,62100000,2664400000,479800000,618000000,-0.03181743824636021,-0.050484297035515116,-0.029836381135707458,"[0.57, 0.6012]","['2026-02-17', '1986-01-09']",__nan__,0.5502065049044915
60,OTIS,Otis Worldwide Corporation Common Stock ,"Otis Worldwide Corporation manufactures, installs, and services elevators and escalators in the United States, China, and internationally. The company operates in two segments, New Equipment and Service. The New Equipment segment designs, manufactures, sells, and installs a range of passenger and freight elevators, as well as escalators and moving walkways for residential and commercial buildings, and infrastructure projects. The Service segment performs maintenance and repair services, as well as modernization services to upgrade elevators and escalators. It had a network of approximately 34,000 service mechanics operating approximately 1,400 branches and offices. The company was founded in 1853 and is headquartered in Farmington, Connecticut.",Judith F. Marks,Industrial - Machinery,75.95,USD,29598917440,https://images.financialmodelingprep.com/symbol/OTIS.png,3733811.0,2020-03-19,21.7,-1.49,4073479,2308000000,1384000000,"[{'period': '2025', 'revenue': 14.43, 'unit': 'B', 'net_profit': 1.38}, {'period': '2024', 'revenue': 14.26, 'unit': 'B', 'net_profit': 1.65}, {'period': '2023', 'revenue': 14.21, 'unit': 'B', 'net_profit': 1.41}, {'period': '2022', 'revenue': 13.69, 'unit': 'B', 'net_profit': 1.25}]","[{'period': ""Q4 '25"", 'revenue': 3800.0, 'unit': 'M', 'net_profit': 374.0}, {'period': ""Q3 '25"", 'revenue': 3690.0, 'unit': 'M', 'net_profit': 374.0}, {'period': ""Q2 '25"", 'revenue': 3600.0, 'unit': 'M', 'net_profit': 393.0}, {'period': ""Q1 '25"", 'revenue': 3350.0, 'unit': 'M', 'net_profit': 243.0}, {'period': ""Q4 '24"", 'revenue': 3670.0, 'unit': 'M', 'net_profit': 337.0}, {'period': ""Q3 '24"", 'revenue': 3550.0, 'unit': 'M', 'net_profit': 540.0}]",3.53,3.5,10653000000,6501000000,1096000000,15924000000,4387000000,0,7656000000,1096000000,1444000000,0.034050179211469536,-0.15866261398176293,-0.13902439024390242,"[0.42, 0.2]","['2026-02-13', '2020-05-21']",__nan__,1.494790199943678
61,OUST,Ouster Inc. Common Stock,"Ouster, Inc. designs and manufactures high-resolution digital lidar sensors and enabling software that offers 3D vision to machinery, vehicles, robots, and fixed infrastructure assets. Its product portfolio includes OS, a scanning sensor and DF, a true solid-state flash sensor. The company is based in San Francisco, California.",Charles Angus Pacala,"Hardware, Equipment & Parts",17.66,USD,1109118481,https://images.financialmodelingprep.com/symbol/OUST.png,1918372.0,2020-10-09,-16.5,-1.65,2597314,-50423000,-60377000,"[{'period': '2025', 'revenue': 169.38, 'unit': 'M', 'net_profit': -60.38}, {'period': '2024', 'revenue': 111.1, 'unit': 'M', 'net_profit': -97.05}, {'period': '2023', 'revenue': 83.28, 'unit': 'M', 'net_profit': -374.11}, {'period': '2022', 'revenue': 41.03, 'unit': 'M', 'net_profit': -138.56}]","[{'period': ""Q4 '25"", 'revenue': 62.18, 'unit': 'M', 'net_profit': 3.98}, {'period': ""Q3 '25"", 'revenue': 39.52, 'unit': 'M', 'net_profit': -21.73}, {'period': ""Q2 '25"", 'revenue': 35.05, 'unit': 'M', 'net_profit': -20.61}, {'period': ""Q1 '25"", 'revenue': 32.63, 'unit': 'M', 'net_profit': -22.02}, {'period': ""Q4 '24"", 'revenue': 30.09, 'unit': 'M', 'net_profit': -23.74}, {'period': ""Q3 '24"", 'revenue': 28.07, 'unit': 'M', 'net_profit': -25.59}]",-1.07,-1.07,349516000,278888000,208585000,87778000,35180000,0,71031000,67413000,-64849000,0.3692788792294703,0.37784532948632077,0.4855769230769231,__nan__,__nan__,__nan__,0.2511415786401767
62,OUT,OUTFRONT Media Inc. Common Stock,"Outfront Media Inc. leverages the power of technology, location and creativity to connect brands with consumers outside of their homes through one of the largest and most diverse sets of billboard, transit, and mobile assets in North America. Through its technology platform, Outfront Media Inc. will fundamentally change the ways advertisers engage audiences on-the-go.",Nicolas Brien,REIT - Specialty,25.65,USD,4515682500,https://images.financialmodelingprep.com/symbol/OUT.png,1401405.0,2014-03-28,31.28,-1.1,1012838,455600000,147000000,"[{'period': '2025', 'revenue': 1830.0, 'unit': 'M', 'net_profit': 147.0}, {'period': '2024', 'revenue': 1830.0, 'unit': 'M', 'net_profit': 258.2}, {'period': '2023', 'revenue': 1820.0, 'unit': 'M', 'net_profit': -425.2}, {'period': '2022', 'revenue': 1770.0, 'unit': 'M', 'net_profit': 142.7}]","[{'period': ""Q4 '25"", 'revenue': 513.3, 'unit': 'M', 'net_profit': 96.8}, {'period': ""Q3 '25"", 'revenue': 467.5, 'unit': 'M', 'net_profit': 51.3}, {'period': ""Q2 '25"", 'revenue': 460.2, 'unit': 'M', 'net_profit': 19.5}, {'period': ""Q1 '25"", 'revenue': 390.7, 'unit': 'M', 'net_profit': -20.6}, {'period': ""Q4 '24"", 'revenue': 493.2, 'unit': 'M', 'net_profit': 74.0}, {'period': ""Q3 '24"", 'revenue': 451.9, 'unit': 'M', 'net_profit': 34.6}]",0.88,0.87,5311600000,465600000,99900000,4577700000,365700000,652800000,172900000,99900000,218800000,-0.210124826629681,-0.43067389620449265,-0.4285714285714286,"[0.3, 0.37]","['2026-03-06', '2014-06-05']",__nan__,0.8618307101438362
63,OVV,Ovintiv Inc. (DE),"Ovintiv Inc., together with its subsidiaries, engages in the exploration, development, production, and marketing of natural gas, oil, and natural gas liquids. It operates through USA Operations, Canadian Operations, and Market Optimization segments. The company's principal assets include Permian in west Texas and Anadarko in west-central Oklahoma; and Montney in northeast British Columbia and northwest Alberta. Its other upstream assets comprise Bakken in North Dakota, and Uinta in central Utah; and Horn River in northeast British Columbia, and Wheatland in southern Alberta. The company was formerly known as Encana Corporation and changed its name to Ovintiv Inc. in January 2020. Ovintiv Inc. was incorporated in 2020 and is based in Denver, Colorado.",Brendan Michael McCracken,Oil & Gas Exploration & Production,62.08,USD,17589436800,https://images.financialmodelingprep.com/symbol/OVV.png,4972071.0,2002-04-08,12.99,0.82,3320728,3353000000,1242000000,"[{'period': '2025', 'revenue': 8.74, 'unit': 'B', 'net_profit': 1.24}, {'period': '2024', 'revenue': 9.15, 'unit': 'B', 'net_profit': 1.12}, {'period': '2023', 'revenue': 10.88, 'unit': 'B', 'net_profit': 2.08}, {'period': '2022', 'revenue': 12.46, 'unit': 'B', 'net_profit': 3.64}]","[{'period': ""Q4 '25"", 'revenue': 2070.0, 'unit': 'M', 'net_profit': 946.0}, {'period': ""Q3 '25"", 'revenue': 2020.0, 'unit': 'M', 'net_profit': 148.0}, {'period': ""Q2 '25"", 'revenue': 2320.0, 'unit': 'M', 'net_profit': 307.0}, {'period': ""Q1 '25"", 'revenue': 2380.0, 'unit': 'M', 'net_profit': -159.0}, {'period': ""Q4 '24"", 'revenue': 2190.0, 'unit': 'M', 'net_profit': -60.0}, {'period': ""Q3 '24"", 'revenue': 2320.0, 'unit': 'M', 'net_profit': 507.0}]",4.83,4.78,20390000000,1523000000,280000000,9195000000,1157000000,52000000,2795000000,35000000,1505000000,-0.17271157167530224,0.104,0.13647058823529412,"[0.3, 0.1]","['2026-03-13', '2002-06-12']",__nan__,0.45095635115252575
64,OWL,Blue Owl Capital Inc. Class A Common Stock,"Blue Owl Capital Inc. operates as an asset manager. It offers permanent capital base solutions that enables it to offer a holistic platform to middle market companies, large alternative asset managers, and corporate real estate owners and tenants. The company provides direct lending products that offer private credit products comprising diversified, technology, first lien, and opportunistic lending to middle-market companies; GP capital solutions products, which offers capital solutions, including GP minority equity investments, GP debt financing, and professional sports minority investments to large private capital managers; and real estate products that focuses on structuring sale-leaseback transactions, which includes triple net leases. It offers its solutions through permanent capital vehicles, as well as long-dated private funds. The company is headquartered in New York, New York.",Douglas Irving Ostrover,Asset Management,8.84,USD,13818805192,https://images.financialmodelingprep.com/symbol/OWL.png,28098711.0,2020-12-14,88.4,-0.18,19421218,941124000,78833000,"[{'period': '2025', 'revenue': 2870.0, 'unit': 'M', 'net_profit': 78.83}, {'period': '2024', 'revenue': 2300.0, 'unit': 'M', 'net_profit': 109.58}, {'period': '2023', 'revenue': 1730.0, 'unit': 'M', 'net_profit': 54.34}, {'period': '2022', 'revenue': 1370.0, 'unit': 'M', 'net_profit': -9.29}]","[{'period': ""Q4 '25"", 'revenue': 755.6, 'unit': 'M', 'net_profit': 47.67}, {'period': ""Q3 '25"", 'revenue': 727.99, 'unit': 'M', 'net_profit': 6.31}, {'period': ""Q2 '25"", 'revenue': 703.11, 'unit': 'M', 'net_profit': 17.43}, {'period': ""Q1 '25"", 'revenue': 683.49, 'unit': 'M', 'net_profit': 7.43}, {'period': ""Q4 '24"", 'revenue': 631.36, 'unit': 'M', 'net_profit': 20.74}, {'period': ""Q3 '24"", 'revenue': 600.88, 'unit': 'M', 'net_profit': 29.8}]",0.12,0.12,12467684000,194512000,194512000,6413485000,741500000,531832999,688550000,194512000,1198284000,0.08670058357716405,-0.280615783326033,-0.4000000000000001,"[0.225, 0.04]","['2026-02-20', '2021-08-23']",__nan__,0.5144086904993742
65,OXM,Oxford Industries Inc. Common Stock,"Oxford Industries, Inc., an apparel company, designs, sources, markets, and distributes products of lifestyle and other brands worldwide. The company offers men's and women's sportswear and related products under the Tommy Bahama brand; women's and girl's dresses and sportswear, scarves, bags, jewelry, and belts, as well as footwear and children's apparel and swimwear under the Lilly Pulitzer brand; and men's shirts, pants, shorts, outerwear, ties, swimwear, footwear, and accessories, as well as women and youth products under the Southern Tide brand. It also designs, sources, markets, and distributes premium childrenswear, including bonnets, hats, apparel, swimwear, and accessories through thebeaufortbonnetcompany.com and wholesale specialty retailers; men's apparel, which include pants, shorts, and tops through duckhead.com and wholesale specialty retailers. In addition, the company licenses Tommy Bahama brand for various products, such as indoor and outdoor furniture, beach chairs, bedding and bath linens, fabrics, leather goods and gifts, headwear, hosiery, sleepwear, shampoo, toiletries, fragrances, cigar accessories, distilled spirits, and other products; Lilly Pulitzer for stationery and gift products, home furnishing products, and eyewear; and Southern Tide trademark for bed and bath product. Oxford Industries, Inc. offers products through its retail stores, department stores, specialty stores, multi-branded e-commerce retailers, off-price retailers, and other retailers, as well as e-commerce sites. As of January 29, 2022, it operated 186 brand-specific full-price retail stores; 21 Tommy Bahama food and beverage locations; and 35 Tommy Bahama outlet stores. Oxford Industries, Inc. was founded in 1942 and is headquartered in Atlanta, Georgia.",Thomas Caldecot Chubb,Apparel - Manufacturers,34.66,USD,515650684,https://images.financialmodelingprep.com/symbol/OXM.png,328150.0,1980-03-17,-18.63,2.77,931101,79816000,-27889000,"[{'period': '2025', 'revenue': 1480.0, 'unit': 'M', 'net_profit': -27.89}, {'period': '2024', 'revenue': 1520.0, 'unit': 'M', 'net_profit': 92.97}, {'period': '2023', 'revenue': 1570.0, 'unit': 'M', 'net_profit': 60.7}, {'period': '2022', 'revenue': 1410.0, 'unit': 'M', 'net_profit': 165.74}]","[{'period': ""Q4 '25"", 'revenue': 374.49, 'unit': 'M', 'net_profit': -7.08}, {'period': ""Q3 '25"", 'revenue': 307.34, 'unit': 'M', 'net_profit': -63.68}, {'period': ""Q2 '25"", 'revenue': 403.14, 'unit': 'M', 'net_profit': 16.69}, {'period': ""Q1 '25"", 'revenue': 392.86, 'unit': 'M', 'net_profit': 26.18}, {'period': ""Q4 '24"", 'revenue': 390.51, 'unit': 'M', 'net_profit': 17.89}, {'period': ""Q3 '24"", 'revenue': 308.02, 'unit': 'M', 'net_profit': -3.94}]",-1.86,-1.86,1308958000,292446000,8129000,794121000,72957000,0,265303000,8129000,11307000,-0.5729663791812014,-1.2999688081486023,-1.3131313131313131,"[0.7, 0.22]","['2026-04-17', '1985-02-08']",__nan__,0.6066818033886496
66,OXY,Occidental Petroleum Corporation Common Stock,"Occidental Petroleum Corporation, together with its subsidiaries, engages in the acquisition, exploration, and development of oil and gas properties in the United States, the Middle East, Africa, and Latin America. It operates through three segments: Oil and Gas, Chemical, and Midstream and Marketing. The company's Oil and Gas segment explores for, develops, and produces oil and condensate, natural gas liquids (NGLs), and natural gas. Its Chemical segment manufactures and markets basic chemicals, including chlorine, caustic soda, chlorinated organics, potassium chemicals, ethylene dichloride, chlorinated isocyanurates, sodium silicates, and calcium chloride; vinyls comprising vinyl chloride monomer, polyvinyl chloride, and ethylene. The Midstream and Marketing segment gathers, processes, transports, stores, purchases, and markets oil, condensate, NGLs, natural gas, carbon dioxide, and power. This segment also trades around its assets consisting of transportation and storage capacity; and invests in entities. Occidental Petroleum Corporation was founded in 1920 and is headquartered in Houston, Texas.",Vicki A. Hollub,Oil & Gas Exploration & Production,65.32,USD,64422960440,https://images.financialmodelingprep.com/symbol/OXY.png,14749716.0,1981-12-31,48.39,0.96,19864770,11364000000,2369000000,"[{'period': '2025', 'revenue': 21.59, 'unit': 'B', 'net_profit': 2.37}, {'period': '2024', 'revenue': 27.1, 'unit': 'B', 'net_profit': 3.04}, {'period': '2023', 'revenue': 28.33, 'unit': 'B', 'net_profit': 4.67}, {'period': '2022', 'revenue': 36.25, 'unit': 'B', 'net_profit': 13.22}]","[{'period': ""Q4 '25"", 'revenue': 5010.0, 'unit': 'M', 'net_profit': 102.0}, {'period': ""Q3 '25"", 'revenue': 6620.0, 'unit': 'M', 'net_profit': 830.0}, {'period': ""Q2 '25"", 'revenue': 6320.0, 'unit': 'M', 'net_profit': 431.0}, {'period': ""Q1 '25"", 'revenue': 6910.0, 'unit': 'M', 'net_profit': 931.0}, {'period': ""Q4 '24"", 'revenue': 6920.0, 'unit': 'M', 'net_profit': -125.0}, {'period': ""Q3 '24"", 'revenue': 7.09, 'unit': 'B', 'net_profit': 1.13}]",1.69,1.61,86783000000,8827000000,1988000000,50185000000,3313000000,2962000000,9428000000,1988000000,4105000000,-0.10674422260650841,-0.2214919487348012,-0.34749034749034746,"[0.26, 0.6239]","['2026-03-10', '1982-03-04']",__nan__,0.5782814606547365
67,PAC,Grupo Aeroportuario Del Pacifico S.A. B. de C.V. Grupo Aeroportuario Del Pacifico S.A. de C.V. (each representing 10 Series B shares),"Grupo Aeroportuario del Pacífico, S.A.B. de C.V., together with its subsidiaries, manages, operates, and develops airports primarily in Mexico's Pacific region. It operates 12 airports in Guadalajara, Puerto Vallarta, Tijuana, San Josédel Cabo, Guanajuato (Bajío), Hermosillo, Mexicali, Los Mochis, La Paz, Manzanillo, Morelia, and Aguascalientes. The company was incorporated in 1998 and is headquartered in Guadalajara, Mexico.",Raul Revuelta Musalem,"Airlines, Airports & Air Services",243.12,USD,12284304149,https://images.financialmodelingprep.com/symbol/PAC.png,92405.0,2006-02-27,21.84,-0.22,106510,21332063000,10000609000,"[{'period': '2025', 'revenue': 32.53, 'unit': 'B', 'net_profit': 10.0}, {'period': '2024', 'revenue': 26.78, 'unit': 'B', 'net_profit': 8.61}, {'period': '2023', 'revenue': 33.22, 'unit': 'B', 'net_profit': 9.54}, {'period': '2022', 'revenue': 27.38, 'unit': 'B', 'net_profit': 9.01}]","[{'period': ""Q4 '25"", 'revenue': 1.01, 'unit': 'B', 'net_profit': 2.15}, {'period': ""Q3 '25"", 'revenue': 9.58, 'unit': 'B', 'net_profit': 2.7}, {'period': ""Q2 '25"", 'revenue': 10.88, 'unit': 'B', 'net_profit': 2.66}, {'period': ""Q1 '25"", 'revenue': 11.06, 'unit': 'B', 'net_profit': 2.86}, {'period': ""Q4 '24"", 'revenue': 2.8, 'unit': 'B', 'net_profit': 2.08}, {'period': ""Q3 '24"", 'revenue': 8.23, 'unit': 'B', 'net_profit': 1.98}]",197.9,197.9,88140275000,15223923000,10453198000,63304344000,3491621000,0,16644339000,10453198000,5852790000,0.17780664802860693,0.16122000562692948,0.12635173591348883,"[4.48146, 1.157]","['2025-08-13', '2006-05-03']",__nan__,0.7182226740272821
68,PACE,TPG Pace Tech Opportunities Corp. Class A Ordinary Shares,"TPG Pace Tech Opportunities Corp. focuses on effecting a merger, share exchange, asset acquisition, share purchase, reorganization, or similar business combination with one or more businesses. The company was formerly known as TPG Pace III Holdings Corp. and changed its name to TPG Pace Tech Opportunities Corp. in July 2020. TPG Pace Tech Opportunities Corp. was founded in 2019 and is based in Forth Worth, Texas.",Greg Mrva,Shell Companies,11.2,USD,1069102720,https://images.financialmodelingprep.com/symbol/PACE.png,521499.0,2020-12-15,0.0,0.0,1046135,7629000,-39920000,"[{'period': '2025', 'revenue': 178.99, 'unit': 'M', 'net_profit': -39.92}, {'period': '2024', 'revenue': 190.23, 'unit': 'M', 'net_profit': -42.59}]","[{'period': ""Q4 '25"", 'revenue': 49.11, 'unit': 'M', 'net_profit': -9.24}, {'period': ""Q3 '25"", 'revenue': 37.02, 'unit': 'M', 'net_profit': -12.29}, {'period': ""Q2 '25"", 'revenue': 45.26, 'unit': 'M', 'net_profit': -7.9}, {'period': ""Q1 '25"", 'revenue': 47.59, 'unit': 'M', 'net_profit': -10.5}, {'period': ""Q4 '24"", 'revenue': 47.99, 'unit': 'M', 'net_profit': -10.15}, {'period': ""Q3 '24"", 'revenue': 37.53, 'unit': 'M', 'net_profit': -15.9}]",-0.33,-0.33,76166000,58174000,47895000,47233000,5639000,0,25625000,47895000,-24216000,1.1088178239287956,0.06258072091111894,0.13157894736842102,__nan__,__nan__,__nan__,0.6201323425150329
69,PACK,Ranpak Holdings Corp Class A Common Stock,"Ranpak Holdings Corp., together with its subsidiaries, provide product protection solutions for e-commerce and industrial supply chains in North America, Europe, and Asia. The company offers protective packaging solutions, such as void-fill protective systems that convert paper to fill empty spaces in secondary packages and protect objects under the FillPak brand; cushioning protective systems, which convert paper into cushioning pads under the PadPak brand; and wrapping protective systems that create pads or paper mesh to wrap and protect fragile items, as well as to line boxes and provide separation when shipping various objects under the WrapPak, Geami, and ReadyRoll brands. The company's products also include line automation products, which help end users automate the void filling and box closure processes after product packing is complete. It sells its products to end users primarily through a distributor network, and directly to select end users. Ranpak Holdings Corp. was founded in 1972 and is headquartered in Concord Township, Ohio.",Omar Marwan Asali,Packaging & Containers,3.54,USD,299913678,https://images.financialmodelingprep.com/symbol/PACK.png,501994.0,2018-03-13,-7.87,-0.14,204996,42400000,-38300000,"[{'period': '2025', 'revenue': 395.0, 'unit': 'M', 'net_profit': -38.3}, {'period': '2024', 'revenue': 368.9, 'unit': 'M', 'net_profit': -21.5}, {'period': '2023', 'revenue': 336.3, 'unit': 'M', 'net_profit': -27.1}, {'period': '2022', 'revenue': 326.5, 'unit': 'M', 'net_profit': -41.4}]","[{'period': ""Q4 '25"", 'revenue': 111.9, 'unit': 'M', 'net_profit': -9.5}, {'period': ""Q3 '25"", 'revenue': 99.6, 'unit': 'M', 'net_profit': -10.4}, {'period': ""Q2 '25"", 'revenue': 92.3, 'unit': 'M', 'net_profit': -7.5}, {'period': ""Q1 '25"", 'revenue': 91.2, 'unit': 'M', 'net_profit': -10.9}, {'period': ""Q4 '24"", 'revenue': 105.0, 'unit': 'M', 'net_profit': -10.8}, {'period': ""Q3 '24"", 'revenue': 92.2, 'unit': 'M', 'net_profit': -8.1}]",-0.45,-0.45,1124900000,153800000,63000000,590000000,49600000,0,84000000,63000000,-8400000,-0.3333333333333333,-0.7813953488372093,-0.7307692307692307,__nan__,__nan__,__nan__,0.524491065872522
70,PAG,Penske Automotive Group Inc. Common Stock,"Penske Automotive Group, Inc., a diversified transportation services company, operates automotive and commercial truck dealerships. The company operates through four segments: Retail Automotive, Retail Commercial Truck, Other, and Non-Automotive Investments. It operates dealerships under franchise agreements with various automotive manufacturers and distributors. The company engages in the sale of new and used motor vehicles, and related products and services comprise vehicle and collision repair services, as well as placement of finance and lease contracts, third-party insurance products, and other aftermarket products; and wholesale of parts. It also operates a heavy and medium duty truck dealership, which offers Freightliner and Western Star branded trucks, as well as a range of used trucks, and maintenance and repair services. In addition, it imports and distributes Western Star heavy-duty trucks, MAN heavy and medium duty trucks, buses, and Dennis Eagle refuse collection vehicles with associated parts in Australia, New Zealand, and portions of the Pacific. Further, the company distributes diesel and gas engines, and power systems. The company operates 320 retail automotive franchises, including 146 franchises located in the United States and 174 franchises located outside of the United States; 23 CarShop used vehicle dealerships in the United States and the United Kingdom; and 37 commercial truck dealerships in Texas, Oklahoma, Tennessee, Georgia, Utah, Idaho, Kansas, Missouri, and Oregon, as well as Canada. Penske Automotive Group, Inc. was incorporated in 1990 and is headquartered in Bloomfield Hills, Michigan.",Roger S. Penske,Auto - Dealerships,148.41,USD,9759456293,https://images.financialmodelingprep.com/symbol/PAG.png,302718.0,1996-10-23,10.5,-0.48,209993,1521833292,935400000,"[{'period': '2025', 'revenue': 31810.0, 'unit': 'M', 'net_profit': 935.4}, {'period': '2024', 'revenue': 30460.0, 'unit': 'M', 'net_profit': 918.9}, {'period': '2023', 'revenue': 29.53, 'unit': 'B', 'net_profit': 1.05}, {'period': '2022', 'revenue': 27.81, 'unit': 'B', 'net_profit': 1.38}]","[{'period': ""Q4 '25"", 'revenue': 7770.0, 'unit': 'M', 'net_profit': 186.1}, {'period': ""Q3 '25"", 'revenue': 7700.0, 'unit': 'M', 'net_profit': 213.0}, {'period': ""Q2 '25"", 'revenue': 7660.0, 'unit': 'M', 'net_profit': 250.0}, {'period': ""Q1 '25"", 'revenue': 7600.0, 'unit': 'M', 'net_profit': 244.3}, {'period': ""Q4 '24"", 'revenue': 7720.0, 'unit': 'M', 'net_profit': 236.4}, {'period': ""Q3 '24"", 'revenue': 7590.0, 'unit': 'M', 'net_profit': 226.1}]",14.13,14.13,18378100000,6192600000,64700000,12797200000,1070300000,1923700000,6279100000,64700000,740200000,-0.09171394091316025,0.017956252040483185,0.026889534883721002,"[1.4, 0.1]","['2026-02-25', '2003-11-06']",__nan__,0.6963287826271486
71,PAGS,PagSeguro Digital Ltd. Class A Common Shares,"PagSeguro Digital Ltd., together with its subsidiaries, provides financial technology solutions and services for consumers, individual entrepreneurs, micro-merchants, and small and medium-sized companies in Brazil and internationally. The company's products and services include PagSeguro Ecosystem, a digital ecosystem that operates as a closed loop where its clients are able to address their primary day to day financial needs, including receiving and spending funds, and managing and growing their businesses; PagBank digital account, which offers banking services through the PagBank mobile app, as well as centralizes various cash-in options, functionalities, services, and cash-out options in a single ecosystem; and PlugPag, a tool for medium-sized and larger merchants that enables them to connect their point of sale (POS) device directly to their enterprise resource planning software or sales automation system through Bluetooth. It also offers cash-in solutions; online and in-person payment tools; and online gaming and cross-border digital services, as well as issues prepaid, credit, and cash cards. In addition, the company provides functionalities, and value-added services and features, such as purchase protection mechanisms, antifraud platform, account and business management tools, and POS app; and operates an online platform that facilitates peer-to-peer lending. Further, it is involved in processing of back-office solutions, including sales reconciliation, and gateway solutions and services, as well as the capture of credit cards with acquirers and sub acquirers. The company was founded in 2006 and is headquartered in São Paulo, Brazil.",Carlos Mauad,Software - Infrastructure,9.65,USD,2848678475,https://images.financialmodelingprep.com/symbol/PAGS.png,4090332.0,2018-01-24,7.1,-0.21,2838354,9038467000,2076751000,"[{'period': '2025', 'revenue': 19.36, 'unit': 'B', 'net_profit': 2.08}, {'period': '2024', 'revenue': 18.33, 'unit': 'B', 'net_profit': 2.12}, {'period': '2023', 'revenue': 15.68, 'unit': 'B', 'net_profit': 1.65}, {'period': '2022', 'revenue': 15.16, 'unit': 'B', 'net_profit': 1.5}]","[{'period': ""Q4 '25"", 'revenue': 5300.0, 'unit': 'M', 'net_profit': 509.66}, {'period': ""Q3 '25"", 'revenue': 4920.0, 'unit': 'M', 'net_profit': 554.49}, {'period': ""Q2 '25"", 'revenue': 4890.0, 'unit': 'M', 'net_profit': 536.76}, {'period': ""Q1 '25"", 'revenue': 4710.0, 'unit': 'M', 'net_profit': 525.09}, {'period': ""Q4 '24"", 'revenue': 5000.0, 'unit': 'M', 'net_profit': 599.02}, {'period': ""Q3 '24"", 'revenue': 4700.0, 'unit': 'M', 'net_profit': 531.15}]",7.01,6.96,74372181000,64900466000,6715730000,59739958000,58179815000,2930984000,47759072000,1856575000,1554271000,0.19859546933634553,-0.018719334255668203,0.046268656716417854,"[0.26, 0.14]","['2026-04-22', '2025-05-23']",__nan__,0.8032567715070773
72,PAI,Western Asset Investment Grade Income Fund Inc.,"Western Asset Income Fund is a closed-ended fixed income mutual fund launched and managed by Western Asset Management Company. It is co-managed by Western Asset Management Company Limited. The fund invests in the fixed income markets of the United States. It primarily invests in investment grade debt, including government securities, bank debt, commercial paper, and cash or cash equivalents. The fund benchmarks the performance of its portfolio against the Barclays U.S. Corporate High Yield Index and the Barclays U.S. Credit Index. Western Asset Income Fund was formed on March 22, 1973 and is domiciled in the United States.",Kenneth Donald Fuller,Asset Management - Income,11.88,USD,112990229,https://images.financialmodelingprep.com/symbol/PAI.png,13520.0,1980-03-17,11.65,-0.13,16082,9646606,9646606,"[{'period': '2025', 'revenue': 4.09, 'unit': 'M', 'net_profit': 9.65}, {'period': '2024', 'revenue': 5.97, 'unit': 'M', 'net_profit': 3.78}, {'period': '2023', 'revenue': 4.05, 'unit': 'M', 'net_profit': 10.59}, {'period': '2022', 'revenue': 7.0, 'unit': 'M', 'net_profit': -24.49}]","[{'period': ""Q4 '25"", 'revenue': 1.93, 'unit': 'M', 'net_profit': 4.41}, {'period': ""Q2 '25"", 'revenue': 3.53, 'unit': 'M', 'net_profit': 5.24}, {'period': ""Q4 '24"", 'revenue': 0.58108, 'unit': 'M', 'net_profit': 3.48}, {'period': ""Q2 '24"", 'revenue': 5390.0, 'unit': 'K', 'net_profit': 302.96}, {'period': ""Q4 '23"", 'revenue': 0.98573, 'unit': 'M', 'net_profit': 7.02}, {'period': ""Q2 '23"", 'revenue': 3.07, 'unit': 'M', 'net_profit': 3.56}]",1.01,1.01,127430726,2710127,911975,1538936,1798152,124326928,1385711,16960,0,1.5500153319094043,1.5500153319094043,1.525,"[0.0525, 0.32]","['2026-05-21', '1980-05-20']",__nan__,0.012076647825109307
73,PAM,Pampa Energia S.A. Pampa Energia S.A.,"Pampa Energía S.A., an integrated power company, engages in the generation and transmission of electricity in Argentina. The company operates through Electricity Generation, Oil and Gas, Petrochemicals, and Holding and Other Business segments. It generates electricity through combined thermal generation plants, open-cycle gas turbines, and hydroelectric power generation systems, as well as through a wind farm. The company has an installed electricity generation capacity of approximately 4,970 megawatts; and 21,414 kilometers of high voltage electricity transmission network in Argentina. It is also involved in the exploration and production of oil and gas. In addition, the company offers petrochemicals, such as styrene, synthetic rubber, and polystyrene. As of December 31, 2020, it had approximately 12.625 thousands of barrels of oil and LNG, as well as 24.537 millions of cubic meters of natural gas; owned a refinery with an installed capacity of approximately 25.8 thousand barrels per day; and operated a network of 92 gas stations. The company was formerly known as Pampa Holding S.A. and changed its name to Pampa Energía S.A. in September 2008. Pampa Energía S.A. was incorporated in 1945 and is based in Buenos Aires, Argentina.",Gustavo Mariani,Independent Power Producers,83.92,USD,4566420195,https://images.financialmodelingprep.com/symbol/PAM.png,216908.0,2009-10-09,11.19,-0.3,245739,811658562,398084212,"[{'period': '2025', 'revenue': 2040.0, 'unit': 'M', 'net_profit': 398.08}, {'period': '2024', 'revenue': 1880.0, 'unit': 'M', 'net_profit': 619.0}, {'period': '2023', 'revenue': 1730.0, 'unit': 'M', 'net_profit': 302.0}, {'period': '2022', 'revenue': 1830.0, 'unit': 'M', 'net_profit': 456.0}]","[{'period': ""Q4 '25"", 'revenue': 512.12, 'unit': 'M', 'net_profit': 163.53}, {'period': ""Q3 '25"", 'revenue': 598.71, 'unit': 'M', 'net_profit': 30.22}, {'period': ""Q2 '25"", 'revenue': 486.0, 'unit': 'M', 'net_profit': 40.0}, {'period': ""Q1 '25"", 'revenue': 414.0, 'unit': 'M', 'net_profit': 153.0}, {'period': ""Q4 '24"", 'revenue': 535.42, 'unit': 'M', 'net_profit': 150.26}, {'period': ""Q3 '24"", 'revenue': 527.32, 'unit': 'M', 'net_profit': 144.01}]",7.25,7.25,6610807627,1992609155,1093708212,2997584793,597258411,1095597224,640226885,726435266,-283160740,-0.20425631176470588,-0.3568914184168013,-0.36034303259162537,"[0.075, 0.079]","['2012-01-12', '2009-12-29']",__nan__,0.4534370022744575
74,PANW,Palo Alto Networks Inc. Common Stock,"Palo Alto Networks, Inc. provides cybersecurity solutions worldwide. The company offers firewall appliances and software; Panorama, a security management solution for the control of firewall appliances and software deployed on an end-customer's network and instances in public or private cloud environments, as a virtual or a physical appliance; and virtual system upgrades, which are available as extensions to the virtual system capacity that ships with physical appliances. It also provides subscription services covering the areas of threat prevention, malware and persistent threat, uniform resource locator filtering, laptop and mobile device protection, and firewall; and DNS security, Internet of Things security, SaaS security API, and SaaS security inline, as well as threat intelligence, and data loss prevention. In addition, the company offers cloud security, secure access, security analytics and automation, and threat intelligence and cyber security consulting; professional services, including architecture design and planning, implementation, configuration, and firewall migration; education services, such as certifications, as well as online and in-classroom training; and support services. Palo Alto Networks, Inc. sells its products and services through its channel partners, as well as directly to medium to large enterprises, service providers, and government entities operating in various industries, including education, energy, financial services, government entities, healthcare, Internet and media, manufacturing, public sector, and telecommunications. The company was incorporated in 2005 and is headquartered in Santa Clara, California.",Nikesh Arora,Software - Infrastructure,147.02,USD,100195794854,https://images.financialmodelingprep.com/symbol/PANW.png,10144716.0,2012-07-20,82.13,-9.34,11377208,1941000000,1133900000,"[{'period': '2025', 'revenue': 9.22, 'unit': 'B', 'net_profit': 1.13}, {'period': '2024', 'revenue': 8.03, 'unit': 'B', 'net_profit': 2.58}, {'period': '2023', 'revenue': 6890.0, 'unit': 'M', 'net_profit': 439.7}, {'period': '2022', 'revenue': 5500.0, 'unit': 'M', 'net_profit': -267.0}]","[{'period': ""Q2 '26"", 'revenue': 2590.0, 'unit': 'M', 'net_profit': 432.0}, {'period': ""Q1 '26"", 'revenue': 2470.0, 'unit': 'M', 'net_profit': 334.0}, {'period': ""Q4 '25"", 'revenue': 2540.0, 'unit': 'M', 'net_profit': 253.8}, {'period': ""Q3 '25"", 'revenue': 2290.0, 'unit': 'M', 'net_profit': 262.1}, {'period': ""Q2 '25"", 'revenue': 2260.0, 'unit': 'M', 'net_profit': 267.3}, {'period': ""Q1 '25"", 'revenue': 2140.0, 'unit': 'M', 'net_profit': 351.0}]",1.71,1.6,23576200000,7103300000,2903200000,15751800000,3679600000,6557900000,7988000000,2268600000,3469800000,0.5206831714196177,-0.5600946617008069,-0.5767326732673267,__nan__,__nan__,__nan__,0.6681229375387043
75,PAR,PAR Technology Corporation Common Stock,"PAR Technology Corporation, together with its subsidiaries, provides technology solutions to the restaurant and retail industries worldwide. The company operates in two segments, Restaurant/Retail and Government. The Restaurant/Retail segment offers point-of-sale (POS) technology solutions, including Brink POS, an open cloud solution that integrates with third party products and in-house systems; Punchh, an enterprise-grade customer loyalty and engagement solution for restaurant and convenience store brands; Data Central, a cloud software solution for back-office applications; PAR Payment Services, a merchant services offering; POS integrated solutions for wireless headsets for drive-thru order-taking; and the PAR Infinity, PAR Phase, PAR Helix, and the EverServ 8000 series platform. This segment also offers training, installation, technical support, and repair services. The Government segment provides intelligence, surveillance, and reconnaissance solutions; systems engineering support and software-based solutions; satellite and teleport facility operations and maintenance, engineering, and installation services; satellite control center; and information technology infrastructure library services to the Unites States Department of Defense and other federal agencies, as well as offers licensed software products. It offers products and services through its sales teams, channel partners, and resellers. The company was founded in 1968 and is headquartered in New Hartford, New York.",Savneet Singh,Software - Application,12.81,USD,527164806,https://images.financialmodelingprep.com/symbol/PAR.png,1647691.0,1982-12-03,-6.13,-0.75,1241298,-26662000,-84461000,"[{'period': '2025', 'revenue': 455.55, 'unit': 'M', 'net_profit': -84.46}, {'period': '2024', 'revenue': 349.98, 'unit': 'M', 'net_profit': -4.99}, {'period': '2023', 'revenue': 276.71, 'unit': 'M', 'net_profit': -69.75}, {'period': '2022', 'revenue': 262.35, 'unit': 'M', 'net_profit': -69.32}]","[{'period': ""Q4 '25"", 'revenue': 120.1, 'unit': 'M', 'net_profit': -20.89}, {'period': ""Q3 '25"", 'revenue': 119.18, 'unit': 'M', 'net_profit': -18.18}, {'period': ""Q2 '25"", 'revenue': 112.4, 'unit': 'M', 'net_profit': -21.04}, {'period': ""Q1 '25"", 'revenue': 103.86, 'unit': 'M', 'net_profit': -24.35}, {'period': ""Q4 '24"", 'revenue': 105.0, 'unit': 'M', 'net_profit': -21.06}, {'period': ""Q3 '24"", 'revenue': 96.75, 'unit': 'M', 'net_profit': -19.83}]",-2.09,-2.09,1369144000,232931000,80144000,543994000,81706000,0,140738000,79565000,-30481000,0.4279031842760278,-15.936234208943253,-13.928571428571425,"[0.31, 0.017]","['2019-09-26', '2017-08-29']",__nan__,0.39732416750904215
76,PARR,Par Pacific Holdings Inc.  Common Stock,"Par Pacific Holdings, Inc. owns and operates energy and infrastructure businesses. The company operates through three segments: Refining, Retail, and Logistics. The Refining segment owns and operates three refineries that produces ultra-low sulfur diesel, gasoline, jet fuel, marine fuel, distillate, asphalt, low sulfur fuel oil, and other associated refined products primarily for consumption in Hawaii, Pacific Northwest, Wyoming, and South Dakota. The Retail segment operates 119 fuel retail outlets, which sell merchandise, such as soft drinks, prepared foods, and other sundries in Hawaii under the Hele, 76, and nomnom brands; and gasoline, diesel, and retail merchandise in Washington and Idaho under the Cenex, nomnom, and Zip Trip brand names. The Logistics segment owns and operates terminals, pipelines, a single point mooring, and trucking operations to distribute refined products throughout the island of Oahu, Maui, Hawaii, Molokai, and Kauai. It also leases marine vessels; owns and operates a crude oil pipeline gathering system, a refined products pipeline, storage facilities, and loading racks in Wyoming; and a jet fuel storage facility and pipeline that serves Ellsworth Air Force Base in South Dakota. In addition, this segment owns and operates a marine terminal, a unit train-capable rail loading terminal, storage facilities, a truck rack, and a proprietary pipeline that serves Joint Base Lewis McChord. The company was formerly known as Par Petroleum Corporation and changed its name to Par Pacific Holdings, Inc. in October 2015. Par Pacific Holdings, Inc. was incorporated in 1984 and is headquartered in Houston, Texas.",William Monteleone,Oil & Gas Refining & Marketing,65.67,USD,3248745072,https://images.financialmodelingprep.com/symbol/PARR.png,1277723.0,2012-09-05,9.17,2.66,1358131,704579000,369391000,"[{'period': '2025', 'revenue': 7460.0, 'unit': 'M', 'net_profit': 369.39}, {'period': '2024', 'revenue': 7970.0, 'unit': 'M', 'net_profit': -33.32}, {'period': '2023', 'revenue': 8230.0, 'unit': 'M', 'net_profit': 728.64}, {'period': '2022', 'revenue': 7320.0, 'unit': 'M', 'net_profit': 364.19}]","[{'period': ""Q4 '25"", 'revenue': 1810.0, 'unit': 'M', 'net_profit': 77.7}, {'period': ""Q3 '25"", 'revenue': 2009.9999999999998, 'unit': 'M', 'net_profit': 262.63}, {'period': ""Q2 '25"", 'revenue': 1890.0, 'unit': 'M', 'net_profit': 59.46}, {'period': ""Q1 '25"", 'revenue': 1750.0, 'unit': 'M', 'net_profit': -30.4}, {'period': ""Q4 '24"", 'revenue': 1830.0, 'unit': 'M', 'net_profit': -55.7}, {'period': ""Q3 '24"", 'revenue': 2140.0, 'unit': 'M', 'net_profit': 7.49}]",7.28,7.16,4069873000,1774523000,164113000,2517357000,312672000,135755000,1106136000,164113000,296464000,3.0177857611267926,12.085499069683692,13.338983050847459,__nan__,__nan__,__nan__,0.6185345341242835
77,PATH,UiPath Inc. Class A Common Stock,"UiPath Inc. provides an end-to-end automation platform that offers a range of robotic process automation (RPA) solutions primarily in the United States, Romania, and Japan. The company offers a suite of interrelated software to build, manage, run, engage, measure, and govern automation within the organization. Its platform combines artificial intelligence with desktop recording, back-end mining of both human activity and system logs, and intuitive visualization tools, which enables users to discover, analyze, and identify processes to automate in a centralized portal; offers low-code development environments that allows users in an organization to create attended and unattended automations without any prior knowledge of coding; deploys robots in highly immersive attended experiences or in standalone, unattended modes behind the scenes, and can leverage native connectors built for commonly used line-of-business applications; offers centralized tools designed to manage, test, and deploy automations and ML models across the enterprise; allows customers to manage long running processes that orchestrate work between robots and humans; and enable users to track, measure, and forecast the performance of automation in their enterprise and help businesses ensure compliance with business standards. In addition, the company provides maintenance and support for its software, as well as professional services, such as training and implementation services to facilitate the adoption of its platform. It serves banking, healthcare, financial services, and government entities. UiPath Inc. was founded in 2005 and is headquartered in New York, New York.",Daniel Solomon Dines,Software - Infrastructure,10.69,USD,5716473855,https://images.financialmodelingprep.com/symbol/PATH.png,35000527.0,2021-04-21,20.56,-0.35,18396539,77924000,282330000,"[{'period': '2026', 'revenue': 1610.0, 'unit': 'M', 'net_profit': 282.33}, {'period': '2025', 'revenue': 1430.0, 'unit': 'M', 'net_profit': -73.69}, {'period': '2024', 'revenue': 1310.0, 'unit': 'M', 'net_profit': -89.88}, {'period': '2023', 'revenue': 1060.0, 'unit': 'M', 'net_profit': -328.35}]","[{'period': ""Q4 '26"", 'revenue': 481.11, 'unit': 'M', 'net_profit': 104.46}, {'period': ""Q3 '26"", 'revenue': 411.11, 'unit': 'M', 'net_profit': 198.84}, {'period': ""Q2 '26"", 'revenue': 361.73, 'unit': 'M', 'net_profit': 1.58}, {'period': ""Q1 '26"", 'revenue': 356.62, 'unit': 'M', 'net_profit': -22.55}, {'period': ""Q4 '25"", 'revenue': 423.65, 'unit': 'M', 'net_profit': 51.79}, {'period': ""Q3 '25"", 'revenue': 354.65, 'unit': 'M', 'net_profit': -10.65}]",0.52,0.52,3179200000,2243945000,1472486000,1096613000,580705000,0,905423000,871157000,352160000,1.536160784934325,4.8311124379189625,5.0,__nan__,__nan__,__nan__,0.3449336311021641
78,PAYC,Paycom Software Inc. Common Stock,"Paycom Software, Inc. provides cloud-based human capital management (HCM) solution delivered as software-as-a-service for small to mid-sized companies in the United States. It offers functionality and data analytics that businesses need to manage the employment life cycle from recruitment to retirement. The company's HCM solution provides a suite of applications in the areas of talent acquisition, including applicant tracking, candidate tracker, background checks, on-boarding, e-verify, and tax credit services; and time and labor management, such as time and attendance, scheduling/schedule exchange, time-off requests, labor allocation, labor management reports/push reporting, and geofencing/geotracking, and Microfence, a proprietary Bluetooth. Its HCM solution also offers payroll applications comprising better employee transaction interface, payroll and tax management, Paycom pay, expense management, mileage tracker/fixed and variable rates, garnishment management, and GL concierge applications; and talent management applications that include employee self-service, compensation budgeting, performance management, position management, and Paycom learning and content subscriptions, as well as my analytics, which offer employment predictor reporting. In addition, its HCM solution provides manager on-the-go that gives supervisors and managers the ability to perform a variety of tasks, such as approving time-off requests and expense reimbursements; direct data exchange; ask here, a tool for direct line of communication to ask work-related questions; document and checklist; government and compliance; benefits administration/benefits to carrier; COBRA administration; personnel action and performance discussion forms; surveys; and affordable care act applications, as well as Clue, which securely collect, track, and manage the vaccination and testing data of the workforce. Paycom Software, Inc. was founded in 1998 and is headquartered in Oklahoma City, Oklahoma.",Chad R. Richison,Software - Application,117.06,USD,6427310056,https://images.financialmodelingprep.com/symbol/PAYC.png,1872476.0,2014-04-15,14.49,-5.97,880655,799100000,453400000,"[{'period': '2025', 'revenue': 2050.0, 'unit': 'M', 'net_profit': 453.4}, {'period': '2024', 'revenue': 1880.0, 'unit': 'M', 'net_profit': 502.0}, {'period': '2023', 'revenue': 1690.0, 'unit': 'M', 'net_profit': 340.79}, {'period': '2022', 'revenue': 1380.0, 'unit': 'M', 'net_profit': 281.39}]","[{'period': ""Q4 '25"", 'revenue': 544.3, 'unit': 'M', 'net_profit': 113.8}, {'period': ""Q3 '25"", 'revenue': 493.3, 'unit': 'M', 'net_profit': 110.7}, {'period': ""Q2 '25"", 'revenue': 483.6, 'unit': 'M', 'net_profit': 89.5}, {'period': ""Q1 '25"", 'revenue': 530.5, 'unit': 'M', 'net_profit': 139.4}, {'period': ""Q4 '24"", 'revenue': 493.87, 'unit': 'M', 'net_profit': 113.6}, {'period': ""Q3 '24"", 'revenue': 451.93, 'unit': 'M', 'net_profit': 73.28}]",8.13,8.08,7598700000,5838800000,370000000,5867200000,123100000,0,5368400000,370000000,408000000,0.0010021295252411375,-0.09681274900398407,-0.08958566629339294,"[0.375, 0.375]","['2026-03-09', '2023-05-26']",__nan__,0.7721320752233934
79,PB,Prosperity Bancshares Inc. Common Stock,"Prosperity Bancshares, Inc. operates as bank holding company for the Prosperity Bank that provides financial products and services to businesses and consumers. It accepts various deposit products, such as demand, savings, money market, and time accounts, as well as and certificates of deposit. The company also offers 1-4 family residential mortgage, commercial real estate and multifamily residential, commercial and industrial, agricultural, and non-real estate agricultural loans, as well as construction, land development, and other land loans; consumer loans, including automobile, recreational vehicle, boat, home improvement, personal, and deposit account collateralized loans; and consumer durables and home equity loans, as well as loans for working capital, business expansion, and purchase of equipment and machinery. In addition, it provides internet banking, mobile banking, trust and wealth management, retail brokerage, mortgage services, and treasury management, as well as debit and credit cards. As of December 31, 2021, the company operated 273 full-service banking locations comprising 65 in the Houston area, including The Woodlands; 30 in the South Texas area including Corpus Christi and Victoria; 63 in the Dallas/Fort Worth, Texas area; 22 in the East Texas area; 29 in the Central Texas area, including Austin and San Antonio; 34 in the West Texas area, including Lubbock, Midland-Odessa and Abilene; 16 in the Bryan/College Station area; 6 in the Central Oklahoma area; and 8 in the Tulsa, Oklahoma area doing business as LegacyTexas Bank. Prosperity Bancshares, Inc. was founded in 1983 and is based in Houston, Texas.",David E. Zalman,Banks - Regional,65.36,USD,6639367886,https://images.financialmodelingprep.com/symbol/PB.png,1244893.0,1998-11-12,11.43,-1.08,538813,849149000,542843000,"[{'period': '2025', 'revenue': 1740.0, 'unit': 'M', 'net_profit': 542.84}, {'period': '2024', 'revenue': 1740.0, 'unit': 'M', 'net_profit': 479.39}, {'period': '2023', 'revenue': 1560.0, 'unit': 'M', 'net_profit': 419.32}, {'period': '2022', 'revenue': 1200.0, 'unit': 'M', 'net_profit': 524.52}]","[{'period': ""Q4 '25"", 'revenue': 429.43, 'unit': 'M', 'net_profit': 139.91}, {'period': ""Q3 '25"", 'revenue': 426.83, 'unit': 'M', 'net_profit': 137.56}, {'period': ""Q2 '25"", 'revenue': 435.75, 'unit': 'M', 'net_profit': 135.16}, {'period': ""Q1 '25"", 'revenue': 422.68, 'unit': 'M', 'net_profit': 130.22}, {'period': ""Q4 '24"", 'revenue': 438.44, 'unit': 'M', 'net_profit': 130.08}, {'period': ""Q3 '24"", 'revenue': 447.02, 'unit': 'M', 'net_profit': 127.28}]",5.72,5.72,38463425000,1747728000,10690237000,30847285000,99297000,32098347000,28714613000,311541000,549513000,0.3116518816353074,0.13237140842661238,0.13267326732673265,"[0.6, 0.35]","['2026-03-13', '1998-11-05']",__nan__,0.8019900723869494
80,PBA,Pembina Pipeline Corp. Ordinary Shares (Canada),"Pembina Pipeline Corporation provides transportation and midstream services for the energy industry. It operates through three segments: Pipelines, Facilities, and Marketing & New Ventures. The Pipelines segment operates conventional, oil sands and heavy oil, and transmission assets with a transportation capacity of 3.1 millions of barrels of oil equivalent per day, ground storage of 11 millions of barrels, and rail terminalling capacity of approximately 105 thousands of barrels of oil equivalent per day serving markets and basins across North America. The Facilities segment offers infrastructure that provides customers with natural gas, condensate, and natural gas liquids (NGLs), including ethane, propane, butane, and condensate; and includes 354 thousands of barrels per day of NGL fractionation capacity, 21 millions of barrels of cavern storage capacity, and associated pipeline and rail terminalling facilities. The Marketing & New Ventures segment buys and sells hydrocarbon liquids and natural gas originating in the Western Canadian sedimentary basin and other basins. Pembina Pipeline Corporation was incorporated in 1954 and is headquartered in Calgary, Canada.",J. Scott Burrows,Oil & Gas Midstream,45.77,USD,26602942870,https://images.financialmodelingprep.com/symbol/PBA.png,1473979.0,2010-10-06,23.72,0.08,1299658,3780521633,1694000000,"[{'period': '2025', 'revenue': 7.78, 'unit': 'B', 'net_profit': 1.69}, {'period': '2024', 'revenue': 7.38, 'unit': 'B', 'net_profit': 1.86}, {'period': '2023', 'revenue': 6.33, 'unit': 'B', 'net_profit': 1.78}, {'period': '2022', 'revenue': 11.61, 'unit': 'B', 'net_profit': 2.97}]","[{'period': ""Q4 '25"", 'revenue': 1910.0, 'unit': 'M', 'net_profit': 489.0}, {'period': ""Q3 '25"", 'revenue': 1790.0, 'unit': 'M', 'net_profit': 286.0}, {'period': ""Q2 '25"", 'revenue': 1790.0, 'unit': 'M', 'net_profit': 417.0}, {'period': ""Q1 '25"", 'revenue': 2310.0, 'unit': 'M', 'net_profit': 502.0}, {'period': ""Q4 '24"", 'revenue': 2150.0, 'unit': 'M', 'net_profit': 572.0}, {'period': ""Q3 '24"", 'revenue': 1840.0, 'unit': 'M', 'net_profit': 383.0}]",2.66,2.66,35555000000,1259000000,106000000,18784000000,836000000,4344000000,2065000000,106000000,2489000000,0.1899658901479383,-0.09120171673819742,-0.11333333333333329,"[0.51851, 0.0974]","['2026-03-16', '1997-12-29']",__nan__,0.5283082548164815
81,PBC,Prospect Capital Corporation 6.875% Notes due 2029,,None,Asset Management,25.06,USD,0,https://images.financialmodelingprep.com/symbol/PBC.png,9711.0,2022-01-31,0.0,0.0100002,12761,0,0,"[{'period': '2025', 'revenue': 580860000.0, 'unit': '', 'net_profit': 0.0}, {'period': '2021', 'revenue': 24.94, 'unit': 'M', 'net_profit': -5.98}, {'period': '2020', 'revenue': 31.97, 'unit': 'M', 'net_profit': -24.84}]","[{'period': ""Q2 '26"", 'revenue': 133900000.0, 'unit': '', 'net_profit': 0.0}, {'period': ""Q1 '26"", 'revenue': 136980000.0, 'unit': '', 'net_profit': 0.0}, {'period': ""Q4 '25"", 'revenue': 365.64, 'unit': 'M', 'net_profit': 57.35}, {'period': ""Q3 '25"", 'revenue': 139730000.0, 'unit': '', 'net_profit': 0.0}, {'period': ""Q2 '25"", 'revenue': 148600000.0, 'unit': '', 'net_profit': 0.0}, {'period': ""Q1 '22"", 'revenue': 94.37, 'unit': 'M', 'net_profit': -30.55}]",0.0,0.0,6804938000,50788000,50788000,2186266000,0,0,0,50788000,523171000,0.0,0.0,0.0,"[0.43, 0.477]","['2021-11-30', '2019-02-28']",__nan__,0.32127640251828893
82,PBF,PBF Energy Inc. Class A Common Stock,"PBF Energy Inc., together with its subsidiaries, engages in refining and supplying petroleum products. The company operates in two segments, Refining and Logistics. It produces gasoline, ultra-low-sulfur diesel, heating oil, diesel fuel, jet fuel, lubricants, petrochemicals, and asphalt, as well as unbranded transportation fuels, petrochemical feedstocks, blending components, and other petroleum products. The company sells its products in Northeast, Midwest, Gulf Coast, and West Coast of the United States, as well as in other regions of the United States, Canada, and Mexico. It also offers various rail, truck, and marine terminaling services, as well as pipeline transportation and storage services. As of December 31, 2021, the company owned and operated six oil refineries and related assets. PBF Energy Inc. was founded in 2008 and is based in Parsippany, New Jersey.",Matthew C. Lucey,Oil & Gas Refining & Marketing,51.23,USD,5990170210,https://images.financialmodelingprep.com/symbol/PBF.png,3650600.0,2012-12-13,-36.86,0.86,2850398,-253600000,-158500000,"[{'period': '2025', 'revenue': 29330.0, 'unit': 'M', 'net_profit': -158.5}, {'period': '2024', 'revenue': 33120.0, 'unit': 'M', 'net_profit': -533.8}, {'period': '2023', 'revenue': 38.32, 'unit': 'B', 'net_profit': 2.14}, {'period': '2022', 'revenue': 46.83, 'unit': 'B', 'net_profit': 2.88}]","[{'period': ""Q4 '25"", 'revenue': 7140.0, 'unit': 'M', 'net_profit': 78.4}, {'period': ""Q3 '25"", 'revenue': 7650.0, 'unit': 'M', 'net_profit': 170.1}, {'period': ""Q2 '25"", 'revenue': 7480.0, 'unit': 'M', 'net_profit': -5.2}, {'period': ""Q1 '25"", 'revenue': 7070.0, 'unit': 'M', 'net_profit': -401.8}, {'period': ""Q4 '24"", 'revenue': 7350.0, 'unit': 'M', 'net_profit': -289.3}, {'period': ""Q3 '24"", 'revenue': 8380.0, 'unit': 'M', 'net_profit': -285.9}]",-1.39,-1.39,13019900000,4451800000,527900000,7570000000,1166700000,826300000,3669300000,527900000,-783200000,-104.66666666666667,0.7030723117272387,0.6971677559912854,"[0.275, 0.3]","['2026-02-25', '2013-03-01']",__nan__,0.5814176760190171
83,PBFX,PBF Logistics LP Common Units representing limited partner interests,"PBF Logistics LP owns, leases, acquires, develops, and operates crude oil and refined petroleum products terminals, pipelines, storage facilities, and other logistics assets in the United States. It operates in two segments, Transportation and Terminaling; and Storage. The company's assets include the DCR rail terminal, a double loop track with ancillary pumping and unloading equipment; the Toledo Truck Terminal, a crude truck unloading terminal; the DCR West Rack, a heavy crude oil rail unloading facility at the Delaware city refinery; and the Toledo storage facility, which includes a propane storage and loading facility. Its assets also comprise the DCR products pipeline, an interstate petroleum products pipeline; the DCR truck rack, a truck loading rack; the San Joaquin Valley pipeline system and Paulsboro natural gas pipeline; the Toledo rail products facility, a loading and unloading rail facility; the Chalmette truck rack, a truck loading rack facility; the Chalmette rosin yard, a rail yard facility; the Paulsboro lube oil terminal, a lube oil terminal facility; and the Delaware ethanol storage facility, an ethanol storage facility. In addition, the company is involved in receiving, handling, storing, and transferring crude oil, refined products, natural gas, and intermediates. PBF Logistics LP was founded in 2012 and is headquartered in Parsippany, New Jersey.",Thomas Nimbley,Oil & Gas Midstream,19.9,USD,0,https://images.financialmodelingprep.com/symbol/PBFX.png,437886.0,2014-05-09,8.223140495867769,-0.49,6892524,231447000,112932000,"[{'period': '2021', 'revenue': 355.54, 'unit': 'M', 'net_profit': 112.93}, {'period': '2020', 'revenue': 360.25, 'unit': 'M', 'net_profit': 147.43}, {'period': '2019', 'revenue': 340.21, 'unit': 'M', 'net_profit': 100.29}, {'period': '2018', 'revenue': 283.44, 'unit': 'M', 'net_profit': 85.46}]","[{'period': ""Q3 '22"", 'revenue': 89.57, 'unit': 'M', 'net_profit': 25.61}, {'period': ""Q2 '22"", 'revenue': 93.37, 'unit': 'M', 'net_profit': 29.51}, {'period': ""Q1 '22"", 'revenue': 89.44, 'unit': 'M', 'net_profit': 26.54}, {'period': ""Q4 '21"", 'revenue': 89.34, 'unit': 'M', 'net_profit': 32.47}, {'period': ""Q3 '21"", 'revenue': 88.85, 'unit': 'M', 'net_profit': 36.68}, {'period': ""Q2 '21"", 'revenue': 89.84, 'unit': 'M', 'net_profit': 37.1}]",1.8,1.8,901297000,104653000,33904000,652601000,67273000,0,28674000,33904000,179148000,-0.05730380097427459,-0.23400618590265343,-0.2372881355932203,"[0.3, 0.16]","['2022-11-04', '2014-08-13']",__nan__,0.7240687586888672
84,PBH,Prestige Consumer Healthcare Inc. Common Stock,"Prestige Consumer Healthcare Inc., together with its subsidiaries, develops, manufactures, markets, distributes, and sells over-the-counter (OTC) health and personal care products in the United States and internationally. The company operates in two segments, North American OTC Healthcare and International OTC Healthcare. It offers BC/Goody's analgesic powders, Boudreaux's Butt Paste baby ointments, Chloraseptic sore throat liquids and lozenges, Clear Eyes for eye redness relief, Compound W wart removals, DenTek for PEG oral care, Debrox ear wax removals, and Dramamine for motion sickness relief. The company also provides Fleet adult enemas/suppositories, Gaviscon upset stomach remedies, Luden's cough drops, Monistat vaginal anti-fungal, Nix lice/parasite treatments, Summer's Eve feminine hygiene, TheraTears dry eye relief, Fess nasal saline spray and washes, and Hydralyte for oral rehydration products. It sells its products through mass merchandisers; and drug, food, dollar, convenience, and club stores, as well as e-commerce channels. The company was formerly known as Prestige Brands Holdings, Inc. and changed its name to Prestige Consumer Healthcare Inc. in August 2018. Prestige Consumer Healthcare Inc. was founded in 1996 and is headquartered in Tarrytown, New York.",Ronald Lombardi,Medical - Distribution,59.22,USD,2847535309,https://images.financialmodelingprep.com/symbol/PBH.png,408169.0,2005-02-10,15.63,-1.16,361539,361994000,214605000,"[{'period': '2025', 'revenue': 1140.0, 'unit': 'M', 'net_profit': 214.6}, {'period': '2024', 'revenue': 1130.0, 'unit': 'M', 'net_profit': 209.34}, {'period': '2023', 'revenue': 1130.0, 'unit': 'M', 'net_profit': -82.31}, {'period': '2022', 'revenue': 1090.0, 'unit': 'M', 'net_profit': 205.38}]","[{'period': ""Q3 '26"", 'revenue': 283.44, 'unit': 'M', 'net_profit': 46.7}, {'period': ""Q2 '26"", 'revenue': 274.11, 'unit': 'M', 'net_profit': 42.21}, {'period': ""Q1 '26"", 'revenue': 249.53, 'unit': 'M', 'net_profit': 47.47}, {'period': ""Q4 '25"", 'revenue': 296.75, 'unit': 'M', 'net_profit': 50.13}, {'period': ""Q3 '25"", 'revenue': 290.32, 'unit': 'M', 'net_profit': 61.03}, {'period': ""Q2 '25"", 'revenue': 283.55, 'unit': 'M', 'net_profit': 54.38}]",4.32,4.29,3402218000,448328000,97884000,1567321000,194293000,0,106623000,97884000,243291000,-0.03173915369389611,0.025155369997945914,0.026128266033254233,"[0.475, 0.3125]","['2018-09-27', '2013-12-27']",__nan__,0.46067624120500217
85,PBI,Pitney Bowes Inc. Common Stock,"Pitney Bowes Inc., a shipping and mailing company, provides technology, logistics, and financial services to small and medium-sized businesses, large enterprises, retailers, and government clients in the United States, Canada, and internationally. It operates through Global Ecommerce, Presort Services, and SendTech Solutions segments. The Global Ecommerce segment provides domestic parcel services, cross-border solutions, and digital delivery services. The Presort Services segment offers mail sortation services, which allow clients to qualify volumes of first-class mail, marketing mail, and bound and packet mail for postal work sharing discounts. The SendTech Solutions segment provides physical and digital mailing and shipping technology solutions, financing, services, supplies, and other applications for sending, tracking and receiving of letters, parcels, and flats. Pitney Bowes Inc. markets its products, solutions, and services through direct and inside sales force, global and regional partner channels, direct mailings, and digital channels. The company was formerly known as Pitney Bowes Postage Meter Company. Pitney Bowes Inc. was founded in 1920 and is headquartered in Stamford, Connecticut.",Kurt Wolf,Integrated Freight & Logistics,10.87,USD,1749180410,https://images.financialmodelingprep.com/symbol/PBI.png,2422915.0,1972-06-01,12.94,-0.08,2275842,405559000,144697000,"[{'period': '2025', 'revenue': 1890.0, 'unit': 'M', 'net_profit': 144.7}, {'period': '2024', 'revenue': 2029.9999999999998, 'unit': 'M', 'net_profit': 10.24}, {'period': '2023', 'revenue': 2080.0, 'unit': 'M', 'net_profit': -385.63}, {'period': '2022', 'revenue': 3540.0, 'unit': 'M', 'net_profit': 36.94}]","[{'period': ""Q4 '25"", 'revenue': 477.62, 'unit': 'M', 'net_profit': 27.34}, {'period': ""Q3 '25"", 'revenue': 459.68, 'unit': 'M', 'net_profit': 51.96}, {'period': ""Q2 '25"", 'revenue': 461.91, 'unit': 'M', 'net_profit': 29.98}, {'period': ""Q1 '25"", 'revenue': 493.42, 'unit': 'M', 'net_profit': 35.42}, {'period': ""Q4 '24"", 'revenue': 516.12, 'unit': 'M', 'net_profit': -42.38}, {'period': ""Q3 '24"", 'revenue': 499.46, 'unit': 'M', 'net_profit': 80.38}]",0.84,0.84,3168951000,1100499000,297119000,3971311000,667688000,605129000,1547839000,284887000,299708000,1.2237520287757162,13.123670082967301,1.7433628318584071,"[0.09, 0.17]","['2026-02-27', '1972-08-22']",__nan__,1.2531941958080135
86,PBR,Petroleo Brasileiro S.A.- Petrobras Common Stock,"Petróleo Brasileiro S.A. - Petrobras explores for, produces, and sells oil and gas in Brazil and internationally. The company operates through Exploration and Production; Refining, Transportation and Marketing; Gas and Power; and Corporate and Other Businesses segments. It engages in prospecting, drilling, refining, processing, trading, and transporting crude oil from producing onshore and offshore oil fields, and shale or other rocks, as well as oil products, natural gas, and other liquid hydrocarbons. The Exploration and Production segment explores, develops, and produces crude oil, natural gas liquids, and natural gas primarily for supplies to the domestic refineries. The Refining, Transportation and Marketing segment engages in the refining, logistics, transport, marketing, and trading of crude oil and oil products; exportation of ethanol; and extraction and processing of shale, as well as holding interests in petrochemical companies. The Gas and Power segment is involved in the logistic and trading of natural gas and electricity; transportation and trading of LNG; generation of electricity through thermoelectric power plants; holding interests in transportation and distribution of natural gas; and fertilizer production and natural gas processing business. The Corporate and Other Businesses segment produces biodiesel and its co-products, and ethanol; and distributes oil products. Petróleo Brasileiro S.A. - Petrobras was incorporated in 1953 and is headquartered in Rio de Janeiro, Brazil.",Magda Maria de Regina Chambriard,Oil & Gas Integrated,20.77,USD,133849489401,https://images.financialmodelingprep.com/symbol/PBR.png,27491008.0,2000-08-10,6.66,0.44,29801871,43016316000,20099467000,"[{'period': '2025', 'revenue': 90.81, 'unit': 'B', 'net_profit': 20.1}, {'period': '2024', 'revenue': 91.42, 'unit': 'B', 'net_profit': 7.53}, {'period': '2023', 'revenue': 105.54, 'unit': 'B', 'net_profit': 25.69}, {'period': '2022', 'revenue': 124.47, 'unit': 'B', 'net_profit': 36.62}]","[{'period': ""Q4 '25"", 'revenue': 25.22, 'unit': 'B', 'net_profit': 3.36}, {'period': ""Q3 '25"", 'revenue': 23.48, 'unit': 'B', 'net_profit': 6.03}, {'period': ""Q2 '25"", 'revenue': 21.04, 'unit': 'B', 'net_profit': 4.73}, {'period': ""Q1 '25"", 'revenue': 21.07, 'unit': 'B', 'net_profit': 5.97}, {'period': ""Q4 '24"", 'revenue': 20.82, 'unit': 'B', 'net_profit': -2.78}, {'period': ""Q3 '24"", 'revenue': 23.37, 'unit': 'B', 'net_profit': 5.87}]",3.12,3.12,223278763000,25555921000,9236385000,147065630000,6681267000,554461000,36203825000,6498759000,16721237000,0.5663941446362246,1.669961078639745,1.6896551724137934,"[0.1865, 1.219]","['2026-04-24', '2001-03-21']",__nan__,0.6586637619449728
87,PBT,Permian Basin Royalty Trust Common Stock,"Permian Basin Royalty Trust, an express trust, holds overriding royalty interests in various oil and gas properties in the United States. The company owns a 75% net overriding royalty interest in the Waddell Ranch properties comprising Dune, Sand Hills (Judkins), Sand Hills (McKnight), Sand Hills (Tubb), University-Waddell (Devonian), and Waddell fields located in Crane County, Texas. It also holds a 95% net overriding royalty in the Texas Royalty properties, which consist of various producing oil fields, such as Yates, Wasson, Sand Hills, East Texas, Kelly-Snyder, Panhandle Regular, N. Cowden, Todd, Keystone, Kermit, McElroy, Howard-Glasscock, Seminole, and others located in 33 counties in Texas. Its Texas Royalty properties comprise approximately 125 separate royalty interests containing approximately 51,000 net producing acres. The company was founded in 1980 and is based in Dallas, Texas.",Ron E. Hooper,Oil & Gas Midstream,22.22,USD,1035647447,https://images.financialmodelingprep.com/symbol/PBT.png,75755.0,1980-10-24,71.68,0.23,127665,14302003,14300162,"[{'period': '2025', 'revenue': 16.13, 'unit': 'M', 'net_profit': 14.3}, {'period': '2024', 'revenue': 27.11, 'unit': 'M', 'net_profit': 25.41}, {'period': '2023', 'revenue': 29.1, 'unit': 'M', 'net_profit': 27.98}, {'period': '2022', 'revenue': 54.47, 'unit': 'M', 'net_profit': 53.54}]","[{'period': ""Q4 '25"", 'revenue': 2.68, 'unit': 'M', 'net_profit': 2.44}, {'period': ""Q3 '25"", 'revenue': 7.27, 'unit': 'M', 'net_profit': 6.86}, {'period': ""Q2 '25"", 'revenue': 3.11, 'unit': 'M', 'net_profit': 2.4}, {'period': ""Q1 '25"", 'revenue': 3.07, 'unit': 'M', 'net_profit': 2.6}, {'period': ""Q4 '24"", 'revenue': 3.82, 'unit': 'M', 'net_profit': 3.43}, {'period': ""Q3 '24"", 'revenue': 8.42, 'unit': 'M', 'net_profit': 8.05}]",0.31,0.31,1715167000,1715167000,1715167000,1715167000,0,0,0,1715167000,0,-0.43852208774419443,-0.4373337792642141,-0.4363636363636364,"[0.010662, 0.1044]","['2026-03-31', '1984-12-24']",__nan__,1.0
88,PBY,Prospect Capital Corporation 6.25% Notes due 2028,"Prospect Capital Corporation is a business development company. It specializes in middle market, mature, mezzanine finance, later stage, emerging growth, leveraged buyouts, refinancing, acquisitions, recapitalizations, turnaround, growth capital, development, capital expenditures and subordinated debt tranches of collateralized loan obligations, cash flow term loans, market place lending and bridge transactions. It also makes real estate investments particularly in multi-family residential real estate asset class. The fund makes secured debt, senior debt, senior and secured term loans, unitranche debt, first-lien and second lien, private debt, private equity, mezzanine debt, and equity investments in private and microcap public businesses. It focuses on both primary origination and secondary loans/portfolios and invests in situations like debt financings for private equity sponsors, acquisitions, dividend recapitalizations, growth financings, bridge loans, cash flow term loans, real estate financings/investments. It also focuses on investing in small-sized and medium-sized private companies rather than large public companies. The fund typically invests across all industry sectors, with a particular expertise in the energy and industrial sectors. It invests in aerospace and defense, chemicals, conglomerate services, consumer services, ecological, electronics, financial services, machinery, manufacturing, media, pharmaceuticals, retail, software, specialty minerals, textiles and leather, transportation, oil and gas production, coal production, materials, industrials, consumer discretionary, information technology, utilities, pipeline, storage, power generation and distribution, renewable and clean energy, oilfield services, healthcare, food and beverage, education, business services, and other select sectors. It prefers to invest in the United States and Canada. The fund seeks to invest between $10 million to $500 million per transaction in companies with EBITDA between $5 million and $150 million, sales value between $25 million and $500 million, and enterprise value between $5 million and $1000 million. It fund also co-invests for larger deals. The fund seeks control acquisitions by providing multiple levels of the capital structure. The fund focuses on sole, agented, club, or syndicated deals.","John Francis Barry III,",Asset Management,25.0,USD,1517157600,https://images.financialmodelingprep.com/symbol/PBY.png,4683.0,2018-06-18,38.051750380517504,-0.0429,10450,-469924000,-469924000,"[{'period': '2025', 'revenue': -276.83, 'unit': 'M', 'net_profit': -469.92}, {'period': '2024', 'revenue': 467.36, 'unit': 'M', 'net_profit': 262.83}, {'period': '2023', 'revenue': 87.3, 'unit': 'M', 'net_profit': -101.64}, {'period': '2022', 'revenue': 739.88, 'unit': 'M', 'net_profit': 582.58}]","[{'period': ""Q2 '26"", 'revenue': 56.97, 'unit': 'M', 'net_profit': 23.72}, {'period': ""Q1 '26"", 'revenue': 121.48, 'unit': 'M', 'net_profit': 77.98}, {'period': ""Q4 '25"", 'revenue': -149.63, 'unit': 'M', 'net_profit': -195.93}, {'period': ""Q3 '25"", 'revenue': -93.12, 'unit': 'M', 'net_profit': -139.92}, {'period': ""Q2 '25"", 'revenue': 48030.0, 'unit': 'K', 'net_profit': -66.0}, {'period': ""Q1 '25"", 'revenue': -82.11, 'unit': 'M', 'net_profit': -134.01}]",-1.35,-1.35,6804938000,47994000,46506000,3816166000,0,0,93950000,46506000,523171000,-2.787911761796419,-2.787911761796419,-3.7,"[0.3906, 0.425]","['2021-05-28', '2018-08-30']",__nan__,0.560793647201488
89,PCF,High Income Securities Fund Common Stock,"High Income Securities Fund is a closed-ended balanced income mutual fund launched and managed by Putnam Investment Management, LLC. The fund is co-managed by Putnam Investments Limited. It invests in the fixed income markets of the United States. The fund seeks to invest in stocks of companies operating across diversified sectors. It invests in both convertible bonds and convertible preferred stocks. The fund benchmarks the performance of its portfolio against a composite index comprising of 50% JPMorgan Developed High Yield Index and 50% BofA Merrill Lynch AllConvertibles Speculative Quality Index. The fund was formerly known as Putnam High Income Securities Fund High Income Securities Fund was formed on July 9, 1987 and is domiciled in the United States.",Andrew Dakos,Asset Management - Income,5.47,USD,102378982,https://images.financialmodelingprep.com/symbol/PCF.png,91123.0,1987-07-09,8.55,-0.02000002,23157,11383501,11383501,"[{'period': '2025', 'revenue': 12.7, 'unit': 'M', 'net_profit': 11.38}, {'period': '2024', 'revenue': 7.72, 'unit': 'M', 'net_profit': 18.12}, {'period': '2023', 'revenue': 7.61, 'unit': 'M', 'net_profit': 5.9}, {'period': '2022', 'revenue': 6.53, 'unit': 'M', 'net_profit': -3.11}]","[{'period': ""Q4 '25"", 'revenue': 9.47, 'unit': 'M', 'net_profit': 8.06}, {'period': ""Q2 '25"", 'revenue': 3.23, 'unit': 'M', 'net_profit': 3.33}, {'period': ""Q4 '24"", 'revenue': 2.59, 'unit': 'M', 'net_profit': 11.55}, {'period': ""Q2 '24"", 'revenue': 5.13, 'unit': 'M', 'net_profit': 6.56}, {'period': ""Q4 '23"", 'revenue': 2.81, 'unit': 'M', 'net_profit': 4.34}, {'period': ""Q2 '23"", 'revenue': 4.81, 'unit': 'M', 'net_profit': 1.56}]",0.61,0.64,132259064,624595,9806,291889,614789,435861,31352,9806,0,0.0,-0.3716086480464999,-0.4019607843137255,"[0.058, 0.071]","['2026-03-17', '1987-08-11']",__nan__,0.002206948931681537
90,PCG,Pacific Gas & Electric Co. Common Stock,"PG&E Corp. operates as a holding company, which engages in generation, transmission, and distribution of electricity and natural gas to customers. It specializes in energy, utility, power, gas, electricity, solar and sustainability. The company was founded in 1995 and is headquartered in Oakland, CA.",Patricia Kessler Poppe,Regulated Electric,17.17,USD,37739109770,https://images.financialmodelingprep.com/symbol/PCG.png,21600918.0,1972-06-01,14.55,-0.2,14712904,9870000000,2703000000,"[{'period': '2025', 'revenue': 24.93, 'unit': 'B', 'net_profit': 2.7}, {'period': '2024', 'revenue': 24.42, 'unit': 'B', 'net_profit': 2.51}, {'period': '2023', 'revenue': 24.43, 'unit': 'B', 'net_profit': 2.26}, {'period': '2022', 'revenue': 21.68, 'unit': 'B', 'net_profit': 1.81}]","[{'period': ""Q4 '25"", 'revenue': 6800.0, 'unit': 'M', 'net_profit': 670.0}, {'period': ""Q3 '25"", 'revenue': 6250.0, 'unit': 'M', 'net_profit': 850.0}, {'period': ""Q2 '25"", 'revenue': 5900.0, 'unit': 'M', 'net_profit': 549.0}, {'period': ""Q1 '25"", 'revenue': 5980.0, 'unit': 'M', 'net_profit': 634.0}, {'period': ""Q4 '24"", 'revenue': 6630.0, 'unit': 'M', 'net_profit': 674.0}, {'period': ""Q3 '24"", 'revenue': 5940.0, 'unit': 'M', 'net_profit': 579.0}]",1.18,1.18,141611000000,15830000000,713000000,108819000000,11749000000,4230000000,16300000000,713000000,-3071000000,-0.006542526421741319,0.07603503184713375,0.017241379310344845,"[0.05, 0.43]","['2026-03-31', '1972-06-19']",__nan__,0.7684360678195903
91,PCGU,Pacific Gas & Electric Co. Equity Unit,"PG&E Corporation, through its subsidiary, Pacific Gas and Electric Company, engages in the sale and delivery of electricity and natural gas to customers in northern and central California, the United States. It generates electricity using nuclear, hydroelectric, fossil fuel-fired, fuel cell, and photovoltaic sources. As of December 31, 2021, the company owns and operates approximately 18,000 circuit miles of interconnected transmission lines; 33 electric transmission substations, approximately 108,000 circuit miles of distribution lines, 67 transmission switching substations, and 753 distribution substations; and natural gas transmission, storage, and distribution system consisting of approximately 43,800 miles of distribution pipelines, approximately 6,200 miles of backbone and local transmission pipelines, and various storage facilities. It serves residential, commercial, industrial, and agricultural customers, as well as natural gas-fired electric generation facilities. The company was incorporated in 1905 and is headquartered in San Francisco, California.",Patricia Kessler Poppe,Regulated Electric,145.0,USD,0,https://images.financialmodelingprep.com/symbol/PCGU.png,187812.0,2020-06-26,1188.5245901639344,-2.0,557182,0,2689000000,"[{'period': '2025', 'revenue': 0.0, 'unit': 'B', 'net_profit': 2.69}, {'period': '2024', 'revenue': 0.0, 'unit': 'B', 'net_profit': 2.5}, {'period': '2023', 'revenue': 24.43, 'unit': 'B', 'net_profit': 2.24}, {'period': '2022', 'revenue': 21.68, 'unit': 'B', 'net_profit': 1.81}]","[{'period': ""Q4 '25"", 'revenue': -18130.0, 'unit': 'M', 'net_profit': 656.0}, {'period': ""Q3 '25"", 'revenue': 6250.0, 'unit': 'M', 'net_profit': 850.0}, {'period': ""Q2 '25"", 'revenue': 5900.0, 'unit': 'M', 'net_profit': 549.0}, {'period': ""Q1 '25"", 'revenue': 5980.0, 'unit': 'M', 'net_profit': 634.0}, {'period': ""Q4 '24"", 'revenue': -17390.0, 'unit': 'M', 'net_profit': 667.0}, {'period': ""Q3 '24"", 'revenue': 5940.0, 'unit': 'M', 'net_profit': 579.0}]",1.18,1.18,46428000000,454000000,360000000,108819000000,0,45110000000,16300000000,360000000,-3071000000,0.0,0.07646116893514812,0.017241379310344845,"[1.375, 0.688]","['2023-08-14', '2020-08-13']",__nan__,2.343822693202378
92,PCI,PIMCO Dynamic Credit and Mortgage Income Fund Common Shares of Beneficial Interest,Seeks to provide total return through a combination of current income and capital appreciation by investing at least 80% of its assets in corporate bonds. The Fund may be appropriate for investors seeking income from yields that corporate bonds offer.,,Asset Management,49.7052,USD,24614065,https://images.financialmodelingprep.com/symbol/PCI.png,148588.0,2025-08-01,,0.0,10,,,[],[],,,,,,,,,,,,,,,"[0.1386, 0.20516]","['2026-03-02', '2025-09-02']",__nan__,__nan__
93,PCK,Pimco California Municipal Income Fund II Common Shares of Beneficial Interest,"PIMCO California Municipal Income Fund II is a closed ended fixed income mutual fund launched and managed by Allianz Global Investors Fund Management LLC. It is co-managed by Pacific Investment Management Company LLC. The fund invests in fixed income markets of United States. It seeks to invest in stocks of companies operating across diversified sectors. The fund primarily invests in municipal fixed-income securities. Its portfolio of investments include investments in California municipal bonds and notes, other municipal bonds and notes, call and put options written, California variable rate notes, other variable rate notes, corporate notes, California variable rate demand note, and U.S. treasury bills. PIMCO California Municipal Income Fund II was formed in June 28, 2002 and is domiciled in United States.",David Hammer,Asset Management - Income,5.27,USD,169973310,https://images.financialmodelingprep.com/symbol/PCK.png,112885.0,2002-06-26,-263.5,0.01,160473,6847000,1244000,"[{'period': '2024', 'revenue': 15.12, 'unit': 'M', 'net_profit': 1.24}, {'period': '2023', 'revenue': 9.76, 'unit': 'M', 'net_profit': 22.61}, {'period': '2022', 'revenue': 16.78, 'unit': 'M', 'net_profit': -67.85}, {'period': '2021', 'revenue': 17.24, 'unit': 'M', 'net_profit': 11.65}]","[{'period': ""Q4 '24"", 'revenue': 7.79, 'unit': 'M', 'net_profit': 1.54}, {'period': ""Q2 '24"", 'revenue': 7330.0, 'unit': 'K', 'net_profit': -301.0}, {'period': ""Q4 '23"", 'revenue': 2.6, 'unit': 'M', 'net_profit': 11.96}, {'period': ""Q2 '23"", 'revenue': 12.85, 'unit': 'M', 'net_profit': 10.65}, {'period': ""Q4 '22"", 'revenue': 8.15, 'unit': 'M', 'net_profit': -4.43}, {'period': ""Q2 '22"", 'revenue': 8.63, 'unit': 'M', 'net_profit': -66.16}]",-0.014,-0.014,968915000,10953000,10953000,147867000,4081000,946208000,909000,10953000,19199000,-0.7209292846953332,-0.9449873966302569,-1.0291666666666668,"[0.0215, 0.08125]","['2025-07-11', '2002-08-28']",__nan__,0.1526109101417565
94,PCM,PCM Fund Inc. Common Stock,"PCM Fund Inc. is a closed ended fixed income mutual fund launched and managed by Allianz Global Investors Fund Management LLC. The fund is co-managed by Pacific Investment Management Company LLC. It seeks to invest in fixed income markets. The fund invests primarily in commercial mortgage-backed securities. It employs fundamental analysis with a focus on top down stock picking approach to create its portfolio. The fund benchmarks the performance of its portfolio against Barclay's CMBS Investment Grade Index. PCM Fund Inc was formed on September 2, 1993 and is domiciled in the United States.",Daniel John Ivascyn,Asset Management,5.55,USD,67633410,https://images.financialmodelingprep.com/symbol/PCM.png,57432.0,1993-08-27,9.91,-0.04,77878,6924000,6924000,"[{'period': '2024', 'revenue': 9.43, 'unit': 'M', 'net_profit': 6.92}, {'period': '2023', 'revenue': 5.49, 'unit': 'M', 'net_profit': 5.47}, {'period': '2022', 'revenue': -60.0, 'unit': 'K', 'net_profit': -70.0}, {'period': '2021', 'revenue': -10.29, 'unit': 'M', 'net_profit': -10.31}]","[{'period': ""Q2 '25"", 'revenue': 5.32, 'unit': 'M', 'net_profit': 4.03}, {'period': ""Q4 '24"", 'revenue': 4.89, 'unit': 'M', 'net_profit': 1.31}, {'period': ""Q2 '24"", 'revenue': 6.78, 'unit': 'M', 'net_profit': 4.3}, {'period': ""Q4 '23"", 'revenue': 5.82, 'unit': 'M', 'net_profit': 2.56}, {'period': ""Q2 '23"", 'revenue': 1.82, 'unit': 'M', 'net_profit': 2.92}, {'period': ""Q4 '22"", 'revenue': 1.96, 'unit': 'M', 'net_profit': 2.54}]",0.57,0.57,111850000,1096000,7634000,38766000,1011000,47000,1336000,85000,26952000,0.0,0.26535087719298245,0.26666666666666655,"[0.06424, 0.25]","['2026-03-12', '1993-12-27']",__nan__,0.34658918194009836
95,PCN,Pimco Corporate & Income Strategy Fund Common Stock,"PIMCO Corporate & Income Strategy Fund is a closed-ended fixed income mutual fund launched and managed by Allianz Global Investors Fund Management LLC. The fund is co-managed by Pacific Investment Management Company LLC. It invests in the fixed income markets of the United States. The fund invests in securities of companies that operate across diversified sectors. It invests in fixed income securities such as treasury bonds, corporate notes, U.S. government agency securities, mortgage backed and asset-backed securities. The fund employs fundamental analysis with a top-down security selection process to create its portfolio. The fund was formerly known as PIMCO Corporate Income Fund. PIMCO Corporate & Income Strategy Fund was formed on October 17, 2001 and is domiciled in the United States.",Lew Wallace Jacobs IV,Asset Management - Income,11.43,USD,817952517,https://images.financialmodelingprep.com/symbol/PCN.png,383762.0,2001-12-19,9.0,-0.16,522013,95148000,95148000,"[{'period': '2025', 'revenue': 98.05, 'unit': 'M', 'net_profit': 95.15}, {'period': '2024', 'revenue': 72.91, 'unit': 'M', 'net_profit': 72.65}, {'period': '2023', 'revenue': 42.27, 'unit': 'M', 'net_profit': 42.05}, {'period': '2022', 'revenue': 120.46, 'unit': 'M', 'net_profit': -87.62}]","[{'period': ""Q2 '26"", 'revenue': 41.91, 'unit': 'M', 'net_profit': 50.93}, {'period': ""Q4 '25"", 'revenue': 20.14, 'unit': 'M', 'net_profit': 17.16}, {'period': ""Q2 '25"", 'revenue': 44.01, 'unit': 'M', 'net_profit': 60.83}, {'period': ""Q4 '24"", 'revenue': 34.46, 'unit': 'M', 'net_profit': 19.74}, {'period': ""Q2 '24"", 'revenue': 32.79, 'unit': 'M', 'net_profit': 52.9}, {'period': ""Q4 '23"", 'revenue': 34.55, 'unit': 'M', 'net_profit': 21.62}]",1.42,1.42,916005000,30812000,75582000,123661000,28442000,3811000,49474000,2370000,11998000,0.0,0.3097486441097927,0.1451612903225806,"[0.1125, 0.10625]","['2026-03-12', '2002-02-13']",__nan__,0.13500035480155675
96,PCOR,Procore Technologies Inc. Common Stock,"Procore Technologies, Inc. provides a cloud-based construction management platform and related software products in the United States and internationally. The company's platform enables owners, general and specialty contractors, architects, and engineers to collaborate on construction projects. It offers Preconstruction that facilitates collaboration between internal and external stakeholders during the planning, budgeting, estimating, bidding, and partner selection phase of a construction project; and Project Management, which enables real-time collaboration, information storage, design, BIM model clash detection, and regulation compliance for teams on the jobsite and in the back office. The company also provides Resource Management that helps contractors to schedule, track, and forecast labor productivity, enhance time management, communication with workforces, and manage profitability on construction projects; and Financial Management, which provides customers with visibility into the financial health of their individual construction projects and portfolios, as well as facilitates untethered access to financial data, linking the field, and the office in real-time. It serves owners, general contractors, and specialty contractors operating in the commercial, residential, industrial, and infrastructure segments of the construction industry. The company primarily sells subscriptions to access its products on computers, smartphones, and tablets through any web browser or from its mobile application available for iOS and Android platforms through its direct sales team. Procore Technologies, Inc. was incorporated in 2002 and is headquartered in Carpinteria, California.",Ajei S. Gopal,Software - Application,54.27,USD,8437349356,https://images.financialmodelingprep.com/symbol/PCOR.png,2449469.0,2021-05-20,-81.0,-3.25,1855054,17748000,-100783000,"[{'period': '2025', 'revenue': 1320.0, 'unit': 'M', 'net_profit': -100.78}, {'period': '2024', 'revenue': 1150.0, 'unit': 'M', 'net_profit': -105.96}, {'period': '2023', 'revenue': 950.01, 'unit': 'M', 'net_profit': -189.69}, {'period': '2022', 'revenue': 720.2, 'unit': 'M', 'net_profit': -286.93}]","[{'period': ""Q4 '25"", 'revenue': 349.11, 'unit': 'M', 'net_profit': -37.6}, {'period': ""Q3 '25"", 'revenue': 338.85, 'unit': 'M', 'net_profit': -9.1}, {'period': ""Q2 '25"", 'revenue': 323.92, 'unit': 'M', 'net_profit': -21.09}, {'period': ""Q1 '25"", 'revenue': 310.63, 'unit': 'M', 'net_profit': -32.99}, {'period': ""Q4 '24"", 'revenue': 302.05, 'unit': 'M', 'net_profit': -62.29}, {'period': ""Q3 '24"", 'revenue': 295.88, 'unit': 'M', 'net_profit': -26.39}]",-0.67,-0.67,2239065000,1166832000,768486000,976803000,343189000,42529000,884557000,480684000,215107000,2.4165535956580735,0.04882215259164181,0.06944444444444435,__nan__,__nan__,__nan__,0.4362548653120834
97,PCPC,Periphas Capital Partnering Corporation Class A Common Stock,"Periphas Capital Partnering Corporation does not have significant operations. It focuses on effecting a merger, share exchange, asset acquisition, share purchase, reorganization, or similar partnering transaction with one or more businesses. The company was incorporated in 2020 and is based in New York, New York.",,Shell Companies,25.09,USD,0,https://images.financialmodelingprep.com/symbol/PCPC.png,98068.0,2021-02-01,71.68571428571428,0.0,59281,8627000,18350000,"[{'period': '2021', 'revenue': 0.0, 'unit': 'M', 'net_profit': 18.35}, {'period': '2020', 'revenue': 0.0, 'unit': 'K', 'net_profit': -75.56}]","[{'period': ""Q3 '22"", 'revenue': 0.0, 'unit': 'M', 'net_profit': 1.81}, {'period': ""Q2 '22"", 'revenue': 0.0, 'unit': 'M', 'net_profit': 1.41}, {'period': ""Q1 '22"", 'revenue': 0.0, 'unit': 'M', 'net_profit': 3.54}, {'period': ""Q4 '21"", 'revenue': 0.0, 'unit': 'M', 'net_profit': 13.25}, {'period': ""Q3 '21"", 'revenue': 0.0, 'unit': 'M', 'net_profit': 2.43}, {'period': ""Q2 '21"", 'revenue': 0.0, 'unit': 'K', 'net_profit': -309.0}]",0.98,0.98,414760643,669067,470895,7139410,0,414091576,290510,470895,-865779,115.16661152650036,243.83729239727387,246.0,__nan__,__nan__,__nan__,0.01721332561440744
98,PCQ,PIMCO California Municipal Income Fund Common Stock,"PIMCO California Municipal Income Fund is a closed ended fixed income mutual fund launched and managed by Allianz Global Investors Fund Management LLC. It is co-managed by Pacific Investment Management Company LLC. The fund invests in fixed income markets of the United States. It seeks to invest in stocks of companies operating across diversified sectors. The fund primarily invests in municipal bonds. PIMCO California Municipal Income Fund was formed on June 29, 2001 and is domiciled in New York.",David Hammer,Asset Management - Income,8.44,USD,473759988,https://images.financialmodelingprep.com/symbol/PCQ.png,168330.0,2001-06-27,281.33,-0.08,212076,42687000,32771000,"[{'period': '2025', 'revenue': 21.93, 'unit': 'M', 'net_profit': 32.77}, {'period': '2024', 'revenue': 1.84, 'unit': 'M', 'net_profit': 1.6}, {'period': '2023', 'revenue': 14.66, 'unit': 'M', 'net_profit': 21.29}, {'period': '2022', 'revenue': -1.1, 'unit': 'M', 'net_profit': -53.87}]","[{'period': ""Q4 '25"", 'revenue': 16.44, 'unit': 'M', 'net_profit': 45.93}, {'period': ""Q2 '25"", 'revenue': 7.3, 'unit': 'M', 'net_profit': -13.16}, {'period': ""Q4 '24"", 'revenue': 7.6, 'unit': 'M', 'net_profit': 1.42}, {'period': ""Q2 '24"", 'revenue': 7250.0, 'unit': 'K', 'net_profit': 183.0}, {'period': ""Q4 '23"", 'revenue': 3.43, 'unit': 'M', 'net_profit': 11.37}, {'period': ""Q2 '23"", 'revenue': 11.24, 'unit': 'M', 'net_profit': 9.92}]",0.58,0.58,982675000,20740000,10187000,425443000,10553000,961935000,0,10187000,-252362000,25.71276595744681,19.507509386733418,38.179487179487175,"[0.036, 0.075]","['2026-03-12', '2001-08-22']",__nan__,0.4329437504770143
99,PD,PagerDuty Inc. Common Stock,"PagerDuty, Inc. operates a digital operations management platform in the United States, Japan, and internationally. Its digital operations management platform collects data digital signals from virtually any software-enabled system or device, and leverage powerful machine learning to correlate, process, and predict opportunities and issues. It serves various industries, including software and technology, telecommunications, retail, travel and hospitality, media and entertainment, and financial services. PagerDuty, Inc. was founded in 2009 and is headquartered in San Francisco, California.",Jennifer G. Tejada,Software - Application,6.01,USD,551578622,https://images.financialmodelingprep.com/symbol/PD.png,3218932.0,2019-04-11,3.21,-0.3,2512067,18962000,173854000,"[{'period': '2026', 'revenue': 492.55, 'unit': 'M', 'net_profit': 173.85}, {'period': '2025', 'revenue': 467.5, 'unit': 'M', 'net_profit': -42.73}, {'period': '2024', 'revenue': 430.7, 'unit': 'M', 'net_profit': -81.76}, {'period': '2023', 'revenue': 370.79, 'unit': 'M', 'net_profit': -129.22}]","[{'period': ""Q4 '26"", 'revenue': 124.78, 'unit': 'M', 'net_profit': 11.02}, {'period': ""Q3 '26"", 'revenue': 124.55, 'unit': 'M', 'net_profit': 159.56}, {'period': ""Q2 '26"", 'revenue': 123.41, 'unit': 'M', 'net_profit': 9.78}, {'period': ""Q1 '26"", 'revenue': 119.81, 'unit': 'M', 'net_profit': -6.5}, {'period': ""Q4 '25"", 'revenue': 121.45, 'unit': 'M', 'net_profit': -10.6}, {'period': ""Q3 '25"", 'revenue': 118.95, 'unit': 'M', 'net_profit': -5.92}]",1.91,1.87,990515000,612239000,469838000,719850000,108430000,1079000,303893000,237402000,111916000,2.5945173225697946,5.068187668187668,4.237288135593221,__nan__,__nan__,__nan__,0.7267431588618042
100,PDAC,Peridot Acquisition Corp. Class A Ordinary Shares,"Peridot Acquisition Corp. focuses on effecting a merger, share exchange, asset acquisition, share purchase, reorganization or similar business combination with one or more businesses or entities. The company was founded in 2020 and is based in Houston, Texas.",Alan B. Levande,Shell Companies,11.23,USD,0,https://images.financialmodelingprep.com/symbol/PDAC.png,447411.0,2020-11-16,0.0,0.299999,582672,-386565,-386565,"[{'period': '2020', 'revenue': 0.0, 'unit': 'K', 'net_profit': -386.56}]","[{'period': ""Q2 '21"", 'revenue': 0.0, 'unit': 'M', 'net_profit': -25.49}, {'period': ""Q4 '20"", 'revenue': 0.0, 'unit': 'K', 'net_profit': -386.56}]",-0.0103,-0.0103,301427,1353.356,301045,10855,0,0,355.888,971.607,,0.0,0.0,0.0,__nan__,__nan__,__nan__,0.03601203608170469
101,PDI,PIMCO Dynamic Income Fund Common Stock,"PIMCO Dynamic Income Fund is a close ended fixed income mutual fund launched and managed by Allianz Global Investors Fund Management LLC. It is co-managed by Pacific Investment Management Company LLC. The fund invests in fixed income markets across the globe. It invests in multiple fixed-income sectors, including non-agency residential and commercial mortgage-backed securities and below investment-grade securities. The fund primarily invests in mortgage-backed securities, investment-grade and high-yield corporate bonds, developed and emerging markets corporate bonds, and sovereign bonds. PIMCO Dynamic Income Fund was formed on May 30, 2012 and is domiciled in the United States.",,Asset Management - Income,16.52,USD,7222791800,https://images.financialmodelingprep.com/symbol/PDI.png,3099613.0,2012-05-25,8.02,-0.36,4004363,806112000,806112000,"[{'period': '2024', 'revenue': 975.62, 'unit': 'M', 'net_profit': 806.11}, {'period': '2023', 'revenue': 564.12, 'unit': 'M', 'net_profit': 563.47}, {'period': '2022', 'revenue': 164.91, 'unit': 'M', 'net_profit': 164.41}, {'period': '2021', 'revenue': -706.09, 'unit': 'M', 'net_profit': -706.62}]","[{'period': ""Q2 '25"", 'revenue': 615.21, 'unit': 'M', 'net_profit': 457.73}, {'period': ""Q4 '24"", 'revenue': 359.62, 'unit': 'M', 'net_profit': 347.6}, {'period': ""Q2 '24"", 'revenue': 660.16, 'unit': 'M', 'net_profit': 458.51}, {'period': ""Q4 '23"", 'revenue': 390.86, 'unit': 'M', 'net_profit': 236.67}, {'period': ""Q2 '23"", 'revenue': 100.87, 'unit': 'M', 'net_profit': 284.18}, {'period': ""Q4 '22"", 'revenue': 123.39, 'unit': 'M', 'net_profit': 265.13}]",2.35,2.35,10486046000,685178000,56539000,3843403000,500932000,20880000,257033000,56539000,-625672000,0.05699506323387683,0.4306209736099526,0.19897959183673475,"[0.2205, 0.177]","['2026-03-12', '2012-07-10']",__nan__,0.36652547585619977
102,PDM,Piedmont Office Realty Trust Inc. Class A Common Stock,"Piedmont Office Realty Trust, Inc. (NYSE: PDM) is an owner, manager, developer, redeveloper, and operator of high-quality, Class A office properties located primarily in select sub-markets within seven major Eastern U.S. office markets, with the majority of its revenue being generated from the Sunbelt. Its geographically-diversified, approximately $5 billion portfolio is currently comprised of approximately 17 million square feet. The Company is a fully-integrated, self-managed real estate investment trust (REIT) with local management offices in each of its markets and is investment-grade rated by S&P Global Ratings (BBB) and Moody's (Baa2). At the end of the third quarter, approximately 63% of the company's portfolio was ENERGY STAR certified and approximately 41% was LEED certified.",Christopher Brent Smith,REIT - Office,6.39,USD,797791500,https://images.financialmodelingprep.com/symbol/PDM.png,844744.0,2010-02-10,-9.54,-0.11,1019677,271492000,-83601000,"[{'period': '2025', 'revenue': 564.99, 'unit': 'M', 'net_profit': -83.6}, {'period': '2024', 'revenue': 570.32, 'unit': 'M', 'net_profit': -79.07}, {'period': '2023', 'revenue': 577.76, 'unit': 'M', 'net_profit': -48.39}, {'period': '2022', 'revenue': 563.77, 'unit': 'M', 'net_profit': 146.83}]","[{'period': ""Q4 '25"", 'revenue': 142.85, 'unit': 'M', 'net_profit': -43.24}, {'period': ""Q3 '25"", 'revenue': 139.16, 'unit': 'M', 'net_profit': -13.46}, {'period': ""Q2 '25"", 'revenue': 140.29, 'unit': 'M', 'net_profit': -16.81}, {'period': ""Q1 '25"", 'revenue': 142.69, 'unit': 'M', 'net_profit': -10.1}, {'period': ""Q4 '24"", 'revenue': 143.23, 'unit': 'M', 'net_profit': -29.98}, {'period': ""Q3 '24"", 'revenue': 139.29, 'unit': 'M', 'net_profit': -11.52}]",-0.67,-0.67,4031354000,224231000,731000,2534651000,220440000,3421709000,112124000,731000,-16675999,0.07681507188894397,-0.057317026900555214,-0.04687500000000004,"[0.125, 0.315]","['2025-02-21', '2010-03-11']",__nan__,0.6287344152857824
103,PDO,PIMCO Dynamic Income Opportunities Fund Common Shares of Beneficial Interest,"PIMCO Dynamic Income Opportunities Fund is a closed-end management investment company, which engages in utilizing a dynamic asset allocation strategy among multiple fixed income sectors in the global credit markets. The company was founded on December 23, 2019, and is headquartered in New York, NY.",,Asset Management,12.44,USD,1772520416,https://images.financialmodelingprep.com/symbol/PDO.png,757567.0,2021-02-01,6.91,-0.205,1031263,30634000,30634000,"[{'period': '2023', 'revenue': 30.67, 'unit': 'M', 'net_profit': 30.63}, {'period': '2022', 'revenue': -13.87, 'unit': 'M', 'net_profit': -14.07}, {'period': '2021', 'revenue': -361.27, 'unit': 'M', 'net_profit': -361.47}, {'period': '2020', 'revenue': 105.72, 'unit': 'M', 'net_profit': 105.64}]",[],0.28,0.28,2634870000,58355000,252000,1169200000,58103000,12295000,100028000,252000,281943000,3.1772565742714995,3.1772565742714995,3.153846153846154,"[0.1279, 0.118]","['2026-03-12', '2021-03-25']",__nan__,0.44374105743357356
104,PDOT,Peridot Acquisition Corp. II Class A Ordinary Shares,"Peridot Acquisition Corp. II does not have significant operations. It focuses on effecting a merger, share exchange, asset acquisition, share purchase, reorganization, or similar business combination with one or more businesses or entities. The company was incorporated in 2021 and is headquartered in Houston, Texas.",Preston Powell,Shell Companies,10.18,USD,519758234,https://images.financialmodelingprep.com/symbol/PDOT.png,149635.0,,37.7037037037037,-0.01,102601,-3524000,414623,"[{'period': '2021', 'revenue': 0.0, 'unit': 'K', 'net_profit': 414.62}]","[{'period': ""Q3 '22"", 'revenue': 0.0, 'unit': 'M', 'net_profit': 6.49}, {'period': ""Q2 '22"", 'revenue': 0.0, 'unit': 'M', 'net_profit': 9.41}, {'period': ""Q1 '22"", 'revenue': 0.0, 'unit': 'M', 'net_profit': 16.85}, {'period': ""Q4 '21"", 'revenue': 0.0, 'unit': 'M', 'net_profit': -1.97}, {'period': ""Q3 '21"", 'revenue': 0.0, 'unit': 'M', 'net_profit': 5.23}, {'period': ""Q2 '21"", 'revenue': 0.0, 'unit': 'M', 'net_profit': -6.84}]",0.01,0.01,409271892,714472,215489,30767016,0,0,883637,215489,-1216433,0.0,0.0,0.0,__nan__,__nan__,__nan__,0.0751750037112248
105,PDS,Precision Drilling Corporation Common Stock,"Precision Drilling Corporation, a drilling company, provides onshore drilling, completion, and production services to exploration and production companies in the oil and natural gas and geothermal industries in North America and the Middle East. The company operates in two segments, Contract Drilling Services; and Completion and Production Services. The Contract Drilling Services segment offers onshore well drilling services to exploration and production companies in the oil and natural gas industry. This segment's services include land and turnkey drilling; and procurement and distribution of oilfield supplies, as well as manufacture and refurbishment of drilling and service rig equipment. As of December 31, 2021, it operated 227 land drilling rigs, including 109 in Canada; 105 in the United States; 6 in Kuwait; 4 in Saudi Arabia; 2 in the Kurdistan region of Iraq; and 1 in the country of Georgia. As of December 31, 2021, this segment also operated 47 AlphaTM rigs with commercial AlphaAutomation; 18 AlphaApps; 4 grid power capable rigs; and 60 natural gas or bi-fuel rigs. The Completion and Production Services segment provides service rigs for well completion, workover, abandonment, maintenance, and re-entry preparation services; wellsite accommodations; oilfield surface equipment rentals; and camp and catering services to oil and natural gas exploration and production companies. As of December 31, 2021, it operated 123 well completion and workover service rigs, including 113 in Canada and 10 in the United States; 1,900 oilfield rental items, including surface storage, small-flow wastewater treatment, power generation, and solids control equipment; 109 wellsite accommodation units; 943 drill camp beds; 822 base camp beds; and three kitchen diners in Canada. Precision Drilling Corporation was incorporated in 1951 and is headquartered in Calgary, Canada.",Carey Thomas Ford,Oil & Gas Drilling,100.81,USD,1320637412,https://images.financialmodelingprep.com/symbol/PDS.png,126447.0,1996-11-15,1008.1,-0.88,94573,489215994,1840498,"[{'period': '2025', 'revenue': 1840.0, 'unit': 'M', 'net_profit': 1.84}, {'period': '2024', 'revenue': 1900.0, 'unit': 'M', 'net_profit': 111.19}, {'period': '2023', 'revenue': 1940.0, 'unit': 'M', 'net_profit': 289.24}, {'period': '2022', 'revenue': 1620.0, 'unit': 'M', 'net_profit': -34.29}]","[{'period': ""Q4 '25"", 'revenue': 478.12, 'unit': 'M', 'net_profit': -42.14}, {'period': ""Q3 '25"", 'revenue': 462.25, 'unit': 'M', 'net_profit': -6.76}, {'period': ""Q2 '25"", 'revenue': 406.62, 'unit': 'M', 'net_profit': 16.27}, {'period': ""Q1 '25"", 'revenue': 496.33, 'unit': 'M', 'net_profit': 34.51}, {'period': ""Q4 '24"", 'revenue': 468.17, 'unit': 'M', 'net_profit': 14.79}, {'period': ""Q3 '24"", 'revenue': 477.15, 'unit': 'M', 'net_profit': 39.18}]",0.14,0.14,2724467927,486518196,85711093,1136879761,351855026,4470352,299855438,85711093,148584814,-0.08065781180410309,-0.9834480147488646,-0.9820742637644047,"[0.0538, 19.52]","['2015-11-04', '2005-11-07']",__nan__,0.4172850594911775
106,PDT,John Hancock Premium Dividend Fund,"John Hancock Premium Dividend Fund is a closed ended equity mutual fund launched and managed by John Hancock Investment Management LLC. It is co-managed by John Hancock Asset Management. The fund invests in the public equity markets of the United States. It seeks to invest in stocks of companies operating across diversified sectors, with an emphasis on the utilities sector. The fund primarily invests in dividend paying preferred stocks and common stocks of companies. It benchmarks the performance of its portfolio against a composite benchmark comprised of 70% Bank of America Merrill Lynch Preferred Stock DRD Eligible Index and 30% S&P 500 Utilities Index. The fund was formerly known as John Hancock Patriot Premium Dividend Fund II. John Hancock Premium Dividend Fund was formed on December 21, 1989 and is domiciled in the United States.",Joseph H. Bozoyan,Asset Management,12.77,USD,628095323,https://images.financialmodelingprep.com/symbol/PDT.png,132213.0,1989-12-15,9.19,-0.08,210480,68469415,68469415,"[{'period': '2025', 'revenue': 89.58, 'unit': 'M', 'net_profit': 68.47}, {'period': '2024', 'revenue': 57.28, 'unit': 'M', 'net_profit': 196.58}, {'period': '2023', 'revenue': 53.38, 'unit': 'M', 'net_profit': -44.67}, {'period': '2022', 'revenue': -45.84, 'unit': 'M', 'net_profit': -54.58}]","[{'period': ""Q4 '25"", 'revenue': 60.41, 'unit': 'M', 'net_profit': 55.9}, {'period': ""Q2 '25"", 'revenue': 29.17, 'unit': 'M', 'net_profit': 12.57}, {'period': ""Q4 '24"", 'revenue': 27.77, 'unit': 'M', 'net_profit': 93.92}, {'period': ""Q2 '24"", 'revenue': 29.5, 'unit': 'M', 'net_profit': 102.66}, {'period': ""Q4 '23"", 'revenue': 26.09, 'unit': 'M', 'net_profit': -51.58}, {'period': ""Q2 '23"", 'revenue': 27.29, 'unit': 'M', 'net_profit': 6.91}]",0.0,0.0,1064020594,6152740,0,375763852,6152740,0,1540580,0,48693374,-0.6516917140209995,-0.6516917140209995,-1.0,"[0.0825, 0.11]","['2026-03-12', '1990-02-27']",__nan__,0.3531546796358342
107,PEAK,Healthpeak Properties Inc. Common Stock,"Healthpeak Properties, Inc. is a fully integrated real estate investment trust (REIT) and S&P 500 company. Healthpeak owns and develops high-quality real estate in the three private-pay healthcare asset classes of Life Science, Medical Office and Senior Housing, designed to provide stability through the inevitable industry cycles. At Healthpeak, we pair our deep understanding of the healthcare real estate market with a strong vision for long-term growth.",Scott M. Brinker,REIT - Healthcare Facilities,17.1,USD,9356658163,https://images.financialmodelingprep.com/symbol/PEAK.png,7594125.0,1985-05-23,31.09090909090909,0.35,9979122,1648337000,293577000,"[{'period': '2025', 'revenue': 2820.0, 'unit': 'M', 'net_profit': 293.58}, {'period': '2024', 'revenue': 2700.0, 'unit': 'M', 'net_profit': 243.14}, {'period': '2023', 'revenue': 2180.0, 'unit': 'M', 'net_profit': 306.01}, {'period': '2022', 'revenue': 2060.0, 'unit': 'M', 'net_profit': 500.45}]","[{'period': ""Q4 '25"", 'revenue': 719.4, 'unit': 'M', 'net_profit': 336.2}, {'period': ""Q3 '25"", 'revenue': 705.87, 'unit': 'M', 'net_profit': -117.12}, {'period': ""Q2 '25"", 'revenue': 694.35, 'unit': 'M', 'net_profit': 31.67}, {'period': ""Q1 '25"", 'revenue': 702.89, 'unit': 'M', 'net_profit': 42.83}, {'period': ""Q4 '24"", 'revenue': 1050.0, 'unit': 'M', 'net_profit': 4.55}, {'period': ""Q3 '24"", 'revenue': 700.4, 'unit': 'M', 'net_profit': 85.87}]",0.1,0.1,20336018000,1073477000,467457000,12033567000,606020000,0,985307000,467457000,1251959000,0.0456158134820071,0.2074302259584934,-0.7222222222222223,"[0.3, 0.18]","['2024-02-13', '1985-07-29']",__nan__,0.5917366418538772
108,PEB,Pebblebrook Hotel Trust Common Shares of Beneficial Interest,"Pebblebrook Hotel Trust (NYSE: PEB) is a publicly traded real estate investment trust (REIT) and the largest owner of urban and resort lifestyle hotels in the United States. The Company owns 53 hotels, totaling approximately 13,200 guestrooms across 14 urban and resort markets, with a focus on the west coast gateway cities.",Jon E. Bortz,REIT - Hotel & Motel,12.26,USD,1394799922,https://images.financialmodelingprep.com/symbol/PEB.png,2191971.0,2009-12-09,-13.62,-0.44,1324418,275053000,-65811000,"[{'period': '2025', 'revenue': 1480.0, 'unit': 'M', 'net_profit': -65.81}, {'period': '2024', 'revenue': 1450.0, 'unit': 'M', 'net_profit': -4.24}, {'period': '2023', 'revenue': 1420.0, 'unit': 'M', 'net_profit': -78.02}, {'period': '2022', 'revenue': 1390.0, 'unit': 'M', 'net_profit': -87.17}]","[{'period': ""Q4 '25"", 'revenue': 349.02, 'unit': 'M', 'net_profit': -17.85}, {'period': ""Q3 '25"", 'revenue': 398.72, 'unit': 'M', 'net_profit': -33.07}, {'period': ""Q2 '25"", 'revenue': 407.54, 'unit': 'M', 'net_profit': 18.06}, {'period': ""Q1 '25"", 'revenue': 320.27, 'unit': 'M', 'net_profit': -32.95}, {'period': ""Q4 '24"", 'revenue': 337.6, 'unit': 'M', 'net_profit': -50.48}, {'period': ""Q3 '24"", 'revenue': 404.53, 'unit': 'M', 'net_profit': 43.66}]",-0.9,-0.9,5348174000,230387000,184185000,2785436000,34184000,0,328276000,184185000,152333000,-0.10230451143770052,-14.514144271570014,-1.3076923076923077,"[0.01, 0.12]","['2026-03-31', '2010-12-29']",__nan__,0.5208200032384885
109,PEG,Public Service Enterprise Group Incorporated Common Stock,"Public Service Enterprise Group Incorporated, through its subsidiaries, operates as an energy company primarily in the Northeastern and Mid-Atlantic United States. It operates through two segments, PSE&G and PSEG Power. The PSE&G segment transmits electricity; distributes electricity and gas to residential, commercial, and industrial customers, as well as invests in solar generation projects, and energy efficiency and related programs; and offers appliance services and repairs. As of December 31, 2021, it had electric transmission and distribution system of 25,000 circuit miles and 862,000 poles; 56 switching stations with an installed capacity of 39,353 megavolt-amperes (MVA), and 235 substations with an installed capacity of 9,285 MVA; four electric distribution headquarters and five electric sub-headquarters; and 18,000 miles of gas mains, 12 gas distribution headquarters, two sub-headquarters, and one meter shop, as well as 58 natural gas metering and regulating stations. Public Service Enterprise Group Incorporated was incorporated in 1985 and is based in Newark, New Jersey.",Ralph A. LaRossa,Regulated Electric,80.71,USD,40286715869,https://images.financialmodelingprep.com/symbol/PEG.png,2891708.0,1980-01-02,19.13,0.21,1591337,4636000000,2111000000,"[{'period': '2025', 'revenue': 12.17, 'unit': 'B', 'net_profit': 2.11}, {'period': '2024', 'revenue': 10.29, 'unit': 'B', 'net_profit': 1.77}, {'period': '2023', 'revenue': 11.24, 'unit': 'B', 'net_profit': 2.56}, {'period': '2022', 'revenue': 9.8, 'unit': 'B', 'net_profit': 1.03}]","[{'period': ""Q4 '25"", 'revenue': 2920.0, 'unit': 'M', 'net_profit': 315.0}, {'period': ""Q3 '25"", 'revenue': 3230.0, 'unit': 'M', 'net_profit': 622.0}, {'period': ""Q2 '25"", 'revenue': 2810.0, 'unit': 'M', 'net_profit': 585.0}, {'period': ""Q1 '25"", 'revenue': 3220.0, 'unit': 'M', 'net_profit': 589.0}, {'period': ""Q4 '24"", 'revenue': 2460.0, 'unit': 'M', 'net_profit': 286.0}, {'period': ""Q3 '24"", 'revenue': 2640.0, 'unit': 'M', 'net_profit': 520.0}]",4.23,4.21,57576000000,4596000000,135000000,40594000000,2675000000,3996000000,5740000000,135000000,325000000,0.1478088635800941,0.19130925507900678,0.18820224719101133,"[0.67, 0.55]","['2026-03-10', '1980-02-25']",__nan__,0.7050507155759345
110,PEI,Pennsylvania Real Estate Investment Trust Common Stock,"PREIT (NYSE:PEI) is a publicly traded real estate investment trust that owns and manages quality properties in compelling markets. PREIT's robust portfolio of carefully curated retail and lifestyle offerings mixed with destination dining and entertainment experiences are located primarily in the densely-populated eastern U.S. with concentrations in the mid-Atlantic's top MSAs. Since 2012, the Company has driven a transformation guided by an emphasis on portfolio quality and balance sheet strength driven by disciplined capital expenditures.",Joseph Coradino,REIT - Retail,2.39,USD,0,https://images.financialmodelingprep.com/symbol/PEI.png,50573.0,1980-03-17,-0.08409570724841661,0.0,24581,,,[],[],,,,,,,,,,,,,,,"[0.02, 0.5339]","['2020-05-29', '1985-01-25']",__nan__,__nan__
111,PEN,Penumbra Inc. Common Stock,"Penumbra, Inc. designs, develops, manufactures, and markets medical devices in the United States and internationally. The company offers aspiration based thrombectomy systems and accessory devices, including revascularization device for mechanical thrombectomy, such as Penumbra System under the Penumbra RED, JET, ACE, 3D Revascularization Device, and Penumbra ENGINE brands, as well as components and accessories; neurovascular embolization coiling systems to treat patients with various sizes of aneurysms and other neurovascular lesions under the Penumbra Coil 400, POD400, PAC400, and Penumbra SMART Coil brand names; and neurovascular access systems designed to provide intracranial access for use in a range of neurovascular therapies under the Neuron, Neuron MAX, Select, BENCHMARK, BMX96, DDC, and PX SLIM brands. It also provides neurosurgical aspiration tools for the removal of tissue and fluids under the Artemis Neuro Evacuation Device brand; aspiration-based thrombectomy systems for vascular applications under the Indigo System brand; and detachable embolic coil systems for peripheral embolization under the Ruby Coil and Ruby LP brand names. In addition, the company offers microcatheter for the delivery of detachable coils and occlusion devices under the LANTERN brand; and detachable, microcatheter-deliverable occlusion devices designed primarily to occlude peripheral vessels under the POD (Penumbra Occlusion Device) brand, as well as immersive computer-based technologies and immersive therapeutics to promote health, motor function, and cognition under the Real Immersive System brand; and a complementary device for use with Ruby Coil and POD for vessel occlusion under the Packing Coil and Packing Coil LP brands. The company sells its products through direct sales organizations and distributors. Penumbra, Inc. was incorporated in 2004 and is headquartered in Alameda, California.",Adam Elsesser,Medical - Devices,335.1,USD,13150347060,https://images.financialmodelingprep.com/symbol/PEN.png,1009074.0,2015-09-18,74.14,-1.32,432334,222596000,177687000,"[{'period': '2025', 'revenue': 1400.0, 'unit': 'M', 'net_profit': 177.69}, {'period': '2024', 'revenue': 1190.0, 'unit': 'M', 'net_profit': 14.01}, {'period': '2023', 'revenue': 1060.0, 'unit': 'M', 'net_profit': 90.95}, {'period': '2022', 'revenue': 847.13, 'unit': 'M', 'net_profit': -2.0}]","[{'period': ""Q4 '25"", 'revenue': 385.38, 'unit': 'M', 'net_profit': 47.34}, {'period': ""Q3 '25"", 'revenue': 354.69, 'unit': 'M', 'net_profit': 45.85}, {'period': ""Q2 '25"", 'revenue': 339.45, 'unit': 'M', 'net_profit': 45.27}, {'period': ""Q1 '25"", 'revenue': 324.14, 'unit': 'M', 'net_profit': 39.22}, {'period': ""Q4 '24"", 'revenue': 315.52, 'unit': 'M', 'net_profit': 33.68}, {'period': ""Q3 '24"", 'revenue': 301.04, 'unit': 'M', 'net_profit': 29.53}]",4.57,4.52,1826519000,1216684000,186897000,398916000,190021000,0,183133000,186897000,174934000,3.840200917610733,11.68105909220668,11.694444444444445,__nan__,__nan__,__nan__,0.2184023270494312
112,PEO,Adams Natural Resources Fund Inc. Common Stock,"Adams Natural Resources Fund, Inc. is a publicly owned investment manager. The firm invests in the public equity markets across the globe. It invests in stocks of companies of all market capitalizations operating in the energy and natural resources sector including oil companies, exploration and production, utilities, services, and basic materials sectors. The firm employs a fundamental analysis with a bottom-up stock picking approach while focusing on earnings growth prospects, defendable market position, market competition, macroeconomic backdrop, cash flow generation, valuation, capital allocation, return on capital, mileposts and catalysts, and ""point in cycle"" identification to make its investments. It benchmarks the performance of its portfolios against a composite index of 80% Dow Jones Oil and Gas Index and 20% Dow Jones Basic Materials Index. The firm was formerly known as Petroleum & Resources Corporation. Adams Natural Resources Fund, Inc. was founded in January 1929 and is based in Baltimore, Maryland with an additional office in Boston, Massachusetts.",James Phillip Haynie,Asset Management,28.12,USD,773172813,https://images.financialmodelingprep.com/symbol/PEO.png,104669.0,1980-03-17,13.85,0.3,92350,54761568,54761568,"[{'period': '2025', 'revenue': 62.15, 'unit': 'M', 'net_profit': 54.76}, {'period': '2024', 'revenue': 34.82, 'unit': 'M', 'net_profit': 30.85}, {'period': '2023', 'revenue': 21.21, 'unit': 'M', 'net_profit': 9.69}, {'period': '2022', 'revenue': 208.61, 'unit': 'M', 'net_profit': 205.49}]","[{'period': ""Q4 '25"", 'revenue': 37.69, 'unit': 'M', 'net_profit': 41.64}, {'period': ""Q2 '25"", 'revenue': 4.92, 'unit': 'M', 'net_profit': 6.56}, {'period': ""Q4 '24"", 'revenue': 10.07, 'unit': 'M', 'net_profit': -32.2}, {'period': ""Q2 '24"", 'revenue': 10.26, 'unit': 'M', 'net_profit': 63.05}, {'period': ""Q4 '23"", 'revenue': 25.01, 'unit': 'M', 'net_profit': 31.69}, {'period': ""Q2 '23"", 'revenue': 10.81, 'unit': 'M', 'net_profit': -22.0}]",2.03,2.03,674001234,12367830,4825256,11582615,7542574,659726230,0,149593,0,0.7749485438481092,0.7749485438481092,0.735042735042735,"[0.49, 1.14]","['2026-01-26', '1987-01-22']",__nan__,0.017184857260958666
113,PFD,Flaherty & Crumrine Preferred and Income Fund Incorporated,"Flaherty & Crumrine Preferred Income Fund Inc. is a closed ended equity mutual fund launched and managed by Flaherty & Crumrine Incorporated. The fund invests in the public equity markets of the United States. It invests in the stocks of companies operating in the financials sector. The fund primarily invests in preferred securities. It benchmarks the performance of its portfolio against the Barclays Capital U.S. Aggregate Index and S&P 500 Index. Flaherty & Crumrine Preferred Income Fund Inc was formed on September 28, 1990 and is domiciled in the United States.",Donald Frasier Crumrine,Asset Management - Income,10.98,USD,141121065,https://images.financialmodelingprep.com/symbol/PFD.png,24698.0,1991-01-25,11.44,-0.16,47180,17338986,12495916,"[{'period': '2025', 'revenue': 16.78, 'unit': 'M', 'net_profit': 12.5}, {'period': '2024', 'revenue': 16.53, 'unit': 'M', 'net_profit': 28.15}, {'period': '2023', 'revenue': 15.86, 'unit': 'M', 'net_profit': 1.93}, {'period': '2022', 'revenue': 15.85, 'unit': 'M', 'net_profit': -28.9}]","[{'period': ""Q4 '25"", 'revenue': 8.42, 'unit': 'M', 'net_profit': 11.49}, {'period': ""Q2 '25"", 'revenue': 8.36, 'unit': 'M', 'net_profit': 1.01}, {'period': ""Q4 '24"", 'revenue': 8.43, 'unit': 'M', 'net_profit': 13.28}, {'period': ""Q2 '24"", 'revenue': 7.84, 'unit': 'M', 'net_profit': 14.87}, {'period': ""Q4 '23"", 'revenue': 7.98, 'unit': 'M', 'net_profit': 8.6}, {'period': ""Q2 '23"", 'revenue': 7.89, 'unit': 'M', 'net_profit': -6.67}]",0.97,0.97,254356664,2346568,1423646,91735486,2286234,0,396171,1423646,9287860,-0.3839740756583762,-0.5560404625509654,-0.5570776255707762,"[0.0672, 0.1225]","['2026-04-23', '1991-04-10']",__nan__,0.3606569002650546
114,PFE,Pfizer Inc. Common Stock,"Pfizer Inc. discovers, develops, manufactures, markets, distributes, and sells biopharmaceutical products worldwide. It offers medicines and vaccines in various therapeutic areas, including cardiovascular metabolic and women's health under the Premarin family and Eliquis brands; biologics, small molecules, immunotherapies, and biosimilars under the Ibrance, Xtandi, Sutent, Inlyta, Retacrit, Lorbrena, and Braftovi brands; and sterile injectable and anti-infective medicines, and oral COVID-19 treatment under the Sulperazon, Medrol, Zavicefta, Zithromax, Vfend, Panzyga, and Paxlovid brands. The company also provides medicines and vaccines in various therapeutic areas, such as pneumococcal disease, meningococcal disease, tick-borne encephalitis, and COVID-19 under the Comirnaty/BNT162b2, Nimenrix, FSME/IMMUN-TicoVac, Trumenba, and the Prevnar family brands; biosimilars for chronic immune and inflammatory diseases under the Xeljanz, Enbrel, Inflectra, Eucrisa/Staquis, and Cibinqo brands; and amyloidosis, hemophilia, and endocrine diseases under the Vyndaqel/Vyndamax, BeneFIX, and Genotropin brands. In addition, the company is involved in the contract manufacturing business. It serves wholesalers, retailers, hospitals, clinics, government agencies, pharmacies, and individual provider offices, as well as disease control and prevention centers. The company has collaboration agreements with Bristol-Myers Squibb Company; Astellas Pharma US, Inc.; Myovant Sciences Ltd.; Akcea Therapeutics, Inc; Merck KGaA; Valneva SE; BioNTech SE; and Arvinas, Inc. Pfizer Inc. was founded in 1849 and is headquartered in New York, New York.",Albert Bourla,Drug Manufacturers - General,27.033,USD,153716936910,https://images.financialmodelingprep.com/symbol/PFE.png,45343106.0,1972-06-01,19.59,-0.537,28985239,15096000000,7770000000,"[{'period': '2025', 'revenue': 62.58, 'unit': 'B', 'net_profit': 7.77}, {'period': '2024', 'revenue': 63.63, 'unit': 'B', 'net_profit': 8.02}, {'period': '2023', 'revenue': 59.55, 'unit': 'B', 'net_profit': 2.13}, {'period': '2022', 'revenue': 100.33, 'unit': 'B', 'net_profit': 31.36}]","[{'period': ""Q4 '25"", 'revenue': 17.56, 'unit': 'B', 'net_profit': -1.65}, {'period': ""Q3 '25"", 'revenue': 16.65, 'unit': 'B', 'net_profit': 3.54}, {'period': ""Q2 '25"", 'revenue': 14.65, 'unit': 'B', 'net_profit': 2.91}, {'period': ""Q1 '25"", 'revenue': 13.71, 'unit': 'B', 'net_profit': 2.97}, {'period': ""Q4 '24"", 'revenue': 17760.0, 'unit': 'M', 'net_profit': 403.0}, {'period': ""Q3 '24"", 'revenue': 17.7, 'unit': 'B', 'net_profit': 4.47}]",1.36,1.36,208160000000,42898000000,13596000000,121385000000,11874000000,1737000000,36984000000,1142000000,9076000000,-0.16720913554366415,-0.03117206982543641,-0.042253521126760445,"[0.43, 0.16]","['2026-01-23', '1972-08-29']",__nan__,0.5831331667947732
115,PFGC,Performance Food Group Company Common Stock,"Performance Food Group Company, through its subsidiaries, markets and distributes food and food-related products in the United States. It operates through three segments: Foodservice, Vistar, and Convenience. The company offers a range of frozen foods, groceries, candy, snacks, beverages, cigarettes, and other tobacco products; beef, pork, poultry, and seafood; and health and beauty care products. It also sells disposables, cleaning and kitchen supplies, and related products. In addition, the company offers value-added services, such as product selection and procurement, menu development, and operational strategy. It serves independent and chain restaurants, schools, business and industry locations, hospitals, vending distributors, office coffee service distributors, retailers, convenience stores, theaters, hospitality providers, concessionaires, airport gift shops, college bookstores, corrections facilities, and impulse locations, as well as franchises and other institutional customers. Performance Food Group Company was founded in 1885 and is headquartered in Richmond, Virginia.",Scott E. McPherson,Food Distribution,83.01,USD,13040785583,https://images.financialmodelingprep.com/symbol/PFGC.png,2340491.0,2015-09-30,37.56,-2.08,752581,1535100000,340200000,"[{'period': '2025', 'revenue': 63300.0, 'unit': 'M', 'net_profit': 340.2}, {'period': '2024', 'revenue': 58280.0, 'unit': 'M', 'net_profit': 435.9}, {'period': '2023', 'revenue': 57250.0, 'unit': 'M', 'net_profit': 397.2}, {'period': '2022', 'revenue': 50890.0, 'unit': 'M', 'net_profit': 112.5}]","[{'period': ""Q2 '26"", 'revenue': 16440.0, 'unit': 'M', 'net_profit': 61.7}, {'period': ""Q1 '26"", 'revenue': 17080.0, 'unit': 'M', 'net_profit': 93.6}, {'period': ""Q4 '25"", 'revenue': 16940.0, 'unit': 'M', 'net_profit': 131.5}, {'period': ""Q3 '25"", 'revenue': 15310.0, 'unit': 'M', 'net_profit': 58.3}, {'period': ""Q2 '25"", 'revenue': 15640.0, 'unit': 'M', 'net_profit': 42.4}, {'period': ""Q1 '25"", 'revenue': 15420.0, 'unit': 'M', 'net_profit': 108.0}]",2.2,2.18,17881200000,7135100000,78500000,13408800000,2929200000,0,4517600000,78500000,704100000,0.10781554449014938,-0.21954576737783896,-0.2198581560283687,__nan__,__nan__,__nan__,0.7498825582175693
116,PFH,Prudential Financial Inc. 4.125% Junior Subordinated Notes due 2060,"Prudential Financial, Inc. engages in the provision of insurance, investment management, and other financial products and services. It operates through the following segments: Prudential Investment Management, Inc. (PGIM), U.S. Businesses, International Businesses, and Corporate and Others. The PGIM segment involves the provision of investment management services and solutions related to public fixed income, public equity, real estate debt and equity, private credit and other alternatives, and multi-asset class strategies. The U.S. Businesses segment includes retirement strategies, group insurance, and individual life. The International Businesses segment focuses on investing in existing businesses and assessing acquisition opportunities. The Corporate and Other Operations segment involves the corporate items and initiatives not allocated to business segments. The company was founded by John Fairfield Dryden in 1875 and is headquartered in Newark, NJ.",None,Banks,16.8,USD,5846400000,https://images.financialmodelingprep.com/symbol/PFH.png,35994.0,2020-09-02,,-0.09,22239,4913000000,3576000000,"[{'period': '2025', 'revenue': 60.77, 'unit': 'B', 'net_profit': 3.58}, {'period': '2024', 'revenue': 70.67, 'unit': 'B', 'net_profit': 2.73}, {'period': '2023', 'revenue': 54.27, 'unit': 'B', 'net_profit': 2.49}, {'period': '2022', 'revenue': 56.99, 'unit': 'B', 'net_profit': -1.65}]","[{'period': ""Q4 '25"", 'revenue': 15680.0, 'unit': 'M', 'net_profit': 905.0}, {'period': ""Q3 '25"", 'revenue': 17.95, 'unit': 'B', 'net_profit': 1.43}, {'period': ""Q2 '25"", 'revenue': 13800.0, 'unit': 'M', 'net_profit': 533.0}, {'period': ""Q1 '25"", 'revenue': 13540.0, 'unit': 'M', 'net_profit': 707.0}, {'period': ""Q4 '24"", 'revenue': 12640.0, 'unit': 'M', 'net_profit': -57.0}, {'period': ""Q3 '24"", 'revenue': 19530.0, 'unit': 'M', 'net_profit': 448.0}]",10.16,10.22,773740000000,26126000000,26126000000,738159000000,47992000000,396008000000,0,19712000000,6271000000,0.3677616926503341,0.31133113311331134,0.34748010610079577,"[0.25781, 0.286]","['2026-02-13', '2020-11-12']",__nan__,0.9540142683588803
117,PFL,PIMCO Income Strategy Fund Shares of Beneficial Interest,"PIMCO Income Strategy Fund is a closed-ended fixed income mutual fund launched and managed by Allianz Global Investors Fund Management LLC. The fund is co-managed by Pacific Investment Management Company LLC. It invests in fixed income markets across the globe. The fund invests in a diversified portfolio of floating rate debt instruments with an average duration of around three years. It employs fundamental analysis with top-down approach to create its portfolio. The fund was formerly known as PIMCO Floating Rate Income Fund. PIMCO Income Strategy Fund was formed on June 19, 2003 and is domiciled in the United States.",Joshua D. Ratner,Asset Management - Income,7.71,USD,345797355,https://images.financialmodelingprep.com/symbol/PFL.png,226416.0,2003-08-27,9.76,-0.01,252356,47251000,47251000,"[{'period': '2025', 'revenue': 50.24, 'unit': 'M', 'net_profit': 47.25}, {'period': '2024', 'revenue': 39.06, 'unit': 'M', 'net_profit': 39.15}, {'period': '2023', 'revenue': 40.47, 'unit': 'M', 'net_profit': 15.28}, {'period': '2022', 'revenue': 34.36, 'unit': 'M', 'net_profit': -52.78}]","[{'period': ""Q4 '25"", 'revenue': 20.6, 'unit': 'M', 'net_profit': 15.15}, {'period': ""Q2 '25"", 'revenue': 21.45, 'unit': 'M', 'net_profit': 32.1}, {'period': ""Q4 '24"", 'revenue': 18.77, 'unit': 'M', 'net_profit': 8.98}, {'period': ""Q2 '24"", 'revenue': 20.29, 'unit': 'M', 'net_profit': 30.17}, {'period': ""Q4 '23"", 'revenue': 20.76, 'unit': 'M', 'net_profit': 9.52}, {'period': ""Q2 '23"", 'revenue': 19.71, 'unit': 'M', 'net_profit': 5.75}]",1.1,1.1,423485000,7289000,538000,60828000,6751000,1694000,6793000,538000,19181000,0.20704541971082613,0.20704541971082613,0.13402061855670117,"[0.0814, 0.0775]","['2026-03-12', '2003-10-22']",__nan__,0.14363672857362125
118,PFN,PIMCO Income Strategy Fund II,"PIMCO Income Strategy Fund II is a closed-ended fixed income mutual fund launched and managed by Allianz Global Investors Fund Management LLC. It is co-managed by Pacific Investment Management Company LLC. The fund invests in the fixed income markets of the United States. It invests in securities of companies operating across the diversified sectors. The fund invests in floating-rate debt instruments primarily high-yield senior floating-rate loans. It employs fundamental analysis with top-down approach to create its portfolio. The fund conducts an in-house research to make its investments. It was formerly known as PIMCO Floating Rate Strategy Fund. PIMCO Income Strategy Fund II was formed on June 30, 2004 and is domiciled in the United States.",Craig Allen Dawson,Asset Management - Income,6.57,USD,613352205,https://images.financialmodelingprep.com/symbol/PFN.png,512449.0,2004-10-27,12.63,-0.1,2020644,92269000,92269000,"[{'period': '2025', 'revenue': 97.21, 'unit': 'M', 'net_profit': 92.27}, {'period': '2024', 'revenue': 79.94, 'unit': 'M', 'net_profit': 79.55}, {'period': '2023', 'revenue': 58.48, 'unit': 'M', 'net_profit': 31.51}, {'period': '2022', 'revenue': 67.22, 'unit': 'M', 'net_profit': -97.23}]","[{'period': ""Q4 '25"", 'revenue': 40.43, 'unit': 'M', 'net_profit': 29.76}, {'period': ""Q2 '25"", 'revenue': 43.9, 'unit': 'M', 'net_profit': 62.4}, {'period': ""Q4 '24"", 'revenue': 38.11, 'unit': 'M', 'net_profit': 18.53}, {'period': ""Q2 '24"", 'revenue': -6.07, 'unit': 'M', 'net_profit': 84.78}, {'period': ""Q4 '23"", 'revenue': 6.11, 'unit': 'M', 'net_profit': 84.33}, {'period': ""Q2 '23"", 'revenue': 52.37, 'unit': 'M', 'net_profit': 81.05}]",1.01,1.01,828133000,38168000,2614000,158645000,25314000,4418000,19747000,2614000,29328000,0.0070945982820157395,0.15984312345228968,0.14772727272727273,"[0.0718, 0.09125]","['2026-03-12', '2004-12-21']",__nan__,0.19156947012134523
119,PFO,Flaherty & Crumrine Preferred and Income Opportunity Fund Incorporated,"Flaherty & Crumrine Preferred Income Opportunity Fund Inc. is a closed ended equity mutual fund launched and managed by Flaherty & Crumrine Incorporated. The fund invests in the public equity markets of the United States. It invests in stocks of companies operating in the financial services sector. The fund primarily invests in preferred securities. It benchmarks the performance of its portfolio against S&P 500 Index and Barclays Capital U.S. Aggregate Index. Flaherty & Crumrine Preferred Income Opportunity Fund Inc. was formed on December 10, 1991 and is domiciled in the United States.",Donald Frasier Crumrine,Asset Management - Income,8.88,USD,116126655,https://images.financialmodelingprep.com/symbol/PFO.png,29923.0,1992-02-06,10.96,-0.12,69136,14791280,10537414,"[{'period': '2025', 'revenue': 14.58, 'unit': 'M', 'net_profit': 10.54}, {'period': '2024', 'revenue': 13.84, 'unit': 'M', 'net_profit': 23.49}, {'period': '2023', 'revenue': 9.34, 'unit': 'M', 'net_profit': 1.58}, {'period': '2022', 'revenue': 14.01, 'unit': 'M', 'net_profit': -24.45}]","[{'period': ""Q4 '25"", 'revenue': 7.37, 'unit': 'M', 'net_profit': 9.64}, {'period': ""Q2 '25"", 'revenue': 7210.0, 'unit': 'K', 'net_profit': 901.37}, {'period': ""Q4 '24"", 'revenue': 7.25, 'unit': 'M', 'net_profit': 11.14}, {'period': ""Q2 '24"", 'revenue': 6.59, 'unit': 'M', 'net_profit': 12.35}, {'period': ""Q4 '23"", 'revenue': 2.54, 'unit': 'M', 'net_profit': 7.25}, {'period': ""Q2 '23"", 'revenue': 6.81, 'unit': 'M', 'net_profit': -5.67}]",0.81,0.81,216215545,0,1356425,81178977,1935823,0,578977,0,7860990,-0.48112525808188855,-0.5514987300340821,-0.5499999999999999,"[0.0546, 0.0825]","['2026-04-23', '1992-05-15']",__nan__,0.3754539341748069
120,PFS,Provident Financial Services Inc Common Stock,"Provident Financial Services, Inc. operates as the bank holding company for Provident Bank that provides various banking products and services to individuals, families, and businesses in the United States. The company's deposit products include savings, checking, interest-bearing checking, money market deposit, and certificate of deposit accounts, as well as IRA products. Its loan portfolio comprises commercial real estate loans that are secured by properties, such as multi-family apartment buildings, office buildings, and retail and industrial properties; commercial business loans; fixed-rate and adjustable-rate mortgage loans collateralized by one- to four-family residential real estate properties; commercial construction loans; and consumer loans consisting of home equity loans, home equity lines of credit, marine loans, personal loans and unsecured lines of credit, and auto and recreational vehicle loans. The company also offers cash management, remote deposit capture, payroll origination, escrow account management, and online and mobile banking services; and business credit cards. In addition, it provides wealth management services comprising investment management, trust and estate administration, financial planning, tax compliance and planning, and private banking. Further, the company sells insurance and investment products, including annuities; operates as a real estate investment trust for acquiring mortgage loans and other real estate related assets; and manages and sells real estate properties acquired through foreclosure. As of December 31, 2021, it operated 96 full-service branch offices in northern and central New Jersey, as well as in Pennsylvania and New York counties. The company was founded in 1839 and is headquartered in Jersey City, New Jersey.",Anthony J. Labozzetta,Banks - Regional,20.59,USD,2691036529,https://images.financialmodelingprep.com/symbol/PFS.png,914405.0,2003-01-16,9.23,-0.33,481777,408157000,291160000,"[{'period': '2025', 'revenue': 1380.0, 'unit': 'M', 'net_profit': 291.16}, {'period': '2024', 'revenue': 1140.0, 'unit': 'M', 'net_profit': 115.53}, {'period': '2023', 'revenue': 695.65, 'unit': 'M', 'net_profit': 128.4}, {'period': '2022', 'revenue': 553.97, 'unit': 'M', 'net_profit': 175.65}]","[{'period': ""Q4 '25"", 'revenue': 353.15, 'unit': 'M', 'net_profit': 83.43}, {'period': ""Q3 '25"", 'revenue': 353.7, 'unit': 'M', 'net_profit': 71.72}, {'period': ""Q2 '25"", 'revenue': 343.38, 'unit': 'M', 'net_profit': 71.98}, {'period': ""Q1 '25"", 'revenue': 332.38, 'unit': 'M', 'net_profit': 64.03}, {'period': ""Q4 '24"", 'revenue': 295.75, 'unit': 'M', 'net_profit': 48.52}, {'period': ""Q3 '24"", 'revenue': 318.24, 'unit': 'M', 'net_profit': 46.41}]",2.23,2.23,24980710000,3472038000,3376240000,22147498000,95798000,0,0,211484000,430725000,0.9987904134141683,1.520320276996321,1.1238095238095238,"[0.24, 0.04]","['2026-02-13', '2003-05-13']",__nan__,0.8865840082207431
121,PFSI,PennyMac Financial Services Inc. Common Stock,"PennyMac Financial Services, Inc., through its subsidiaries, engages in the mortgage banking and investment management activities in the United States. It operates through three segments: Production, Servicing, and Investment Management. The Production segment is involved in the origination, acquisition, and sale of loans. It sources first-lien residential conventional and government-insured or guaranteed mortgage loans. The Servicing segment engages in the servicing of newly originated loans, and execution and management of early buyout transactions and servicing of loans. It performs loan administration, collection, and default management activities, including the collection and remittance of loan payments, response to customer inquiries, accounting for principal and interest, holding custodial funds for the payment of property taxes and insurance premiums, counseling delinquent borrowers, and supervising foreclosures and property dispositions, as well as administers loss mitigation activities, such as modification and forbearance programs. The Investment Management segment is involved in sourcing, performing diligence, bidding, and closing investment asset acquisitions; managing correspondent production activities for PennyMac Mortgage Investment Trust; and managing acquired assets. PennyMac Financial Services, Inc. was founded in 2008 and is headquartered in Westlake Village, California.",David A. Spector,Financial - Mortgages,85.47,USD,4458779302,https://images.financialmodelingprep.com/symbol/PFSI.png,856545.0,2013-05-09,9.19,-0.97,386663,1511972000,501077000,"[{'period': '2025', 'revenue': 4360.0, 'unit': 'M', 'net_profit': 501.08}, {'period': '2024', 'revenue': 1590.0, 'unit': 'M', 'net_profit': 311.42}, {'period': '2023', 'revenue': 2040.0, 'unit': 'M', 'net_profit': 144.66}, {'period': '2022', 'revenue': 2320.0, 'unit': 'M', 'net_profit': 475.51}]","[{'period': ""Q4 '25"", 'revenue': 1180.0, 'unit': 'M', 'net_profit': 106.83}, {'period': ""Q3 '25"", 'revenue': 882.81, 'unit': 'M', 'net_profit': 181.5}, {'period': ""Q2 '25"", 'revenue': 931.58, 'unit': 'M', 'net_profit': 136.46}, {'period': ""Q1 '25"", 'revenue': 1070.0, 'unit': 'M', 'net_profit': 76.28}, {'period': ""Q4 '24"", 'revenue': 470.11, 'unit': 'M', 'net_profit': 104.49}, {'period': ""Q3 '24"", 'revenue': 411.83, 'unit': 'M', 'net_profit': 69.37}]",9.69,9.3,29388689000,728839000,711717000,25079713000,17122000,8909645000,16203802000,301680000,-1411827000,2.195429943339244,0.6089916287493217,0.5859247135842879,"[0.3, 0.4]","['2026-02-13', '2018-08-10']",__nan__,0.8533797815887603
122,PG,Procter & Gamble Company (The) Common Stock,"The Procter & Gamble Company provides branded consumer packaged goods worldwide. It operates through five segments: Beauty; Grooming; Health Care; Fabric & Home Care; and Baby, Feminine & Family Care. The Beauty segment offers conditioners, shampoos, styling aids, and treatments under the Head & Shoulders, Herbal Essences, Pantene, and Rejoice brands; and antiperspirants and deodorants, personal cleansing, and skin care products under the Olay, Old Spice, Safeguard, Secret, and SK-II brands. The Grooming segment provides shave care products and appliances under the Braun, Gillette, and Venus brand names. The Health Care segment offers toothbrushes, toothpastes, and other oral care products under the Crest and Oral-B brand names; and gastrointestinal, rapid diagnostics, respiratory, vitamins/minerals/supplements, pain relief, and other personal health care products under the Metamucil, Neurobion, Pepto-Bismol, and Vicks brands. The Fabric & Home Care segment provides fabric enhancers, laundry additives, and laundry detergents under the Ariel, Downy, Gain, and Tide brands; and air care, dish care, P&G professional, and surface care products under the Cascade, Dawn, Fairy, Febreze, Mr. Clean, and Swiffer brands. The Baby, Feminine & Family Care segment offers baby wipes, taped diapers, and pants under the Luvs and Pampers brands; adult incontinence and feminine care products under the Always, Always Discreet, and Tampax brands; and paper towels, tissues, and toilet papers under the Bounty, Charmin, and Puffs brands. The company sells its products primarily through mass merchandisers, e-commerce, grocery stores, membership club stores, drug stores, department stores, distributors, wholesalers, specialty beauty stores, high-frequency stores, pharmacies, electronics stores, and professional channels, as well as directly to consumers. The Procter & Gamble Company was founded in 1837 and is headquartered in Cincinnati, Ohio.",Shailesh G. Jejurikar,Household & Personal Products,142.58,USD,333171469416,https://images.financialmodelingprep.com/symbol/PG.png,13164808.0,1978-01-13,21.12,0.16,7430153,23921000000,15974000000,"[{'period': '2025', 'revenue': 84.28, 'unit': 'B', 'net_profit': 15.97}, {'period': '2024', 'revenue': 84.04, 'unit': 'B', 'net_profit': 14.88}, {'period': '2023', 'revenue': 82.01, 'unit': 'B', 'net_profit': 14.65}, {'period': '2022', 'revenue': 80.19, 'unit': 'B', 'net_profit': 14.74}]","[{'period': ""Q2 '26"", 'revenue': 22.21, 'unit': 'B', 'net_profit': 4.33}, {'period': ""Q1 '26"", 'revenue': 22.39, 'unit': 'B', 'net_profit': 4.75}, {'period': ""Q4 '25"", 'revenue': 20.89, 'unit': 'B', 'net_profit': 3.62}, {'period': ""Q3 '25"", 'revenue': 19.78, 'unit': 'B', 'net_profit': 3.77}, {'period': ""Q2 '25"", 'revenue': 21.88, 'unit': 'B', 'net_profit': 4.63}, {'period': ""Q1 '25"", 'revenue': 21.74, 'unit': 'B', 'net_profit': 3.96}]",6.67,6.51,125231000000,25392000000,9556000000,72947000000,6185000000,0,36058000000,9556000000,14044000000,0.059295013727747765,0.07359365548759997,0.07928802588996768,"[1.0568, 0.65]","['2026-01-23', '1970-01-19']",__nan__,0.582499540848512
123,PGP,Pimco Global Stocksplus & Income Fund Pimco Global StocksPlus & Income Fund Common Shares of Beneficial Interest,"PIMCO Global Stocksplus & Income Fund is a closed ended balanced mutual fund launched and managed by Allianz Global Investors Fund Management LLC. The fund is co-managed by Pacific Investment Management Company LLC. It invests in fixed income and public equity markets across the globe. The fund uses a long/short strategy to invest in securities by using financial derivatives such as options. It invests in mortgage-related, government, corporate and other debt securities of U.S. and non-U.S. issuers and emerging market bonds. The fund invests in investment grade securities with a low- to intermediate-average duration. It invests in stocks of companies across diversified sectors. PIMCO Global Stocksplus & Income Fund was formed on April 30, 2003 and is domiciled in the United States.",Daniel John Ivascyn,Asset Management - Income,8.1,USD,93507210,https://images.financialmodelingprep.com/symbol/PGP.png,51503.0,2005-05-26,3.86,-0.02,28385,17580000,17580000,"[{'period': '2024', 'revenue': 18.67, 'unit': 'M', 'net_profit': 17.58}, {'period': '2023', 'revenue': 11.09, 'unit': 'M', 'net_profit': 11.06}, {'period': '2022', 'revenue': 9.67, 'unit': 'M', 'net_profit': 9.64}, {'period': '2021', 'revenue': -26.19, 'unit': 'M', 'net_profit': -26.22}]","[{'period': ""Q2 '25"", 'revenue': 7.68, 'unit': 'M', 'net_profit': 13.93}, {'period': ""Q4 '24"", 'revenue': 12.93, 'unit': 'M', 'net_profit': 10.27}, {'period': ""Q2 '24"", 'revenue': 5.74, 'unit': 'M', 'net_profit': 7.31}, {'period': ""Q4 '23"", 'revenue': 6.34, 'unit': 'M', 'net_profit': 4.51}, {'period': ""Q2 '23"", 'revenue': 5.22, 'unit': 'M', 'net_profit': 6.55}, {'period': ""Q4 '22"", 'revenue': 3.14, 'unit': 'M', 'net_profit': 8.93}]",1.52,1.52,213272000,50686000,11183000,119354000,50405000,6812000,89368000,281000,7031000,3.4315603730778927,0.5893680499050719,0.5670103092783506,"[0.069, 0.18335]","['2026-03-12', '2005-07-25']",__nan__,0.5596327694212085
124,PGR,Progressive Corporation (The) Common Stock,"The Progressive Corporation, an insurance holding company, provides personal and commercial auto, personal residential and commercial property, general liability, and other specialty property-casualty insurance products and related services in the United States. It operates in three segments: Personal Lines, Commercial Lines, and Property. The Personal Lines segment writes insurance for personal autos and recreational vehicles (RV). This segment's products include personal auto insurance; and special lines products, including insurance for motorcycles, ATVs, RVs, watercrafts, snowmobiles, and related products. The Commercial Lines segment provides auto-related primary liability and physical damage insurance, and business-related general liability and property insurance for autos, vans, pick-up trucks, and dump trucks used by small businesses; tractors, trailers, and straight trucks primarily used by regional general freight and expeditor-type businesses, and long-haul operators; dump trucks, log trucks, and garbage trucks used by dirt, sand and gravel, logging, and coal-type businesses; and tow trucks and wreckers used in towing services and gas/service station businesses; as well as non-fleet and airport taxis, and black-car services. The Property segment writes residential property insurance for homeowners, other property owners, and renters, as well as offers personal umbrella insurance, and primary and excess flood insurance. The company also offers policy issuance and claims adjusting services; and acts as an agent to homeowner general liability, workers' compensation insurance, and other products. In addition, it provides reinsurance services. The company sells its products through independent insurance agencies, as well as directly on Internet through mobile devices, and over the phone. The Progressive Corporation was founded in 1937 and is headquartered in Mayfield, Ohio.",Susan Patricia Griffith,Insurance - Property & Casualty,198.84,USD,116501549040,https://images.financialmodelingprep.com/symbol/PGR.png,3434550.0,1980-03-17,10.34,-4.06,2218665,14814000000,11308000000,"[{'period': '2025', 'revenue': 87.64, 'unit': 'B', 'net_profit': 11.31}, {'period': '2024', 'revenue': 75.34, 'unit': 'B', 'net_profit': 8.48}, {'period': '2023', 'revenue': 62.08, 'unit': 'B', 'net_profit': 3.9}, {'period': '2022', 'revenue': 49590.0, 'unit': 'M', 'net_profit': 722.0}]","[{'period': ""Q4 '25"", 'revenue': 22.74, 'unit': 'B', 'net_profit': 2.95}, {'period': ""Q3 '25"", 'revenue': 22.51, 'unit': 'B', 'net_profit': 2.62}, {'period': ""Q2 '25"", 'revenue': 22.0, 'unit': 'B', 'net_profit': 3.17}, {'period': ""Q1 '25"", 'revenue': 20.4, 'unit': 'B', 'net_profit': 2.57}, {'period': ""Q4 '24"", 'revenue': 20.27, 'unit': 'B', 'net_profit': 2.36}, {'period': ""Q3 '24"", 'revenue': 19.71, 'unit': 'B', 'net_profit': 2.33}]",19.29,19.23,91058000000,109210000000,92825000000,86492000000,16385000000,0,0,0,17200000000,0.31376374600922313,0.33349056603773586,0.3349480968858132,"[0.1, 0.9854]","['2026-04-02', '1985-03-11']",__nan__,0.9498561356498056
125,PGRE,Paramount Group Inc. Common Stock,"Headquartered in New York City, Paramount Group, Inc. is a fully-integrated real estate investment trust that owns, operates, manages, acquires and redevelops high-quality, Class A office properties located in select central business district submarkets of New York City and San Francisco. Paramount is focused on maximizing the value of its portfolio by leveraging the sought-after locations of its assets and its proven property management capabilities to attract and retain high-quality tenants.",Albert Paul Thomas Behler,REIT - Office,6.6,USD,1464627853,https://images.financialmodelingprep.com/symbol/PGRE.png,2563556.0,2014-11-19,-15.0,0.01,1489343,359908000,-46288000,"[{'period': '2024', 'revenue': 757.45, 'unit': 'M', 'net_profit': -46.29}, {'period': '2023', 'revenue': 742.79, 'unit': 'M', 'net_profit': -259.74}, {'period': '2022', 'revenue': 740.38, 'unit': 'M', 'net_profit': -36.4}, {'period': '2021', 'revenue': 726.79, 'unit': 'M', 'net_profit': -20.35}]","[{'period': ""Q3 '25"", 'revenue': 172.96, 'unit': 'M', 'net_profit': -28.95}, {'period': ""Q2 '25"", 'revenue': 177.04, 'unit': 'M', 'net_profit': -19.79}, {'period': ""Q1 '25"", 'revenue': 187.02, 'unit': 'M', 'net_profit': -10.03}, {'period': ""Q4 '24"", 'revenue': 186.27, 'unit': 'M', 'net_profit': -38.65}, {'period': ""Q3 '24"", 'revenue': 194.9, 'unit': 'M', 'net_profit': -9.69}, {'period': ""Q2 '24"", 'revenue': 187.41, 'unit': 'M', 'net_profit': -7.82}]",-0.21,-0.21,7871503000,930101000,375056000,3862006000,374654000,90601000,119881000,375056000,264926000,12.069503958166896,0.8217937661697672,0.8250000000000001,"[0.035, 0.039]","['2024-06-28', '2015-03-09']",__nan__,0.4906313317799663
126,PGTI,PGT Innovations Inc.,"PGT Innovations, Inc., together with its subsidiaries manufactures and supplies impact-resistant aluminum frame windows and doors in the United States and internationally. The company provides heavy-duty aluminum or vinyl frames with laminated glass to provide protection from hurricane-force winds and wind-borne debris; and non-impact resistant vinyl windows with insulating glass and multi-chambered frames for various climate zones. It also offers customizable non-impact-resistant aluminum frame windows and doors; and non-glass vertical and horizontal sliding panels for porch enclosures, including vinyl-glazed aluminum-framed products used for enclosing screened-in porches that provide protection from inclement weather. In addition, the company provides premium aluminum impact-resistant products; aluminum impact-resistant windows and doors; vinyl energy-efficient impact-resistant windows; and commercial storefront window system and entry doors. Further, it provides impact and non-impact sliding glass and terrace doors; fixed picture, single hung, and horizontal rolling windows; aluminum thermally broken doors and windows; fixed and operating windows; sliding, folding, and hinged doors; and moving glass walls and windows. The company offers its products under the PGT, CGI, WinDoor, Western Window Systems, NewSouth, Eco Window Systems, and Anlin brands. It serves window distributors, building supply distributors, window replacement dealers, and enclosure contractors. The company was formerly known as PGT, Inc. and changed its name to PGT Innovations, Inc. in December 2016. PGT Innovations, Inc. was founded in 1980 and is headquartered in North Venice, Florida.",Jeffrey T. Jackson CPA,Construction,41.995,USD,2404705092,https://images.financialmodelingprep.com/symbol/PGTI.png,1138242.0,2006-06-28,22.94808743169399,0.005,1361154,249613000,109038000,"[{'period': '2023', 'revenue': 1500.0, 'unit': 'M', 'net_profit': 109.04}, {'period': '2022', 'revenue': 1490.0, 'unit': 'M', 'net_profit': 96.88}, {'period': '2021', 'revenue': 1160.0, 'unit': 'M', 'net_profit': 32.88}, {'period': '2020', 'revenue': 882.62, 'unit': 'M', 'net_profit': 45.11}]","[{'period': ""Q4 '23"", 'revenue': 342.55, 'unit': 'M', 'net_profit': 4.75}, {'period': ""Q3 '23"", 'revenue': 399.93, 'unit': 'M', 'net_profit': 39.21}, {'period': ""Q2 '23"", 'revenue': 384.93, 'unit': 'M', 'net_profit': 31.49}, {'period': ""Q1 '23"", 'revenue': 376.83, 'unit': 'M', 'net_profit': 33.59}, {'period': ""Q4 '22"", 'revenue': 340.93, 'unit': 'M', 'net_profit': 7.51}, {'period': ""Q3 '22"", 'revenue': 385.84, 'unit': 'M', 'net_profit': 30.04}]",1.87,1.86,1645317000,328285000,32708000,985450000,155350000,-52685000,134188000,32708000,127377000,0.09488510007412898,0.12547222394252802,0.15432098765432098,__nan__,__nan__,__nan__,0.5989423314777639
127,PGZ,Principal Real Estate Income Fund Common Shares of Beneficial Interest,"Principal Real Estate Income Fund is a closed ended balanced mutual fund launched and managed by ALPS Advisers, Inc. It is co-managed by Principal Real Estate Investors, LLC. The fund invests in public equity and fixed income markets of the United States. It seeks to invest in commercial mortgage backed securities, real estate investment trusts and REIT-like entities. The fund invests in value stocks of companies. It uses financial derivatives such as credit default swaps, interest rate swaps, caps, floors and collars, currency futures and forwards, rate forwards, and interest rate futures to invest in securities. The fund employs fundamental analysis with a combination of top-down and bottom-up stock picking approach while focusing on factors such as macro outlook on the economy, real estate cycle and real estate fundamentals, shorter-term tactical allocation shifts upon a continual assessment of market valuations, quantitative, analysis, and technical indicators to create it portfolio. Principal Real Estate Income Fund was formed on August 31, 2012 and is domiciled in the United States.",,Asset Management - Income,9.37,USD,62723801,https://images.financialmodelingprep.com/symbol/PGZ.png,28293.0,2013-06-26,12.17,-0.165,53975,6942686,5134552,"[{'period': '2025', 'revenue': 6.06, 'unit': 'M', 'net_profit': 5.13}, {'period': '2024', 'revenue': 4.42, 'unit': 'M', 'net_profit': 22.05}, {'period': '2023', 'revenue': -2.9, 'unit': 'M', 'net_profit': -11.73}, {'period': '2022', 'revenue': 6.22, 'unit': 'M', 'net_profit': -25.78}]","[{'period': ""Q4 '25"", 'revenue': 4.0, 'unit': 'M', 'net_profit': 3.12}, {'period': ""Q2 '25"", 'revenue': 2.06, 'unit': 'M', 'net_profit': 2.01}, {'period': ""Q4 '24"", 'revenue': 4.76, 'unit': 'M', 'net_profit': 9.19}, {'period': ""Q2 '24"", 'revenue': -0.26463, 'unit': 'M', 'net_profit': 12.86}, {'period': ""Q4 '23"", 'revenue': -0.70766, 'unit': 'M', 'net_profit': -6.25}, {'period': ""Q2 '23"", 'revenue': -2.19, 'unit': 'M', 'net_profit': -5.48}]",0.77,0.77,109895426,0,4338683,33864961,699837,0,33864961,4463,3960390,-0.7123165137167996,-0.7671096791856628,-0.7659574468085106,"[0.105, 0.135]","['2026-04-16', '2013-08-15']",__nan__,0.3081562375489586
128,PH,Parker-Hannifin Corporation Common Stock,"Parker-Hannifin Corporation manufactures and sells motion and control technologies and systems for various mobile, industrial, and aerospace markets worldwide. The company operates through two segments, Diversified Industrial and Aerospace Systems. The Company's Diversified Industrial segment offers sealing, shielding, thermal products and systems, adhesives, coatings, and noise vibration and harshness solutions; filters, systems, and diagnostics solutions to monitor and remove contaminants from fuel, air, oil, water, and other liquids and gases; connectors, which control, transmit, and contain fluid; control solutions for extreme corrosion resistance, temperatures, pressures, and precise flow; and hydraulic, pneumatic, and electromechanical components and systems for builders and users of mobile and industrial machinery and equipment. This segment sells its products to original equipment manufacturers (OEMs) and distributors who serve the replacement markets in manufacturing, packaging, processing, transportation, construction, refrigeration and air conditioning, agricultural, and military machinery and equipment industries. Its Aerospace Systems segment offers products for use in commercial and military airframe and engine programs, such as control actuation systems and components, engine build-up ducting, engine exhaust nozzles and assemblies, engine systems and components, fluid conveyance systems and components, fuel systems and components, fuel tank inerting systems, hydraulic systems and components, lubrication components, pilot controls, pneumatic control components, thermal management products, and wheels and brakes, as well as fluid metering, delivery, and atomization devices. This segment markets its products directly to OEMs and end users. It markets its products through direct-sales employees, independent distributors, and sales representatives. The company was founded in 1917 and is headquartered in Cleveland, Ohio.",Jennifer A. Parmentier,Industrial - Machinery,888.44,USD,112135813025,https://images.financialmodelingprep.com/symbol/PH.png,695098.0,1980-03-17,32.37,-13.02,483461,5423000000,3531000000,"[{'period': '2025', 'revenue': 19.85, 'unit': 'B', 'net_profit': 3.53}, {'period': '2024', 'revenue': 19.93, 'unit': 'B', 'net_profit': 2.84}, {'period': '2023', 'revenue': 19.07, 'unit': 'B', 'net_profit': 2.08}, {'period': '2022', 'revenue': 15.86, 'unit': 'B', 'net_profit': 1.32}]","[{'period': ""Q2 '26"", 'revenue': 5170.0, 'unit': 'M', 'net_profit': 845.0}, {'period': ""Q1 '26"", 'revenue': 5080.0, 'unit': 'M', 'net_profit': 808.0}, {'period': ""Q4 '25"", 'revenue': 5240.0, 'unit': 'M', 'net_profit': 923.17}, {'period': ""Q3 '25"", 'revenue': 4960.0, 'unit': 'M', 'net_profit': 960.87}, {'period': ""Q2 '25"", 'revenue': 4740.0, 'unit': 'M', 'net_profit': 948.54}, {'period': ""Q1 '25"", 'revenue': 4900.0, 'unit': 'M', 'net_profit': 698.42}]",27.52,27.12,29494000000,6950000000,467000000,15803000000,3377000000,20000000,5819000000,467000000,3341000000,0.0785109429184709,0.24146732929824222,0.2435607772254858,"[1.8, 0.28]","['2026-02-06', '1985-08-14']",__nan__,0.5358038923170815
129,PHD,Pioneer Floating Rate Fund Inc.,"Pioneer Floating Rate Fund, Inc. is closed ended fixed income mutual fund launched and managed by Pioneer Investment Management, Inc. It invests in the fixed income markets of the United States. The fund primarily invests in senior secured floating-rate loans. It benchmarks the performance of its portfolio against the Barclays U.S. High Yield Loans Index. Pioneer Floating Rate Fund, Inc. was formed on October 6, 2004 and is domiciled in the United States.",Mark Kiyoshi Okada,Asset Management,9.95,USD,123130583,https://images.financialmodelingprep.com/symbol/PHD.png,146365.0,2004-12-23,14.85,-0.01,345805,16647329,16647329,"[{'period': '2024', 'revenue': 17.25, 'unit': 'M', 'net_profit': 16.65}, {'period': '2023', 'revenue': 19.29, 'unit': 'M', 'net_profit': 15.76}, {'period': '2022', 'revenue': -11.25, 'unit': 'M', 'net_profit': -11.65}, {'period': '2021', 'revenue': 14.34, 'unit': 'M', 'net_profit': 13.6}]","[{'period': ""Q2 '25"", 'revenue': 7.84, 'unit': 'M', 'net_profit': 1.95}, {'period': ""Q4 '24"", 'revenue': 8.81, 'unit': 'M', 'net_profit': 6.4}, {'period': ""Q2 '24"", 'revenue': 9.48, 'unit': 'M', 'net_profit': 10.25}, {'period': ""Q4 '23"", 'revenue': 10.09, 'unit': 'M', 'net_profit': 10.89}, {'period': ""Q2 '23"", 'revenue': 9.2, 'unit': 'M', 'net_profit': 4.87}, {'period': ""Q4 '22"", 'revenue': 7.33, 'unit': 'M', 'net_profit': -3.4}]",1.34,1.34,198904755,158979,158979,71039744,4633828,194109756,71038010,158979,13549061,8.492196618639278,0.056178018087841036,0.05511811023622052,"[0.075, 0.0958]","['2025-07-18', '2005-03-04']",__nan__,0.35715457883347235
130,PHG,Koninklijke Philips N.V. NY Registry Shares,"Koninklijke Philips N.V. operates as a health technology company in North America and internationally. It operates through Diagnosis & Treatment Businesses, Connected Care Businesses, and Personal Health Businesses segments. The company provides diagnostic imaging solutions, includes magnetic resonance imaging, computed tomography (CT) systems, X-ray systems, and detector-based spectral CT solutions, as well as molecular and hybrid imaging solutions for nuclear medicine; integrated interventional systems; echography solutions focused on diagnosis, treatment planning and guidance for cardiology, general imaging, obstetrics/gynecology, and point-of-care applications; proprietary software to enable diagnostics and intervention; and enterprise diagnostic informatics products and services. It also offers acute patient management solutions; emergency care solutions; sleep and respiratory care solutions; and electronic medical record and care management solutions. In addition, the company provides power toothbrushes, brush heads, and interdental cleaning and teeth whitening products; infant feeding and digital parental solutions; and male grooming and beauty products and solutions. It has a strategic collaboration with Ibex Medical Analytics Ltd. to jointly promote the digital pathology and AI solutions to hospitals, health networks, and pathology laboratories worldwide, as well as a strategic partnership agreement with NICO.LAB. The company was formerly known as Koninklijke Philips Electronics N.V. and changed its name to Koninklijke Philips N.V. in May 2013. Koninklijke Philips N.V. was founded in 1891 and is headquartered in Amsterdam, the Netherlands.",Roy W. O. Jakobs,Medical - Devices,26.78,USD,25672368113,https://images.financialmodelingprep.com/symbol/PHG.png,928911.0,1980-03-17,24.8,-0.36,893515,2639344311,895000000,"[{'period': '2025', 'revenue': 17830.0, 'unit': 'M', 'net_profit': 895.0}, {'period': '2024', 'revenue': 18020.0, 'unit': 'M', 'net_profit': -702.0}, {'period': '2023', 'revenue': 18170.0, 'unit': 'M', 'net_profit': -466.0}, {'period': '2022', 'revenue': 17.83, 'unit': 'B', 'net_profit': -1.61}]","[{'period': ""Q4 '25"", 'revenue': 5100.0, 'unit': 'M', 'net_profit': 395.0}, {'period': ""Q3 '25"", 'revenue': 4300.0, 'unit': 'M', 'net_profit': 184.0}, {'period': ""Q2 '25"", 'revenue': 4340.0, 'unit': 'M', 'net_profit': 240.0}, {'period': ""Q1 '25"", 'revenue': 4100.0, 'unit': 'M', 'net_profit': 76.0}, {'period': ""Q4 '24"", 'revenue': 5040.0, 'unit': 'M', 'net_profit': -335.0}, {'period': ""Q3 '24"", 'revenue': 4380.0, 'unit': 'M', 'net_profit': 181.0}]",0.95,0.93,26944000000,9932000000,2794000000,15955000000,3530000000,852000000,7509000000,2794000000,893000000,0.42744419199567335,2.274928774928775,2.2666666666666666,"[0.86108, 0.5325]","['2026-05-13', '1984-12-10']",__nan__,0.5921540973871734
131,PHI,PLDT Inc. Sponsored ADR,"PLDT Inc. provides telecommunications and digital services in the Philippines. It operates through three segments: Wireless, Fixed Line, and Others. The company offers cellular mobile, Internet broadband distribution, operations support, software development, and satellite information and messaging services; and sells Wi-Fi access equipment. It also provides fixed line telecommunications services; business infrastructure and solutions; intelligent data processing and implementation, and data analytics insight generation services; and information and communications infrastructure for Internet-based services, e-commerce, customer relationship management, and information technology (IT) related services. In addition, the company offers managed IT outsourcing, Internet-based purchasing, IT consulting and professional, bills printing and other related value-added, and air transportation services; distributes Filipino channels and content services; and provides full-services customer rewards and loyalty programs. Further, it engages in the sale of mobile handsets, broadband data routers, tablets, and accessories, as well as provides domestic leased lines and alternative messaging solutions, such as over-the-top services, social media, and messenger application. As of December 31, 2021, it had 71,221,952 mobile broadband subscribers; 3,619,372 fixed line subscribers; and 2.8 million broadband subscribers. The company was formerly known as Philippine Long Distance Telephone Company and changed its name to PLDT Inc. in July 2016. PLDT Inc. was incorporated in 1928 and is headquartered in Makati City, the Philippines.",Manuel Velez Pangilinan,Telecommunications Services,21.21,USD,4582547760,https://images.financialmodelingprep.com/symbol/PHI.png,100455.0,1973-05-03,9.18,-0.07,89912,116366985000,30686609000,"[{'period': '2025', 'revenue': 223.3, 'unit': 'B', 'net_profit': 30.69}, {'period': '2024', 'revenue': 216.83, 'unit': 'B', 'net_profit': 32.31}, {'period': '2023', 'revenue': 210.95, 'unit': 'B', 'net_profit': 26.61}, {'period': '2022', 'revenue': 204.36, 'unit': 'B', 'net_profit': 10.48}]","[{'period': ""Q4 '25"", 'revenue': 55.2, 'unit': 'B', 'net_profit': 4.95}, {'period': ""Q3 '25"", 'revenue': 53.71, 'unit': 'B', 'net_profit': 6.93}, {'period': ""Q2 '25"", 'revenue': 54.3, 'unit': 'B', 'net_profit': 9.11}, {'period': ""Q1 '25"", 'revenue': 55.28, 'unit': 'B', 'net_profit': 9.03}, {'period': ""Q4 '24"", 'revenue': 55.89, 'unit': 'B', 'net_profit': 4.24}, {'period': ""Q3 '24"", 'revenue': 53.36, 'unit': 'B', 'net_profit': 9.66}]",141.72,141.72,634509682000,69378195000,12228865000,506490906000,32504693000,112256684000,159063202000,11860050000,23852139000,0.3584434755200672,-0.05015603429597301,-0.050515878333109956,"[0.5783, 0.1444]","['2026-03-25', '1984-12-10']",__nan__,0.7982398383638849
132,PHK,Pimco High Income Fund Pimco High Income Fund,"PIMCO High Income Fund is a closed ended fixed income mutual fund launched and managed by Allianz Global Investors Fund Management LLC. The fund is co-managed by Pacific Investment Management Company LLC. It invests in the public fixed income markets across the globe. The fund invests in U.S. dollar denominated high-yield corporate debt obligations. It employs fundamental analysis along with a top down stock picking approach to make its investments. PIMCO High Income Fund was formed on April 30, 2003 and is domiciled in the United States.",,Asset Management - Income,4.45,USD,763139400,https://images.financialmodelingprep.com/symbol/PHK.png,813811.0,2003-04-25,8.73,-0.05000013,776317,103465000,103465000,"[{'period': '2025', 'revenue': 108.74, 'unit': 'M', 'net_profit': 103.47}, {'period': '2024', 'revenue': 81.53, 'unit': 'M', 'net_profit': 92.64}, {'period': '2023', 'revenue': 134.51, 'unit': 'M', 'net_profit': 50.67}, {'period': '2022', 'revenue': -90.38, 'unit': 'M', 'net_profit': -90.63}]","[{'period': ""Q2 '26"", 'revenue': 31.61, 'unit': 'M', 'net_profit': 57.81}, {'period': ""Q4 '25"", 'revenue': 44.84, 'unit': 'M', 'net_profit': 32.57}, {'period': ""Q2 '25"", 'revenue': 49.23, 'unit': 'M', 'net_profit': 70.89}, {'period': ""Q4 '24"", 'revenue': 42.16, 'unit': 'M', 'net_profit': 28.67}, {'period': ""Q2 '24"", 'revenue': 39.38, 'unit': 'M', 'net_profit': 61.85}, {'period': ""Q4 '23"", 'revenue': 16.45, 'unit': 'M', 'net_profit': 22.39}]",0.62,0.62,925497000,35166000,3791000,120739000,18262000,5756000,25594000,3791000,68221000,0.0,0.11689839803100306,0.12727272727272718,"[0.048, 0.12188]","['2026-03-12', '2003-06-18']",__nan__,0.13045855362037911
133,PHM,PulteGroup Inc. Common Stock,"PulteGroup, Inc., through its subsidiaries, primarily engages in the homebuilding business in the United States. It acquires and develops land primarily for residential purposes; and constructs housing on such land. The company also offers various home designs, including single-family detached, townhomes, condominiums, and duplexes under the Centex, Pulte Homes, Del Webb, DiVosta Homes, American West, and John Wieland Homes and Neighborhoods brand names. As of December 31, 2021, it controlled 228,296 lots, of which 109,078 were owned and 119,218 were under land option agreements. In addition, the company arranges financing through the origination of mortgage loans primarily for homebuyers; sells the servicing rights for the originated loans; and provides title insurance policies, and examination and closing services to homebuyers. PulteGroup, Inc. was formerly known as Pulte Homes, Inc. and changed its name to PulteGroup, Inc. in March 2010. The company was founded in 1950 and is headquartered in Atlanta, Georgia.",Ryan R. Marshall,Residential Construction,114.63,USD,22025237460,https://images.financialmodelingprep.com/symbol/PHM.png,1831232.0,1980-03-17,10.31,-2.49,1155915,3023828000,2218730000,"[{'period': '2025', 'revenue': 17.31, 'unit': 'B', 'net_profit': 2.22}, {'period': '2024', 'revenue': 17.95, 'unit': 'B', 'net_profit': 3.08}, {'period': '2023', 'revenue': 16.06, 'unit': 'B', 'net_profit': 2.6}, {'period': '2022', 'revenue': 16.0, 'unit': 'B', 'net_profit': 2.62}]","[{'period': ""Q4 '25"", 'revenue': 4610.0, 'unit': 'M', 'net_profit': 501.61}, {'period': ""Q3 '25"", 'revenue': 4400.0, 'unit': 'M', 'net_profit': 585.83}, {'period': ""Q2 '25"", 'revenue': 4400.0, 'unit': 'M', 'net_profit': 608.48}, {'period': ""Q1 '25"", 'revenue': 3890.0, 'unit': 'M', 'net_profit': 522.8}, {'period': ""Q4 '24"", 'revenue': 4920.0, 'unit': 'M', 'net_profit': 913.24}, {'period': ""Q3 '24"", 'revenue': 4480.0, 'unit': 'M', 'net_profit': 697.91}]",11.21,11.12,18048423000,15200042000,2008776000,5062981000,265853000,785806000,2572425396,2008776000,1748533000,-0.2616742196351135,-0.2803952437386119,-0.24358974358974356,"[0.26, 0.03]","['2026-03-17', '1985-09-09']",__nan__,0.280522071097292
134,PHR,Phreesia Inc. Common Stock,"Phreesia, Inc. provides an integrated SaaS-based software and payment platform for the healthcare industry in the United States and Canada. Its Phreesia Platform offers a suite of solutions to manage the patient intake process, as well as an integrated payments solution for processing of patient payments. The company deploys its platform in a range of modalities, such as Phreesia Mobile, a patients' mobile device; Phreesia Dashboard, a web-based dashboard for healthcare services clients; PhreesiaPads, which are self-service intake tablets; and Arrivals Kiosks that are on-site kiosks. Its Phreesia Platform also provides a registration solution to automate patient self-registration; revenue cycle solution, which offer insurance-verification processes, point-of-sale payments applications, and cost estimation tools; access solutions that offers appointment scheduling system for online appointments, reminders, and referral tracking; and life sciences solution to deliver targeted and clinically relevant marketing content to patients. In addition, the company's Phreesia Platform offers clinical support solution, which collects clinical intake and patient reported outcome (PRO) data for approximately 25 specialties, as well as enables healthcare services clients to communicate with their patients through surveys, announcements, text and email messaging, and health campaigns; and COVID-19 support modules for managing COVID-19 vaccine delivery and identify vaccine-hesitant patients, screening for self-reported COVID-19 risk factors, enabling contactless check-in during in-person visits, and collecting intake information during telehealth visits. It serves patients; single-specialty practices, multi-specialty groups, and health systems; and pharmaceutical, medical device, and biotechnology companies. The company was incorporated in 2005 and is headquartered in Raleigh, North Carolina.",Chaim Indig,Medical - Healthcare Information Services,10.98,USD,661951260,https://images.financialmodelingprep.com/symbol/PHR.png,1564986.0,2019-07-18,-122.0,-0.67,1283927,-25578000,-58527000,"[{'period': '2025', 'revenue': 419.81, 'unit': 'M', 'net_profit': -58.53}, {'period': '2024', 'revenue': 356.3, 'unit': 'M', 'net_profit': -136.88}, {'period': '2023', 'revenue': 280.91, 'unit': 'M', 'net_profit': -176.15}, {'period': '2022', 'revenue': 213.23, 'unit': 'M', 'net_profit': -118.16}]","[{'period': ""Q3 '26"", 'revenue': 120.33, 'unit': 'M', 'net_profit': 4.27}, {'period': ""Q2 '26"", 'revenue': 117250.0, 'unit': 'K', 'net_profit': 654.0}, {'period': ""Q1 '26"", 'revenue': 115.94, 'unit': 'M', 'net_profit': -3.91}, {'period': ""Q4 '25"", 'revenue': 109.68, 'unit': 'M', 'net_profit': -6.39}, {'period': ""Q3 '25"", 'revenue': 106.8, 'unit': 'M', 'net_profit': -14.4}, {'period': ""Q2 '25"", 'revenue': 102.11, 'unit': 'M', 'net_profit': -18.01}]",-1.02,-1.02,388415000,203285000,84220000,123607000,73617000,0,114023000,84220000,8292000,0.7515372286172228,0.5724367169521861,0.593625498007968,__nan__,__nan__,__nan__,0.31823436273058453
135,PHT,Pioneer High Income Fund Inc.,"Pioneer High Income Fund, Inc. is a closed ended fixed income mutual fund launched and managed by Pioneer Investment Management, Inc. It invests in fixed income markets of the United States. The fund primarily invests in below-investment-grade bonds, high-yield corporate bonds, and convertible securities. It seeks to invest in bonds that are rated BBB- or lower by Standard and Poor's or a similar national rating service. The fund benchmarks the performance of its portfolio against the Bank of America Merrill Lynch High Yield Master II Index. Pioneer High Income Fund, Inc. was formed on April 25, 2002 and is domiciled in the United States.",John Francis Cogan Jr.,Asset Management - Income,8.32,USD,244122403,https://images.financialmodelingprep.com/symbol/PHT.png,316936.0,2002-04-26,12.24,-0.07,777032,19732522,19732522,"[{'period': '2024', 'revenue': 26.62, 'unit': 'M', 'net_profit': 19.73}, {'period': '2023', 'revenue': 29.97, 'unit': 'M', 'net_profit': 36.39}, {'period': '2022', 'revenue': -17.18, 'unit': 'M', 'net_profit': -17.74}, {'period': '2021', 'revenue': 6.09, 'unit': 'M', 'net_profit': 5.29}]","[{'period': ""Q4 '24"", 'revenue': 16.9, 'unit': 'M', 'net_profit': 1.98}, {'period': ""Q2 '24"", 'revenue': 14.19, 'unit': 'M', 'net_profit': 17.76}, {'period': ""Q4 '23"", 'revenue': 15.6, 'unit': 'M', 'net_profit': 25.07}, {'period': ""Q2 '23"", 'revenue': 14.36, 'unit': 'M', 'net_profit': 11.32}, {'period': ""Q4 '22"", 'revenue': 8.84, 'unit': 'M', 'net_profit': 29.34}, {'period': ""Q2 '22"", 'revenue': -26.03, 'unit': 'M', 'net_profit': -47.08}]",0.67,0.67,356743815,7161809,788449,116526601,6373360,150775,7328966,788449,18381923,0.0,-0.4577147110697858,-0.4596774193548387,"[0.055, 0.1375]","['2025-07-18', '2002-06-17']",__nan__,0.32663944292909464
136,PHX,PHX Minerals Inc. Common Stock,"PHX Minerals Inc. operates as a natural gas and oil mineral company in the United States. The company produces and sells natural gas, crude oil, and natural gas liquids. Its principal properties are located in Oklahoma, Texas, Louisiana, North Dakota, and Arkansas. As of September 30, 2021, the company owned perpetual ownership of 251,600 net mineral acres; leased 18,298 net acres; and held working interests and royalty interests in 6,457 producing oil and natural gas wells, as well as had 277 wells in the process of being drilled or completed. It sells its products to various purchasers, including pipeline and marketing companies. The company was formerly known as Panhandle Oil and Gas Inc. and changed its name to PHX Minerals Inc. in October 2020. PHX Minerals Inc. was founded in 1926 and is based in Oklahoma City, Oklahoma.",Chad L. Stephens III,Oil & Gas Exploration & Production,4.35,USD,164962440,https://images.financialmodelingprep.com/symbol/PHX.png,504714.0,1992-02-03,22.894736842105264,0.0,392352,15318765,2321866,"[{'period': '2024', 'revenue': 34.27, 'unit': 'M', 'net_profit': 2.32}, {'period': '2023', 'revenue': 35.72, 'unit': 'M', 'net_profit': 13.92}, {'period': '2022', 'revenue': 53.5, 'unit': 'M', 'net_profit': 20.41}, {'period': '2021', 'revenue': 21.97, 'unit': 'M', 'net_profit': -6.22}]","[{'period': ""Q1 '25"", 'revenue': 10.76, 'unit': 'M', 'net_profit': 4.38}, {'period': ""Q4 '24"", 'revenue': 9020.0, 'unit': 'K', 'net_profit': 109.4}, {'period': ""Q3 '24"", 'revenue': 9.14, 'unit': 'M', 'net_profit': 1.1}, {'period': ""Q2 '24"", 'revenue': 9.54, 'unit': 'M', 'net_profit': 1.3}, {'period': ""Q1 '24"", 'revenue': 7870.0, 'unit': 'K', 'net_profit': -183.62}, {'period': ""Q4 '23"", 'revenue': 8.12, 'unit': 'M', 'net_profit': 2.51}]",0.0639,0.0628,163915766,9556933,2242102,41965913,6457514,0,3235745,2242102,10193291,-0.3954280732085123,-0.8332088673064766,-0.8361538461538461,"[0.04, 0.2]","['2025-05-20', '1992-02-04']",__nan__,0.25602121152885315
137,PIAI,Prime Impact Acquisition I Class A Ordinary Shares,"Prime Impact Acquisition I does not have significant operations. It focuses on effecting a merger, share exchange, asset acquisition, share purchase, reorganization, or similar business combination with one or more businesses. The company was incorporated in 2020 and is based in San Jose, California.",Michael D. Cordano,Shell Companies,10.82,USD,137868429,https://images.financialmodelingprep.com/symbol/PIAI.png,31567.0,2020-11-02,-270.5,-0.18,409210,,,[],[],,,,,,,,,,,,,,,__nan__,__nan__,__nan__,__nan__
138,PICC,Pivotal Investment Corporation III Class A Common Stock,"Pivotal Investment Corporation III does not have significant operations. It intends to effect a merger, share exchange, asset acquisition, share purchase, reorganization, or similar business combination with one or more businesses or entities. The company was incorporated in 2020 and is based in New York, New York.",Kevin F. Griffin,Shell Companies,10.0,USD,89220400,https://images.financialmodelingprep.com/symbol/PICC.png,581.0,2021-04-01,-500.0,-0.01,480,-12944094,13076743,"[{'period': '2022', 'revenue': 0.0, 'unit': 'M', 'net_profit': 13.08}, {'period': '2021', 'revenue': 0.0, 'unit': 'M', 'net_profit': 1.55}]","[{'period': ""Q2 '23"", 'revenue': 0.0, 'unit': 'K', 'net_profit': 587.44}, {'period': ""Q1 '23"", 'revenue': 0.0, 'unit': 'K', 'net_profit': -30.91}, {'period': ""Q4 '22"", 'revenue': 0.0, 'unit': 'M', 'net_profit': 1.23}, {'period': ""Q3 '22"", 'revenue': 0.0, 'unit': 'M', 'net_profit': 1.79}, {'period': ""Q2 '22"", 'revenue': 0.0, 'unit': 'M', 'net_profit': 4.62}, {'period': ""Q1 '22"", 'revenue': 0.0, 'unit': 'M', 'net_profit': 5.45}]",0.47,0.47,279031672,367295,355251,270695412,0,278664,260395912,355251,-1321420,-1.3515156029302897,7.459667804175899,9.491071428571427,__nan__,__nan__,__nan__,0.9701243233778852
139,PII,Polaris Inc. Common Stock,"Polaris Inc. designs, engineers, manufactures, and markets power sports vehicles worldwide. It operates through three segments: Off-Road, On-Road and Marine. The company offers off-road vehicles (ORVs), including all-terrain vehicles and side-by-side vehicles; snowmobiles and snow bikes conversion kit systems; motorcycles; and low emission, light duty hauling, passenger, and industrial vehicles. It also provides quadricycles and moto-roadsters; ORV accessories comprising winches, bumper, plows, racks, wheels and tires, pull-behinds, cab systems, lighting and audio systems, cargo box accessories, tracks, and oil; snowmobile accessories, which include covers, traction products, electric starters, reverse kits, tracks, bags, windshields, oil, and lubricants; and motorcycle accessories, such as saddle bags, handlebars, backrests, exhausts, windshields, seats, oil, and various chrome accessories. In addition, the company offers gear and apparel, such as helmets, jackets, gloves, pants, hats, goggles, boots, bibs, and leathers; and pontoon and deck boats. The company provides its products through dealers and distributors, and online; and aftermarket parts, garments, and accessories through 101 brick-and-mortar retail centers, call centers, and e-commerce sites. The company was formerly known as Polaris Industries Inc. Polaris Inc. was founded in 1954 and is headquartered in Medina, Minnesota.",Michael Todd Speetzen,Auto - Recreational Vehicles,54.13,USD,3068665805,https://images.financialmodelingprep.com/symbol/PII.png,941847.0,1987-09-16,-6.62,-2.7,1217973,-114000000,-465500000,"[{'period': '2025', 'revenue': 7150.0, 'unit': 'M', 'net_profit': -465.5}, {'period': '2024', 'revenue': 7180.0, 'unit': 'M', 'net_profit': 110.8}, {'period': '2023', 'revenue': 8930.0, 'unit': 'M', 'net_profit': 502.8}, {'period': '2022', 'revenue': 8590.0, 'unit': 'M', 'net_profit': 589.7}]","[{'period': ""Q4 '25"", 'revenue': 1920.0, 'unit': 'M', 'net_profit': -303.6}, {'period': ""Q3 '25"", 'revenue': 1840.0, 'unit': 'M', 'net_profit': -15.8}, {'period': ""Q2 '25"", 'revenue': 1850.0, 'unit': 'M', 'net_profit': -79.3}, {'period': ""Q1 '25"", 'revenue': 1540.0, 'unit': 'M', 'net_profit': -66.8}, {'period': ""Q4 '24"", 'revenue': 1760.0, 'unit': 'M', 'net_profit': 10.6}, {'period': ""Q3 '24"", 'revenue': 1720.0, 'unit': 'M', 'net_profit': 27.7}]",-8.18,-8.18,4893700000,2206600000,138000000,4054100000,239500000,131500000,2243300000,138000000,558100000,-1.2002107481559536,-5.201263537906137,-5.173469387755103,"[0.68, 1.764]","['2026-03-02', '1987-10-07']",__nan__,0.8284324744058688
140,PIM,Putnam Master Intermediate Income Trust Common Stock,"Putnam Master Intermediate Income Trust is a closed ended fixed income mutual fund launched and managed by Putnam Investment Management, LLC. The fund is co-managed by Putnam Investments Limited. It invests in the fixed income markets of the United States. The fund invests in bonds of companies operating across diversified sectors. It benchmarks the performance of its portfolio against the Barclays Capital Government/Credit Bond Index. Putnam Master Intermediate Income Trust was formed on April 29, 1988 and is domiciled in the United States.",Robert Lloyd Reynolds,Asset Management - Income,3.14,USD,151298831,https://images.financialmodelingprep.com/symbol/PIM.png,95915.0,1988-04-19,14.27,-0.025,103126,10828146,10828146,"[{'period': '2025', 'revenue': 10.96, 'unit': 'M', 'net_profit': 10.83}, {'period': '2024', 'revenue': 22.17, 'unit': 'M', 'net_profit': 21.72}, {'period': '2023', 'revenue': -7.01, 'unit': 'M', 'net_profit': 2.66}, {'period': '2022', 'revenue': -7.43, 'unit': 'M', 'net_profit': -15.17}]","[{'period': ""Q4 '25"", 'revenue': 5.87, 'unit': 'M', 'net_profit': 8.12}, {'period': ""Q2 '25"", 'revenue': 5.09, 'unit': 'M', 'net_profit': 2.71}, {'period': ""Q4 '24"", 'revenue': 8.63, 'unit': 'M', 'net_profit': 8.81}, {'period': ""Q2 '24"", 'revenue': -2.18, 'unit': 'M', 'net_profit': 12.9}, {'period': ""Q4 '23"", 'revenue': 4.93, 'unit': 'M', 'net_profit': -2.85}, {'period': ""Q2 '23"", 'revenue': -11.94, 'unit': 'M', 'net_profit': 5.51}]",0.22,0.22,208578356,6858047,1183874,41542817,5609767,2441681,31261227,1183874,0,-0.5013898547373173,-0.5013898547373173,-0.5111111111111111,"[0.022, 0.086]","['2026-05-21', '1988-06-09']",__nan__,0.19917127451134
141,PINE,Alpine Income Property Trust Inc. Common Stock,"Alpine Income Property Trust, Inc. (NYSE: PINE) is a publicly traded real estate investment trust that acquires, owns and operates a portfolio of high-quality single-tenant net leased commercial income properties.",John Albright,REIT - Retail,17.96,USD,270889962,https://images.financialmodelingprep.com/symbol/PINE.png,189655.0,2019-11-22,-81.64,-0.1,106733,40763000,-2657000,"[{'period': '2025', 'revenue': 60.53, 'unit': 'M', 'net_profit': -2.66}, {'period': '2024', 'revenue': 52.23, 'unit': 'M', 'net_profit': 2.07}, {'period': '2023', 'revenue': 45.64, 'unit': 'M', 'net_profit': 2.92}, {'period': '2022', 'revenue': 45.19, 'unit': 'M', 'net_profit': 29.72}]","[{'period': ""Q4 '25"", 'revenue': 16.9, 'unit': 'M', 'net_profit': 1.47}, {'period': ""Q3 '25"", 'revenue': 14.56, 'unit': 'M', 'net_profit': -1.31}, {'period': ""Q2 '25"", 'revenue': 14.86, 'unit': 'M', 'net_profit': -1.64}, {'period': ""Q1 '25"", 'revenue': 14.21, 'unit': 'M', 'net_profit': -1.18}, {'period': ""Q4 '24"", 'revenue': 13790.0, 'unit': 'K', 'net_profit': -958.0}, {'period': ""Q3 '24"", 'revenue': 13.48, 'unit': 'M', 'net_profit': 3.08}]",-0.22,-0.22,715874000,4589000,4589000,414618000,2981000,611188000,14031000,4589000,-82796000,0.041572976287816844,-2.2860600193610843,-2.466666666666667,"[0.3, 0.058]","['2026-03-12', '2019-12-19']",__nan__,0.5791773412639655
142,PING,Ping Identity Holding Corp. Common Stock,"Ping Identity Holding Corp., doing business as Ping Identity Corporation, offers intelligent identity solutions for the enterprise in the United States and internationally. Its Ping Intelligent Identity platform provides access to cloud, mobile, Software-as-a-Service, and on-premise applications with customers, workforce, and partners. The company's platform offers secure single sign-on; multi-factor authentication; access security; directory solution; dynamic authorization; risk management; identity verification; API intelligence; orchestration; and fraud detection. It also provides professional and customer support services. The company sells its solutions through a direct sales force. Its customers include enterprises in Fortune 100, U.S. banks, healthcare companies, aerospace companies, auto manufacturers, and North American retailers. The company was formerly known as Roaring Fork Holding, Inc. and changed its name to Ping Identity Holding Corp. in August 2019. Ping Identity Holding Corp. was incorporated in 2016 and is headquartered in Denver, Colorado.",Andre Durand,Software - Infrastructure,28.5,USD,0,https://images.financialmodelingprep.com/symbol/PING.png,3165805.0,2019-09-19,-34.37876960193004,0.03,3401520,-37243000,-64391000,"[{'period': '2021', 'revenue': 299.45, 'unit': 'M', 'net_profit': -64.39}, {'period': '2020', 'revenue': 243.59, 'unit': 'M', 'net_profit': -11.89}, {'period': '2019', 'revenue': 242.9, 'unit': 'M', 'net_profit': -1.5}, {'period': '2018', 'revenue': 201.56, 'unit': 'M', 'net_profit': -13.45}]","[{'period': ""Q2 '22"", 'revenue': 72.03, 'unit': 'M', 'net_profit': -47.85}, {'period': ""Q1 '22"", 'revenue': 84.69, 'unit': 'M', 'net_profit': -20.26}, {'period': ""Q4 '21"", 'revenue': 75.42, 'unit': 'M', 'net_profit': -26.03}, {'period': ""Q3 '21"", 'revenue': 76.18, 'unit': 'M', 'net_profit': -11.45}, {'period': ""Q2 '21"", 'revenue': 78.9, 'unit': 'M', 'net_profit': -10.98}, {'period': ""Q1 '21"", 'revenue': 68.94, 'unit': 'M', 'net_profit': -15.93}]",-0.78,-0.78,1178033000,401144000,220607000,436628000,150509000,0,121510000,220607000,18506000,-3.748155253837072,-4.415103860062232,-4.2,__nan__,__nan__,__nan__,0.37064156946367377
143,PINS,Pinterest Inc. Class A Common Stock,"Pinterest, Inc. operates as a visual discovery engine in the United States and internationally. The company's engine allows people to find inspiration for their lives, including recipes, style and home inspiration, DIY, and others; and provides video, product, and idea pins. It shows visual machine learning recommendations based on pinners taste and interests. The company was formerly known as Cold Brew Labs Inc. and changed its name to Pinterest, Inc. in April 2012. Pinterest, Inc. was incorporated in 2008 and is headquartered in San Francisco, California.",William J. Ready,Internet Content & Information,17.76,USD,11983151715,https://images.financialmodelingprep.com/symbol/PINS.png,19024689.0,2019-04-18,29.11,-0.2,13786778,345034000,416855000,"[{'period': '2025', 'revenue': 4220.0, 'unit': 'M', 'net_profit': 416.86}, {'period': '2024', 'revenue': 3.65, 'unit': 'B', 'net_profit': 1.86}, {'period': '2023', 'revenue': 3060.0, 'unit': 'M', 'net_profit': -35.61}, {'period': '2022', 'revenue': 2800.0, 'unit': 'M', 'net_profit': -96.05}]","[{'period': ""Q4 '25"", 'revenue': 1320.0, 'unit': 'M', 'net_profit': 277.07}, {'period': ""Q3 '25"", 'revenue': 1050.0, 'unit': 'M', 'net_profit': 92.11}, {'period': ""Q2 '25"", 'revenue': 998.23, 'unit': 'M', 'net_profit': 38.76}, {'period': ""Q1 '25"", 'revenue': 854.99, 'unit': 'M', 'net_profit': 8.92}, {'period': ""Q4 '24"", 'revenue': 1.15, 'unit': 'B', 'net_profit': 1.85}, {'period': ""Q3 '24"", 'revenue': 898.37, 'unit': 'M', 'net_profit': 30.56}]",0.62,0.61,5510929000,3555737000,2467153000,765691000,997849000,6020000,465473000,969342000,1251889000,0.7158785178259723,-0.776137878294791,-0.7737226277372262,__nan__,__nan__,__nan__,0.13894045813328387
144,PIPP,Pine Island Acquisition Corp. Class A Common Stock,"Pine Island Acquisition Corp. does not have significant operations. The company focuses on effecting a merger, capital stock exchange, asset acquisition, stock purchase, reorganization, or similar business combination with one or more businesses. It intends to focus on the businesses in the aerospace, defense, and government services sectors. The company was incorporated in 2020 and is based in Fort Lauderdale, Florida.",,Shell Companies,10.03,USD,0,https://images.financialmodelingprep.com/symbol/PIPP.png,154848.0,2021-01-07,29.5,0.0,290948,9055000,19786000,"[{'period': '2021', 'revenue': 0.0, 'unit': 'M', 'net_profit': 19.79}, {'period': '2020', 'revenue': 0.0, 'unit': 'K', 'net_profit': -235.0}]","[{'period': ""Q2 '22"", 'revenue': 0.0, 'unit': 'M', 'net_profit': 4.57}, {'period': ""Q1 '22"", 'revenue': 0.0, 'unit': 'M', 'net_profit': 9.16}, {'period': ""Q4 '21"", 'revenue': 0.0, 'unit': 'M', 'net_profit': 6.22}, {'period': ""Q3 '21"", 'revenue': 0.0, 'unit': 'M', 'net_profit': 3.9}, {'period': ""Q2 '21"", 'revenue': 0.0, 'unit': 'M', 'net_profit': 2.12}, {'period': ""Q1 '21"", 'revenue': 0.0, 'unit': 'M', 'net_profit': 4.18}]",0.72,0.72,218870341,424410,16421,19198478,0,218445931,1067348,16421,-632454,39.53191489361702,85.19574468085106,84.72093023255815,__nan__,__nan__,__nan__,0.08771621551044233
145,PIPR,Piper Sandler Companies Common Stock,"Piper Sandler Companies operates as an investment bank and institutional securities firm that serves corporations, private equity groups, public entities, non-profit entities, and institutional investors in the United States and internationally. The company offers investment banking and institutional sales, trading, and research services for various equity and fixed income products. It provides advisory services, such as mergers and acquisitions, equity private placements, and debt and restructuring advisory; raises capital through equity and debt financings; underwrites municipal issuances; and offers municipal financial advisory and loan placement services, as well as various over-the-counter derivative products. The company also offers public finance investment banking services that focus on state and local governments, and cultural and social service non-profit entities, as well as the education, healthcare, hospitality, senior living, and transportation sectors. In addition, it provides equity and fixed income advisory and trade execution services for institutional investors, and government and non-profit entities. Further, the company is involved in the alternative asset management funds merchant banking and healthcare to invest firm capital and to manage capital from outside investors, as well as trading activities. The company was formerly known as Piper Jaffray Companies and changed its name to Piper Sandler Companies in January 2020. Piper Sandler Companies was founded in 1895 and is headquartered in Minneapolis, Minnesota.",Chad R. Abraham,Financial - Capital Markets,73.02,USD,1301391648,https://images.financialmodelingprep.com/symbol/PIPR.png,172047.0,2004-01-02,18.44,-2.03,444312,412919000,281331000,"[{'period': '2025', 'revenue': 1900.0, 'unit': 'M', 'net_profit': 281.33}, {'period': '2024', 'revenue': 1480.0, 'unit': 'M', 'net_profit': 181.11}, {'period': '2023', 'revenue': 1310.0, 'unit': 'M', 'net_profit': 85.49}, {'period': '2022', 'revenue': 1380.0, 'unit': 'M', 'net_profit': 110.67}]","[{'period': ""Q4 '25"", 'revenue': 666.99, 'unit': 'M', 'net_profit': 113.97}, {'period': ""Q3 '25"", 'revenue': 462.37, 'unit': 'M', 'net_profit': 60.27}, {'period': ""Q2 '25"", 'revenue': 393.88, 'unit': 'M', 'net_profit': 42.18}, {'period': ""Q1 '25"", 'revenue': 347.92, 'unit': 'M', 'net_profit': 64.92}, {'period': ""Q4 '24"", 'revenue': 467.97, 'unit': 'M', 'net_profit': 69.06}, {'period': ""Q3 '24"", 'revenue': 349.73, 'unit': 'M', 'net_profit': 34.79}]",4.22,3.96,0,0,0,-1463164000,0,0,0,0,697528000,0.6820675973488999,0.5533365725454686,0.4755244755244755,"[5.7, 0.3125]","['2026-03-03', '2017-02-15']",__nan__,__nan__
146,PJT,PJT Partners Inc. Class A Common Stock,"PJT Partners Inc., an investment bank, provides various strategic and capital markets advisory, restructuring and special situations, and shareholder advisory services to corporations, financial sponsors, institutional investors, and governments worldwide. It offers advisory services to clients on various transactions, including mergers and acquisitions (M&A), spin-offs, activism defense, contested M&A, joint ventures, minority investments, and divestitures. The company also advises private and public company boards and management teams on strategies for building productive investor relationships with a focus on shareholder engagement; and strategic investor relations; environmental, social, and governance matters; and other investor-related matters. In addition, it provides advisory services related to debt and acquisition financings; structured product offerings; public equity raises, including initial public offering and SPAC offerings; and private capital raises for early and later stage companies, as well as other capital structure related matters. Further, the company offers advisory services in restructurings and recapitalizations; and serving a range of companies, creditors, and financial sponsors on liability management and related capital raise transactions, including exchanges, recapitalizations, reorganizations, debt repurchases, and distressed mergers and acquisitions. Additionally, it provides private fund advisory and fundraising services for a range of investment strategies; and advisory services to GPs and LPs on liquidity and other structured solutions in the secondary market. The company was formerly known as Blackstone Advisory Inc. and changed its name to PJT Partners Inc. in March 2015. PJT Partners Inc. was incorporated in 2014 and is headquartered in New York, New York.",Paul Jeffrey Taubman,Financial - Capital Markets,136.5,USD,3299870438,https://images.financialmodelingprep.com/symbol/PJT.png,330501.0,2015-09-22,20.46,-2.7,463230,394106000,180115000,"[{'period': '2025', 'revenue': 1710.0, 'unit': 'M', 'net_profit': 180.12}, {'period': '2024', 'revenue': 1490.0, 'unit': 'M', 'net_profit': 134.39}, {'period': '2023', 'revenue': 1150.0, 'unit': 'M', 'net_profit': 81.8}, {'period': '2022', 'revenue': 1030.0, 'unit': 'M', 'net_profit': 90.53}]","[{'period': ""Q4 '25"", 'revenue': 535.16, 'unit': 'M', 'net_profit': 53.36}, {'period': ""Q3 '25"", 'revenue': 447.09, 'unit': 'M', 'net_profit': 39.84}, {'period': ""Q2 '25"", 'revenue': 406.88, 'unit': 'M', 'net_profit': 32.9}, {'period': ""Q1 '25"", 'revenue': 324.53, 'unit': 'M', 'net_profit': 54.02}, {'period': ""Q4 '24"", 'revenue': 477.28, 'unit': 'M', 'net_profit': 51.3}, {'period': ""Q3 '24"", 'revenue': 326.32, 'unit': 'M', 'net_profit': 22.15}]",7.0,6.68,1907009000,990120000,585798000,897966000,404322000,0,35780000,538858000,480437000,0.23730766453492572,0.3402111717128124,0.3257575757575757,"[0.25, 0.05]","['2026-03-04', '2016-03-07']",__nan__,0.4708766450499185
147,PK,Park Hotels & Resorts Inc. Common Stock ,"Park is the second largest publicly traded lodging REIT with a diverse portfolio of market-leading hotels and resorts with significant underlying real estate value. Park's portfolio currently consists of 60 premium-branded hotels and resorts with over 33,000 rooms primarily located in prime city center and resort locations.",Thomas Jeremiah Baltimore Jr.,REIT - Hotel & Motel,10.43,USD,2100581140,https://images.financialmodelingprep.com/symbol/PK.png,3914427.0,2017-01-04,-7.29,-0.29,2002699,333000000,-283000000,"[{'period': '2025', 'revenue': 2540.0, 'unit': 'M', 'net_profit': -283.0}, {'period': '2024', 'revenue': 2600.0, 'unit': 'M', 'net_profit': 212.0}, {'period': '2023', 'revenue': 2700.0, 'unit': 'M', 'net_profit': 97.0}, {'period': '2022', 'revenue': 2500.0, 'unit': 'M', 'net_profit': 162.0}]","[{'period': ""Q4 '25"", 'revenue': 629.0, 'unit': 'M', 'net_profit': -205.0}, {'period': ""Q3 '25"", 'revenue': 610.0, 'unit': 'M', 'net_profit': -16.0}, {'period': ""Q2 '25"", 'revenue': 672.0, 'unit': 'M', 'net_profit': -5.0}, {'period': ""Q1 '25"", 'revenue': 630.0, 'unit': 'M', 'net_profit': -57.0}, {'period': ""Q4 '24"", 'revenue': 625.0, 'unit': 'M', 'net_profit': 66.0}, {'period': ""Q3 '24"", 'revenue': 649.0, 'unit': 'M', 'net_profit': 54.0}]",-1.42,-1.42,7700000000,348000000,232000000,4624000000,116000000,6955000000,1601000000,232000000,104000000,-0.521551724137931,-2.3349056603773586,-2.392156862745098,"[0.25, 2.79]","['2026-03-31', '2017-01-17']",__nan__,0.6005194805194806
148,PKE,Park Aerospace Corp. Common Stock,"Park Aerospace Corp. develops and manufactures solution and hot-melt advanced composite materials used to produce composite structures for the aerospace market in North America, Asia, and Europe. It offers advanced composite materials, including film adhesives and lightning strike materials that are used to produce primary and secondary structures for jet engines, large and regional transport aircrafts, military aircrafts, unmanned aerial vehicles, business jets, general aviation aircrafts, and rotary wing aircrafts. The company also provides specialty ablative materials for rocket motors and nozzles; and specially designed materials for radome applications. In addition, it designs and fabricates composite parts, structures and assemblies, and low volume tooling for the aerospace industry. The company was formerly known as Park Electrochemical Corp. and changed its name to Park Aerospace Corp. in July 2019. Park Aerospace Corp. was incorporated in 1954 and is based in Westbury, New York.",Brian E. Shore,Aerospace & Defense,27.52,USD,548357961,https://images.financialmodelingprep.com/symbol/PKE.png,289957.0,1980-03-17,64.0,-0.07,185376,11358000,5882000,"[{'period': '2025', 'revenue': 62.03, 'unit': 'M', 'net_profit': 5.88}, {'period': '2024', 'revenue': 56.0, 'unit': 'M', 'net_profit': 7.47}, {'period': '2023', 'revenue': 54.05, 'unit': 'M', 'net_profit': 10.73}, {'period': '2022', 'revenue': 53.58, 'unit': 'M', 'net_profit': 8.46}]","[{'period': ""Q3 '26"", 'revenue': 17.33, 'unit': 'M', 'net_profit': 2.95}, {'period': ""Q2 '26"", 'revenue': 16.38, 'unit': 'M', 'net_profit': 2.4}, {'period': ""Q1 '26"", 'revenue': 15.4, 'unit': 'M', 'net_profit': 2.08}, {'period': ""Q4 '25"", 'revenue': 16.94, 'unit': 'M', 'net_profit': 1.25}, {'period': ""Q3 '25"", 'revenue': 14.41, 'unit': 'M', 'net_profit': 1.58}, {'period': ""Q2 '25"", 'revenue': 16.71, 'unit': 'M', 'net_profit': 2.07}]",0.29,0.29,122108000,90294000,68834000,14954000,12903000,0,9261000,21621000,3828000,0.048269497000461466,-0.21289977251438513,-0.21621621621621626,"[0.125, 0.09]","['2026-04-02', '1985-10-15']",__nan__,0.12246535853506732
149,PKG,Packaging Corporation of America Common Stock,"Packaging Corporation of America manufactures and sells containerboard and corrugated packaging products in the United States. The company operates through Packaging and Paper segments. The Packaging segment offers various containerboard and corrugated packaging products, such as conventional shipping containers used to protect and transport manufactured goods; multi-color boxes and displays that help to merchandise the packaged product in retail locations; and honeycomb protective packaging products, as well as packaging for meat, fresh fruit and vegetables, processed food, beverages, and other industrial and consumer products. This segment sells its corrugated products through a direct sales and marketing organization, independent brokers, and distribution partners. The Paper segment manufactures and sells commodity and specialty papers, as well as communication papers, including cut-size office papers, and printing and converting papers. This segment sells white papers through its sales and marketing organization. Packaging Corporation of America was founded in 1867 and is headquartered in Lake Forest, Illinois.",Mark W. Kowlzan,Packaging & Containers,212.25,USD,18935544150,https://images.financialmodelingprep.com/symbol/PKG.png,1070954.0,2000-01-28,24.77,-0.35,479087,1759700000,768900000,"[{'period': '2025', 'revenue': 8990.0, 'unit': 'M', 'net_profit': 768.9}, {'period': '2024', 'revenue': 8380.0, 'unit': 'M', 'net_profit': 805.1}, {'period': '2023', 'revenue': 7800.0, 'unit': 'M', 'net_profit': 765.2}, {'period': '2022', 'revenue': 8.48, 'unit': 'B', 'net_profit': 1.03}]","[{'period': ""Q4 '25"", 'revenue': 2360.0, 'unit': 'M', 'net_profit': 101.1}, {'period': ""Q3 '25"", 'revenue': 2310.0, 'unit': 'M', 'net_profit': 226.9}, {'period': ""Q2 '25"", 'revenue': 2170.0, 'unit': 'M', 'net_profit': 241.5}, {'period': ""Q1 '25"", 'revenue': 2140.0, 'unit': 'M', 'net_profit': 203.8}, {'period': ""Q4 '24"", 'revenue': 2150.0, 'unit': 'M', 'net_profit': 221.1}, {'period': ""Q3 '24"", 'revenue': 2180.0, 'unit': 'M', 'net_profit': 238.1}]",8.61,8.58,10924600000,3213700000,600800000,6326600000,1283900000,67000000,1015100000,529000000,728600000,0.07864410935392914,-0.04496335858899515,-0.04013377926421418,"[1.25, 0.15]","['2026-03-13', '2003-12-11']",__nan__,0.5791150248064002
150,PKI,PerkinElmer Inc. Common Stock,"PerkinElmer, Inc. provides products, services, and solutions to the diagnostics, life sciences, and applied services markets worldwide. It operates through two segments, Discovery & Analytical Solutions and Diagnostics. The Discovery & Analytical Solutions segment offers a suite of solutions, including reagents, informatics, and detection and imaging technologies that enable scientists to enhance research breakthroughs in the life sciences research market, as well as contract research and laboratory services. It also provides analytical technologies, solutions, and services for the environmental, food, and industrial markets that enable its customers to understand the characterize the health of various aspects, including air, water, and soil. In addition, this segment offers solutions to farmers and food producers; and analytical instrumentation for the industrial market, which includes the chemical, semiconductor and electronics, energy, lubricant, petrochemical, and polymer industries. The Diagnostics segment provides instruments, reagents, assay platforms, and software products for the early detection of genetic disorders, such as pregnancy and early childhood, as well as infectious disease testing in the diagnostics market. Its products are used for testing and screening genetic abnormalities, disorders, and diseases, including down syndrome, hypothyroidism, muscular dystrophy, infertility, and various metabolic conditions. This segment also develops technologies that enable and support genomic workflows using protein coupled receptor and next-generation DNA sequencing for applications in oncology, immunodiagnostics, and drug discovery. It serves pharmaceutical and biotechnology companies, laboratories, academic and research institutions, public health authorities, private healthcare organizations, doctors, and government agencies. PerkinElmer, Inc. was founded in 1937 and is headquartered in Waltham, Massachusetts.",Prahlad R. Singh,Medical - Diagnostics & Research,115.24,USD,14455820840,https://images.financialmodelingprep.com/symbol/PKI.png,808389.0,1983-04-06,41.45323741007194,-1.06,1633024,765802000,241201000,"[{'period': '2025', 'revenue': 2860.0, 'unit': 'M', 'net_profit': 241.2}, {'period': '2024', 'revenue': 2760.0, 'unit': 'M', 'net_profit': 270.38}, {'period': '2022', 'revenue': 3310.0, 'unit': 'M', 'net_profit': 579.18}, {'period': '2021', 'revenue': 5070.0, 'unit': 'M', 'net_profit': 932.16}]","[{'period': ""Q4 '25"", 'revenue': 772.06, 'unit': 'M', 'net_profit': 98.36}, {'period': ""Q3 '25"", 'revenue': 698.95, 'unit': 'M', 'net_profit': 46.65}, {'period': ""Q2 '25"", 'revenue': 720.28, 'unit': 'M', 'net_profit': 53.95}, {'period': ""Q1 '25"", 'revenue': 664.76, 'unit': 'M', 'net_profit': 42.24}, {'period': ""Q4 '24"", 'revenue': 629.88, 'unit': 'M', 'net_profit': 102.48}, {'period': ""Q3 '24"", 'revenue': 684.05, 'unit': 'M', 'net_profit': 94.37}]",2.07,2.07,12168411000,2239747000,919860000,4918051000,744671000,0,1331246000,919860000,515434000,1.2085706622522285,-0.10793498160031066,-0.07174887892376688,"[0.07, 0.09]","['2023-07-20', '1983-04-18']",__nan__,0.4041654247214365
151,PKO,Pimco Income Opportunity Fund Common Shares of Beneficial Interest,"PIMCO Income Opportunity Fund (the Fund) is a diversified closed-end management investment company. The Fund's investment objective is to seek current income as a primary focus and also capital appreciation. The Fund invests a substantial portion of assets in a variety of mortgage-related securities and may hold common stocks, including those received from conversion of other portfolio securities. The Fund may invest up to 40% of its total assets in bank loans (including, among others, senior loans, delayed funding loans and revolving credit facilities). The Fund may also invest up to 40% of its total assets in securities of issuers economically tied to emerging market countries. The Fund invests in range of portfolio sectors, which include the United States Government Related, mortgage, non-agency mortgage, high yield credit, emerging markets, emerging markets and other. Pacific Investment Management Company LLC is the investment manager of the Fund.",Julian Sluyters,Asset Management - Income,23.77,USD,0,https://images.financialmodelingprep.com/symbol/PKO.png,76372.0,2007-11-28,,-0.0900002,50778,,,[],[],,,,,,,,,,,,,,,"[0.19, 0.177]","['2021-12-07', '2008-01-16']",__nan__,__nan__
152,PKX,POSCO Common Stock,"POSCO Holdings Inc., together with its subsidiaries, manufactures and sells steel rolled products and plates in South Korea and internationally. It operates through four segments: Steel, Construction, Trading, and Others. The company offers hot and cold rolled steel, steel plates, wire rods, galvanized sheets, electrical steel, stainless steel, and titanium. It also engages in the design, manufacture, and construction of steel mills and their facilities, and commercial and residential facilities; export and import of raw materials, as well as provision of supply and purchase transactions between domestic and foreign companies, and various steel products; power generation activities; and provision of network, system integration, and logistics services. In addition, the company is involved in the engineering and construction; research and consulting; architectural design and supervision; investment in venture, energy, and technology industries; electronic commerce; intellectual property services and consulting; transporting and warehousing; real estate development, rental, sale, and management; and education and real estate business. Further, it engages in the resource development; mine development; business facility maintenance; fuel cell; iron ore and coal sales; anode reproduction; and cargo handling business, as well as operates housing business agency. Additionally, the company is involved in the IT service and DVR; electric control engineering; forest resources development; refractory materials sales and furnace maintenance; quicklime manufacturing and sales; wastewater treatment operation and maintenance; rice processing; grain sales; and social enterprise businesses. POSCO Holdings Inc. was incorporated in 1968 and is headquartered in Pohang, South Korea.",In-Hwa Chang,Steel,56.44,USD,17072157904,https://images.financialmodelingprep.com/symbol/PKX.png,206250.0,1994-10-14,39.19,-0.06,181282,5811459000000,658000000000,"[{'period': '2025', 'revenue': 69090.0, 'unit': 'B', 'net_profit': 658.0}, {'period': '2024', 'revenue': 72.69, 'unit': 'T', 'net_profit': 1.09}, {'period': '2023', 'revenue': 77.13, 'unit': 'T', 'net_profit': 1.7}, {'period': '2022', 'revenue': 84.75, 'unit': 'T', 'net_profit': 3.14}]","[{'period': ""Q4 '25"", 'revenue': 16840.0, 'unit': 'B', 'net_profit': -225.0}, {'period': ""Q3 '25"", 'revenue': 17260.0, 'unit': 'B', 'net_profit': 421.0}, {'period': ""Q2 '25"", 'revenue': 17560.0, 'unit': 'B', 'net_profit': 159.87}, {'period': ""Q1 '25"", 'revenue': 17440.0, 'unit': 'B', 'net_profit': 302.3}, {'period': ""Q4 '24"", 'revenue': 17810.0, 'unit': 'B', 'net_profit': -428.39}, {'period': ""Q3 '24"", 'revenue': 18320.0, 'unit': 'B', 'net_profit': 452.65}]",2174.25,2174.25,105192000000000,43848000000000,8468874690000,42814000000000,11198000000000,11342683456000,23132000000000,15593000000000,-1080514000000,-0.04841467950305302,-0.3990412750197498,-0.3981731368071414,"[0.33348, 0.035]","['2025-11-26', '1994-12-23']",__nan__,0.40700813750095066
153,PLAN,Anaplan Inc. Common Stock,"Anaplan, Inc. provides a cloud-based connected planning platform to connect organizations and people in the Americas, Europe, the Middle East, Africa, and the Asia Pacific. Its platform in-memory data storage and calculation capabilities deliver calculations of data in real time and provide a single source of information for planning, ensuring the consistency, quality, and integrity of the data utilized across the enterprise. The company delivers its application over the Internet as a subscription service using a software-as-a-service model, as well as offers professional services related to implementing and supporting its application. It serves banking, capital markets, consumer products, healthcare, insurance, life science, media, professional services, retail, technology, telecom, and transportation industries, as well as government agencies. Anaplan, Inc. was founded in 2008 and is headquartered in San Francisco, California.",Frank A. Calderoni,Software - Infrastructure,63.73,USD,9593148165,https://images.financialmodelingprep.com/symbol/PLAN.png,4968748.0,2018-10-12,-44.81715893108298,0.36999893,8356048,-179667000,-211771000,"[{'period': '2021', 'revenue': 592.18, 'unit': 'M', 'net_profit': -211.77}, {'period': '2020', 'revenue': 447.75, 'unit': 'M', 'net_profit': -153.97}, {'period': '2019', 'revenue': 348.02, 'unit': 'M', 'net_profit': -149.22}, {'period': '2018', 'revenue': 240.64, 'unit': 'M', 'net_profit': -131.02}]","[{'period': ""Q1 '22"", 'revenue': 169.16, 'unit': 'M', 'net_profit': -57.86}, {'period': ""Q4 '21"", 'revenue': 162.68, 'unit': 'M', 'net_profit': -54.4}, {'period': ""Q3 '21"", 'revenue': 155.35, 'unit': 'M', 'net_profit': -40.98}, {'period': ""Q2 '21"", 'revenue': 144.32, 'unit': 'M', 'net_profit': -51.12}, {'period': ""Q1 '21"", 'revenue': 129.82, 'unit': 'M', 'net_profit': -51.49}, {'period': ""Q4 '20"", 'revenue': 122.53, 'unit': 'M', 'net_profit': -42.05}]",-1.52,-1.52,832635000,577809000,299371000,569934000,196500000,0,522467000,299371000,-39196000,-0.4484017896731025,-0.3754310988718362,-0.3818181818181817,__nan__,__nan__,__nan__,0.6844944063124898
154,PLD,Prologis Inc. Common Stock,"Prologis, Inc. is the global leader in logistics real estate with a focus on high-barrier, high-growth markets. As of December 31, 2020, the company owned or had investments in, on a wholly owned basis or through co-investment ventures, properties and development projects expected to total approximately 984 million square feet (91 million square meters) in 19 countries. Prologis leases modern logistics facilities to a diverse base of approximately 5,500 customers principally across two major categories: business-to-business and retail/online fulfillment.",Daniel Stephen Letter,REIT - Industrial,128.9,USD,119820155100,https://images.financialmodelingprep.com/symbol/PLD.png,3382335.0,1997-11-21,36.31,-0.84,2736605,7199053000,3410663000,"[{'period': '2025', 'revenue': 8.79, 'unit': 'B', 'net_profit': 3.41}, {'period': '2024', 'revenue': 8.2, 'unit': 'B', 'net_profit': 3.73}, {'period': '2023', 'revenue': 8.02, 'unit': 'B', 'net_profit': 3.06}, {'period': '2022', 'revenue': 5.97, 'unit': 'B', 'net_profit': 3.36}]","[{'period': ""Q4 '25"", 'revenue': 2.25, 'unit': 'B', 'net_profit': 1.4}, {'period': ""Q3 '25"", 'revenue': 2210.0, 'unit': 'M', 'net_profit': 764.27}, {'period': ""Q2 '25"", 'revenue': 2180.0, 'unit': 'M', 'net_profit': 571.23}, {'period': ""Q1 '25"", 'revenue': 2140.0, 'unit': 'M', 'net_profit': 592.95}, {'period': ""Q4 '24"", 'revenue': 2.2, 'unit': 'B', 'net_profit': 1.28}, {'period': ""Q3 '24"", 'revenue': 2.04, 'unit': 'B', 'net_profit': 1.01}]",3.57,3.54,98724256000,1348991000,1145647000,40970248000,0,11093936000,5933175000,1145647000,5008434000,-0.04429226041735671,-0.08601377144334856,-0.11414392059553359,"[1.07, 0.134]","['2026-03-17', '1997-12-16']",__nan__,0.41499677647608707
155,PLNT,Planet Fitness Inc. Common Stock,"Planet Fitness, Inc., together with its subsidiaries, franchises and operates fitness centers under the Planet Fitness brand. It operates through Franchise, Corporate-Owned Stores, and Equipment segments. The Franchise segment is involved in franchising business in the United States, Puerto Rico, Canada, Panama, Mexico, and Australia. The Corporate-Owned Stores segment operates corporate-owned stores in the United States and Canada. The Equipment segment engages in the sale of fitness equipment to franchisee-owned stores in the United States and Canada. As of December 31,2021, the company had 2,254 stores in 50 states, the District of Columbia, Puerto Rico, Canada, Panama, Mexico, and Australia. Planet Fitness, Inc. was founded in 1992 and is headquartered in Hampton, New Hampshire.",Colleen Keating,Leisure,73.8,USD,5905034750,https://images.financialmodelingprep.com/symbol/PLNT.png,1901410.0,2015-08-06,28.17,-1.6,941199,570167000,219104000,"[{'period': '2025', 'revenue': 1320.0, 'unit': 'M', 'net_profit': 219.1}, {'period': '2024', 'revenue': 1180.0, 'unit': 'M', 'net_profit': 172.04}, {'period': '2023', 'revenue': 1070.0, 'unit': 'M', 'net_profit': 138.31}, {'period': '2022', 'revenue': 936.77, 'unit': 'M', 'net_profit': 99.4}]","[{'period': ""Q4 '25"", 'revenue': 376.26, 'unit': 'M', 'net_profit': 60.39}, {'period': ""Q3 '25"", 'revenue': 330.35, 'unit': 'M', 'net_profit': 58.83}, {'period': ""Q2 '25"", 'revenue': 340.88, 'unit': 'M', 'net_profit': 58.02}, {'period': ""Q1 '25"", 'revenue': 276.66, 'unit': 'M', 'net_profit': 41.87}, {'period': ""Q4 '24"", 'revenue': 340.45, 'unit': 'M', 'net_profit': 47.08}, {'period': ""Q3 '24"", 'revenue': 292.25, 'unit': 'M', 'net_profit': 42.01}]",2.62,2.62,3103395000,658386000,452413000,3586773000,104525000,69700000,312490000,345652000,254751000,0.12434358552664013,0.27354948210320734,0.3034825870646768,"[2.78, 2.78]","['2016-11-18', '2016-11-18']",__nan__,1.1557578071756898
156,PLOW,Douglas Dynamics Inc. Common Stock,"Douglas Dynamics, Inc. operates as a manufacturer and upfitter of commercial work truck attachments and equipment in North America. It operates through two segments, Work Truck Attachments and Work Truck Solutions. The Work Truck Attachments segment manufactures and sells snow and ice control attachments, including snowplows, and sand and salt spreaders for light trucks and heavy duty trucks, as well as various related parts and accessories. The Work Truck Solutions segment primarily manufactures municipal snow and ice control products; provides truck and vehicle upfits where it attaches component pieces of equipment, truck bodies, racking, and storage solutions to a vehicle chassis for use by end users for work related purposes; and manufactures storage solutions for trucks and vans, and cable pulling equipment for trucks. This segment also offers up-fit and storage solutions. It also provides customized turnkey solutions to governmental agencies, such as Departments of Transportation and municipalities. The company sells its products under the BLIZZARD, FISHER, SNOWEX, WESTERN, TURFEX, SWEEPEX, HENDERSON, BRINEXTREME, and DEJANA brands. It distributes its products primarily to professional snowplowers who are contracted to remove snow and ice from commercial and residential areas. The company was founded in 1948 and is headquartered in Milwaukee, Wisconsin.",Mark Van Genderen,Auto - Parts,41.42,USD,956172416,https://images.financialmodelingprep.com/symbol/PLOW.png,220849.0,2010-05-05,21.13,-1.03,118134,88979000,46897000,"[{'period': '2025', 'revenue': 656.05, 'unit': 'M', 'net_profit': 46.9}, {'period': '2024', 'revenue': 568.5, 'unit': 'M', 'net_profit': 56.15}, {'period': '2023', 'revenue': 568.18, 'unit': 'M', 'net_profit': 23.72}, {'period': '2022', 'revenue': 616.07, 'unit': 'M', 'net_profit': 38.61}]","[{'period': ""Q4 '25"", 'revenue': 184.54, 'unit': 'M', 'net_profit': 12.84}, {'period': ""Q3 '25"", 'revenue': 162.12, 'unit': 'M', 'net_profit': 7.96}, {'period': ""Q2 '25"", 'revenue': 194.33, 'unit': 'M', 'net_profit': 25.95}, {'period': ""Q1 '25"", 'revenue': 115070.0, 'unit': 'K', 'net_profit': 148.0}, {'period': ""Q4 '24"", 'revenue': 143.55, 'unit': 'M', 'net_profit': 7.91}, {'period': ""Q3 '24"", 'revenue': 129.4, 'unit': 'M', 'net_profit': 32.26}]",2.03,1.97,626701000,266033000,8297000,345255000,97561000,0,95847000,8297000,63557000,-0.1687390812866098,-0.1648056134352015,-0.15062761506276162,"[0.295, 0.1825]","['2026-03-17', '2010-09-21']",__nan__,0.5509086470262533
157,PLT,Plantronics Inc. Common Stock,"The Defiance Leveraged Long + Income PLTR ETF (the “Fund”) seeks long-term capital appreciation, with a secondary objective to seek current income.",Scott Snyder,Asset Management,12.3758,USD,971339,https://images.financialmodelingprep.com/symbol/PLT.png,22969.0,2025-08-19,,-0.3395,8586,,,[],[],,,,,,,,,,,,,,,"[0.1519, 0.1761]","['2026-01-21', '2025-09-03']",__nan__,__nan__
158,PLTR,Palantir Technologies Inc. Class A Common Stock,"Palantir Technologies Inc. builds and deploys software platforms for the intelligence community to assist in counterterrorism investigations and operations in the United States, the United Kingdom, and internationally. The company provides Palantir Gotham, a software platform which enables users to identify patterns hidden deep within datasets, ranging from signals intelligence sources to reports from confidential informants, as well as facilitates the handoff between analysts and operational users, helping operators plan and execute real-world responses to threats that have been identified within the platform. It also offers Palantir Foundry, a platform that transforms the ways organizations operate by creating a central operating system for their data; and allows individual users to integrate and analyze the data they need in one place. In addition, it provides Palantir Apollo, a software that delivers software and updates across the business, as well as enables customers to deploy their software virtually in any environment; and Palantir Artificial Intelligence Platform (AIP) that provides unified access to open-source, self-hosted, and commercial large language models (LLM) that can transform structured and unstructured data into LLM-understandable objects and can turn organizations' actions and processes into tools for humans and LLM-driven agents. The company was incorporated in 2003 and is headquartered in Denver, Colorado.",Alexander C. Karp,Software - Infrastructure,143.06,USD,327817698200,https://images.financialmodelingprep.com/symbol/PLTR.png,48254947.0,2020-09-30,227.08,-4.5,35594698,1440160000,1625033000,"[{'period': '2025', 'revenue': 4.48, 'unit': 'B', 'net_profit': 1.63}, {'period': '2024', 'revenue': 2870.0, 'unit': 'M', 'net_profit': 462.19}, {'period': '2023', 'revenue': 2230.0, 'unit': 'M', 'net_profit': 209.82}, {'period': '2022', 'revenue': 1910.0, 'unit': 'M', 'net_profit': -373.7}]","[{'period': ""Q4 '25"", 'revenue': 1410.0, 'unit': 'M', 'net_profit': 608.68}, {'period': ""Q3 '25"", 'revenue': 1180.0, 'unit': 'M', 'net_profit': 475.6}, {'period': ""Q2 '25"", 'revenue': 1000.0, 'unit': 'M', 'net_profit': 326.73}, {'period': ""Q1 '25"", 'revenue': 883.86, 'unit': 'M', 'net_profit': 214.03}, {'period': ""Q4 '24"", 'revenue': 827.52, 'unit': 'M', 'net_profit': 79.01}, {'period': ""Q3 '24"", 'revenue': 725.52, 'unit': 'M', 'net_profit': 143.53}]",0.69,0.63,8900392000,8358174000,7177043000,1412381000,1042065000,0,1175581000,1423796000,2100591000,3.211117284131115,2.5159414959215907,2.2857142857142856,__nan__,__nan__,__nan__,0.1586875049997798
159,PLYM,Plymouth Industrial REIT Inc. Common Stock,"Plymouth Industrial REIT, Inc. is a vertically integrated and self-managed real estate investment trust focused on the acquisition and operation of single and multi-tenant industrial properties located in secondary and select primary markets across the United States. The Company seeks to acquire properties that provide income and growth that enable the Company to leverage its real estate operating expertise to enhance shareholder value through active asset management, prudent property re-positioning and disciplined capital deployment.",Jeffrey Earle Witherell,REIT - Industrial,21.98,USD,979234585,https://images.financialmodelingprep.com/symbol/PLYM.png,1517167.0,2017-06-09,10.881188118811881,0.01,2344943,267734000,139344000,"[{'period': '2024', 'revenue': 198.35, 'unit': 'M', 'net_profit': 139.34}, {'period': '2023', 'revenue': 199.85, 'unit': 'M', 'net_profit': 13.66}, {'period': '2022', 'revenue': 183.54, 'unit': 'M', 'net_profit': -16.89}, {'period': '2021', 'revenue': 140.62, 'unit': 'M', 'net_profit': -15.01}]","[{'period': ""Q3 '25"", 'revenue': 51.16, 'unit': 'M', 'net_profit': -54.36}, {'period': ""Q2 '25"", 'revenue': 47.2, 'unit': 'M', 'net_profit': -6.09}, {'period': ""Q1 '25"", 'revenue': 45.57, 'unit': 'M', 'net_profit': 5.85}, {'period': ""Q4 '24"", 'revenue': 47.57, 'unit': 'M', 'net_profit': 147.41}, {'period': ""Q3 '24"", 'revenue': 51.87, 'unit': 'M', 'net_profit': -15.6}, {'period': ""Q2 '24"", 'revenue': 48.69, 'unit': 'M', 'net_profit': 1.31}]",3.1,3.09,1368418000,43627000,17546000,781299000,0,62377000,103827000,17546000,96070000,0.8749929968065437,9.200878477306002,14.499999999999998,"[0.24, 0.065]","['2025-09-30', '2017-07-05']",__nan__,0.5709505428896726
160,PM,Philip Morris International Inc Common Stock,"Philip Morris International Inc. operates as a tobacco company working to delivers a smoke-free future and evolving portfolio for the long-term to include products outside of the tobacco and nicotine sector. The company's product portfolio primarily consists of cigarettes and smoke-free products, including heat-not-burn, vapor, and oral nicotine products that are sold in markets outside the United States. The company offers its smoke-free products under the HEETS, HEETS Creations, HEETS Dimensions, HEETS Marlboro, HEETS FROM MARLBORO, Marlboro Dimensions, Marlboro HeatSticks, Parliament HeatSticks, and TEREA brands, as well as the KT&G-licensed brands, Fiit, and Miix. It also sells its products under the Marlboro, Parliament, Bond Street, Chesterfield, L&M, Lark, and Philip Morris brands. In addition, the company owns various cigarette brands, such as Dji Sam Soe, Sampoerna A, and Sampoerna U in Indonesia; and Fortune and Jackpot in the Philippines. The company sells its smoke-free products in 71 markets. Philip Morris International Inc. was incorporated in 1987 and is headquartered in New York, New York.",Jacek Olczak,Tobacco,163.54,USD,254579447200,https://images.financialmodelingprep.com/symbol/PM.png,5308971.0,2008-03-17,22.53,1.05,2248366,17463000000,11348000000,"[{'period': '2025', 'revenue': 40.65, 'unit': 'B', 'net_profit': 11.35}, {'period': '2024', 'revenue': 37.88, 'unit': 'B', 'net_profit': 7.03}, {'period': '2023', 'revenue': 35.17, 'unit': 'B', 'net_profit': 7.79}, {'period': '2022', 'revenue': 31.76, 'unit': 'B', 'net_profit': 9.05}]","[{'period': ""Q4 '25"", 'revenue': 10.36, 'unit': 'B', 'net_profit': 2.14}, {'period': ""Q3 '25"", 'revenue': 10.85, 'unit': 'B', 'net_profit': 3.48}, {'period': ""Q2 '25"", 'revenue': 10.14, 'unit': 'B', 'net_profit': 3.04}, {'period': ""Q1 '25"", 'revenue': 9.3, 'unit': 'B', 'net_profit': 2.69}, {'period': ""Q4 '24"", 'revenue': 9710.0, 'unit': 'M', 'net_profit': -579.0}, {'period': ""Q3 '24"", 'revenue': 9.91, 'unit': 'B', 'net_profit': 3.08}]",7.27,7.26,69185000000,24363000000,4872000000,77213000000,5810000000,2891000000,25427000000,4872000000,10664000000,0.108832306813131,0.6133067955644015,0.6048565121412802,"[1.47, 0.46]","['2026-03-19', '2008-06-26']",__nan__,1.1160367131603672
161,PMF,PIMCO Municipal Income Fund Common Stock,"PIMCO Municipal Income Fund is a closed ended fixed income mutual fund launched and managed by Allianz Global Investors Fund Management LLC. It is co-managed by Pacific Investment Management Company LLC. The fund invests in the fixed income markets of the United States. It seeks to invest in stocks of companies operating across diversified sectors. The fund primarily invests in investment grade municipal bonds. It employs fundamental analysis with a top down stock picking approach to create its portfolio. It conducts in house research using proprietary models. PIMCO Municipal Income Fund was formed on June 29, 2001 and is domiciled in the United States.",David Hammer,Asset Management - Income,7.76,USD,203948320,https://images.financialmodelingprep.com/symbol/PMF.png,104166.0,2001-06-27,-55.43,0.04,94852,0,-1143000,"[{'period': '2024', 'revenue': -0.79, 'unit': 'M', 'net_profit': -1.14}, {'period': '2023', 'revenue': 20.95, 'unit': 'M', 'net_profit': 27.34}, {'period': '2022', 'revenue': -79.0, 'unit': 'M', 'net_profit': -79.22}, {'period': '2021', 'revenue': 20.21, 'unit': 'M', 'net_profit': 19.85}]","[{'period': ""Q4 '24"", 'revenue': 10260.0, 'unit': 'K', 'net_profit': -161.0}, {'period': ""Q2 '24"", 'revenue': 10080.0, 'unit': 'K', 'net_profit': -982.0}, {'period': ""Q4 '23"", 'revenue': 10.42, 'unit': 'M', 'net_profit': 5.13}, {'period': ""Q2 '23"", 'revenue': 10.53, 'unit': 'M', 'net_profit': 12.65}, {'period': ""Q4 '22"", 'revenue': 10.99, 'unit': 'M', 'net_profit': -12.07}, {'period': ""Q2 '22"", 'revenue': 11.46, 'unit': 'M', 'net_profit': -70.69}]",-0.1399,-0.1399,420877000,4052000,4052000,179160000,5040000,411629000,0,4052000,27948000,0.0,-1.041808405574454,-1.3179545454545454,"[0.042, 0.0769]","['2025-07-11', '2001-08-22']",__nan__,0.4256825628390242
162,PML,Pimco Municipal Income Fund II Common Shares of Beneficial Interest,"PIMCO Municipal Income Fund II is a closed ended fixed income mutual fund launched and managed by Allianz Global Investors Fund Management LLC. The fund is co-managed by Pacific Investment Management Company LLC. It invests in fixed income markets. The fund invests in stocks of companies operating across diversified sectors. It seeks to invest primarily in municipal bonds, variable rate notes, variable rate demand notes, and U.S. treasury bills. PIMCO Municipal Income Fund II was formed on June 28 2002 and is domiciled in United States.",David Hammer,Asset Management - Income,7.35,USD,922439700,https://images.financialmodelingprep.com/symbol/PML.png,457628.0,2002-06-26,735.0,0.05,324824,55818000,34340000,"[{'period': '2025', 'revenue': 37.28, 'unit': 'M', 'net_profit': 34.34}, {'period': '2024', 'revenue': 49110.0, 'unit': 'K', 'net_profit': 654.0}, {'period': '2023', 'revenue': 14.75, 'unit': 'M', 'net_profit': 61.7}, {'period': '2022', 'revenue': -0.10300000000000001, 'unit': 'M', 'net_profit': -179.52}]","[{'period': ""Q4 '25"", 'revenue': 28.12, 'unit': 'M', 'net_profit': 64.24}, {'period': ""Q2 '25"", 'revenue': 22.35, 'unit': 'M', 'net_profit': -29.9}, {'period': ""Q4 '24"", 'revenue': 23530.0, 'unit': 'K', 'net_profit': 976.0}, {'period': ""Q2 '24"", 'revenue': 25580.0, 'unit': 'K', 'net_profit': -322.0}, {'period': ""Q4 '23"", 'revenue': -5.16, 'unit': 'M', 'net_profit': 15.81}, {'period': ""Q2 '23"", 'revenue': 23.9, 'unit': 'M', 'net_profit': 29.14}]",0.27,0.27,1820526000,25676000,4896000,804320000,20780000,1794849000,0,4896000,-325957000,2.688251618871415,51.50764525993884,6.056179775280899,"[0.0395, 0.084375]","['2026-03-12', '2002-08-28']",__nan__,0.4418063790355095
163,PMM,Putnam Managed Municipal Income Trust Common Stock,"Putnam Managed Municipal Income Trust is a close-ended fixed income mutual fund launched and managed by Putnam Investment Management LLC. It is co-managed by Putnam Investments Limited. The fund invests in the fixed income markets of the United States. It primarily invests in a diversified portfolio of tax-exempt municipal securities, including high-yield securities that are rated below investment grade. The fund benchmarks the performance of its portfolio against the Barclays Municipal Bond Index. Putnam Managed Municipal Income Trust was formed on February 24, 1989 and is domiciled in the United States.",Robert Lloyd Reynolds,Asset Management - Income,5.95,USD,255762124,https://images.financialmodelingprep.com/symbol/PMM.png,99267.0,1989-02-17,33.06,-0.04,178756,12784213,12091170,"[{'period': '2025', 'revenue': 13.98, 'unit': 'M', 'net_profit': 12.09}, {'period': '2024', 'revenue': 67.33, 'unit': 'M', 'net_profit': 67.15}, {'period': '2023', 'revenue': 6.09, 'unit': 'M', 'net_profit': 12.34}, {'period': '2022', 'revenue': 13.83, 'unit': 'M', 'net_profit': -90.32}]","[{'period': ""Q4 '25"", 'revenue': 5.04, 'unit': 'M', 'net_profit': 18.82}, {'period': ""Q2 '25"", 'revenue': 8.94, 'unit': 'M', 'net_profit': -6.73}, {'period': ""Q4 '24"", 'revenue': 9.58, 'unit': 'M', 'net_profit': 18.73}, {'period': ""Q2 '24"", 'revenue': 7.72, 'unit': 'M', 'net_profit': 48.42}, {'period': ""Q4 '23"", 'revenue': 2.6, 'unit': 'M', 'net_profit': -28.67}, {'period': ""Q2 '23"", 'revenue': 9.71, 'unit': 'M', 'net_profit': 38.53}]",0.17,0.17,405883870,0,304950,19312282,6155476,0,3235252,194796,0,-0.8111162024966051,-0.8199419625901218,-0.8712121212121213,"[0.0265, 0.03]","['2026-05-21', '1989-04-14']",__nan__,0.04758080679579605
164,PMO,Putnam Municipal Opportunities Trust Common Stock,"Putnam Municipal Opportunities Trust is a closed ended fixed income mutual fund launched and managed by Putnam Investment Management, LLC. The fund is co-managed by Putnam Investments Limited. It invests in fixed income markets of United States. The fund invests in companies operating across healthcare, utilities, transportation, water and sewer, and housing sectors. Putnam Municipal Opportunities Trust was formed in 1993 and is domiciled in United States.",Robert Lloyd Reynolds,Asset Management,10.05,USD,281985563,https://images.financialmodelingprep.com/symbol/PMO.png,69203.0,1993-05-24,55.83,-0.07,103097,10689204,10689204,"[{'period': '2024', 'revenue': 11.17, 'unit': 'M', 'net_profit': 10.69}, {'period': '2023', 'revenue': 19.08, 'unit': 'M', 'net_profit': 19.0}, {'period': '2022', 'revenue': 10.89, 'unit': 'M', 'net_profit': 10.7}, {'period': '2021', 'revenue': 19.82, 'unit': 'M', 'net_profit': -57.56}]","[{'period': ""Q2 '25"", 'revenue': 6.73, 'unit': 'M', 'net_profit': 22.11}, {'period': ""Q4 '24"", 'revenue': 3.24, 'unit': 'M', 'net_profit': -6.37}, {'period': ""Q2 '24"", 'revenue': 7.94, 'unit': 'M', 'net_profit': 17.06}, {'period': ""Q4 '23"", 'revenue': 9.27, 'unit': 'M', 'net_profit': 52.31}, {'period': ""Q2 '23"", 'revenue': 5.48, 'unit': 'M', 'net_profit': -33.31}, {'period': ""Q4 '22"", 'revenue': 4.82, 'unit': 'M', 'net_profit': 48.43}]",0.11,0.11,457564684,6537500,72272,12347047,6396177,451027184,1235640,72272,0,-0.4555679831799235,-0.4373541992740855,-0.6666666666666667,"[0.0393, 0.0775]","['2026-05-21', '1993-08-04']",__nan__,0.02698426568253244
165,PMT,PennyMac Mortgage Investment Trust Common Shares of Beneficial Interest,"PennyMac Mortgage Investment Trust, a specialty finance company, primarily invests in mortgage-related assets in the United States. The company's Credit Sensitive Strategies segment invests in credit risk transfer (CRT) agreements, CRT securities, distressed loans, real estate, and non-agency subordinated bonds. Its Interest Rate Sensitive Strategies segment engages in investing in mortgage servicing rights, excess servicing spreads, and agency and senior non-agency mortgage-backed securities (MBS), as well as related interest rate hedging activities. The company's Correspondent Production segment is involved in purchasing, pooling, and reselling newly originated prime credit residential loans directly or in the form of MBS. PNMAC Capital Management, LLC acts as the manager of PennyMac Mortgage Investment Trust. The company qualifies as a real estate investment trust for federal income tax purposes. It generally would not be subject to federal corporate income taxes if it distributes at least 90% of its taxable income to its shareholders. PennyMac Mortgage Investment Trust was founded in 2009 and is headquartered in Westlake Village, California.",David A. Spector,REIT - Mortgage,11.2,USD,974585965,https://images.financialmodelingprep.com/symbol/PMT.png,1203452.0,2009-07-30,11.31,-0.11,571934,964276000,127872000,"[{'period': '2025', 'revenue': 1740.0, 'unit': 'M', 'net_profit': 127.87}, {'period': '2024', 'revenue': 504.6, 'unit': 'M', 'net_profit': 160.98}, {'period': '2023', 'revenue': 725.87, 'unit': 'M', 'net_profit': 199.65}, {'period': '2022', 'revenue': -145.66, 'unit': 'M', 'net_profit': -73.29}]","[{'period': ""Q4 '25"", 'revenue': 425.89, 'unit': 'M', 'net_profit': 52.36}, {'period': ""Q3 '25"", 'revenue': 489.54, 'unit': 'M', 'net_profit': 58.3}, {'period': ""Q2 '25"", 'revenue': 145.33, 'unit': 'M', 'net_profit': 7.53}, {'period': ""Q1 '25"", 'revenue': 189.06, 'unit': 'M', 'net_profit': 9.68}, {'period': ""Q4 '24"", 'revenue': 14.66, 'unit': 'M', 'net_profit': 46.53}, {'period': ""Q3 '24"", 'revenue': 265.78, 'unit': 'M', 'net_profit': 41.41}]",0.99,0.99,21346882000,271970000,462488000,19459551000,19100000,0,8018601000,271970000,142288000,-0.06172911491280579,-0.20568503702231278,-0.2773722627737227,"[0.4, 0.35]","['2026-04-09', '2010-08-12']",__nan__,0.9115875095950781
166,PMVC,PMV Consumer Acquisition Corp. Class A Common Stock,"PMV Consumer Acquisition Corp. does not have significant operations. It intends to effect a merger, share exchange, asset acquisition, share purchase, reorganization, or similar business combination with one or more businesses or entities in the consumer industry. PMV Consumer Acquisition Corp. was incorporated in 2020 and is based in Palm Beach, Florida.",Marc Joseph Gabelli,Shell Companies,438.796,USD,64344168,https://images.financialmodelingprep.com/symbol/PMVC.png,364.0,2020-11-12,15.648930099857347,-0.00401001,1939,-182000,-156000,"[{'period': '2024', 'revenue': 0.0, 'unit': 'K', 'net_profit': -156.0}, {'period': '2023', 'revenue': 0.0, 'unit': 'K', 'net_profit': -108.0}, {'period': '2022', 'revenue': 0.0, 'unit': 'M', 'net_profit': 8.62}, {'period': '2021', 'revenue': 0.0, 'unit': 'M', 'net_profit': 5.03}]","[{'period': ""Q3 '25"", 'revenue': 0.0, 'unit': 'K', 'net_profit': -37.25}, {'period': ""Q2 '25"", 'revenue': 0.0, 'unit': 'K', 'net_profit': -33.35}, {'period': ""Q1 '25"", 'revenue': 0.0, 'unit': 'K', 'net_profit': -47.31}, {'period': ""Q4 '24"", 'revenue': 0.0, 'unit': 'K', 'net_profit': -5.09}, {'period': ""Q3 '24"", 'revenue': 0.0, 'unit': 'K', 'net_profit': -45.55}, {'period': ""Q2 '24"", 'revenue': 0.0, 'unit': 'K', 'net_profit': -28.36}]",-1.56,-1.56,1125775,1125775,1113786,661035,0,0,658055,1113786,41156,0.32592592592592595,-0.4444444444444444,-0.4444444444444444,__nan__,__nan__,__nan__,0.5871821633985477
167,PMX,PIMCO Municipal Income Fund III Common Shares of Beneficial Interest,"PIMCO Municipal Income Fund III is a closed-ended fixed income mutual fund launched and managed by Pacific Investment Management Company LLC. The fund invests in fixed income markets of the United States. It seeks to invest in stocks of companies operating across diversified sectors. The fund primarily invests in in municipal bonds that pay interest that is exempt from federal income tax. PIMCO Municipal Income Fund III was formed on October 31, 2002 and is domiciled in United States.",David Hammer,Asset Management - Income,6.68,USD,223352480,https://images.financialmodelingprep.com/symbol/PMX.png,92281.0,2002-10-29,-74.22222222222223,0.07,79891,0,-1090000,"[{'period': '2024', 'revenue': 21.68, 'unit': 'M', 'net_profit': -1.09}, {'period': '2023', 'revenue': 22.23, 'unit': 'M', 'net_profit': 30.17}, {'period': '2022', 'revenue': -91.11, 'unit': 'M', 'net_profit': -91.32}, {'period': '2021', 'revenue': 20.42, 'unit': 'M', 'net_profit': 20.06}]","[{'period': ""Q4 '24"", 'revenue': 11340.0, 'unit': 'K', 'net_profit': -401.0}, {'period': ""Q2 '24"", 'revenue': 12230.0, 'unit': 'K', 'net_profit': -689.0}, {'period': ""Q4 '23"", 'revenue': 11.09, 'unit': 'M', 'net_profit': 7.53}, {'period': ""Q2 '23"", 'revenue': 11.14, 'unit': 'M', 'net_profit': 13.85}, {'period': ""Q4 '22"", 'revenue': 11.87, 'unit': 'M', 'net_profit': -13.68}, {'period': ""Q2 '22"", 'revenue': 12.55, 'unit': 'M', 'net_profit': -80.93}]",-0.0998,-0.0998,452777000,8743000,8743000,189117000,5311000,438574000,0,8743000,27427000,-1.0,-1.0361321974342825,-1.1559375,"[0.033, 0.0831]","['2025-07-11', '2002-12-24']",__nan__,0.41768243528271093
168,PNC,PNC Financial Services Group Inc. (The) Common Stock,"The PNC Financial Services Group, Inc. operates as a diversified financial services company in the United States. The company's Retail Banking segment offers checking, savings, and money market accounts, as well as certificates of deposit; residential mortgages, home equity loans and lines of credit, auto loans, credit cards, education loans, and personal and small business loans and lines of credit; and brokerage, insurance, and investment and cash management services. This segment serves consumer and small business customers through a network of branches, ATMs, call centers, and online and mobile banking channels. Its Corporate & Institutional Banking segment provides secured and unsecured loans, letters of credit, and equipment leases; cash and investment management services, receivables and disbursement management services, funds transfer services, international payment services, and access to online/mobile information management and reporting; foreign exchange, derivatives, fixed income, securities underwriting, loan syndications, and mergers and acquisitions and equity capital markets advisory related services; and commercial loan servicing and technology solutions. It serves mid-sized and large corporations, and government and not-for-profit entities. The company's Asset Management Group segment offers investment and retirement planning, customized investment management, credit and cash management solutions, and trust management and administration services for high net worth and ultra high net worth individuals, and their families; and multi-generational family planning services for ultra high net worth individuals and their families. It also provides outsourced chief investment officer, custody, private real estate, cash and fixed income client solutions, and fiduciary retirement advisory services for institutional clients. The company has 2,591 branches and 9,502 ATMs. The company was founded in 1852 and is headquartered in Pittsburgh, Pennsylvania.",William S. Demchak,Banks - Regional,202.39,USD,81638256690,https://images.financialmodelingprep.com/symbol/PNC.png,2738244.0,1975-11-17,12.19,-3.07,1467068,8576000000,6936000000,"[{'period': '2025', 'revenue': 31.34, 'unit': 'B', 'net_profit': 6.94}, {'period': '2024', 'revenue': 33.69, 'unit': 'B', 'net_profit': 5.89}, {'period': '2023', 'revenue': 31.9, 'unit': 'B', 'net_profit': 5.58}, {'period': '2022', 'revenue': 23.54, 'unit': 'B', 'net_profit': 6.04}]","[{'period': ""Q4 '25"", 'revenue': 8.72, 'unit': 'B', 'net_profit': 2.02}, {'period': ""Q3 '25"", 'revenue': 8.79, 'unit': 'B', 'net_profit': 1.81}, {'period': ""Q2 '25"", 'revenue': 8.38, 'unit': 'B', 'net_profit': 1.63}, {'period': ""Q1 '25"", 'revenue': 8.1, 'unit': 'B', 'net_profit': 1.48}, {'period': ""Q4 '24"", 'revenue': 8.53, 'unit': 'B', 'net_profit': 1.61}, {'period': ""Q3 '24"", 'revenue': 8.84, 'unit': 'B', 'net_profit': 1.49}]",16.62,16.59,573572000000,368723000000,39713000000,512936000000,327071000000,149030000000,456309000000,6777000000,9452000000,0.14331422477003067,0.17778909831889964,0.20784883720930242,"[1.7, 0.66]","['2026-01-20', '1985-12-02']",__nan__,0.8942835424323363
169,PNF,PIMCO New York Municipal Income Fund Common Stock,"PIMCO New York Municipal Income Fund is a closed ended fixed income mutual fund launched and managed by Allianz Global Investors Fund Management LLC. It is co-managed by Pacific Investment Management Company LLC. The fund invests in fixed income markets. It seeks to invest in stocks of companies operating across diversified sectors. The fund primarily invests in municipal securities. The fund's investment portfolio includes investments in hospital, water and sewer, tobacco, state and local general obligations, education, lease, tax, and power sectors. PIMCO New York Municipal Income Fund was formed on June 29, 2001 and is domiciled in United States.",John B. Cummings,Asset Management - Income,6.805,USD,53541740,https://images.financialmodelingprep.com/symbol/PNF.png,33478.2,2001-06-27,-56.71,0.065,17065,0,-377000,"[{'period': '2024', 'revenue': -260.0, 'unit': 'K', 'net_profit': -377.0}, {'period': '2023', 'revenue': 1.57, 'unit': 'M', 'net_profit': 7.27}, {'period': '2022', 'revenue': -22.02, 'unit': 'M', 'net_profit': -22.07}, {'period': '2021', 'revenue': 4.97, 'unit': 'M', 'net_profit': 4.87}]","[{'period': ""Q4 '24"", 'revenue': 2480.0, 'unit': 'K', 'net_profit': -315.0}, {'period': ""Q2 '24"", 'revenue': 2120.0, 'unit': 'K', 'net_profit': -62.0}, {'period': ""Q4 '23"", 'revenue': 0.082, 'unit': 'M', 'net_profit': 2.72}, {'period': ""Q2 '23"", 'revenue': 1.49, 'unit': 'M', 'net_profit': 4.55}, {'period': ""Q4 '22"", 'revenue': 2.39, 'unit': 'M', 'net_profit': -3.21}, {'period': ""Q2 '22"", 'revenue': 2.49, 'unit': 'M', 'net_profit': -19.73}]",-0.12,-0.12,420877000,4052000,4052000,179160000,5040000,411629000,0,4052000,-3362000,0.0,-1.051864080341175,-1.1904761904761905,"[0.0335, 0.075]","['2025-07-11', '2001-08-22']",__nan__,0.4256825628390242
170,PNI,Pimco New York Municipal Income Fund II Common Shares of Beneficial Interest,"PIMCO New York Municipal Income Fund II is a closed-ended fixed income mutual fund launched and managed by Pacific Investment Management Company LLC. It invests in the fixed income markets of the United States. The fund seeks to invest in stocks of companies operating across diversified sectors. It primarily invests in municipal bonds that pay interest that is exempt from federal, New York State, and New York City income tax. It also invests in New York variable rate notes, New York variable rate demand notes, and U.S. treasury bills. The fund employs proprietary analytical models to make its investments. PIMCO New York Municipal Income Fund II was formed on March 29, 2002 and is domiciled in the United States.",David Hammer,Asset Management - Income,6.6505,USD,158849853,https://images.financialmodelingprep.com/symbol/PNI.png,57650.0,2002-06-26,-66.5,-0.0595,128649,10189000,6421000,"[{'period': '2025', 'revenue': 7.32, 'unit': 'M', 'net_profit': 6.42}, {'period': '2024', 'revenue': -390.0, 'unit': 'K', 'net_profit': -563.0}, {'period': '2023', 'revenue': 6.97, 'unit': 'M', 'net_profit': 11.05}, {'period': '2022', 'revenue': 7.29, 'unit': 'M', 'net_profit': -31.09}]","[{'period': ""Q4 '25"", 'revenue': 6.19, 'unit': 'M', 'net_profit': 12.79}, {'period': ""Q2 '25"", 'revenue': 3.69, 'unit': 'M', 'net_profit': -6.37}, {'period': ""Q4 '24"", 'revenue': 3650.0, 'unit': 'K', 'net_profit': -272.0}, {'period': ""Q2 '24"", 'revenue': 3120.0, 'unit': 'K', 'net_profit': -291.0}, {'period': ""Q4 '23"", 'revenue': 0.5640000000000001, 'unit': 'M', 'net_profit': 4.11}, {'period': ""Q2 '23"", 'revenue': 3.2, 'unit': 'M', 'net_profit': 6.94}]",0.27,0.27,320800000,5059000,1624000,133995000,3435000,315741000,0,1624000,-61754000,19.097690941385434,12.404973357015987,3.076923076923077,"[0.0295, 0.08125]","['2026-03-12', '2002-08-28']",__nan__,0.41769014962593515
171,PNM,PNM Resources Inc. (Holding Co.) Common Stock,"PNM Resources, Inc., through its subsidiaries, provides electricity and electric services in the United States. It operates through Public Service Company of New Mexico (PNM) and Texas-New Mexico Power Company (TNMP) segments. The PNM segment engages in the generation, transmission, and distribution of electricity. The segment generates electricity using coal, natural gas and oil, nuclear fuel, solar, wind, and geothermal energy sources. As of December 31, 2021, this segment had owned or leased facilities with a total net generation capacity of 2,168 megawatts; and owned 3,426 miles of electric transmission lines, 5,751 miles of distribution overhead lines, 5,765 miles of underground distribution lines, and 250 substations. The segment also owns and leases communication, office and other equipment, office space, vehicles, and real estate. The TNMP segment provides regulated transmission and distribution services. As of December 31, 2021, the segment owned 983 miles of overhead electric transmission lines, 7,297 miles of overhead distribution lines, 1,408 miles of underground distribution lines, and 113 substations. The segment also owns and leases vehicles, service facilities, and office locations throughout its service territory. The company serves approximately 806,000 residential, commercial, and industrial customers and end-users of electricity in New Mexico and Texas. PNM Resources, Inc. was incorporated in 1882 and is headquartered in Albuquerque, New Mexico.",Patricia K. Vincent-Collawn,Regulated Electric,41.77,USD,3767670708,https://images.financialmodelingprep.com/symbol/PNM.png,693898.0,1984-08-10,46.41111111111111,-0.44,364739,877176000,151362000,"[{'period': '2025', 'revenue': 0.0, 'unit': 'M', 'net_profit': 151.36}, {'period': '2024', 'revenue': 0.0, 'unit': 'M', 'net_profit': 242.15}, {'period': '2023', 'revenue': 1940.0, 'unit': 'M', 'net_profit': 88.35}, {'period': '2022', 'revenue': 2250.0, 'unit': 'M', 'net_profit': 170.06}]","[{'period': ""Q4 '25"", 'revenue': 0.0, 'unit': 'M', 'net_profit': -9.85}, {'period': ""Q3 '25"", 'revenue': 0.0, 'unit': 'M', 'net_profit': 130.71}, {'period': ""Q2 '25"", 'revenue': 0.0, 'unit': 'M', 'net_profit': 21.58}, {'period': ""Q1 '25"", 'revenue': 0.0, 'unit': 'M', 'net_profit': 8.92}, {'period': ""Q4 '24"", 'revenue': -1340.0, 'unit': 'M', 'net_profit': 15.45}, {'period': ""Q3 '24"", 'revenue': 569.26, 'unit': 'M', 'net_profit': 131.2}]",1.67,1.67,4345436000,12567000,1618000,953985000,0,0,66783000,1618000,-62739000,-0.01797407389577836,-0.3749349587452613,-0.37453183520599254,"[0.3875, 0.27]","['2024-07-26', '1973-05-02']",__nan__,0.21953723400827904
172,PNR,Pentair plc. Ordinary Share,"Pentair plc provides various water solutions worldwide. It operates through Consumer Solutions; and Industrial & Flow Technologies segments. The Consumer Solutions segment designs, manufactures, and sells residential and commercial pool equipment and accessories, including pumps, filters, heaters, lights, automatic controls, automatic cleaners, maintenance equipment, and pool accessories for residential and commercial pool maintenance, repair, renovation, service, and construction applications; and water treatment products and systems comprising pressure tanks, control valves, activated carbon products, conventional filtration products, and point-of-entry and point-of-use systems for the use in residential whole home water filtration, drinking water filtration, and water softening solutions, as well as in commercial total water management and filtration in foodservice operations. It offers its products under the Everpure, Ken's Beverage, Kreepy Krauly, Pentair Water Solutions, Pleatco, RainSoft, and Sta-Rite brands. The Industrial & Flow Technologies segment manufactures and sells fluid treatment products, such as advanced membrane filtration products, separation systems, and membrane bioreactors; water supply and disposal, solid handling, fluid transfer, and turbine pumps; and valves, spray nozzles, process filtration systems, and gas recovery solutions for food and beverage, fluid separation technologies, water and wastewater treatment, water wells, pressure boosting, fire suppression, flood control, agricultural irrigation, crop spray, fluid circulation and transfer, fluid delivery, ion exchange, desalination, residential and municipal wells, and wastewater solids handling applications. It offers its products under the Pentair, Aurora, Berkeley, Codeline, Fairbanks-Nijhuis, Haffmans, Hydromatic, Hypro, Jung Pumpen, Myers, Sta-Rite, Shurflo, Südmo, and X-Flow brands. Pentair plc was founded in 1966 and is headquartered in London, the United Kingdom.",John L. Stauch,Industrial - Machinery,84.92,USD,13862001120,https://images.financialmodelingprep.com/symbol/PNR.png,1740355.0,1973-05-03,21.61,-1.01,1072859,943600000,653800000,"[{'period': '2025', 'revenue': 4180.0, 'unit': 'M', 'net_profit': 653.8}, {'period': '2024', 'revenue': 4080.0, 'unit': 'M', 'net_profit': 625.4}, {'period': '2023', 'revenue': 4100.0, 'unit': 'M', 'net_profit': 622.7}, {'period': '2022', 'revenue': 4120.0, 'unit': 'M', 'net_profit': 480.9}]","[{'period': ""Q4 '25"", 'revenue': 1020.0, 'unit': 'M', 'net_profit': 166.1}, {'period': ""Q3 '25"", 'revenue': 1020.0, 'unit': 'M', 'net_profit': 184.3}, {'period': ""Q2 '25"", 'revenue': 1120.0, 'unit': 'M', 'net_profit': 148.5}, {'period': ""Q1 '25"", 'revenue': 1010.0, 'unit': 'M', 'net_profit': 154.9}, {'period': ""Q4 '24"", 'revenue': 972.9, 'unit': 'M', 'net_profit': 166.4}, {'period': ""Q3 '24"", 'revenue': 993.4, 'unit': 'M', 'net_profit': 139.6}]",3.99,3.96,6868800000,1541800000,101600000,2999600000,673200000,0,959300000,101600000,746000000,0.023316343129812386,0.0454109370003198,0.055555555555555663,"[0.27, 1.7868]","['2026-04-17', '1989-07-21']",__nan__,0.43669927789424645
173,PNTM,Pontem Corporation Class A Ordinary Shares,"Pontem Corporation does not have significant operations. The company focuses on effecting a merger, share exchange, asset acquisition, share purchase, reorganization, or similar business combination with one or more businesses. It intends to focus its search on global and regional consumer brands businesses. Pontem Corporation was incorporated in 2020 and is based in New York, New York.",Hubertus Michael Muehlhaeuser,Shell Companies,10.37,USD,441732954,https://images.financialmodelingprep.com/symbol/PNTM.png,70930.0,2021-03-05,47.13636363636363,0.0,59,-39909000,72786000,"[{'period': '2022', 'revenue': 0.0, 'unit': 'M', 'net_profit': 72.79}, {'period': '2021', 'revenue': 0.0, 'unit': 'M', 'net_profit': 9.76}, {'period': '2020', 'revenue': 0.0, 'unit': 'K', 'net_profit': -57.31}]","[{'period': ""Q1 '23"", 'revenue': 0.0, 'unit': 'M', 'net_profit': 4.45}, {'period': ""Q4 '22"", 'revenue': 0.0, 'unit': 'M', 'net_profit': 8.9}, {'period': ""Q3 '22"", 'revenue': 0.0, 'unit': 'M', 'net_profit': 11.31}, {'period': ""Q2 '22"", 'revenue': 0.0, 'unit': 'M', 'net_profit': 14.35}, {'period': ""Q1 '22"", 'revenue': 0.0, 'unit': 'M', 'net_profit': 38.22}, {'period': ""Q4 '21"", 'revenue': 0.0, 'unit': 'M', 'net_profit': -12.82}]",0.4,0.4,700219019,189499,150390,33145320,0,700029520,1467854,150390,-1366524,-1.1459912889175674,6.454526833265056,2.3333333333333335,__nan__,__nan__,__nan__,0.04733564656289349
174,PNW,Pinnacle West Capital Corporation Common Stock,"Pinnacle West Capital Corporation, through its subsidiary, Arizona Public Service Company, provides retail and wholesale electric services primarily in the state of Arizona. The company engages in the generation, transmission, and distribution of electricity using coal, nuclear, gas, oil, and solar generating facilities. Its transmission facilities include approximately 5,814 pole miles of overhead lines and approximately 74 miles of underground lines; and distribution facilities comprise approximately 11,258 miles of overhead lines and approximately 22,821 miles of underground primary cable, as well as owns and maintains 475 transmission and distribution substations. The company also owns or leases approximately 6,323 megawatts of regulated generation capacity. It serves approximately 1.3 million customers. Pinnacle West Capital Corporation was incorporated in 1985 and is headquartered in Phoenix, Arizona.",Theodore N. Geisler,Regulated Electric,99.69,USD,12053019450,https://images.financialmodelingprep.com/symbol/PNW.png,1310167.0,1961-08-28,19.74,1.13,1310066,2129952000,616531000,"[{'period': '2025', 'revenue': 5340.0, 'unit': 'M', 'net_profit': 616.53}, {'period': '2024', 'revenue': 5120.0, 'unit': 'M', 'net_profit': 608.81}, {'period': '2023', 'revenue': 4700.0, 'unit': 'M', 'net_profit': 501.56}, {'period': '2022', 'revenue': 4320.0, 'unit': 'M', 'net_profit': 483.6}]","[{'period': ""Q4 '25"", 'revenue': 1130.0, 'unit': 'M', 'net_profit': 15.4}, {'period': ""Q3 '25"", 'revenue': 1820.0, 'unit': 'M', 'net_profit': 413.21}, {'period': ""Q2 '25"", 'revenue': 1360.0, 'unit': 'M', 'net_profit': 192.56}, {'period': ""Q1 '25"", 'revenue': 1030.0, 'unit': 'M', 'net_profit': -4.64}, {'period': ""Q4 '24"", 'revenue': 1100.0, 'unit': 'M', 'net_profit': -6.83}, {'period': ""Q3 '24"", 'revenue': 1770.0, 'unit': 'M', 'net_profit': 394.97}]",5.15,5.05,31682735000,1554641000,9854000,24595660000,734007000,1854130000,3161026000,6604000,-819523000,0.028855457041901445,0.012688771135632698,-0.03738317757009333,"[0.91, 2.9]","['2026-02-02', '1973-04-25']",__nan__,0.7763111360177712
175,POR,Portland General Electric Co Common Stock,"Portland General Electric Company, an integrated electric utility company, engages in the generation, wholesale purchase, transmission, distribution, and retail sale of electricity in the state of Oregon. It operates six thermal plants, three wind farms, and seven hydroelectric facilities. As of December 31, 2021, the company owned an electric transmission system consisting of 1,274 circuit miles, including 287 circuit miles of 500 kilovolt line, 415 circuit miles of 230 kilovolt line, and 572 miles of 115 kilovolt line. It has 28,206 circuit miles of distribution lines. The company also purchases and sells wholesale natural gas in the United States and Canada. It serves approximately 917 thousand residential, commercial, and industrial customers in 51 cities. The company was founded in 1889 and is headquartered in Portland, Oregon.",Maria MacGregor Pope,Regulated Electric,51.71,USD,5984245083,https://images.financialmodelingprep.com/symbol/POR.png,1278038.0,2006-03-31,18.67,0.01,563986,1180000000,306000000,"[{'period': '2025', 'revenue': 3450.0, 'unit': 'M', 'net_profit': 306.0}, {'period': '2024', 'revenue': 3440.0, 'unit': 'M', 'net_profit': 313.0}, {'period': '2023', 'revenue': 2920.0, 'unit': 'M', 'net_profit': 228.0}, {'period': '2022', 'revenue': 2650.0, 'unit': 'M', 'net_profit': 233.0}]","[{'period': ""Q4 '25"", 'revenue': 840.0, 'unit': 'M', 'net_profit': 41.0}, {'period': ""Q3 '25"", 'revenue': 878.0, 'unit': 'M', 'net_profit': 103.0}, {'period': ""Q2 '25"", 'revenue': 807.0, 'unit': 'M', 'net_profit': 62.0}, {'period': ""Q1 '25"", 'revenue': 928.0, 'unit': 'M', 'net_profit': 100.0}, {'period': ""Q4 '24"", 'revenue': 824.0, 'unit': 'M', 'net_profit': 38.0}, {'period': ""Q3 '24"", 'revenue': 929.0, 'unit': 'M', 'net_profit': 94.0}]",2.77,2.77,13514000000,1072000000,76000000,9381000000,460000000,43000000,993000000,76000000,-71000000,0.16141732283464566,-0.022364217252396165,-0.07973421926910292,"[0.525, 0.225]","['2026-03-23', '2006-06-22']",__nan__,0.694169009915643
176,POST,Post Holdings Inc. Common Stock,"Post Holdings, Inc. operates as a consumer packaged goods holding company in the United States and internationally. It operates through five segments: Post Consumer Brands, Weetabix, Foodservice, Refrigerated Retail, and BellRing Brands. The Post Consumer Brands segment manufactures, markets, and sells branded and private label ready-to-eat (RTE) cereal and hot cereal products. It serves grocery stores, mass merchandise customers, supercenters, club stores, natural/specialty stores, and drug store customers, as well as sells its products in the military, ecommerce, and foodservice channels. The Weetabix segment primarily markets and distributes branded and private label RTE cereal, hot cereals and other cereal-based food products, breakfast drinks, and muesli. This segment sells its products to grocery stores, discounters, wholesalers, and convenience stores, as well as through ecommerce. The Foodservice segment produces and distributes egg and potato products in the foodservice and food ingredient channels. It serves foodservice distributors and national restaurant chains. The Refrigerated Retail segment produces and distributes side dishes, eggs and egg products, sausages, cheese, and other dairy and refrigerated products for grocery stores and mass merchandise customers. The BellRing Brands segment markets and distributes ready-to-drink (RTD) protein shakes, other RTD beverages, powders, nutrition bars, and supplements. It serves club stores, food, drug and mass customers, and online retailers, as well as specialty retailers, convenience stores, and distributors. Post Holdings, Inc. was founded in 1895 and is headquartered in Saint Louis, Missouri.",Robert V. Vitale,Packaged Foods,95.7,USD,4991214073,https://images.financialmodelingprep.com/symbol/POST.png,827569.0,2012-01-27,17.59,-0.03,431046,1329700000,335700000,"[{'period': '2025', 'revenue': 8160.0, 'unit': 'M', 'net_profit': 335.7}, {'period': '2024', 'revenue': 7920.0, 'unit': 'M', 'net_profit': 366.7}, {'period': '2023', 'revenue': 6990.0, 'unit': 'M', 'net_profit': 301.3}, {'period': '2022', 'revenue': 5850.0, 'unit': 'M', 'net_profit': 756.6}]","[{'period': ""Q1 '26"", 'revenue': 2170.0, 'unit': 'M', 'net_profit': 96.8}, {'period': ""Q4 '25"", 'revenue': 2250.0, 'unit': 'M', 'net_profit': 51.0}, {'period': ""Q3 '25"", 'revenue': 1980.0, 'unit': 'M', 'net_profit': 108.8}, {'period': ""Q2 '25"", 'revenue': 1950.0, 'unit': 'M', 'net_profit': 62.6}, {'period': ""Q1 '25"", 'revenue': 1970.0, 'unit': 'M', 'net_profit': 113.3}, {'period': ""Q4 '24"", 'revenue': 2009.9999999999998, 'unit': 'M', 'net_profit': 81.6}]",5.98,5.51,13528400000,2024900000,176700000,9764600000,735400000,6000000,1213100000,176700000,488100000,0.05073093638877914,-0.08453776929370058,-0.022875816993464,__nan__,__nan__,__nan__,0.7217852813340824
177,PPG,PPG Industries Inc. Common Stock,"PPG Industries, Inc. manufactures and distributes paints, coatings, and specialty materials worldwide. The company's Performance Coatings segment offers coatings, solvents, adhesives, sealants, sundries, and software for automotive and commercial transport/fleet repair and refurbishing, light industrial coatings, and specialty coatings for signs; and coatings, sealants, transparencies, transparent armor, adhesives, engineered materials, and packaging and chemical management services for commercial, military, regional jet, and general aviation aircraft. It also provides coatings and finishes for the protection of metals and structures, such as metal fabricators, heavy duty maintenance contractors, and manufacturers of ships, bridges, and rail cars; paints, wood stains, adhesives, and purchased sundries for painting and maintenance contractors, and consumers for decoration and maintenance of residential and commercial building structures; and paints, thermoplastics, pavement marking products, and other technologies for pavement marking. The company's Industrial Coatings segment offers coatings, adhesives and sealants, and metal pretreatments, as well as services and coatings applications for appliances, agricultural and construction equipment, consumer electronics, automotive parts and accessories, building products, kitchenware, and transportation vehicles and other finished products; and on-site coatings services. It also provides coatings for metal cans, closures, plastic tubes, and promotional and specialty packaging; amorphous precipitated silica for tire, battery separator, and other end-uses; TESLIN substrates for labels, e-passports, drivers' licenses, breathable membranes, and loyalty and identification cards; and organic light emitting diode materials, displays and lighting lens materials, optical lenses, color-change products, and photochromic dyes. The company was incorporated in 1883 and is headquartered in Pittsburgh, Pennsylvania.",Timothy Knavish,Chemicals - Specialty,103.82,USD,23203250900,https://images.financialmodelingprep.com/symbol/PPG.png,2203916.0,1980-03-17,15.0,-1.49,1128637,2814000000,1576000000,"[{'period': '2025', 'revenue': 15.88, 'unit': 'B', 'net_profit': 1.58}, {'period': '2024', 'revenue': 15.85, 'unit': 'B', 'net_profit': 1.12}, {'period': '2023', 'revenue': 16.24, 'unit': 'B', 'net_profit': 1.27}, {'period': '2022', 'revenue': 15.61, 'unit': 'B', 'net_profit': 1.03}]","[{'period': ""Q4 '25"", 'revenue': 3910.0, 'unit': 'M', 'net_profit': 300.0}, {'period': ""Q3 '25"", 'revenue': 4080.0, 'unit': 'M', 'net_profit': 453.0}, {'period': ""Q2 '25"", 'revenue': 4200.0, 'unit': 'M', 'net_profit': 450.0}, {'period': ""Q1 '25"", 'revenue': 3680.0, 'unit': 'M', 'net_profit': 373.0}, {'period': ""Q4 '24"", 'revenue': 2170.0, 'unit': 'M', 'net_profit': -280.0}, {'period': ""Q3 '24"", 'revenue': 4580.0, 'unit': 'M', 'net_profit': 468.0}]",6.96,6.92,7959000000,7959000000,2219000000,11502000000,3336000000,0,4900000000,2163000000,1163000000,0.0885880077369439,0.4121863799283154,0.45911949685534603,"[0.71, 0.59]","['2026-02-20', '1983-05-04']",__nan__,1.4451564266867698
178,PPL,PPL Corporation Common Stock,"PPL Corporation, a utility holding company, delivers electricity and natural gas in the United States and the United Kingdom. The company operates through two segments: Kentucky Regulated and Pennsylvania Regulated. It serves approximately 429,000 electric and 333,000 natural gas customers in Louisville and adjacent areas in Kentucky; 538,000 electric customers in central, southeastern, and western Kentucky; and 28,000 electric customers in five counties in southwestern Virginia. The company also provides electric services to approximately 1.4 million customers in Pennsylvania; and generates electricity from coal, gas, hydro, and solar sources in Kentucky; and sells wholesale electricity to two municipalities in Kentucky. PPL Corporation was founded in 1920 and is headquartered in Allentown, Pennsylvania.",Vincent Sorgi,Regulated Electric,37.65,USD,28286700719,https://images.financialmodelingprep.com/symbol/PPL.png,8799274.0,1980-03-17,23.68,0.11,5280118,3684000000,1181000000,"[{'period': '2025', 'revenue': 9.04, 'unit': 'B', 'net_profit': 1.18}, {'period': '2024', 'revenue': 8460.0, 'unit': 'M', 'net_profit': 888.0}, {'period': '2023', 'revenue': 8310.0, 'unit': 'M', 'net_profit': 740.0}, {'period': '2022', 'revenue': 7900.0, 'unit': 'M', 'net_profit': 756.0}]","[{'period': ""Q4 '25"", 'revenue': 2270.0, 'unit': 'M', 'net_profit': 266.0}, {'period': ""Q3 '25"", 'revenue': 2240.0, 'unit': 'M', 'net_profit': 318.0}, {'period': ""Q2 '25"", 'revenue': 2020.0, 'unit': 'M', 'net_profit': 183.0}, {'period': ""Q1 '25"", 'revenue': 2500.0, 'unit': 'M', 'net_profit': 414.0}, {'period': ""Q4 '24"", 'revenue': 2210.0, 'unit': 'M', 'net_profit': 177.0}, {'period': ""Q3 '24"", 'revenue': 2070.0, 'unit': 'M', 'net_profit': 214.0}]",1.6,1.6,45244000000,3931000000,1086000000,30363000000,1783000000,0,4546000000,1086000000,-1401000000,0.14730613516038618,0.32995495495495497,0.3333333333333335,"[0.285, 2.6627]","['2026-03-10', '1984-12-04']",__nan__,0.6710945097692512
179,PPR,Voya Prime Rate Trust Shares of Beneficial Interest,"Voya Prime Rate Trust (the Trust) is a diversified, closed-end management investment company. The Trust seeks to provide investors with as high a level of current income as is consistent with the preservation of capital. The Trust seeks to achieve this objective by investing, under normal market conditions, approximately 80% of its net assets, plus borrowings for investment purposes, in United States dollar denominated floating rate secured senior loans. The Trust may invest in subordinated loans and in unsecured loans. It may invest approximately 20% of its total assets in unsecured floating rate loans, notes and other debt instruments. The Trust invests in a range of sectors, including electronics and electrical, healthcare, retailers (except food and drug), telecommunications, business equipment and services, diversified insurance, lodging and casinos, automotive, food products, and chemicals and plastics. Voya Investments, LLC is the investment advisor of the Trust.",Michael Bell,Asset Management,4.67,USD,0,https://images.financialmodelingprep.com/symbol/PPR.png,320053.0,1992-03-09,-14.967948717948717,0.0,546156,,,[],[],,,,,,,,,,,,,,,"[0.033, 0.079]","['2021-11-09', '1991-01-31']",__nan__,__nan__
180,PPT,Putnam Premier Income Trust Common Stock,"Putnam Premier Income Trust is a closed ended fixed income mutual fund launched and managed by Putnam Investment Management, LLC. The fund is co-managed by Putnam Investments Limited. It invests in the public fixed income markets across the globe. The fund primarily invests in U.S. high-grade and high-yield bonds with an average credit quality of BBB by S&P Corporation. It benchmarks the performance of its portfolio against the Barclays Capital Government Bond Index. Putnam Premier Income Trust was formed on February 29, 1988 and is domiciled in the United States.",Janet C. Smith,Asset Management - Income,3.44,USD,328752327,https://images.financialmodelingprep.com/symbol/PPT.png,196754.0,1988-02-19,13.23,-0.03,200949,24985193,24985193,"[{'period': '2025', 'revenue': 25.74, 'unit': 'M', 'net_profit': 24.99}, {'period': '2024', 'revenue': 32.69, 'unit': 'M', 'net_profit': 32.0}, {'period': '2023', 'revenue': -630.67, 'unit': 'K', 'net_profit': 955.71}, {'period': '2022', 'revenue': -26.85, 'unit': 'M', 'net_profit': -20.45}]","[{'period': ""Q4 '25"", 'revenue': 14.02, 'unit': 'M', 'net_profit': 17.15}, {'period': ""Q2 '25"", 'revenue': 10.9, 'unit': 'M', 'net_profit': 7.83}, {'period': ""Q4 '24"", 'revenue': 6.97, 'unit': 'M', 'net_profit': 14.1}, {'period': ""Q2 '24"", 'revenue': -2.53, 'unit': 'M', 'net_profit': 17.9}, {'period': ""Q4 '23"", 'revenue': 20590.0, 'unit': 'K', 'net_profit': 158.88}, {'period': ""Q2 '23"", 'revenue': -21220.0, 'unit': 'K', 'net_profit': 796.83}]",0.26,0.26,468883333,16065036,2555322,105891512,13400479,5659211,89533223,2555322,0,-0.22055322106349973,-0.2193105976838154,-0.21212121212121213,"[0.026, 0.095]","['2026-05-21', '1988-04-14']",__nan__,0.2258376541611898
181,PPX,PPL Capital Funding Inc. 2013 Series B Junior Subordinated Notes due 2073,,None,Asset Management,25.43,USD,0,https://images.financialmodelingprep.com/symbol/PPX.png,28435.0,2010-01-15,,0.0,25120,,,[],[],,,,,,,,,,,,,,,"[0.369, 0.553]","['2021-01-28', '2013-07-25']",__nan__,__nan__
182,PQG,PQ Group Holdings Inc. Common Stock,"PQ Group Holdings Inc. provides specialty catalysts, materials, chemicals, and services in the United States, the Netherlands, the United Kingdom, and internationally. The company operates through four segments: Refining Services, Catalysts, Performance Materials, and Performance Chemicals. The Refining Services segment offers sulfuric acid recycling and end-to-end logistics services to produce alkylate; and virgin sulfuric acid for water treatment, mining, and industrial applications. The Catalysts segment provides silica catalysts and zeolite catalysts for producers and licensors of polyethylene and methyl methacrylate. The Performance Materials segment offers transportation safety microspheres for various binders, such as paint and epoxy coatings; and engineered glass materials, including solid and hollow microspheres and particles for uses, such as strengthening and light-weighting in plastics and polymer additives, cleaning and peening of metal surfaces, and conductivity or shielding in electronic applications. The Performance Chemicals segment offers sodium silicates for construction, cleaning, water treatment, pulp and paper, foundry and refractory, green tires, electronics, and refining catalysts; and specialty silicas for use as ingredients in personal care products, foods, edible oils, and beers, as well as industrial uses consisting of gloss control in coil, wood, general industrial leather, and other surface coating applications. This segment also provides other silicate derivatives, including metasilicates, spray dried silicates, and magnesium and potassium silicates for use in cleaning, specialty fertilizer, oil and gas, mining, paint, food, and cosmetic applications, as well as zeolites for use as builders for detergents and other applications, such as stabilizers for the production of polyvinylchloride applications. PQ Group Holdings Inc. was founded in 1831 and is headquartered in Malvern, Pennsylvania.",Belgacem Chariag,Chemicals - Specialty,15.65,USD,1927986100,https://images.financialmodelingprep.com/symbol/PQG.png,374980.0,2017-09-29,-5.707512764405544,0.0899992,343808,127800000,-71100000,"[{'period': '2025', 'revenue': 723.5, 'unit': 'M', 'net_profit': -71.1}, {'period': '2024', 'revenue': 704.49, 'unit': 'M', 'net_profit': -6.65}, {'period': '2020', 'revenue': 1110.0, 'unit': 'M', 'net_profit': -278.77}, {'period': '2019', 'revenue': 1570.0, 'unit': 'M', 'net_profit': 79.54}]","[{'period': ""Q4 '25"", 'revenue': 199.4, 'unit': 'M', 'net_profit': 5.8}, {'period': ""Q3 '25"", 'revenue': 204.9, 'unit': 'M', 'net_profit': -79.3}, {'period': ""Q2 '25"", 'revenue': 200.13, 'unit': 'B', 'net_profit': 5.99}, {'period': ""Q1 '25"", 'revenue': 162.2, 'unit': 'B', 'net_profit': -3.6}, {'period': ""Q4 '24"", 'revenue': 71.39, 'unit': 'M', 'net_profit': 71.55}, {'period': ""Q3 '24"", 'revenue': 179.18, 'unit': 'B', 'net_profit': 14.25}]",-0.62,-0.61,1261000000,319400000,197200000,657500000,85300000,0,120800000,197200000,47700000,0.30283197749097807,-9.688514732411305,-9.877192982456139,"[1.8, 1.8]","['2020-12-18', '2020-12-18']",__nan__,0.5214115781126091
183,PRA,ProAssurance Corporation Common Stock,"ProAssurance Corporation, through its subsidiaries, provides property and casualty insurance, and reinsurance products in the United States. The company operates through Specialty Property and Casualty, Workers' Compensation Insurance, Segregated Portfolio Cell Reinsurance, and Lloyd's Syndicate segments. It offers professional liability insurance for healthcare providers and institutions, and attorneys; liability insurance for medical technology and life sciences risks; and workers' compensation insurance, such as guaranteed cost policies, policyholder dividend policies, retrospectively rated policies, and deductible policies, as well as alternative market solutions that include program design, fronting, claims administration, risk management, SPC rental, asset management, and SPC management services for individual companies, agencies, groups, and associations. The company also participates in Lloyd's of London Syndicate 1729, which underwrites property and casualty insurance, and reinsurance. It markets its products through independent agencies and brokers, as well as an internal sales force. The company was founded in 1976 and is headquartered in Birmingham, Alabama.",Edward Lewis Rand Jr.,Insurance - Property & Casualty,24.58,USD,1263747345,https://images.financialmodelingprep.com/symbol/PRA.png,570947.0,1991-09-04,24.83,-0.14,459848,106596000,50915000,"[{'period': '2025', 'revenue': 1100.0, 'unit': 'M', 'net_profit': 50.91}, {'period': '2024', 'revenue': 1130.0, 'unit': 'M', 'net_profit': 52.74}, {'period': '2023', 'revenue': 1130.0, 'unit': 'M', 'net_profit': -38.6}, {'period': '2022', 'revenue': 1100000.0, 'unit': 'K', 'net_profit': -402.0}]","[{'period': ""Q4 '25"", 'revenue': 269.64, 'unit': 'M', 'net_profit': 33.37}, {'period': ""Q3 '25"", 'revenue': 274.82, 'unit': 'M', 'net_profit': 1.45}, {'period': ""Q2 '25"", 'revenue': 272.17, 'unit': 'M', 'net_profit': 21.92}, {'period': ""Q1 '25"", 'revenue': 268.06, 'unit': 'M', 'net_profit': -5.82}, {'period': ""Q4 '24"", 'revenue': 284.28, 'unit': 'M', 'net_profit': 16.17}, {'period': ""Q3 '24"", 'revenue': 280.49, 'unit': 'M', 'net_profit': 16.44}]",0.99,0.99,5447192000,549880000,322123000,4098058000,227757000,4429379000,3561694000,36494000,-29218000,0.03319731319847632,-0.03467693007735477,-0.03883495145631071,"[0.05, 0.25]","['2023-03-28', '2011-09-27']",__nan__,0.752324867564793
184,PRG,PROG Holdings Inc. Common Stock,"PROG Holdings, Inc. operates as an omnichannel provider of lease-purchase solutions to underserved and credit-challenged customers. It operates in two segments, Progressive Leasing and Vive. The Progressive Leasing segment offers lease-purchase solutions to customers for various merchandize in the furniture, appliances, electronics, jewelry, mobile phones and accessories, mattresses, and automobile electronics and accessories markets through point-of-sale and e-commerce retail partners, as well in-store, mobile, and online solutions. The Vive segment provides second-look and revolving credit products to customers that may not qualify for traditional prime lending through private label and Vive-branded credit cards. It offers lease-purchase solutions through approximately 24,000 third-party point-of-sale partner locations and e-commerce websites in 49 states and the District of Columbia. The company was formerly known as Aaron's Holdings Company, Inc. and changed its name to PROG Holdings, Inc. in December 2020. PROG Holdings, Inc. was founded in 1955 and is based in Draper, Utah.",Steven A. Michaels,Rental & Leasing Services,28.51,USD,1128306058,https://images.financialmodelingprep.com/symbol/PRG.png,520515.0,1982-11-04,9.38,-0.51,335749,1853045000,146788000,"[{'period': '2025', 'revenue': 2410.0, 'unit': 'M', 'net_profit': 146.79}, {'period': '2024', 'revenue': 2460.0, 'unit': 'M', 'net_profit': 197.25}, {'period': '2023', 'revenue': 2410.0, 'unit': 'M', 'net_profit': 138.84}, {'period': '2022', 'revenue': 2600.0, 'unit': 'M', 'net_profit': 98.71}]","[{'period': ""Q4 '25"", 'revenue': 574.59, 'unit': 'M', 'net_profit': 40.47}, {'period': ""Q3 '25"", 'revenue': 595.11, 'unit': 'M', 'net_profit': 33.12}, {'period': ""Q2 '25"", 'revenue': 604.66, 'unit': 'M', 'net_profit': 38.48}, {'period': ""Q1 '25"", 'revenue': 684.09, 'unit': 'M', 'net_profit': 34.72}, {'period': ""Q4 '24"", 'revenue': 623.32, 'unit': 'M', 'net_profit': 57.55}, {'period': ""Q3 '24"", 'revenue': 606.14, 'unit': 'M', 'net_profit': 83.96}]",3.66,3.59,1610408000,1082659000,308774000,863991000,164876000,47894000,96471000,308774000,324920000,0.0013742216976798728,-0.25582385715516937,-0.2095032397408207,"[0.14, 0.0025]","['2026-03-12', '1990-11-28']",__nan__,0.536504413788307
185,PRGO,Perrigo Company plc Ordinary Shares,"Perrigo Company plc provides over-the-counter (OTC) health and wellness solutions that enhance individual well-being by empowering consumers to prevent or treat conditions that can be self-managed. The company operates through two segments, Consumer Self-Care Americas and Consumer Self-Care International. The Consumer Self-Care Americas segment focuses primarily on the development, manufacture, marketing, and sale of store brand, self-care products in categories, including upper respiratory, pain and sleep-aids, digestive health, nutrition, vitamins, minerals and supplements, healthy lifestyle, skincare and personal hygiene, and oral self-care in the United States, Mexico, Canada, and South America. The segment offers its products under the Prevacid 24HR, Good Sense, Zephrex D, ScarAway, Plackers, Rembrandt, Steripod, Firefly, REACH, Dr. Fresh, and Burt's Bees brand names. The Consumer Self-Care International segment develops, manufactures, markets, and distributes consumer self-care brands through a network of pharmacies, wholesalers, drug and grocery store retailers, and para-pharmacies in approximately 23 countries, primarily in Europe. The company also offers contract manufacturing services. Perrigo Company plc was founded in 1887 and is headquartered in Dublin, Ireland.",Patrick Lockwood-Taylor,Drug Manufacturers - Specialty & Generic,9.53,USD,1311794970,https://images.financialmodelingprep.com/symbol/PRGO.png,3080593.0,1991-12-17,-0.94,0.15,2850095,-797900000,-1425400000,"[{'period': '2025', 'revenue': 4.25, 'unit': 'B', 'net_profit': -1.43}, {'period': '2024', 'revenue': 4370.0, 'unit': 'M', 'net_profit': -171.8}, {'period': '2023', 'revenue': 4660.0, 'unit': 'M', 'net_profit': -12.7}, {'period': '2022', 'revenue': 4450.0, 'unit': 'M', 'net_profit': -140.6}]","[{'period': ""Q4 '25"", 'revenue': 1.11, 'unit': 'B', 'net_profit': -1.42}, {'period': ""Q3 '25"", 'revenue': 1040.0, 'unit': 'M', 'net_profit': 7.5}, {'period': ""Q2 '25"", 'revenue': 1060.0, 'unit': 'M', 'net_profit': -8.4}, {'period': ""Q1 '25"", 'revenue': 1040.0, 'unit': 'M', 'net_profit': -6.4}, {'period': ""Q4 '24"", 'revenue': 1140.0, 'unit': 'M', 'net_profit': -44.5}, {'period': ""Q3 '24"", 'revenue': 1090.0, 'unit': 'M', 'net_profit': -21.0}]",-10.29,-10.29,8535200000,2797400000,531600000,5599700000,612800000,25400000,1012900000,531600000,145100000,-2.8427251732101615,-7.296856810244471,-7.231999999999999,"[0.29, 0.025]","['2026-03-02', '2003-02-26']",__nan__,0.6560713281469679
186,PRI,Primerica Inc. Common Stock,"Primerica, Inc., together with its subsidiaries, provides financial products to middle-income households in the United States and Canada. The company operates in four segments: Term Life Insurance; Investment and Savings Products; Senior Health; and Corporate and Other Distributed Products. The Term Life Insurance segment underwrites individual term life insurance products. The Investment and Savings Products segment provides mutual funds and various retirement plans, managed investments, variable and fixed annuities, and fixed indexed annuities. The Senior Health segment offers segregated funds; and medicare advantage and supplement products. The Corporate and Other Distributed Products segment provides mortgage loans; prepaid legal services that assist subscribers with legal matters, such as drafting wills, living wills and powers of attorney, trial defense, and motor vehicle-related matters; ID theft defense services; auto and homeowners' insurance; home automation solutions; and insurance products, including supplemental health, accidental death, and disability for small businesses. It distributes and sells its products through a network of 129,515 licensed sales representatives. Primerica, Inc. was founded in 1927 and is headquartered in Duluth, Georgia.",Glenn Jackson Williams,Insurance - Life,246.21,USD,7794985456,https://images.financialmodelingprep.com/symbol/PRI.png,221249.0,2010-04-01,10.74,-7.48,102476,1017775000,751234000,"[{'period': '2025', 'revenue': 3230.0, 'unit': 'M', 'net_profit': 751.23}, {'period': '2024', 'revenue': 3090.0, 'unit': 'M', 'net_profit': 470.52}, {'period': '2023', 'revenue': 2750.0, 'unit': 'M', 'net_profit': 576.6}, {'period': '2022', 'revenue': 2660.0, 'unit': 'M', 'net_profit': 472.07}]","[{'period': ""Q4 '25"", 'revenue': 838.34, 'unit': 'M', 'net_profit': 197.05}, {'period': ""Q3 '25"", 'revenue': 839.77, 'unit': 'M', 'net_profit': 206.79}, {'period': ""Q2 '25"", 'revenue': 793.27, 'unit': 'M', 'net_profit': 178.34}, {'period': ""Q1 '25"", 'revenue': 804.84, 'unit': 'M', 'net_profit': 169.05}, {'period': ""Q4 '24"", 'revenue': 788.11, 'unit': 'M', 'net_profit': 167.07}, {'period': ""Q3 '24"", 'revenue': 774.13, 'unit': 'M', 'net_profit': 164.37}]",22.95,22.91,15012336000,4021473000,4021473000,12566434000,275171000,3309540000,743713000,756227000,880756000,0.030468308625650767,0.5966105441237105,0.671522214129643,"[1.2, 0.01]","['2026-02-23', '2010-08-23']",__nan__,0.8370738571265658
187,PRLB,Proto Labs Inc. Common stock,"Proto Labs, Inc., together with its subsidiaries, operates as an e-commerce driven digital manufacturer of custom prototypes and on-demand production parts in the worldwide. The company offers injection molding; computer numerical control machining; three-dimensional (3D) printing, which include stereolithography, selective laser sintering, direct metal laser sintering, multi jet fusion, polyjet, and carbon DLS processes; and sheet metal fabrication products, including quick-turn and e-commerce-enabled custom sheet metal parts. It serves developers and engineers, who use 3D computer-aided design software to design products across a range of end markets. The company was incorporated in 1999 and is headquartered in Maple Plain, Minnesota.",Suresh Krishna,Manufacturing - Metal Fabrication,56.04,USD,1332359966,https://images.financialmodelingprep.com/symbol/PRLB.png,180983.0,2012-02-24,63.68,-2.07,130628,64876000,21241000,"[{'period': '2025', 'revenue': 533.13, 'unit': 'M', 'net_profit': 21.24}, {'period': '2024', 'revenue': 500.89, 'unit': 'M', 'net_profit': 16.59}, {'period': '2023', 'revenue': 503.88, 'unit': 'M', 'net_profit': 17.22}, {'period': '2022', 'revenue': 488.4, 'unit': 'M', 'net_profit': -103.46}]","[{'period': ""Q4 '25"", 'revenue': 136.49, 'unit': 'M', 'net_profit': 6.0}, {'period': ""Q3 '25"", 'revenue': 135.37, 'unit': 'M', 'net_profit': 7.22}, {'period': ""Q2 '25"", 'revenue': 135.06, 'unit': 'M', 'net_profit': 4.43}, {'period': ""Q1 '25"", 'revenue': 126.2, 'unit': 'M', 'net_profit': 3.6}, {'period': ""Q4 '24"", 'revenue': 121750.0, 'unit': 'K', 'net_profit': -404.0}, {'period': ""Q3 '24"", 'revenue': 125.62, 'unit': 'M', 'net_profit': 7.19}]",0.89,0.88,760355000,233541000,128122999,89483000,81427000,14308000,67001999,110826000,59662000,0.06914963744232037,0.28011812209968057,0.34848484848484845,__nan__,__nan__,__nan__,0.11768581780878669
188,PRMW,Primo Water Corporation Common Stock,"Primo Water Corporation provides water direct to consumers and water filtration services in North America and Europe. It offers bottled water, purified bottled water, premium spring, sparkling and flavored water, mineral water, filtration equipment, and coffee; as well as water dispensers, and self-service refill drinking water. The company offers its products under the Primo, Alhambra, Crystal Rock, Mountain Valley, Deep Rock, Hinckley Springs, Crystal Springs, Kentwood Springs, Mount Olympus, Pureflo, Nursery, Sierra Springs, Sparkletts, Clear Mountain Natural Spring Water, Earth2O, Renü, Water Event Pure Water Solutions, Canadian Springs, Labrador Source, Decantae, Eden, Eden Springs, Chateaud'eau, and Mey Eden brands. It provides its services to residential customers, small and medium-sized businesses, and regional and national corporations and retailers. The company was formerly known as Cott Corporation and changed its name to Primo Water Corporation in March 2020. Primo Water Corporation was incorporated in 1955 and is headquartered in Tampa, Florida.",Robbert E. Rietbroek,Beverages - Non-Alcoholic,24.21,USD,3883186942,https://images.financialmodelingprep.com/symbol/PRMW.png,0.0,1992-06-16,47.470588235294116,,0,355500000,64970016,"[{'period': '2023', 'revenue': 1770.0, 'unit': 'M', 'net_profit': 64.97}, {'period': '2022', 'revenue': 2220.0, 'unit': 'M', 'net_profit': 29.6}, {'period': '2021', 'revenue': 2070.0, 'unit': 'M', 'net_profit': -3.2}, {'period': '2020', 'revenue': 1950.0, 'unit': 'M', 'net_profit': -156.8}]","[{'period': ""Q3 '24"", 'revenue': 511.4, 'unit': 'M', 'net_profit': 38.6}, {'period': ""Q2 '24"", 'revenue': 484.9, 'unit': 'M', 'net_profit': 16.0}, {'period': ""Q1 '24"", 'revenue': 449.98, 'unit': 'M', 'net_profit': 25.0}, {'period': ""Q4 '23"", 'revenue': 450.82, 'unit': 'M', 'net_profit': 13.67}, {'period': ""Q3 '23"", 'revenue': 622.0, 'unit': 'M', 'net_profit': 33.4}, {'period': ""Q2 '23"", 'revenue': 593.3, 'unit': 'M', 'net_profit': 21.3}]",1.49,1.48,3523000000,865900000,507900000,2081700000,156000000,0,426100000,507900000,206315444,0.08384146341463415,1.194932972972973,3.2571428571428576,"[0.82123, 0.0168]","['2024-11-05', '1992-08-10']",__nan__,0.5908884473460119
189,PRO,PROS Holdings Inc. Common Stock,"PROS Holdings, Inc. provides solutions that optimize the processes of selling and shopping in the digital economy worldwide. The company offers PROS Smart Configure Price Quote that improves sales productivity and accelerate deal velocity by automating common sales tasks; and PROS Smart Price Optimization and Management that enables businesses to optimize, personalize and harmonize pricing across the complexity of their go-to-market channels in the context of dynamic market and competitive conditions. It offers PROS Airline Revenue Optimization; PROS Airline Revenue Management solution that delivers algorithmic forecasting and network optimization for the travel industry; PROS Airline Real-Time Dynamic Pricing that offers accurate booking class availability and seat prices; and PROS Airline Group Sales Optimizer which enables airlines and their travel agent partners to create and manage group bookings, contracts, and policies. Further, it provides PROS Digital Retail, a configurable end-to-end solution for airlines to optimize the traveler experience from inspiration to post-trip; and PROS digital offer marketing solutions provide performance content management and search engine marketing tools that enable businesses in the travel industry. Additionally, the company offers software-related services, such as implementation, configuration, consulting, training, and maintenance and support services. It sells its software solutions to customers in various industries, including automotive and industrial manufacturing, transportation and logistics, chemicals and energy, food and beverage, healthcare, high tech, and travel. The company markets and sells its software solutions through its sales force, as well as through partners, resellers, and systems integrators. PROS Holdings, Inc. was incorporated in 1985 and is headquartered in Houston, Texas.",Jeffrey Cotten,Software - Application,23.25,USD,1122889766,https://images.financialmodelingprep.com/symbol/PRO.png,1733528.0,2007-07-26,-83.03571428571429,0.005,4394040,-5762000,-20475000,"[{'period': '2024', 'revenue': 330.37, 'unit': 'M', 'net_profit': -20.48}, {'period': '2023', 'revenue': 303.71, 'unit': 'M', 'net_profit': -56.35}, {'period': '2022', 'revenue': 276.14, 'unit': 'M', 'net_profit': -82.25}, {'period': '2021', 'revenue': 251.42, 'unit': 'M', 'net_profit': -81.21}]","[{'period': ""Q3 '25"", 'revenue': 91.68, 'unit': 'M', 'net_profit': -4.25}, {'period': ""Q2 '25"", 'revenue': 88.72, 'unit': 'M', 'net_profit': -1.76}, {'period': ""Q1 '25"", 'revenue': 86.32, 'unit': 'M', 'net_profit': -3.69}, {'period': ""Q4 '24"", 'revenue': 84.97, 'unit': 'M', 'net_profit': -1.97}, {'period': ""Q3 '24"", 'revenue': 82700.0, 'unit': 'K', 'net_profit': 235.0}, {'period': ""Q2 '24"", 'revenue': 82.01, 'unit': 'M', 'net_profit': -7.39}]",-0.43,-0.43,419902000,239116000,161983000,488605000,64982000,18000000,186995000,161983000,26217000,0.8484960033655868,0.6366717535578663,0.6475409836065574,__nan__,__nan__,__nan__,1.1636167486699278
190,PROS,ProSight Global Inc. Common Stock,"ProSight Global, Inc. provides property and casualty insurance services. The company is headquartered in Morristown, New Jersey and currently employs 392 full-time employees. The firm writes insurance coverage in seven customer segments: Media and Entertainment, Real Estate, Professional Services, Transportation, Construction, Consumer Services, and Marine and Energy. Its Media and Entertainment customer segment offers solutions to customers engaged directly in the film production, live media and sports sectors. Its Real Estate customer segment is designed to support the ownership and/or management of buildings, multifamily residential properties or mixed use urban buildings. The company offers professional liability and commercial insurance products to customers that sell professional advice or services. The company Transportation customer segment writes a variety of property and casualty coverage for its Transportation customers. The company offers property, general liability, workers’ compensation, commercial auto and excess coverage to its Construction customers.",Lawrence Hannon,Insurance - Specialty,12.85,USD,0,https://images.financialmodelingprep.com/symbol/PROS.png,71947.0,2019-07-25,2.0309783467678204,0.0,378671,62166000,22228000,"[{'period': '2020', 'revenue': 804.42, 'unit': 'M', 'net_profit': 22.23}, {'period': '2019', 'revenue': 874.96, 'unit': 'M', 'net_profit': 38.89}, {'period': '2018', 'revenue': 784.79, 'unit': 'M', 'net_profit': 54.54}, {'period': '2017', 'revenue': 647.8, 'unit': 'M', 'net_profit': -43.99}]","[{'period': ""Q2 '21"", 'revenue': 209.31, 'unit': 'M', 'net_profit': 16.52}, {'period': ""Q1 '21"", 'revenue': 217.65, 'unit': 'M', 'net_profit': 35.21}, {'period': ""Q4 '20"", 'revenue': 194.8, 'unit': 'M', 'net_profit': -3.92}, {'period': ""Q3 '20"", 'revenue': 188.63, 'unit': 'M', 'net_profit': 1.52}, {'period': ""Q2 '20"", 'revenue': 199.28, 'unit': 'M', 'net_profit': 17.56}, {'period': ""Q1 '20"", 'revenue': 221.7, 'unit': 'M', 'net_profit': 7.07}]",0.63,0.63,63222000,12078000,2278289000,2426744000,327246000,90468000,213404000,12078000,110377000,-0.2762306151911703,-0.4284391874517871,-0.32978723404255317,__nan__,__nan__,__nan__,38.384486412957514
191,PRPB,CC Neuberger Principal Holdings II Class A Ordinary Shares,"CC Neuberger Principal Holdings II does not have significant operations. The company intends to effect a merger, share exchange, asset acquisition, share purchase, reorganization, or similar business combination with one or more businesses. CC Neuberger Principal Holdings II was incorporated in 2020 and is based in New York, New York.",,Shell Companies,9.35,USD,0,https://images.financialmodelingprep.com/symbol/PRPB.png,0.0,2020-09-21,0.0,1.04,241239,-2704000,-898000,"[{'period': '2021', 'revenue': 0.0, 'unit': 'K', 'net_profit': -898.0}, {'period': '2020', 'revenue': 0.0, 'unit': 'K', 'net_profit': 140.8}]","[{'period': ""Q1 '22"", 'revenue': 0.0, 'unit': 'T', 'net_profit': 36.31}, {'period': ""Q4 '21"", 'revenue': 0.0, 'unit': 'M', 'net_profit': -61.78}, {'period': ""Q3 '21"", 'revenue': 0.0, 'unit': 'M', 'net_profit': 20.63}, {'period': ""Q2 '21"", 'revenue': 0.0, 'unit': 'M', 'net_profit': -14.8}, {'period': ""Q4 '20"", 'revenue': 0.0, 'unit': 'K', 'net_profit': 140.8}, {'period': ""Q3 '20"", 'revenue': 0.0, 'unit': 'K', 'net_profit': -7.68}]",-0.0083,-0.0083,829149891,533339,290297,119121938,0,0,399332,290297,-447489,-16.90728476821192,-7.377886206578172,-7.384615384615386,__nan__,__nan__,__nan__,0.1436675555204288
192,PRPC,CC Neuberger Principal Holdings III Class A Ordinary Shares,"CC Neuberger Principal Holdings III does not have significant operations. It intends to effect a merger, share exchange, asset acquisition, share purchase, reorganization, or similar business combination with one or more businesses. The company was incorporated in 2020 and is based in New York, New York.",Chinh E. Chu,Shell Companies,10.95,USD,214617799,https://images.financialmodelingprep.com/symbol/PRPC.png,20037.0,2021-03-30,219.0,-0.01,100,39964000,69590000,"[{'period': '2022', 'revenue': 0.0, 'unit': 'M', 'net_profit': 69.59}, {'period': '2021', 'revenue': 0.0, 'unit': 'M', 'net_profit': -10.5}, {'period': '2020', 'revenue': 0.0, 'unit': '', 'net_profit': -32.65}]","[{'period': ""Q3 '23"", 'revenue': 0.0, 'unit': 'K', 'net_profit': 750.48}, {'period': ""Q2 '23"", 'revenue': 0.0, 'unit': 'K', 'net_profit': 426.04}, {'period': ""Q1 '23"", 'revenue': 0.0, 'unit': 'M', 'net_profit': -7.29}, {'period': ""Q4 '22"", 'revenue': 0.0, 'unit': 'M', 'net_profit': 37.44}, {'period': ""Q3 '22"", 'revenue': 0.0, 'unit': 'M', 'net_profit': 7.79}, {'period': ""Q2 '22"", 'revenue': 0.0, 'unit': 'M', 'net_profit': 13.74}]",1.73,1.73,408987286,468473,399123,16672324,0,408518813,491885,399123,-509031,28.752777777777776,7.6276190476190475,9.649999999999999,__nan__,__nan__,__nan__,0.04076489556205911
193,PRS,Prudential Financial Inc. 5.625% Junior Subordinated Notes due 2058,"Prudential Financial, Inc. engages in the provision of insurance, investment management, and other financial products and services. It operates through the following segments: Prudential Investment Management, Inc. (PGIM), U.S. Businesses, International Businesses, and Corporate and Others. The PGIM segment involves the provision of investment management services and solutions related to public fixed income, public equity, real estate debt and equity, private credit and other alternatives, and multi-asset class strategies. The U.S. Businesses segment includes retirement strategies, group insurance, and individual life. The International Businesses segment focuses on investing in existing businesses and assessing acquisition opportunities. The Corporate and Other Operations segment involves the corporate items and initiatives not allocated to business segments. The company was founded by John Fairfield Dryden in 1875 and is headquartered in Newark, NJ.",None,Insurance - Life,23.0,USD,8004000000,https://images.financialmodelingprep.com/symbol/PRS.png,32108.0,2018-08-22,,-0.09,31437,4913000000,3576000000,"[{'period': '2025', 'revenue': 60.77, 'unit': 'B', 'net_profit': 3.58}, {'period': '2024', 'revenue': 70.41, 'unit': 'B', 'net_profit': 2.73}, {'period': '2023', 'revenue': 53.98, 'unit': 'B', 'net_profit': 2.49}, {'period': '2022', 'revenue': 56.88, 'unit': 'B', 'net_profit': -1.65}]","[{'period': ""Q4 '25"", 'revenue': 15690.0, 'unit': 'M', 'net_profit': 905.0}, {'period': ""Q3 '25"", 'revenue': 17.89, 'unit': 'B', 'net_profit': 1.43}, {'period': ""Q2 '25"", 'revenue': 13730.0, 'unit': 'M', 'net_profit': 533.0}, {'period': ""Q1 '25"", 'revenue': 13470.0, 'unit': 'M', 'net_profit': 707.0}, {'period': ""Q4 '24"", 'revenue': 12520.0, 'unit': 'M', 'net_profit': -57.0}, {'period': ""Q3 '24"", 'revenue': 19490.0, 'unit': 'M', 'net_profit': 448.0}]",10.05,9.99,773740000000,19749000000,19749000000,738159000000,0,666770000000,0,19749000000,6271000000,0.3150428265524625,0.31133113311331134,0.3328912466843502,"[0.35156, 0.359]","['2026-01-30', '2018-10-31']",__nan__,0.9540142683588803
194,PRT,PermRock Royalty Trust Trust Units,"PermRock Royalty Trust owns 80% net profits interest in the oil and natural gas production properties acquired by Boaz Energy II, LLC in Permian Basin, Texas. Its underlying properties comprising 22,997 net acres, which include 2,434 net acres on the Central Basin Platform of the Permian Basin in Hockley and Terry counties, Texas; 1,667 net acres on the Central Basin Platform of the Permian Basin in Terry and Cochran counties, Texas; 14,727 net acres on the Eastern Shelf of the Permian Basin in Glasscock, Schleicher, Stonewall, and Coke counties, Texas; and 4,169 net acres on the Central Basin Platform of the Permian Basin in Ward, Crane, Terry, and Ector counties, Texas. The company was founded in 2017 and is based in Fort Worth, Texas.",,Oil & Gas Exploration & Production,3.32,USD,40390230,https://images.financialmodelingprep.com/symbol/PRT.png,67064.0,2018-05-02,7.9,0.02,24462,4712736,4712736,"[{'period': '2025', 'revenue': 5.61, 'unit': 'M', 'net_profit': 4.71}, {'period': '2024', 'revenue': 6.02, 'unit': 'M', 'net_profit': 5.16}, {'period': '2023', 'revenue': 7.19, 'unit': 'M', 'net_profit': 6.26}, {'period': '2022', 'revenue': 13.18, 'unit': 'M', 'net_profit': 12.3}]","[{'period': ""Q4 '25"", 'revenue': 1070.0, 'unit': 'K', 'net_profit': 934.45}, {'period': ""Q3 '25"", 'revenue': 1.26, 'unit': 'M', 'net_profit': 1.11}, {'period': ""Q2 '25"", 'revenue': 1.56, 'unit': 'M', 'net_profit': 1.2}, {'period': ""Q1 '25"", 'revenue': 1.72, 'unit': 'M', 'net_profit': 1.47}, {'period': ""Q4 '24"", 'revenue': 1.47, 'unit': 'M', 'net_profit': 1.35}, {'period': ""Q3 '24"", 'revenue': 1.56, 'unit': 'M', 'net_profit': 1.34}]",0.39,0.39,1199573000,1199573000,1199573000,0,0,0,0,1199573000,0,-0.08694413908520356,-0.08694413908520356,-0.07142857142857137,"[0.002995, 0.35091]","['2026-03-31', '2018-05-14']",__nan__,0.0
195,PRTY,Party City Holdco Inc. Common Stock,"Party City Holdco Inc. designs, manufactures, sources, and distributes party goods worldwide. The company operates through two segments, Retail and Wholesale. It offers paper and plastic tableware, metallic and latex balloons, Halloween and other costumes, accessories, novelties, gifts, and stationery. As of February 28, 2022, the company operated approximately 830 specialty retail party supply stores, including franchise stores throughout North America under the Party City and Halloween City names, as well as e-commerce websites principally through the domain name PartyCity.com. It offers its products through company-owned stores, independent party supply stores, mass merchants, grocery retailers, e-commerce merchandisers, and dollar stores. The company was founded in 1947 and is headquartered in Elmsford, New York.",Bradley Morgan Weston,Specialty Retail,0.3742,USD,0,https://images.financialmodelingprep.com/symbol/PRTY.png,17900458.0,2015-04-16,0.0,0.0,886349,235103000,-6582000,"[{'period': '2021', 'revenue': 2170.0, 'unit': 'M', 'net_profit': -6.58}, {'period': '2020', 'revenue': 1850.0, 'unit': 'M', 'net_profit': -528.24}, {'period': '2019', 'revenue': 2350.0, 'unit': 'M', 'net_profit': -532.5}, {'period': '2018', 'revenue': 2430.0, 'unit': 'M', 'net_profit': 122.85}]","[{'period': ""Q3 '22"", 'revenue': 502.19, 'unit': 'M', 'net_profit': -372.99}, {'period': ""Q2 '22"", 'revenue': 527.45, 'unit': 'M', 'net_profit': 162.17}, {'period': ""Q1 '22"", 'revenue': 432.98, 'unit': 'M', 'net_profit': -26.89}, {'period': ""Q4 '21"", 'revenue': 698.31, 'unit': 'M', 'net_profit': -19.49}, {'period': ""Q3 '21"", 'revenue': 510.2, 'unit': 'M', 'net_profit': -2.79}, {'period': ""Q2 '21"", 'revenue': 535.75, 'unit': 'M', 'net_profit': 29.81}]",-0.0653,-0.0653,2711900000,698483000,47914000,2629186000,93301000,-29195000,570059000,47914000,-249474000,1.442470198102164,0.9875397074803403,0.9875381679389313,__nan__,__nan__,__nan__,0.9694996128175818
196,PRU,Prudential Financial Inc. Common Stock,"Prudential Financial, Inc., together with its subsidiaries, provides insurance, investment management, and other financial products and services in the United States and internationally. It operates through eight segments: PGIM, Retirement, Group Insurance, Individual Annuities, Individual Life, Assurance IQ, International Businesses, and Closed Block. The company offers investment management services and solutions related to public fixed income, public equity, real estate debt and equity, private credit and other alternatives, and multi-asset class strategies to institutional and retail clients, as well as its general account. It also provides a range of retirement investment, and income products and services to retirement plan sponsors in the public, private, and not-for-profit sectors; and group life, long-term and short-term group disability, and group corporate-, bank-, and trust-owned life insurance in the United States, primarily to institutional clients for use in connection with employee and membership benefits plans, as well as sells accidental death and dismemberment, and other supplemental health solutions; and provides plan administration services in connection with its insurance coverages. In addition, the company develops and distributes individual variable and fixed annuity products, principally to the mass affluent and affluent markets; and individual variable, term, and universal life insurance products to the mass middle, mass affluent, and affluent markets in the United States. Further, it provides third-party life, health, Medicare, property and casualty, and term life products to retail shoppers through its digital and independent agent channels. The company offers its products and services to individual and institutional customers through its proprietary and third-party distribution networks. Prudential Financial, Inc. was founded in 1875 and is headquartered in Newark, New Jersey.",Andrew Francis Sullivan,Insurance - Life,93.29,USD,32464920000,https://images.financialmodelingprep.com/symbol/PRU.png,2274869.0,2001-12-13,9.34,-1.98,1845764,4913000000,3576000000,"[{'period': '2025', 'revenue': 60.77, 'unit': 'B', 'net_profit': 3.58}, {'period': '2024', 'revenue': 70.67, 'unit': 'B', 'net_profit': 2.73}, {'period': '2023', 'revenue': 54.27, 'unit': 'B', 'net_profit': 2.49}, {'period': '2022', 'revenue': 56.99, 'unit': 'B', 'net_profit': -1.65}]","[{'period': ""Q4 '25"", 'revenue': 15680.0, 'unit': 'M', 'net_profit': 905.0}, {'period': ""Q3 '25"", 'revenue': 17.95, 'unit': 'B', 'net_profit': 1.43}, {'period': ""Q2 '25"", 'revenue': 13800.0, 'unit': 'M', 'net_profit': 533.0}, {'period': ""Q1 '25"", 'revenue': 13540.0, 'unit': 'M', 'net_profit': 707.0}, {'period': ""Q4 '24"", 'revenue': 12640.0, 'unit': 'M', 'net_profit': -57.0}, {'period': ""Q3 '24"", 'revenue': 19530.0, 'unit': 'M', 'net_profit': 448.0}]",10.16,10.22,773740000000,26126000000,26126000000,738159000000,47992000000,396008000000,0,19712000000,6271000000,0.3677616926503341,0.31133113311331134,0.34748010610079577,"[1.4, 0.4]","['2026-02-17', '2002-11-21']",__nan__,0.9540142683588803
197,PSA,Public Storage Common Stock,"Public Storage, a member of the S&P 500 and FT Global 500, is a REIT that primarily acquires, develops, owns and operates self-storage facilities. At September 30, 2020, we had: (i) interests in 2,504 self-storage facilities located in 38 states with approximately 171 million net rentable square feet in the United States, (ii) an approximate 35% common equity interest in Shurgard Self Storage SA (Euronext Brussels:SHUR) which owned 239 self-storage facilities located in seven Western European nations with approximately 13 million net rentable square feet operated under the Shurgard brand and (iii) an approximate 42% common equity interest in PS Business Parks, Inc. (NYSE:PSB) which owned and operated approximately 28 million rentable square feet of commercial space at September 30, 2020. Our headquarters are located in Glendale, California.",Joseph D. Russell Jr.,REIT - Industrial,266.01,USD,46686351060,https://images.financialmodelingprep.com/symbol/PSA.png,1230176.0,1980-11-18,29.52,-2.0,1077878,3246139000,1784348000,"[{'period': '2025', 'revenue': 4.82, 'unit': 'B', 'net_profit': 1.78}, {'period': '2024', 'revenue': 4.7, 'unit': 'B', 'net_profit': 2.07}, {'period': '2023', 'revenue': 4.52, 'unit': 'B', 'net_profit': 2.15}, {'period': '2022', 'revenue': 4.18, 'unit': 'B', 'net_profit': 4.35}]","[{'period': ""Q4 '25"", 'revenue': 1220.0, 'unit': 'M', 'net_profit': 507.07}, {'period': ""Q3 '25"", 'revenue': 1220.0, 'unit': 'M', 'net_profit': 511.06}, {'period': ""Q2 '25"", 'revenue': 1200.0, 'unit': 'M', 'net_profit': 358.42}, {'period': ""Q1 '25"", 'revenue': 1180.0, 'unit': 'M', 'net_profit': 407.79}, {'period': ""Q4 '24"", 'revenue': 1180.0, 'unit': 'M', 'net_profit': 614.61}, {'period': ""Q3 '24"", 'revenue': 1190.0, 'unit': 'M', 'net_profit': 430.33}]",9.04,9.01,20208604000,460203000,318095000,10866770000,142108000,388586000,612889000,318095000,2897071000,-0.07418389924722908,-0.1388327571620035,-0.153558052434457,"[3, 0.46]","['2026-03-16', '1985-01-28']",__nan__,0.5377298699108558
198,PSB,PS Business Parks Inc. (MD) Common Stock,"PS Business Parks, Inc., a member of the S&P MidCap 400, is a REIT that acquires, develops, owns, and operates commercial properties, primarily multi-tenant industrial, flex, and office space. As of September 30, 2020, the Company wholly owned 27.5 million rentable square feet with approximately 5,000 commercial customers in six states. The Company also held a 95.0% interest in a 395-unit apartment complex and a 98.2% interest in a development of a 411-unit multifamily apartment complex.",Maria Hawthorne,REIT - Diversified,187.44,USD,0,https://images.financialmodelingprep.com/symbol/PSB.png,0.0,1991-03-27,11.855787476280835,0.0599976,3391269,651161000,548383000,"[{'period': '2021', 'revenue': 438.7, 'unit': 'M', 'net_profit': 548.38}, {'period': '2020', 'revenue': 415.62, 'unit': 'M', 'net_profit': 173.55}, {'period': '2019', 'revenue': 429.85, 'unit': 'M', 'net_profit': 174.97}, {'period': '2018', 'revenue': 413.52, 'unit': 'M', 'net_profit': 226.7}]","[{'period': ""Q2 '22"", 'revenue': 110.91, 'unit': 'M', 'net_profit': 107.04}, {'period': ""Q1 '22"", 'revenue': 112.84, 'unit': 'M', 'net_profit': 100.81}, {'period': ""Q4 '21"", 'revenue': 110.84, 'unit': 'M', 'net_profit': 353.07}, {'period': ""Q3 '21"", 'revenue': 110.45, 'unit': 'M', 'net_profit': 64.61}, {'period': ""Q2 '21"", 'revenue': 109.36, 'unit': 'M', 'net_profit': 57.96}, {'period': ""Q1 '21"", 'revenue': 108.05, 'unit': 'M', 'net_profit': 40.1}]",19.84,19.84,2123222000,66276000,27074000,129151000,39202000,0,129151000,27074000,218350000,1.1413359816633837,2.1598529504975597,2.149206349206349,"[0.2168, 0.34]","['2022-07-18', '1991-06-24']",__nan__,0.06082783618481723
199,PSF,Cohen & Steers Select Preferred and Income Fund Inc. Common Stock,"Cohen & Steers Select Preferred and Income Fund, Inc. is a closed ended fixed income mutual fund launched by Cohen & Steers Inc. It is managed by Cohen & Steers Capital Management, Inc. The fund invests in the fixed income markets across the globe. It also invests some portion of its portfolio in other open-end funds, closed-end funds, or exchange traded funds that invest primarily in preferred and/or debt securities. The fund seeks to invest in traditional preferred securities, hybrid-preferred securities, floating rate preferred securities, corporate debt securities, and convertible securities with maturity of ten years or more. It intends to utilize leverage in an amount up to 33.33% of its managed assets through borrowings. The fund uses fundamental analysis and focuses on factors like issuer's creditworthiness, account prevailing market factors, issuer's corporate and capital structure, and the placement of the preferred or debt securities within that structure. It benchmarks the performance of its portfolio against the BofA Merrill Lynch Fixed Rate Preferred Index, Barclays Capital U.S. Aggregate Bond Index, and a composite benchmark comprising of 50% of the BofA Merrill Lynch US Capital Securities Index and 50% of the BofA Merrill Lynch Fixed Rate Preferred Index. Cohen & Steers Select Preferred and Income Fund, Inc. was formed on August 16, 2010 and is domiciled in the United States.",Adam Derechin,Asset Management - Income,19.05,USD,229136962,https://images.financialmodelingprep.com/symbol/PSF.png,36093.0,2010-11-26,9.11,-0.31,44654,31597252,25130410,"[{'period': '2025', 'revenue': 31.99, 'unit': 'M', 'net_profit': 25.13}, {'period': '2024', 'revenue': 34.16, 'unit': 'M', 'net_profit': 32.42}, {'period': '2023', 'revenue': -2.75, 'unit': 'M', 'net_profit': 17.23}, {'period': '2022', 'revenue': 8.92, 'unit': 'M', 'net_profit': -46.8}]","[{'period': ""Q4 '25"", 'revenue': 19.02, 'unit': 'M', 'net_profit': 15.69}, {'period': ""Q2 '25"", 'revenue': 12.97, 'unit': 'M', 'net_profit': 9.44}, {'period': ""Q4 '24"", 'revenue': 19.27, 'unit': 'M', 'net_profit': 15.14}, {'period': ""Q2 '24"", 'revenue': 14.89, 'unit': 'M', 'net_profit': 17.27}, {'period': ""Q4 '23"", 'revenue': 2.32, 'unit': 'M', 'net_profit': 22.73}, {'period': ""Q2 '23"", 'revenue': -5.07, 'unit': 'M', 'net_profit': -5.5}]",2.09,2.09,395995882,11500526,6538457,130087197,4962069,384475290,0,1483073,11513560,-0.21207106380555096,-0.22477267747395513,-0.2230483271375465,"[0.126, 0.172]","['2026-06-09', '2010-12-29']",__nan__,0.3285064388624122
200,PSFE,Paysafe Limited Common Shares,"Paysafe Limited provides digital commerce solutions to online businesses, small and medium-sized business merchants, and consumers through its Paysafe Network worldwide. The company operates in two segments, US Acquiring and Digital Commerce. It provides PCI-compliant payment acceptance and transaction processing solutions for merchants and integrated service providers, including merchant acquiring, transaction processing, online solutions, fraud and risk management tools, data and analytics, and point of sale systems and merchant financing solutions under the Paysafe and Petroleum Card Services brands. The company also offers digital wallet solutions under the Skrill and NETELLER brands; and pay-by-bank solution under the Rapid Transfer brand. In addition, it provides eCash solutions, such as Paysafecash, a bill payment eCash solution that allow users to shop online and then pay offline in cash to finalize the transaction; paysafecard, a prepaid eCash solution; and paysafecard prepaid Mastercard that can be linked to a digital paysafecard account and used to make purchases. Further, it offers integrated and ecommerce solutions for online merchants and software-integrated merchants within integrated payment capabilities; online toolkit that allows merchants and integrated software vendor to build and scale their online commerce presence; and turn-key payments gateway solution that offers critical connectivity between merchant online sites and payment acceptance and transaction processing providers. Additionally, the company manages and provides various connections to card processing networks, acquiring banks, and transaction processors; and offers gateway connectivity,? shopping cart, tokenization and encryption, fraud and risk management, and support to payment alternatives, as well as provides integrations into eCommerce platforms and multiple alternative payment methods. Paysafe Limited is based in London, the United Kingdom.",Bruce F. Lowthers,Information Technology Services,6.62,USD,380404570,https://images.financialmodelingprep.com/symbol/PSFE.png,471413.0,2020-10-09,-2.11,-0.26,241610,396544000,-182507000,"[{'period': '2025', 'revenue': 1700.0, 'unit': 'M', 'net_profit': -182.51}, {'period': '2024', 'revenue': 1700.0, 'unit': 'M', 'net_profit': 22.16}, {'period': '2023', 'revenue': 1600.0, 'unit': 'M', 'net_profit': -20.25}, {'period': '2022', 'revenue': 1.5, 'unit': 'B', 'net_profit': -1.86}]","[{'period': ""Q4 '25"", 'revenue': 438.36, 'unit': 'M', 'net_profit': -25.23}, {'period': ""Q3 '25"", 'revenue': 433.81, 'unit': 'M', 'net_profit': -87.67}, {'period': ""Q2 '25"", 'revenue': 428.22, 'unit': 'M', 'net_profit': -50.13}, {'period': ""Q1 '25"", 'revenue': 401.0, 'unit': 'M', 'net_profit': -19.47}, {'period': ""Q4 '24"", 'revenue': 420.07, 'unit': 'M', 'net_profit': 33.51}, {'period': ""Q3 '24"", 'revenue': 427.1, 'unit': 'M', 'net_profit': -12.98}]",-3.14,-3.14,4803633000,1750199000,1345288000,4148595999,290581000,3312000,1413872000,1345288000,223576000,-0.03832451794241258,-9.235875451263539,-9.722222222222223,__nan__,__nan__,__nan__,0.8636371677436641
201,PSN,Parsons Corporation Common Stock,"Parsons Corporation provides integrated solutions and services in the defense, intelligence, and critical infrastructure markets in North America, the Middle East, and internationally. It operates through two segments, Federal Solutions and Critical Infrastructure. The company offers cyber security and intelligence services, as well as offensive and defensive cybersecurity platforms, tools, and operations to the U.S. Department of Defense and the United States intelligence community; space and geospatial solutions, such as geospatial intelligence, threat analytics, space situational awareness, small satellite launch and integration, satellite ground systems, fight dynamics, and command, and control solutions to the National Geospatial-Intelligence Agency, National Reconnaissance Office, and multiple units within the U.S. Department of Defense. It also provides missile defense and C5ISR solutions, such as integrated air and missile defense, data fusion and analytics, platform system integration, directed energy, joint all-domain operations, and command and control systems to Defense Intelligence Agency and the U.S. Department of Defense; technology services for energy production systems, aviation, healthcare and bio-surveillance systems, and environmental systems and associated infrastructure, as well as nuclear waste processing and treatment, weapons of mass destruction elimination, program and project management, infectious disease control analytics, and data protection solutions. In addition, the company offers intelligent transportation system management, aviation, rail and transit systems, smart cities software, and critical infrastructure cyber protection to the transportation authorities, rail, and transit entities; engineering services for infrastructure; and program management, and environmental solutions to private-sector industrial clients and public utilities. Parsons Corporation was founded in 1944 and is headquartered in Centreville, Virginia.",Carey A. Smith,Industrial - Machinery,52.51,USD,5619173655,https://images.financialmodelingprep.com/symbol/PSN.png,1241016.0,2019-05-08,23.87,-1.11,813369,552187000,241139000,"[{'period': '2025', 'revenue': 6360.0, 'unit': 'M', 'net_profit': 241.14}, {'period': '2024', 'revenue': 6750.0, 'unit': 'M', 'net_profit': 235.05}, {'period': '2023', 'revenue': 5440.0, 'unit': 'M', 'net_profit': 161.15}, {'period': '2022', 'revenue': 4200.0, 'unit': 'M', 'net_profit': 96.66}]","[{'period': ""Q4 '25"", 'revenue': 1600.0, 'unit': 'M', 'net_profit': 55.58}, {'period': ""Q3 '25"", 'revenue': 1620.0, 'unit': 'M', 'net_profit': 64.12}, {'period': ""Q2 '25"", 'revenue': 1580.0, 'unit': 'M', 'net_profit': 55.23}, {'period': ""Q1 '25"", 'revenue': 1550.0, 'unit': 'M', 'net_profit': 66.2}, {'period': ""Q4 '24"", 'revenue': 1730.0, 'unit': 'M', 'net_profit': 201.28}, {'period': ""Q3 '24"", 'revenue': 1810.0, 'unit': 'M', 'net_profit': 71.95}]",2.26,2.2,5769534000,2683543000,466388000,3001862000,2040223000,148640000,1531664000,466388000,410412000,0.06500297019773031,0.025892032860673975,0.02262443438914019,__nan__,__nan__,__nan__,0.5202953999404458
202,PSO,Pearson Plc Common Stock,"Pearson plc provides educational courseware, assessments, and services in the United Kingdom, the United States, Canada, the Asia Pacific, other European countries, and internationally. It operates through five segments: Assessment & Qualifications, Virtual Learning, English Language Learning, Higher Education, and Workforce Skills. The Assessment & Qualifications segment offers Pearson VUE, US student assessment, clinical assessment, UK GCSE, and A levels and international academic qualifications. The Virtual Learning segment provides virtual schools and online program management services. The English Language Learning segment offers Pearson test of English, institutional courseware, and English online solutions. The Higher Education segment provides the US, Canadian, and international higher education courseware businesses. The Workforce Skills offers BTEC, GED, TalentLens, Faethm, Pearson college, and apprenticeships. Pearson plc was founded in 1844 and is headquartered in London, the United Kingdom.",Omar Paul Abbosh,Publishing,12.59,USD,7830143483,https://images.financialmodelingprep.com/symbol/PSO.png,1098277.0,1996-11-18,18.51,-0.17,1292782,1056332269,327658620,"[{'period': '2025', 'revenue': 3500.0, 'unit': 'M', 'net_profit': 327.66}, {'period': '2024', 'revenue': 3550.0, 'unit': 'M', 'net_profit': 434.0}, {'period': '2023', 'revenue': 3670.0, 'unit': 'M', 'net_profit': 378.0}, {'period': '2022', 'revenue': 3840.0, 'unit': 'M', 'net_profit': 242.0}]","[{'period': ""Q4 '25"", 'revenue': 1840.0, 'unit': 'M', 'net_profit': 169.95}, {'period': ""Q2 '25"", 'revenue': 1720.0, 'unit': 'M', 'net_profit': 164.0}, {'period': ""Q4 '24"", 'revenue': 1800.0, 'unit': 'M', 'net_profit': 277.0}, {'period': ""Q2 '24"", 'revenue': 1750.0, 'unit': 'M', 'net_profit': 157.0}, {'period': ""Q4 '23"", 'revenue': 1790.0, 'unit': 'M', 'net_profit': 192.0}, {'period': ""Q2 '23"", 'revenue': 1880.0, 'unit': 'M', 'net_profit': 186.0}]",0.5,0.5,6446648825,2315922154,332414688,2790087250,1095071811,342397111,1158959319,332414688,646514471,-0.05261679910313901,-0.24502622119815667,-0.20634920634920637,"[0.23464, 0.111]","['2026-03-20', '1997-04-09']",__nan__,0.43279653130477447
203,PSTG,Pure Storage Inc. Class A Common Stock,"Everpure provides data storage technologies, products, and services in the United States and internationally. The company's Purity software is shared across its products and provides enterprise-class data services, such as data reduction, data protection, and encryption, as well as storage protocols, including block, file, and object. Its products portfolio includes FlashArray for block-oriented storage, addressing databases, applications, virtual machines, and other traditional workloads; FlashArray//XL; and FlashArray//C, an all-QLC flash array. The company also provides FlashBlade, a solution for unstructured data workloads of various types; FlashStack that combines compute, network, and storage to provide an infrastructure platform; FlashRecover, an all-flash modern data-protection solution; and AIRI, a full-stack AI-ready infrastructure. In addition, it offers evergreen storage subscription, Pure as-a-Service, and Cloud Block Store, as well as Portworx a cloud-native Kubernetes data management solution It also offers technical and professional, training and education, and certification services. The company sells its products and subscription services through direct sales force and channel partners. The company was formerly known as OS76, Inc. and changed its name to Pure Storage, Inc. in January 2010. Pure Storage, Inc. was incorporated in 2009 and is headquartered in Mountain View, California.",Charles H. Giancarlo,Computer Hardware,58.96,USD,19466920123,https://images.financialmodelingprep.com/symbol/PSTG.png,3566200.0,2015-10-06,107.2,-3.08,2577973,379437940,188181000,"[{'period': '2026', 'revenue': 3660.0, 'unit': 'M', 'net_profit': 188.18}, {'period': '2025', 'revenue': 3170.0, 'unit': 'M', 'net_profit': 106.74}, {'period': '2024', 'revenue': 2830.0, 'unit': 'M', 'net_profit': 61.31}, {'period': '2023', 'revenue': 2750.0, 'unit': 'M', 'net_profit': 73.07}]","[{'period': ""Q4 '26"", 'revenue': 1060.0, 'unit': 'M', 'net_profit': 100.25}, {'period': ""Q3 '26"", 'revenue': 964.45, 'unit': 'M', 'net_profit': 54.81}, {'period': ""Q2 '26"", 'revenue': 861.0, 'unit': 'M', 'net_profit': 47.12}, {'period': ""Q1 '26"", 'revenue': 778.49, 'unit': 'M', 'net_profit': -13.99}, {'period': ""Q4 '25"", 'revenue': 879.84, 'unit': 'M', 'net_profit': 42.44}, {'period': ""Q3 '25"", 'revenue': 831.07, 'unit': 'M', 'net_profit': 63.64}]",0.49,0.47,4674259000,3063492000,1547319000,3228591000,944844000,0,1909990000,854873000,615741000,0.34408996071569,0.7630013397165047,0.48484848484848475,__nan__,__nan__,__nan__,0.690717181054794
204,PSTH,Pershing Square Tontine Holdings Ltd. Class A Common Stock,"Pershing Square Tontine Holdings, Ltd. does not have significant operations. The company intends to effect a merger, capital stock exchange, asset acquisition, stock purchase, reorganization, or similar business combination with one or more businesses. Pershing Square Tontine Holdings, Ltd. was incorporated in 2020 and is based in New York, New York.",William Albert Ackman,Shell Companies,20.14,USD,0,https://images.financialmodelingprep.com/symbol/PSTH.png,0.0,2020-09-11,8.718614718614718,0.0100002,18155880,833608000,833301000,"[{'period': '2021', 'revenue': 0.0, 'unit': 'M', 'net_profit': 833.3}, {'period': '2020', 'revenue': 0.0, 'unit': 'B', 'net_profit': -1.43}]","[{'period': ""Q1 '22"", 'revenue': 0.0, 'unit': 'T', 'net_profit': 1.0}, {'period': ""Q4 '21"", 'revenue': 0.0, 'unit': 'M', 'net_profit': -14.98}, {'period': ""Q3 '21"", 'revenue': 0.0, 'unit': 'M', 'net_profit': 344.38}, {'period': ""Q2 '21"", 'revenue': 0.0, 'unit': 'M', 'net_profit': 166.91}, {'period': ""Q4 '20"", 'revenue': 0.0, 'unit': 'B', 'net_profit': -1.43}, {'period': ""Q3 '20"", 'revenue': 0.0, 'unit': 'K', 'net_profit': 101.18}]",3.8,3.8,4031929320,24096169,23156677,283417185,203,0,1827259,23156677,-2703119,1.484809994806488,1.582606561709518,1.003144471935588,__nan__,__nan__,__nan__,0.0702931927884093
205,PSTL,Postal Realty Trust Inc. Class A Common Stock,"Postal Realty Trust, Inc. is an internally managed real estate investment trust that owns and manages over 1,000 properties leased to the USPS. The Company believes it is one of the largest owners and managers of properties leased to the USPS.",Andrew Spodek,REIT - Office,18.25,USD,630493116,https://images.financialmodelingprep.com/symbol/PSTL.png,304735.0,2019-05-15,38.83,-0.13,131237,57353000,14149000,"[{'period': '2025', 'revenue': 95.82, 'unit': 'M', 'net_profit': 14.15}, {'period': '2024', 'revenue': 76.37, 'unit': 'M', 'net_profit': 6.6}, {'period': '2023', 'revenue': 63.71, 'unit': 'M', 'net_profit': 3.71}, {'period': '2022', 'revenue': 53.33, 'unit': 'M', 'net_profit': 3.85}]","[{'period': ""Q4 '25"", 'revenue': 26.0, 'unit': 'M', 'net_profit': 4.64}, {'period': ""Q3 '25"", 'revenue': 24.33, 'unit': 'M', 'net_profit': 3.81}, {'period': ""Q2 '25"", 'revenue': 23.35, 'unit': 'M', 'net_profit': 3.61}, {'period': ""Q1 '25"", 'revenue': 22.15, 'unit': 'M', 'net_profit': 2.08}, {'period': ""Q4 '24"", 'revenue': 21.37, 'unit': 'M', 'net_profit': 4.5}, {'period': ""Q3 '24"", 'revenue': 19.67, 'unit': 'M', 'net_profit': 1.07}]",0.47,0.47,759057000,6827000,1454000,399496000,5373000,718706000,637000,1454000,37568000,0.3437910028116214,1.1450879320800484,1.2380952380952381,"[0.245, 0.063]","['2026-02-13', '2019-07-08']",__nan__,0.5263056661093962
206,PSX,Phillips 66 Common Stock,"Phillips 66 operates as an energy manufacturing and logistics company. It operates through four segments: Midstream, Chemicals, Refining, and Marketing and Specialties (M&S). The Midstream segment transports crude oil and other feedstocks; delivers refined petroleum products to market; provides terminaling and storage services for crude oil and refined petroleum products; transports, stores, fractionates, exports, and markets natural gas liquids; provides other fee-based processing services; and gathers, processes, transports, and markets natural gas. The Chemicals segment produces and markets ethylene and other olefin products; aromatics and styrenics products, such as benzene, cyclohexane, styrene, and polystyrene; and various specialty chemical products, including organosulfur chemicals, solvents, catalysts, and chemicals used in drilling and mining. The Refining segment refines crude oil and other feedstocks into petroleum products, such as gasolines, distillates, aviation, and renewable fuels at 12 refineries in the United States and Europe. The M&S segment purchases for resale and markets refined petroleum products, including gasolines, distillates, and aviation fuels primarily in the United States and Europe. This segment also manufactures and markets specialty products, such as base oils and lubricants. The company was founded in 1875 and is headquartered in Houston, Texas.",Mark E. Lashier,Oil & Gas Refining & Marketing,188.28,USD,75452084462,https://images.financialmodelingprep.com/symbol/PSX.png,2875077.0,2012-04-12,17.45,4.27,3465174,9757000000,4403000000,"[{'period': '2025', 'revenue': 132.38, 'unit': 'B', 'net_profit': 4.4}, {'period': '2024', 'revenue': 143.12, 'unit': 'B', 'net_profit': 2.12}, {'period': '2023', 'revenue': 147.26, 'unit': 'B', 'net_profit': 7.0}, {'period': '2022', 'revenue': 170.12, 'unit': 'B', 'net_profit': 11.02}]","[{'period': ""Q4 '25"", 'revenue': 34.11, 'unit': 'B', 'net_profit': 2.91}, {'period': ""Q3 '25"", 'revenue': 34510.0, 'unit': 'M', 'net_profit': 133.0}, {'period': ""Q2 '25"", 'revenue': 33320.0, 'unit': 'M', 'net_profit': 877.0}, {'period': ""Q1 '25"", 'revenue': 30500.0, 'unit': 'M', 'net_profit': 487.0}, {'period': ""Q4 '24"", 'revenue': 33710.0, 'unit': 'M', 'net_profit': 8.0}, {'period': ""Q3 '24"", 'revenue': 35290.0, 'unit': 'M', 'net_profit': 346.0}]",10.84,10.79,73680000000,17271000000,1116000000,43439000000,9771000000,11905000000,13326000000,1116000000,2729000000,0.6302422723475355,1.0798299480396787,1.1636726546906189,"[1.27, 0.2]","['2026-02-23', '2012-07-19']",__nan__,0.5895629750271444
207,PSXP,Phillips 66 Partners LP Common Units representing limited partner interest in the Partnership,"Phillips 66 Partners LP owns, operates, develops, and acquires midstream assets in the United States. It engages in the provision of transportation, terminaling, processing, stevedoring, storage, and fractionation of crude oil, refined petroleum products, and natural gas liquids, as well as rail terminal services. The company was incorporated in 2013 and is headquartered in Houston, Texas. Phillips 66 Partners LP is a subsidiary of Phillips 66 Project Development Inc.",Gregory Garland,Oil & Gas Midstream,42.01,USD,0,https://images.financialmodelingprep.com/symbol/PSXP.png,995858.0,2013-07-23,14.045469742561016,0.779999,16202677,1050000000,777000000,"[{'period': '2021', 'revenue': 1150.0, 'unit': 'M', 'net_profit': 777.0}, {'period': '2020', 'revenue': 1040.0, 'unit': 'M', 'net_profit': 791.0}, {'period': '2019', 'revenue': 1130.0, 'unit': 'M', 'net_profit': 923.0}, {'period': '2018', 'revenue': 1040.0, 'unit': 'M', 'net_profit': 796.0}]","[{'period': ""Q4 '21"", 'revenue': 331.0, 'unit': 'M', 'net_profit': 299.0}, {'period': ""Q3 '21"", 'revenue': 283.0, 'unit': 'M', 'net_profit': 242.0}, {'period': ""Q2 '21"", 'revenue': 280.0, 'unit': 'M', 'net_profit': 225.0}, {'period': ""Q1 '21"", 'revenue': 252.0, 'unit': 'M', 'net_profit': -18.0}, {'period': ""Q4 '20"", 'revenue': 265.0, 'unit': 'M', 'net_profit': 104.0}, {'period': ""Q3 '20"", 'revenue': 265.0, 'unit': 'M', 'net_profit': 206.0}]",3.37,3.37,7101000000,211000000,62000000,4164000000,126000000,2929000000,627000000,62000000,842000000,-0.015932521087160263,-0.017699115044247787,0.03058103975535171,"[0.875, 0.1548]","['2022-01-28', '2013-11-04']",__nan__,0.5863962822137727
208,PTA,Cohen & Steers Tax-Advantaged Preferred Securities and Income Fund Common Shares of Beneficial Interest,"Cohen & Steers Tax-Advantaged Preferred Securities & Income Fund is a non-diversified closed-end management investment company. The company was founded on November 14, 2019 and is headquartered in New York, NY.",Adam Derechin,Asset Management - Income,18.21,USD,1006529652,https://images.financialmodelingprep.com/symbol/PTA.png,159457.0,2020-10-28,11.17,-0.4,150124,89542999,89542999,"[{'period': '2025', 'revenue': 122.03, 'unit': 'M', 'net_profit': 89.54}, {'period': '2024', 'revenue': 243.11, 'unit': 'M', 'net_profit': 241.46}, {'period': '2023', 'revenue': -1.98, 'unit': 'M', 'net_profit': -3.61}, {'period': '2022', 'revenue': -228.81, 'unit': 'M', 'net_profit': -230.39}]",[],0.0,0.0,1784385420,25203033,914993,614467035,24288040,953314,9241127,914993,86968815,-0.6291557025394586,-0.6291557025394586,-1.0,"[0.134, 0.13]","['2026-06-09', '2020-12-23']",__nan__,0.3443577985522881
209,PTR,PetroChina Company Limited Common Stock,"PetroChina Company Limited, together with its subsidiaries, engages in a range of petroleum related products, services, and activities in Mainland China and internationally. It operates through Exploration and Production, Refining and Chemicals, Marketing, and Natural Gas and Pipeline segments. The Exploration and Production segment engages in the exploration, development, production, and marketing of crude oil and natural gas. The Refining and Chemicals segment refines crude oil and petroleum products; and produces and markets primary petrochemical products, derivative petrochemical products, and other chemical products. The Marketing segment is involved in marketing of refined products and trading business. The Natural Gas and Pipeline segment engages in the transmission of natural gas, crude oil, and refined products; and sale of natural gas. As of December 31, 2021, the company had a total length of 26,076 km, including 17,329 km of natural gas pipelines, 7,340 km of crude oil pipelines, and 1,407 km of refined product pipelines. The company is also involved in the exploration, development, and production of oil sands and coalbed methane; trading of crude oil and petrochemical products; storage, chemical engineering, storage facilities, service station, and transportation facilities and related businesses; and production and sales of basic and derivative chemical, and other chemical products. The company was founded in 1999 and is headquartered in Beijing, the People's Republic of China. PetroChina Company Limited is a subsidiary of China National Petroleum Corporation.",,Oil & Gas Integrated,46.85,USD,0,https://images.financialmodelingprep.com/symbol/PTR.png,0.0,2013-02-11,0.0,2.6568,183179,155416000000,114696000000,"[{'period': '2021', 'revenue': 2610.0, 'unit': 'B', 'net_profit': 114.7}, {'period': '2020', 'revenue': 1930.0, 'unit': 'B', 'net_profit': 19.01}, {'period': '2019', 'revenue': 2520.0, 'unit': 'B', 'net_profit': 45.68}, {'period': '2018', 'revenue': 2350.0, 'unit': 'B', 'net_profit': 52.59}]","[{'period': ""Q3 '22"", 'revenue': 840.78, 'unit': 'B', 'net_profit': 41.92}, {'period': ""Q2 '22"", 'revenue': 835.25, 'unit': 'B', 'net_profit': 48.08}, {'period': ""Q1 '22"", 'revenue': 779.37, 'unit': 'B', 'net_profit': 43.64}, {'period': ""Q4 '21"", 'revenue': 734.01, 'unit': 'B', 'net_profit': 21.64}, {'period': ""Q3 '21"", 'revenue': 683.76, 'unit': 'B', 'net_profit': 22.09}, {'period': ""Q2 '21"", 'revenue': 644.66, 'unit': 'B', 'net_profit': 25.32}]",0.5,0.5,2502262000000,480838000000,167511000000,1093393000000,56659000000,275017000000,518158000000,136789000000,341469000000,-0.43870851240564845,5.034725876039145,4.0,"[2.657, 0.713]","['2022-09-09', '2000-09-15']",__nan__,0.4369618369299458
210,PTY,Pimco Corporate & Income Opportunity Fund,"PIMCO Corporate & Income Opportunity Fund is a closed-ended fixed income mutual fund launched and managed by Allianz Global Investors Fund Management LLC. It is co-managed by Pacific Investment Management Company LLC. The fund invests in fixed income markets across the globe. It invests in corporate debt obligations rated in the lowest investment grade category Baa or BBB and in the highest non-investment grade category Ba or BB. The fund focuses on intermediate maturity bonds across multiple industries and sectors. It employs fundamental analysis along with top-down approach to make its fixed income investments. The fund uses in-house research to make its investments. PIMCO Corporate Opportunity Fund was founded on December 27, 2002 and is domiciled in United States.",Lew Wallace Jacobs IV,Asset Management - Income,11.69,USD,2239745550,https://images.financialmodelingprep.com/symbol/PTY.png,1307825.0,2002-12-26,9.99,-0.08,1654329,274956000,274956000,"[{'period': '2025', 'revenue': 287.61, 'unit': 'M', 'net_profit': 274.96}, {'period': '2024', 'revenue': 211.84, 'unit': 'M', 'net_profit': 211.07}, {'period': '2023', 'revenue': 205.53, 'unit': 'M', 'net_profit': 135.22}, {'period': '2022', 'revenue': -245.52, 'unit': 'M', 'net_profit': -245.94}]","[{'period': ""Q4 '25"", 'revenue': 61.74, 'unit': 'M', 'net_profit': 52.8}, {'period': ""Q3 '25"", 'revenue': 61.74, 'unit': 'M', 'net_profit': 52.8}, {'period': ""Q2 '25"", 'revenue': 61.88, 'unit': 'M', 'net_profit': 84.68}, {'period': ""Q1 '25"", 'revenue': 61.88, 'unit': 'M', 'net_profit': 84.68}, {'period': ""Q4 '24"", 'revenue': 51.44, 'unit': 'M', 'net_profit': 30.53}, {'period': ""Q3 '24"", 'revenue': 51.44, 'unit': 'M', 'net_profit': 30.53}]",1.55,1.55,2648702000,83616000,5395000,401926000,78221000,10631000,76423000,5395000,-108019000,0.0,0.3026830088738754,0.3135593220338984,"[0.1188, 0.1375]","['2026-03-12', '2003-02-19']",__nan__,0.15174451486048637
211,PUK,Prudential Public Limited Company Common Stock,"Prudential plc, through its subsidiaries, provides life and health insurance, and retirement and asset management solutions to individuals in Asia, and Africa. It offers health and protection, as well as savings products, such as participating, linked, and other traditional products. The company also provides insurance against common critical illnesses, including cancer, stroke, and heart attack; and tropical disease protection, such as dengue, malaria, and measles. It manages assets across equity, fixed income, multi asset, quantitative, and alternative strategies on behalf of institutional and individual investors. Prudential plc provides its products and services through agency sales force, banks, and brokers. The company was founded in 1848 and is headquartered in London, the United Kingdom.",Anil Wadhwani,Insurance - Life,27.78,USD,35163054597,https://images.financialmodelingprep.com/symbol/PUK.png,896852.0,2000-06-29,9.05,-1.14,1173237,3811715000,2959212000,"[{'period': '2025', 'revenue': 20.65, 'unit': 'B', 'net_profit': 2.96}, {'period': '2024', 'revenue': 8.14, 'unit': 'B', 'net_profit': 2.29}, {'period': '2023', 'revenue': 11.97, 'unit': 'B', 'net_profit': 1.7}, {'period': '2022', 'revenue': -27.59, 'unit': 'B', 'net_profit': -1.01}]","[{'period': ""Q4 '25"", 'revenue': 11.35, 'unit': 'B', 'net_profit': 1.99}, {'period': ""Q2 '25"", 'revenue': 12.68, 'unit': 'B', 'net_profit': 1.3}, {'period': ""Q4 '24"", 'revenue': 5.39, 'unit': 'B', 'net_profit': 2.14}, {'period': ""Q2 '24"", 'revenue': 4210.0, 'unit': 'M', 'net_profit': 94.93}, {'period': ""Q4 '23"", 'revenue': 4410.0, 'unit': 'M', 'net_profit': 593.81}, {'period': ""Q2 '23"", 'revenue': 4270.0, 'unit': 'M', 'net_profit': 743.33}]",2.3,2.28,157482641000,9594644000,5719085000,141630104000,3875560000,142341093000,0,5719085000,1614250700,0.2995959768155472,0.29505995623632386,0.369047619047619,"[0.3578, 0.273]","['2026-03-27', '2000-09-20']",__nan__,0.8993378768647905
212,PUMP,ProPetro Holding Corp. Common Stock,"ProPetro Holding Corp., an oilfield services company, provides hydraulic fracturing and other related services. The company operates through Pressure Pumping and All Other segments. It offers cementing, acidizing, and coiled tubing services. The company serves oil and gas companies engaged in the exploration and production of North American oil and natural gas resources. As of December 31, 2021, its fleet comprised 12 hydraulic fracturing units with 1,423,000 hydraulic horsepower. ProPetro Holding Corp. was founded in 2007 and is headquartered in Midland, Texas.",Samuel D. Sledge,Oil & Gas Equipment & Services,14.69,USD,1790556417,https://images.financialmodelingprep.com/symbol/PUMP.png,3038300.0,2017-03-17,1469.0,0.02,1563154,190955000,824000,"[{'period': '2025', 'revenue': 1270000.0, 'unit': 'K', 'net_profit': 824.0}, {'period': '2024', 'revenue': 1440.0, 'unit': 'M', 'net_profit': -137.86}, {'period': '2023', 'revenue': 1630.0, 'unit': 'M', 'net_profit': 85.63}, {'period': '2022', 'revenue': 1280.0, 'unit': 'M', 'net_profit': 2.03}]","[{'period': ""Q4 '25"", 'revenue': 289680.0, 'unit': 'K', 'net_profit': 742.0}, {'period': ""Q3 '25"", 'revenue': 293.92, 'unit': 'M', 'net_profit': -2.37}, {'period': ""Q2 '25"", 'revenue': 326.15, 'unit': 'M', 'net_profit': -7.16}, {'period': ""Q1 '25"", 'revenue': 359.42, 'unit': 'M', 'net_profit': 9.6}, {'period': ""Q4 '24"", 'revenue': 320.55, 'unit': 'M', 'net_profit': -17.06}, {'period': ""Q3 '24"", 'revenue': 360.87, 'unit': 'M', 'net_profit': -137.07}]",0.0079,0.0078,1290890000,326704000,91334000,461048000,200753000,0,252961000,91334000,42484000,2.7960201972010177,1.0059771215517304,1.0059848484848486,__nan__,__nan__,__nan__,0.3571551410267335
213,PV,Primavera Capital Acquisition Corporation Class A Ordinary Shares,"Primavera Capital Acquisition Corporation does not have significant operations. It intends to effect a merger, share exchange, asset acquisition, share purchase, reorganization, or other similar business combination with one or more businesses in consumer companies China. The company was incorporated in 2020 and is based in Central, Hong Kong.",,Shell Companies,9.9,USD,0,https://images.financialmodelingprep.com/symbol/PV.png,142452.0,2021-03-15,30.0,0.02,75653,20879000,45214000,"[{'period': '2021', 'revenue': 0.0, 'unit': 'M', 'net_profit': 45.21}]","[{'period': ""Q3 '22"", 'revenue': 0.0, 'unit': 'M', 'net_profit': 10.1}, {'period': ""Q2 '22"", 'revenue': 0.0, 'unit': 'M', 'net_profit': 20.75}, {'period': ""Q1 '22"", 'revenue': 0.0, 'unit': 'M', 'net_profit': 2.21}, {'period': ""Q4 '21"", 'revenue': 0.0, 'unit': 'M', 'net_profit': 9.57}, {'period': ""Q3 '21"", 'revenue': 0.0, 'unit': 'M', 'net_profit': 5.31}, {'period': ""Q2 '21"", 'revenue': 0.0, 'unit': 'M', 'net_profit': -6.32}]",0.84,0.84,415120,523.603,497.619,38013,0,0,2643.858,497.619,-1171493,0.0,0.0,0.0,__nan__,__nan__,__nan__,0.09157111196762382
214,PVG,Pretium Resources Inc. Ordinary Shares (Canada),"Pretium Resources Inc. acquires, explores for, and develops precious metal resource properties in the Americas. The company primarily explores for gold and silver deposits. It holds 100% interests in the Brucejack project that consists of 4 mining leases and 6 mineral claims covering an area of 3,306 hectares located in northwestern British Columbia. The company was founded in 2010 and is headquartered in Vancouver, Canada. As of March 9, 2022, Pretium Resources Inc. operates as a subsidiary of Newcrest Mining Limited.",Joseph Ovsenek,Gold,15.05,USD,0,https://images.financialmodelingprep.com/symbol/PVG.png,1341615.0,2010-12-16,0.0,-0.2,11729628,185599000,-38438000,"[{'period': '2020', 'revenue': 617.59, 'unit': 'M', 'net_profit': -38.44}, {'period': '2019', 'revenue': 484.54, 'unit': 'M', 'net_profit': 40.92}, {'period': '2018', 'revenue': 454.56, 'unit': 'M', 'net_profit': 36.62}, {'period': '2017', 'revenue': 177.93, 'unit': 'M', 'net_profit': -16.45}]","[{'period': ""Q3 '21"", 'revenue': 146.82, 'unit': 'M', 'net_profit': 22.05}, {'period': ""Q2 '21"", 'revenue': 152.31, 'unit': 'M', 'net_profit': 30.73}, {'period': ""Q1 '21"", 'revenue': 142.43, 'unit': 'M', 'net_profit': 26.59}, {'period': ""Q4 '20"", 'revenue': 169.58, 'unit': 'M', 'net_profit': -108.11}, {'period': ""Q3 '20"", 'revenue': 154.88, 'unit': 'M', 'net_profit': 31.18}, {'period': ""Q2 '20"", 'revenue': 166.57, 'unit': 'M', 'net_profit': 32.26}]",-0.21,-0.21,1430814000,207393000,174753000,501113000,9838000,0,131495000,174753000,268270000,-0.07191683209904941,-1.9394139355280202,-1.9545454545454546,__nan__,__nan__,__nan__,0.3502293100291163
215,PVH,PVH Corp. Common Stock,"PVH Corp. operates as an apparel company worldwide. The company operates through six segments: Tommy Hilfiger North America, Tommy Hilfiger International, Calvin Klein North America, Calvin Klein International, Heritage Brands Wholesale, and Heritage Brands Retail. It designs, markets, and retails men's, women's, and children's apparel and accessories, including branded dress shirts, neckwear, sportswear, jeans wear, performance apparel, intimate apparel, underwear, swimwear, swim-related products, handbags, accessories, footwear, outerwear, home furnishings, luggage products, sleepwear, loungewear, hats, scarves, gloves, socks, watches and jewelry, eyeglasses and non-ophthalmic sunglasses, fragrance, home bed and bath furnishings, small leather goods, and other products. The company offers its products under its own brands, such as Tommy Hilfiger, Calvin Klein, Van Heusen, IZOD, ARROW, Warner's, Olga, Geoffrey Beene, and True&Co., as well as various other owned, licensed, and private label brands. It also licenses its own brands over various products. The company distributes its products at wholesale in department, chain, and specialty stores, as well as through warehouse clubs, mass market, and off-price and independent retailers; and through company-operated full-price, outlet stores, and concession locations, as well as through digital commerce sites. It markets its products to approximately 40 countries. PVH Corp. was founded in 1881 and is based in New York, New York.",Stefan Larsson,Apparel - Manufacturers,66.4,USD,3195153658,https://images.financialmodelingprep.com/symbol/PVH.png,924952.0,1980-03-17,10.15,-0.05,1085106,967800000,598500000,"[{'period': '2024', 'revenue': 8650.0, 'unit': 'M', 'net_profit': 598.5}, {'period': '2023', 'revenue': 9220.0, 'unit': 'M', 'net_profit': 663.6}, {'period': '2022', 'revenue': 9020.0, 'unit': 'M', 'net_profit': 200.4}, {'period': '2021', 'revenue': 9150.0, 'unit': 'M', 'net_profit': 952.3}]","[{'period': ""Q3 '25"", 'revenue': 2290.0, 'unit': 'M', 'net_profit': 4.2}, {'period': ""Q2 '25"", 'revenue': 2170.0, 'unit': 'M', 'net_profit': 224.2}, {'period': ""Q1 '25"", 'revenue': 1980.0, 'unit': 'M', 'net_profit': -44.8}, {'period': ""Q4 '24"", 'revenue': 2370.0, 'unit': 'M', 'net_profit': 157.2}, {'period': ""Q3 '24"", 'revenue': 2260.0, 'unit': 'M', 'net_profit': 131.9}, {'period': ""Q2 '24"", 'revenue': 2070.0, 'unit': 'M', 'net_profit': 158.0}]",10.69,10.56,11033200000,3487600000,748000000,5892700000,876300000,201800000,2741800000,748000000,582200000,-0.22333681084985155,-0.0981012658227848,-0.017463235294117762,"[0.0375, 0.5]","['2026-03-04', '1984-12-03']",__nan__,0.5340880252329333
216,PVL,Permianville Royalty Trust Trust Units ,"Permianville Royalty Trust operates as a statutory trust. It owns a net profits interest representing the right to receive 80% of the net profits from the sale of oil and natural gas production from properties located in the states of Texas, Louisiana, and New Mexico. The company was formerly known as Enduro Royalty Trust and changed its name to Permianville Royalty Trust in September 2018. Permianville Royalty Trust was incorporated in 2011 and is based in Houston, Texas.",John W. Arms,Oil & Gas Exploration & Production,1.88,USD,62040000,https://images.financialmodelingprep.com/symbol/PVL.png,102449.0,2011-11-03,17.09,0.02,130373,3516070,3516070,"[{'period': '2025', 'revenue': 4.74, 'unit': 'M', 'net_profit': 3.52}, {'period': '2024', 'revenue': 4.34, 'unit': 'M', 'net_profit': 2.82}, {'period': '2023', 'revenue': 10.41, 'unit': 'M', 'net_profit': 14.11}, {'period': '2022', 'revenue': 15.03, 'unit': 'M', 'net_profit': 13.48}]","[{'period': ""Q4 '25"", 'revenue': 2.93, 'unit': 'M', 'net_profit': 2.71}, {'period': ""Q3 '25"", 'revenue': 1340.0, 'unit': 'K', 'net_profit': 528.0}, {'period': ""Q2 '25"", 'revenue': 419.59, 'unit': 'K', 'net_profit': 282.08}, {'period': ""Q1 '25"", 'revenue': 23.0, 'unit': 'K', 'net_profit': -23.0}, {'period': ""Q4 '24"", 'revenue': 1.71, 'unit': 'M', 'net_profit': 1.3}, {'period': ""Q3 '24"", 'revenue': 2.43, 'unit': 'M', 'net_profit': 1.52}]",0.11,0.11,38968032000,2733791000,2733791000,0,0,0,0,2733791000,0,0.3001390337156761,0.24617047669679248,0.2865497076023391,"[0.01, 0.3147]","['2026-03-31', '2011-11-28']",__nan__,0.0
217,PWR,Quanta Services Inc. Common Stock,"Quanta Services, Inc. provides specialty contracting services worldwide. The Electric Power Infrastructure Solutions segment engages in the design, procurement, construction, upgrade, repair, and maintenance of electric power transmission and distribution infrastructure and substation facilities; energized installation, maintenance, and upgrade of electric power infrastructure projects; installation of smart grid technologies on electric power networks; and design, installation, maintenance, and repair of commercial and industrial wirings. This segment also offers aviation services; emergency restoration services; and other engineering and technical services; design and construction solutions to wireline and wireless communications, cable multi-system operators, and other customers; and training for electric workers, as well as training for the gas distribution and communications industries. The Renewable Energy Infrastructure Solutions segment is the involved in engineering, procurement, construction, upgrade, repair, and maintenance services to renewable generation facilities, such as wind, solar, and hydropower generation facilities, as well as battery storage facilities; and provision of engineering and construction services for substations and switchyards, transmission, and other electrical infrastructures. The Underground Utility and Infrastructure Solutions segment offers design, engineering, construction, upgrade repair, and maintenance services to customers involved in the transportation, distribution, storage and processing of natural gas, oil, and other products; fabrication of pipeline support systems and related structures and facilities; and engineering and construction of pipeline and storage systems, and compressor and pump stations. The company was formerly known as Fabal Construction, Inc. and changed its name to Quanta Services, Inc. in November 1997. Quanta Services, Inc. was incorporated in 1997 and is headquartered in Houston, Texas.",Earl C. Austin Jr.,Engineering & Construction,549.98,USD,82287457620,https://images.financialmodelingprep.com/symbol/PWR.png,1066886.0,1998-02-12,80.64,4.34,1203615,2516654000,1028428000,"[{'period': '2025', 'revenue': 28.35, 'unit': 'B', 'net_profit': 1.03}, {'period': '2024', 'revenue': 23670.0, 'unit': 'M', 'net_profit': 904.82}, {'period': '2023', 'revenue': 20880.0, 'unit': 'M', 'net_profit': 744.69}, {'period': '2022', 'revenue': 17070.0, 'unit': 'M', 'net_profit': 491.19}]","[{'period': ""Q4 '25"", 'revenue': 7840.0, 'unit': 'M', 'net_profit': 315.5}, {'period': ""Q3 '25"", 'revenue': 7510.0, 'unit': 'M', 'net_profit': 339.42}, {'period': ""Q2 '25"", 'revenue': 6770.0, 'unit': 'M', 'net_profit': 229.25}, {'period': ""Q1 '25"", 'revenue': 6230.0, 'unit': 'M', 'net_profit': 144.26}, {'period': ""Q4 '24"", 'revenue': 6550.0, 'unit': 'M', 'net_profit': 305.12}, {'period': ""Q3 '24"", 'revenue': 6490.0, 'unit': 'M', 'net_profit': 293.19}]",6.87,6.8,24926901000,9903417000,439508000,15899027000,6847091000,0,8716198000,439508000,1620816000,0.16671696710166112,0.1366055719123277,0.11525974025974026,"[0.11, 0.04]","['2026-04-02', '2018-12-31']",__nan__,0.6378260578801994
218,PXD,Pioneer Natural Resources Company Common Stock,"Pioneer Natural Resources Company operates as an independent oil and gas exploration and production company in the United States. The company explores for, develops, and produces oil, natural gas liquids (NGLs), and gas. It has operations in the Midland Basin in West Texas. As of December 31, 2021, the company had proved undeveloped reserves and proved developed non-producing reserves of 130 million barrels of oil, 92 million barrels of NGLs, and 462 billion cubic feet of gas; and owned interests in 11 gas processing plants. Pioneer Natural Resources Company was founded in 1997 and is headquartered in Irving, Texas.",Richard P. Dealy,Oil & Gas Exploration & Production,269.62,USD,63003455657,https://images.financialmodelingprep.com/symbol/PXD.png,2057623.0,1997-08-08,13.334322453016815,1.96,4426409,9298000000,4885000000,"[{'period': '2023', 'revenue': 19.37, 'unit': 'B', 'net_profit': 4.88}, {'period': '2022', 'revenue': 24.38, 'unit': 'B', 'net_profit': 7.83}, {'period': '2021', 'revenue': 17.87, 'unit': 'B', 'net_profit': 2.11}, {'period': '2020', 'revenue': 7020.0, 'unit': 'M', 'net_profit': -200.0}]","[{'period': ""Q1 '24"", 'revenue': 4.9, 'unit': 'B', 'net_profit': 1.09}, {'period': ""Q4 '23"", 'revenue': 5.08, 'unit': 'B', 'net_profit': 1.26}, {'period': ""Q3 '23"", 'revenue': 5.14, 'unit': 'B', 'net_profit': 1.3}, {'period': ""Q2 '23"", 'revenue': 4.56, 'unit': 'B', 'net_profit': 1.1}, {'period': ""Q1 '23"", 'revenue': 4.6, 'unit': 'B', 'net_profit': 1.22}, {'period': ""Q4 '22"", 'revenue': 5.17, 'unit': 'B', 'net_profit': 1.48}]",20.88,20.2,36613000000,2605000000,379000000,13442000000,1590000000,-4402000000,2974000000,240000000,3877000000,-0.6175865756354364,-0.37611749680715195,-0.36009806926141597,"[2.56, 0.05]","['2024-03-01', '1997-09-12']",__nan__,0.36713735558408217
219,PYN,PIMCO New York Municipal Income Fund III Common Shares of Beneficial Interest,"PIMCO New York Municipal Income Fund III is a close ended fixed income mutual fund launched and managed by Allianz Global Investors Fund Management LLC. The fund is co-managed by Pacific Investment Management Co LLC. It invests in fixed income markets. The fund seeks to invest in stocks of companies operating across diversified sectors. It invests in a portfolio of New York municipal bonds, and other municipal bonds and notes; New York variable rate notes and other variable rate notes; New York variable rate demand notes and other variable rate demand notes; U.S. treasury bills; and call options written and put options written. PIMCO New York Municipal Income Fund III was on October 31, 2002 and is domiciled in United States.",David Hammer,Asset Management - Income,5.15,USD,29597050,https://images.financialmodelingprep.com/symbol/PYN.png,15184.0,2002-10-29,-51.5,0.04,12727,0,-183000,"[{'period': '2024', 'revenue': -89.0, 'unit': 'K', 'net_profit': -183.0}, {'period': '2023', 'revenue': 1.46, 'unit': 'M', 'net_profit': 4.53}, {'period': '2022', 'revenue': -11.51, 'unit': 'M', 'net_profit': -11.55}, {'period': '2021', 'revenue': 2.85, 'unit': 'M', 'net_profit': 2.77}]","[{'period': ""Q4 '24"", 'revenue': 1490.0, 'unit': 'K', 'net_profit': -176.0}, {'period': ""Q2 '24"", 'revenue': 1300.0, 'unit': 'K', 'net_profit': -7.0}, {'period': ""Q4 '23"", 'revenue': 0.31, 'unit': 'M', 'net_profit': 1.8}, {'period': ""Q2 '23"", 'revenue': 1.15, 'unit': 'M', 'net_profit': 2.73}, {'period': ""Q4 '22"", 'revenue': 1.51, 'unit': 'M', 'net_profit': -1.13}, {'period': ""Q2 '22"", 'revenue': 1.64, 'unit': 'M', 'net_profit': -10.42}]",-0.11,-0.11,63975000,1604000,1604000,26242000,626000,61726000,0,1604000,3396000,-1.0,-1.0404151943462898,-1.2244897959183674,"[0.0248, 0.08]","['2025-07-11', '2002-12-24']",__nan__,0.4101914810472841
220,PYS,Merrill Lynch Depositor Inc PPlus Tr Ser RRD-1 Tr Ctf Cl A,,None,Asset Management,20.86,USD,0,https://images.financialmodelingprep.com/symbol/PYS.png,554.0,2004-09-06,,0.0,554,,,[],[],,,,,,,,,,,,,,,"[0.788, 0.1838]","['2009-10-09', '2006-04-11']",__nan__,__nan__
221,PYT,PPlus Tr GSC-2 Tr Ctf Fltg Rate,,None,Financial - Credit Services,23.4,USD,0,https://images.financialmodelingprep.com/symbol/PYT.png,516.0,2004-07-27,,0.0,1643,,,[],[],,,,,,,,,,,,,,,"[0.31711, 0.06]","['2026-02-13', '2004-08-11']",__nan__,__nan__
222,PZC,PIMCO California Municipal Income Fund III Common Shares of Beneficial Interest,"PIMCO California Municipal Income Fund III is a closed ended fixed income mutual fund launched and managed by Allianz Global Investors Fund Management LLC. It is co-managed by Pacific Investment Management Company LLC. The fund invests in fixed income markets. It seeks to invest in stocks of companies operating across diversified sectors. Its investment portfolio include California municipal bonds, and other municipal bonds and notes; California variable rate notes and other variable rate notes; California variable rate demand notes and other variable rate demand notes; U.S. treasury bills; and call options written and put options written. PIMCO California Municipal Income Fund III was formed on October 31, 2002 and is domiciled in United States.",David Hammer,Asset Management - Income,6.1,USD,137176800,https://images.financialmodelingprep.com/symbol/PZC.png,66651.0,2002-10-29,25.416666666666668,0.03,16551,1746000,1746000,"[{'period': '2024', 'revenue': 1.95, 'unit': 'M', 'net_profit': 1.75}, {'period': '2023', 'revenue': 9.05, 'unit': 'M', 'net_profit': 17.2}, {'period': '2022', 'revenue': 0.738, 'unit': 'M', 'net_profit': -43.78}, {'period': '2021', 'revenue': 15.26, 'unit': 'M', 'net_profit': 8.37}]","[{'period': ""Q4 '24"", 'revenue': 6.46, 'unit': 'M', 'net_profit': 1.11}, {'period': ""Q2 '24"", 'revenue': 5790.0, 'unit': 'K', 'net_profit': 631.0}, {'period': ""Q4 '23"", 'revenue': 2.85, 'unit': 'M', 'net_profit': 9.43}, {'period': ""Q2 '23"", 'revenue': 6.2, 'unit': 'M', 'net_profit': 7.76}, {'period': ""Q4 '22"", 'revenue': 6.8, 'unit': 'M', 'net_profit': -2.65}, {'period': ""Q2 '22"", 'revenue': 7.31, 'unit': 'M', 'net_profit': -43.22}]",0.0103,0.0103,290986000,497000,497000,119620000,3337000,287073000,664000,497000,14300000,-0.7906474820143885,-0.8984647592463364,-0.9798039215686275,"[0.0295, 0.08]","['2025-07-11', '2002-12-24']",__nan__,0.4110850693847814
223,PZN,Pzena Investment Management Inc Class A Common Stock,"Pzena Investment Management, Inc. is a employee owned investment manager. The firm manages equity mutual funds for its clients. It invests in the public equity markets. The firm provides its services to Individuals, high net worth individuals, investment companies, pooled investment vehicles, charitable organizations, pension and profit sharing plans, state or municipal government entities, charitable organizations, other investment advisers, insurance companies, sovereign wealth funds and foreign official institutions, corporations or other businesses. The firm uses a combination of fundamental analysis to make its investments. The firm employs a combination of in-house and external research to make its investments. Pzena Investment Management, Inc. was founded in 1995 and is based in New York City with additional offices in Melbourne, Australia and London, United Kingdom.",Richard Pzena,Asset Management,9.65,USD,0,https://images.financialmodelingprep.com/symbol/PZN.png,146295.0,2007-10-25,13.985507246376812,0.04,1482165,115457000,106477000,"[{'period': '2021', 'revenue': 199.33, 'unit': 'M', 'net_profit': 106.48}, {'period': '2020', 'revenue': 138.62, 'unit': 'M', 'net_profit': 8.87}, {'period': '2019', 'revenue': 150.75, 'unit': 'M', 'net_profit': 8.46}, {'period': '2018', 'revenue': 153.58, 'unit': 'M', 'net_profit': 13.79}]","[{'period': ""Q3 '22"", 'revenue': 45.24, 'unit': 'M', 'net_profit': 15.79}, {'period': ""Q2 '22"", 'revenue': 48.7, 'unit': 'M', 'net_profit': 14.44}, {'period': ""Q1 '22"", 'revenue': 52.76, 'unit': 'M', 'net_profit': 18.48}, {'period': ""Q4 '21"", 'revenue': 50.96, 'unit': 'M', 'net_profit': 25.67}, {'period': ""Q3 '21"", 'revenue': 51.62, 'unit': 'M', 'net_profit': 5.07}, {'period': ""Q2 '21"", 'revenue': 50.88, 'unit': 'M', 'net_profit': 4.6}]",1.35,1.35,128834000,129207000,176639000,86246000,45318000,95506000,44167000,81133000,76336000,1.0236087985277365,10.998760423709713,1.5961538461538463,"[0.03, 0.11]","['2022-08-04', '2007-12-26']",__nan__,0.6694350870111927
224,QD,Qudian Inc. American Depositary Shares each representing one Class A Ordinary Share,"Qudian Inc. operates as a consumer-oriented technology company in the People's Republic of China. The company provides small cash credit products to consumers; and financial leasing and financing guarantee services, as well as technology development and services. It also offers ready-to-cook meal products for working-class consumers. The company was founded in 2014 and is headquartered in Xiamen, the People's Republic of China.",Min Luo,Financial - Credit Services,3.2,USD,528404656,https://images.financialmodelingprep.com/symbol/QD.png,409281.0,2017-10-18,12.8,0.02,270669,213002000,91731000,"[{'period': '2024', 'revenue': 216.43, 'unit': 'M', 'net_profit': 91.73}, {'period': '2023', 'revenue': 126.34, 'unit': 'M', 'net_profit': 39.13}, {'period': '2022', 'revenue': 577.49, 'unit': 'M', 'net_profit': -361.96}, {'period': '2021', 'revenue': 1650.0, 'unit': 'M', 'net_profit': 589.07}]","[{'period': ""Q3 '25"", 'revenue': 8.52, 'unit': 'M', 'net_profit': 409.9}, {'period': ""Q2 '25"", 'revenue': 3.49, 'unit': 'M', 'net_profit': 311.76}, {'period': ""Q1 '25"", 'revenue': 25.79, 'unit': 'M', 'net_profit': 150.1}, {'period': ""Q4 '24"", 'revenue': 52.24, 'unit': 'M', 'net_profit': -66.36}, {'period': ""Q3 '24"", 'revenue': 55.02, 'unit': 'M', 'net_profit': 131.91}, {'period': ""Q2 '24"", 'revenue': 53.33, 'unit': 'M', 'net_profit': 99.79}]",0.5,0.49,12464227000,10139522000,7390878000,1172798000,266013000,225088000,1124092000,4263312000,-428999000,0.49216519052283647,1.3440507131235946,1.777777777777778,__nan__,__nan__,__nan__,0.0940931194529753
225,QFTA,Quantum FinTech Acquisition Corporation Common Stock,"Quantum FinTech Acquisition Corporation does not have significant operations. The company intends to effect a merger, capital share exchange, asset acquisition, stock purchase, recapitalization, reorganization, or other similar business combination with one or more businesses or entities. Quantum FinTech Acquisition Corporation was incorporated in 2020 and is based in Tampa, Florida.",John Martin Schaible,Shell Companies,10.26,USD,103437216,https://images.financialmodelingprep.com/symbol/QFTA.png,2702.0,2021-03-10,256.5,3.48,10671,-14543567,11045567,"[{'period': '2022', 'revenue': 0.0, 'unit': 'M', 'net_profit': 11.05}, {'period': '2021', 'revenue': 0.0, 'unit': 'M', 'net_profit': -6.61}, {'period': '2020', 'revenue': 0.0, 'unit': 'K', 'net_profit': -5.42}]","[{'period': ""Q3 '23"", 'revenue': 0.0, 'unit': 'K', 'net_profit': -255.98}, {'period': ""Q2 '23"", 'revenue': 0.0, 'unit': 'K', 'net_profit': 485.56}, {'period': ""Q1 '23"", 'revenue': 0.0, 'unit': 'K', 'net_profit': 192.37}, {'period': ""Q4 '22"", 'revenue': 0.0, 'unit': 'K', 'net_profit': 276.99}, {'period': ""Q3 '22"", 'revenue': 0.0, 'unit': 'M', 'net_profit': 1.27}, {'period': ""Q2 '22"", 'revenue': 0.0, 'unit': 'M', 'net_profit': 8.14}]",0.55,0.52,204207681,163212,129560,5797318,0,204044469,5612724,129560,-1084259,-172.48467172440118,2.670391951074924,2.8965517241379315,__nan__,__nan__,__nan__,0.028389323905989607
226,QGEN,Qiagen N.V. Common Shares ,"QIAGEN N.V. offers sample to insight solutions that transform biological materials into molecular insights worldwide. The company provides primary sample technology consumables, such as nucleic stabilization and purification kits for primary sample materials, manual and automated processing for genotyping, gene expression, and viral and bacterial analysis, as well as silica membranes and magnetic bead technologies; secondary sample technology consumables, including kits and components for purification of nucleic acids from secondary sample materials; and instruments for nucleic acid purification and accessories. It also provides interferon-gamma release assay for TB testing, and assays for post-transplant testing and viral load monitoring; assays for prenatal testing and detection of sexually transmitted diseases and HPV, as well as assays for analysis of genomic variants, such as mutations, insertions, deletions, and fusions; and sample to insight instruments, including one-step molecular analysis of hard-to-diagnose syndromes, and integrated PCR testing. In addition, it offers PCR consumables, such as quantitative PCR, reverse transcription, and combinations kits for analysis of gene expression, genotyping, and gene regulation instruments and technologies; human ID and forensics assay consumables, including STR assays for human ID, and assays for food contamination; PCR instruments consist of digital PCR solutions; and developed and configured OEM consumables. Further, the company provides predefined and custom NGS gene panels, library prep kits and components, and whole genome amplification; QIAGEN consumables and instruments, as well as bioinformatics solutions; and custom laboratory and genomic services. It serves molecular diagnostics, academia, pharmaceutical, and applied testing customers. It has a strategic alliance agreement with Sysmex Corporation and OncXerna Therapeutics, as well as an agreement with Mirati. The company was founded in 1986 and is headquartered in Venlo, the Netherlands.",Thierry Bernard,Medical - Diagnostics & Research,39.07,USD,8051340600,https://images.financialmodelingprep.com/symbol/QGEN.png,2433308.0,1996-06-28,19.15,-0.64,1195312,717267000,424880000,"[{'period': '2025', 'revenue': 2090.0, 'unit': 'M', 'net_profit': 424.88}, {'period': '2024', 'revenue': 1980.0, 'unit': 'M', 'net_profit': 83.59}, {'period': '2023', 'revenue': 1970.0, 'unit': 'M', 'net_profit': 341.3}, {'period': '2022', 'revenue': 2140.0, 'unit': 'M', 'net_profit': 423.21}]","[{'period': ""Q4 '25"", 'revenue': 540.42, 'unit': 'M', 'net_profit': 107.83}, {'period': ""Q3 '25"", 'revenue': 532.58, 'unit': 'M', 'net_profit': 130.04}, {'period': ""Q2 '25"", 'revenue': 533.54, 'unit': 'M', 'net_profit': 96.25}, {'period': ""Q1 '25"", 'revenue': 483.46, 'unit': 'M', 'net_profit': 90.76}, {'period': ""Q4 '24"", 'revenue': 521.2, 'unit': 'M', 'net_profit': 88.32}, {'period': ""Q3 '24"", 'revenue': 501.87, 'unit': 'M', 'net_profit': 98.06}]",2.04,2.04,6295962000,1995073000,1098918000,2517808000,402608000,0,512136999,839005000,453277000,0.9477401590198123,4.082843846825615,4.230769230769231,"[2.41053, 0.028067]","['2026-01-08', '2002-12-27']",__nan__,0.3999083857240561
227,QS,QuantumScape Corporation Class A Common Stock,"QuantumScape Corporation, together with its subsidiaries, focuses on the development and commercialization of solid-state lithium-metal batteries for electric vehicles and other applications in the United States. The company was founded in 2010 and is headquartered in San Jose, California.",Siva Sivaram,Auto - Parts,6.26,USD,3834762750,https://images.financialmodelingprep.com/symbol/QS.png,13762666.0,2020-08-17,-8.24,-0.24,7856396,-358245000,-435050000,"[{'period': '2025', 'revenue': 0.0, 'unit': 'M', 'net_profit': -435.05}, {'period': '2024', 'revenue': 0.0, 'unit': 'M', 'net_profit': -477.86}, {'period': '2023', 'revenue': 0.0, 'unit': 'M', 'net_profit': -445.14}, {'period': '2022', 'revenue': 0.0, 'unit': 'M', 'net_profit': -411.91}]","[{'period': ""Q4 '25"", 'revenue': 0.0, 'unit': 'M', 'net_profit': -100.11}, {'period': ""Q3 '25"", 'revenue': 0.0, 'unit': 'M', 'net_profit': -105.82}, {'period': ""Q2 '25"", 'revenue': 0.0, 'unit': 'M', 'net_profit': -114.7}, {'period': ""Q1 '25"", 'revenue': 0.0, 'unit': 'M', 'net_profit': -114.42}, {'period': ""Q4 '24"", 'revenue': 0.0, 'unit': 'M', 'net_profit': -114.66}, {'period': ""Q3 '24"", 'revenue': 0.0, 'unit': 'M', 'net_profit': -119.57}]",-0.76,-0.76,1308156000,981642000,970807000,139183000,0,0,61546000,230524000,-278750000,0.14282535406054023,0.08958119269990814,0.1914893617021276,__nan__,__nan__,__nan__,0.10639633193594648
228,QSR,Restaurant Brands International Inc. Common Shares,"Restaurant Brands International Inc. operates as quick service restaurant company in Canada and internationally. It operates through four segments: Tim Hortons (TH), Burger King (BK), Popeyes Louisiana Kitchen (PLK), and Firehouse Subs (FHS). The company owns and franchises TH chain of donut/coffee/tea restaurants that offer blend coffee, tea, and espresso-based hot and cold specialty drinks; and fresh baked goods, including donuts, Timbits, bagels, muffins, cookies and pastries, grilled paninis, classic sandwiches, wraps, soups, and others. It is also involved in owning and franchising BK, a fast food hamburger restaurant chain, which offers flame-grilled hamburgers, chicken and other specialty sandwiches, french fries, soft drinks, and other food items; and PLK quick service restaurants that provide Louisiana style fried chicken, chicken tenders, fried shrimp and other seafood, red beans and rice, and other regional items. In addition, the company owns and franchises FHS restaurants quick service restaurants that offer subs, soft drinks, and local specialties. As of February 15, 2022, the company had approximately 29,000 restaurants in 100 countries under the Tim Hortons, Burger King, Popeyes, And Firehouse Subs brands. Restaurant Brands International Inc. was founded in 1954 and is headquartered in Toronto, Canada.",Joshua Kobza,Restaurants,71.42,USD,23496994094,https://images.financialmodelingprep.com/symbol/QSR.png,3333830.0,2014-12-11,27.16,-1.68,1824638,2424000000,776000000,"[{'period': '2025', 'revenue': 9430.0, 'unit': 'M', 'net_profit': 776.0}, {'period': '2024', 'revenue': 8.41, 'unit': 'B', 'net_profit': 1.02}, {'period': '2023', 'revenue': 7.02, 'unit': 'B', 'net_profit': 1.19}, {'period': '2022', 'revenue': 6.5, 'unit': 'B', 'net_profit': 1.01}]","[{'period': ""Q4 '25"", 'revenue': 2470.0, 'unit': 'M', 'net_profit': 113.0}, {'period': ""Q3 '25"", 'revenue': 2450.0, 'unit': 'M', 'net_profit': 315.0}, {'period': ""Q2 '25"", 'revenue': 2410.0, 'unit': 'M', 'net_profit': 189.0}, {'period': ""Q1 '25"", 'revenue': 2110.0, 'unit': 'M', 'net_profit': 159.0}, {'period': ""Q4 '24"", 'revenue': 2300.0, 'unit': 'M', 'net_profit': 259.0}, {'period': ""Q3 '24"", 'revenue': 2290.0, 'unit': 'M', 'net_profit': 252.0}]",2.36,2.35,25615000000,2830000000,1163000000,20456000000,794000000,169000000,2891000000,1163000000,1449000000,-0.09009009009009009,-0.23996082272282077,-0.264797507788162,"[0.65, 0.09]","['2026-03-19', '2015-02-27']",__nan__,0.7985945734920945
229,QTS,QTS Realty Trust Inc. Class A Common Stock,"QTS Realty Trust, Inc. (NYSE: QTS) is a leading provider of data center solutions across a diverse footprint spanning more than 7 million square feet of owned data center space throughout primarily North America and Europe. Through its software-defined technology platform, QTS is able to deliver secure, compliant infrastructure solutions, robust connectivity and premium customer service to leading hyperscale technology companies, enterprises, and government entities. QTS owns, operates or manages 27 data centers and supports more than 1,200 customers primarily in North America and Europe.",Chad Williams,REIT - Industrial,77.98,USD,0,https://images.financialmodelingprep.com/symbol/QTS.png,2043154.0,2013-10-09,0.0,0.03000641,1350657,239409000,15906000,"[{'period': '2020', 'revenue': 539.37, 'unit': 'M', 'net_profit': 15.91}, {'period': '2019', 'revenue': 480.82, 'unit': 'M', 'net_profit': 31.29}, {'period': '2018', 'revenue': 450.52, 'unit': 'M', 'net_profit': -4.46}, {'period': '2017', 'revenue': 446.51, 'unit': 'M', 'net_profit': 1.28}]","[{'period': ""Q2 '21"", 'revenue': 155.22, 'unit': 'M', 'net_profit': 4.45}, {'period': ""Q1 '21"", 'revenue': 148.73, 'unit': 'M', 'net_profit': 7.84}, {'period': ""Q4 '20"", 'revenue': 143.9, 'unit': 'M', 'net_profit': -8.92}, {'period': ""Q3 '20"", 'revenue': 137.54, 'unit': 'M', 'net_profit': 6.92}, {'period': ""Q2 '20"", 'revenue': 131.64, 'unit': 'M', 'net_profit': 9.89}, {'period': ""Q1 '20"", 'revenue': 126.29, 'unit': 'M', 'net_profit': 8.01}]",0.33,0.33,3898572000,140591000,22775000,2313874000,107563000,22608000,226643000,22775000,-474097000,0.0953825459137453,-0.4916749225016778,-0.3888888888888889,"[0.5, 0.24]","['2021-06-17', '2013-12-20']",__nan__,0.5935183446656879
230,QTWO,Q2 Holdings Inc. Common Stock,"Q2 Holdings, Inc. provides cloud-based digital banking solutions to regional and community financial institutions (RCFIs) in the United States. The company offers Q2 Consumer Banking, a browser-based digital banking solution and comprehensive financial institution branded digital banking capabilities; Q2 Small Business and Commercial, a mobile and tablet digital banking solution; Q2mobile Remote Deposit Capture, a partnered solution that allows remote check deposit capture. It also provides Q2 Sentinel, a security analytics solution; Q2 Patrol, an event-driven validation product; Q2 SMART, a targeting and messaging platform; and Q2 CardSwap that allows account holders receiving newly issued cards to automatically change their payment information. In addition, the company offers Q2 Gro, a digital account opening, and digital sales and marketing platform; Q2 Biller Direct, a bill payment solution; ClickSWITCH allows financial institutions to direct deposits to the end user. Centrix Dispute Tracking System, an electronic transaction dispute management solution; Centrix Payments I.Q. System, an ACH file monitoring and risk reporting solution; Centrix Exact/Transaction Management System, a fraud prevention tool; and Q2 Caliper Software Development Kit. Futher, it provides Q2 Contextual PFM, which allows end users to add external accounts and view them together with internal accounts on digital banking home page; Q2 Goals that enables end users to establish and save towards specific savings goals; Q2 Cloud Lending, a digital lending and leasing platform; PrecisionLender platform, a cloud-based, data-driven sales enablement, pricing, and portfolio management solution; and Q2 BaaS, a portfolio of open API financial services. The company was formerly known as CBG Holdings, Inc. and changed its name to Q2 Holdings, Inc. in March 2013. Q2 Holdings, Inc. was founded in 2004 and is headquartered in Austin, Texas.",Matthew Flake,Software - Application,45.42,USD,2834407848,https://images.financialmodelingprep.com/symbol/QTWO.png,996454.0,2014-03-20,56.78,-1.09,672362,115063000,52008000,"[{'period': '2025', 'revenue': 794.81, 'unit': 'M', 'net_profit': 52.01}, {'period': '2024', 'revenue': 696.46, 'unit': 'M', 'net_profit': -38.54}, {'period': '2023', 'revenue': 624.62, 'unit': 'M', 'net_profit': -65.38}, {'period': '2022', 'revenue': 565.67, 'unit': 'M', 'net_profit': -108.98}]","[{'period': ""Q4 '25"", 'revenue': 208.22, 'unit': 'M', 'net_profit': 20.44}, {'period': ""Q3 '25"", 'revenue': 201.7, 'unit': 'M', 'net_profit': 15.05}, {'period': ""Q2 '25"", 'revenue': 195.15, 'unit': 'M', 'net_profit': 11.76}, {'period': ""Q1 '25"", 'revenue': 189.74, 'unit': 'M', 'net_profit': 4.75}, {'period': ""Q4 '24"", 'revenue': 183040.0, 'unit': 'K', 'net_profit': 164.0}, {'period': ""Q3 '24"", 'revenue': 175.02, 'unit': 'M', 'net_profit': -11.8}]",0.84,0.8,1276277000,556052000,367631000,614466000,74415000,0,544085000,367631000,194651000,1.6828716657340048,2.34959518372431,2.3125,__nan__,__nan__,__nan__,0.4814519105178578
231,QUAD,Quad Graphics Inc Class A Common Stock,"Quad/Graphics, Inc. provides marketing solutions worldwide. The company operates through United States Print and Related Services, and International segments. It offers printing services, such as retail inserts, publications, catalogs, special interest publications, journals, direct mail, directories, in-store marketing and promotion, packaging, newspapers, custom print products, and other commercial and specialty printed products; and paper procurement services. The company also provides marketing and other services, including consumer insights, audience targeting, personalization, media planning and placement, process optimization, campaign planning and creation, pre-media production, videography, photography, digital and print execution, and logistics, as well as manufactures ink. It serves blue chip companies that operate in various industries, and serve businesses and consumers comprising retailers, publishers, and direct marketers. The company was founded in 1971 and is headquartered in Sussex, Wisconsin.",J. Joel Quadracci,Specialty Business Services,6.52,USD,340759806,https://images.financialmodelingprep.com/symbol/QUAD.png,201993.0,2010-07-06,11.44,-0.07,113658,197400000,27000000,"[{'period': '2025', 'revenue': 2420.0, 'unit': 'M', 'net_profit': 27.0}, {'period': '2024', 'revenue': 2670.0, 'unit': 'M', 'net_profit': -50.9}, {'period': '2023', 'revenue': 2960.0, 'unit': 'M', 'net_profit': -55.4}, {'period': '2022', 'revenue': 3220.0, 'unit': 'M', 'net_profit': 9.3}]","[{'period': ""Q4 '25"", 'revenue': 630.6, 'unit': 'M', 'net_profit': 11.1}, {'period': ""Q3 '25"", 'revenue': 588.0, 'unit': 'M', 'net_profit': 10.2}, {'period': ""Q2 '25"", 'revenue': 571900.0, 'unit': 'K', 'net_profit': -100.0}, {'period': ""Q1 '25"", 'revenue': 629.4, 'unit': 'M', 'net_profit': 5.8}, {'period': ""Q4 '24"", 'revenue': 708.4, 'unit': 'M', 'net_profit': 4.7}, {'period': ""Q3 '24"", 'revenue': 674.8, 'unit': 'M', 'net_profit': -24.7}]",0.57,0.54,1252900000,538400000,63300000,1124300000,294800000,0,624200000,63300000,50700000,0.6314049721603717,1.530451866404715,1.5327102803738317,"[0.1, 0.2]","['2026-02-27', '2011-05-25']",__nan__,0.8973581291403943
232,QUOT,Quotient Technology Inc. Common Stock,"Quotient Technology Inc. operates as a digital media and promotions technology company that offers power integrated digital media and promotions programs for brands and retailers. The company's Quotient Promotions platform offers digital paperless, print promotion, and cash back rebates, including Coupons.com website and mobile applications; brand and retailer websites and mobile applications; and third-party publishing websites and mobile applications. It also provides Quotient Retailer Promotions Platform that uses consumer data and insights to distribute personalized and targeted media and promotions for retailers of grocery, drug, mass merchant, dollar, club, and convenience merchandise; and Quotient Media Platform, which provides targeted advertising solutions that enables brands to reach shoppers before, during, and after their shopping cycles with digital media campaigns. It also provides Quotient Retailer Performance Media Platform that uses retailer's consumer data to drive sales and enhances the shopper experience; Quotient Analytics provides campaign analytics and measured sales results to brands and retailers; Quotient Consumer Properties; and Quotient Retailer Media Services. It serves approximately 900 consumer packed goods, representing approximately 2,500 brands, including various food, beverage, personal care, and household product manufacturers; retail partners representing various classes of trade, such as grocery retailers, drug, mass merchant, dollar, club, and convenience merchandise channels; and consumers visiting its websites, mobile properties, and social channels. The company was formerly known as Coupons.com Incorporated and changed its name to Quotient Technology Inc. in October 2015. Quotient Technology Inc. was incorporated in 1998 and is headquartered in Salt Lake City, Utah.",Matthew Krepsik,Advertising Agencies,3.995,USD,398422149,https://images.financialmodelingprep.com/symbol/QUOT.png,2089773.0,2014-03-07,-9.74390243902439,0.005,1037230,-51391000,-76511000,"[{'period': '2022', 'revenue': 288.77, 'unit': 'M', 'net_profit': -76.51}, {'period': '2021', 'revenue': 521.49, 'unit': 'M', 'net_profit': -45.57}, {'period': '2020', 'revenue': 445.89, 'unit': 'M', 'net_profit': -65.38}, {'period': '2019', 'revenue': 436.16, 'unit': 'M', 'net_profit': -37.06}]","[{'period': ""Q2 '23"", 'revenue': 65.71, 'unit': 'M', 'net_profit': -15.9}, {'period': ""Q1 '23"", 'revenue': 59.27, 'unit': 'M', 'net_profit': -17.67}, {'period': ""Q4 '22"", 'revenue': 70720.0, 'unit': 'K', 'net_profit': 320.0}, {'period': ""Q3 '22"", 'revenue': 70.34, 'unit': 'M', 'net_profit': -7.17}, {'period': ""Q2 '22"", 'revenue': 69.25, 'unit': 'M', 'net_profit': -43.36}, {'period': ""Q1 '22"", 'revenue': 78.46, 'unit': 'M', 'net_profit': -26.31}]",-0.8,-0.8,363159000,174731000,56891000,185364000,98049000,0,113611000,56891000,-19920000,-14.224652599073597,-0.6790510884831461,-0.6326530612244899,__nan__,__nan__,__nan__,0.5104210552402667
233,QVCC,QVC Inc. 6.250% Senior Secured Notes due 2068,"QVC was founded in 1986 by Joseph Segel, an entrepreneur who saw an opportunity to create a new and engaging shopping experience through television broadcasts. He named the company QVC to represent its three guiding principles: Quality, Value, and Convenience. These values were created to build trust with consumers, creating lifetime, avid fans.",None,Broadcasting,10.39,USD,0,https://images.financialmodelingprep.com/symbol/QVCC.png,135411.0,2019-11-29,,-0.05,28457,-770000000,-1069000000,"[{'period': '2024', 'revenue': 9.0, 'unit': 'B', 'net_profit': -1.07}, {'period': '2023', 'revenue': 9450.0, 'unit': 'M', 'net_profit': 159.0}, {'period': '2022', 'revenue': 9.89, 'unit': 'B', 'net_profit': -1.87}, {'period': '2021', 'revenue': 11350.0, 'unit': 'M', 'net_profit': 787.0}]","[{'period': ""Q3 '25"", 'revenue': 1980.0, 'unit': 'M', 'net_profit': 41.0}, {'period': ""Q2 '25"", 'revenue': 1.98, 'unit': 'B', 'net_profit': -2.17}, {'period': ""Q1 '25"", 'revenue': 1910.0, 'unit': 'M', 'net_profit': -42.0}, {'period': ""Q4 '24"", 'revenue': 2.66, 'unit': 'B', 'net_profit': -1.22}, {'period': ""Q3 '24"", 'revenue': 2090.0, 'unit': 'M', 'net_profit': 51.0}, {'period': ""Q2 '24"", 'revenue': 2130.0, 'unit': 'M', 'net_profit': 53.0}]",0.0,0.0,9889000000,2504000000,297000000,6520000000,1051000000,0,2233000000,297000000,362000000,-1.850828729281768,-7.723270440251572,0.0,"[0.39063, 0.39063]","['2026-02-27', '2020-02-27']",__nan__,0.65931843462433
234,QVCD,QVC Inc. 6.375% Senior Secured Notes due 2067,"QVC was founded in 1986 by Joseph Segel, an entrepreneur who saw an opportunity to create a new and engaging shopping experience through television broadcasts. He named the company QVC to represent its three guiding principles: Quality, Value, and Convenience. These values were created to build trust with consumers, creating lifetime, avid fans.",None,Broadcasting,10.4,USD,0,https://images.financialmodelingprep.com/symbol/QVCD.png,59630.0,2018-09-18,,-0.07,11434,931000000,-1069000000,"[{'period': '2024', 'revenue': 9.0, 'unit': 'B', 'net_profit': -1.07}, {'period': '2023', 'revenue': 9450.0, 'unit': 'M', 'net_profit': 159.0}, {'period': '2022', 'revenue': 9.89, 'unit': 'B', 'net_profit': -1.87}, {'period': '2021', 'revenue': 11350.0, 'unit': 'M', 'net_profit': 787.0}]","[{'period': ""Q3 '25"", 'revenue': 1980.0, 'unit': 'M', 'net_profit': 41.0}, {'period': ""Q2 '25"", 'revenue': 1.98, 'unit': 'B', 'net_profit': -2.17}, {'period': ""Q1 '25"", 'revenue': 1910.0, 'unit': 'M', 'net_profit': -42.0}, {'period': ""Q4 '24"", 'revenue': 2.66, 'unit': 'B', 'net_profit': -1.29}, {'period': ""Q3 '24"", 'revenue': 2090.0, 'unit': 'M', 'net_profit': 116.0}, {'period': ""Q2 '24"", 'revenue': 2130.0, 'unit': 'M', 'net_profit': 53.0}]",0.0,0.0,9889000000,2504000000,297000000,6520000000,1051000000,0,2233000000,297000000,362000000,0.028729281767955802,-7.723270440251572,0.0,"[0.39844, 0.398]","['2026-02-27', '2019-05-30']",__nan__,0.65931843462433
235,R,Ryder System Inc. Common Stock,"Ryder System, Inc. operates as a logistics and transportation company worldwide. The company operates through three segments: Fleet Management Solutions (FMS), Supply Chain Solutions (SCS), and Dedicated Transportation Solutions (DTS). The FMS segment offers full service leasing and leasing with flexible maintenance options, as well as maintenance services, supplies, and related equipment for operation of the vehicles; commercial vehicle rental services; and contract or transactional maintenance services of trucks, tractors, and trailers, as well as fleet support services. This segment also provides access to diesel fuel; offers fuel planning and tax reporting, cards, and monitoring services, and centralized billing; and sells used vehicles through its 63 retail sales centers and www.ryder.com/used-trucks website. The DTS segment offers equipment, maintenance, drivers, administrative, and additional services, as well as routing and scheduling, fleet sizing, safety, regulatory compliance, risk management, and technology and communication systems support services. The SCS segment comprises distribution management services, such as designing and managing customer's distribution network and facilities; coordinating warehousing and transportation for inbound and outbound material flows; handling import and export for international shipments; coordinating just-in-time replenishment of component parts to manufacturing and final assembly; and offering shipments to customer distribution centers or end customer delivery points, as well as other value added services, such as light assembly of components. This segment also offers transportation management services, such as shipment optimization, load scheduling, and delivery confirmation services; knowledge-based professional services; and e-commerce and last mile services. Ryder System, Inc. was founded in 1933 and is headquartered in Miami, Florida.",Robert E. Sanchez,Rental & Leasing Services,197.55,USD,7788843360,https://images.financialmodelingprep.com/symbol/R.png,365842.0,1980-01-02,16.48,-2.33,222241,3329000000,499000000,"[{'period': '2025', 'revenue': 12660.0, 'unit': 'M', 'net_profit': 499.0}, {'period': '2024', 'revenue': 12640.0, 'unit': 'M', 'net_profit': 489.0}, {'period': '2023', 'revenue': 11780.0, 'unit': 'M', 'net_profit': 406.0}, {'period': '2022', 'revenue': 12010.0, 'unit': 'M', 'net_profit': 867.0}]","[{'period': ""Q4 '25"", 'revenue': 3170.0, 'unit': 'M', 'net_profit': 133.0}, {'period': ""Q3 '25"", 'revenue': 3170.0, 'unit': 'M', 'net_profit': 138.0}, {'period': ""Q2 '25"", 'revenue': 3190.0, 'unit': 'M', 'net_profit': 131.0}, {'period': ""Q1 '25"", 'revenue': 3130.0, 'unit': 'M', 'net_profit': 98.0}, {'period': ""Q4 '24"", 'revenue': 3190.0, 'unit': 'M', 'net_profit': 135.0}, {'period': ""Q3 '24"", 'revenue': 3170.0, 'unit': 'M', 'net_profit': 142.0}]",12.2,11.99,16387000000,2473000000,198000000,13335000000,1897000000,0,2778000000,198000000,459000000,0.19148174659985684,0.02044989775051125,0.08060230292294067,"[0.91, 0.3343]","['2026-02-17', '1980-03-03']",__nan__,0.813754805638616
236,RA,Brookfield Real Assets Income Fund Inc. Common Stock,"Brookfield Real Assets Income Fund Inc. is a closed ended fixed income mutual fund launched and managed by Brookfield Investment Management Inc. The fund is co-managed by Schroder Investment Management North America Inc. It invests in fixed income markets of the United States. The fund primarily invests in securities and other instruments of companies, which includes real estate securities, infrastructure securities, and natural resources securities. Brookfield Real Assets Income Fund Inc. was formed on December 2, 2016 and is domiciled in the United States.",Samuel Matthias Diedrich,Asset Management - Income,12.57,USD,694551529,https://images.financialmodelingprep.com/symbol/RA.png,209138.0,2016-12-02,11.22,-0.21,281204,74998796,61879047,"[{'period': '2025', 'revenue': 77.57, 'unit': 'M', 'net_profit': 61.88}, {'period': '2024', 'revenue': 67.52, 'unit': 'M', 'net_profit': 64.39}, {'period': '2023', 'revenue': 69.17, 'unit': 'M', 'net_profit': 81.81}, {'period': '2022', 'revenue': 66.25, 'unit': 'M', 'net_profit': -123.18}]","[{'period': ""Q4 '25"", 'revenue': 38.51, 'unit': 'M', 'net_profit': 28.79}, {'period': ""Q2 '25"", 'revenue': 39.06, 'unit': 'M', 'net_profit': 33.09}, {'period': ""Q4 '24"", 'revenue': 42.24, 'unit': 'M', 'net_profit': 44.05}, {'period': ""Q2 '24"", 'revenue': 30.64, 'unit': 'M', 'net_profit': 20.35}, {'period': ""Q4 '23"", 'revenue': 31.76, 'unit': 'M', 'net_profit': 56.97}, {'period': ""Q2 '23"", 'revenue': 37.41, 'unit': 'M', 'net_profit': 24.84}]",1.12,1.12,1061108715,14051004,1700679,265967460,12350325,1046675852,260015306,1700679,46636850,-0.017948252767679033,-0.03904991383306779,-0.04273504273504258,"[0.118, 0.199]","['2026-03-12', '2016-12-13']",__nan__,0.2506505283014286
237,RAAS,Cloopen Group Holding Limited American Depositary Shares each representing two Class A Ordinary Shares,"Cloopen Group Holding Limited, through its subsidiaries, provides cloud-based communications solutions in the People's Republic of China. The company offers a suite of cloud-based communications solutions, which include communications platform as a service solution that provides application programing interfaces and software development kits to embed messaging, voice call, audio and video, instant messaging, and other communications into enterprises' applications, services, and/or business processes; cloud-based contact centers, which offers RongCC and 7moor Cloud solutions; and cloud-based unified communications and collaborations, such as RongVideo that provides instant messaging, audio and video conferencing, and telephony solutions. It serves a customer base consisting of enterprises of various industries, including internet, telecommunications, financial services, education, industrial manufacturing, and energy. The company was founded in 2012 and is headquartered in Beijing, China.",Changxun Sun,Software - Application,1.13,USD,185738100,https://images.financialmodelingprep.com/symbol/RAAS.png,50278.0,2021-02-09,-0.07080200501253132,0.0,46581,139439466000,-509134000,"[{'period': '2020', 'revenue': 767.69, 'unit': 'M', 'net_profit': -509.13}, {'period': '2019', 'revenue': 650.28, 'unit': 'M', 'net_profit': -183.49}, {'period': '2018', 'revenue': 501.49, 'unit': 'M', 'net_profit': -155.47}]","[{'period': ""Q3 '21"", 'revenue': 276.13, 'unit': 'M', 'net_profit': -112.17}, {'period': ""Q2 '21"", 'revenue': 273.9, 'unit': 'M', 'net_profit': -105.63}, {'period': ""Q1 '21"", 'revenue': 204.53, 'unit': 'M', 'net_profit': -171.03}, {'period': ""Q4 '20"", 'revenue': 258.69, 'unit': 'M', 'net_profit': -305.42}, {'period': ""Q3 '20"", 'revenue': 191.31, 'unit': 'M', 'net_profit': -93.89}, {'period': ""Q2 '20"", 'revenue': 185.25, 'unit': 'M', 'net_profit': -59.38}]",-3.19,-3.19,968462000,878987000,456914000,796201000,280923000,66162000,776731000,296565000,-230103266,838.1253674782213,-1.7746574729890474,0.2666666666666666,__nan__,__nan__,__nan__,0.8221293143148621
238,RACE,Ferrari N.V. Common Shares,"Ferrari N.V., through its subsidiaries, designs, engineers, produces, and sells luxury performance sports cars. The company offers sports, GT, and special series cars; limited edition hyper cars; one-off and track cars; and Icona cars. It also provides racing cars, and spare parts and engines, as well as after sales, repair, maintenance, and restoration services for cars. In addition, the company licenses its Ferrari brand to various producers and retailers of luxury and lifestyle goods; Ferrari World, a theme park in Abu Dhabi, the United Arab Emirates; and Ferrari Land Portaventura, a theme park in Europe. Further, it provides direct or indirect finance and leasing services to retail clients and dealers; manages racetracks, as well as owns and manages two museums in Maranello and Modena, Italy; and develops and sells a line of apparel and accessories through its monobrand stores. As of December 31, 2021, it had a total of 30 retail Ferrari stores, including 14 franchised stores and 16 owned stores. The company also sells its products through a network of 172 authorized dealers operating 191 points of sale worldwide, as well as through its website, store.ferrari.com. Ferrari N.V. was founded in 1947 and is headquartered in Maranello, Italy.",Benedetto Vigna,Auto - Manufacturers,317.4,USD,56268162256,https://images.financialmodelingprep.com/symbol/RACE.png,740052.0,2015-10-21,30.67,-6.18,510815,2390542595,1596919000,"[{'period': '2025', 'revenue': 7.15, 'unit': 'B', 'net_profit': 1.6}, {'period': '2024', 'revenue': 6.68, 'unit': 'B', 'net_profit': 1.52}, {'period': '2023', 'revenue': 5.97, 'unit': 'B', 'net_profit': 1.25}, {'period': '2022', 'revenue': 5100.0, 'unit': 'M', 'net_profit': 932.61}]","[{'period': ""Q4 '25"", 'revenue': 1800.0, 'unit': 'M', 'net_profit': 379.69}, {'period': ""Q3 '25"", 'revenue': 1770.0, 'unit': 'M', 'net_profit': 381.32}, {'period': ""Q2 '25"", 'revenue': 1790.0, 'unit': 'M', 'net_profit': 424.27}, {'period': ""Q1 '25"", 'revenue': 1790.0, 'unit': 'M', 'net_profit': 411.64}, {'period': ""Q4 '24"", 'revenue': 1740.0, 'unit': 'M', 'net_profit': 384.71}, {'period': ""Q3 '24"", 'revenue': 1640.0, 'unit': 'M', 'net_profit': 374.17}]",8.97,8.96,9628352000,4824373000,1472132000,5713610000,2005450000,96444000,2389788000,1467711000,2657803000,-0.07853899670662098,0.049308846904184765,0.05903187721369539,"[4.16784, 0.46]","['2026-04-21', '2016-05-23']",__nan__,0.5934151555738718
239,RAD,Rite Aid Corporation Common Stock,"Rite Aid Corporation, through its subsidiaries, operates a chain of retail drugstores in the United States. The company operates through two segments, Retail Pharmacy and Pharmacy Services. The Retail Pharmacy segment sells prescription drugs and provides various other pharmacy services and an assortment of products comprising over-the-counter medications, health and beauty aids, personal care products, seasonal merchandise, cosmetics, household items, food and beverages, greeting cards, seasonal and general merchandise, pet care, and a variety of other everyday and convenience products, as well as brand and generic prescription drugs; and a private brand product line. It also operates retail pharmacies and clinics; and offers healthcare services, including administering immunizations for COVID-19, the flu, shingles, and others; assists its customers with high blood pressure, cholesterol, and diabetes; provides guidance on combating obesity and tobacco addiction; and educates customers on managing medications and potential side effects. In addition, this segment offers healthcare coaching and disease management services to health plans and employers. The Pharmacy Services segment provides integrated suite of pharmacy benefit management (PBM) offerings, including technology solutions, mail delivery services, specialty pharmacy, network and rebate administration, claims adjudication, and pharmacy discount programs, as well as drug benefits under the federal government's Medicare Part D program and insurance offerings for individuals and groups. This segment serves health plans, commercial employers, labor groups, and state and local governments. As of February 26, 2022, the company operated 2,450 retail pharmacy locations in 17 states. Rite Aid Corporation was founded in 1962 and is headquartered in Philadelphia, Pennsylvania.",Elizabeth H. Burr,Medical - Pharmaceuticals,0.6483,USD,36756211,https://images.financialmodelingprep.com/symbol/RAD.png,7665379.0,1980-03-17,-0.045209205020920504,-0.131,2433445,-31022000,-749936000,"[{'period': '2023', 'revenue': 24090.0, 'unit': 'M', 'net_profit': -749.94}, {'period': '2022', 'revenue': 24570.0, 'unit': 'M', 'net_profit': -538.48}, {'period': '2021', 'revenue': 24040.0, 'unit': 'M', 'net_profit': -100.07}, {'period': '2020', 'revenue': 21930.0, 'unit': 'M', 'net_profit': -469.22}]","[{'period': ""Q2 '24"", 'revenue': 5.65, 'unit': 'B', 'net_profit': -1.02}, {'period': ""Q1 '24"", 'revenue': 5650.0, 'unit': 'M', 'net_profit': -306.72}, {'period': ""Q4 '23"", 'revenue': 6090.0, 'unit': 'M', 'net_profit': -241.31}, {'period': ""Q3 '23"", 'revenue': 6080.0, 'unit': 'M', 'net_profit': -67.14}, {'period': ""Q2 '23"", 'revenue': 5900.0, 'unit': 'M', 'net_profit': -331.29}, {'period': ""Q1 '23"", 'revenue': 6010.0, 'unit': 'M', 'net_profit': -110.19}]",-13.71,-13.64,7527362000,3301047000,157151000,8169138000,1149958000,0,2727875000,157151000,-300124000,-1.227051160067335,-0.39269570901689577,-0.3765060240963855,"[0.115, 0.125]","['1999-10-14', '1985-01-08']",__nan__,1.0852590854538415
240,RAMP,LiveRamp Holdings Inc. Common Stock,"LiveRamp Holdings, Inc., a technology company, provides enterprise data connectivity platform solutions in the United States, Europe, and the Asia-Pacific. The company offers RampID, a true people-based identifier; Safe Haven, an enterprise data enablement platform; LiveRamp Data Marketplace, a solution that seamlessly connects data owners' audience data across the marketing ecosystem; and AbiliTec, an offline identity resolution platform. It serves financial, insurance and investment services, retail, automotive, telecommunications, high tech, consumer packaged goods, healthcare, travel, entertainment, non-profit, and government industries. The company was formerly known as Acxiom Holdings, Inc. and changed its name to LiveRamp Holdings, Inc. in October 2018. LiveRamp Holdings, Inc. was incorporated in 2018 and is headquartered in San Francisco, California.",Scott E. Howe,Software - Infrastructure,25.72,USD,1637048191,https://images.financialmodelingprep.com/symbol/RAMP.png,769303.0,1983-12-14,24.73,-0.19,630064,40216000,-814000,"[{'period': '2025', 'revenue': 745580.0, 'unit': 'K', 'net_profit': -814.0}, {'period': '2024', 'revenue': 659.66, 'unit': 'M', 'net_profit': 11.88}, {'period': '2023', 'revenue': 596.58, 'unit': 'M', 'net_profit': -118.7}, {'period': '2022', 'revenue': 528.66, 'unit': 'M', 'net_profit': -33.83}]","[{'period': ""Q3 '26"", 'revenue': 212.2, 'unit': 'M', 'net_profit': 39.87}, {'period': ""Q2 '26"", 'revenue': 199.83, 'unit': 'M', 'net_profit': 27.42}, {'period': ""Q1 '26"", 'revenue': 194.82, 'unit': 'M', 'net_profit': 7.75}, {'period': ""Q4 '25"", 'revenue': 188.72, 'unit': 'M', 'net_profit': -6.27}, {'period': ""Q3 '25"", 'revenue': 195.41, 'unit': 'M', 'net_profit': 11.21}, {'period': ""Q2 '25"", 'revenue': 185.48, 'unit': 'M', 'net_profit': 1.73}]",-0.0123,-0.0121,1259371000,656189000,420831000,310512000,195877000,3200000,247518000,413331000,154611000,-0.13149767843645394,-1.068512751451898,-1.0683333333333334,"[0.06, 0.04]","['2008-08-19', '2004-02-11']",__nan__,0.24656118014469128
241,RBA,Ritchie Bros. Auctioneers Incorporated Common Stock,"RB Global, Inc., an omnichannel marketplace, provides insights, services, and transaction solutions for buyers and sellers of commercial assets and vehicles worldwide. Its marketplace brands include Ritchie Bros., an auctioneer of commercial assets and vehicles offering online bidding; IAA, a digital marketplace connecting vehicle buyers and sellers; Rouse Services, which provides asset management, data-driven intelligence, and performance benchmarking system; SmartEquip, a technology platform that supports customers' management of the equipment lifecycle; Xcira that provides live simulcast auction technologies; and Veritread, an online marketplace for heavy haul transport solution. The company serves customers across various asset classes, including automotive, commercial transportation, construction, government surplus, lifting and material handling, energy, mining, and agriculture. RB Global, Inc. was founded in 1958 and is headquartered in Westchester, Illinois.",James F. Kessler,Specialty Business Services,94.61,USD,17587999000,https://images.financialmodelingprep.com/symbol/RBA.png,1463013.0,1998-03-10,46.38,-3.51,1507310,1394898335,435899370,"[{'period': '2025', 'revenue': 4670.0, 'unit': 'M', 'net_profit': 435.9}, {'period': '2024', 'revenue': 4280.0, 'unit': 'M', 'net_profit': 413.1}, {'period': '2023', 'revenue': 3680.0, 'unit': 'M', 'net_profit': 206.5}, {'period': '2022', 'revenue': 1730.0, 'unit': 'M', 'net_profit': 319.8}]","[{'period': ""Q4 '25"", 'revenue': 1220.0, 'unit': 'M', 'net_profit': 110.78}, {'period': ""Q3 '25"", 'revenue': 1090.0, 'unit': 'M', 'net_profit': 95.5}, {'period': ""Q2 '25"", 'revenue': 1190.0, 'unit': 'M', 'net_profit': 109.8}, {'period': ""Q1 '25"", 'revenue': 1110.0, 'unit': 'M', 'net_profit': 113.4}, {'period': ""Q4 '24"", 'revenue': 1140.0, 'unit': 'M', 'net_profit': 118.5}, {'period': ""Q3 '24"", 'revenue': 981.8, 'unit': 'M', 'net_profit': 76.1}]",2.09,2.08,12120901561,1781551931,693535568,6064243865,778580517,0,1615055482,693535568,731789982,0.008895078113698829,0.05519092229484386,0.02955665024630545,"[0.31, 0.9]","['2026-02-09', '2003-09-03']",__nan__,0.5003129374890894
242,RBAC,RedBall Acquisition Corp. Class A Ordinary Shares,"RedBall Acquisition Corp. does not have significant operations. It intends to effect a merger, capital stock exchange, asset acquisition, stock purchase, reorganization, or other similar business combination with one or more businesses. It intends to focus on sports, media, and data analytics sectors. RedBall Acquisition Corp. was incorporated in 2020 and is based in New York, New York.",Alec J. Scheiner,Shell Companies,10.02,USD,0,https://images.financialmodelingprep.com/symbol/RBAC.png,0.0,2020-10-05,40.08,0.0100002,1966168,-6466000,20020000,"[{'period': '2021', 'revenue': 0.0, 'unit': 'M', 'net_profit': 20.02}, {'period': '2020', 'revenue': 0.0, 'unit': 'M', 'net_profit': -1.05}]","[{'period': ""Q2 '22"", 'revenue': 0.0, 'unit': 'M', 'net_profit': 82.57}, {'period': ""Q1 '22"", 'revenue': 0.0, 'unit': 'M', 'net_profit': 13.9}, {'period': ""Q4 '21"", 'revenue': 0.0, 'unit': 'M', 'net_profit': -63.72}, {'period': ""Q3 '21"", 'revenue': 0.0, 'unit': 'M', 'net_profit': 7.82}, {'period': ""Q2 '21"", 'revenue': 0.0, 'unit': 'M', 'net_profit': 7.89}, {'period': ""Q4 '20"", 'revenue': 0.0, 'unit': 'M', 'net_profit': -1.05}]",0.28,0.28,576057835,570030,458388,78841290,0,0,6242840,458388,-1142936,-5.1757402101241645,20.121298949379177,20.178082191780824,__nan__,__nan__,__nan__,0.13686349739518777
243,RBC,Regal Beloit Corporation Common Stock,"RBC Bearings Incorporated manufactures and markets engineered precision bearings and components in the United States and internationally. It operates through two segments, Aerospace/Defense and Industrial. The company produces plain bearings with self-lubricating or metal-to-metal designs, including rod end bearings, spherical plain bearings, and journal bearings; roller bearings, such as tapered roller bearings, needle roller bearings, and needle bearing track rollers and cam followers, which are anti-friction products that are used in industrial applications and military aircraft platforms; and ball bearings include high precision aerospace, airframe control, thin section, and industrial ball bearings that utilize high precision ball elements to reduce friction in high-speed applications. It also offers mounted bearing products include mounted ball bearings, mounted roller bearings, and mounted plain bearings; and enclosed gearing product lines, including quantis gearmotor, torque arm, tigear, magnagear & maxum, and controlled start transmission. In addition, the company produces power transmission components include mechanical drive components, couplings, and conveyor components; engineered hydraulics and valves for aircraft and submarine applications, and aerospace and defense aftermarket services; fasteners; precision mechanical components, which are used in various general industrial applications; and machine tool collets that are used for holding circulars or rod-like pieces. It serves automotive, tool holding, agricultural and semiconductor machinery, commercial and defense aerospace, ground defense, construction and mining, oil and natural resource extraction, heavy truck, marine, rail and train, packaging, food and beverage, packaging and canning, wind, and general industrial markets through its direct sales force, as well as a network of industrial and aerospace distributors. The company was founded in 1919 and is headquartered in Oxford, Connecticut.",Michael J. Hartnett,Manufacturing - Tools & Accessories,532.25,USD,16829191992,https://images.financialmodelingprep.com/symbol/RBC.png,199316.0,2005-08-10,62.47,-16.7,137883,491700000,246200000,"[{'period': '2025', 'revenue': 1640.0, 'unit': 'M', 'net_profit': 246.2}, {'period': '2024', 'revenue': 1560.0, 'unit': 'M', 'net_profit': 209.9}, {'period': '2023', 'revenue': 1470.0, 'unit': 'M', 'net_profit': 166.7}, {'period': '2022', 'revenue': 942.9, 'unit': 'M', 'net_profit': 54.7}]","[{'period': ""Q3 '26"", 'revenue': 461.6, 'unit': 'M', 'net_profit': 67.4}, {'period': ""Q2 '26"", 'revenue': 455.3, 'unit': 'M', 'net_profit': 60.0}, {'period': ""Q1 '26"", 'revenue': 436.0, 'unit': 'M', 'net_profit': 68.5}, {'period': ""Q4 '25"", 'revenue': 437.7, 'unit': 'M', 'net_profit': 72.7}, {'period': ""Q3 '25"", 'revenue': 394.4, 'unit': 'M', 'net_profit': 57.9}, {'period': ""Q2 '25"", 'revenue': 397.9, 'unit': 'M', 'net_profit': 54.2}]",7.76,7.7,4685200000,1027300000,36800000,1653800000,307600000,0,315300000,36800000,243800000,0.06937799043062201,0.1729394949976179,0.20123839009287922,"[0.35, 2]","['2022-09-29', '2014-05-28']",__nan__,0.3529838640826432
244,RBLX,Roblox Corporation Class A Common Stock,"Roblox Corporation develops and operates an online entertainment platform. The company offers Roblox Studio, a free toolset that allows developers and creators to build, publish, and operate 3D experiences, and other content; Roblox Client, an application that allows users to explore 3D digital world; Roblox Education for learning experiences; and Roblox Cloud, which provides services and infrastructure that power the human co-experience platform. It serves customers in the United States, the United Kingdom, Canada, Europe, China, the Asia-Pacific, and internationally. The company was incorporated in 2004 and is headquartered in San Mateo, California.",David Baszucki,Electronic Gaming & Multimedia,52.31,USD,37072413214,https://images.financialmodelingprep.com/symbol/RBLX.png,11706337.0,2021-03-10,-33.97,-1.54,6739818,-802175000,-1065057000,"[{'period': '2025', 'revenue': 4.89, 'unit': 'B', 'net_profit': -1.07}, {'period': '2024', 'revenue': 3600.0, 'unit': 'M', 'net_profit': -935.38}, {'period': '2023', 'revenue': 2.8, 'unit': 'B', 'net_profit': -1.15}, {'period': '2022', 'revenue': 2230.0, 'unit': 'M', 'net_profit': -924.37}]","[{'period': ""Q4 '25"", 'revenue': 1420.0, 'unit': 'M', 'net_profit': -316.0}, {'period': ""Q3 '25"", 'revenue': 1360.0, 'unit': 'M', 'net_profit': -255.63}, {'period': ""Q2 '25"", 'revenue': 1080.0, 'unit': 'M', 'net_profit': -278.38}, {'period': ""Q1 '25"", 'revenue': 1040.0, 'unit': 'M', 'net_profit': -215.06}, {'period': ""Q4 '24"", 'revenue': 988.18, 'unit': 'M', 'net_profit': -219.57}, {'period': ""Q3 '24"", 'revenue': 918.95, 'unit': 'M', 'net_profit': -239.32}]",-1.54,-1.54,9557118000,4898023000,3055142000,9182138000,900646000,2492593000,5126390000,1205319000,1352880000,-0.1968295412159642,-0.1386307655465563,-0.0694444444444445,__nan__,__nan__,__nan__,0.9607643224662498
245,RC,Ready Capital Corproation Common Stock,"Ready Capital Corporation operates as a real estate finance company in the United States. The company acquires, originates, manages, services, and finances small to medium balance commercial (SBC) loans, small business administration (SBA) loans, residential mortgage loans, and mortgage backed securities collateralized primarily by SBC loans, or other real estate-related investments. It operates through three segments: SBC Lending and Acquisitions; Small Business Lending; and Residential Mortgage Banking. The SBC Lending and Acquisitions segment, through its subsidiary, ReadyCap Commercial, LLC, originate SBC loans secured by stabilized or transitional investor properties using various loan origination channels. The Small Business Lending segment, through its subsidiary, ReadyCap Lending, LLC, acquires, originates, and services owner-occupied loans guaranteed by the SBA under its SBA Section 7(a) Program. The Residential Mortgage Banking segment, through its subsidiary, GMFS, LLC, originates residential mortgage loans. The company qualifies as a real estate investment trust for federal income tax purposes. It generally would not be subject to federal corporate income taxes if it distributes at least 90% of its taxable income to its stockholders. The company was formerly known as Sutherland Asset Management Corporation and changed its name to Ready Capital Corporation in September 2018. Ready Capital Corporation was founded in 2007 and is headquartered in New York, New York.",Thomas Edward Capasse,REIT - Mortgage,1.52,USD,248492239,https://images.financialmodelingprep.com/symbol/RC.png,2891642.0,2013-02-08,-1.08,-0.08,1578259,214381000,-228915000,"[{'period': '2025', 'revenue': 499.47, 'unit': 'M', 'net_profit': -228.91}, {'period': '2024', 'revenue': 27.35, 'unit': 'M', 'net_profit': -435.75}, {'period': '2023', 'revenue': 389.94, 'unit': 'M', 'net_profit': 339.45}, {'period': '2022', 'revenue': 383.33, 'unit': 'M', 'net_profit': 194.26}]","[{'period': ""Q4 '25"", 'revenue': 566.97, 'unit': 'M', 'net_profit': -234.18}, {'period': ""Q3 '25"", 'revenue': 18.62, 'unit': 'M', 'net_profit': -18.75}, {'period': ""Q2 '25"", 'revenue': -12.02, 'unit': 'M', 'net_profit': -55.49}, {'period': ""Q1 '25"", 'revenue': -74.1, 'unit': 'M', 'net_profit': 79.5}, {'period': ""Q4 '24"", 'revenue': 58.24, 'unit': 'M', 'net_profit': -316.14}, {'period': ""Q3 '24"", 'revenue': 61.74, 'unit': 'M', 'net_profit': -9.31}]",-1.44,-1.44,7769796000,207841000,247587000,6118168000,96173000,2181349000,200133000,247587000,-203482000,0.0,0.47467039965118013,0.4524714828897338,"[0.01, 0.22]","['2026-03-31', '2013-05-22']",__nan__,0.7874296828385198
246,RCA,Ready Capital Corporation 7.00% Convertible Senior Notes due 2023,,None,REIT - Mortgage,24.9699,USD,0,https://images.financialmodelingprep.com/symbol/RCA.png,0.0,2010-02-22,0.0,-0.0001,23566,214381000,-236911000,"[{'period': '2025', 'revenue': 46.71, 'unit': 'M', 'net_profit': -236.91}, {'period': '2024', 'revenue': -101.77, 'unit': 'M', 'net_profit': -443.75}, {'period': '2022', 'revenue': 259519.99999999997, 'unit': 'K', 'net_profit': 211.4}, {'period': '2021', 'revenue': 319.75, 'unit': 'K', 'net_profit': 218.14}]","[{'period': ""Q4 '25"", 'revenue': -182.24, 'unit': 'M', 'net_profit': -241.09}, {'period': ""Q3 '25"", 'revenue': 74.91, 'unit': 'M', 'net_profit': -20.74}, {'period': ""Q2 '25"", 'revenue': -26.67, 'unit': 'M', 'net_profit': -57.49}, {'period': ""Q1 '25"", 'revenue': 180.7, 'unit': 'M', 'net_profit': 82.41}, {'period': ""Q4 '24"", 'revenue': -509.64, 'unit': 'M', 'net_profit': -772.06}, {'period': ""Q3 '24"", 'revenue': 56.25, 'unit': 'M', 'net_profit': -24.28}]",-1.44,-1.44,7769796000,207841000,207841000,6118168000,0,0,722729000,207841000,455901000,1.5203434959793591,0.4661172594540632,0.4524714828897338,"[0.4375, 0.285]","['2023-07-31', '2022-03-15']",__nan__,0.7874296828385198
247,RCB,Ready Capital Corporation 6.20% Senior Notes due 2026,"Ready Capital Corp. is a real estate finance company, which engages in acquiring, managing, and financing small balance commercial loans. It operates through the following segments: SBC Lending and Acquisitions, Small Business Lending, and Residential Mortgage Banking. The SBC Lending and Acquisitions segment is involved in the SBC loans across the full life-cycle of an SBC property including construction, bridge, stabilized, and agency loan origination channels through wholly-owned subsidiary, ReadyCap Commercial, LLC. The Small Business Lending segment acquires, originates, and services owner-occupied loans guaranteed by the SBA under its SBA Section 7(a) Program through wholly-owned subsidiary, ReadyCap Lending, LLC. The Residential Mortgage Banking segment focuses on the residential mortgage loan origination segment through wholly-owned subsidiary, GMFS, LLC. The company was founded in November 2011 and is headquartered in New York, NY.",None,REIT - Mortgage,25.2,USD,60972320556,https://images.financialmodelingprep.com/symbol/RCB.png,3101.0,2019-07-25,15.89,0.01,6643,214381000,-228915000,"[{'period': '2025', 'revenue': 499.47, 'unit': 'M', 'net_profit': -228.91}, {'period': '2024', 'revenue': 907.04, 'unit': 'M', 'net_profit': -443.75}, {'period': '2023', 'revenue': 426.58, 'unit': 'M', 'net_profit': 339.45}, {'period': '2022', 'revenue': 404.04, 'unit': 'M', 'net_profit': 184.7}]","[{'period': ""Q4 '25"", 'revenue': 134.47, 'unit': 'M', 'net_profit': -234.18}, {'period': ""Q3 '25"", 'revenue': -0.623, 'unit': 'M', 'net_profit': -18.75}, {'period': ""Q2 '25"", 'revenue': -12.02, 'unit': 'M', 'net_profit': -55.49}, {'period': ""Q1 '25"", 'revenue': 42.03, 'unit': 'M', 'net_profit': 79.5}, {'period': ""Q4 '24"", 'revenue': 210.86, 'unit': 'M', 'net_profit': -157.18}, {'period': ""Q3 '24"", 'revenue': 177.59, 'unit': 'M', 'net_profit': -11.55}]",-1.44,-1.44,7769796000,207841000,247587000,6118168000,0,2181349000,722729000,247587000,455901000,0.3231843178886427,0.4841363737771859,0.450381679389313,"[0.3875, 0.422]","['2026-01-15', '2019-10-11']",__nan__,0.7874296828385198
248,RCC,Ready Capital Corporation 5.75% Senior Notes due 2026,"Ready Capital Corp. is a real estate finance company, which engages in acquiring, managing, and financing small balance commercial loans. It operates through the following segments: SBC Lending and Acquisitions, Small Business Lending, and Residential Mortgage Banking. The SBC Lending and Acquisitions segment is involved in the SBC loans across the full life-cycle of an SBC property including construction, bridge, stabilized, and agency loan origination channels through wholly-owned subsidiary, ReadyCap Commercial, LLC. The Small Business Lending segment acquires, originates, and services owner-occupied loans guaranteed by the SBA under its SBA Section 7(a) Program through wholly-owned subsidiary, ReadyCap Lending, LLC. The Residential Mortgage Banking segment focuses on the residential mortgage loan origination segment through wholly-owned subsidiary, GMFS, LLC. The company was founded in November 2011 and is headquartered in New York, NY.",Thomas Edward Capasse,REIT - Industrial,25.04,USD,4059635040,https://images.financialmodelingprep.com/symbol/RCC.png,23828.0,2021-02-16,0.0,0.01,29221,214381000,-228915000,"[{'period': '2025', 'revenue': 499.47, 'unit': 'M', 'net_profit': -228.91}, {'period': '2024', 'revenue': 27.35, 'unit': 'M', 'net_profit': -435.75}, {'period': '2023', 'revenue': 389.94, 'unit': 'M', 'net_profit': 339.45}, {'period': '2022', 'revenue': 383.33, 'unit': 'M', 'net_profit': 194.26}]","[{'period': ""Q4 '25"", 'revenue': 566.97, 'unit': 'M', 'net_profit': -234.18}, {'period': ""Q3 '25"", 'revenue': 18.62, 'unit': 'M', 'net_profit': -18.75}, {'period': ""Q2 '25"", 'revenue': -12.02, 'unit': 'M', 'net_profit': -55.49}, {'period': ""Q1 '25"", 'revenue': -74.1, 'unit': 'M', 'net_profit': 79.5}, {'period': ""Q4 '24"", 'revenue': 58.24, 'unit': 'M', 'net_profit': -316.14}, {'period': ""Q3 '24"", 'revenue': 61.74, 'unit': 'M', 'net_profit': -9.31}]",-1.44,-1.44,7769796000,207841000,247587000,6118168000,96173000,2181349000,200133000,247587000,-203482000,0.0,0.47467039965118013,0.4524714828897338,"[0.3594, 0.319]","['2026-01-15', '2021-04-14']",__nan__,0.7874296828385198
249,RCI,Rogers Communication Inc. Common Stock,"Rogers Communications Inc. operates as a communications and media company in Canada. It operates through three segments: Wireless, Cable, and Media. The company offers mobile Internet access, wireless voice and enhanced voice, device and accessory financing, wireless home phone, device protection, e-mail, global voice and data roaming, bridging landline, machine-to-machine and Internet of Things solutions, and advanced wireless solutions for businesses, as well as device delivery services; and postpaid and prepaid services under the Rogers, Fido, and chatr brands to approximately 11.3 million subscribers. It also provides Internet and WiFi services; smart home monitoring services, such as monitoring, security, automation, energy efficiency, and smart control through a smartphone app. In addition, the company offers local and network TV; on-demand television; cloud-based digital video recorders; voice-activated remote controls, and integrated apps; personal video recorders; linear and time-shifted programming; digital specialty channels; 4K television programming; and televised content on smartphones, tablets, and personal computers, as well as operates Ignite TV and Ignite TV app. Further, it provides residential and small business local telephony services; calling features, such as voicemail, call waiting, and long distance; voice, data networking, Internet protocol, and Ethernet services; private networking, Internet, IP voice, and cloud solutions; optical wave and multi-protocol label switching services; IT and network technologies; and cable access network services. The company also owns Toronto Blue Jays and the Rogers Centre event venue; and operates Sportsnet ONE, Sportsnet 360, Sportsnet World, Citytv, OMNI, FX (Canada), FXX (Canada), and OLN television networks, as well as 55 AM and FM radio stations. The company was founded in 1960 and is headquartered in Toronto, Canada.",Anthony Staffieri,Telecommunications Services,38.49,USD,20794111726,https://images.financialmodelingprep.com/symbol/RCI.png,1035745.0,1996-01-11,4.17,-0.44,963750,14727988000,6888382000,"[{'period': '2025', 'revenue': 21.69, 'unit': 'B', 'net_profit': 6.89}, {'period': '2024', 'revenue': 20.6, 'unit': 'B', 'net_profit': 1.73}, {'period': '2023', 'revenue': 19310.0, 'unit': 'M', 'net_profit': 849.0}, {'period': '2022', 'revenue': 15.4, 'unit': 'B', 'net_profit': 1.68}]","[{'period': ""Q4 '25"", 'revenue': 6170.0, 'unit': 'M', 'net_profit': 743.0}, {'period': ""Q3 '25"", 'revenue': 5.35, 'unit': 'B', 'net_profit': 5.75}, {'period': ""Q2 '25"", 'revenue': 5220.0, 'unit': 'M', 'net_profit': 157.0}, {'period': ""Q1 '25"", 'revenue': 4980.0, 'unit': 'M', 'net_profit': 280.0}, {'period': ""Q4 '24"", 'revenue': 5480.0, 'unit': 'M', 'net_profit': 558.0}, {'period': ""Q3 '24"", 'revenue': 5130.0, 'unit': 'M', 'net_profit': 526.0}]",12.76,12.73,89938646000,9480268000,1342905000,65672438000,6385000000,3232364000,15639245000,1342905000,2350083000,0.6170386473429952,2.972538638985006,2.926153846153846,"[0.368, 0.05]","['2026-03-10', '2000-10-12']",__nan__,0.7301915352383669
250,RCL,D/B/A Royal Caribbean Cruises Ltd. Common Stock,"Royal Caribbean Cruises Ltd. operates as a cruise company worldwide. The company operates cruises under the Royal Caribbean International, Celebrity Cruises, Azamara, and Silversea Cruises brands, which comprise a range of itineraries that call on approximately 1,000 destinations. As of February 25, 2022, it operated 61 ships. The company was founded in 1968 and is headquartered in Miami, Florida.",Jason T. Liberty,Travel Services,261.8,USD,71396245336,https://images.financialmodelingprep.com/symbol/RCL.png,2440298.0,1993-04-28,16.78,-12.20001,2206885,6909000000,4273000000,"[{'period': '2025', 'revenue': 17.93, 'unit': 'B', 'net_profit': 4.27}, {'period': '2024', 'revenue': 16.48, 'unit': 'B', 'net_profit': 2.88}, {'period': '2023', 'revenue': 13.9, 'unit': 'B', 'net_profit': 1.7}, {'period': '2022', 'revenue': 8.84, 'unit': 'B', 'net_profit': -2.16}]","[{'period': ""Q4 '25"", 'revenue': 4260.0, 'unit': 'M', 'net_profit': 754.0}, {'period': ""Q3 '25"", 'revenue': 5.14, 'unit': 'B', 'net_profit': 1.58}, {'period': ""Q2 '25"", 'revenue': 4.54, 'unit': 'B', 'net_profit': 1.21}, {'period': ""Q1 '25"", 'revenue': 4000.0, 'unit': 'M', 'net_profit': 730.0}, {'period': ""Q4 '24"", 'revenue': 3760.0, 'unit': 'M', 'net_profit': 552.0}, {'period': ""Q3 '24"", 'revenue': 4.89, 'unit': 'B', 'net_profit': 1.11}]",15.73,15.61,41619000000,2211000000,940000000,31374000000,317000000,0,12055000000,825000000,1236000000,0.1350418925579103,0.48522766770941955,0.43000000000000005,"[1.5, 0.18]","['2026-03-06', '1993-08-26']",__nan__,0.7538383911194406
251,RCS,PIMCO Strategic Income Fund Inc.,"PIMCO Strategic Global Government Fund, Inc. is a closed-ended fixed income mutual fund launched and managed by Allianz Global Investors Fund Management LLC. The fund is co-managed by Pacific Investment Management Company LLC. It invests in fixed income markets across the globe. The fund primarily invests in government securities, including bonds issued or guaranteed by the United States or foreign governments, by their agencies, authorities or instrumentalities, or by supranational entities. It employs fundamental analysis with a focus on top down stock picking approach to create its portfolio. PIMCO Strategic Global Government Fund, Inc. was formed on February 24, 1994 and is domiciled in the United States.",Daniel John Ivascyn,Asset Management - Income,5.14,USD,239800018,https://images.financialmodelingprep.com/symbol/RCS.png,230247.0,1994-03-18,6.68,-0.18,326416,31349000,31349000,"[{'period': '2024', 'revenue': 36.62, 'unit': 'M', 'net_profit': 31.35}, {'period': '2023', 'revenue': 27.36, 'unit': 'M', 'net_profit': 30.63}, {'period': '2022', 'revenue': 13.66, 'unit': 'M', 'net_profit': 10.93}, {'period': '2021', 'revenue': 26.5, 'unit': 'M', 'net_profit': -56.66}]","[{'period': ""Q2 '25"", 'revenue': 9.98, 'unit': 'M', 'net_profit': 18.74}, {'period': ""Q4 '24"", 'revenue': 14.66, 'unit': 'M', 'net_profit': 16.45}, {'period': ""Q2 '24"", 'revenue': 14.93, 'unit': 'M', 'net_profit': 14.9}, {'period': ""Q4 '23"", 'revenue': 13.5, 'unit': 'M', 'net_profit': 13.96}, {'period': ""Q2 '23"", 'revenue': 13.86, 'unit': 'M', 'net_profit': 16.68}, {'period': ""Q4 '22"", 'revenue': 10.72, 'unit': 'M', 'net_profit': 10.6}]",0.67,0.67,1029607000,422827000,1759000,817476000,421068000,1056000,709749000,1759000,34697000,0.02334007965006202,0.02334007965006202,0.015151515151515164,"[0.04, 0.074]","['2026-03-12', '1994-05-06']",__nan__,0.7939689609724876
252,RCUS,Arcus Biosciences Inc. Common Stock,"Arcus Biosciences, Inc., a clinical-stage biopharmaceutical company, develops and commercializes cancer therapies in the United States. Its product pipeline includes, Etrumadenant, a dual A2a/A2b adenosine receptor antagonist, which is in a Phase 1b/2 clinical trial; and Zimberelimab, an anti-PD-1 antibody that is in Phase 1b clinical trial for monotherapy. The company also develops Domvanalimab, an anti-TIGIT monoclonal antibody, which is in Phase 2 development for the treatment of first-line metastatic non-small cell lung cancer in combination with Zimberelimab; Quemliclustat, a small-molecule CD73 inhibitor is in a Phase 1/1b study for the treatment of first-line metastatic pancreatic cancer; and AB521, an oral and small molecule HIF-2a inhibitor that is in Phase 1 study for the treatment of patients with von Hippel- Lindau disease. It has a clinical development collaboration agreement with Strata Oncology, Inc. to evaluate Zimberelimab; a collaboration with AstraZeneca, BVF Partners L.P to evaluate domvanalimab, its investigational anti-TIGIT antibody, in combination with Imfinzi (durvalumab) in a registrational Phase 3 clinical trial in patients with unresectable Stage III non-small cell lung cancer; and license agreements with Taiho Pharmaceutical Co., Ltd, Abmuno Therapeutics LLC, and WuXi Biologics to develop anti-CD39 antibody for the treatment of cancer. The company was incorporated in 2015 and is headquartered in Hayward, California.",Terry J. Rosen,Biotechnology,20.28,USD,2041610719,https://images.financialmodelingprep.com/symbol/RCUS.png,1269091.0,2018-03-15,-6.16,-0.93,554226,-335000000,-353000000,"[{'period': '2025', 'revenue': 247.0, 'unit': 'M', 'net_profit': -353.0}, {'period': '2024', 'revenue': 258.0, 'unit': 'M', 'net_profit': -283.0}, {'period': '2023', 'revenue': 117.0, 'unit': 'M', 'net_profit': -307.0}, {'period': '2022', 'revenue': 112.0, 'unit': 'M', 'net_profit': -267.0}]","[{'period': ""Q4 '25"", 'revenue': 33.0, 'unit': 'M', 'net_profit': -98.0}, {'period': ""Q3 '25"", 'revenue': 26.0, 'unit': 'M', 'net_profit': -135.0}, {'period': ""Q2 '25"", 'revenue': 160.0, 'unit': 'M', 'net_profit': -8.0}, {'period': ""Q1 '25"", 'revenue': 28.0, 'unit': 'M', 'net_profit': -112.0}, {'period': ""Q4 '24"", 'revenue': 26.0, 'unit': 'M', 'net_profit': -94.0}, {'period': ""Q3 '24"", 'revenue': 48.0, 'unit': 'M', 'net_profit': -92.0}]",-3.29,-3.29,1139000000,1007000000,981000000,508000000,0,0,231000000,222000000,-484000000,-0.24535315985130113,-0.24734982332155478,-0.047770700636942644,__nan__,__nan__,__nan__,0.44600526777875327
253,RDN,Radian Group Inc. Common Stock,"Radian Group Inc., together with its subsidiaries, engages in the mortgage and real estate services business in the United States. Its Mortgage segment offers credit-related insurance coverage primarily through private mortgage insurance on residential first-lien mortgage loans, as well as other credit risk management, contract underwriting, and fulfillment solutions. This segment primarily serves mortgage originators, such as mortgage banks, commercial banks, savings institutions, credit unions, and community banks. The company's Homegenius segment offers title services, including a suite of insurance and non-insurance title, tax and title data, centralized recording, document retrieval and default curative title services, and deed and property reports, as well as closing and settlement services comprising electronic execution and traditional signing services; real estate valuation products and services; and asset management services, as well as a suite of real estate technology products and services to facilitate real estate transactions, such as software as a service solutions. This segment serves consumers, mortgage lenders, mortgage and real estate investors, government-sponsored enterprises, and real estate brokers and agents. The company was founded in 1977 and is headquartered in Wayne, Pennsylvania.",Richard Gerald Thornberry,Insurance - Specialty,32.59,USD,4441104480,https://images.financialmodelingprep.com/symbol/RDN.png,1404510.0,1992-10-30,7.42,-0.52,715799,872382000,582797000,"[{'period': '2025', 'revenue': 1250.0, 'unit': 'M', 'net_profit': 582.8}, {'period': '2024', 'revenue': 1290.0, 'unit': 'M', 'net_profit': 604.44}, {'period': '2023', 'revenue': 1240.0, 'unit': 'M', 'net_profit': 603.12}, {'period': '2022', 'revenue': 1190.0, 'unit': 'M', 'net_profit': 742.93}]","[{'period': ""Q4 '25"", 'revenue': 301.0, 'unit': 'M', 'net_profit': 155.0}, {'period': ""Q3 '25"", 'revenue': 310.74, 'unit': 'M', 'net_profit': 141.44}, {'period': ""Q2 '25"", 'revenue': 317.82, 'unit': 'M', 'net_profit': 141.8}, {'period': ""Q1 '25"", 'revenue': 317.69, 'unit': 'M', 'net_profit': 144.56}, {'period': ""Q4 '24"", 'revenue': 316.7, 'unit': 'M', 'net_profit': 148.29}, {'period': ""Q3 '24"", 'revenue': 319.66, 'unit': 'M', 'net_profit': 151.89}]",4.18,4.14,8122397000,145026000,5903187000,3340883000,120197000,188626000,1056329000,24829000,336585000,-0.08534157283815223,-0.03580669710806697,0.05555555555555549,"[0.255, 0.05]","['2026-02-23', '1993-02-02']",__nan__,0.41131737343052793
254,RDS/B,Royal Dutch Shell PLC,,,,,,,,,,,,,,,[],[],,,,,,,,,,,,,,,,,__nan__,__nan__
255,RDY,Dr. Reddy's Laboratories Ltd Common Stock,"Dr. Reddy's Laboratories Limited, together with its subsidiaries, operates as an integrated pharmaceutical company worldwide. It operates through Global Generics, Pharmaceutical Services and Active Ingredients (PSAI), Proprietary Products, and Others segments. The company's Global Generics segment manufactures and markets prescription and over-the-counter finished pharmaceutical products that are marketed under a brand name or as a generic finished dosages with therapeutic equivalence to branded formulations. This segment also engages in the biologics business. The PSAI segment manufactures and markets active pharmaceutical ingredients and intermediates, which are principal ingredients for finished pharmaceutical products. This segment also provides contract research services; and manufactures and sells active pharmaceutical ingredients and steroids in accordance with the specific customer requirements. Its Proprietary Products segment focuses on the research and development of differentiated formulations. The Others segment engages in developing therapies in the fields of oncology and inflammation. The therapeutic categories primarily include gastro-intestinal, cardiovascular, anti-diabetic, dermatology, oncology, respiratory, stomatology, urology, and nephrology. The company has a collaboration, license, and option agreement with Curis, Inc. to discover, develop, and commercialize small molecule antagonists for immuno-oncology and precision oncology targets. Dr. Reddy's Laboratories Limited was incorporated in 1984 and is headquartered in Hyderabad, India.",Erez Israeli,Drug Manufacturers - Specialty & Generic,13.48,USD,11220658651,https://images.financialmodelingprep.com/symbol/RDY.png,1869206.0,2001-04-11,18.72,-0.29,1288882,96671000000,56544000000,"[{'period': '2025', 'revenue': 325.54, 'unit': 'B', 'net_profit': 56.54}, {'period': '2024', 'revenue': 279.16, 'unit': 'B', 'net_profit': 55.68}, {'period': '2023', 'revenue': 245.88, 'unit': 'B', 'net_profit': 45.07}, {'period': '2022', 'revenue': 214.39, 'unit': 'B', 'net_profit': 23.57}]","[{'period': ""Q3 '26"", 'revenue': 87.27, 'unit': 'B', 'net_profit': 12.1}, {'period': ""Q2 '26"", 'revenue': 88.05, 'unit': 'B', 'net_profit': 14.37}, {'period': ""Q1 '26"", 'revenue': 85.45, 'unit': 'B', 'net_profit': 14.18}, {'period': ""Q4 '25"", 'revenue': 85.06, 'unit': 'B', 'net_profit': 15.94}, {'period': ""Q3 '25"", 'revenue': 83.59, 'unit': 'B', 'net_profit': 14.13}, {'period': ""Q2 '25"", 'revenue': 80.16, 'unit': 'B', 'net_profit': 12.55}]",67.85,67.77,492989000000,250112000000,57908000000,155823000000,109792000000,15202000000,130392000000,14654000000,12030000000,0.09329126235552238,0.015444292795057827,0.015718562874251454,"[0.091485, 0.1]","['2025-07-25', '2001-11-20']",__nan__,0.3160780463661461
256,RE,Everest Re Group Ltd. Common Stock,"Everest Re Group, Ltd., through its subsidiaries, provides reinsurance and insurance products in the United States, Bermuda, and internationally. The company operates through Reinsurance Operations and Insurance Operations segments. The Reinsurance Operations segment writes property and casualty reinsurance; and specialty lines of business through reinsurance brokers, as well as directly with ceding companies in the United States, Bermuda, Ireland, Canada, Singapore, Switzerland, and the United Kingdom. The Insurance Operations segment writes property and casualty insurance directly, as well as through brokers, surplus lines brokers, and general agents in Bermuda, Canada, Europe, South America, Canada, Chile, the United Kingdom, Ireland, and the Netherlands. The company also provides treaty and facultative reinsurance products; admitted and non-admitted insurance products; and property and casualty reinsurance and insurance coverages, including marine, aviation, surety, errors and omissions liability, directors' and officers' liability, medical malpractice, mortgage reinsurance, other specialty lines, accident and health, and workers' compensation products. In addition, it offers commercial property and casualty insurance products through wholesale and retail brokers, surplus lines brokers, and program administrators. Everest Re Group, Ltd. was founded in 1973 and is headquartered in Hamilton, Bermuda.",Juan Carlos Andrade,Insurance - Reinsurance,351.28,USD,15250891456,https://images.financialmodelingprep.com/symbol/RE.png,400948.0,1995-10-03,20.74896633195511,10.0,406916,0,1591000000,"[{'period': '2025', 'revenue': 17.5, 'unit': 'B', 'net_profit': 1.59}, {'period': '2024', 'revenue': 17.28, 'unit': 'B', 'net_profit': 1.37}, {'period': '2023', 'revenue': 14.59, 'unit': 'B', 'net_profit': 2.52}, {'period': '2022', 'revenue': 11980.0, 'unit': 'M', 'net_profit': 597.0}]","[{'period': ""Q4 '25"", 'revenue': 4420.0, 'unit': 'M', 'net_profit': 446.0}, {'period': ""Q3 '25"", 'revenue': 4320.0, 'unit': 'M', 'net_profit': 255.0}, {'period': ""Q2 '25"", 'revenue': 4490.0, 'unit': 'M', 'net_profit': 680.0}, {'period': ""Q1 '25"", 'revenue': 4260.0, 'unit': 'M', 'net_profit': 210.0}, {'period': ""Q4 '24"", 'revenue': 4640.0, 'unit': 'M', 'net_profit': -593.0}, {'period': ""Q3 '24"", 'revenue': 4290.0, 'unit': 'M', 'net_profit': 509.0}]",36.66,36.66,62514000000,10039000000,4312000000,47054000000,5727000000,0,915000000,1318000000,3068000000,0.0,0.15877640203932994,0.15355569540591552,"[1.65, 0.03]","['2023-05-30', '1995-11-16']",__nan__,0.7526953962312442
257,RELX,RELX PLC PLC American Depositary Shares (Each representing One Ordinary Share),"RELX PLC provides information-based analytics and decision tools for professional and business customers in North America, Europe, and internationally. It operates through four segments: Risk; Scientific, Technical & Medical; Legal; and Exhibitions. The Risk segment offers information-based analytics and decision tools that combine public and industry specific content with technology and algorithms to assist clients in evaluating and predicting risk. The Scientific, Technical & Medical segment provides information and analytics that help institutions and professionals to progress in science and advance healthcare. The Legal segment provides legal, regulatory, and business information and analytics that help customers in decision-making, as well as increases the productivity. The Exhibitions segment is involved in the events business that combines face-to-face with data and digital tools to help customers learn about markets, source products, and complete transactions. The company was formerly known as Reed Elsevier PLC and changed its name to RELX PLC in July 2015. The company was incorporated in 1903 and is headquartered in London, the United Kingdom.",Erik Engstrom,Publishing,31.97,USD,57488973800,https://images.financialmodelingprep.com/symbol/RELX.png,4041998.0,1994-10-06,21.31,-0.1,2888665,3716724653,2019746424,"[{'period': '2025', 'revenue': 9.38, 'unit': 'B', 'net_profit': 2.02}, {'period': '2024', 'revenue': 9.43, 'unit': 'B', 'net_profit': 1.93}, {'period': '2023', 'revenue': 9.16, 'unit': 'B', 'net_profit': 1.78}, {'period': '2022', 'revenue': 8.55, 'unit': 'B', 'net_profit': 1.63}]","[{'period': ""Q4 '25"", 'revenue': 4.82, 'unit': 'B', 'net_profit': 1.08}, {'period': ""Q2 '25"", 'revenue': 4740.0, 'unit': 'M', 'net_profit': 976.0}, {'period': ""Q4 '24"", 'revenue': 4790.0, 'unit': 'M', 'net_profit': 949.0}, {'period': ""Q2 '24"", 'revenue': 4640.0, 'unit': 'M', 'net_profit': 985.0}, {'period': ""Q4 '23"", 'revenue': 4660.0, 'unit': 'M', 'net_profit': 907.0}, {'period': ""Q2 '23"", 'revenue': 4500.0, 'unit': 'M', 'net_profit': 874.0}]",1.1,1.1,14731061739,2954797231,130769742,12345262622,2463662016,363360200,5982466151,130769742,2792433916,0.18745196581469648,0.044336310237849015,0.06796116504854374,"[0.65592, 0.128]","['2026-05-08', '1995-05-08']",__nan__,0.8380429626003348
258,RENN,Renren Inc. American Depositary Shares each representing fifteen Class A ordinary shares,"Renren Inc. engages in the software as a service business in the People's Republic of China. The company develops Chime, a software as a service platform that offers customer relationship management, intelligent data exchange webpage service, and team management solutions for real estate professionals. It also provides online and mobile services for the trucking industry in the United States. The company was formerly known as Oak Pacific Interactive and changed its name to Renren Inc. in December 2010. Renren Inc. was founded in 2002 and is based in Beijing, the People's Republic of China.",Joseph Chen,Software - Application,1.65,USD,30901860,https://images.financialmodelingprep.com/symbol/RENN.png,41103.0,2011-05-04,-0.5427631578947368,-0.05,74253,-2960000,-2137000,"[{'period': '2024', 'revenue': 63.46, 'unit': 'M', 'net_profit': -2.14}, {'period': '2022', 'revenue': 45.81, 'unit': 'M', 'net_profit': -65.02}, {'period': '2021', 'revenue': 32.22, 'unit': 'M', 'net_profit': -44.41}, {'period': '2020', 'revenue': 18.11, 'unit': 'M', 'net_profit': -16.87}]","[{'period': ""Q3 '25"", 'revenue': 20.43, 'unit': 'M', 'net_profit': -1.29}, {'period': ""Q2 '25"", 'revenue': 19280.0, 'unit': 'K', 'net_profit': 507.0}, {'period': ""Q1 '25"", 'revenue': 18000.0, 'unit': 'K', 'net_profit': -818.0}, {'period': ""Q4 '24"", 'revenue': 25.15, 'unit': 'M', 'net_profit': 15.76}, {'period': ""Q3 '24"", 'revenue': 16.69, 'unit': 'M', 'net_profit': 1.5}, {'period': ""Q2 '24"", 'revenue': 15290.0, 'unit': 'K', 'net_profit': -162.0}]",-0.0027,-0.0027,69468000,43942000,31622000,24707000,3705000,13286000,23590000,26642000,1297000,0.0,0.0,0.0,"[31.5585, 9.1875]","['2022-12-22', '2018-06-22']",__nan__,0.355660160073703
259,RES,RPC Inc. Common Stock,"RPC, Inc., through its subsidiaries, provides a range of oilfield services and equipment for the oil and gas companies involved in the exploration, production, and development of oil and gas properties. The company operates through Technical Services and Support Services segments. The Technical Services segment offers pressure pumping, fracturing, acidizing, cementing, downhole tools, coiled tubing, snubbing, nitrogen, well control, wireline, pump down, and fishing services that are used in the completion, production, and maintenance of oil and gas wells. The Support Services segment provides a range of rental tools for onshore and offshore oil and gas well drilling, completion, and workover activities. This segment also offers oilfield pipe inspection, and pipe management and storage services, as well as well control training and consulting services. The company operates in the United States, Africa, Canada, Argentina, China, Mexico, Eastern Europe, Latin America, the Middle East, and internationally. RPC, Inc. was founded in 1984 and is headquartered in Atlanta, Georgia.",Ben Palmer,Oil & Gas Equipment & Services,7.32,USD,1622397480,https://images.financialmodelingprep.com/symbol/RES.png,2463777.0,1984-06-11,48.8,0.07,1344123,220771000,32080000,"[{'period': '2025', 'revenue': 1630.0, 'unit': 'M', 'net_profit': 32.08}, {'period': '2024', 'revenue': 1410.0, 'unit': 'M', 'net_profit': 91.44}, {'period': '2023', 'revenue': 1620.0, 'unit': 'M', 'net_profit': 195.11}, {'period': '2022', 'revenue': 1600.0, 'unit': 'M', 'net_profit': 218.36}]","[{'period': ""Q4 '25"", 'revenue': 425.78, 'unit': 'M', 'net_profit': -3.06}, {'period': ""Q3 '25"", 'revenue': 447.1, 'unit': 'M', 'net_profit': 12.96}, {'period': ""Q2 '25"", 'revenue': 420.81, 'unit': 'M', 'net_profit': 10.15}, {'period': ""Q1 '25"", 'revenue': 332.88, 'unit': 'M', 'net_profit': 12.03}, {'period': ""Q4 '24"", 'revenue': 335.36, 'unit': 'M', 'net_profit': 12.76}, {'period': ""Q3 '24"", 'revenue': 337.65, 'unit': 'M', 'net_profit': 18.8}]",0.15,0.15,1468385000,704470000,209974000,369214000,333970000,0,217152000,209974000,52924000,-0.005150643943149148,-0.6491842001662219,-0.6511627906976745,"[0.04, 0.7586]","['2026-02-10', '1997-08-06']",__nan__,0.2514422307501098
260,REV,Revlon Inc. New Common Stock,"Revlon, Inc., together with its subsidiaries, develops, manufactures, markets, distributes, and sells beauty and personal care products worldwide. The company's Relvon segment offers color cosmetics and beauty tools under the Revlon brand; and hair color under the Revlon ColorSilk and Revlon Professional brands. Its Elizabeth Arden segment markets, distributes, and sells skin care products under the Elizabeth Arden Ceramide, Prevage, Eight Hour, SUPERSTART, Visible Difference, and Skin Illuminating brands; and fragrances under the Elizabeth Arden White Tea, Elizabeth Arden Red Door, Elizabeth Arden 5th Avenue, and Elizabeth Arden Green Tea brands. The company's Portfolio segment offers color cosmetics under the Almay and SinfulColors brands; men's grooming products under the American Crew brand; nail polishes, gel nail color, and nail enhancements under the CND brand; nail care products under the Cutex brand; anti-perspirant deodorants under the Mitchum brand; hair care products under the Creme of Nature; and hair color line under the Llongueras brand. Its Fragrances segment develops, markets, and distributes owned and licensed fragrances, as well as distributes prestige fragrance brands owned by third parties. This segment offers its products under the Juicy Couture, John Varvatos, AllSaints, Britney Spears, Elizabeth Taylor, Christina Aguilera, Jennifer Aniston, Mariah Carey, Curve, Giorgio Beverly Hills, Ed Hardy, Charlie, Lucky Brand, Alfred Sung, Halston, Geoffrey Beene, and White Diamonds brands. It sells its products through sales force, sales representatives, independent distributors, mass and prestige retail, e-commerce sites, department stores, and specialty cosmetics stores, as well as licenses its Revlon and other trademarks to the manufacturers of complementary beauty-related products and accessories. Revlon, Inc. was founded in 1932 and is based in New York, New York. On June 15, 2022, Revlon, Inc., along with its affiliates, filed a voluntary petition for reorganization under Chapter 11 in the U.S. Bankruptcy Court for the Southern District of New York.",Debra Perelman,Household & Personal Products,3.8999,USD,0,https://images.financialmodelingprep.com/symbol/REV.png,2127037.0,2008-09-16,-1.185740346609912,0.0,569337,-73700000,-677800000,"[{'period': '2022', 'revenue': 1080.0, 'unit': 'M', 'net_profit': -677.8}, {'period': '2021', 'revenue': 2080.0, 'unit': 'M', 'net_profit': -206.9}, {'period': '2020', 'revenue': 1900.0, 'unit': 'M', 'net_profit': -619.0}, {'period': '2019', 'revenue': 2420.0, 'unit': 'M', 'net_profit': -157.7}]","[{'period': ""Q4 '22"", 'revenue': -462.1, 'unit': 'M', 'net_profit': -345.1}, {'period': ""Q3 '22"", 'revenue': 249.7, 'unit': 'M', 'net_profit': -146.8}, {'period': ""Q2 '22"", 'revenue': 442.6, 'unit': 'M', 'net_profit': -275.6}, {'period': ""Q1 '22"", 'revenue': 479.6, 'unit': 'M', 'net_profit': -67.0}, {'period': ""Q4 '21"", 'revenue': 615.2, 'unit': 'M', 'net_profit': 9.9}, {'period': ""Q3 '21"", 'revenue': 521.1, 'unit': 'M', 'net_profit': -53.1}]",-12.35,-12.35,2489800000,1211500000,249300000,2006900000,352700000,0,1260000000,249300000,-257300000,-1.4284883720930233,-2.2759787336877717,-2.224543080939948,"[0.167, 0.167]","['2009-12-23', '2009-12-23']",__nan__,0.8060486786087236
261,REVG,REV Group Inc. Common Stock,"REV Group, Inc. designs, manufactures, and distributes specialty vehicles, and related aftermarket parts and services in the United States, Canada, Europe, Africa, and internationally. It operates through three segments: Fire & Emergency, Commercial, and Recreation. The Fire & Emergency segment provides fire apparatus equipment under the Emergency One, Kovatch Mobile Equipment, Ferrara, Spartan Emergency Response, Smeal, and Ladder Tower brands; and ambulances under the American Emergency Vehicles, Horton Emergency Vehicles, Leader Emergency Vehicles, Road Rescue, and Wheeled Coach brands. The Commercial segment offers transit buses, type A school buses, sweepers, and terminal trucks under the Collins Bus, Capacity, ENC, and Lay-Mor brands. The Recreation segment offers motorized and towable RV models under the American Coach, Fleetwood RV, Holiday Rambler, Renegade, Midwest, and Lance brands; and produces a range of custom molded fiberglass products for the heavy-duty truck, RV, and broader industrial markets. The company sells its products to municipalities, government agencies, private contractors, consumers, and industrial and commercial end users through its direct sales force or dealer network. The company was formerly known as Allied Specialty Vehicles, Inc. and changed its name to REV Group, Inc. in November 2015. REV Group, Inc. is based in Brookfield, Wisconsin.",Mark A. Skonieczny Jr.,Agricultural - Machinery,63.9,USD,3118712666,https://images.financialmodelingprep.com/symbol/REVG.png,721722.0,2017-01-27,33.80952380952381,-1.3,1249370,168600000,95200000,"[{'period': '2025', 'revenue': 2460.0, 'unit': 'M', 'net_profit': 95.2}, {'period': '2024', 'revenue': 2380.0, 'unit': 'M', 'net_profit': 257.6}, {'period': '2023', 'revenue': 2640.0, 'unit': 'M', 'net_profit': 45.3}, {'period': '2022', 'revenue': 2330.0, 'unit': 'M', 'net_profit': 15.2}]","[{'period': ""Q4 '25"", 'revenue': 664.4, 'unit': 'M', 'net_profit': 28.9}, {'period': ""Q3 '25"", 'revenue': 644.9, 'unit': 'M', 'net_profit': 29.1}, {'period': ""Q2 '25"", 'revenue': 629.1, 'unit': 'M', 'net_profit': 19.0}, {'period': ""Q1 '25"", 'revenue': 525.1, 'unit': 'M', 'net_profit': 18.2}, {'period': ""Q4 '24"", 'revenue': 597.9, 'unit': 'M', 'net_profit': 41.7}, {'period': ""Q3 '24"", 'revenue': 579.4, 'unit': 'M', 'net_profit': 18.0}]",1.92,1.89,1200000000,777700000,34700000,783700000,167600000,0,515299999,34700000,190000000,-0.5724067968551864,-0.6304347826086957,-0.5991649269311065,"[0.06, 0.05]","['2025-12-24', '2017-04-26']",__nan__,0.6530833333333333
262,REX,REX American Resources Corporation,"REX American Resources Corporation, together with its subsidiaries, produces and sells ethanol in the United States. The company also offers corn, distillers grains, non-food grade corn oil, gasoline, and natural gas. In addition, the company provides dry distillers grains with solubles, which is used as a protein in animal feed. The company was formerly known as REX Stores Corporation and changed its name to REX American Resources Corporation in 2010. REX American Resources Corporation was founded in 1980 and is headquartered in Dayton, Ohio.",Zafar A. Rizvi,Chemicals - Specialty,47.73,USD,1577837912,https://images.financialmodelingprep.com/symbol/REX.png,179610.0,1984-07-17,19.09,3.65,321165,77854000,82951000,"[{'period': '2025', 'revenue': 650.49, 'unit': 'M', 'net_profit': 82.95}, {'period': '2024', 'revenue': 642.49, 'unit': 'M', 'net_profit': 58.17}, {'period': '2023', 'revenue': 833.38, 'unit': 'M', 'net_profit': 60.94}, {'period': '2022', 'revenue': 855.0, 'unit': 'M', 'net_profit': 27.7}]","[{'period': ""Q4 '25"", 'revenue': 157.96, 'unit': 'M', 'net_profit': 43.75}, {'period': ""Q3 '25"", 'revenue': 175.62, 'unit': 'M', 'net_profit': 23.41}, {'period': ""Q2 '25"", 'revenue': 158.56, 'unit': 'M', 'net_profit': 7.11}, {'period': ""Q1 '25"", 'revenue': 158.34, 'unit': 'M', 'net_profit': 8.68}, {'period': ""Q4 '24"", 'revenue': 158.23, 'unit': 'M', 'net_profit': 11.1}, {'period': ""Q3 '24"", 'revenue': 174.88, 'unit': 'M', 'net_profit': 24.5}]",2.5,2.5,797731000,447828000,375782000,95726000,27056000,37759000,75377000,188734000,49390000,-0.09518385942076148,0.4260835181460278,0.5151515151515152,__nan__,__nan__,__nan__,0.11999784388471803
263,REXR,Rexford Industrial Realty Inc. Common Stock,"Rexford Industrial, a real estate investment trust focused on owning and operating industrial properties throughout Southern California infill markets, owns 232 properties with approximately 27.9 million rentable square feet and manages an additional 20 properties with approximately 1.0 million rentable square feet.",Howard Schwimmer,REIT - Industrial,32.49,USD,7747874802,https://images.financialmodelingprep.com/symbol/REXR.png,2639130.0,2013-07-19,37.78,-0.76,2316415,640585000,212029000,"[{'period': '2025', 'revenue': 1000.0, 'unit': 'M', 'net_profit': 212.03}, {'period': '2024', 'revenue': 936.41, 'unit': 'M', 'net_profit': 273.8}, {'period': '2023', 'revenue': 797.83, 'unit': 'M', 'net_profit': 238.02}, {'period': '2022', 'revenue': 631.2, 'unit': 'M', 'net_profit': 167.58}]","[{'period': ""Q4 '25"", 'revenue': 240.66, 'unit': 'M', 'net_profit': -65.42}, {'period': ""Q3 '25"", 'revenue': 253.24, 'unit': 'M', 'net_profit': 89.92}, {'period': ""Q2 '25"", 'revenue': 249.51, 'unit': 'M', 'net_profit': 116.33}, {'period': ""Q1 '25"", 'revenue': 252.29, 'unit': 'M', 'net_profit': 71.2}, {'period': ""Q4 '24"", 'revenue': 242.9, 'unit': 'M', 'net_profit': 62.19}, {'period': ""Q3 '24"", 'revenue': 241.84, 'unit': 'M', 'net_profit': 67.77}]",0.86,0.86,12612713000,495841000,165778000,3774694000,314080000,11852874000,69211000,165778000,208661000,0.04312305916108536,-0.22561193855413766,-0.2833333333333333,"[0.435, 0.21]","['2026-03-31', '2013-12-26']",__nan__,0.2992769279694226
264,REZI,Resideo Technologies Inc. Common Stock ,"Resideo Technologies, Inc. develops, manufactures, and sells comfort, residential thermal, and security solutions to the commercial and residential end markets in the United States, Europe, and internationally. The company operates in two segments, Products & Solutions, and ADI Global Distribution. It offers temperature and humidity control, thermal water, and air solutions; and security panels, sensors, peripherals, wires and cables, communication devices, video cameras, awareness solutions, cloud infrastructure, installation and maintenance tools, and related software products under the Honeywell Home brand. In addition, the company distributes security products comprising video, intrusion, and access control products; and smart home, fire, power, audio, ProAV, networking, communication, wire and cable, enterprise connectivity, and structured wiring products to contractors that service non-residential and residential end-users. It sells its products through a network of distributors, original equipment manufacturers, and service providers, as well as retail and online channels. Resideo Technologies, Inc. was incorporated in 2018 and is headquartered in Scottsdale, Arizona.",Jay L. Geldmacher,Security & Protection Services,33.31,USD,5038037570,https://images.financialmodelingprep.com/symbol/REZI.png,1312794.0,2018-10-29,-8.84,-1.06,603670,-127000000,-527000000,"[{'period': '2025', 'revenue': 7470.0, 'unit': 'M', 'net_profit': -527.0}, {'period': '2024', 'revenue': 6760.0, 'unit': 'M', 'net_profit': 116.0}, {'period': '2023', 'revenue': 6240.0, 'unit': 'M', 'net_profit': 210.0}, {'period': '2022', 'revenue': 6370.0, 'unit': 'M', 'net_profit': 283.0}]","[{'period': ""Q4 '25"", 'revenue': 1900.0, 'unit': 'M', 'net_profit': 136.0}, {'period': ""Q3 '25"", 'revenue': 1860.0, 'unit': 'M', 'net_profit': 156.0}, {'period': ""Q2 '25"", 'revenue': 1940.0, 'unit': 'M', 'net_profit': -825.0}, {'period': ""Q1 '25"", 'revenue': 1770.0, 'unit': 'M', 'net_profit': 6.0}, {'period': ""Q4 '24"", 'revenue': 1860.0, 'unit': 'M', 'net_profit': 23.0}, {'period': ""Q3 '24"", 'revenue': 1830.0, 'unit': 'M', 'net_profit': 20.0}]",-3.77,-3.77,8433000000,3358000000,661000000,5516000000,1073000000,0,1755000000,661000000,-1253000000,-1.2847533632286996,-5.543103448275862,-7.080645161290322,__nan__,__nan__,__nan__,0.6540969998814182
265,RF,Regions Financial Corporation Common Stock,"Regions Financial Corporation, a financial holding company, provides banking and bank-related services to individual and corporate customers. It operates through three segments: Corporate Bank, Consumer Bank, and Wealth Management. The Corporate Bank segment offers commercial banking services, such as commercial and industrial, commercial real estate, and investor real estate lending; equipment lease financing; deposit products; and securities underwriting and placement, loan syndication and placement, foreign exchange, derivatives, merger and acquisition, and other advisory services. It serves corporate, middle market, and commercial real estate developers and investors. The Consumer Bank segment provides consumer banking products and services related to residential first mortgages, home equity lines and loans, consumer credit cards, and other consumer loans, as well as deposits. The Wealth Management segment offers credit related products, and retirement and savings solutions; and trust and investment management, asset management, and estate planning services to individuals, businesses, governmental institutions, and non-profit entities. The company also provides investment and insurance products; low-income housing tax credit corporate fund syndication services; and other specialty financing services. As of March 01, 2022, it operated through a network of 1,300 banking offices and 2,000 automated teller machines across the South, Midwest, and Texas. Regions Financial Corporation was founded in 1971 and is headquartered in Birmingham, Alabama.",John Turner Jr.,Banks - Regional,25.16,USD,21725836120,https://images.financialmodelingprep.com/symbol/RF.png,14528074.0,1980-03-17,10.94,-0.35,11670252,2805000000,2156000000,"[{'period': '2025', 'revenue': 9.61, 'unit': 'B', 'net_profit': 2.16}, {'period': '2024', 'revenue': 9.37, 'unit': 'B', 'net_profit': 1.89}, {'period': '2023', 'revenue': 9.15, 'unit': 'B', 'net_profit': 2.07}, {'period': '2022', 'revenue': 7.48, 'unit': 'B', 'net_profit': 2.25}]","[{'period': ""Q4 '25"", 'revenue': 2410.0, 'unit': 'M', 'net_profit': 534.0}, {'period': ""Q3 '25"", 'revenue': 2460.0, 'unit': 'M', 'net_profit': 569.0}, {'period': ""Q2 '25"", 'revenue': 2430.0, 'unit': 'M', 'net_profit': 563.0}, {'period': ""Q1 '25"", 'revenue': 2310.0, 'unit': 'M', 'net_profit': 490.0}, {'period': ""Q4 '24"", 'revenue': 2390.0, 'unit': 'M', 'net_profit': 534.0}, {'period': ""Q3 '24"", 'revenue': 2390.0, 'unit': 'M', 'net_profit': 490.0}]",2.31,2.29,159553000000,39549000000,38467000000,140450000000,571000000,5606000000,131878000000,10907000000,2181000000,0.12289831865492394,0.13893291072371897,0.19072164948453615,"[0.265, 0.16]","['2026-03-02', '1986-12-11']",__nan__,0.8802717592273414
266,RFI,Cohen & Steers Total Return Realty Fund Inc. Common Stock,"Cohen & Steers Total Return Realty Fund, Inc. is a closed-ended equity mutual fund launched by Cohen & Steers, Inc. The fund is managed by Cohen & Steers Capital Management, Inc. It invests in the public equity markets of the United States. The fund seeks to invest in stocks of companies operating in the real estate sector, including real estate investment trusts. It invests in stocks of companies across all market capitalizations. It benchmarks the performance of its portfolio against the FTSE NAREIT Equity REIT Index, the S&P 500 Index, and a blended index composed of 80% FTSE NAREIT Equity REIT Index and 20% BofA Merrill Lynch REIT Preferred Securities Index. Cohen & Steers Total Return Realty Fund, Inc. was formed on September 4, 1992 and is domiciled in the United States.",Adam Derechin,Asset Management,10.79,USD,288003443,https://images.financialmodelingprep.com/symbol/RFI.png,115079.0,1994-02-11,25.69,-0.08,51994,11385278,11385278,"[{'period': '2025', 'revenue': 23.65, 'unit': 'M', 'net_profit': 11.39}, {'period': '2024', 'revenue': 17.51, 'unit': 'M', 'net_profit': 16.75}, {'period': '2023', 'revenue': 27.16, 'unit': 'M', 'net_profit': 35.27}, {'period': '2022', 'revenue': 24.57, 'unit': 'M', 'net_profit': -92.54}]","[{'period': ""Q4 '25"", 'revenue': 5140.0, 'unit': 'K', 'net_profit': -902.3}, {'period': ""Q2 '25"", 'revenue': 18.51, 'unit': 'M', 'net_profit': 12.29}, {'period': ""Q4 '24"", 'revenue': 19.93, 'unit': 'M', 'net_profit': 17.28}, {'period': ""Q2 '24"", 'revenue': 5630.0, 'unit': 'K', 'net_profit': -528.02}, {'period': ""Q4 '23"", 'revenue': 15.31, 'unit': 'M', 'net_profit': 18.91}, {'period': ""Q2 '23"", 'revenue': -3.46, 'unit': 'M', 'net_profit': 16.36}]",0.43,0.43,297373617,3023943,1532656,555781,1491287,294346178,0,69627,0,-0.32016327386564236,-0.3201804448425138,-0.3174603174603175,"[0.08, 0.08]","['2026-06-09', '1993-11-08']",__nan__,0.0018689653964830378
267,RFL,Rafael Holdings Inc. Class B Common Stock,"Rafael Holdings, Inc. holds interests in clinical and early stage pharmaceutical companies, and commercial real estate assets in the United States and Israel. The company operates in two segments, Pharmaceuticals and Real Estate. It engages in the leasing of a commercial office building, as well as an associated 800-car public garage; and development and commercialization of therapies that exploit the metabolic differences between normal cells and cancer cells. The company's lead drug candidate is CPI-613 (devimistat), which is being evaluated in various clinical studies, including two Phase III registrational clinical trials for the treatment of metastatic pancreatic cancer and r/r acute myeloid leukemia. Rafael Holdings, Inc. is headquartered in Newark, New Jersey.",Howard S. Jonas,Real Estate - Services,1.25,USD,45937500,https://images.financialmodelingprep.com/symbol/RFL.png,95388.0,2018-03-27,-1.58,-0.01,38982,-32250000,-30520000,"[{'period': '2025', 'revenue': 0.917, 'unit': 'M', 'net_profit': -30.52}, {'period': '2024', 'revenue': 0.637, 'unit': 'M', 'net_profit': -34.41}, {'period': '2023', 'revenue': 0.279, 'unit': 'M', 'net_profit': -1.88}, {'period': '2022', 'revenue': 0.41000000000000003, 'unit': 'M', 'net_profit': -124.66}]","[{'period': ""Q2 '26"", 'revenue': 0.211, 'unit': 'M', 'net_profit': -6.42}, {'period': ""Q1 '26"", 'revenue': 0.24, 'unit': 'M', 'net_profit': -9.82}, {'period': ""Q4 '25"", 'revenue': 0.35000000000000003, 'unit': 'M', 'net_profit': -12.09}, {'period': ""Q3 '25"", 'revenue': 0.362, 'unit': 'M', 'net_profit': -4.78}, {'period': ""Q2 '25"", 'revenue': 0.077, 'unit': 'M', 'net_profit': -4.64}, {'period': ""Q1 '25"", 'revenue': 0.128, 'unit': 'M', 'net_profit': -9.01}]",-1.04,-1.04,114109000,56714000,52769000,15738000,1833000,1858000,11600000,52769000,-18928000,0.5171288255375217,0.11304853240337111,0.2827586206896551,"[0.02, 0.02]","['2009-12-18', '2009-06-19']",__nan__,0.13792075997511152
268,RFM,RiverNorth Flexible Municipal Income Fund Inc. Common Stock,"Rivernorth Flexible Municipal Income Fund, Inc. is a closed-end investment management company. Its investment objective is current income exempt from regular U.S. federal income taxes. The company was founded in 2019 and is headquartered in West Palm Beach, FL.",Patrick William Galley,Asset Management - Income,13.74,USD,84015964,https://images.financialmodelingprep.com/symbol/RFM.png,30208.0,2020-03-27,152.67,0.01,19711,0,0,"[{'period': '2021', 'revenue': 0.0, 'unit': '', 'net_profit': 0.0}, {'period': '2020', 'revenue': 0.0, 'unit': '', 'net_profit': 0.0}, {'period': '2019', 'revenue': 0.0, 'unit': '', 'net_profit': 0.0}]",[],-4.27,-4.27,,,,,,,,,,0.0,0.0,-1.9638826185101579,"[0.0881, 0.104]","['2026-03-16', '2020-05-14']",__nan__,__nan__
269,RFMZ,RiverNorth Flexible Municipal Income Fund II Inc. Common Stock,"RiverNorth Flexible Municipal Income Fund II, Inc. operates as a closed-end management investment fund company. The Fund’s primary investment objective is current income exempt from regular U.S. federal income taxes and secondary investment objective is total return. The company was founded in June 11, 2020 and is headquartered in West Palm Beach, FL.",,Asset Management,12.31,USD,299770116,https://images.financialmodelingprep.com/symbol/RFMZ.png,82486.0,2021-02-24,205.17,-0.08,137821,-14193198,-14193198,"[{'period': '2024', 'revenue': -5.16, 'unit': 'M', 'net_profit': -14.19}, {'period': '2023', 'revenue': 41.83, 'unit': 'M', 'net_profit': 31.8}, {'period': '2022', 'revenue': 23.35, 'unit': 'M', 'net_profit': 15.62}, {'period': '2021', 'revenue': -91.13, 'unit': 'M', 'net_profit': -93.44}]",[],-0.59,-0.59,585447249,7318022,0,244787804,7318022,0,2193376,0,23467588,-1.4462923303219004,-1.4462923303219004,-1.446969696969697,"[0.0804, 0.1]","['2026-03-16', '2021-04-15']",__nan__,0.4181210252813059
270,RFP,Resolute Forest Products Inc. Common Stock,"Resolute Forest Products Inc., together with its subsidiaries, operates in the forest products industry in the United States, Canada, Mexico, and internationally. The company operates through four segments: Market Pulp, Tissue, Wood Products, and Paper. The Market Pulp segment offers virgin and recycled bleached Kraft pulp, which is used to make a range of consumer products, including tissue, packaging, specialty paper products, diapers, and other absorbent products. The Tissue segment provides various tissue products, such as recycled and virgin paper products for the away-from-home and retail markets; and sells parent rolls. The Wood Products segment produces construction-grade and spruce-pine-fir lumber products, wood chips, bed frame components, finger joints, and furring strips for pulp and paper mills, as well as I-joists for the construction industry. The Paper segment offers newsprint to newspaper publishers, as well as to commercial printers for uses comprising inserts and flyers. This segment also provides various uncoated mechanical papers, including supercalendered and white papers, as well as uncoated freesheet papers. Its specialty papers are used in books, retail inserts, direct mail, coupons, magazines, catalogs, bags, and other commercial printing applications. This segment sells specialty papers to commercial printers, direct mailers, publishers, catalogers, and retailers. The company also produces electricity at cogeneration facilities and hydroelectric dams. Resolute Forest Products Inc. is headquartered in Montreal, Canada.",Remi G. Lalonde,"Paper, Lumber & Forest Products",21.92,USD,1683714656,https://images.financialmodelingprep.com/symbol/RFP.png,810117.0,1984-05-18,18.961937716262977,-0.08,14960418,920000000,307000000,"[{'period': '2021', 'revenue': 3660.0, 'unit': 'M', 'net_profit': 307.0}, {'period': '2020', 'revenue': 2800.0, 'unit': 'M', 'net_profit': 10.0}, {'period': '2019', 'revenue': 2920.0, 'unit': 'M', 'net_profit': -47.0}, {'period': '2018', 'revenue': 3760.0, 'unit': 'M', 'net_profit': 235.0}]","[{'period': ""Q3 '22"", 'revenue': 974.0, 'unit': 'M', 'net_profit': 87.0}, {'period': ""Q2 '22"", 'revenue': 1060.0, 'unit': 'M', 'net_profit': 256.0}, {'period': ""Q1 '22"", 'revenue': 945.0, 'unit': 'M', 'net_profit': 210.0}, {'period': ""Q4 '21"", 'revenue': 834.0, 'unit': 'M', 'net_profit': -127.0}, {'period': ""Q3 '21"", 'revenue': 817.0, 'unit': 'M', 'net_profit': 80.0}, {'period': ""Q2 '21"", 'revenue': 1140.0, 'unit': 'M', 'net_profit': 268.0}]",3.87,3.83,3538000000,989000000,112000000,2021000000,0,0,431000000,112000000,536000000,2.0065359477124183,29.7,31.25,"[1, 1.5]","['2021-06-25', '2018-12-05']",__nan__,0.5712266817410967
271,RGA,Reinsurance Group of America Incorporated Common Stock,"Reinsurance Group of America, Incorporated engages in reinsurance business. It offers individual and group life and health insurance products, such as term life, credit life, universal life, whole life, group life and health, joint and last survivor insurance, critical illness, disability, and longevity products; asset-intensive and financial reinsurance products; and other capital motivated solutions. The company also provides reinsurance for mortality, morbidity, lapse, and investment-related risk associated with products; and reinsurance for investment-related risks. In addition, it develops and markets technology solutions; and provides consulting and outsourcing solutions for the insurance and reinsurance industries. The company serves life insurance companies in the United States, Latin America, Canada, Europe, the Middle East, Africa, Australia, and the Asia Pacific. Reinsurance Group of America, Incorporated was founded in 1973 and is headquartered in Chesterfield, Missouri.",Tony Cheng,Insurance - Reinsurance,198.82,USD,13065224078,https://images.financialmodelingprep.com/symbol/RGA.png,403262.0,2008-09-12,11.24,-5.44,135099,1949000000,1182000000,"[{'period': '2025', 'revenue': 22.79, 'unit': 'B', 'net_profit': 1.18}, {'period': '2024', 'revenue': 22040.0, 'unit': 'M', 'net_profit': 717.0}, {'period': '2023', 'revenue': 18390.0, 'unit': 'M', 'net_profit': 902.0}, {'period': '2022', 'revenue': 15880.0, 'unit': 'M', 'net_profit': 517.0}]","[{'period': ""Q4 '25"", 'revenue': 6340.0, 'unit': 'M', 'net_profit': 463.0}, {'period': ""Q3 '25"", 'revenue': 6230.0, 'unit': 'M', 'net_profit': 253.0}, {'period': ""Q2 '25"", 'revenue': 5560.0, 'unit': 'M', 'net_profit': 180.0}, {'period': ""Q1 '25"", 'revenue': 5290.0, 'unit': 'M', 'net_profit': 286.0}, {'period': ""Q4 '24"", 'revenue': 5200.0, 'unit': 'M', 'net_profit': 148.0}, {'period': ""Q3 '24"", 'revenue': 5610.0, 'unit': 'M', 'net_profit': 156.0}]",17.94,17.69,156590000000,8643000000,4168000000,143039000000,4475000000,130481000000,0,4168000000,4091000000,0.46541353383458645,0.6485355648535565,0.6458715596330276,"[0.93, 0.09]","['2026-02-17', '2008-11-05']",__nan__,0.913461906890606
272,RGR,Sturm Ruger & Company Inc. Common Stock,"Sturm, Ruger & Company, Inc., together with its subsidiaries, designs, manufactures, and sells firearms under the Ruger name and trademark in the United States. It operates through two segments, Firearms and Castings. The company provides single-shot, autoloading, bolt-action, and sporting rifles; rimfire and centerfire autoloading pistols; single-action and double-action revolvers; and firearms accessories and replacement parts, as well as manufactures lever-action rifles under the Marlin name and trademark. The company also manufactures and sells steel investment castings and metal injection molding (MIM) parts. It sells its firearm products through independent wholesale distributors principally to the commercial sporting market; and castings and MIM parts directly or through manufacturers' representatives. The company also exports its firearm products through a network of commercial distributors and directly to foreign customers comprising primarily of law enforcement agencies and foreign governments. Sturm, Ruger & Company, Inc. was founded in 1949 and is based in Southport, Connecticut.",Todd W. Seyfert,Aerospace & Defense,40.83,USD,651005769,https://images.financialmodelingprep.com/symbol/RGR.png,188761.0,1973-05-03,-151.22,-1.06,160864,11259000,-4391000,"[{'period': '2025', 'revenue': 546.06, 'unit': 'M', 'net_profit': -4.39}, {'period': '2024', 'revenue': 535.64, 'unit': 'M', 'net_profit': 30.56}, {'period': '2023', 'revenue': 543.77, 'unit': 'M', 'net_profit': 48.22}, {'period': '2022', 'revenue': 595.84, 'unit': 'M', 'net_profit': 88.33}]","[{'period': ""Q4 '25"", 'revenue': 151.06, 'unit': 'M', 'net_profit': 3.48}, {'period': ""Q3 '25"", 'revenue': 126.77, 'unit': 'M', 'net_profit': 1.58}, {'period': ""Q2 '25"", 'revenue': 132.49, 'unit': 'M', 'net_profit': -17.23}, {'period': ""Q1 '25"", 'revenue': 135.74, 'unit': 'M', 'net_profit': 7.77}, {'period': ""Q4 '24"", 'revenue': 145.78, 'unit': 'M', 'net_profit': 10.48}, {'period': ""Q3 '24"", 'revenue': 122.29, 'unit': 'M', 'net_profit': 4.74}]",-0.27,-0.27,341997000,211604000,92533000,58237000,64510000,0,54747000,18451000,38462000,-0.8121621621621622,-1.1436704511991624,-1.1508379888268156,"[0.08, 2.0032]","['2026-03-16', '1985-02-25']",__nan__,0.1702851194601122
273,RGS,Regis Corporation Common Stock,"Regis Corporation owns, operates, and franchises hairstyling and hair care salons in the United States, Canada, Puerto Rico, and the United Kingdom. The company operates in two segments, Franchise Salons and Company-Owned Salons. Its salons provide haircutting and styling, including shampooing and conditioning; hair coloring; and other services, as well as sells various hair care and other beauty products. The company also offers mobile applications; and operates accredited cosmetology schools. Regis Corporation operates its salons primarily under the SmartStyle, Supercuts, Cost Cutters, Roosters, First Choice Haircutters, and Magicuts concepts names. As of June 30, 2022, the company operated 5,576 salons, such as 5,395 franchised salons, 105 company-owned salons, and 76 non-controlling ownership salons. Regis Corporation was founded in 1922 and is headquartered in Minneapolis, Minnesota.",Susan Lintonsmith,Personal Products & Services,23.85,USD,59595855,https://images.financialmodelingprep.com/symbol/RGS.png,12105.0,1991-06-21,0.53,0.25,14842,24754000,123536000,"[{'period': '2025', 'revenue': 210.13, 'unit': 'M', 'net_profit': 123.54}, {'period': '2024', 'revenue': 202.98, 'unit': 'M', 'net_profit': 91.06}, {'period': '2023', 'revenue': 233.33, 'unit': 'M', 'net_profit': -7.38}, {'period': '2022', 'revenue': 275.97, 'unit': 'M', 'net_profit': -85.86}]","[{'period': ""Q2 '26"", 'revenue': 57120.0, 'unit': 'K', 'net_profit': 456.0}, {'period': ""Q1 '26"", 'revenue': 58.96, 'unit': 'M', 'net_profit': 1.36}, {'period': ""Q4 '25"", 'revenue': 60.4, 'unit': 'M', 'net_profit': 109.99}, {'period': ""Q3 '25"", 'revenue': 56960.0, 'unit': 'K', 'net_profit': 250.0}, {'period': ""Q2 '25"", 'revenue': 46.72, 'unit': 'M', 'net_profit': 7.64}, {'period': ""Q1 '25"", 'revenue': 46060.0, 'unit': 'K', 'net_profit': -853.0}]",49.51,43.67,692619000,50484000,35205000,507003000,9473000,0,101688000,35205000,12449000,-0.7924610560558043,0.3566439710081265,0.2717698433085024,"[0.06, 0.0028]","['2013-11-01', '1995-09-06']",__nan__,0.7320085068414236
274,RGT,Royce Global Value Trust Inc. Common Stock,"Royce Global Value Trust, Inc. was a closed ended equity mutual fund launched and managed by Royce & Associates, LLC. It invests in the public equity markets across the globe. The fund spreads its investments across diversified sectors. It invests in value oriented stocks of small-cap and micro-cap companies. The fund benchmarks the performance of its portfolio against the Russell Global SC Index. Royce Global Value Trust, Inc. was formed on November 26, 1986 and is domiciled in the United States.",Christopher Dewitt Clark,Asset Management - Global,13.06,USD,85138271,https://images.financialmodelingprep.com/symbol/RGT.png,29111.0,2013-10-09,4.5,-0.19,12347,18890545,18885322,"[{'period': '2025', 'revenue': 6.55, 'unit': 'M', 'net_profit': 18.89}, {'period': '2024', 'revenue': 1.88, 'unit': 'M', 'net_profit': 8.53}, {'period': '2023', 'revenue': 332.0, 'unit': 'M', 'net_profit': 10.35}, {'period': '2022', 'revenue': -23.92, 'unit': 'M', 'net_profit': -24.26}]","[{'period': ""Q4 '25"", 'revenue': 2.0, 'unit': 'M', 'net_profit': 7.93}, {'period': ""Q2 '25"", 'revenue': 4.55, 'unit': 'M', 'net_profit': 10.95}, {'period': ""Q4 '24"", 'revenue': -18.11, 'unit': 'M', 'net_profit': 3.3}, {'period': ""Q2 '24"", 'revenue': 19.99, 'unit': 'M', 'net_profit': 23.69}, {'period': ""Q4 '23"", 'revenue': -0.11033, 'unit': 'M', 'net_profit': 6.06}, {'period': ""Q2 '23"", 'revenue': 1.69, 'unit': 'M', 'net_profit': 4.29}]",2.88,2.88,100445113,326892,6608,432939,320284,100103521,91948,6608,302910,1.1489663985977632,1.2145251375685058,1.198473282442748,"[0.19, 0.15]","['2025-12-11', '2014-12-11']",__nan__,0.0043102047184714705
275,RH,RH Common Stock,"RH, together with its subsidiaries, operates as a retailer in the home furnishings. It offers products in various categories, including furniture, lighting, textiles, bathware, decor, outdoor and garden, and child and teen furnishings. The company provides its products through its retail galleries; and Source Books, a series of catalogs, as well as online through rh.com, rhbabyandchild.com, rhteen.com, and rhmodern.com, as well as waterworks.com. As of January 29, 2022, it operated a total of 67 RH Galleries and 38 RH outlet stores in 30 states in the District of Columbia and Canada, as well as 14 Waterworks showrooms throughout the United States and the United Kingdom. The company was formerly known as Restoration Hardware Holdings, Inc. and changed its name to RH in January 2017. RH was incorporated in 2011 and is headquartered in Corte Madera, California.",Gary G. Friedman,Specialty Retail,130.84,USD,2456874137,https://images.financialmodelingprep.com/symbol/RH.png,1105183.0,2012-11-02,23.66,-1.19,927670,453284000,72412000,"[{'period': '2024', 'revenue': 3180.0, 'unit': 'M', 'net_profit': 72.41}, {'period': '2023', 'revenue': 3030.0, 'unit': 'M', 'net_profit': 127.56}, {'period': '2022', 'revenue': 3590.0, 'unit': 'M', 'net_profit': 528.64}, {'period': '2021', 'revenue': 3760.0, 'unit': 'M', 'net_profit': 688.55}]","[{'period': ""Q3 '25"", 'revenue': 883.81, 'unit': 'M', 'net_profit': 36.27}, {'period': ""Q2 '25"", 'revenue': 899.15, 'unit': 'M', 'net_profit': 51.71}, {'period': ""Q1 '25"", 'revenue': 813.95, 'unit': 'M', 'net_profit': 8.04}, {'period': ""Q4 '24"", 'revenue': 812.41, 'unit': 'M', 'net_profit': 13.92}, {'period': ""Q3 '24"", 'revenue': 811.73, 'unit': 'M', 'net_profit': 33.17}, {'period': ""Q2 '24"", 'revenue': 829.65, 'unit': 'M', 'net_profit': 28.95}]",3.92,3.62,4554689000,1261169000,30413000,4718278000,114421000,126909000,905126000,30413000,-213693000,-0.13426855238404461,-0.4323343341616952,-0.3894080996884735,__nan__,__nan__,__nan__,1.0359166125283197
276,RHI,Robert Half International Inc. Common Stock,"Robert Half International Inc. provides staffing and risk consulting services in North America, South America, Europe, Asia, and Australia. The company operates through three segments: Temporary and Consultant Staffing, Permanent Placement Staffing, and Risk Consulting and Internal Audit Services. It places temporary services for accounting, finance, and bookkeeping; temporary and full-time office and administrative personnel consisting of executive and administrative assistants, receptionists, and customer service representatives; full-time accounting, financial, tax, and accounting operations personnel; and information technology contract professionals and full-time employees in the areas of platform systems integration to end-user technical and desktop support, including specialists in application development, networking and cloud, systems integration and deployment, database design and administration, and security and business continuity. The company also offers temporary and full-time employees in attorney, paralegal, legal administrative, and legal secretarial positions; and senior-level project professionals in the accounting and finance fields for financial systems conversions, expansion into new markets, business process re-engineering, business systems performance improvement, and post-merger financial consolidation. It is involved in serving professionals in the areas of creative, design, marketing, advertising, and public relations; and placing various positions, such as creative directors, graphics designers, web designers, media buyers, front end developers, copywriters, digital marketing managers, marketing analytics specialists, brand managers, and public relations specialists. The company provides internal audit, technology consulting, risk and compliance consulting, and business performance services. It serves clients and employment candidates. Robert Half International Inc. was founded in 1948 and is headquartered in Menlo Park, California.",Keith Waddell,Staffing & Employment Services,24.84,USD,2512840954,https://images.financialmodelingprep.com/symbol/RHI.png,3251372.0,1980-03-17,18.68,-0.25,2560578,244383000,132990000,"[{'period': '2025', 'revenue': 5380.0, 'unit': 'M', 'net_profit': 132.99}, {'period': '2024', 'revenue': 5800.0, 'unit': 'M', 'net_profit': 251.6}, {'period': '2023', 'revenue': 6390.0, 'unit': 'M', 'net_profit': 411.15}, {'period': '2022', 'revenue': 7240.0, 'unit': 'M', 'net_profit': 657.92}]","[{'period': ""Q4 '25"", 'revenue': 1300.0, 'unit': 'M', 'net_profit': 31.76}, {'period': ""Q3 '25"", 'revenue': 1350.0, 'unit': 'M', 'net_profit': 42.92}, {'period': ""Q2 '25"", 'revenue': 1370.0, 'unit': 'M', 'net_profit': 40.97}, {'period': ""Q1 '25"", 'revenue': 1350.0, 'unit': 'M', 'net_profit': 17.35}, {'period': ""Q4 '24"", 'revenue': 1380.0, 'unit': 'M', 'net_profit': 54.29}, {'period': ""Q3 '24"", 'revenue': 1470.0, 'unit': 'M', 'net_profit': 65.45}]",1.33,1.33,2856276000,2099196000,464435000,1580419000,748457000,0,1384506000,464435000,266810000,-0.26121182989760844,-0.4714186917225097,-0.45714285714285713,"[0.59, 0.15]","['2026-02-25', '1987-04-27']",__nan__,0.5533145256270753
277,RHP,Ryman Hospitality Properties Inc. (REIT),"Ryman Hospitality Properties, Inc. (NYSE: RHP) is a leading lodging and hospitality real estate investment trust that specializes in upscale convention center resorts and country music entertainment experiences. The Company's core holdings* include a network of five of the top 10 largest non-gaming convention center hotels in the United States based on total indoor meeting space. These convention center resorts operate under the Gaylord Hotels brand and are managed by Marriott International. The Company also owns two adjacent ancillary hotels and a small number of attractions managed by Marriott International for a combined total of 10,110 rooms and more than 2.7 million square feet of total indoor and outdoor meeting space in top convention and leisure destinations across the country. The Company's Entertainment segment includes a growing collection of iconic and emerging country music brands, including the Grand Ole Opry; Ryman Auditorium, WSM 650 AM; Ole Red and Circle, a country lifestyle media network the Company owns in a joint-venture with Gray Television. The Company operates its Entertainment segment as part of a taxable REIT subsidiary. * The Company is the sole owner of Gaylord Opryland Resort & Convention Center; Gaylord Palms Resort & Convention Center; Gaylord Texan Resort & Convention Center; and Gaylord National Resort & Convention Center. It is the majority owner and managing member of the joint venture that owns the Gaylord Rockies Resort & Convention Center.",Mark Fioravanti,REIT - Hotel & Motel,90.51,USD,5702673060,https://images.financialmodelingprep.com/symbol/RHP.png,490952.0,1991-10-24,24.01,-2.56,309170,774004000,243425000,"[{'period': '2025', 'revenue': 2580.0, 'unit': 'M', 'net_profit': 243.43}, {'period': '2024', 'revenue': 2340.0, 'unit': 'M', 'net_profit': 271.64}, {'period': '2023', 'revenue': 2160.0, 'unit': 'M', 'net_profit': 311.22}, {'period': '2022', 'revenue': 1810.0, 'unit': 'M', 'net_profit': 128.99}]","[{'period': ""Q4 '25"", 'revenue': 737.81, 'unit': 'M', 'net_profit': 73.83}, {'period': ""Q3 '25"", 'revenue': 592.46, 'unit': 'M', 'net_profit': 34.89}, {'period': ""Q2 '25"", 'revenue': 659.51, 'unit': 'M', 'net_profit': 71.75}, {'period': ""Q1 '25"", 'revenue': 587.28, 'unit': 'M', 'net_profit': 62.96}, {'period': ""Q4 '24"", 'revenue': 647.63, 'unit': 'M', 'net_profit': 68.77}, {'period': ""Q3 '24"", 'revenue': 549.96, 'unit': 'M', 'net_profit': 59.01}]",3.94,3.77,6181183000,553683000,500180000,4969407000,191084000,4970429000,7571000,500180000,232394000,0.06664865959889256,-0.10386249346556814,-0.13215859030837007,"[1.2, 0.09989]","['2026-03-31', '1991-11-25']",__nan__,0.8039572683740314
278,RICE,Rice Acquisition Corp. Class A Common Stock,"Rice Acquisition Corp. focuses on effecting a merger, capital stock exchange, asset acquisition, stock purchase, reorganization, or similar business combination with one or more businesses. The company was founded in 2020 and is based in Carnegie, Pennsylvania.",Daniel Joseph Rice IV,Shell Companies,18.27,USD,0,https://images.financialmodelingprep.com/symbol/RICE.png,109215.0,2020-12-15,0.0,0.20000076,233924,50208000,-269751000,"[{'period': '2016', 'revenue': 778.91, 'unit': 'M', 'net_profit': -269.75}, {'period': '2015', 'revenue': 502.14, 'unit': 'M', 'net_profit': -291.34}]","[{'period': ""Q2 '21"", 'revenue': 0.0, 'unit': 'M', 'net_profit': -109.95}, {'period': ""Q1 '21"", 'revenue': 0.0, 'unit': 'M', 'net_profit': 8.44}, {'period': ""Q4 '16"", 'revenue': 284.05, 'unit': 'M', 'net_profit': 218.45}, {'period': ""Q3 '16"", 'revenue': 198.92, 'unit': 'M', 'net_profit': 74.41}, {'period': ""Q2 '16"", 'revenue': 156.0, 'unit': 'M', 'net_profit': -164.83}, {'period': ""Q1 '16"", 'revenue': 139.94, 'unit': 'M', 'net_profit': 11.46}]",-1.66,-1.66,7817522000,694416000,470732000,4909320000,218625000,39328000,532746000,470043000,-394629000,-0.6062735257214554,0.07408971084932861,0.22429906542056083,__nan__,__nan__,__nan__,0.6279892784439878
279,RIG,Transocean Ltd (Switzerland) Common Stock,"Transocean Ltd., together with its subsidiaries, provides offshore contract drilling services for oil and gas wells worldwide. It contracts its mobile offshore drilling rigs, related equipment, and work crews to drill oil and gas wells. As of February 14, 2022, the company had partial ownership interests in and operated a fleet of 37 mobile offshore drilling units, including 27 ultra-deep water and 10 harsh environment floaters. It serves integrated energy companies, government-owned or government-controlled oil companies, and other independent energy companies. The company was founded in 1926 and is based in Steinhausen, Switzerland.",Keelan I. Adamson,Oil & Gas Drilling,6.93,USD,6259458869,https://images.financialmodelingprep.com/symbol/RIG.png,45522562.0,1993-05-28,-2.28,0.04,38311733,-1734000000,-2915000000,"[{'period': '2025', 'revenue': 3.96, 'unit': 'B', 'net_profit': -2.92}, {'period': '2024', 'revenue': 3520.0, 'unit': 'M', 'net_profit': -512.0}, {'period': '2023', 'revenue': 2830.0, 'unit': 'M', 'net_profit': -954.0}, {'period': '2022', 'revenue': 2580.0, 'unit': 'M', 'net_profit': -621.0}]","[{'period': ""Q4 '25"", 'revenue': 1040.0, 'unit': 'M', 'net_profit': 25.0}, {'period': ""Q3 '25"", 'revenue': 1.03, 'unit': 'B', 'net_profit': -1.92}, {'period': ""Q2 '25"", 'revenue': 988.0, 'unit': 'M', 'net_profit': -938.0}, {'period': ""Q1 '25"", 'revenue': 906.0, 'unit': 'M', 'net_profit': -79.0}, {'period': ""Q4 '24"", 'revenue': 952.0, 'unit': 'M', 'net_profit': 7.0}, {'period': ""Q3 '24"", 'revenue': 948.0, 'unit': 'M', 'net_profit': -494.0}]",-3.04,-3.04,15642000000,2081000000,997000000,7534000000,540000000,0,1336000000,997000000,626000000,-2.523725834797891,-4.693359375,-4.066666666666666,"[0.15, 0.015]","['2015-08-21', '1993-11-05']",__nan__,0.4816519626646209
280,RIO,Rio Tinto Plc Common Stock,"Rio Tinto Group engages in exploring, mining, and processing mineral resources worldwide. The company operates through Iron Ore, Aluminium, Copper, and Minerals Segments. The Iron Ore segment engages in the iron ore mining, and salt and gypsum production in Western Australia. The Aluminum segment is involved in bauxite mining; alumina refining; and aluminium smelting. The Copper segment engages in mining and refining of copper, gold, silver, molybdenum, and other by-products and exploration activities. The Minerals segment is involved in mining and processing of borates, titanium dioxide feedstock, and iron concentrate and pellets; diamond mining, sorting, and marketing; and development projects for battery materials, such as lithium. It also owns and operates open pit and underground mines; and refineries, smelters, processing plants and power, and shipping facilities. Rio Tinto Group was founded in 1873 and is headquartered in London, the United Kingdom.",Jerome X. Pecresse,Industrial Materials,86.64,USD,140704860258,https://images.financialmodelingprep.com/symbol/RIO.png,3933771.0,1990-06-28,14.25,0.85,3259171,22258896000,9989289000,"[{'period': '2025', 'revenue': 57.77, 'unit': 'B', 'net_profit': 9.99}, {'period': '2024', 'revenue': 53.66, 'unit': 'B', 'net_profit': 11.55}, {'period': '2023', 'revenue': 54.04, 'unit': 'B', 'net_profit': 10.06}, {'period': '2022', 'revenue': 55.55, 'unit': 'B', 'net_profit': 12.39}]","[{'period': ""Q4 '25"", 'revenue': 30.65, 'unit': 'B', 'net_profit': 5.42}, {'period': ""Q2 '25"", 'revenue': 27.1, 'unit': 'B', 'net_profit': 4.57}, {'period': ""Q4 '24"", 'revenue': 26.86, 'unit': 'B', 'net_profit': 5.69}, {'period': ""Q2 '24"", 'revenue': 26.8, 'unit': 'B', 'net_profit': 5.81}, {'period': ""Q4 '23"", 'revenue': 27.16, 'unit': 'B', 'net_profit': 4.9}, {'period': ""Q2 '23"", 'revenue': 26.67, 'unit': 'B', 'net_profit': 5.12}]",6.15,6.1,128102000000,21569000000,9446000000,61078000000,5155000000,7580000000,14930000000,8872000000,4822242680,0.16801679173007295,-0.13527622922437674,-0.13623595505617975,"[2.52, 0.519]","['2026-03-06', '1990-09-28']",__nan__,0.476791931429642
281,RIV,RiverNorth Opportunities Fund Inc. Common Stock,"RiverNorth Opportunities Fund, Inc. was founded in 2015 and is headquartered in Chicago, Illinois.",Patrick William Galley,Asset Management,11.01,USD,238899439,https://images.financialmodelingprep.com/symbol/RIV.png,99586.0,2016-01-08,4.77,-0.17,54619,35526730,35526730,"[{'period': '2025', 'revenue': 42.86, 'unit': 'M', 'net_profit': 35.53}, {'period': '2024', 'revenue': 44.13, 'unit': 'M', 'net_profit': 43.34}, {'period': '2023', 'revenue': 13.74, 'unit': 'M', 'net_profit': 18.6}, {'period': '2022', 'revenue': 8.36, 'unit': 'M', 'net_profit': -17.47}]","[{'period': ""Q2 '26"", 'revenue': 18.0, 'unit': 'M', 'net_profit': 25.81}, {'period': ""Q4 '25"", 'revenue': 19.64, 'unit': 'M', 'net_profit': 25.37}, {'period': ""Q2 '25"", 'revenue': 23.22, 'unit': 'M', 'net_profit': 10.15}, {'period': ""Q4 '24"", 'revenue': 1.84, 'unit': 'M', 'net_profit': 19.8}, {'period': ""Q2 '24"", 'revenue': 8.3, 'unit': 'M', 'net_profit': 23.54}, {'period': ""Q4 '23"", 'revenue': 10.57, 'unit': 'M', 'net_profit': 8.95}]",1.38,1.38,381749577,3711836,35904620,15325170,3175059,0,1677272,536777,,-0.24540837158092915,-0.180279573697838,-0.28125000000000006,"[0.1306, 0.14]","['2026-03-16', '2016-02-09']",__nan__,0.040144563146431465
282,RJF,Raymond James Financial Inc. Common Stock,"Raymond James Financial, Inc., a diversified financial services company, provides private client group, capital markets, asset management, banking, and other services to individuals, corporations, and municipalities in the United States, Canada, and Europe. The Private Client Group segment offers investment services, portfolio management services, insurance and annuity products, and mutual funds; support to third-party product partners, including sales and marketing support, as well as distribution and accounting, and administrative services; margin loans; and securities borrowing and lending services. The Capital Markets segment provides investment banking services, including equity underwriting, debt underwriting, and merger and acquisition advisory services; and fixed income and equity brokerage services. The Asset Management segment offers asset management, portfolio management, and related administrative services to retail and institutional clients; and administrative support services, such as record-keeping. The Raymond James Bank segment provides insured deposit accounts; commercial and industrial, commercial real estate (CRE) and CRE construction, tax-exempt, residential, securities-based, and other loans; and loan syndication services. The Other segment engages in the private equity investments, including various direct and third-party private equity investments; and legacy private equity funds. The company was founded in 1962 and is headquartered in St. Petersburg, Florida.",Paul Marone Shoukry,Financial - Capital Markets,141.32,USD,27906447399,https://images.financialmodelingprep.com/symbol/RJF.png,1368467.0,1983-07-01,13.83,-2.88,1372843,4756000000,2135000000,"[{'period': '2025', 'revenue': 15.91, 'unit': 'B', 'net_profit': 2.13}, {'period': '2024', 'revenue': 14.74, 'unit': 'B', 'net_profit': 2.07}, {'period': '2023', 'revenue': 12.84, 'unit': 'B', 'net_profit': 1.74}, {'period': '2022', 'revenue': 11.16, 'unit': 'B', 'net_profit': 1.51}]","[{'period': ""Q1 '26"", 'revenue': 4180.0, 'unit': 'M', 'net_profit': 563.0}, {'period': ""Q4 '25"", 'revenue': 4130.0, 'unit': 'M', 'net_profit': 604.0}, {'period': ""Q3 '25"", 'revenue': 3790.0, 'unit': 'M', 'net_profit': 436.0}, {'period': ""Q2 '25"", 'revenue': 3790.0, 'unit': 'M', 'net_profit': 495.0}, {'period': ""Q1 '25"", 'revenue': 3980.0, 'unit': 'M', 'net_profit': 600.0}, {'period': ""Q4 '24"", 'revenue': 3950.0, 'unit': 'M', 'net_profit': 602.0}]",10.53,10.3,88230000000,21098000000,18277000000,75726000000,4635000000,390000000,65966000000,11389000000,2246000000,0.6853295535081503,0.03239845261121857,0.05935613682092554,"[0.54, 0.01266]","['2026-04-01', '1985-01-09']",__nan__,0.8582794967698062
283,RKT,Rocket Companies Inc. Class A Common Stock,"Rocket Companies, Inc. engages in the tech-driven real estate, mortgage, and e-Commerce businesses in the United States and Canada. It operates through two segments, Direct to Consumer and Partner Network. The company's solutions include Rocket Mortgage, a mortgage lender; Amrock that provides title insurance, property valuation, and settlement services; Rocket Homes, a home search platform and real estate agent referral network, which offers technology-enabled services to support the home buying and selling experience; Rocket Auto, an automotive retail marketplace that provides centralized and virtual car sales support to online car purchasing platforms; and Rocket Loans, an online-based personal loans business. It also offer Core Digital Media, a digital social and display advertiser in the mortgage, insurance, and education sectors; Rocket Solar, which connect homeowners with digital financing solutions through a team of trained solar advisors; Truebill, a personal finance app that helps clients manage every aspect of their financial lives; Lendesk, a technology services company that provides a point of sale system for mortgage professionals and a loan origination system for private lenders; and Edison Financial, a digital mortgage broker. In addition, the company originates, closes, sells, and services agency-conforming loans. Rocket Companies, Inc. was founded in 1985 and is headquartered in Detroit, Michigan. Rocket Companies, Inc. operates as a subsidiary of Rock Holdings, Inc.",Varun Krishna,Financial - Mortgages,13.67,USD,38604273895,https://images.financialmodelingprep.com/symbol/RKT.png,30325435.0,2020-08-06,-455.67,-0.28,15846916,890000000,-68000000,"[{'period': '2025', 'revenue': 6880.0, 'unit': 'M', 'net_profit': -68.0}, {'period': '2024', 'revenue': 5400.0, 'unit': 'M', 'net_profit': 29.37}, {'period': '2023', 'revenue': 4010.0, 'unit': 'M', 'net_profit': -15.51}, {'period': '2022', 'revenue': 6000.0, 'unit': 'M', 'net_profit': 46.42}]","[{'period': ""Q4 '25"", 'revenue': 2500.0, 'unit': 'M', 'net_profit': 68.0}, {'period': ""Q3 '25"", 'revenue': 1790.0, 'unit': 'M', 'net_profit': -123.85}, {'period': ""Q2 '25"", 'revenue': 1450.0, 'unit': 'M', 'net_profit': -1.78}, {'period': ""Q1 '25"", 'revenue': 1100.0, 'unit': 'M', 'net_profit': -10.38}, {'period': ""Q4 '24"", 'revenue': 1840.0, 'unit': 'M', 'net_profit': 33.87}, {'period': ""Q3 '24"", 'revenue': 748.77, 'unit': 'M', 'net_profit': -22.01}]",-0.0514,-0.05,60685000000,4736000000,2696000000,37787000000,2040000000,0,285000000,2696000000,-4018000000,0.13960989488699296,-3.3152877085461356,-1.2447619047619047,"[0.8, 1.11]","['2025-03-20', '2021-03-08']",__nan__,0.6226744665073741
284,RKTA,Rocket Internet Growth Opportunities Corp. Class A Ordinary Shares,"Rocket Internet Growth Opportunities Corp. focuses on effecting a merger, share exchange, asset acquisition, share purchase, reorganization, or similar business combination with one or more businesses. It intends to focus on companies in the technology sector. The company was incorporated in 2021 and is based in Grand Cayman, Cayman Islands.",Soheil Mirpour,Shell Companies,10.19,USD,340091230,https://images.financialmodelingprep.com/symbol/RKTA.png,193788.0,,27.690217391304348,-0.06,1421770,-9641000,11136000,"[{'period': '2022', 'revenue': 0.0, 'unit': 'M', 'net_profit': 11.14}, {'period': '2021', 'revenue': 0.0, 'unit': 'M', 'net_profit': 14.96}]","[{'period': ""Q4 '22"", 'revenue': 0.0, 'unit': 'M', 'net_profit': 5.67}, {'period': ""Q3 '22"", 'revenue': 0.0, 'unit': 'M', 'net_profit': 5.42}, {'period': ""Q2 '22"", 'revenue': 0.0, 'unit': 'M', 'net_profit': 5.75}, {'period': ""Q1 '22"", 'revenue': 0.0, 'unit': 'M', 'net_profit': 8.66}, {'period': ""Q4 '21"", 'revenue': 0.0, 'unit': 'M', 'net_profit': 10.57}, {'period': ""Q3 '21"", 'revenue': 0.0, 'unit': 'M', 'net_profit': 5.92}]",0.33,0.33,271019888,92755,30420,10209037,0,0,862812,30420,-874537,-2.348957604589338,-0.2557144766742414,-0.26666666666666666,__nan__,__nan__,__nan__,0.037668958818254696
285,RL,Ralph Lauren Corporation Common Stock,"Ralph Lauren Corporation designs, markets, and distributes lifestyle products in North America, Europe, Asia, and internationally. The company offers apparel, including a range of men's, women's, and children's clothing; footwear and accessories, which comprise casual shoes, dress shoes, boots, sneakers, sandals, eyewear, watches, fashion and fine jewelry, scarves, hats, gloves, and umbrellas, as well as leather goods, such as handbags, luggage, small leather goods, and belts; home products consisting of bed and bath lines, furniture, fabric and wallcoverings, lighting, tabletop, kitchen linens, floor coverings, and giftware; and fragrances. It sells apparel and accessories under the Ralph Lauren Collection, Ralph Lauren Purple Label, Polo Ralph Lauren, Double RL, Lauren Ralph Lauren, Polo Golf Ralph Lauren, Ralph Lauren Golf, RLX Ralph Lauren, Polo Ralph Lauren Children, and Chaps brands; women's fragrances under the Ralph Lauren Collection, Woman by Ralph Lauren, Romance Collection, and Ralph Collection brand names; and men's fragrances under the Polo Blue, Ralph's Club, Safari, Purple Label, Polo Red, Polo Green, Polo Black, Polo Sport, and Big Pony Men's brand names. The company's restaurant collection includes The Polo Bar in New York City; RL Restaurant in Chicago; Ralph's in Paris; The Bar at Ralph Lauren located in Milan; and Ralph's Coffee concept. It sells its products to department stores, specialty stores, and golf and pro shops, as well as directly to consumers through its retail stores, concession-based shop-within-shops, and its digital commerce sites. The company directly operates 504 retail stores and 684 concession-based shop-within-shops; and operates 175 Ralph Lauren stores, 329 factory stores, and 148 stores and shops through licensing partners. Ralph Lauren Corporation was founded in 1967 and is headquartered in New York, New York.",Patrice Jean Louis Louvet,Apparel - Manufacturers,327.82,USD,19879221161,https://images.financialmodelingprep.com/symbol/RL.png,612606.0,1997-06-12,22.32,-5.815,491943,1214400000,742900000,"[{'period': '2025', 'revenue': 7080.0, 'unit': 'M', 'net_profit': 742.9}, {'period': '2024', 'revenue': 6630.0, 'unit': 'M', 'net_profit': 646.3}, {'period': '2023', 'revenue': 6440.0, 'unit': 'M', 'net_profit': 522.7}, {'period': '2022', 'revenue': 6220.0, 'unit': 'M', 'net_profit': 600.1}]","[{'period': ""Q3 '26"", 'revenue': 2410.0, 'unit': 'M', 'net_profit': 361.6}, {'period': ""Q2 '26"", 'revenue': 2009.9999999999998, 'unit': 'M', 'net_profit': 207.5}, {'period': ""Q1 '26"", 'revenue': 1720.0, 'unit': 'M', 'net_profit': 220.4}, {'period': ""Q4 '25"", 'revenue': 1700.0, 'unit': 'M', 'net_profit': 129.0}, {'period': ""Q3 '25"", 'revenue': 2140.0, 'unit': 'M', 'net_profit': 297.4}, {'period': ""Q2 '25"", 'revenue': 1730.0, 'unit': 'M', 'net_profit': 147.9}]",11.86,11.61,7047300000,3789900000,2083000000,4458800000,612300000,3100000,2133700000,1922500000,1018900000,0.1581155826816708,0.1494661921708185,0.19677093844601407,"[0.9125, 0.05]","['2026-03-27', '2003-06-25']",__nan__,0.6326962098959885
286,RLGY,Realogy Holdings Corp. Common Stock,"Realogy Holdings Corp., through its subsidiaries, provides residential real estate services. It operates through three segments: Realogy Franchise Group, and Realogy Brokerage Group. The Realogy Franchise Group segment franchises its residential real estate brokerages under the Century 21, Coldwell Banker, Coldwell Banker Commercial, Corcoran, ERA, Sotheby's International Realty, and Better Homes and Gardens Real Estate brand names. This segment also offers lead generation and relocation services. As of December 31, 2020, this segment's real estate franchise systems and proprietary brands had approximately 20,100 offices and 320,700 independent sales agents worldwide. The Realogy Brokerage Group segment owns and operates a full-service residential real estate brokerage business under the Coldwell Banker, Corcoran, and Sotheby's International Realty brand names to assist home buyers and sellers in the listing, marketing, selling, and finding homes. As of December 31, 2020, this segment owned and operated 670 brokerage offices with approximately 53,100 independent sales agents. The Realogy Title Group segment provides title, escrow, and settlement services to real estate companies, corporations, and financial institutions. This segment also serves as an underwriter of title insurance policies in connection with residential and commercial real estate transactions. Realogy Holdings Corp. was incorporated in 2006 and is headquartered in Madison, New Jersey.",Ryan Schneider,Real Estate - Services,12.08,USD,1322530480,https://images.financialmodelingprep.com/symbol/RLGY.png,1605116.0,2012-10-11,4.591410110224249,-0.17,1141740,221000000,-128000000,"[{'period': '2024', 'revenue': 5690.0, 'unit': 'M', 'net_profit': -128.0}, {'period': '2021', 'revenue': 7980.0, 'unit': 'M', 'net_profit': 302.0}, {'period': '2020', 'revenue': 6220.0, 'unit': 'M', 'net_profit': -360.0}, {'period': '2019', 'revenue': 5600.0, 'unit': 'M', 'net_profit': -188.0}]","[{'period': ""Q3 '25"", 'revenue': 1630.0, 'unit': 'M', 'net_profit': -13.0}, {'period': ""Q2 '25"", 'revenue': 1680.0, 'unit': 'M', 'net_profit': 27.0}, {'period': ""Q1 '25"", 'revenue': 1200.0, 'unit': 'M', 'net_profit': -78.0}, {'period': ""Q4 '24"", 'revenue': 1360.0, 'unit': 'M', 'net_profit': -64.0}, {'period': ""Q3 '24"", 'revenue': 1530.0, 'unit': 'M', 'net_profit': 7.0}, {'period': ""Q2 '24"", 'revenue': 1670.0, 'unit': 'M', 'net_profit': 30.0}]",-1.15,-1.15,5636000000,581000000,118000000,4066000000,101000000,0,1389000000,118000000,26000000,0.0,0.0,0.0,"[0.09, 0.09]","['2019-08-20', '2016-08-15']",__nan__,0.7214336408800568
287,RLI,RLI Corp. Common Stock (DE),"RLI Corp., an insurance holding company, underwrites property and casualty insurance in the United States and internationally. Its Casualty segment provides commercial and personal coverage products; and general liability products, such as coverage for third-party liability of commercial insureds, including manufacturers, contractors, apartments, and mercantile. It also offers coverages for security guards and in the areas of onshore energy-related businesses and environmental liability for underground storage tanks, contractors and asbestos, and environmental remediation specialists; and professional liability coverages focuses on providing errors and omission coverage to small to medium-sized design, technical, computer, and miscellaneous professionals. This segment provides commercial automobile liability and physical damage insurance to local, intermediate and long haul truckers, public transportation entities, and other types of specialty commercial automobile risks; incidental and related insurance coverages; inland marine coverages; management liability coverages, such as directors and officers liability insurance, fiduciary liability and coverages, employment practice liability, and for various classes of risks, including public and private businesses; and healthcare liability and home business insurance products. The company's Property segment offers commercial property, cargo, hull, protection and indemnity, marine liability, inland marine, homeowners' and dwelling fire, and other property insurance products. Its Surety segment offers commercial surety bonds for medium to large-sized businesses; small bonds for businesses and individuals; and bonds for small to medium-sized contractors. The company also underwrites various reinsurance coverages. It markets its products through branch offices, brokers, carrier partners, and underwriting and independent agents. RLI Corp. was founded in 1965 and is headquartered in Peoria, Illinois.",Craig William Kliethermes,Insurance - Property & Casualty,56.32,USD,5176944369,https://images.financialmodelingprep.com/symbol/RLI.png,788438.0,1980-03-17,12.89,-0.98,372682,530447000,403337000,"[{'period': '2025', 'revenue': 1880.0, 'unit': 'M', 'net_profit': 403.34}, {'period': '2024', 'revenue': 1770.0, 'unit': 'M', 'net_profit': 345.78}, {'period': '2023', 'revenue': 1510.0, 'unit': 'M', 'net_profit': 304.61}, {'period': '2022', 'revenue': 1700.0, 'unit': 'M', 'net_profit': 583.41}]","[{'period': ""Q4 '25"", 'revenue': 465.69, 'unit': 'M', 'net_profit': 91.18}, {'period': ""Q3 '25"", 'revenue': 509.26, 'unit': 'M', 'net_profit': 124.61}, {'period': ""Q2 '25"", 'revenue': 499.83, 'unit': 'M', 'net_profit': 124.34}, {'period': ""Q1 '25"", 'revenue': 407.67, 'unit': 'M', 'net_profit': 63.21}, {'period': ""Q4 '24"", 'revenue': 439.12, 'unit': 'M', 'net_profit': 40.86}, {'period': ""Q3 '24"", 'revenue': 470.0, 'unit': 'M', 'net_profit': 95.03}]",4.38,4.36,6161486000,172127000,172127000,4383290000,212226000,0,129724000,51565000,608698000,0.20134029070583812,0.16645892318504016,0.15873015873015875,"[0.16, 0.09]","['2026-03-02', '1989-06-26']",__nan__,0.7114014378998832
288,RLJ,RLJ Lodging Trust Common Shares of Beneficial Interest $0.01 par value,"RLJ Lodging Trust is a self-advised, publicly traded real estate investment trust that owns primarily premium-branded, high-margin, focused-service and compact full-service hotels. The Company's portfolio consists of 103 hotels with approximately 22,570 rooms, located in 23 states and the District of Columbia and an ownership interest in one unconsolidated hotel with 171 rooms.",Leslie D. Hale,REIT - Hotel & Motel,7.48,USD,1136343177,https://images.financialmodelingprep.com/symbol/RLJ.png,1773076.0,2011-05-11,748.0,-0.25,1235028,318379000,28509000,"[{'period': '2025', 'revenue': 1350.0, 'unit': 'M', 'net_profit': 28.51}, {'period': '2024', 'revenue': 1370.0, 'unit': 'M', 'net_profit': 68.02}, {'period': '2023', 'revenue': 1330.0, 'unit': 'M', 'net_profit': 76.41}, {'period': '2022', 'revenue': 1190.0, 'unit': 'M', 'net_profit': 41.92}]","[{'period': ""Q4 '25"", 'revenue': 328590.0, 'unit': 'K', 'net_profit': 430.0}, {'period': ""Q3 '25"", 'revenue': 330.05, 'unit': 'M', 'net_profit': -3.74}, {'period': ""Q2 '25"", 'revenue': 363.1, 'unit': 'M', 'net_profit': 28.45}, {'period': ""Q1 '25"", 'revenue': 328.12, 'unit': 'M', 'net_profit': 3.36}, {'period': ""Q4 '24"", 'revenue': 329.99, 'unit': 'M', 'net_profit': 5.38}, {'period': ""Q3 '24"", 'revenue': 345.74, 'unit': 'M', 'net_profit': 20.6}]",0.0148,0.0148,4742130000,498862000,410160000,2559470000,29643000,7357000,244063000,410160000,117395000,-0.11429270884625121,-0.5808794342923509,-0.9451851851851852,"[0.15, 0.08]","['2026-03-31', '2011-06-28']",__nan__,0.5397300369243357
289,RLX,RLX Technology Inc. American Depositary Shares each representing the right to receive one (1) Class A ordinary share,"RLX Technology Inc., together with its subsidiaries, researchers, develops, manufactures, distributes, and sells e-vapor products in the People's Republic of China. It serves RELX branded partner stores and other retail outlets through distributors. RLX Technology Inc. was founded in 2018 and is based in Beijing, China.",Wang Ying,Tobacco,2.12,USD,2594250252,https://images.financialmodelingprep.com/symbol/RLX.png,2449311.0,2021-01-22,21.2,-0.08,3351102,319608432,896750882,"[{'period': '2025', 'revenue': 3520.0, 'unit': 'M', 'net_profit': 896.75}, {'period': '2024', 'revenue': 2440.0, 'unit': 'M', 'net_profit': 551.84}, {'period': '2023', 'revenue': 1240.0, 'unit': 'M', 'net_profit': 534.33}, {'period': '2022', 'revenue': 5.33, 'unit': 'B', 'net_profit': 1.44}]","[{'period': ""Q4 '25"", 'revenue': 1070.0, 'unit': 'M', 'net_profit': 275.69}, {'period': ""Q3 '25"", 'revenue': 1030.0, 'unit': 'M', 'net_profit': 203.16}, {'period': ""Q2 '25"", 'revenue': 794.12, 'unit': 'M', 'net_profit': 217.12}, {'period': ""Q1 '25"", 'revenue': 708.48, 'unit': 'M', 'net_profit': 222.04}, {'period': ""Q4 '24"", 'revenue': 736.21, 'unit': 'M', 'net_profit': 121.96}, {'period': ""Q3 '24"", 'revenue': 679.36, 'unit': 'M', 'net_profit': 165.65}]",0.7,0.7,17940979403,11211163633,10188591884,2199349633,405018748,5561823471,1966327343,5548543014,842086000,6.271369959261764,0.6250285537214794,0.5555555555555555,"[0.1, 0.01]","['2026-01-26', '2023-11-30']",__nan__,0.12258804737450597
290,RM,Regional Management Corp. Common Stock,"Regional Management Corp., a diversified consumer finance company, provides various installment loan products primarily to customers with limited access to consumer credit from banks, thrifts, credit card companies, and other lenders in the United States. It offers small and large installment loans; and retail loans to finance the purchase of furniture, appliances, and other retail products. The company also provides insurance products, including credit life, credit accident and health, credit property, vehicle single interest, and credit involuntary unemployment insurance; collateral protection insurance; and property insurance, as well as reinsurance products. In addition, its loans are sourced through branches, centrally managed direct mail campaigns, digital partners, and retailers, as well as its consumer website. As of February 24, 2022, the company operated through a network of approximately 350 branches in 14 states. Regional Management Corp. was incorporated in 1987 and is headquartered in Greer, South Carolina.",Lakhbir Lamba,Financial - Credit Services,31.36,USD,304593565,https://images.financialmodelingprep.com/symbol/RM.png,56015.0,2012-03-28,7.05,-1.07,52874,92081000,44412000,"[{'period': '2025', 'revenue': 645.57, 'unit': 'M', 'net_profit': 44.41}, {'period': '2024', 'revenue': 588.5, 'unit': 'M', 'net_profit': 41.23}, {'period': '2023', 'revenue': 551.4, 'unit': 'M', 'net_profit': 15.96}, {'period': '2022', 'revenue': 507.19, 'unit': 'M', 'net_profit': 51.22}]","[{'period': ""Q4 '25"", 'revenue': 169.68, 'unit': 'M', 'net_profit': 12.91}, {'period': ""Q3 '25"", 'revenue': 165.49, 'unit': 'M', 'net_profit': 14.36}, {'period': ""Q2 '25"", 'revenue': 157.44, 'unit': 'M', 'net_profit': 10.14}, {'period': ""Q1 '25"", 'revenue': 152.97, 'unit': 'M', 'net_profit': 7.01}, {'period': ""Q4 '24"", 'revenue': 154.83, 'unit': 'M', 'net_profit': 9.91}, {'period': ""Q3 '24"", 'revenue': 146.34, 'unit': 'M', 'net_profit': 7.66}]",4.63,4.45,2183858000,1978532000,97997000,1810766000,1866403000,24211000,235712000,97997000,304307000,0.35125100887812755,0.07725519683702428,0.08177570093457935,"[0.3, 0.2]","['2026-02-19', '2020-11-16']",__nan__,0.8291592218908006
291,RMAX,RE/MAX Holdings Inc. Class A Common Stock,"RE/MAX Holdings, Inc. operates as a franchisor of real estate and mortgage brokerage services in the United States, Canada, and internationally. The company operates through three segments: Real Estate, Mortgage, and Marketing Funds. It offers real estate brokerage franchising services under the RE/MAX brand; mortgage brokerage services to real estate brokers, real estate professionals, mortgage professionals, and other investors under the Motto Mortgage brand; and mortgage loan processing software and services under the wemlo brand. In addition, the company provides First mobile app, which integrates a suite of digital products that enables agents, brokers, and teams to establish and manage client relationships; RE/MAX University platform, a learning hub designed to help each agent in their professional expertise; and Booj platform. The company was founded in 1973 and is headquartered in Denver, Colorado.",W. Erik Carlson,Real Estate - Services,5.77,USD,116221960,https://images.financialmodelingprep.com/symbol/RMAX.png,205959.0,2013-10-02,14.43,-0.42,385643,77176000,8153000,"[{'period': '2025', 'revenue': 291.6, 'unit': 'M', 'net_profit': 8.15}, {'period': '2024', 'revenue': 307.69, 'unit': 'M', 'net_profit': 7.12}, {'period': '2023', 'revenue': 325.67, 'unit': 'M', 'net_profit': -69.02}, {'period': '2022', 'revenue': 353.39, 'unit': 'M', 'net_profit': 6.11}]","[{'period': ""Q4 '25"", 'revenue': 71.14, 'unit': 'M', 'net_profit': 1.44}, {'period': ""Q3 '25"", 'revenue': 73.25, 'unit': 'M', 'net_profit': 3.99}, {'period': ""Q2 '25"", 'revenue': 72.75, 'unit': 'M', 'net_profit': 4.68}, {'period': ""Q1 '25"", 'revenue': 74.47, 'unit': 'M', 'net_profit': -1.96}, {'period': ""Q4 '24"", 'revenue': 72.47, 'unit': 'M', 'net_profit': 5.8}, {'period': ""Q3 '24"", 'revenue': 78480.0, 'unit': 'K', 'net_profit': 966.0}]",0.41,0.4,582475000,240140000,118736000,611463000,26944000,0,141768000,118736000,33504000,0.07160610394479235,0.1446019935420469,0.07894736842105256,"[0.23, 0.0625]","['2023-08-14', '2014-04-02']",__nan__,1.049766942787244
292,RMD,ResMed Inc. Common Stock,"ResMed Inc. develops, manufactures, distributes, and markets medical devices and cloud-based software applications for the healthcare markets. The company operates in two segments, Sleep and Respiratory Care, and Software as a Service. It offers various products and solutions for a range of respiratory disorders, including technologies to be applied in medical and consumer products, ventilation devices, diagnostic products, mask systems for use in the hospital and home, headgear and other accessories, dental devices, and cloud-based software informatics solutions to manage patient outcomes, as well as provides customer and business processes. The company also provides AirView, a cloud-based system that enables remote monitoring and changing of patients' device settings; myAir, a personalized therapy management application for patients with sleep apnea that provides support, education, and troubleshooting tools for increased patient engagement and improved compliance; U-Sleep, a compliance monitoring solution that enables home medical equipment (HME)to streamline their sleep programs; connectivity module and propeller solutions; and Propeller portal. It offers out-of-hospital software solution, such as Brightree business management software and service solutions to providers of HME, pharmacy, home infusion, orthotics, and prosthetics services; MatrixCare care management and related ancillary solutions to senior living, skilled nursing, life plan communities, home health, home care, and hospice organizations, as well as related accountable care organizations; and HEALTHCAREfirst that offers electronic health record, software, billing and coding services, and analytics for home health and hospice agencies. The company markets its products primarily to sleep clinics, home healthcare dealers, and hospitals through a network of distributors and direct sales force in approximately 140 countries. ResMed Inc. was founded in 1989 and is headquartered in San Diego, California.",Michael J. Farrell,Medical - Instruments & Supplies,220.47,USD,32181188397,https://images.financialmodelingprep.com/symbol/RMD.png,1045940.0,1995-06-02,21.79,-2.03,545841,1913377000,1400723000,"[{'period': '2025', 'revenue': 5.15, 'unit': 'B', 'net_profit': 1.4}, {'period': '2024', 'revenue': 4.69, 'unit': 'B', 'net_profit': 1.02}, {'period': '2023', 'revenue': 4220.0, 'unit': 'M', 'net_profit': 897.56}, {'period': '2022', 'revenue': 3580.0, 'unit': 'M', 'net_profit': 779.44}]","[{'period': ""Q2 '26"", 'revenue': 1420.0, 'unit': 'M', 'net_profit': 392.59}, {'period': ""Q1 '26"", 'revenue': 1340.0, 'unit': 'M', 'net_profit': 348.54}, {'period': ""Q4 '25"", 'revenue': 1350.0, 'unit': 'M', 'net_profit': 379.7}, {'period': ""Q3 '25"", 'revenue': 1290.0, 'unit': 'M', 'net_profit': 365.04}, {'period': ""Q2 '25"", 'revenue': 1280.0, 'unit': 'M', 'net_profit': 344.62}, {'period': ""Q1 '25"", 'revenue': 1220.0, 'unit': 'M', 'net_profit': 311.36}]",9.55,9.51,8174391000,3505605000,1209450000,2206532000,990667000,85033000,1019120000,1209450000,1661723000,0.24768395799791723,0.37197867478458807,0.37608069164265134,"[0.6, 0.17]","['2026-02-12', '2012-09-05']",__nan__,0.269932279970459
293,RMI,RiverNorth Opportunistic Municipal Income Fund Inc. Common Stock,"RiverNorth Opportunistic Municipal Income Fund, Inc. operates as Closed-End Investment Fund/Investment Trust. It specializes in opportunistic investment strategies in niche markets. The firm operates as investment manager to registered funds, private funds and separately managed accounts. The company is headquartered in West Palm Beach, FL.",,Financial - Conglomerates,14.95,USD,95299358,https://images.financialmodelingprep.com/symbol/RMI.png,37425.0,2018-10-26,124.58,0.16,14108,-3991909,-3991909,"[{'period': '2024', 'revenue': -0.53565, 'unit': 'M', 'net_profit': -3.99}, {'period': '2023', 'revenue': 5.81, 'unit': 'M', 'net_profit': 7.92}, {'period': '2022', 'revenue': 4.5, 'unit': 'M', 'net_profit': 3.8}, {'period': '2021', 'revenue': -26.28, 'unit': 'M', 'net_profit': -26.96}]","[{'period': ""Q2 '25"", 'revenue': 1.35, 'unit': 'M', 'net_profit': 6.18}, {'period': ""Q4 '24"", 'revenue': 3.77, 'unit': 'M', 'net_profit': -5.4}, {'period': ""Q2 '24"", 'revenue': 4.08, 'unit': 'M', 'net_profit': 1.41}, {'period': ""Q4 '23"", 'revenue': 4.24, 'unit': 'M', 'net_profit': 4.01}, {'period': ""Q2 '23"", 'revenue': 1.57, 'unit': 'M', 'net_profit': 3.91}, {'period': ""Q4 '22"", 'revenue': 1.29, 'unit': 'M', 'net_profit': 2.15}]",-0.63,-0.63,162045309,2036361,5743668,63488033,1888986,0,547635,147375,9038672,-1.3717937875865358,-1.50399181474394,-1.5080645161290323,"[0.0889, 0.0917]","['2026-03-16', '2018-12-11']",__nan__,0.3917918598927168
294,RMM,RiverNorth Managed Duration Municipal Income Fund Inc. Common Stock,"Rivernorth Managed Duration Municipal Income Fund Inc. is a closed ended fixed income mutual fund launched and managed by RiverNorth Capital Management, LLC. The fund is co-managed by MacKay Shields LLC. It invests in the fixed income markets of the United States. The fund primarily invests in investment grade municipal debt securities. It seeks to invest in securities of any maturity. The fund employs a combination of fundamental and quantitative analysis. It benchmarks the performance of its portfolio against the Bloomberg Barclays Municipal Bond Index. The fund employs proprietary research to create its portfolio. Rivernorth Managed Duration Municipal Income Fund Inc. was formed on July 26, 2019 and is domiciled in the United States.",Stephen Andrew O'Neill,Asset Management - Income,13.42,USD,264905808,https://images.financialmodelingprep.com/symbol/RMM.png,70594.0,2019-07-26,70.63,0.04,90327,-12858278,-12858278,"[{'period': '2024', 'revenue': -5.14, 'unit': 'M', 'net_profit': -12.86}, {'period': '2023', 'revenue': 25.43, 'unit': 'M', 'net_profit': 25.27}, {'period': '2022', 'revenue': 19.11, 'unit': 'M', 'net_profit': 19.03}, {'period': '2021', 'revenue': -60.83, 'unit': 'M', 'net_profit': -60.89}]","[{'period': ""Q4 '19"", 'revenue': 10.73, 'unit': 'M', 'net_profit': -103.9}, {'period': ""Q2 '19"", 'revenue': 7.73, 'unit': 'M', 'net_profit': 86.58}]",0.0,0.0,480486671,6187050,136293,189985695,6050757,0,1838488,136293,36885900,-1.5088950622336155,-1.5088950622336155,-1.0,"[0.0847, 0.0917]","['2026-03-16', '2019-09-11']",__nan__,0.3954026333438082
295,RMO,Romeo Power Inc. Class A Common Stock,"Romeo Power, Inc., an energy storage technology company, designs and manufactures lithium-ion battery modules and packs for vehicle electrification in North America. The company designs and manufactures battery modules, battery packs, and battery management system technologies; and provides non-recurring engineering services, such as design, prototype, and testing services. It serves commercial electric vehicle manufacturers, electric powertrain converters, electric watercraft manufacturers, fleet operators, and automobile, and recreational vehicle manufacturers. The company was founded in 2014 and is headquartered in Vernon, California. As of October 13, 2022, Romeo Power, Inc. operates as a subsidiary of Nikola Corporation.",Lionel E. Selwood Jr.,Auto - Parts,0.35,USD,0,https://images.financialmodelingprep.com/symbol/RMO.png,4194919.0,2019-04-01,-0.28501628664495116,-0.0115,1906339,15453000,12716000,"[{'period': '2021', 'revenue': 16.8, 'unit': 'M', 'net_profit': 12.72}, {'period': '2020', 'revenue': 8.97, 'unit': 'M', 'net_profit': -41.78}, {'period': '2019', 'revenue': 0.0, 'unit': 'M', 'net_profit': 2.09}]","[{'period': ""Q2 '22"", 'revenue': 5.73, 'unit': 'M', 'net_profit': -40.48}, {'period': ""Q1 '22"", 'revenue': 11.57, 'unit': 'M', 'net_profit': -81.15}, {'period': ""Q4 '21"", 'revenue': 9.06, 'unit': 'M', 'net_profit': -31.26}, {'period': ""Q3 '21"", 'revenue': 5.76, 'unit': 'M', 'net_profit': -17.95}, {'period': ""Q2 '21"", 'revenue': 0.926, 'unit': 'M', 'net_profit': -28.68}, {'period': ""Q1 '21"", 'revenue': 1.05, 'unit': 'M', 'net_profit': 90.01}]",0.097,0.097,335446000,175281000,119947000,56295000,8378000,36329000,23116000,22638000,-204000000,1.3994674800951297,1.30431973196123,1.1796296296296296,__nan__,__nan__,__nan__,0.1678213482945094
296,RMT,Royce Micro-Cap Trust Inc. Common Stock,"Royce Micro-Cap Trust, Inc. is a closed-ended equity mutual fund launched and managed Royce & Associates, LLC. It invests in the public equity markets of the United States. The fund seeks to invest in stocks of companies operating across diversified sectors. It primarily invests in value stocks of companies with market capitalization of less than $500 million. The fund benchmarks the performance of its portfolios against Russell 2000 Index. Royce Micro-Cap Trust, Inc was formed on December 14, 1993 and is domiciled in the United States.",Charles Morgan Royce,Asset Management,11.27,USD,592721983,https://images.financialmodelingprep.com/symbol/RMT.png,150945.0,1993-12-15,6.79,-0.12,106039,88518741,87755875,"[{'period': '2025', 'revenue': 44.12, 'unit': 'M', 'net_profit': 87.76}, {'period': '2024', 'revenue': 6.41, 'unit': 'M', 'net_profit': 65.94}, {'period': '2023', 'revenue': 8.26, 'unit': 'M', 'net_profit': 72.89}, {'period': '2022', 'revenue': 21.06, 'unit': 'M', 'net_profit': -102.76}]","[{'period': ""Q4 '25"", 'revenue': 23.02, 'unit': 'M', 'net_profit': 88.41}, {'period': ""Q2 '25"", 'revenue': 2390.0, 'unit': 'K', 'net_profit': -659.05}, {'period': ""Q4 '24"", 'revenue': 28.36, 'unit': 'M', 'net_profit': 42.25}, {'period': ""Q2 '24"", 'revenue': 39.98, 'unit': 'M', 'net_profit': 23.69}, {'period': ""Q4 '23"", 'revenue': 4.23, 'unit': 'M', 'net_profit': 44.0}, {'period': ""Q2 '23"", 'revenue': 4.03, 'unit': 'M', 'net_profit': 28.89}]",1.66,1.66,651736078,1792825,38529,20931663,1754296,649906265,752070,38529,-2894270,0.0,0.33074725668327803,0.2769230769230768,"[0.19, 0.05]","['2026-03-12', '1994-12-13']",__nan__,0.03211677810477142
297,RNG,RingCentral Inc. Class A Common Stock,"RingCentral, Inc. provides software-as-a-service solutions that enable businesses to communicate, collaborate, and connect in North America. The company offers business cloud communications and contact center solutions based on its Message Video Phone? platform. Its products include RingCentral Office that provides communication and collaboration across various modes, including high-definition voice, video, SMS, messaging and collaboration, conferencing, online meetings, and fax; RingCentral Contact Center, a collaborative contact center solution that delivers omni-channel; and RingCentral Engage Digital, a digital customer engagement platform that allows enterprises to interact with their customers. The company's products also comprise RingCentral Engage Voice, a cloud-based outbound/blended customer engagement platform for midsize and enterprise companies; RingCentral Video, a video meeting service which includes our RCV video and team messaging capabilities and offers video and audio conferencing, file sharing, contact, task, and calendar management. In addition, it offers RingCentral Professional, a cloud based virtual telephone service that provides inbound call answering and management services for professionals; and RingCentral Fax that provides online fax capabilities. The company serves a range of industries, including financial services, education, healthcare, legal services, real estate, retail, technology, insurance, construction, hospitality, and state and local government, as well as others. It sells its products through a network of direct sales representatives, as well as sales agents, resellers, and channel partners. RingCentral, Inc. has strategic partnerships with Alcatel-Lucent Enterprise; and Vodafone Business. The company was incorporated in 1999 and is headquartered in Belmont, California.",Vladimir G. Shmunis,Software - Application,35.36,USD,3164060642,https://images.financialmodelingprep.com/symbol/RNG.png,2485428.0,2013-09-27,73.67,-2.16,1268772,381431000,43391000,"[{'period': '2025', 'revenue': 2520.0, 'unit': 'M', 'net_profit': 43.39}, {'period': '2024', 'revenue': 2400.0, 'unit': 'M', 'net_profit': -58.29}, {'period': '2023', 'revenue': 2200.0, 'unit': 'M', 'net_profit': -165.24}, {'period': '2022', 'revenue': 1990.0, 'unit': 'M', 'net_profit': -879.17}]","[{'period': ""Q4 '25"", 'revenue': 644.03, 'unit': 'M', 'net_profit': 22.97}, {'period': ""Q3 '25"", 'revenue': 638.65, 'unit': 'M', 'net_profit': 17.56}, {'period': ""Q2 '25"", 'revenue': 620.4, 'unit': 'M', 'net_profit': 13.19}, {'period': ""Q1 '25"", 'revenue': 612.06, 'unit': 'M', 'net_profit': -10.33}, {'period': ""Q4 '24"", 'revenue': 614.51, 'unit': 'M', 'net_profit': -7.19}, {'period': ""Q3 '24"", 'revenue': 608.76, 'unit': 'M', 'net_profit': -7.85}]",0.5,0.48,1481455000,597854000,132564000,2069574000,384100000,0,1218648000,132564000,587323000,0.6122706906754586,1.744424238265166,1.7936507936507935,"[0.075, 0.075]","['2026-03-09', '2026-03-09']",__nan__,1.396987421150153
298,RNGR,Ranger Energy Services Inc. Class A Common Stock,"Ranger Energy Services, Inc. provides onshore high specification well service rigs, wireline completion services, and complementary services to exploration and production companies in the United States. It operates through three segments: High Specification Rigs, Wireline Services, and Processing Solutions and Ancillary Services. The High Specification Rigs segment offers well service rigs and complementary equipment and services to facilitate operations throughout the lifecycle of a well; and well maintenance services. This segment also has a fleet of 540 well service rigs. The Wireline Services segment provides wireline production and intervention services to provide information to identify and resolve well production problems through cased hole logging, perforating, mechanical, and pipe recovery services; wireline completion services are used primarily for pump-down perforating operations to create perforations or entry holes through the production casing; and pumping services. This segment also has a fleet of 68 wireline units and four high-pressure pump trucks. The Processing Solutions and Ancillary Services segment rents well service-related equipment consisting of fluid pumps, power swivels, well control packages, hydraulic catwalks, frac tanks, pipe racks, and pipe handling tools; decommissioning services; fluid management services; offers proprietary and modular equipment for the processing of natural gas; coil tubing services; and snubbing services. This segment also engages in the rental, installation, commissioning, start up, operation, and maintenance of mechanical refrigeration units, nitrogen gas liquid stabilizer units, nitrogen gas liquid storage units, and related equipment. Ranger Energy Services, Inc. was incorporated in 2014 and is based in Houston, Texas.",Stuart N. Bodden,Oil & Gas Equipment & Services,17.5,USD,412130040,https://images.financialmodelingprep.com/symbol/RNGR.png,173066.0,2017-08-11,32.41,0.23,228449,65300000,12300000,"[{'period': '2025', 'revenue': 546.9, 'unit': 'M', 'net_profit': 12.3}, {'period': '2024', 'revenue': 571.1, 'unit': 'M', 'net_profit': 18.4}, {'period': '2023', 'revenue': 636.6, 'unit': 'M', 'net_profit': 23.8}, {'period': '2022', 'revenue': 608.5, 'unit': 'M', 'net_profit': 15.1}]","[{'period': ""Q4 '25"", 'revenue': 142.2, 'unit': 'M', 'net_profit': 3.2}, {'period': ""Q3 '25"", 'revenue': 128.9, 'unit': 'M', 'net_profit': 1.2}, {'period': ""Q2 '25"", 'revenue': 140.6, 'unit': 'M', 'net_profit': 7.3}, {'period': ""Q1 '25"", 'revenue': 135200.0, 'unit': 'K', 'net_profit': 600.0}, {'period': ""Q4 '24"", 'revenue': 143.1, 'unit': 'M', 'net_profit': 5.8}, {'period': ""Q3 '24"", 'revenue': 153.0, 'unit': 'M', 'net_profit': 8.7}]",0.55,0.54,419300000,121200000,10300000,119200000,95000000,0,69200000,10300000,42900000,-0.10178817056396149,-0.33152173913043476,-0.32926829268292673,"[0.06, 0.05]","['2026-03-20', '2023-08-17']",__nan__,0.2842833293584546
299,RNP,Cohen & Steers REIT and Preferred and Income Fund Inc. Common Shares,"Cohen & Steers REIT and Preferred Income Fund, Inc. is a closed-ended balanced mutual fund launched by Cohen & Steers Inc. It is managed by Cohen & Steers Capital Management, Inc. The fund invests in the public equity and fixed income markets of the United States. It seeks to invest in the stocks of companies operating in the real estate sector including real estate investment trusts. For its fixed income portfolio, the fund typically invests in debt and preferred securities of companies operating across diversified sectors. It employs fundamental analysis to create its fixed income portfolio with a focus on the issuer's creditworthiness, corporate and capital structure, placement of the preferred or debt securities within that structure, momentum and other exogenous signals, and relative value versus other income security classes and for its equity portfolio also it employs fundamental analysis to create its portfolio with a focus on growth potential, earnings estimates, and the quality of management. The fund benchmarks the performance of its portfolio against the FTSE NAREIT Equity Index, S&P 500 Index, Merrill Lynch Fixed Rate Preferred Index, and FTSE NAREIT Equity REIT Index. It was formerly known as Cohen & Steers REIT & Preferred Balanced Income Fund. Cohen & Steers REIT and Preferred Income Fund, Inc. was formed on June 27, 2003 and is domiciled in the United States.",Adam Derechin,Asset Management - Income,19.35,USD,928801529,https://images.financialmodelingprep.com/symbol/RNP.png,159376.0,2003-06-25,16.13,-0.25,92613,79868908,57318006,"[{'period': '2025', 'revenue': 104.94, 'unit': 'M', 'net_profit': 57.32}, {'period': '2024', 'revenue': 69.35, 'unit': 'M', 'net_profit': 91.8}, {'period': '2023', 'revenue': 70.94, 'unit': 'M', 'net_profit': 109.91}, {'period': '2022', 'revenue': 97.92, 'unit': 'M', 'net_profit': -306.28}]","[{'period': ""Q4 '25"", 'revenue': 45.32, 'unit': 'M', 'net_profit': 11.59}, {'period': ""Q2 '25"", 'revenue': 35.2, 'unit': 'M', 'net_profit': 45.73}, {'period': ""Q4 '24"", 'revenue': 35.29, 'unit': 'M', 'net_profit': 64.7}, {'period': ""Q2 '24"", 'revenue': 34.06, 'unit': 'M', 'net_profit': 27.1}, {'period': ""Q4 '23"", 'revenue': 36.89, 'unit': 'M', 'net_profit': 77.03}, {'period': ""Q2 '23"", 'revenue': 34.06, 'unit': 'M', 'net_profit': 32.87}]",1.19,1.19,1443826464,22270335,11282099,453653729,10988236,1421552631,0,1326508,32120800,0.0,-0.37563612550394465,-0.3802083333333333,"[0.136, 0.17]","['2026-06-09', '2003-08-13']",__nan__,0.3142023922620108
300,RNR,RenaissanceRe Holdings Ltd. Common Stock,"RenaissanceRe Holdings Ltd. provides reinsurance and insurance products in the United States and internationally. The company operates through Property, and Casualty and Specialty segments. The Property segment writes property catastrophe excess of loss reinsurance and excess of loss retrocessional reinsurance to insure insurance and reinsurance companies against natural and man-made catastrophes, including hurricanes, earthquakes, typhoons, and tsunamis, as well as claims arising from other natural and man-made catastrophes comprising winter storms, freezes, floods, fires, windstorms, tornadoes, explosions, and acts of terrorism; and other property class of products, such as proportional reinsurance, property per risk, property reinsurance, binding facilities, and regional U.S. multi-line reinsurance. The Casualty and Specialty segment writes various classes of products, such as directors and officers, medical malpractice, and professional indemnity; automobile and employer's liability, casualty clash, umbrella or excess casualty, workers' compensation, and general liability; financial and mortgage guaranty, political risk, surety, and trade credit; and accident and health, agriculture, aviation, cyber, energy, marine, satellite, and terrorism. The company distributes its products and services primarily through intermediaries. RenaissanceRe Holdings Ltd. was founded in 1993 and is headquartered in Pembroke, Bermuda.",Kevin Joseph O'Donnell,Insurance - Reinsurance,292.21,USD,12707893222,https://images.financialmodelingprep.com/symbol/RNR.png,387552.0,1995-07-27,5.22,-3.74,204807,4137364000,2682334000,"[{'period': '2025', 'revenue': 12.75, 'unit': 'B', 'net_profit': 2.68}, {'period': '2024', 'revenue': 11.65, 'unit': 'B', 'net_profit': 1.87}, {'period': '2023', 'revenue': 9.09, 'unit': 'B', 'net_profit': 2.56}, {'period': '2022', 'revenue': 5.05, 'unit': 'B', 'net_profit': -1.06}]","[{'period': ""Q4 '25"", 'revenue': 2920.0, 'unit': 'M', 'net_profit': 760.48}, {'period': ""Q3 '25"", 'revenue': 3190.0, 'unit': 'M', 'net_profit': 916.51}, {'period': ""Q2 '25"", 'revenue': 3190.0, 'unit': 'M', 'net_profit': 835.35}, {'period': ""Q1 '25"", 'revenue': 3450.0, 'unit': 'M', 'net_profit': 169.99}, {'period': ""Q4 '24"", 'revenue': 2280.0, 'unit': 'M', 'net_profit': -189.66}, {'period': ""Q3 '24"", 'revenue': 3.97, 'unit': 'B', 'net_profit': 1.18}]",56.76,56.62,53800390000,45752485000,32958126000,34589641000,11800578000,4846264000,9101793000,1731181000,3693107000,0.23673814426086812,0.43412711991274405,0.6074766355140185,"[0.41, 0.4797]","['2026-03-13', '1995-11-17']",__nan__,0.6429254694993847
301,ROG,Rogers Corporation Common Stock,"Rogers Corporation designs, develops, manufactures, and sells engineered materials and components worldwide. It operates through Advanced Electronics Solutions (AES), Elastomeric Material Solutions (EMS), and Other segments. The AES segment offers circuit materials, ceramic substrate materials, busbars, and cooling solutions for applications in electric and hybrid electric vehicles (EV/HEV), wireless infrastructure, automotive, telematics and thermal solutions, aerospace and defense, mass transit, clean energy, connected devices, and wired infrastructure markets. This segment sells its products under the curamik, ROLINX, RO4000, RO3000, RT/duroid, CLTE Series, TMM, AD Series, DiClad, CuClad Series, Kappa, COOLSPAN, TC Series, 92ML, IsoClad, MAGTREX, XTremeSpeed RO1200, IM Series, 2929 Bondply, 3001 Bondply Film, and SpeedWave names. The EMS segment provides engineered material solutions, including polyurethane and silicone materials used in cushioning, gasketing, sealing, and vibration management applications; customized silicones used in flex heater and semiconductor thermal applications; and polytetrafluoroethylene and ultra-high molecular weight polyethylene materials used in wire and cable protection, electrical insulation, conduction and shielding, hose and belt protection, vibration management, cushioning, gasketing and sealing, and venting applications. This segment sells its products under the PORON, BISCO, DeWAL, ARLON, eSORBA, Griswold, XRD, Silicone Engineering, and R/bak names. The Other segment provides elastomer components; and elastomer floats for level sensing in fuel tanks, motors, and storage tanks for applications in the general industrial and automotive markets under the ENDUR and NITROPHYL names. Rogers Corporation was founded in 1832 and is headquartered in Chandler, Arizona.",Raymond Sean Reeder,"Hardware, Equipment & Parts",109.33,USD,1949102441,https://images.financialmodelingprep.com/symbol/ROG.png,157647.0,1980-03-17,-32.16,0.04,123220,7800000,-61800000,"[{'period': '2025', 'revenue': 810.8, 'unit': 'M', 'net_profit': -61.8}, {'period': '2024', 'revenue': 830.1, 'unit': 'M', 'net_profit': 26.1}, {'period': '2023', 'revenue': 908.4, 'unit': 'M', 'net_profit': 56.6}, {'period': '2022', 'revenue': 971.2, 'unit': 'M', 'net_profit': 116.6}]","[{'period': ""Q4 '25"", 'revenue': 201.5, 'unit': 'M', 'net_profit': 4.6}, {'period': ""Q3 '25"", 'revenue': 208.4, 'unit': 'M', 'net_profit': 8.6}, {'period': ""Q2 '25"", 'revenue': 202.8, 'unit': 'M', 'net_profit': -73.6}, {'period': ""Q1 '25"", 'revenue': 190.5, 'unit': 'M', 'net_profit': -1.4}, {'period': ""Q4 '24"", 'revenue': 192200.0, 'unit': 'K', 'net_profit': -500.0}, {'period': ""Q3 '24"", 'revenue': 210.3, 'unit': 'M', 'net_profit': 10.7}]",-3.36,-3.36,1429900000,500000000,197000000,234200000,163200000,48100000,126100000,197000000,101200000,-0.9206510681586979,-3.367816091954023,-3.4,"[0.0075, 0.0075]","['1992-01-09', '1990-01-09']",__nan__,0.16378767745996223
302,ROK,Rockwell Automation Inc. Common Stock,"Rockwell Automation, Inc. provides industrial automation and digital transformation solutions in the United States and internationally. The company operates in three segments, Intelligent Devices, Software & Control, and Lifecycle Services. Its solutions include hardware and software products, and services. The Intelligent Devices segment offers drives, motion, safety, sensing, industrial components, and configured-to-order products. The Software & Control segment provides control and visualization software and hardware, information software, digital twin and simulation software, and network and security infrastructure solutions. The Lifecycle Services segment provides consulting, professional services and solutions, and connected and maintenance services. The company sells its solutions primarily through independent distributors in relation with its direct sales force. It serves discrete end markets, including automotive, semiconductor, warehousing and logistics, and other discrete markets, as well as general industries comprising printing and publishing, marine, glass, fiber and textiles, airports, and aerospace; hybrid end markets, such as food and beverage, life sciences, household and personal care, and tire, as well as eco industrial, including water/wastewater, waste management, mass transit, and renewable energy; and process end markets comprising oil and gas, mining, metals, chemicals, pulp and paper, and others. Rockwell Automation, Inc. was founded in 1903 and is headquartered in Milwaukee, Wisconsin.",Blake D. Moret,Industrial - Machinery,351.5,USD,39520264176,https://images.financialmodelingprep.com/symbol/ROK.png,987220.0,1981-12-31,40.17,-3.32,663611,1398000000,869000000,"[{'period': '2025', 'revenue': 8340.0, 'unit': 'M', 'net_profit': 869.0}, {'period': '2024', 'revenue': 8260.0, 'unit': 'M', 'net_profit': 952.5}, {'period': '2023', 'revenue': 9.06, 'unit': 'B', 'net_profit': 1.39}, {'period': '2022', 'revenue': 7760.0, 'unit': 'M', 'net_profit': 932.2}]","[{'period': ""Q1 '26"", 'revenue': 2100.0, 'unit': 'M', 'net_profit': 305.0}, {'period': ""Q4 '25"", 'revenue': 2320.0, 'unit': 'M', 'net_profit': 138.0}, {'period': ""Q3 '25"", 'revenue': 2140.0, 'unit': 'M', 'net_profit': 295.0}, {'period': ""Q2 '25"", 'revenue': 2000.0, 'unit': 'M', 'net_profit': 252.0}, {'period': ""Q1 '25"", 'revenue': 1880.0, 'unit': 'M', 'net_profit': 184.0}, {'period': ""Q4 '24"", 'revenue': 2040.0, 'unit': 'M', 'net_profit': 239.1}]",7.69,7.67,11219000000,3911000000,468000000,7508000000,1931000000,183000000,3445000000,468000000,1358000000,-0.10813397129186603,-0.08766404199475065,-0.07572115384615383,"[1.38, 0.39]","['2026-02-23', '1982-02-16']",__nan__,0.6692218557803726
303,ROL,Rollins Inc. Common Stock,"Rollins, Inc., through its subsidiaries, provides pest and wildlife control services to residential and commercial customers in the United States and internationally. The company offers pest control services to residential properties protecting from common pests, including rodents, insects, and wildlife. It also provides workplace pest control solutions for customers across various end markets, such as healthcare, foodservice, and logistics. In addition, the company offers traditional and baiting termite protection, as well as ancillary services. It serves clients directly, as well as through franchisee operations. Rollins, Inc. was incorporated in 1948 and is headquartered in Atlanta, Georgia.",Jerry E. Gahlhoff Jr.,Personal Products & Services,52.46,USD,25238086320,https://images.financialmodelingprep.com/symbol/ROL.png,3012127.0,1980-03-17,48.13,-0.35,1756048,854228000,526705000,"[{'period': '2025', 'revenue': 3760.0, 'unit': 'M', 'net_profit': 526.71}, {'period': '2024', 'revenue': 3390.0, 'unit': 'M', 'net_profit': 466.38}, {'period': '2023', 'revenue': 3070.0, 'unit': 'M', 'net_profit': 434.96}, {'period': '2022', 'revenue': 2700.0, 'unit': 'M', 'net_profit': 368.6}]","[{'period': ""Q4 '25"", 'revenue': 912.91, 'unit': 'M', 'net_profit': 116.44}, {'period': ""Q3 '25"", 'revenue': 1030.0, 'unit': 'M', 'net_profit': 163.53}, {'period': ""Q2 '25"", 'revenue': 999.53, 'unit': 'M', 'net_profit': 141.49}, {'period': ""Q1 '25"", 'revenue': 822.5, 'unit': 'M', 'net_profit': 105.25}, {'period': ""Q4 '24"", 'revenue': 832.17, 'unit': 'M', 'net_profit': 105.67}, {'period': ""Q3 '24"", 'revenue': 916.27, 'unit': 'M', 'net_profit': 136.91}]",1.09,1.09,3140523000,472682000,100004000,1766202000,247241000,110057000,785525000,100004000,650021000,0.1087476831541293,0.129349734872282,0.1354166666666668,"[0.1825, 1.9721]","['2026-02-25', '1985-02-05']",__nan__,0.562391041237399
304,ROP,Roper Technologies Inc. Common Stock,"Roper Technologies, Inc. designs and develops software, and engineered products and solutions. The company offers management, campus solutions, diagnostic and laboratory information management, enterprise management, information solutions, transportation management, financial and compliance management, and cloud-based financial analytics and performance management software; cloud-based software to the property and casualty insurance industry; and software, services, and technologies for foodservice operations. It also provides cloud-based data, collaboration, and estimating automation software; electronic marketplace; visual effects and 3D content software; wireless sensor network and solutions; cloud-based software for the life insurance and financial services industries; supply chain software; health care service and software; RFID card readers; data analytics and information; and pharmacy software solutions. In addition, the company offers precision rubber and polymer testing instruments, and data analysis software; ultrasound accessories; testing and analyzing plastic solutions; dispensers and metering pumps; control valves; precision weighing equipment; automated surgical scrub and linen dispensing equipment; water meters; optical and electromagnetic measurement systems; automated leak detection equipment; medical devices; products and services for water and gas utilities; and equipment and consumables. It also provides temperature control and emergency shutoff valves; turbomachinery control hardware, software, and services; specialized pumps; flow meter calibrators and controllers; vibration monitoring systems and controls; analytical instrument; drilling power section; and pressure and level sensors. The company was formerly known as Roper Industries, Inc. and changed its name to Roper Technologies, Inc. in April 2015. The company was incorporated in 1981 and is based in Sarasota, Florida.",Laurence Neil Hunn,Industrial - Machinery,344.42,USD,37072486396,https://images.financialmodelingprep.com/symbol/ROP.png,1627606.0,1992-02-13,24.27,-6.65,1228116,3133300000,1536300000,"[{'period': '2025', 'revenue': 7.9, 'unit': 'B', 'net_profit': 1.54}, {'period': '2024', 'revenue': 7.04, 'unit': 'B', 'net_profit': 1.55}, {'period': '2023', 'revenue': 6.18, 'unit': 'B', 'net_profit': 1.36}, {'period': '2022', 'revenue': 5.37, 'unit': 'B', 'net_profit': 1.19}]","[{'period': ""Q4 '25"", 'revenue': 2060.0, 'unit': 'M', 'net_profit': 428.4}, {'period': ""Q3 '25"", 'revenue': 2020.0, 'unit': 'M', 'net_profit': 398.5}, {'period': ""Q2 '25"", 'revenue': 1940.0, 'unit': 'M', 'net_profit': 378.3}, {'period': ""Q1 '25"", 'revenue': 1880.0, 'unit': 'M', 'net_profit': 331.1}, {'period': ""Q4 '24"", 'revenue': 1880.0, 'unit': 'M', 'net_profit': 462.3}, {'period': ""Q3 '24"", 'revenue': 1760.0, 'unit': 'M', 'net_profit': 367.9}]",14.31,14.2,34577000000,1928100000,297400000,14695500000,1253200000,796300000,3725600000,297400000,2492900000,0.030962095288233744,-0.008390886206673982,-0.01105736005528681,"[0.91, 0.04]","['2026-04-06', '1992-04-20']",__nan__,0.4250079532637302
305,ROSS,Ross Acquisition Corp II Class A Ordinary Shares,"Ross Acquisition Corp II does not have significant operations. It intends to effect a merger, share exchange, asset acquisition, share purchase, reorganization, or similar business combination with one or more businesses or entities. The company was incorporated in 2021 and is based in Palm Beach, Florida.",Wilbur Louis Ross Jr.,Shell Companies,11.08,USD,151420377,https://images.financialmodelingprep.com/symbol/ROSS.png,20701.0,2021-05-03,58.31578947368421,-0.04,3448,-25640630,35119618,"[{'period': '2022', 'revenue': 0.0, 'unit': 'M', 'net_profit': 35.12}, {'period': '2021', 'revenue': 0.0, 'unit': 'M', 'net_profit': 8.18}]","[{'period': ""Q3 '25"", 'revenue': 0.0, 'unit': 'M', 'net_profit': -6.63}, {'period': ""Q4 '24"", 'revenue': 0.0, 'unit': 'M', 'net_profit': -8.49}, {'period': ""Q3 '23"", 'revenue': 0.0, 'unit': 'M', 'net_profit': 2.06}, {'period': ""Q2 '23"", 'revenue': 0.0, 'unit': 'M', 'net_profit': 2.31}, {'period': ""Q1 '23"", 'revenue': 0.0, 'unit': 'M', 'net_profit': -1.42}, {'period': ""Q4 '22"", 'revenue': 0.0, 'unit': 'M', 'net_profit': 4.68}]",0.81,0.81,1861597,20829,0,16038978,0,1840768,2899638,0,-1101998,-1.2224524940782284,3.2932416160465317,2.681818181818182,__nan__,__nan__,__nan__,8.615708985349675
306,ROT,Rotor Acquisition Corp. Class A Common Stock,"Rotor Acquisition Corp. does not have significant operations. It intends to effect a merger, capital stock exchange, asset acquisition, stock purchase, reorganization, or similar business combination with one or more businesses or entities. The company was incorporated in 2020 and is based in New York, New York.",,Shell Companies,10.05,USD,1554141970,https://images.financialmodelingprep.com/symbol/ROT.png,210101.0,2022-01-31,0.0,0.0,160194,-32404000,10039000,"[{'period': '2025', 'revenue': 5.25, 'unit': 'M', 'net_profit': 10.04}, {'period': '2024', 'revenue': 7.79, 'unit': 'M', 'net_profit': -72.62}]","[{'period': ""Q4 '25"", 'revenue': 1.66, 'unit': 'M', 'net_profit': -1.49}, {'period': ""Q3 '25"", 'revenue': 0.86, 'unit': 'M', 'net_profit': -3.74}, {'period': ""Q2 '25"", 'revenue': 1.01, 'unit': 'M', 'net_profit': -7.49}, {'period': ""Q1 '25"", 'revenue': 1.71, 'unit': 'M', 'net_profit': 22.76}, {'period': ""Q4 '24"", 'revenue': 7.79, 'unit': 'M', 'net_profit': -58.62}, {'period': ""Q2 '21"", 'revenue': 0.0, 'unit': 'M', 'net_profit': -14.0}]",0.26,0.24,95712000,52557000,47055000,21037000,3510000,0,5666000,18219000,-28350000,-0.20358058165880474,1.138245865293251,1.0959409594095941,__nan__,__nan__,__nan__,0.21979480106987628
307,RPAI,Retail Properties of America Inc. Class A Common Stock,"Retail Properties of America, Inc. is a REIT that owns and operates high quality, strategically located open-air shopping centers, including properties with a mixed-use component. As of September 30, 2020, the Company owned 102 retail operating properties in the United States representing 20.0 million square feet. The Company is publicly traded on the New York Stock Exchange under the ticker symbol RPAI.",Steven Grimes,REIT - Retail,,USD,0,https://images.financialmodelingprep.com/symbol/RPAI.png,0.0,2012-04-05,,,,259043000,14571000,"[{'period': '2020', 'revenue': 430.04, 'unit': 'M', 'net_profit': 14.57}, {'period': '2019', 'revenue': 481.69, 'unit': 'M', 'net_profit': 32.4}, {'period': '2018', 'revenue': 482.5, 'unit': 'M', 'net_profit': 77.64}, {'period': '2017', 'revenue': 538.14, 'unit': 'M', 'net_profit': 251.49}]","[{'period': ""Q2 '21"", 'revenue': 121.24, 'unit': 'M', 'net_profit': 15.4}, {'period': ""Q1 '21"", 'revenue': 119.38, 'unit': 'M', 'net_profit': 4.71}, {'period': ""Q4 '20"", 'revenue': 107.19, 'unit': 'M', 'net_profit': 1.85}, {'period': ""Q3 '20"", 'revenue': 107.36, 'unit': 'M', 'net_profit': -2.29}, {'period': ""Q2 '20"", 'revenue': 96.8, 'unit': 'M', 'net_profit': -7.35}, {'period': ""Q1 '20"", 'revenue': 118.69, 'unit': 'M', 'net_profit': 22.36}]",0.0683,0.0683,3637203000,115768000,41785000,2055073000,73983000,0,91547000,41785000,120256000,-0.1465963411861989,-0.5502361329752755,-0.5446666666666666,"[0.075, 0.17]","['2021-09-30', '2012-03-28']",__nan__,0.565014655492146
308,RPM,RPM International Inc. Common Stock,"RPM International Inc. manufactures, markets, and sells specialty chemicals for the industrial, specialty, and consumer markets worldwide. It offers waterproofing, coating, and institutional roofing systems; sealants, air barriers, tapes, and foams; residential home weatherization systems; roofing and building maintenance services; sealing and bonding, subfloor preparation, flooring, and glazing solutions; resin flooring systems, polyurethane, MMA waterproof, epoxy floor paint and coatings, concrete repair, and protection products; solutions for fire stopping and intumescent steel coating, and manufacturing industry; rolled asphalt roofing materials and chemical admixtures; concrete and masonry admixtures, concrete fibers, curing and sealing compounds, structural grouts and mortars, epoxy adhesives, injection resins, polyurethane foams, floor hardeners and toppings, joint fillers, industrial and architectural coatings, decorative color/stains/stamps, and restoration materials; insulated building cladding materials; and concrete form wall systems. It also provides polymer flooring systems; fiberglass reinforced plastic gratings and shapes; corrosion-control coating, containment and railcar lining, fire and sound proofing, and heat and cryogenic insulation products; specialty construction products; amine curing agents, reactive diluents, and epoxy resins; fluorescent colorants and pigments; shellac-based-specialty and marine coatings; fire and water damage restoration, carpet cleaning, and disinfecting products; fuel additives; wood treatments, and touch-up products; and nail enamels, polishes, and coating components. In addition, it offers paint contractors and the DIYers solutions, concrete restoration and flooring, metallic and faux finish coatings, cleaners, and hobby paints and cements; and caulk, sealant, adhesive, insulating foam, spackling, glazing, patch, and repair products. The company was incorporated in 1947 and is headquartered in Medina, Ohio.",Frank C. Sullivan,Chemicals - Specialty,97.55,USD,12493782877,https://images.financialmodelingprep.com/symbol/RPM.png,1053769.0,1980-03-17,18.8,-0.82,663889,1083143000,688688000,"[{'period': '2025', 'revenue': 7370.0, 'unit': 'M', 'net_profit': 688.69}, {'period': '2024', 'revenue': 7340.0, 'unit': 'M', 'net_profit': 588.4}, {'period': '2023', 'revenue': 7260.0, 'unit': 'M', 'net_profit': 478.69}, {'period': '2022', 'revenue': 6710.0, 'unit': 'M', 'net_profit': 491.48}]","[{'period': ""Q2 '26"", 'revenue': 1910.0, 'unit': 'M', 'net_profit': 161.21}, {'period': ""Q1 '26"", 'revenue': 2110.0, 'unit': 'M', 'net_profit': 227.6}, {'period': ""Q4 '25"", 'revenue': 2080.0, 'unit': 'M', 'net_profit': 225.76}, {'period': ""Q3 '25"", 'revenue': 1480.0, 'unit': 'M', 'net_profit': 52.03}, {'period': ""Q2 '25"", 'revenue': 1850.0, 'unit': 'M', 'net_profit': 183.2}, {'period': ""Q1 '25"", 'revenue': 1970.0, 'unit': 'M', 'net_profit': 227.69}]",5.38,5.35,7775949000,3170298000,302137000,4889167000,1509109000,0,1467447000,302137000,538260000,0.0056505830239253815,0.17044784388771528,0.1746724890829694,"[0.54, 0.2184]","['2026-01-16', '1985-01-14']",__nan__,0.6287550239848538
309,RPT,RPT Realty Common Stock,"RPT Realty owns and operates a national portfolio of open-air shopping destinations principally located in top U.S. markets. The Company's shopping centers offer diverse, locally-curated consumer experiences that reflect the lifestyles of their surrounding communities and meet the modern expectations of the Company's retail partners. The Company is a fully integrated and self-administered REIT publicly traded on the New York Stock Exchange. The common shares of the Company, par value $0.01 per share are listed and traded on the NYSE under the ticker symbol RPT. As of June 30, 2020, our property portfolio consisted of 49 shopping centers (including five shopping centers owned through a joint venture) representing 11.9 million square feet of gross leasable area. As of June 30, 2020, the Company's pro-rata share of the aggregate portfolio was 93.6% leased.",Michael Nierenberg,REIT - Mortgage,13.12,USD,99335587,https://images.financialmodelingprep.com/symbol/RPT.png,39522.0,2015-02-13,-36.44,-0.17,14152,38921000,1472000,"[{'period': '2025', 'revenue': 52.8, 'unit': 'M', 'net_profit': 1.47}, {'period': '2024', 'revenue': 47.22, 'unit': 'M', 'net_profit': -91.83}, {'period': '2023', 'revenue': -16.86, 'unit': 'M', 'net_profit': -47.07}, {'period': '2022', 'revenue': 217.66, 'unit': 'M', 'net_profit': -15.01}]","[{'period': ""Q4 '25"", 'revenue': 12.54, 'unit': 'M', 'net_profit': 3.24}, {'period': ""Q3 '25"", 'revenue': 11430.0, 'unit': 'K', 'net_profit': -273.0}, {'period': ""Q2 '25"", 'revenue': 4.69, 'unit': 'M', 'net_profit': 1.9}, {'period': ""Q1 '25"", 'revenue': 11.32, 'unit': 'M', 'net_profit': -3.39}, {'period': ""Q4 '24"", 'revenue': 13.27, 'unit': 'M', 'net_profit': 2.91}, {'period': ""Q3 '24"", 'revenue': 9.07, 'unit': 'M', 'net_profit': -8.03}]",-0.36,-0.36,1041527000,498629000,79321000,750430000,362829000,542898000,415680000,79321000,-4495000,1.8760466372557847,1.0160287472096696,0.9737991266375546,"[0.36, 0.0317]","['2026-01-30', '1989-04-10']",__nan__,0.7205094059011432
310,RQI,Cohen & Steers Quality Income Realty Fund Inc Common Shares,"Cohen & Steers Quality Income Realty Fund, Inc. is a closed-ended equity mutual fund launched by Cohen & Steers, Inc. The fund is managed by Cohen & Steers Capital Management, Inc. It invests in the public equity markets of the United States. The fund seeks to invest in stocks of companies operating in the real estate sector, including real estate investment trusts. It primarily invests in growth stocks of companies across all market capitalizations. The fund employs fundamental analysis focusing on such factors as underlying potential for success in light of the company's current financial condition, its industry and sector position, economic and market condition, earnings growth, current ratio of debt to capital, and the quality of management to create its portfolio. It benchmarks the performance of its portfolio against the S&P 500 Index, the FTSE NAREIT Equity REIT index, and a composite index of 80% FTSE NAREIT Equity REIT Index and 20% BofA Merrill Lynch REIT Preferred Securities Index. The fund was previously known as Cohen & Steers Income Realty Fund Inc. Cohen & Steers Quality Income Realty Fund, Inc. was formed on February 28, 2002 and is domiciled in the United States.",Adam Derechin,Asset Management - Income,11.7,USD,1572847860,https://images.financialmodelingprep.com/symbol/RQI.png,559962.0,2002-02-26,33.43,-0.16,357438,82867428,47287117,"[{'period': '2025', 'revenue': 220.71, 'unit': 'M', 'net_profit': 47.29}, {'period': '2024', 'revenue': 88.09, 'unit': 'M', 'net_profit': 98.61}, {'period': '2023', 'revenue': 137.62, 'unit': 'M', 'net_profit': 234.95}, {'period': '2022', 'revenue': 160.4, 'unit': 'M', 'net_profit': -645.33}]","[{'period': ""Q4 '25"", 'revenue': 55.28, 'unit': 'M', 'net_profit': -27.67}, {'period': ""Q2 '25"", 'revenue': 42.93, 'unit': 'M', 'net_profit': 74.96}, {'period': ""Q4 '24"", 'revenue': 177.14, 'unit': 'M', 'net_profit': 111.63}, {'period': ""Q2 '24"", 'revenue': 84.71, 'unit': 'M', 'net_profit': -13.02}, {'period': ""Q4 '23"", 'revenue': 49.15, 'unit': 'M', 'net_profit': 122.79}, {'period': ""Q2 '23"", 'revenue': 88.47, 'unit': 'M', 'net_profit': 112.16}]",0.35,0.35,2358455331,21997435,10045845,733479441,11951590,2328706924,0,252500,27360090,-0.4113580828797458,-0.5204769680192789,-0.5205479452054794,"[0.09, 0.105]","['2026-06-09', '2002-04-11']",__nan__,0.31099992921595854
311,RRC,Range Resources Corporation Common Stock,"Range Resources Corporation operates as an independent natural gas, natural gas liquids (NGLs), and oil company in the United States. The company engages in the exploration, development, and acquisition of natural gas and oil properties. As of December 31, 2021, the company owned and operated 1,350 net producing wells and approximately 794,000 net acres under lease located in the Appalachian region of the northeastern United States. It markets and sells natural gas and NGLs to utilities, marketing and midstream companies, and industrial users; petrochemical end users, marketers/traders, and natural gas processors; and oil and condensate to crude oil processors, transporters, and refining and marketing companies. The company was formerly known as Lomak Petroleum, Inc. and changed its name to Range Resources Corporation in 1998. Range Resources Corporation was founded in 1976 and is headquartered in Fort Worth, Texas.",Dennis L. Degner,Oil & Gas Exploration & Production,47.65,USD,11289991156,https://images.financialmodelingprep.com/symbol/RRC.png,3353994.0,1980-06-19,17.39,0.82,2737427,1335985000,658024000,"[{'period': '2025', 'revenue': 2990.0, 'unit': 'M', 'net_profit': 658.02}, {'period': '2024', 'revenue': 2350.0, 'unit': 'M', 'net_profit': 266.34}, {'period': '2023', 'revenue': 2540.0, 'unit': 'M', 'net_profit': 871.14}, {'period': '2022', 'revenue': 5.33, 'unit': 'B', 'net_profit': 1.18}]","[{'period': ""Q4 '25"", 'revenue': 787.26, 'unit': 'M', 'net_profit': 179.09}, {'period': ""Q3 '25"", 'revenue': 655.59, 'unit': 'M', 'net_profit': 144.31}, {'period': ""Q2 '25"", 'revenue': 699.65, 'unit': 'M', 'net_profit': 237.58}, {'period': ""Q1 '25"", 'revenue': 846.33, 'unit': 'M', 'net_profit': 97.05}, {'period': ""Q4 '24"", 'revenue': 666.98, 'unit': 'M', 'net_profit': 94.84}, {'period': ""Q3 '24"", 'revenue': 567.91, 'unit': 'M', 'net_profit': 50.66}]",2.76,2.74,7421948000,444480000,204000,3103267000,358687000,0,661152000,204000,589835000,0.8358528497950445,1.470616505218893,1.5090909090909086,"[0.1, 0.007]","['2026-03-13', '1995-12-13']",__nan__,0.418120283246393
312,RRD,R.R. Donnelley & Sons Company Common Stock,"R. R. Donnelley & Sons Company, an integrated communications provider, enables organizations to create, manage, deliver, and optimize their multichannel marketing and business communications. Its Business Services segment offers commercial printing products and branded materials, including manuals, publications, brochures, business cards, flyers, post cards, posters, and promotional items; and packaging solutions comprising rigid boxes and in-box print materials for clients in the consumer electronics, life sciences, cosmetics, and consumer packaged goods industries. It also provides and distribution, shipping, healthcare, durable goods, promotional, and consumer product goods packaging labels; and customer billings, financial statements, healthcare communications, and insurance document statement printing services. In addition, this segment offers workflow design, assembly, configuration, kitting, and fulfillment services for clients in the life sciences and healthcare, consumer electronics, telecommunications, cosmetics, education, and industrial industries. Further, it provides invoices, order, and business forms that support the private and public sectors; and outsourcing services, such as creative services, research and analytics, financial management, and other services for legal providers, insurance, telecommunications, utilities, retail, and financial services companies. The company's Marketing Solutions segment offers direct marketing, such as audience segmentation, creative development, program testing, print production, postal optimization, and performance analytics for large-scale personalized direct mail programs; and in-store marketing, digital print, kitting, fulfillment, digital, and creative solutions and list services. It operates in the United States, Asia, Europe, and internationally. The company was founded in 1864 and is headquartered in Chicago, Illinois.",Daniel Knotts,Specialty Business Services,10.84,USD,0,https://images.financialmodelingprep.com/symbol/RRD.png,1990404.0,1992-05-01,225.83333333333334,0.0,447076,308200000,3800000,"[{'period': '2021', 'revenue': 4960.0, 'unit': 'M', 'net_profit': 3.8}, {'period': '2020', 'revenue': 4770.0, 'unit': 'M', 'net_profit': 98.5}, {'period': '2019', 'revenue': 6280.0, 'unit': 'M', 'net_profit': -93.2}, {'period': '2018', 'revenue': 6800.0, 'unit': 'M', 'net_profit': -11.0}]","[{'period': ""Q4 '21"", 'revenue': 1380.0, 'unit': 'M', 'net_profit': -13.4}, {'period': ""Q3 '21"", 'revenue': 1270.0, 'unit': 'M', 'net_profit': 28.3}, {'period': ""Q2 '21"", 'revenue': 1150.0, 'unit': 'M', 'net_profit': -9.4}, {'period': ""Q1 '21"", 'revenue': 1170.0, 'unit': 'M', 'net_profit': -1.3}, {'period': ""Q4 '20"", 'revenue': 1350.0, 'unit': 'M', 'net_profit': 177.6}, {'period': ""Q3 '20"", 'revenue': 1190.0, 'unit': 'M', 'net_profit': -8.9}]",0.051,0.051,3131400000,1806800000,280200000,3296300000,1063400000,0,1319000000,280200000,18800000,0.13726937269372694,-0.9614213197969543,-0.9625,"[0.03, 0.0967]","['2020-02-13', '1985-08-05']",__nan__,1.0526601520086862
313,RS,Reliance Steel & Aluminum Co. Common Stock (DE),"Reliance Steel & Aluminum Co. operates as a diversified metal solutions provider and the metals service center company in the United States, Canada, and internationally. The company distributes a line of approximately 100,000 metal products, including alloy, aluminum, brass, copper, carbon steel, stainless steel, titanium, and specialty steel products; and provides metals processing services to general manufacturing, non-residential construction, transportation, aerospace, energy, electronics and semiconductor fabrication, and heavy industries. It also distributes non-ferrous metals products and tubular building products; and manufactures specialty extruded metals, fabricated parts, and welded components. As of December 31, 2021, the company operated a network of approximately 315 locations in 40 states in the United States and 13 in other countries. It sells its products directly to original equipment manufacturers, which primarily include small machine shops and fabricators. The company was founded in 1939 and is headquartered in Los Angeles, California.",Karla R. Lewis,Steel,299.59,USD,15664651245,https://images.financialmodelingprep.com/symbol/RS.png,361940.0,1994-09-16,21.41,-0.01,225210,1303100000,739400000,"[{'period': '2025', 'revenue': 14290.0, 'unit': 'M', 'net_profit': 739.4}, {'period': '2024', 'revenue': 13840.0, 'unit': 'M', 'net_profit': 875.2}, {'period': '2023', 'revenue': 14.81, 'unit': 'B', 'net_profit': 1.34}, {'period': '2022', 'revenue': 17.02, 'unit': 'B', 'net_profit': 1.84}]","[{'period': ""Q4 '25"", 'revenue': 3500.0, 'unit': 'M', 'net_profit': 116.5}, {'period': ""Q3 '25"", 'revenue': 3650.0, 'unit': 'M', 'net_profit': 189.5}, {'period': ""Q2 '25"", 'revenue': 3660.0, 'unit': 'M', 'net_profit': 233.7}, {'period': ""Q1 '25"", 'revenue': 3480.0, 'unit': 'M', 'net_profit': 199.7}, {'period': ""Q4 '24"", 'revenue': 3130.0, 'unit': 'M', 'net_profit': 105.3}, {'period': ""Q3 '24"", 'revenue': 3420.0, 'unit': 'M', 'net_profit': 199.2}]",14.07,13.98,10373300000,4141100000,216600000,3193800000,1539900000,0,848100000,216600000,502500000,-0.10062806266823107,-0.15516453382084094,-0.10382165605095535,"[1.25, 0.025]","['2026-03-06', '1994-12-13']",__nan__,0.3078865934659173
314,RSF,RiverNorth Specialty Finance Corporation,"RiverNorth Capital & Income Fund, Inc.. is a non-diversified, closed end management investment company. Its investment objective is to seek a high level of current income. The firm seeks to accomplish its objective by constructing a diversified portfolio of consumer, small business and specialty finance debt assets generated from selected marketplace lending originators. The company was founded on June 9, 2015 and is headquartered in West Palm Beach, FL.",Patrick William Galley,Asset Management,14.58,USD,61995035,https://images.financialmodelingprep.com/symbol/RSF.png,15123.0,2019-06-13,13.38,-0.49,2738,3540090,3540090,"[{'period': '2024', 'revenue': 6.32, 'unit': 'M', 'net_profit': 3.54}, {'period': '2023', 'revenue': 11.52, 'unit': 'M', 'net_profit': 7.24}, {'period': '2022', 'revenue': 10.22, 'unit': 'M', 'net_profit': 3.37}, {'period': '2021', 'revenue': 12200.0, 'unit': 'K', 'net_profit': -57.16}]","[{'period': ""Q2 '25"", 'revenue': 1.99, 'unit': 'M', 'net_profit': 3.01}, {'period': ""Q4 '24"", 'revenue': 5.35, 'unit': 'M', 'net_profit': 1.18}, {'period': ""Q2 '24"", 'revenue': 8.6, 'unit': 'M', 'net_profit': 2.36}, {'period': ""Q4 '23"", 'revenue': 6.19, 'unit': 'M', 'net_profit': 3.78}, {'period': ""Q2 '23"", 'revenue': 6.27, 'unit': 'M', 'net_profit': 3.46}, {'period': ""Q4 '22"", 'revenue': 5.62, 'unit': 'M', 'net_profit': 2.98}]",1.07,1.07,52510158,0,4343008,125401,374076,0,0,141677,67226505,-0.54107697421333,-0.5111038745275851,-0.398876404494382,"[0.1371, 0.35489]","['2026-03-16', '2016-12-29']",__nan__,0.0023881284074597528
315,RSG,Republic Services Inc. Common Stock,"Republic Services, Inc., together with its subsidiaries, offers environmental services in the United States. The company offers collection and processing of recyclable materials, collection, transfer and disposal of non-hazardous solid waste, and other environmental solutions. Its collection services include curbside collection of material for transport to transfer stations, landfills, or recycling processing centers; supply of recycling and waste containers; and renting of compactors. In addition, the company engages in the processing and sale of old corrugated containers, old newsprint, aluminum, glass, and other materials; and provision of landfill and transfer services. Further, it offers disposal of non-hazardous solid and liquid material and in-plant services, such as transportation and logistics. It serves small-container, large-container, and residential customers. As of December 31, 2021, the company operated through 356 collection operations, 239 transfer stations, 198 active landfills, 71 recycling processing centers, 6 saltwater disposal wells, and 7 deep injection wells, as well as 3 treatment, recovery, and disposal facilities in 41 states. It also operated 77 landfill gas-to-energy and renewable energy projects and had 124 closed landfills. The company was incorporated in 1996 and is based in Phoenix, Arizona.",Jon Vander Ark,Waste Management,215.83,USD,66682015567,https://images.financialmodelingprep.com/symbol/RSG.png,1371927.0,1998-07-01,31.55,-1.44,1063483,5250000000,2139000000,"[{'period': '2025', 'revenue': 16.59, 'unit': 'B', 'net_profit': 2.14}, {'period': '2024', 'revenue': 16.03, 'unit': 'B', 'net_profit': 2.04}, {'period': '2023', 'revenue': 14.96, 'unit': 'B', 'net_profit': 1.73}, {'period': '2022', 'revenue': 13.51, 'unit': 'B', 'net_profit': 1.49}]","[{'period': ""Q4 '25"", 'revenue': 4140.0, 'unit': 'M', 'net_profit': 545.0}, {'period': ""Q3 '25"", 'revenue': 4210.0, 'unit': 'M', 'net_profit': 550.0}, {'period': ""Q2 '25"", 'revenue': 4240.0, 'unit': 'M', 'net_profit': 550.0}, {'period': ""Q1 '25"", 'revenue': 4010.0, 'unit': 'M', 'net_profit': 495.0}, {'period': ""Q4 '24"", 'revenue': 4050.0, 'unit': 'M', 'net_profit': 512.0}, {'period': ""Q3 '24"", 'revenue': 4080.0, 'unit': 'M', 'net_profit': 565.7}]",6.86,6.85,34366000000,2523000000,335000000,22398000000,1897000000,0,3928000000,76000000,2409000000,0.10155266470835082,0.04698972099853157,0.055384615384615435,"[0.625, 0.06]","['2026-04-02', '2003-09-26']",__nan__,0.6517488215096316
316,RSI,Rush Street Interactive Inc. Class A Common Stock,"Rush Street Interactive, Inc. operates as an online casino and sports betting company in the United States and Latin America. It provides real-money online casino, online and retail sports betting, and social gaming services. In addition, the company offers full suite of games comprising of bricks-and-mortar casinos, table games, and slot machines. The company markets its online casino and sports betting under BetRivers.com, PlaySugarHouse.com, and RushBet.co brands. Rush Street Interactive, Inc. was founded in 2012 and is headquartered in Chicago, Illinois.",Richard Todd Schwartz,"Gambling, Resorts & Casinos",20.98,USD,4883820363,https://images.financialmodelingprep.com/symbol/RSI.png,2031306.0,2020-04-27,67.68,-0.47,1201143,127394000,33308000,"[{'period': '2025', 'revenue': 1130.0, 'unit': 'M', 'net_profit': 33.31}, {'period': '2024', 'revenue': 924.08, 'unit': 'M', 'net_profit': 2.39}, {'period': '2023', 'revenue': 691.16, 'unit': 'M', 'net_profit': -18.3}, {'period': '2022', 'revenue': 592.21, 'unit': 'M', 'net_profit': -38.63}]","[{'period': ""Q4 '25"", 'revenue': 324.89, 'unit': 'M', 'net_profit': 5.25}, {'period': ""Q3 '25"", 'revenue': 277.91, 'unit': 'M', 'net_profit': 6.05}, {'period': ""Q2 '25"", 'revenue': 269.22, 'unit': 'M', 'net_profit': 16.69}, {'period': ""Q1 '25"", 'revenue': 262.41, 'unit': 'M', 'net_profit': 5.32}, {'period': ""Q4 '24"", 'revenue': 254.17, 'unit': 'M', 'net_profit': 2.02}, {'period': ""Q3 '24"", 'revenue': 232.11, 'unit': 'M', 'net_profit': 1.19}]",0.35,0.14,658512000,406791000,340504000,355021000,35806000,2000000,210274000,340504000,164237000,1.254282276330691,12.948073701842546,10.986301369863012,__nan__,__nan__,__nan__,0.5391260903370022
317,RTP,Reinvent Technology Partners Class A Ordinary Shares,"Reinvent Technology Partners focuses on effecting a merger, share exchange, asset acquisition, share purchase, reorganization, or similar business combination with one or more businesses. The company intends to focus its search for a target business operating in the technology sectors. The company was incorporated in 2020 and is based in New York, New York.",Michael Neal Thompson CFA,Shell Companies,10.03,USD,6304717420,https://images.financialmodelingprep.com/symbol/RTP.png,1488639.0,2020-11-09,0.0,-0.47,1497593,40158000,-929842000,"[{'period': '2025', 'revenue': 53.42, 'unit': 'M', 'net_profit': -929.84}, {'period': '2024', 'revenue': 0.0, 'unit': 'M', 'net_profit': -608.03}]","[{'period': ""Q4 '25"", 'revenue': 30.85, 'unit': 'M', 'net_profit': -121.54}, {'period': ""Q3 '25"", 'revenue': 22.57, 'unit': 'M', 'net_profit': -401.23}, {'period': ""Q2 '25"", 'revenue': 0.0, 'unit': 'M', 'net_profit': -324.67}, {'period': ""Q1 '25"", 'revenue': 0.0, 'unit': 'M', 'net_profit': -82.41}, {'period': ""Q4 '24"", 'revenue': 0.0, 'unit': 'M', 'net_profit': -341.69}, {'period': ""Q3 '24"", 'revenue': 0.0, 'unit': 'M', 'net_profit': -143.88}]",-1.13,-1.13,1795069000,1445754000,1407916000,385356000,7139000,0,60026000,240810000,-563811000,1.067294060869303,-0.5292598769147778,-0.29885057471264354,__nan__,__nan__,__nan__,0.2146747562349971
318,RTPZ,Reinvent Technology Partners Z Class A Ordinary Shares,,,,,,,,,,,,,,,[],"[{'period': ""Q2 '21"", 'revenue': 0.0, 'unit': 'M', 'net_profit': -2.63}, {'period': ""Q1 '21"", 'revenue': 0.0, 'unit': 'M', 'net_profit': -2.46}, {'period': ""Q4 '20"", 'revenue': 0.0, 'unit': 'K', 'net_profit': -231.67}]",,,231716367,1697674,622985,8401244,0,0,151244,622985,,,,,__nan__,__nan__,__nan__,0.03625658432664793
319,RTX,Raytheon Technologies Corporation Common Stock,"RTX Corporation, an aerospace and defense company, provides systems and services for the commercial, military, and government customers in the United States and internationally. It operates through three segments: Collins Aerospace, Pratt & Whitney, and Raytheon. The Collins Aerospace Systems segment offers aerospace and defense products, and aftermarket service solutions for civil and military aircraft manufacturers and commercial airlines, as well as regional, business, and general aviation, defense, and commercial space operations. This segment also designs, produces, and supports cabin interior, including oxygen systems, food and beverage preparation, storage and galley systems, and lavatory and wastewater management systems; battlespace, test and training range systems, crew escape systems, and simulation and training solutions; information management services; and aftermarket services that include spare parts, overhaul and repair, engineering and technical support, training and fleet management solutions, and asset and information management services. Its Pratt & Whitney segment supplies aircraft engines for commercial, military, business jet, and general aviation customers; and produces, sells, and services military and commercial auxiliary power units. The Raytheon segment provides defensive and offensive threat detection, tracking, and mitigation capabilities for U.S., foreign government, and commercial customers. The company was formerly known as Raytheon Technologies Corporation and changed its name to RTX Corporation in July 2023. RTX Corporation was incorporated in 1934 and is headquartered in Arlington, Virginia.",Christopher T. Calio,Aerospace & Defense,189.71,USD,254645835900,https://images.financialmodelingprep.com/symbol/RTX.png,6124408.0,1952-09-15,38.33,-3.14,3860012,12887000000,6732000000,"[{'period': '2025', 'revenue': 88.6, 'unit': 'B', 'net_profit': 6.73}, {'period': '2024', 'revenue': 80.74, 'unit': 'B', 'net_profit': 4.77}, {'period': '2023', 'revenue': 68.92, 'unit': 'B', 'net_profit': 3.19}, {'period': '2022', 'revenue': 67.07, 'unit': 'B', 'net_profit': 5.2}]","[{'period': ""Q4 '25"", 'revenue': 24.24, 'unit': 'B', 'net_profit': 1.62}, {'period': ""Q3 '25"", 'revenue': 22.48, 'unit': 'B', 'net_profit': 1.92}, {'period': ""Q2 '25"", 'revenue': 21.58, 'unit': 'B', 'net_profit': 1.66}, {'period': ""Q1 '25"", 'revenue': 20.31, 'unit': 'B', 'net_profit': 1.53}, {'period': ""Q4 '24"", 'revenue': 21.62, 'unit': 'B', 'net_profit': 1.48}, {'period': ""Q3 '24"", 'revenue': 20.09, 'unit': 'B', 'net_profit': 1.47}]",5.02,4.96,171079000000,60332000000,7435000000,103941000000,31793000000,2132000000,58784000000,7435000000,7940000000,0.2077788191190253,0.41013824884792627,0.40223463687150823,"[0.68, 0.45]","['2026-02-20', '1970-02-17']",__nan__,0.6075614189935644
320,RVI,Retail Value Inc. Common Stock ,Robinhood Ventures Fund I is a venture capital fund specializing in directly investing with growth capital. The fund seeks to invest in the US.,Sarah Pinto,REIT - Retail,28.61,USD,360932545,https://images.financialmodelingprep.com/symbol/RVI.png,818272.0,2026-03-06,-34.06,-3.57,998657,35841000,-17699000,"[{'period': '2022', 'revenue': 55.66, 'unit': 'M', 'net_profit': -17.7}, {'period': '2021', 'revenue': 55.66, 'unit': 'M', 'net_profit': 26.38}, {'period': '2020', 'revenue': 169.81, 'unit': 'M', 'net_profit': -93.55}, {'period': '2019', 'revenue': 239.09, 'unit': 'M', 'net_profit': 46.75}]","[{'period': ""Q2 '22"", 'revenue': 17.46, 'unit': 'M', 'net_profit': -69.58}, {'period': ""Q1 '22"", 'revenue': 2280.0, 'unit': 'K', 'net_profit': 711.0}, {'period': ""Q4 '21"", 'revenue': 5.4, 'unit': 'M', 'net_profit': 28.88}, {'period': ""Q3 '21"", 'revenue': 14.63, 'unit': 'M', 'net_profit': 21.01}, {'period': ""Q2 '21"", 'revenue': 41.91, 'unit': 'M', 'net_profit': -26.72}, {'period': ""Q1 '21"", 'revenue': 41.46, 'unit': 'M', 'net_profit': 3.21}]",1.25,1.25,9149000,9149000,9098000,3329000,51000,0,0,9098000,61741000,0.0,-1.6710521327014218,0.0,"[2.13, 14.1521]","['2022-05-11', '2018-12-14']",__nan__,0.3638649032681167
321,RVLV,Revolve Group Inc. Class A Common Stock,"Revolve Group, Inc. operates as an online fashion retailer for consumers in the United States and internationally. The company operates in two segments, REVOLVE and FWRD. It operates a platform that connects consumers and global fashion influencers, as well as emerging, established, and owned brands. The company offers women's apparel, footwear, accessories, and beauty styles under established and emerging brands, as well as owned brands. It also provides various luxury brands. The company was formerly known as Advance Holdings, LLC and changed its name to Revolve Group, Inc. in October 2018. Revolve Group, Inc. was founded in 2003 and is headquartered in Cerritos, California.",Michael Karanikolas,Specialty Retail,21.92,USD,1562849771,https://images.financialmodelingprep.com/symbol/RVLV.png,1140379.0,2019-06-07,25.49,-0.33,491597,86904000,61709000,"[{'period': '2025', 'revenue': 1230.0, 'unit': 'M', 'net_profit': 61.71}, {'period': '2024', 'revenue': 1130.0, 'unit': 'M', 'net_profit': 49.56}, {'period': '2023', 'revenue': 1070.0, 'unit': 'M', 'net_profit': 28.15}, {'period': '2022', 'revenue': 1100.0, 'unit': 'M', 'net_profit': 58.7}]","[{'period': ""Q4 '25"", 'revenue': 324.37, 'unit': 'M', 'net_profit': 18.55}, {'period': ""Q3 '25"", 'revenue': 295.63, 'unit': 'M', 'net_profit': 21.18}, {'period': ""Q2 '25"", 'revenue': 308.97, 'unit': 'M', 'net_profit': 10.16}, {'period': ""Q1 '25"", 'revenue': 296.71, 'unit': 'M', 'net_profit': 11.82}, {'period': ""Q4 '24"", 'revenue': 293.73, 'unit': 'M', 'net_profit': 12.34}, {'period': ""Q3 '24"", 'revenue': 283.15, 'unit': 'M', 'net_profit': 10.97}]",0.87,0.86,765001000,647027000,292256000,252466000,16561000,0,230545000,292256000,47991000,0.5358948075359655,0.24521258348971892,0.24285714285714294,__nan__,__nan__,__nan__,0.33002048363335473
322,RVT,Royce Value Trust Inc. Common Stock,"Royce Value Trust Inc. is a close ended equity mutual fund launched and managed by Royce & Associates, LLC. It invests in the public equity markets of the United States. The fund spreads its investments across diversified sectors. It invests in value oriented stocks of small cap and micro cap companies. The fund benchmarks the performance of its portfolio against the Russell 2000 Index. Royce Value Trust Inc. was formed on July 1, 1986 and is domiciled in the United States.",Charles Morgan Royce,Asset Management,16.12,USD,1928403360,https://images.financialmodelingprep.com/symbol/RVT.png,375025.0,1986-11-19,5.56,-0.29,152390,263110705,262202095,"[{'period': '2025', 'revenue': 202.76, 'unit': 'M', 'net_profit': 262.2}, {'period': '2024', 'revenue': 23.6, 'unit': 'M', 'net_profit': 219.68}, {'period': '2023', 'revenue': 137.36, 'unit': 'M', 'net_profit': 329.64}, {'period': '2022', 'revenue': -458.18, 'unit': 'M', 'net_profit': -460.6}]","[{'period': ""Q4 '25"", 'revenue': 132.59, 'unit': 'M', 'net_profit': 217.02}, {'period': ""Q2 '25"", 'revenue': 14.12, 'unit': 'M', 'net_profit': 45.19}, {'period': ""Q4 '24"", 'revenue': -73.88, 'unit': 'M', 'net_profit': 139.2}, {'period': ""Q2 '24"", 'revenue': 97.48, 'unit': 'M', 'net_profit': 80.48}, {'period': ""Q4 '23"", 'revenue': 60.65, 'unit': 'M', 'net_profit': 147.4}, {'period': ""Q2 '23"", 'revenue': 76.71, 'unit': 'M', 'net_profit': 182.24}]",2.18,2.18,2168939929,3151662,116435,4502059,3035227,2165264195,4151666,116435,5441490,0.0,0.19355589753152308,0.16577540106951874,"[0.3, 0.27675]","['2026-03-12', '1987-10-08']",__nan__,0.0020756955689758064
323,RWT,Redwood Trust Inc. Common Stock,"Redwood Trust, Inc., together with its subsidiaries, operates as a specialty finance company in the United States. The company operates through three segments: Residential Mortgage Banking, Business Purpose Mortgage Banking, and Investment Portfolio. The Residential Mortgage Banking segment operates a mortgage loan conduit that acquires residential loans from third-party originators for subsequent sale, securitization, or transfer to its investment portfolio. This segment also offers derivative financial instruments to manage risks associated with residential loans. The Business Purpose Mortgage Banking segment operates a platform that originates and acquires business purpose loans, such as single-family rental and bridge loans for subsequent securitization, sale, or transfer into its investment portfolio. The Investment Portfolio segment invests in securities retained from residential and business purpose securitization activities, and residential and small-balance multifamily bridge loans, as well as residential mortgage-backed securities issued by third parties, Freddie Mac K-Series multifamily loan securitizations and reperforming loan securitizations, servicer advance investments, home equity investments, and other housing-related investments. The company qualifies as a real estate investment trust (REIT) for federal income tax purposes. As a REIT, it intends to distribute at least 90% of its taxable income as dividends to shareholders. Redwood Trust, Inc. was incorporated in 1994 and is headquartered in Mill Valley, California.",Christopher J. Abate,REIT - Mortgage,5.29,USD,661194175,https://images.financialmodelingprep.com/symbol/RWT.png,1667896.0,1995-08-04,-8.4,-0.07,947085,1065450000,-70027000,"[{'period': '2025', 'revenue': 1110.0, 'unit': 'M', 'net_profit': -70.03}, {'period': '2024', 'revenue': 242.5, 'unit': 'M', 'net_profit': 54.0}, {'period': '2023', 'revenue': 158.6, 'unit': 'M', 'net_profit': -2.27}, {'period': '2022', 'revenue': -22.1, 'unit': 'M', 'net_profit': -163.52}]","[{'period': ""Q4 '25"", 'revenue': 87.3, 'unit': 'M', 'net_profit': 20.0}, {'period': ""Q3 '25"", 'revenue': 61400.0, 'unit': 'K', 'net_profit': 500.0}, {'period': ""Q2 '25"", 'revenue': 46.6, 'unit': 'M', 'net_profit': -98.5}, {'period': ""Q1 '25"", 'revenue': 73.85, 'unit': 'M', 'net_profit': 16.15}, {'period': ""Q4 '24"", 'revenue': 30.88, 'unit': 'M', 'net_profit': -6.62}, {'period': ""Q3 '24"", 'revenue': 69.72, 'unit': 'M', 'net_profit': 14.83}]",-0.63,-0.63,23701114000,651586000,678680000,22718498000,21552425000,22392093000,3283282000,255664000,-10094521000,0.0,-2.2967002444263387,-2.96875,"[0.18, 0.2]","['2026-03-24', '1995-09-27']",__nan__,0.9585413580138048
324,RXN,Rexnord Corporation Common Stock,"Rexnord Corporation designs, manufactures, and markets process and motion control, and water management products worldwide. It operates in two segments, Process & Motion Control Platform and Water Management Platform. The company offers table top conveying chain and related accessories, metal conveying and engineered woven metals, gearing and gear drives, conveying equipment, industrial chain, and custom assemblies; custom-engineered, application-specific miniature gearboxes, and motion control assemblies and components used in aerospace, defense, medical equipment, robotics, semiconductor, instrumentation, and satellite communications; and shaft management products, including couplings, torque limiters, electromagnetic clutches and brakes, industrial bearings, and shaft locking assemblies. It also provides aerospace components for use in door systems, engine accessories and controls, engine mounts, flight control systems, gearboxes, landing gears, and rotor pitch controls. The company offers valve, distribution and drainage, and site work products; water conservation and finish plumbing products; and commercial electric hand dryers. It sells products through distribution partners, independent sales representatives, plumbing wholesalers, industry-specific distributors, and sales agencies to commercial construction, institutional, infrastructure, and residential construction end market, as well as to original equipment manufacturers and end users. The company offers its products under the Rexnord, Rex, Addax, Euroflex, Falk, FlatTop, Cambridge, Link-Belt, Omega, PSI, Shafer, Stearns, Highfield, Thomas, Centa, Tollok, Zurn, Wilkins, Green Turtle, World Dryer, JUST, Aquaflush, AquaSense, AquaVantage, AquaSpec, EcoVantage, Zurn One, and Zurn One Systems names. Rexnord Corporation was incorporated in 2006 and is headquartered in Milwaukee, Wisconsin.",Todd Adams,Regulated Water,64.95,USD,11435746500,https://images.financialmodelingprep.com/symbol/RXN.png,1106386.0,2012-03-29,0.0,0.5799942,1305057,328400000,160200000,"[{'period': '2025', 'revenue': 1570.0, 'unit': 'M', 'net_profit': 160.2}, {'period': '2020', 'revenue': 2070.0, 'unit': 'M', 'net_profit': 180.1}, {'period': '2019', 'revenue': 2050.0, 'unit': 'M', 'net_profit': 34.3}, {'period': '2018', 'revenue': 2070.0, 'unit': 'M', 'net_profit': 75.9}]","[{'period': ""Q3 '26"", 'revenue': 407.2, 'unit': 'M', 'net_profit': 42.1}, {'period': ""Q2 '26"", 'revenue': 455.4, 'unit': 'M', 'net_profit': 61.8}, {'period': ""Q1 '26"", 'revenue': 444.5, 'unit': 'M', 'net_profit': 50.5}, {'period': ""Q4 '25"", 'revenue': 388.8, 'unit': 'M', 'net_profit': 43.6}, {'period': ""Q3 '25"", 'revenue': 6.5, 'unit': 'M', 'net_profit': 121.3}, {'period': ""Q1 '20"", 'revenue': 547.0, 'unit': 'M', 'net_profit': 28.5}]",0.92,0.91,2648500000,722100000,198000000,1061700000,202200000,0,247800000,198000000,293500000,0.0,0.0,0.0,"[0.03, 10.861]","['2021-11-18', '2017-01-30']",__nan__,0.4008684160845762
325,RY,Royal Bank Of Canada Common Stock,"Royal Bank of Canada operates as a diversified financial service company worldwide. The company's Personal & Commercial Banking segment offers checking and savings accounts, home equity financing, personal lending, private banking, indirect lending, including auto financing, mutual funds and self-directed brokerage accounts, guaranteed investment certificates, credit cards, and payment products and solutions; and lending, leasing, deposit, investment, foreign exchange, cash management, auto dealer financing, trade products, and services to small and medium-sized commercial businesses. This segment offers financial products and services through branches, automated teller machines, and mobile sales network. Its Wealth Management segment provides a suite of advice-based solutions and strategies to high net worth and ultra-high net worth individuals, and institutional clients. The company's Insurance segment offers life, health, home, auto, travel, wealth, annuities, and reinsurance advice and solutions; and business insurance services to individual, business, and group clients through its advice centers, RBC insurance stores, and mobile advisors; digital, mobile, and social platforms; independent brokers; and travel partners. Its Investor & Treasury Services segment provides asset servicing, custody, payments, and treasury services to financial and other investors; and fund and investment administration, shareholder, private capital, performance measurement and compliance monitoring, distribution, transaction banking, cash and liquidity management, foreign exchange, and global securities finance services. The company's Capital Markets segment offers corporate and investment banking, as well as equity and debt origination, distribution, advisory services, sale, and trading services for corporations, institutional investors, asset managers, private equity firms, and governments. The company was founded in 1864 and is headquartered in Toronto, Canada.",David I. McKay,Banks - Diversified,158.21,USD,220957668100,https://images.financialmodelingprep.com/symbol/RY.png,1349506.0,1995-10-16,15.01,-1.98,1721042,28730000000,20362000000,"[{'period': '2025', 'revenue': 137.36, 'unit': 'B', 'net_profit': 20.36}, {'period': '2024', 'revenue': 134.49, 'unit': 'B', 'net_profit': 16.23}, {'period': '2023', 'revenue': 113.45, 'unit': 'B', 'net_profit': 14.61}, {'period': '2022', 'revenue': 66.83, 'unit': 'B', 'net_profit': 15.79}]","[{'period': ""Q1 '26"", 'revenue': 35.5, 'unit': 'B', 'net_profit': 5.79}, {'period': ""Q4 '25"", 'revenue': 34.84, 'unit': 'B', 'net_profit': 5.43}, {'period': ""Q3 '25"", 'revenue': 34.72, 'unit': 'B', 'net_profit': 5.42}, {'period': ""Q2 '25"", 'revenue': 32.57, 'unit': 'B', 'net_profit': 4.39}, {'period': ""Q1 '25"", 'revenue': 35.23, 'unit': 'B', 'net_profit': 5.13}, {'period': ""Q4 '24"", 'revenue': 33.89, 'unit': 'B', 'net_profit': 4.22}]",14.12,14.09,2325006000000,206486000000,165279000000,2185855000000,41207000000,1517518000000,1554487000000,87388000000,52977000000,0.2577157115965504,0.2545902649414664,0.2528837622005324,"[1.18293, 0.462]","['2026-04-23', '1989-07-18']",__nan__,0.9401502619778186
326,RYAM,Rayonier Advanced Materials Inc. Common Stock,"Rayonier Advanced Materials Inc. manufactures and sells cellulose specialty products in the United States, China, Canada, Japan, Europe, Latin America, other Asian countries, and internationally. The company operates through High Purity Cellulose, Paperboard, and High-Yield Pulp segments. Its products include cellulose specialties, which are natural polymers that are used as raw materials to manufacture a range of consumer-oriented products, such as liquid crystal displays, impact-resistant plastics, thickeners for food products, pharmaceuticals, cosmetics, cigarette filters, high-tenacity rayon yarn for tires and industrial hoses, food casings, paints, and lacquers. The company also offers commodity products, such as commodity viscose pulp used in woven applications, including rayon textiles for clothing and other fabrics, as well as in non-woven applications comprising baby wipes, cosmetic and personal wipes, industrial wipes, and mattress ticking; and absorbent materials consisting of fluff fibers that are used as an absorbent medium in disposable baby diapers, feminine hygiene products, incontinence pads, convalescent bed pads, industrial towels and wipes, and non-woven fabrics. In addition, it provides paperboards for packaging, printing documents, brochures, promotional materials, paperback books or catalog covers, file folders, tags, and tickets; and high-yield pulps to produce paperboard and packaging products, printing and writing papers, and various other paper products. The company was founded in 1926 and is headquartered in Jacksonville, Florida.",Scott McDougald Sutton,Chemicals,10.74,USD,719640069,https://images.financialmodelingprep.com/symbol/RYAM.png,1063252.0,2014-06-16,-1.69,-0.07,492320,143000000,-420000000,"[{'period': '2025', 'revenue': 1470.0, 'unit': 'M', 'net_profit': -420.0}, {'period': '2024', 'revenue': 1630.0, 'unit': 'M', 'net_profit': -39.0}, {'period': '2023', 'revenue': 1640.0, 'unit': 'M', 'net_profit': -101.83}, {'period': '2022', 'revenue': 1720.0, 'unit': 'M', 'net_profit': -14.92}]","[{'period': ""Q4 '25"", 'revenue': 417.0, 'unit': 'M', 'net_profit': -20.83}, {'period': ""Q3 '25"", 'revenue': 353.0, 'unit': 'M', 'net_profit': -4.0}, {'period': ""Q2 '25"", 'revenue': 340.05, 'unit': 'M', 'net_profit': -363.2}, {'period': ""Q1 '25"", 'revenue': 355.97, 'unit': 'M', 'net_profit': -31.97}, {'period': ""Q4 '24"", 'revenue': 422.5, 'unit': 'M', 'net_profit': -16.22}, {'period': ""Q3 '24"", 'revenue': 401.1, 'unit': 'M', 'net_profit': -32.6}]",-6.29,-6.29,1758000000,75000000,75000000,1430433000,195026000,0,360377000,75000000,-92000000,-0.17668462991110498,-9.770059235325794,-9.661016949152543,"[0.07, 0.07]","['2019-06-13', '2014-09-12']",__nan__,0.8136706484641638
327,RYB,RYB Education Inc. American depositary shares each representing one Class A ordinary share,"RYB Education, Inc. provides early childhood education service in the People's Republic of China. The company offers play-and-learn centers services for the joint participation of 0-6-year-old children and their adult family members to promote children's development, foster bonding with family, and prepare them for their entry into kindergartens and primary schools; operates student care centers; and course content, training, support and guidance, and other services to franchisees and licensees. It also develops and sells educational products and services; distributes merchandise, such as teaching aids, educational toys, at-home educational products, and school uniforms through franchisees and other business partners, as well as directly to a market of families. In addition, the company operates Qingtian Youpin, an e-commerce platform for maternity and children's products. As of December 31, 2021, it operated 1,017 play-and-learn centers and 54 student care centers. The company was formerly known as Top Margin Limited and changed its name to RYB Education, Inc. in June 2017. RYB Education, Inc. was founded in 1998 and is based in Beijing, China.",Yanlai Shi,Education & Training Services,0.7391,USD,1037452,https://images.financialmodelingprep.com/symbol/RYB.png,27143.0,2017-09-27,1.8664141414141413,0.0212,6120,23278000,3544000,"[{'period': '2021', 'revenue': 180.31, 'unit': 'M', 'net_profit': 3.54}, {'period': '2020', 'revenue': 109.72, 'unit': 'M', 'net_profit': -37.28}, {'period': '2019', 'revenue': 182.28, 'unit': 'M', 'net_profit': -2.43}, {'period': '2018', 'revenue': 156.5, 'unit': 'M', 'net_profit': -1.79}]","[{'period': ""Q4 '21"", 'revenue': 47420.0, 'unit': 'K', 'net_profit': -77.0}, {'period': ""Q3 '21"", 'revenue': 42.81, 'unit': 'M', 'net_profit': -2.23}, {'period': ""Q2 '21"", 'revenue': 53.4, 'unit': 'M', 'net_profit': 6.21}, {'period': ""Q1 '21"", 'revenue': 36.68, 'unit': 'M', 'net_profit': -1.84}, {'period': ""Q4 '20"", 'revenue': 47.07, 'unit': 'M', 'net_profit': 9.31}, {'period': ""Q3 '20"", 'revenue': 32.55, 'unit': 'M', 'net_profit': -7.13}]",0.12,0.12,283076000,82252000,65478000,203920000,4572000,169000,122358000,65263000,12211000,1.9166371332939556,1.0950643776824034,1.0909090909090908,__nan__,__nan__,__nan__,0.7203719142562421
328,RYI,Ryerson Holding Corporation Common Stock,"Ryerson Holding Corporation, together with its subsidiaries, processes and distributes industrial metals in the United States, Canada, Mexico, and China. It offers a line of products in carbon steel, stainless steel, alloy steels, and aluminum, as well as nickel and red metals in various shapes and forms, including coils, sheets, rounds, hexagons, square and flat bars, plates, structural, and tubing. The company also provides various processing services, such as bending, beveling, blanking, blasting, burning, cutting-to-length, drilling, embossing, flattening, forming, grinding, laser cutting, machining, notching, painting, perforating, polishing, punching, rolling, sawing, scribing, shearing, slitting, stamping, tapping, threading, welding, or other techniques to process materials. It serves various industries, including commercial ground transportation, metal fabrication and machine shops, industrial machinery and equipment manufacturing, consumer durable equipment, HVAC manufacturing, construction equipment manufacturing, food processing and agricultural equipment manufacturing, and oil and gas. The company was founded in 1842 and is headquartered in Chicago, Illinois.",James J. Claussen,Manufacturing - Metal Fabrication,23.17,USD,746350719,https://images.financialmodelingprep.com/symbol/RYI.png,470907.0,2014-08-08,-32.63380281690141,-0.26,609816,47400000,-56400000,"[{'period': '2025', 'revenue': 4570.0, 'unit': 'M', 'net_profit': -56.4}, {'period': '2024', 'revenue': 4600.0, 'unit': 'M', 'net_profit': -8.6}, {'period': '2023', 'revenue': 5110.0, 'unit': 'M', 'net_profit': 145.7}, {'period': '2022', 'revenue': 6320.0, 'unit': 'M', 'net_profit': 391.0}]","[{'period': ""Q4 '25"", 'revenue': 1100.0, 'unit': 'M', 'net_profit': -37.9}, {'period': ""Q3 '25"", 'revenue': 1160.0, 'unit': 'M', 'net_profit': -14.8}, {'period': ""Q2 '25"", 'revenue': 1170.0, 'unit': 'M', 'net_profit': 1.9}, {'period': ""Q1 '25"", 'revenue': 1140.0, 'unit': 'M', 'net_profit': -5.6}, {'period': ""Q4 '24"", 'revenue': 1010.0, 'unit': 'M', 'net_profit': -4.3}, {'period': ""Q3 '24"", 'revenue': 1130.0, 'unit': 'M', 'net_profit': -6.6}]",-1.75,-1.75,2404700000,1222800000,27800000,1641100000,460800000,0,668100000,27800000,35500000,-0.5782918149466192,-5.558139534883721,-5.730769230769231,"[0.1875, 0.08]","['2026-03-05', '2021-08-13']",__nan__,0.6824551919158315
329,RYN,Rayonier Inc. REIT Common Stock,"Rayonier is a leading timberland real estate investment trust with assets located in some of the most productive softwood timber growing regions in the United States and New Zealand. As of December 31, 2020, Rayonier owned or leased under long-term agreements approximately 2.7 million acres of timberlands located in the U.S. South (1.73 million acres), U.S. Pacific Northwest (507,000 acres) and New Zealand (417,000 acres). The Company also acts as the managing member in a private equity timber fund business with three funds comprising approximately 141,000 acres. On a look-through basis, the Company's ownership in the timber fund business equates to approximately 17,000 acres.",Mark D. McHugh,REIT - Specialty,20.31,USD,3278303006,https://images.financialmodelingprep.com/symbol/RYN.png,3220577.0,1994-02-17,43.21,0.16,1490511,216500000,474400000,"[{'period': '2025', 'revenue': 484.5, 'unit': 'M', 'net_profit': 474.4}, {'period': '2024', 'revenue': 1260.0, 'unit': 'M', 'net_profit': 359.15}, {'period': '2023', 'revenue': 1060.0, 'unit': 'M', 'net_profit': 173.49}, {'period': '2022', 'revenue': 909.07, 'unit': 'M', 'net_profit': 107.08}]","[{'period': ""Q4 '25"", 'revenue': 117.5, 'unit': 'M', 'net_profit': 25.9}, {'period': ""Q3 '25"", 'revenue': 177.53, 'unit': 'M', 'net_profit': 43.19}, {'period': ""Q2 '25"", 'revenue': 106.54, 'unit': 'M', 'net_profit': 408.71}, {'period': ""Q1 '25"", 'revenue': 82.92, 'unit': 'M', 'net_profit': -3.42}, {'period': ""Q4 '24"", 'revenue': 726.3, 'unit': 'M', 'net_profit': 327.13}, {'period': ""Q3 '24"", 'revenue': 194.99, 'unit': 'M', 'net_profit': 28.76}]",0.44,0.44,3404700000,842900000,842900000,1154500000,0,2426100000,271300000,842900000,206700000,-0.6086392213999328,0.3209075949402334,-0.8174273858921162,"[0.26, 0.18]","['2026-03-17', '1994-03-04']",__nan__,0.3390900813581226
330,RZA,Reinsurance Group of America Incorporated 6.20% Fixed-to-Floating Rate Subordinated Debentures due 2042,,None,Insurance - Reinsurance,24.98,USD,0,https://images.financialmodelingprep.com/symbol/RZA.png,31470.0,2013-02-11,0.0,0.0,15502,0,1189000,"[{'period': '2025', 'revenue': 23.7, 'unit': 'M', 'net_profit': 1.19}, {'period': '2024', 'revenue': 22110.0, 'unit': 'M', 'net_profit': 724.0}, {'period': '2023', 'revenue': 18570.0, 'unit': 'M', 'net_profit': 909.0}, {'period': '2022', 'revenue': 16260.000000000002, 'unit': 'M', 'net_profit': 627.0}]","[{'period': ""Q4 '25"", 'revenue': 6.63, 'unit': 'M', 'net_profit': -722.81}, {'period': ""Q3 '25"", 'revenue': 6200.0, 'unit': 'M', 'net_profit': 255.0}, {'period': ""Q2 '25"", 'revenue': 5600.0, 'unit': 'M', 'net_profit': 181.0}, {'period': ""Q1 '25"", 'revenue': 5260.0, 'unit': 'M', 'net_profit': 288.0}, {'period': ""Q4 '24"", 'revenue': 8550.0, 'unit': 'M', 'net_profit': -25.0}, {'period': ""Q3 '24"", 'revenue': 5650.0, 'unit': 'M', 'net_profit': 158.0}]",0.019,0.019,156590000000,105937000000,105937000000,143039000000,0,0,2998000000,4168000000,4091000000,0.0,-0.9983577348066298,-0.9982568807339449,"[0.388, 0.491]","['2022-11-30', '2012-11-28']",__nan__,0.913461906890606
331,RZB,Reinsurance Group of America Incorporated 5.75% Fixed-To-Floating Rate Subordinated Debentures due 2056,"Reinsurance Group of America, Inc. is a holding company, which engages in the provision of traditional and non-traditional life and health reinsurance products. It operates through the following segments: U.S. and Latin America, Canada, Europe, Middle East, and Africa, Asia Pacific, and Corporate and Other. The U.S. and Latin America segment markets individual and group life and health reinsurance to domestic clients for a variety of products through yearly renewable term agreements, coinsurance, and modified coinsurance. The Canada segment offers individual life reinsurance, and, to a lesser extent, creditor, group life and health, critical illness, and disability reinsurance, through yearly renewable term and coinsurance agreements. The Europe, Middle East, and Africa segment serves individual and group life and health products through yearly renewable term and coinsurance agreements, reinsurance of critical illness coverage that provides a benefit in the event of the diagnosis of a pre-defined critical illness, and underwritten annuities. The Asia Pacific segment consists of individual and group life and health reinsurance, critical illness coverage, disability, and superannuation through yearly renewable term and coinsurance agreements. The Corporate and Other segment consists of investment income from unallocated invested assets, investment related gains, and losses and service fees. The company was founded in 1973 and is headquartered in Chesterfield, MO.",Tony Cheng,Insurance - Reinsurance,24.99,USD,12606275022,https://images.financialmodelingprep.com/symbol/RZB.png,82283.0,2016-06-13,4.1,0.04,15001.466,1540000,1182000000,"[{'period': '2025', 'revenue': 23.7, 'unit': 'B', 'net_profit': 1.18}, {'period': '2024', 'revenue': 22110.0, 'unit': 'M', 'net_profit': 717.0}, {'period': '2023', 'revenue': 18570.0, 'unit': 'M', 'net_profit': 902.0}, {'period': '2022', 'revenue': 16219.999999999998, 'unit': 'M', 'net_profit': 517.0}]","[{'period': ""Q4 '25"", 'revenue': 6640.0, 'unit': 'M', 'net_profit': 463.0}, {'period': ""Q3 '25"", 'revenue': 6200.0, 'unit': 'M', 'net_profit': 253.0}, {'period': ""Q2 '25"", 'revenue': 5600.0, 'unit': 'M', 'net_profit': 180.0}, {'period': ""Q1 '25"", 'revenue': 5260.0, 'unit': 'M', 'net_profit': 286.0}, {'period': ""Q4 '24"", 'revenue': 5240000.0, 'unit': 'K', 'net_profit': 150.0}, {'period': ""Q3 '24"", 'revenue': 5600.0, 'unit': 'M', 'net_profit': 156.0}]",17.94,17.69,156590000000,8643000000,4168000000,143039000000,4475000000,130481000000,0,4168000000,4091000000,-0.9988108108108108,0.6485355648535565,0.6458715596330276,"[0.35938, 0.359]","['2026-02-27', '2017-08-30']",__nan__,0.913461906890606
332,SA,Seabridge Gold Inc. Ordinary Shares (Canada),"Seabridge Gold Inc., together with its subsidiaries, engages in the acquisition and exploration of gold properties in North America. The company also explores for copper, silver, molybdenum, and rhenium deposits. Its principal projects are the Kerr-Sulphurets-Mitchell property and Iskut project located in British Columbia, Canada; Courageous Lake property situated in Northwest Territories, Canada; Snowstorm project located in the Nevada; and 3 Aces project located in the Yukon Territory. The company was formerly known as Seabridge Resources Inc. and changed its name to Seabridge Gold Inc. in June 2002. Seabridge Gold Inc. was incorporated in 1979 and is headquartered in Toronto, Canada.",Rudi Fronk,Gold,25.92,USD,2704674240,https://images.financialmodelingprep.com/symbol/SA.png,1198988.0,2004-04-20,-68.21,0.77,658834,-21954093,-53128667,"[{'period': '2025', 'revenue': 0.0, 'unit': 'M', 'net_profit': -53.13}, {'period': '2024', 'revenue': 0.0, 'unit': 'M', 'net_profit': -31.25}, {'period': '2023', 'revenue': 0.0, 'unit': 'M', 'net_profit': -29.27}, {'period': '2022', 'revenue': 0.0, 'unit': 'M', 'net_profit': -7.39}]","[{'period': ""Q4 '25"", 'revenue': 0.0, 'unit': 'M', 'net_profit': -43.75}, {'period': ""Q3 '25"", 'revenue': 0.0, 'unit': 'M', 'net_profit': -32.27}, {'period': ""Q2 '25"", 'revenue': 0.0, 'unit': 'M', 'net_profit': 12.33}, {'period': ""Q1 '25"", 'revenue': 0.0, 'unit': 'M', 'net_profit': 10.55}, {'period': ""Q4 '24"", 'revenue': 0.0, 'unit': 'M', 'net_profit': -40.76}, {'period': ""Q3 '24"", 'revenue': 0.0, 'unit': 'M', 'net_profit': -27.55}]",-0.52,-0.52,1857395111,213973482,126175090,733340887,4478346,193459214,40849682,117432221,-152306778,-0.14822662133891212,-0.7002805709348098,-0.4857142857142859,__nan__,__nan__,__nan__,0.3948222339215579
333,SAF,Saratoga Investment Corp 6.25% Notes due 2023,,,Asset Management,25.01,USD,0,https://images.financialmodelingprep.com/symbol/SAF.png,4373.0,2018-08-29,,0.02,1389,,,[],[],,,,,,,,,,,,,,,"[0.391, 0.399]","['2021-08-12', '2018-11-14']",__nan__,__nan__
334,SAFE,Safehold Inc. Common Stock,"Safehold Inc. (NYSE: SAFE) is revolutionizing real estate ownership by providing a new and better way for owners to unlock the value of the land beneath their buildings. Through its modern ground lease capital solution, Safehold helps owners of high quality multifamily, office, industrial, hospitality and mixed-use properties in major markets throughout the United States generate higher returns with less risk. The Company, which is taxed as a real estate investment trust (REIT) and is managed by its largest shareholder, iStar Inc., seeks to deliver safe, growing income and long-term capital appreciation to its shareholders.",Jay S. Sugarman,REIT - Diversified,13.44,USD,964410465,https://images.financialmodelingprep.com/symbol/SAFE.png,378572.0,1989-11-16,8.45,-0.51,241711,332795000,114469000,"[{'period': '2025', 'revenue': 385.55, 'unit': 'M', 'net_profit': 114.47}, {'period': '2024', 'revenue': 365.69, 'unit': 'M', 'net_profit': 105.76}, {'period': '2023', 'revenue': 352.58, 'unit': 'M', 'net_profit': -54.97}, {'period': '2022', 'revenue': 270.31, 'unit': 'M', 'net_profit': 135.42}]","[{'period': ""Q4 '25"", 'revenue': 97.87, 'unit': 'M', 'net_profit': 27.88}, {'period': ""Q3 '25"", 'revenue': 96.16, 'unit': 'M', 'net_profit': 29.28}, {'period': ""Q2 '25"", 'revenue': 93.84, 'unit': 'M', 'net_profit': 27.95}, {'period': ""Q1 '25"", 'revenue': 97.68, 'unit': 'M', 'net_profit': 29.36}, {'period': ""Q4 '24"", 'revenue': 91.87, 'unit': 'M', 'net_profit': 26.04}, {'period': ""Q3 '24"", 'revenue': 90.7, 'unit': 'M', 'net_profit': 19.33}]",1.6,1.59,7249275000,2434411000,23733000,4809396000,2403675000,4533274000,136303000,21705000,47814000,0.03881894999047943,0.08231612189518074,0.08108108108108115,"[0.177, 18.618]","['2026-03-31', '1993-12-06']",__nan__,0.6634313086481062
335,SAH,Sonic Automotive Inc. Common Stock,"Sonic Automotive, Inc. operates as an automotive retailer in the United States. It operates in two segments, Franchised Dealerships and EchoPark. The Franchised Dealerships segment is involved in the sale of new and used cars and light trucks, and replacement parts; provision of vehicle maintenance, manufacturer warranty repair, and paint and collision repair services; and arrangement of extended warranties, service contracts, financing, insurance, and other aftermarket products for its guests. The EchoPark segment sells used cars and light trucks; and arranges finance and insurance product sales for its guests in pre-owned vehicle specialty retail locations. As of December 31, 2021, the company operated 140 new vehicle franchises representing 28 brands of cars and light trucks; 17 collision repair centers in 17 states; and 46 EchoPark stores in 16 states, including 11 Northwest Motorsport pre-owned vehicle stores. Sonic Automotive, Inc. was incorporated in 1997 and is based in Charlotte, North Carolina.",David Bruton Smith,Auto - Dealerships,65.93,USD,2241620659,https://images.financialmodelingprep.com/symbol/SAH.png,273535.0,1997-11-12,19.28,-0.87,374857,531000000,118700000,"[{'period': '2025', 'revenue': 15150.0, 'unit': 'M', 'net_profit': 118.7}, {'period': '2024', 'revenue': 14220.0, 'unit': 'M', 'net_profit': 216.0}, {'period': '2023', 'revenue': 14370.0, 'unit': 'M', 'net_profit': 178.2}, {'period': '2022', 'revenue': 14000.0, 'unit': 'M', 'net_profit': 88.5}]","[{'period': ""Q4 '25"", 'revenue': 3870.0, 'unit': 'M', 'net_profit': 46.9}, {'period': ""Q3 '25"", 'revenue': 3970.0, 'unit': 'M', 'net_profit': 46.8}, {'period': ""Q2 '25"", 'revenue': 3660.0, 'unit': 'M', 'net_profit': -45.6}, {'period': ""Q1 '25"", 'revenue': 3650.0, 'unit': 'M', 'net_profit': 70.6}, {'period': ""Q4 '24"", 'revenue': 3900.0, 'unit': 'M', 'net_profit': 58.6}, {'period': ""Q3 '24"", 'revenue': 3490.0, 'unit': 'M', 'net_profit': 74.2}]",3.49,3.42,5970700000,2832500000,6300000,4902600000,469000000,0,2597900000,6300000,417500000,-0.13064833005893908,-0.45046296296296295,-0.4486571879936809,"[0.38, 0.1]","['2026-03-13', '2003-09-11']",__nan__,0.8211097526253203
336,SAIC,SCIENCE APPLICATIONS INTERNATIONAL CORPORATION Common Stock,"Science Applications International Corporation provides technical, engineering, and enterprise information technology (IT) services primarily in the United States. The company's offerings include engineering; technology integration; IT modernization; maintenance of ground and maritime systems; logistics; training and simulation; operation and program support services; and end-to-end services, such as design, development, integration, deployment, management and operations, sustainment, and security of its customers' IT infrastructure, as well as cloud migration, managed services, infrastructure modernization, and enterprise IT-as-a-service solutions. It serves the U.S. military comprising Army, Air Force, Navy, Marines, and Coast Guard; Department of Defense agencies; National Aeronautics and Space Administration; the U.S. Department of State; Department of Justice; Department of Homeland Security; and various intelligence community agencies, as well as U.S. federal civilian agencies. The company was formerly known as SAIC Gemini, Inc. and changed its name to Science Applications International Corporation in September 2013. Science Applications International Corporation was founded in 1969 and is headquartered in Reston, Virginia.",James C. Reagan,Information Technology Services,97.26,USD,4389092286,https://images.financialmodelingprep.com/symbol/SAIC.png,659564.0,2013-09-16,12.63,-2.14,482511,664000000,358000000,"[{'period': '2026', 'revenue': 7260.0, 'unit': 'M', 'net_profit': 358.0}, {'period': '2025', 'revenue': 7480.0, 'unit': 'M', 'net_profit': 362.0}, {'period': '2024', 'revenue': 7440.0, 'unit': 'M', 'net_profit': 477.0}, {'period': '2023', 'revenue': 7700.0, 'unit': 'M', 'net_profit': 300.0}]","[{'period': ""Q4 '26"", 'revenue': 1750.0, 'unit': 'M', 'net_profit': 85.0}, {'period': ""Q3 '26"", 'revenue': 1870.0, 'unit': 'M', 'net_profit': 78.0}, {'period': ""Q2 '26"", 'revenue': 1770.0, 'unit': 'M', 'net_profit': 127.0}, {'period': ""Q1 '26"", 'revenue': 1880.0, 'unit': 'M', 'net_profit': 68.0}, {'period': ""Q4 '25"", 'revenue': 1840.0, 'unit': 'M', 'net_profit': 98.0}, {'period': ""Q3 '25"", 'revenue': 1980.0, 'unit': 'M', 'net_profit': 106.0}]",7.73,7.7,5354000000,1179000000,182000000,3854000000,853000000,46000000,982000000,182000000,577000000,-0.043227665706051875,-0.011049723756906077,0.06915629322268325,"[0.37, 0.28]","['2026-04-10', '2013-10-10']",__nan__,0.7198356369069854
337,SAIL,SailPoint Technologies Holdings Inc. Common Stock,"SailPoint, Inc. provides solutions to enable various identity security for the enterprise in the Americas, Europe, the Middle East, Africa, and the Asia-Pacific. Its solutions address various types of systems and identities, including data and applications, employee identities, non-employee identities, and machine identities, as well as enable smarter access decisions, improve business processes, and provide deeper understanding of identity and access. The company offers Identity Security Cloud, a SaaS-based cloud solution to manage and secure access to critical data and applications for enterprise identities; and IdentityIQ, a customer-hosted identity security solution. The company was founded in 2005 and is based in Austin, Texas.",Mark D. McClain,Software - Infrastructure,11.77,USD,6635966018,https://images.financialmodelingprep.com/symbol/SAIL.png,2833506.0,2025-02-13,-21.8,-0.51,3338918,47271000,-315830000,"[{'period': '2025', 'revenue': 861.61, 'unit': 'M', 'net_profit': -315.83}, {'period': '2024', 'revenue': 699.57, 'unit': 'M', 'net_profit': -395.37}, {'period': '2022', 'revenue': 450.04, 'unit': 'M', 'net_profit': -61.63}, {'period': '2021', 'revenue': 365.25, 'unit': 'M', 'net_profit': -10.76}]","[{'period': ""Q3 '26"", 'revenue': 281.94, 'unit': 'M', 'net_profit': -35.98}, {'period': ""Q2 '26"", 'revenue': 264.36, 'unit': 'M', 'net_profit': -10.55}, {'period': ""Q1 '26"", 'revenue': 230.47, 'unit': 'M', 'net_profit': -187.31}, {'period': ""Q4 '25"", 'revenue': 240.12, 'unit': 'M', 'net_profit': -63.11}, {'period': ""Q3 '25"", 'revenue': 235.26, 'unit': 'M', 'net_profit': -59.42}, {'period': ""Q2 '25"", 'revenue': 198.57, 'unit': 'M', 'net_profit': -87.13}]",-1.98,-1.98,7411916000,512382000,121293000,13000356000,314733000,0,574693000,121293000,-119972000,1.7667391163303705,0.20117258142434752,0.7199434229137199,__nan__,__nan__,__nan__,1.75398048223968
338,SAK,Saratoga Investment Corp 7.25% Notes due 2025,,,Asset Management,25.2,USD,0,https://images.financialmodelingprep.com/symbol/SAK.png,4185.0,2020-06-30,0.0,-0.00999832,422,31965690,28086257,"[{'period': '2025', 'revenue': 94.16, 'unit': 'M', 'net_profit': 28.09}, {'period': '2024', 'revenue': 69.55, 'unit': 'M', 'net_profit': 8.93}, {'period': '2023', 'revenue': 69.85, 'unit': 'M', 'net_profit': 24.68}, {'period': '2022', 'revenue': 77.46, 'unit': 'M', 'net_profit': 45.74}]","[{'period': ""Q3 '26"", 'revenue': 27.25, 'unit': 'M', 'net_profit': 12.0}, {'period': ""Q2 '26"", 'revenue': 27.76, 'unit': 'M', 'net_profit': 13.29}, {'period': ""Q1 '26"", 'revenue': 29.29, 'unit': 'M', 'net_profit': 13.93}, {'period': ""Q4 '25"", 'revenue': 17470.0, 'unit': 'K', 'net_profit': -676.76}, {'period': ""Q3 '25"", 'revenue': 24.88, 'unit': 'M', 'net_profit': 8.83}, {'period': ""Q2 '25"", 'revenue': 28.97, 'unit': 'M', 'net_profit': 13.32}]",2.02,2.02,1191543857,156010152,148218491,798878389,7791661,978077750,5585852,148218491,197538505,1.7321677019875803,2.1438109656278246,1.8450704225352115,"[0.453, 0.337]","['2022-05-12', '2020-08-13']",__nan__,0.6704565545840416
339,SAM,Boston Beer Company Inc. (The) Common Stock,"The Boston Beer Company, Inc. produces and sells alcohol beverages primarily in the United States. The company's flagship beer is Samuel Adams Boston Lager. It offers various beers, hard ciders, and hard seltzers under the Samuel Adams, Twisted Tea, Truly Hard Seltzer, Angry Orchard, Dogfish Head, Angel City, Coney Island, Concrete Beach brand names. The company markets and sells its products to a network of approximately 400 wholesalers in the United States, as well as international wholesalers, importers, or other agencies that in turn sell to retailers, such as grocery stores, club stores, convenience stores, liquor stores, bars, restaurants, stadiums, and other retail outlets. It also sells in products in Canada, Europe, Israel, Australia, New Zealand, the Caribbean, the Pacific Rim, Mexico, and Central and South America. The Boston Beer Company, Inc. was founded in 1984 and is based in Boston, Massachusetts.",C. James Koch,Beverages - Alcoholic,229.76,USD,2511274962,https://images.financialmodelingprep.com/symbol/SAM.png,166874.0,1995-11-21,23.23,-3.99999,140474,243898000,108469000,"[{'period': '2025', 'revenue': 2090.0, 'unit': 'M', 'net_profit': 108.47}, {'period': '2024', 'revenue': 2009.9999999999998, 'unit': 'M', 'net_profit': 59.7}, {'period': '2023', 'revenue': 2009.9999999999998, 'unit': 'M', 'net_profit': 76.25}, {'period': '2022', 'revenue': 2090.0, 'unit': 'M', 'net_profit': 67.26}]","[{'period': ""Q4 '25"", 'revenue': 507.94, 'unit': 'M', 'net_profit': -22.53}, {'period': ""Q3 '25"", 'revenue': 537.49, 'unit': 'M', 'net_profit': 46.16}, {'period': ""Q2 '25"", 'revenue': 587.95, 'unit': 'M', 'net_profit': 60.43}, {'period': ""Q1 '25"", 'revenue': 453.87, 'unit': 'M', 'net_profit': 24.41}, {'period': ""Q4 '24"", 'revenue': 402.3, 'unit': 'M', 'net_profit': -38.76}, {'period': ""Q3 '24"", 'revenue': 605.48, 'unit': 'M', 'net_profit': 33.51}]",9.9,9.89,1193595000,417579000,223378000,347315000,57094000,0,252534000,223378000,215595000,-0.0076774416664971415,0.8170533545523075,0.9526627218934911,__nan__,__nan__,__nan__,0.2909822846107767
340,SAN,Banco Santander S.A. Sponsored ADR (Spain),"Banco Santander, S.A. provides various retail and commercial banking products and services to individuals, small and medium-sized enterprises, and large companies worldwide. It offers demand and time deposits, and current and savings accounts; mortgages, consumer finance, syndicated corporate loans, structured financing, cash management, export and agency finance, trade and working capital solutions, and corporate finance; and insurance products. The company also provides cash, asset, and wealth management; and private banking services. In addition, it is involved in the corporate banking; treasury, risk hedging, foreign trade, confirming, custody, and investment banking activities. The company operates through a network of 9,879 branches. The company was formerly known as Banco Santander Central Hispano S.A. and changed its name to Banco Santander, S.A. in June 2007. Banco Santander, S.A. was founded in 1856 and is headquartered in Madrid, Spain.",Hector Blas Grisi Checa,Banks - Diversified,10.65,USD,156323071851,https://images.financialmodelingprep.com/symbol/SAN.png,13027250.0,1987-07-30,10.98,-0.12,12606925,21859000000,14101000000,"[{'period': '2025', 'revenue': 119.89, 'unit': 'B', 'net_profit': 14.1}, {'period': '2024', 'revenue': 129.91, 'unit': 'B', 'net_profit': 12.57}, {'period': '2023', 'revenue': 121.87, 'unit': 'B', 'net_profit': 11.08}, {'period': '2022', 'revenue': 87.03, 'unit': 'B', 'net_profit': 9.61}]","[{'period': ""Q4 '25"", 'revenue': 14.98, 'unit': 'B', 'net_profit': 3.76}, {'period': ""Q3 '25"", 'revenue': 14.18, 'unit': 'B', 'net_profit': 3.5}, {'period': ""Q2 '25"", 'revenue': 14.33, 'unit': 'B', 'net_profit': 3.43}, {'period': ""Q1 '25"", 'revenue': 31.58, 'unit': 'B', 'net_profit': 3.4}, {'period': ""Q4 '24"", 'revenue': 15.81, 'unit': 'B', 'net_profit': 3.27}, {'period': ""Q3 '24"", 'revenue': 14.94, 'unit': 'B', 'net_profit': 3.25}]",0.88,0.87,1866720176000,321323000000,318202000000,1754020162000,0,1398916000000,257798233000,179296000000,0,-0.02069799740155011,0.12144106887227613,0.14285714285714285,"[0.10682, 0.0584]","['2026-05-04', '1999-08-03']",__nan__,0.9396267231431049
341,SAND          ,Sandstorm Gold Ltd. Ordinary Shares (Canada),,,,,,,,,,101.0,0.0,13935863,,,[],[],,,,,,,,,,,,,,,__nan__,__nan__,__nan__,__nan__
342,SAP,SAP  SE ADS,"SAP SE, together with its subsidiaries, provides applications, technology, and services worldwide. It offers SAP S/4HANA that provides software capabilities for finance, risk and project management, procurement, manufacturing, supply chain and asset management, and research and development; SAP SuccessFactors solutions for human resources, including HR and payroll, talent and employee experience management, and people and workforce analytics; and spend management solutions that covers direct and indirect spend, travel and expense, and external workforce management. The company also provides SAP customer experience solutions; SAP Business Technology platform that enables customers and partners to build, integrate, and automate applications; and SAP Business Network, a business-to-business collaboration platform that helps digitalize key business processes across the supply chain and enables communication between trading partners. In addition, it offers SAP Signavio to help customers to discover, analyze, and understand their business process operations; SAP's industry cloud solutions that provides modular solutions addressing industry-specific functions; Taulia solutions for working capital management to help enable customers mitigate the effects of inflation by providing visibility into working capital and access to liquidity; and sustainability solutions and services. SAP SE was founded in 1972 and is headquartered in Walldorf, Germany.",Christian Klein,Software - Application,164.02,USD,191121871599,https://images.financialmodelingprep.com/symbol/SAP.png,2886516.0,1995-09-18,23.27,-3.06,2238553,11729000000,7037823000,"[{'period': '2025', 'revenue': 36.8, 'unit': 'B', 'net_profit': 7.04}, {'period': '2024', 'revenue': 34.18, 'unit': 'B', 'net_profit': 3.12}, {'period': '2023', 'revenue': 31.21, 'unit': 'B', 'net_profit': 6.14}, {'period': '2022', 'revenue': 29.52, 'unit': 'B', 'net_profit': 2.28}]","[{'period': ""Q4 '25"", 'revenue': 9.68, 'unit': 'B', 'net_profit': 1.56}, {'period': ""Q3 '25"", 'revenue': 9.08, 'unit': 'B', 'net_profit': 2.0}, {'period': ""Q2 '25"", 'revenue': 9.03, 'unit': 'B', 'net_profit': 1.7}, {'period': ""Q1 '25"", 'revenue': 9.01, 'unit': 'B', 'net_profit': 1.78}, {'period': ""Q4 '24"", 'revenue': 9.38, 'unit': 'B', 'net_profit': 1.6}, {'period': ""Q3 '24"", 'revenue': 8.47, 'unit': 'B', 'net_profit': 1.46}]",6.04,5.99,70332054000,20247379000,9767841000,25114307000,7269905000,7483813000,17242658000,8216502000,7936881652,0.6578091872791519,1.2528242637644047,1.253731343283582,"[2.62983, 2.5455]","['2025-05-13', '1996-06-24']",__nan__,0.3570819501446666
343,SAR,Saratoga Investment Corp New,"Saratoga Investment Corp. is a business development company specializing in leveraged and management buyouts, acquisition financings, growth financings, recapitalization, debt refinancing, and transitional financing transactions at the lower end of middle market companies. It structures its investments as debt and equity by investing through first and second lien loans, mezzanine debt, co-investments, select high yield bonds, senior secured bonds, unsecured bonds, and preferred and common equity. The firm prefers to invest in aerospace, automotive aftermarket and services, business products and services, consumer products and services, education, environmental services, industrial services, financial services, food and beverage, healthcare products and services, logistics, distribution, manufacturing, restaurants services, food services, software services, technology services, specialty chemical, media and telecommunications. It seeks to invest in the United States. The firm primarily invests $5 million to $50 million in companies having EBITDA of $2 million or greater and revenues of $8 million to $250 million. The firm prefer to take a majority stake. It invests through direct lending as well as participation in loan syndicates. The firm was formerly known as GSC Investment Corp. Saratoga Investment Corp. is based in New York, New York with an additional office in Florham Park, New Jersey.",Christian Long Oberbeck,Asset Management,20.92,USD,339410222,https://images.financialmodelingprep.com/symbol/SAR.png,131979.0,2007-03-27,8.64,-1.18,293242,31965690,28086257,"[{'period': '2025', 'revenue': 94.16, 'unit': 'M', 'net_profit': 28.09}, {'period': '2024', 'revenue': 69.55, 'unit': 'M', 'net_profit': 8.93}, {'period': '2023', 'revenue': 69.85, 'unit': 'M', 'net_profit': 24.68}, {'period': '2022', 'revenue': 77.46, 'unit': 'M', 'net_profit': 45.74}]","[{'period': ""Q3 '26"", 'revenue': 27.25, 'unit': 'M', 'net_profit': 12.0}, {'period': ""Q2 '26"", 'revenue': 27.76, 'unit': 'M', 'net_profit': 13.29}, {'period': ""Q1 '26"", 'revenue': 29.29, 'unit': 'M', 'net_profit': 13.93}, {'period': ""Q4 '25"", 'revenue': 17470.0, 'unit': 'K', 'net_profit': -676.76}, {'period': ""Q3 '25"", 'revenue': 24.88, 'unit': 'M', 'net_profit': 8.83}, {'period': ""Q2 '25"", 'revenue': 28.97, 'unit': 'M', 'net_profit': 13.32}]",2.02,2.02,1191543857,156010152,148218491,798878389,7791661,978077750,5585852,148218491,197538505,1.7321677019875803,2.1438109656278246,1.8450704225352115,"[0.25, 0.24]","['2026-06-04', '2007-05-24']",__nan__,0.6704565545840416
344,SAVE,Spirit Airlines Inc. Common Stock,"Spirit Airlines, Inc. provides airline services. It serves 85 destinations in 16 countries in the United States, Latin America, and the Caribbean. As of December 31, 2021, the company had a fleet of 173 Airbus single-aisle aircraft. It sells tickets through its call centers and airport ticket counters, as well as online through spirit.com; and through various third parties, including online, traditional travel agents, and electronic global distribution systems. The company was formerly known as Clippert Trucking Company and changed its name to Spirit Airlines, Inc. in 1992. Spirit Airlines, Inc. was founded in 1964 and is headquartered in Miramar, Florida.",Edward M. Christie III,"Airlines, Airports & Air Services",1.08,USD,118279440,https://images.financialmodelingprep.com/symbol/SAVE.png,0.0,2011-05-26,-0.17419354838709677,,0,-2297198000,-2760453000,"[{'period': '2025', 'revenue': 3.8, 'unit': 'B', 'net_profit': -2.76}, {'period': '2024', 'revenue': 4.91, 'unit': 'B', 'net_profit': -1.23}, {'period': '2023', 'revenue': 5360.0, 'unit': 'M', 'net_profit': -447.46}, {'period': '2022', 'revenue': 5070.0, 'unit': 'M', 'net_profit': -554.15}]","[{'period': ""Q4 '25"", 'revenue': 1.82, 'unit': 'B', 'net_profit': -2.2}, {'period': ""Q3 '25"", 'revenue': 958.52, 'unit': 'M', 'net_profit': -317.48}, {'period': ""Q2 '25"", 'revenue': 1020.0, 'unit': 'M', 'net_profit': -245.83}, {'period': ""Q1 '25"", 'revenue': 115470.0, 'unit': '', 'net_profit': 0.0}, {'period': ""Q4 '24"", 'revenue': 1050.0, 'unit': 'M', 'net_profit': -585.69}, {'period': ""Q3 '24"", 'revenue': 1200.0, 'unit': 'M', 'net_profit': -308.24}]",-25.2,-25.2,5993137000,1245824000,272959000,8084825000,129185000,0,1283725000,272959000,-512748000,-2.0820972017989203,-1.245192538399912,-1.2439893143365983,"[0.1, 0.1]","['2024-02-22', '2023-01-24']",__nan__,1.3490138803768377
345,SB,Safe Bulkers Inc Common Stock ($0.001 par value),"Safe Bulkers, Inc., together with its subsidiaries, provides marine drybulk transportation services. It owns and operates drybulk vessels for transporting bulk cargoes primarily coal, grain, and iron ore. As of March 18, 2022, the company had a fleet of 40 drybulk vessels having an average age of 10.4 years; and an aggregate carrying capacity of 3,925,500 deadweight tons. Its fleet consisted of 12 Panamax class vessels, 7 Kamsarmax class vessels, 15 post- Panamax class vessels, and 6 Capesize class vessels. Safe Bulkers, Inc. was incorporated in 2007 and is based in Monaco.",Polys Hajioannou,Marine Shipping,6.08,USD,622156605,https://images.financialmodelingprep.com/symbol/SB.png,695625.0,2008-05-30,20.27,-0.13,508176,129085998,38563000,"[{'period': '2025', 'revenue': 275.74, 'unit': 'M', 'net_profit': 38.56}, {'period': '2024', 'revenue': 307.63, 'unit': 'M', 'net_profit': 97.38}, {'period': '2023', 'revenue': 284.4, 'unit': 'M', 'net_profit': 77.35}, {'period': '2022', 'revenue': 349.72, 'unit': 'M', 'net_profit': 172.55}]","[{'period': ""Q4 '25"", 'revenue': 72.57, 'unit': 'M', 'net_profit': 11.84}, {'period': ""Q3 '25"", 'revenue': 73.08, 'unit': 'M', 'net_profit': 17.78}, {'period': ""Q2 '25"", 'revenue': 65.75, 'unit': 'M', 'net_profit': 1.7}, {'period': ""Q1 '25"", 'revenue': 64.35, 'unit': 'M', 'net_profit': 7.25}, {'period': ""Q4 '24"", 'revenue': 71.49, 'unit': 'M', 'net_profit': 19.36}, {'period': ""Q3 '24"", 'revenue': 75.92, 'unit': 'M', 'net_profit': 25.12}]",0.3,0.3,1403182000,200601000,153148000,572475000,0,9675000,69058000,153148000,60300000,-0.32224090097658303,-0.6039783930331909,-0.6385542168674699,"[0.05, 0.1461]","['2026-03-02', '2008-08-20']",__nan__,0.4079834262412146
346,SBBA,Scorpio Tankers Inc. 7.00% Senior Notes due 2025,"Scorpio Tankers, Inc. engages in the provision of marine transportation of petroleum products. Its consists of wholly owned, finance leased, and bareboat chartered-in tankers. It operates through the following segments: MR, LR2, Handymax, and LR1. The company was founded by Emanuele A. Lauro on July 1, 2009 and is headquartered in Monaco.",,Marine Shipping,25.29,USD,1265122513,https://images.financialmodelingprep.com/symbol/SBBA.png,11354.0,2020-06-05,0.0,0.02,6961,866365000,546898000,"[{'period': '2023', 'revenue': 1340.0, 'unit': 'M', 'net_profit': 546.9}, {'period': '2022', 'revenue': 1560.0, 'unit': 'M', 'net_profit': 637.25}, {'period': '2021', 'revenue': 540.79, 'unit': 'M', 'net_profit': -234.44}, {'period': '2020', 'revenue': 915.89, 'unit': 'M', 'net_profit': 94.12}]","[{'period': ""Q2 '24"", 'revenue': 380.66, 'unit': 'M', 'net_profit': 227.32}, {'period': ""Q1 '24"", 'revenue': 391.34, 'unit': 'M', 'net_profit': 214.19}, {'period': ""Q4 '23"", 'revenue': 336.31, 'unit': 'M', 'net_profit': 120.89}, {'period': ""Q3 '23"", 'revenue': 291.18, 'unit': 'M', 'net_profit': 100.37}, {'period': ""Q2 '23"", 'revenue': 329.3, 'unit': 'M', 'net_profit': 132.4}, {'period': ""Q1 '23"", 'revenue': 384.43, 'unit': 'M', 'net_profit': 193.24}]",10.44,10.03,4228652000,577080000,355551000,1674946000,203500000,11800000,510404000,355551000,842403000,-0.13581102783191923,-0.14178557585629525,-0.09138381201044392,"[0.4375, 0.15069]","['2025-03-14', '2020-06-12']",__nan__,0.39609454738767813
347,SBG,Sandbridge Acquisition Corporation Class A Common Stock,"Sandbridge Acquisition Corporation focuses on effecting a merger, capital stock exchange, asset acquisition, stock purchase, reorganization, or similar business combination with one or more businesses. The company was founded in 2020 and is based in Los Angeles, California.",Kenneth C. Suslow,Shell Companies,8.84,USD,1015291680,https://images.financialmodelingprep.com/symbol/SBG.png,270643.0,2020-11-05,0.0,0.0,457421,-8300000,-41900000,"[{'period': '2025', 'revenue': 105.7, 'unit': 'M', 'net_profit': -41.9}, {'period': '2024', 'revenue': 78.1, 'unit': 'M', 'net_profit': -17.2}, {'period': '2020', 'revenue': 0.0, 'unit': 'M', 'net_profit': -427.19}]","[{'period': ""Q4 '25"", 'revenue': 26.6, 'unit': 'M', 'net_profit': -9.8}, {'period': ""Q3 '25"", 'revenue': 31.99, 'unit': 'M', 'net_profit': 2.68}, {'period': ""Q2 '25"", 'revenue': 26.06, 'unit': 'M', 'net_profit': -37.19}, {'period': ""Q1 '25"", 'revenue': 21.1, 'unit': 'M', 'net_profit': 1.75}, {'period': ""Q4 '24"", 'revenue': 20.5, 'unit': 'M', 'net_profit': -9.6}, {'period': ""Q3 '24"", 'revenue': 22.12, 'unit': 'M', 'net_profit': -6.76}]",-2.31,-2.31,85600000,81900000,35500000,50200000,22900000,0,44200000,35500000,-10800000,0.5911330049261084,-1.436046511627907,-0.47133757961783435,__nan__,__nan__,__nan__,0.5864485981308412
348,SBH,Sally Beauty Holdings Inc. (Name to be changed from Sally Holdings Inc.) Common Stock,"Sally Beauty Holdings, Inc. operates as a specialty retailer and distributor of professional beauty supplies. The company operates through two segments, Sally Beauty Supply and Beauty Systems Group. The Sally Beauty Supply segment offers beauty products, including hair color and care products, skin and nail care products, styling tools, and other beauty products for retail customers, salons, and salon professionals. This segment also provides products under third-party brands, such as Wella, Clairol, OPI, Conair, and L'Oreal, as well as exclusive-label brand merchandise. The Beauty Systems Group segment offers professional beauty products, such as hair color and care products, skin and nail care products, styling tools, and other beauty items directly to salons and salon professionals through its professional-only stores, e-commerce platforms, and sales force, as well as through franchised stores under the Armstrong McCall store name. This segment also sells products under third-party brands, such as Paul Mitchell, Wella, Matrix, Schwarzkopf, Kenra, Goldwell, Joico, and Olaplex. As of September 30, 2021, the company operated 4,777 stores, including 134 franchised units in the United States, Puerto Rico, Canada, Mexico, Chile, Peru, the United Kingdom, Ireland, Belgium, France, the Netherlands, Spain, and Germany. It also distributes its products through full-service/exclusive distributors, open-line distributors, direct sales, and mega-salon stores. Sally Beauty Holdings, Inc. was founded in 1964 and is headquartered in Denton, Texas.",Denise A. Paulonis,Specialty Retail,13.3,USD,1306944370,https://images.financialmodelingprep.com/symbol/SBH.png,1685638.0,2006-11-17,7.56,-0.51,823877,427731000,195878000,"[{'period': '2025', 'revenue': 3700.0, 'unit': 'M', 'net_profit': 195.88}, {'period': '2024', 'revenue': 3720.0, 'unit': 'M', 'net_profit': 153.41}, {'period': '2023', 'revenue': 3730.0, 'unit': 'M', 'net_profit': 184.6}, {'period': '2022', 'revenue': 3820.0, 'unit': 'M', 'net_profit': 183.55}]","[{'period': ""Q1 '26"", 'revenue': 943.17, 'unit': 'M', 'net_profit': 45.56}, {'period': ""Q4 '25"", 'revenue': 947.08, 'unit': 'M', 'net_profit': 49.93}, {'period': ""Q3 '25"", 'revenue': 933.31, 'unit': 'M', 'net_profit': 45.72}, {'period': ""Q2 '25"", 'revenue': 883.15, 'unit': 'M', 'net_profit': 39.21}, {'period': ""Q1 '25"", 'revenue': 937.89, 'unit': 'M', 'net_profit': 61.01}, {'period': ""Q4 '24"", 'revenue': 935.03, 'unit': 'M', 'net_profit': 48.06}]",1.95,1.89,2871096000,1301453000,149162000,2076889000,116562000,59000,575974000,149162000,172686000,0.0870021550409661,0.27679351297795507,0.31756756756756754,__nan__,__nan__,__nan__,0.7233784589578335
349,SBI,Western Asset Intermediate Muni Fund Inc Common Stock,"Western Asset Intermediate Muni Fund Inc. is a closed ended fixed income mutual fund launched and managed by Legg Mason Partners Fund Advisor, LLC. The fund is co-managed by Western Asset Management Company. It invests in the fixed income markets of the United States. The fund invests in securities that provide income exempt from federal income tax. It invests primarily in investment grade municipal securities. The fund employs intensive proprietary research to create its portfolio. It benchmarks the performance of its portfolio against the Barclays Capital 1-15 Year Municipal Bond Index. The fund was formerly known as Intermediate Muni Fund Inc. Western Asset Intermediate Muni Fund Inc. was formed on December 19, 1991 and is domiciled in the United States.",Kenneth Donald Fuller,Asset Management,7.55,USD,106321478,https://images.financialmodelingprep.com/symbol/SBI.png,37205.0,1992-02-05,68.64,-0.05,43964,3550745,1680908,"[{'period': '2025', 'revenue': 6.78, 'unit': 'M', 'net_profit': 1.68}, {'period': '2024', 'revenue': 7.25, 'unit': 'M', 'net_profit': 7.84}, {'period': '2023', 'revenue': 3.38, 'unit': 'M', 'net_profit': 3.23}, {'period': '2022', 'revenue': 3.38, 'unit': 'M', 'net_profit': -17.26}]","[{'period': ""Q4 '25"", 'revenue': 3.21, 'unit': 'M', 'net_profit': 6.38}, {'period': ""Q2 '25"", 'revenue': 3.55, 'unit': 'M', 'net_profit': -4.7}, {'period': ""Q4 '24"", 'revenue': 3.75, 'unit': 'M', 'net_profit': 5.52}, {'period': ""Q2 '24"", 'revenue': 3.5, 'unit': 'M', 'net_profit': 2.32}, {'period': ""Q4 '23"", 'revenue': 3590.0, 'unit': 'K', 'net_profit': 865.75}, {'period': ""Q2 '23"", 'revenue': 2.92, 'unit': 'M', 'net_profit': 2.36}]",0.12,0.12,171142821,2475933,8646487,50687991,2455354,160020402,621558,0,3088750,-0.5471469099197637,-0.7856212197889204,-0.7857142857142857,"[0.042, 0.147]","['2026-05-21', '1992-04-14']",__nan__,0.2961736326643815
350,SBII,Sandbridge X2 Corp. Class A Common Stock,"Sandbridge X2 Corp. does not have significant operations. It intends to effect a merger, capital stock exchange, asset acquisition, stock purchase, reorganization, or similar business combination with one or more businesses. The company was incorporated in 2021 and is based in New York, New York.",Kenneth C. Suslow,Shell Companies,10.1,USD,0,https://images.financialmodelingprep.com/symbol/SBII.png,121058.0,,34.827586206896555,-0.05,100,3237700,3614000,"[{'period': '2021', 'revenue': 0.0, 'unit': 'M', 'net_profit': 3.61}]","[{'period': ""Q3 '22"", 'revenue': 0.0, 'unit': 'K', 'net_profit': 768.66}, {'period': ""Q2 '22"", 'revenue': 0.0, 'unit': 'M', 'net_profit': 10.16}, {'period': ""Q1 '22"", 'revenue': 0.0, 'unit': 'M', 'net_profit': 2.27}, {'period': ""Q4 '21"", 'revenue': 0.0, 'unit': 'M', 'net_profit': 4.4}, {'period': ""Q3 '21"", 'revenue': 0.0, 'unit': 'M', 'net_profit': 2.26}, {'period': ""Q2 '21"", 'revenue': 0.0, 'unit': 'M', 'net_profit': -5.07}]",0.14,0.14,239188665,1000048,587754,17016295,0,0,1709074,587754,-1197377,0.0,0.0,0.0,__nan__,__nan__,__nan__,0.07114172822529027
351,SBOW,SilverBow Resorces Inc. Common Stock,"SilverBow Resources, Inc., an oil and gas company, acquires and develops assets in the Eagle Ford shale and Austin Chalk located in South Texas. As of December 31, 2021, it had proved reserves of 1,416 billion cubic feet of natural gas equivalent. The company was formerly known as Swift Energy Company and changed its name to SilverBow Resources, Inc. in May 2017. SilverBow Resources, Inc. was founded in 1979 and is headquartered in Houston, Texas.",Sean C. Woolverton,Oil & Gas Exploration & Production,36.82,USD,940368072,https://images.financialmodelingprep.com/symbol/SBOW.png,758793.0,2017-01-03,4.690445859872612,-0.91,2055252,681352000,297716000,"[{'period': '2023', 'revenue': 652.36, 'unit': 'M', 'net_profit': 297.72}, {'period': '2022', 'revenue': 753.42, 'unit': 'M', 'net_profit': 340.44}, {'period': '2021', 'revenue': 407.2, 'unit': 'M', 'net_profit': 86.76}, {'period': '2020', 'revenue': 177.39, 'unit': 'M', 'net_profit': -309.38}]","[{'period': ""Q1 '24"", 'revenue': 256.68, 'unit': 'M', 'net_profit': -15.53}, {'period': ""Q4 '23"", 'revenue': 212.04, 'unit': 'M', 'net_profit': 183.06}, {'period': ""Q3 '23"", 'revenue': 173.96, 'unit': 'M', 'net_profit': -4.77}, {'period': ""Q2 '23"", 'revenue': 126.4, 'unit': 'M', 'net_profit': 24.94}, {'period': ""Q1 '23"", 'revenue': 139.95, 'unit': 'M', 'net_profit': 94.49}, {'period': ""Q4 '22"", 'revenue': 198.98, 'unit': 'M', 'net_profit': 173.36}]",12.74,12.63,2734462000,261451000,969000,1545134000,138343000,60674000,248444000,969000,-579117000,0.2943469489329529,-0.12548871009907853,-0.26102088167053356,__nan__,__nan__,__nan__,0.5650595985608869
352,SBR,Sabine Royalty Trust Common Stock,"Sabine Royalty Trust holds royalty and mineral interests in various producing oil and gas properties in the United States. The company's royalty and mineral interests include landowner's royalties, overriding royalty interests, minerals, production payments, and other similar non-participatory interest in certain producing and proved undeveloped oil and gas properties located in Florida, Louisiana, Mississippi, New Mexico, Oklahoma, and Texas. Sabine Royalty Trust was founded in 1982 and is based in Dallas, Texas.",Nancy G. Willis,Oil & Gas Exploration & Production,76.29,USD,1112258230,https://images.financialmodelingprep.com/symbol/SBR.png,40893.0,1983-01-03,15.14,1.45,44618,73443625,73443625,"[{'period': '2025', 'revenue': 77.53, 'unit': 'M', 'net_profit': 73.44}, {'period': '2024', 'revenue': 82.57, 'unit': 'M', 'net_profit': 79.64}, {'period': '2023', 'revenue': 93.01, 'unit': 'M', 'net_profit': 90.25}, {'period': '2022', 'revenue': 125.75, 'unit': 'M', 'net_profit': 122.69}]","[{'period': ""Q4 '25"", 'revenue': 13.65, 'unit': 'M', 'net_profit': 12.76}, {'period': ""Q3 '25"", 'revenue': 25.52, 'unit': 'M', 'net_profit': 24.75}, {'period': ""Q2 '25"", 'revenue': 18.58, 'unit': 'M', 'net_profit': 17.79}, {'period': ""Q1 '25"", 'revenue': 19.39, 'unit': 'M', 'net_profit': 18.15}, {'period': ""Q4 '24"", 'revenue': 19.42, 'unit': 'M', 'net_profit': 18.57}, {'period': ""Q3 '24"", 'revenue': 19.78, 'unit': 'M', 'net_profit': 19.07}]",5.04,5.04,7574257000,7574257000,7574257000,796286000,0,0,0,7574257000,0,-0.07081891680849137,-0.07783600338783116,-0.07692307692307691,"[0.28623, 0.0957]","['2026-03-16', '1987-01-09']",__nan__,0.10513057584394087
353,SBS,Companhia de saneamento Basico Do Estado De Sao Paulo - Sabesp American Depositary Shares (Each repstg 250 Common Shares),"Companhia de Saneamento Básico do Estado de São Paulo  SABESP provides water and sewage services to residential, commercial, industrial, and governmental customers. It provides water supply, sanitary sewage, urban rainwater management and drainage, urban cleaning, and solid waste management services, as well as related activities, including the planning, operation, maintenance, and commercialization of energy. As of December 31, 2021, the company provided water services through 9.8 million water connections to approximately 27.8 million people; sewage services through 8.4 million sewage connections to approximately 24.6 million people; and operated 88,904 kilometers of water pipes and water transmission lines, as well as 61,122 kilometers of sewer lines. It also offers water and/or sewage services to four other municipalities through special purpose companies. The company was founded in 1954 and is headquartered in São Paulo, Brazil.",Carlos Augusto Leone Piani,Regulated Water,28.77,USD,20210226464,https://images.financialmodelingprep.com/symbol/SBS.png,1357208.0,2002-05-10,12.19,-0.24,1044703,14200957000,8295837000,"[{'period': '2025', 'revenue': 37.34, 'unit': 'B', 'net_profit': 8.3}, {'period': '2024', 'revenue': 36.15, 'unit': 'B', 'net_profit': 9.58}, {'period': '2023', 'revenue': 25.57, 'unit': 'B', 'net_profit': 3.52}, {'period': '2022', 'revenue': 22.06, 'unit': 'B', 'net_profit': 3.12}]","[{'period': ""Q4 '25"", 'revenue': 10.53, 'unit': 'B', 'net_profit': 2.52}, {'period': ""Q3 '25"", 'revenue': 9.42, 'unit': 'B', 'net_profit': 2.16}, {'period': ""Q2 '25"", 'revenue': 8.96, 'unit': 'B', 'net_profit': 2.14}, {'period': ""Q1 '25"", 'revenue': 8.43, 'unit': 'B', 'net_profit': 1.48}, {'period': ""Q4 '24"", 'revenue': 14.4, 'unit': 'B', 'net_profit': 2.26}, {'period': ""Q3 '24"", 'revenue': 15.0, 'unit': 'B', 'net_profit': 6.11}]",12.1,12.1,106217659000,18547197000,12374333000,63837814000,5982143000,34212306000,16544607000,4670456000,7927233714,-0.21596889748418613,-0.13400673913830935,-0.1369472182596291,"[0.09952578, 0.3311]","['2026-03-27', '2002-06-25']",__nan__,0.6010094234895537
354,SBSW,D/B/A Sibanye-Stillwater Limited ADS,"Sibanye Stillwater Limited, together with its subsidiaries, operates as a precious metals mining company in South Africa, the United States, Zimbabwe, Canada, and Argentina. The company produces gold; platinum group metals (PGMs), including palladium, platinum, and rhodium; and by-products, such as iridium, ruthenium, nickel, copper, and chrome. It owns the East Boulder and Stillwater mines located in Montana, the United States; and Columbus metallurgical complex, which smelts the material mined to produce PGM-rich filter cake, as well as conducts PGM recycling activities. The company is also involved in the Kroondal, Rustenburg, Marikana, and Platinum Mile operations situated in South Africa; Mimosa located on the southern portion in Zimbabwe; the Driefontein, Kloof, and Cooke surface operations located on the West Rand of the Witwatersrand Basin; and the Beatrix situated in the southern Free State. In addition, it owns an interest in surface tailings retreatment facilities; the Marathon PGM project in Ontario, Canada; the Altar and Rio Grande copper gold projects in the Andes in north-west Argentina; the Hoedspruit; and the Burnstone and southern Free State gold projects in South Africa. Sibanye Stillwater Limited was founded in 2013 and is headquartered in Weltevreden Park, South Africa.",Richard Andrew Stewart,Gold,11.54,USD,8166186557,https://images.financialmodelingprep.com/symbol/SBSW.png,7809196.0,2013-02-11,-26.84,0.32,5773607,31779756000,-4788959000,"[{'period': '2025', 'revenue': 120.1, 'unit': 'B', 'net_profit': -4.79}, {'period': '2024', 'revenue': 112.13, 'unit': 'B', 'net_profit': -7.3}, {'period': '2023', 'revenue': 113.68, 'unit': 'B', 'net_profit': -37.77}, {'period': '2022', 'revenue': 138.29, 'unit': 'B', 'net_profit': 18.4}]","[{'period': ""Q4 '25"", 'revenue': 71.36, 'unit': 'B', 'net_profit': -1.51}, {'period': ""Q2 '25"", 'revenue': 54.77, 'unit': 'B', 'net_profit': -3.59}, {'period': ""Q4 '24"", 'revenue': 56920.0, 'unit': 'M', 'net_profit': 175.0}, {'period': ""Q2 '24"", 'revenue': 55.2, 'unit': 'B', 'net_profit': -7.47}, {'period': ""Q4 '23"", 'revenue': 53.12, 'unit': 'B', 'net_profit': -45.2}, {'period': ""Q2 '23"", 'revenue': 60.57, 'unit': 'B', 'net_profit': 7.42}]",-6.8,-6.8,149590155000,60693420000,17161154000,105466469000,12053168000,20046322000,34124502000,17161154000,1685536000,192.779,0.34370851034671784,0.3410852713178295,"[0.24875, 0.15]","['2026-03-20', '2013-10-02']",__nan__,0.7050361636432558
355,SC,Santander Consumer USA Holdings Inc. Common Stock,"Santander Consumer USA Holdings Inc., a specialized consumer finance company, provides vehicle finance and third-party servicing in the United States. It offers vehicle financial products and services, including retail installment contracts and vehicle leases, as well as dealer loans for inventory, construction, real estate, working capital, and revolving lines of credit. The company also provides financial products and services related to recreational and marine vehicles; originates vehicle loans through RoadLoans.com, a web-based direct lending program; purchases vehicle retail installment contracts from other lenders; and services automobile, and recreational and marine vehicle portfolios for other lenders. In addition, it originates private-label loans and leases; and offers personal loans, as well as provides point-of-sale financing. The company was founded in 1995 and is headquartered in Dallas, Texas. Santander Consumer USA Holdings Inc. is a subsidiary of Santander Holdings USA, Inc.",Mahesh Aditya,Financial - Credit Services,41.6,USD,0,https://images.financialmodelingprep.com/symbol/SC.png,462142.0,2014-01-23,4.128212761734643,0.00999832,9810939,4623167000,910911000,"[{'period': '2020', 'revenue': 6740.0, 'unit': 'M', 'net_profit': 910.91}, {'period': '2019', 'revenue': 6570.0, 'unit': 'M', 'net_profit': 994.37}, {'period': '2018', 'revenue': 6060.0, 'unit': 'M', 'net_profit': 915.93}, {'period': '2017', 'revenue': 5.72, 'unit': 'B', 'net_profit': 1.19}]","[{'period': ""Q3 '21"", 'revenue': 1710.0, 'unit': 'M', 'net_profit': 763.32}, {'period': ""Q2 '21"", 'revenue': 1.78, 'unit': 'B', 'net_profit': 1.06}, {'period': ""Q1 '21"", 'revenue': 1900.0, 'unit': 'M', 'net_profit': 741.65}, {'period': ""Q4 '20"", 'revenue': 1720.0, 'unit': 'M', 'net_profit': 521.46}, {'period': ""Q3 '20"", 'revenue': 1730.0, 'unit': 'M', 'net_profit': 490.12}, {'period': ""Q2 '20"", 'revenue': 1600.0, 'unit': 'M', 'net_profit': -96.68}]",2.87,2.87,48887493000,31790263000,204707000,43265532000,608034000,141909000,531369000,109053000,-2871641000,-0.016151723800373052,-0.08393153453945715,0.0034965034965035776,"[0.22, 0.15]","['2021-11-26', '2014-05-08']",__nan__,0.8850020597292645
356,SCCO,Southern Copper Corporation Common Stock,"Southern Copper Corporation engages in mining, exploring, smelting, and refining copper and other minerals in Peru, Mexico, Argentina, Ecuador, and Chile. The company is involved in the mining, milling, and flotation of copper ore to produce copper and molybdenum concentrates; smelting of copper concentrates to produce blister and anode copper; refining of anode copper to produce copper cathodes; production of molybdenum concentrate and sulfuric acid; production of refined silver, gold, and other materials; and mining and processing of zinc and lead. It operates the Toquepala and Cuajone open-pit mines, and a smelter and refinery in Peru; and La Caridad, an open-pit copper mine, as well as a copper ore concentrator, a SX-EW plant, a smelter, refinery, and a rod plant in Mexico. The company also operates Buenavista, an open-pit copper mine, as well as two copper concentrators and two operating SX-EW plants in Mexico. In addition, it operates five underground mines that produce zinc, lead, copper, silver, and gold; a coal mine that produces coal and coke; and a zinc refinery. The company has interests in 82,134 hectares of exploration concessions in Peru; 493,533 hectares of exploration concessions in Mexico; 246,346 hectares of exploration concessions in Argentina; 29,888 hectares of exploration concessions in Chile; and 7,299 hectares of exploration concessions in Ecuador. Southern Copper Corporation was incorporated in 1952 and is based in Phoenix, Arizona. Southern Copper Corporation operates as a subsidiary of Americas Mining Corporation.",Oscar Gonzalez Rocha,Copper,162.07,USD,133880428778,https://images.financialmodelingprep.com/symbol/SCCO.png,2136252.0,1996-01-05,31.17,2.31,1401183,8022200000,4334900000,"[{'period': '2025', 'revenue': 13.42, 'unit': 'B', 'net_profit': 4.33}, {'period': '2024', 'revenue': 11.43, 'unit': 'B', 'net_profit': 3.38}, {'period': '2023', 'revenue': 9.9, 'unit': 'B', 'net_profit': 2.43}, {'period': '2022', 'revenue': 10.05, 'unit': 'B', 'net_profit': 2.64}]","[{'period': ""Q4 '25"", 'revenue': 3.87, 'unit': 'B', 'net_profit': 1.31}, {'period': ""Q3 '25"", 'revenue': 3.38, 'unit': 'B', 'net_profit': 1.11}, {'period': ""Q2 '25"", 'revenue': 3050.0, 'unit': 'M', 'net_profit': 973.5}, {'period': ""Q1 '25"", 'revenue': 3120.0, 'unit': 'M', 'net_profit': 945.9}, {'period': ""Q4 '24"", 'revenue': 2780.0, 'unit': 'M', 'net_profit': 793.9}, {'period': ""Q3 '24"", 'revenue': 2930.0, 'unit': 'M', 'net_profit': 896.7}]",5.24,5.24,21381400000,8352500000,4909200000,10276500000,2022600000,134500000,2145100000,4304600000,3426800000,0.22710516252390056,0.2837681760298516,0.24465558194774353,"[0.99157, 0.65]","['2026-02-10', '1996-02-13']",__nan__,0.48062802248683434
357,SCD,LMP Capital and Income Fund Inc. Common Stock,"LMP Capital and Income Fund Inc. is a closed ended balanced mutual fund launched and managed by Legg Mason Partners Fund Advisor, LLC. It is co-managed by Clearbridge Investments, LLC, Western Asset Management Company Limited, and Western Asset Management Company. The fund invests in public equity and fixed income markets across the globe. It seeks to invest in securities of companies operating across diversified sectors. The fund primarily invests in stocks of large-cap companies, intermediate period corporate bonds and notes rated at least A-, energy and non-energy master limited partnerships, and real estate investment trusts. It focuses on such factors as economic, market, or political conditions, fiscal and monetary policy, and security valuation to create its portfolio. The fund benchmarks the performance of its portfolio against the U.S. Aggregate Index and S&P 500 Index. It was formerly known as Salomon Brothers Capital and Income Fund Inc. LMP Capital and Income Fund Inc. was formed on November 12, 2003 and is domiciled in the United States.",Kenneth Donald Fuller,Asset Management - Income,14.62,USD,4898166027,https://images.financialmodelingprep.com/symbol/SCD.png,73974.0,2004-02-25,-69.62,-0.24,27797,2888070,-820206,"[{'period': '2025', 'revenue': 54770.0, 'unit': 'K', 'net_profit': -820.21}, {'period': '2024', 'revenue': 87.86, 'unit': 'M', 'net_profit': 87.21}, {'period': '2023', 'revenue': 7.03, 'unit': 'M', 'net_profit': 25.31}, {'period': '2022', 'revenue': 10.87, 'unit': 'M', 'net_profit': -3.03}]","[{'period': ""Q4 '25"", 'revenue': 49.61, 'unit': 'M', 'net_profit': 30.38}, {'period': ""Q2 '25"", 'revenue': 5.16, 'unit': 'M', 'net_profit': -31.2}, {'period': ""Q4 '24"", 'revenue': 2.44, 'unit': 'M', 'net_profit': 25.52}, {'period': ""Q2 '24"", 'revenue': 3.05, 'unit': 'M', 'net_profit': 18.09}, {'period': ""Q4 '23"", 'revenue': 3.82, 'unit': 'M', 'net_profit': 27.31}, {'period': ""Q2 '23"", 'revenue': 3.22, 'unit': 'M', 'net_profit': -2.0}]",-0.0358,-0.0358,461762389,781502,6089679,83623356,779559,454665668,2780916,0,5993380,-0.9668835360261013,-1.009405008344734,-1.0070196078431373,"[0.12, 0.1]","['2026-05-21', '2004-05-14']",__nan__,0.18109607450077533
358,SCHW,Charles Schwab Corporation (The) Common Stock,"The Charles Schwab Corporation, together with its subsidiaries, provides wealth management, securities brokerage, banking, asset management, custody, and financial advisory services. The company operates in two segments, Investor Services and Advisor Services. The Investor Services segment provides retail brokerage, investment advisory, banking and trust, retirement plan, and other corporate brokerage services; equity compensation plan sponsors full-service recordkeeping for stock plans, stock options, restricted stock, performance shares, and stock appreciation rights; and retail investor and mutual fund clearing services, as well as compliance solutions. The Advisor Services segment offers custodial, trading, banking, and support services; and retirement business and corporate brokerage retirement services. This segment provides brokerage accounts with equity and fixed income, margin lending, options, and futures and forex trading; cash management capabilities comprising third-party certificates of deposit; third-party and proprietary mutual funds; plus mutual fund trading and clearing services; and exchange-traded funds (ETFs), including proprietary and third-party ETFs. It also offers advice solutions, such as managed portfolios of proprietary and third-party mutual funds and ETFs, separately managed accounts, customized personal advice for tailored portfolios, and specialized planning and portfolio management. In addition, this segment provides banking products and services, including checking and savings accounts, first lien residential real estate mortgage loans, home equity lines of credit, and pledged asset lines; and trust services comprising trust custody services, personal trust reporting services, and administrative trustee services. As of December 31, 2021, the Company had approximately 400 domestic branch offices in 48 states and the District of Columbia, as well as locations in Puerto Rico, the United Kingdom, Hong Kong, and Singapore. The Charles Schwab Corporation was incorporated in 1971 and is headquartered in Westlake, Texas.",Richard Andrew Wurster,Financial - Capital Markets,92.36,USD,164117883217,https://images.financialmodelingprep.com/symbol/SCHW.png,10409918.0,1987-09-22,19.86,-2.11,7250608,15038000000,8852000000,"[{'period': '2025', 'revenue': 27.68, 'unit': 'B', 'net_profit': 8.85}, {'period': '2024', 'revenue': 26.0, 'unit': 'B', 'net_profit': 5.94}, {'period': '2023', 'revenue': 25.52, 'unit': 'B', 'net_profit': 5.07}, {'period': '2022', 'revenue': 22.31, 'unit': 'B', 'net_profit': 7.18}]","[{'period': ""Q4 '25"", 'revenue': 7.17, 'unit': 'B', 'net_profit': 2.46}, {'period': ""Q3 '25"", 'revenue': 7.04, 'unit': 'B', 'net_profit': 2.36}, {'period': ""Q2 '25"", 'revenue': 6.82, 'unit': 'B', 'net_profit': 2.13}, {'period': ""Q1 '25"", 'revenue': 6.65, 'unit': 'B', 'net_profit': 1.91}, {'period': ""Q4 '24"", 'revenue': 6.65, 'unit': 'B', 'net_profit': 1.84}, {'period': ""Q3 '24"", 'revenue': 6.55, 'unit': 'B', 'net_profit': 1.41}]",4.68,4.66,490995000000,200800000000,632000000,441570000000,107547000000,254400000000,11261000000,292000000,8763000000,0.6476388736715241,0.4897340962638842,0.5599999999999999,"[0.32, 0.03]","['2026-02-13', '1989-05-25']",__nan__,0.8993370604588642
359,SCI,Service Corporation International Common Stock,"Service Corporation International provides deathcare products and services in the United States and Canada. The company operates through Funeral and Cemetery segments. Its funeral service and cemetery operations comprise funeral service locations, cemeteries, funeral service/cemetery combination locations, crematoria, and other businesses. The company also provides professional services related to funerals and cremations, including the use of funeral facilities and motor vehicles; arranging and directing services; and removal, preparation, embalming, cremation, memorialization, and travel protection, as well as catering services. In addition, it offers funeral merchandise, including burial caskets and related accessories, urns and other cremation receptacles, outer burial containers, flowers, online and video tributes, stationery products, casket and cremation memorialization products, and other ancillary merchandise. Further, the company's cemeteries provide cemetery property interment rights, such as developed lots, lawn crypts, mausoleum spaces, niches, and other cremation memorialization and interment options; and sells cemetery merchandise and services, including memorial markers and bases, outer burial containers, flowers and floral placements, graveside services, merchandise installations, and interments, as well as offers preneed cemetery merchandise and services. Service Corporation International offers its products and services under the Dignity Memorial, Dignity Planning, National Cremation Society, Advantage Funeral and Cremation Services, Funeraria del Angel, Making Everlasting Memories, Neptune Society, and Trident Society brands. As of December 31, 2021, it owned and operated 1,471 funeral service locations; and 488 cemeteries, including 299 funeral service/cemetery combination locations covering 44 states, eight Canadian provinces, the District of Columbia, and Puerto Rico. The company was incorporated in 1962 and is headquartered in Houston, Texas.",Thomas Luke Ryan,Personal Products & Services,81.57,USD,11356501680,https://images.financialmodelingprep.com/symbol/SCI.png,1079979.0,1980-03-17,21.47,-0.27,1701142,1314202000,542614000,"[{'period': '2025', 'revenue': 4310.0, 'unit': 'M', 'net_profit': 542.61}, {'period': '2024', 'revenue': 4190.0, 'unit': 'M', 'net_profit': 518.65}, {'period': '2023', 'revenue': 4100.0, 'unit': 'M', 'net_profit': 537.32}, {'period': '2022', 'revenue': 4110.0, 'unit': 'M', 'net_profit': 565.34}]","[{'period': ""Q4 '25"", 'revenue': 1110.0, 'unit': 'M', 'net_profit': 159.4}, {'period': ""Q3 '25"", 'revenue': 1060.0, 'unit': 'M', 'net_profit': 117.47}, {'period': ""Q2 '25"", 'revenue': 1070.0, 'unit': 'M', 'net_profit': 122.86}, {'period': ""Q1 '25"", 'revenue': 1070.0, 'unit': 'M', 'net_profit': 142.88}, {'period': ""Q4 '24"", 'revenue': 1090.0, 'unit': 'M', 'net_profit': 151.35}, {'period': ""Q3 '24"", 'revenue': 1010.0, 'unit': 'M', 'net_profit': 117.83}]",3.83,3.8,18654512000,411793000,243581000,17015671000,100415000,7360793000,745704000,243581000,554245000,0.042081241297500974,0.04620860390862396,0.07282913165266114,"[0.34, 0.1602]","['2026-03-13', '1986-01-09']",__nan__,0.9121477420583288
360,SCL,Stepan Company Common Stock,"Stepan Company, together with its subsidiaries, produces and sells specialty and intermediate chemicals to other manufacturers for use in various end products. It operates through three segments: Surfactants, Polymers, and Specialty Products. The Surfactants segment offers surfactants that are used as principal ingredients in consumer and industrial cleaning products, including detergents for washing clothes, dishes, carpets, and floors and walls, as well as shampoos and body washes; and other applications, such as fabric softeners, germicidal quaternary compounds, disinfectants, and lubricating ingredients. Its surfactants are also used in various applications, including emulsifiers for spreading agricultural products; and industrial applications comprising latex systems, plastics, and composites. The Polymers segment provides polyurethane polyols that are used in the manufacture of rigid foam for thermal insulation in the construction industry, as well as a base raw material for coatings, adhesives, sealants, and elastomers (CASE); polyester resins, including liquid and powdered products, which are used in CASE applications; and phthalic anhydride that is used in unsaturated polyester resins, alkyd resins, and plasticizers for applications in construction materials, as well as components of automotive, boating, and other consumer products. The Specialty Products segment offers flavors, emulsifiers, and solubilizers for use in food, flavoring, nutritional supplement, and pharmaceutical applications. It serves in the United States, France, Poland, the United Kingdom, Brazil, Mexico, and internationally. Stepan Company was founded in 1932 and is headquartered in Northbrook, Illinois.",Luis E. Rojo,Chemicals - Specialty,49.49,USD,1120220997,https://images.financialmodelingprep.com/symbol/SCL.png,187076.0,1992-03-17,24.14,-0.55,84435,208019000,46895000,"[{'period': '2025', 'revenue': 2330.0, 'unit': 'M', 'net_profit': 46.9}, {'period': '2024', 'revenue': 2180.0, 'unit': 'M', 'net_profit': 50.37}, {'period': '2023', 'revenue': 2330.0, 'unit': 'M', 'net_profit': 40.2}, {'period': '2022', 'revenue': 2770.0, 'unit': 'M', 'net_profit': 147.15}]","[{'period': ""Q4 '25"", 'revenue': 553.89, 'unit': 'M', 'net_profit': 5.0}, {'period': ""Q3 '25"", 'revenue': 590.28, 'unit': 'M', 'net_profit': 10.84}, {'period': ""Q2 '25"", 'revenue': 594.69, 'unit': 'M', 'net_profit': 11.34}, {'period': ""Q1 '25"", 'revenue': 593.25, 'unit': 'M', 'net_profit': 19.71}, {'period': ""Q4 '24"", 'revenue': 525.61, 'unit': 'M', 'net_profit': 3.35}, {'period': ""Q3 '24"", 'revenue': 546.84, 'unit': 'M', 'net_profit': 23.61}]",2.05,2.05,2357702000,858959000,132687999,1113692000,387959000,21270000,666494000,132687999,25368000,0.08286266078781475,-0.06898947786380782,-0.07239819004524893,"[0.395, 0.17]","['2026-03-02', '1985-02-25']",__nan__,0.47236334362866894
361,SCM,Stellus Capital Investment Corporation Common Stock,"Stellus Capital Investment Corporation is a business development company specializing in investments in private middle-market companies. It invests through first lien, second lien, unitranche, and mezzanine debt financing, often with a corresponding equity investment. The fund prefers to invest in US and Canada. The fund seeks to invest in companies with an EBITDA between $5 million and $50 million.",Robert Thomsen Ladd,Asset Management,8.81,USD,255025308,https://images.financialmodelingprep.com/symbol/SCM.png,257191.0,2012-11-08,9.27,-0.3,233519,63568932,27045329,"[{'period': '2025', 'revenue': 103.67, 'unit': 'M', 'net_profit': 27.05}, {'period': '2024', 'revenue': 82.72, 'unit': 'M', 'net_profit': 45.84}, {'period': '2023', 'revenue': 53.24, 'unit': 'M', 'net_profit': 17.53}, {'period': '2022', 'revenue': 45.42, 'unit': 'M', 'net_profit': 14.49}]","[{'period': ""Q4 '25"", 'revenue': 52.43, 'unit': 'M', 'net_profit': 5.21}, {'period': ""Q3 '25"", 'revenue': 17.43, 'unit': 'M', 'net_profit': 6.69}, {'period': ""Q2 '25"", 'revenue': 19.84, 'unit': 'M', 'net_profit': 10.15}, {'period': ""Q1 '25"", 'revenue': 13.97, 'unit': 'M', 'net_profit': 4.99}, {'period': ""Q4 '24"", 'revenue': 18.2, 'unit': 'M', 'net_profit': 8.69}, {'period': ""Q3 '24"", 'revenue': 25.17, 'unit': 'M', 'net_profit': 15.46}]",0.95,0.95,1041252306000,31511152000,25050156000,670073350000,6460996000,823426000,123253416000,25050156000,-24449764000,0.33935489204906855,-0.41006545870686223,-0.46927374301675984,"[0.1133, 0.1812]","['2026-03-31', '2012-12-19']",__nan__,0.6435264019477716
362,SCPE,SC Health Corporation Class A Ordinary Shares,"SC Health Corporation is a blank check company. The Company is formed for the purpose effecting a merger, share exchange, asset acquisition, share purchase, reorganization or similar business combination with one or more businesses. The Company intends to focus its search for a target with operations in the healthcare sector in the Asia Pacific region. The Company has not engaged in any business option. The Company has not generated any revenue.",Angelo John Coloma,Shell Companies,15.84,USD,0,https://images.financialmodelingprep.com/symbol/SCPE.png,212159.0,2019-07-12,0.0,0.0,762835,-1092000,-1092000,"[{'period': '2020', 'revenue': 0.0, 'unit': 'M', 'net_profit': -1.09}, {'period': '2019', 'revenue': 0.0, 'unit': 'K', 'net_profit': 958.11}]","[{'period': ""Q2 '21"", 'revenue': 0.0, 'unit': '', 'net_profit': -110.0}, {'period': ""Q1 '21"", 'revenue': 0.0, 'unit': 'M', 'net_profit': -11.55}, {'period': ""Q4 '20"", 'revenue': 0.0, 'unit': 'M', 'net_profit': -1.15}, {'period': ""Q2 '20"", 'revenue': 0.0, 'unit': 'K', 'net_profit': -65.83}, {'period': ""Q1 '20"", 'revenue': 0.0, 'unit': 'K', 'net_profit': 345.36}, {'period': ""Q4 '19"", 'revenue': 0.0, 'unit': 'K', 'net_profit': 385.38}]",-0.0479,-0.0479,174788957,246945,124878,7174715,0,0,1137215,124878,-747535,-2.139747439482229,-2.139747439482229,-1.863063063063063,__nan__,__nan__,__nan__,0.04104787352212417
363,SCS,Steelcase Inc. Common Stock,"Steelcase Inc. provides a portfolio of furniture and architectural products in the United States and internationally. It operates through Americas, EMEA, and Other segments. The company's furniture portfolio includes furniture systems, seating, storage, fixed and height-adjustable desks, benches, and tables, as well as complementary products, such as work accessories, lighting, and mobile power and screens. Its seating products comprise task chairs; seating for collaborative environments and casual settings; and specialty seating for specific vertical markets, including education and healthcare. The company's interior architectural products comprise full and partial height walls and architectural pods. It also provides textiles, wall coverings, and surface imaging solutions for architects and designers; and workplace strategy consulting, lease origination, and furniture and asset management services. The company markets and sells its products to corporate, government, healthcare, education, and retail customers under the Steelcase, Designtex, Coalesse, AMQ, Smith System, Orangebox, and Viccarbe brands. It distributes its products and services through a network of independent and company-owned dealers, as well as directly to end-use customers. The company was founded in 1912 and is headquartered in Grand Rapids, Michigan.",David C. Sylvester,Business Equipment & Supplies,16.14,USD,1851648572,https://images.financialmodelingprep.com/symbol/SCS.png,1552461.0,1998-02-18,20.175,0.02,1755413,240700000,120700000,"[{'period': '2025', 'revenue': 3170.0, 'unit': 'M', 'net_profit': 120.7}, {'period': '2024', 'revenue': 3160.0, 'unit': 'M', 'net_profit': 81.1}, {'period': '2023', 'revenue': 3230.0, 'unit': 'M', 'net_profit': 35.3}, {'period': '2022', 'revenue': 2770.0, 'unit': 'M', 'net_profit': 4.0}]","[{'period': ""Q2 '26"", 'revenue': 897.1, 'unit': 'M', 'net_profit': 35.0}, {'period': ""Q1 '26"", 'revenue': 779.0, 'unit': 'M', 'net_profit': 13.6}, {'period': ""Q4 '25"", 'revenue': 788.0, 'unit': 'M', 'net_profit': 27.6}, {'period': ""Q3 '25"", 'revenue': 794.9, 'unit': 'M', 'net_profit': 19.1}, {'period': ""Q2 '25"", 'revenue': 855.8, 'unit': 'M', 'net_profit': 63.1}, {'period': ""Q1 '25"", 'revenue': 727.3, 'unit': 'M', 'net_profit': 10.9}]",1.02,1.02,2330400000,1029000000,387900000,1378700000,323100000,53300000,669100000,346300000,101400000,0.11126500461680518,0.4882860665844636,0.49999999999999994,"[0.1, 0.1]","['2025-10-06', '1998-04-30']",__nan__,0.5916151733607964
364,SCU,Sculptor Capital Management Inc. Class A Common Stock,"Sculptor Capital Management, Inc. is a publicly owned hedge fund sponsor. The firm provides investment advisory services to its clients. It primarily caters to institutional investors, which include pension funds, fund-of-funds, foundations and endowments, corporations and other institutions, private banks and family offices. The firm also manages separate client-focused equity, fixed income, and real estate separate accounts. It also manages commingled funds and specialized products. The firm invests in equity, fixed income and real estate markets across the world. It employs quantitative and qualitative analysis to make its investments through a combination of fundamental bottom-up research, a high degree of flexibility, and integrated risk management. For its multi-strategy portfolios, the firm employs strategies like convertible and derivative arbitrage, corporate credit, long/short equity special situations, buyout investments, merger arbitrage, private investments, and structured credit. It also invests in real estate and traditional real estate assets including multifamily, office, hotel and retail, loans, portfolio acquisitions, loan pools, operating companies, structured debt products, public securities, and non-traditional real estate assets including gaming, distressed land and residential, cell towers, parking, golf, debt and senior housing. For private equity investments, it considers investments in a variety of special situations that seek to realize value through strategic sales or initial public offerings. The firm was previously known as Och-Ziff Capital Management Group Inc. Sculptor Capital Management, Inc. was founded in 1994 and is based New York, New York.",James S. Levin,Asset Management,12.72,USD,373359984,https://images.financialmodelingprep.com/symbol/SCU.png,362360.0,2007-11-14,-12.979591836734693,-0.03,2910262,-26691000,-32656000,"[{'period': '2022', 'revenue': 419.0, 'unit': 'M', 'net_profit': -32.66}, {'period': '2021', 'revenue': 626.07, 'unit': 'M', 'net_profit': 5.44}, {'period': '2020', 'revenue': 897.02, 'unit': 'M', 'net_profit': 177.63}, {'period': '2019', 'revenue': 597.35, 'unit': 'M', 'net_profit': -20.39}]","[{'period': ""Q3 '23"", 'revenue': 85.66, 'unit': 'M', 'net_profit': -31.11}, {'period': ""Q2 '23"", 'revenue': 75.3, 'unit': 'M', 'net_profit': 3.65}, {'period': ""Q1 '23"", 'revenue': 113.23, 'unit': 'M', 'net_profit': 4.96}, {'period': ""Q4 '22"", 'revenue': 123.64, 'unit': 'M', 'net_profit': -4.45}, {'period': ""Q3 '22"", 'revenue': 78.83, 'unit': 'M', 'net_profit': -30.61}, {'period': ""Q2 '22"", 'revenue': 119.18, 'unit': 'M', 'net_profit': -8.05}]",-1.24,-1.24,1652206000,411191000,258866000,1027759000,117927000,843613000,202003000,258866000,-339740000,-1.3301176208675003,-7.001837897445323,-6.904761904761905,"[0.13, 1.2]","['2023-08-14', '2007-12-27']",__nan__,0.6220525769788997
365,SCVX,SCVX Corp. Class A Ordinary Shares,"SCVX Corp. does not have significant operations. The company intends to effect a merger, share exchange, asset acquisition, share purchase, reorganization, or related business combination with one or more businesses. in the cybersecurity sector. It intends to focus its search for a business in the cybersecurity sector. The company was incorporated in 2019 and is based in Washington, the District of Columbia.",Michael Doniger,Shell Companies,10.01,USD,0,https://images.financialmodelingprep.com/symbol/SCVX.png,2669.0,2020-01-28,20.428571428571427,0.0,1022,22415000,47580000,"[{'period': '2021', 'revenue': 0.0, 'unit': 'M', 'net_profit': 47.58}, {'period': '2020', 'revenue': 0.0, 'unit': 'K', 'net_profit': -972.0}]","[{'period': ""Q1 '22"", 'revenue': 0.0, 'unit': 'M', 'net_profit': 4.7}, {'period': ""Q4 '21"", 'revenue': 0.0, 'unit': 'M', 'net_profit': 16.55}, {'period': ""Q3 '21"", 'revenue': 0.0, 'unit': 'M', 'net_profit': 4.15}, {'period': ""Q2 '21"", 'revenue': 0.0, 'unit': 'M', 'net_profit': -2.27}, {'period': ""Q1 '21"", 'revenue': 0.0, 'unit': 'M', 'net_profit': 12.52}, {'period': ""Q4 '20"", 'revenue': 0.0, 'unit': 'M', 'net_profit': -1.05}]",1.66,1.66,230746041,181970,145565,17279007,0,230564071,3009007,145565,-771.673,24.060699588477366,49.95061728395062,12.857142857142854,__nan__,__nan__,__nan__,0.07488322194008953
366,SCX,L.S. Starrett Company (The) Common Stock,"The L.S. Starrett Company, together with its subsidiaries, manufactures and sells industrial, professional, and consumer measuring and cutting tools, and related products in the United States, Canada, Mexico, Brazil, China, the United Kingdom, Australia, and New Zealand. The company's products include precision tools, electronic gauges, gage blocks, optical vision and laser measuring equipment, custom engineered granite solutions, squares, band saw blades, hole saws, hacksaw blades, jig saw blades, and reciprocating saw blades, as well as M1 lubricant and precision ground flat stock products. It also provides measuring tools, such as micrometers, vernier calipers, height gages, depth gages, electronic gages, dial indicators, steel rules, and combination squares, as well as custom and non-contact gaging. In addition, the company offers hand tools for measuring, marking, and layout that include tapes, levels, chalk lines, and other products for building trades, and construction and retail trades. Further, it provides carbide tipped products for cutting ferrous materials, and non-ferrous metals and castings. The company primarily distributes its precision hand tools, and saw and construction products through distributors or resellers. It serves the metalworking, aerospace, medical, oil and gas, machinery, government, equipment, and automotive markets; marine and farm equipment shops, and do-it-yourselfers; and tradesmen, which comprise builders, carpenters, plumbers, and electricians. The L.S. Starrett Company was founded in 1880 and is headquartered in Athol, Massachusetts.",Douglas A. Starrett,Manufacturing - Tools & Accessories,16.18,USD,113384910,https://images.financialmodelingprep.com/symbol/SCX.png,99301.0,1973-02-21,9.74698795180723,0.01,61690,33747000,23088000,"[{'period': '2023', 'revenue': 256.18, 'unit': 'M', 'net_profit': 23.09}, {'period': '2022', 'revenue': 253.7, 'unit': 'M', 'net_profit': 14.88}, {'period': '2021', 'revenue': 219.64, 'unit': 'M', 'net_profit': 15.53}, {'period': '2020', 'revenue': 201.45, 'unit': 'M', 'net_profit': -21.84}]","[{'period': ""Q3 '24"", 'revenue': 60770.0, 'unit': 'K', 'net_profit': 638.0}, {'period': ""Q2 '24"", 'revenue': 62080.0, 'unit': 'K', 'net_profit': -394.0}, {'period': ""Q1 '24"", 'revenue': 60.64, 'unit': 'M', 'net_profit': 1.92}, {'period': ""Q4 '23"", 'revenue': 67.27, 'unit': 'M', 'net_profit': 10.43}, {'period': ""Q3 '23"", 'revenue': 61.68, 'unit': 'M', 'net_profit': 7.47}, {'period': ""Q2 '23"", 'revenue': 66.78, 'unit': 'M', 'net_profit': 3.13}]",3.12,3.06,192802000,122202000,10454000,63335000,36611000,0,39563000,10454000,17077000,0.11945200026537517,0.5518214813819061,0.5145631067961165,"[0.1, 0.4]","['2017-12-18', '1973-03-13']",__nan__,0.328497629692638
367,SD,SandRidge Energy Inc. Common Stock,"SandRidge Energy, Inc. engages in the acquisition, development, and production of oil and natural gas primarily in the United States Mid-Continent. As of December 31, 2021, it had an interest in 817.0 net producing wells; and operated approximately 368,000 net leasehold acres in Oklahoma and Kansas, as well as total estimated proved reserves of 71.3 million barrels of oil equivalent. The company was incorporated in 2006 and is headquartered in Oklahoma City, Oklahoma.",Grayson R. Pranin Jr.,Oil & Gas Exploration & Production,17.14,USD,631183294,https://images.financialmodelingprep.com/symbol/SD.png,357998.0,2016-10-04,9.02,0.26,389024,97119000,70203000,"[{'period': '2025', 'revenue': 156.36, 'unit': 'M', 'net_profit': 70.2}, {'period': '2024', 'revenue': 125.29, 'unit': 'M', 'net_profit': 62.99}, {'period': '2023', 'revenue': 148.64, 'unit': 'M', 'net_profit': 60.86}, {'period': '2022', 'revenue': 254.26, 'unit': 'M', 'net_profit': 242.17}]","[{'period': ""Q4 '25"", 'revenue': 39.4, 'unit': 'M', 'net_profit': 21.64}, {'period': ""Q3 '25"", 'revenue': 39.82, 'unit': 'M', 'net_profit': 15.95}, {'period': ""Q2 '25"", 'revenue': 34.53, 'unit': 'M', 'net_profit': 19.56}, {'period': ""Q1 '25"", 'revenue': 42.6, 'unit': 'M', 'net_profit': 13.05}, {'period': ""Q4 '24"", 'revenue': 38.97, 'unit': 'M', 'net_profit': 17.58}, {'period': ""Q3 '24"", 'revenue': 30.06, 'unit': 'M', 'net_profit': 25.48}]",1.91,1.9,644021000,147858000,110998000,133150000,26186000,0,68040000,110998000,32453000,0.3237964124093561,0.11458101800400089,0.12352941176470586,"[0.12, 2]","['2026-03-20', '2023-05-23']",__nan__,0.20674791660520386
368,SDHY,PGIM Short Duration High Yield Opportunities Fund Common Shares,"PGIM Short Duration High Yield Opportunities Fund is a closed-end investment fund, which engages in investment activity. It seeks to provide total return, through a combination of current income and capital appreciation by investing primarily in below investment-grade fixed income instruments. The company was founded on May 15, 2020 and is headquartered in Newark, NJ.",Stuart Sherman Parker,Asset Management - Leveraged,15.63,USD,385639865,https://images.financialmodelingprep.com/symbol/SDHY.png,75618.0,2020-11-25,10.35,-0.13,81983,37344250,37344250,"[{'period': '2025', 'revenue': 43.02, 'unit': 'M', 'net_profit': 37.34}, {'period': '2024', 'revenue': 48.9, 'unit': 'M', 'net_profit': 40.72}, {'period': '2023', 'revenue': 32.36, 'unit': 'M', 'net_profit': 26.27}, {'period': '2022', 'revenue': -25.88, 'unit': 'M', 'net_profit': -28.01}]",[],0.0,0.0,446469066,7655752,287295,6952764,7368457,2770589,6222760,287295,154946189,-0.08295476166364016,-0.08295476166364016,-1.0,"[0.108, 0.108]","['2026-05-14', '2021-01-21']",__nan__,0.015572778786873446
369,SE,Sea Limited American Depositary Shares each representing one Class A Ordinary Share,"Sea Limited, together with its subsidiaries, engages in the digital entertainment, e-commerce, and digital financial service businesses in Southeast Asia, Latin America, rest of Asia, and internationally. It offers Garena digital entertainment platform for users to access mobile and PC online games, as well as eSports operations; and access to other entertainment content, including livestreaming of gameplay and social features, such as user chat and online forums. The company also operates Shopee e-commerce platform, a mobile-centric marketplace that provides integrated payment and logistics infrastructure and seller services. In addition, it offers SeaMoney digital financial services to individuals and businesses, including offline and online mobile wallet, and payment processing services, as well as other offerings across credit, insurtech, and digital bank services under the ShopeePay, SPayLater, SeaBank, and other digital financial services brands; and payment processing services for Shopee. The company was formerly known as Garena Interactive Holding Limited and changed its name to Sea Limited in April 2017. Sea Limited was incorporated in 2009 and is headquartered in Singapore.",Xiaodong Li,Specialty Retail,78.16,USD,46272278510,https://images.financialmodelingprep.com/symbol/SE.png,5963667.0,2017-10-20,31.02,-1.7,2204775,1863978000,1578149000,"[{'period': '2025', 'revenue': 22.94, 'unit': 'B', 'net_profit': 1.58}, {'period': '2024', 'revenue': 16820.0, 'unit': 'M', 'net_profit': 444.32}, {'period': '2023', 'revenue': 13060.0, 'unit': 'M', 'net_profit': 150.73}, {'period': '2022', 'revenue': 12.45, 'unit': 'B', 'net_profit': -1.65}]","[{'period': ""Q4 '25"", 'revenue': 6850.0, 'unit': 'M', 'net_profit': 397.1}, {'period': ""Q3 '25"", 'revenue': 5990.0, 'unit': 'M', 'net_profit': 372.04}, {'period': ""Q2 '25"", 'revenue': 5260.0, 'unit': 'M', 'net_profit': 414.2}, {'period': ""Q1 '25"", 'revenue': 4840.0, 'unit': 'M', 'net_profit': 403.05}, {'period': ""Q4 '24"", 'revenue': 4950.0, 'unit': 'M', 'net_profit': 237.31}, {'period': ""Q3 '24"", 'revenue': 4330.0, 'unit': 'M', 'net_profit': 153.32}]",2.65,2.52,29370979000,23249495000,12788914000,16722651000,8258999000,2490979000,14680550000,6375653000,2955827000,0.7721369999762318,2.5518217684962,2.4415584415584415,"[0.44, 0.25]","['2017-02-13', '2009-08-12']",__nan__,0.5693596730296256
370,SEAH,Sports Entertainment Acquisition Corp. Class A Common Stock,"Sports Entertainment Acquisition Corp. focuses on effecting a merger, capital stock exchange, asset acquisition, stock purchase, reorganization, or similar business combination with one or more businesses. It intends to focus its search on the sports and entertainment sectors. The company was incorporated in 2020 and is based in North Palm Beach, Florida.",Eric P. Grubman,Shell Companies,8.14,USD,0,https://images.financialmodelingprep.com/symbol/SEAH.png,1471472.0,2020-12-15,0.0,0.0,533958,-136000,-136000,"[{'period': '2020', 'revenue': 0.0, 'unit': 'K', 'net_profit': -136.0}]","[{'period': ""Q3 '21"", 'revenue': 0.0, 'unit': 'M', 'net_profit': -8.1}, {'period': ""Q2 '21"", 'revenue': 0.0, 'unit': 'M', 'net_profit': -37.12}, {'period': ""Q1 '21"", 'revenue': 0.0, 'unit': 'M', 'net_profit': 4.63}, {'period': ""Q4 '20"", 'revenue': 0.0, 'unit': 'K', 'net_profit': -136.0}]",-0.0024,-0.0024,451445969,1378270,451155575,15875583,0,0,125583,1087876,-385100,0.0,0.0,0.0,__nan__,__nan__,__nan__,0.03516607543349224
371,SEAS,SeaWorld Entertainment Inc. Common Stock,"SeaWorld Entertainment, Inc., together with its subsidiaries, operates as a theme park and entertainment company in the United States. The company operates SeaWorld theme parks in Orlando, Florida; San Antonio, Texas; and San Diego, California, as well as Busch Gardens theme parks in Tampa, Florida, and Williamsburg, Virginia. It also operates water park attractions in Orlando, Florida; San Antonio, Texas; San Diego, California; Chula Vista, California; Tampa, Florida; and Williamsburg, Virginia. In addition, the company operates a reservations-only theme park in Orlando, Florida and a park in Langhorne, Pennsylvania. It operates a portfolio of twelve theme parks under the SeaWorld, Busch Gardens, Aquatica, Discovery Cove, Water Country USA, Adventure Island, and Sesame Place brands. The company was formerly known as SW Holdco, Inc. and changed its name to SeaWorld Entertainment, Inc. in December 2012. SeaWorld Entertainment, Inc. was founded in 1959 and is headquartered in Orlando, Florida.",Marc G. Swanson,Leisure,50.3,USD,3216383200,https://images.financialmodelingprep.com/symbol/SEAS.png,708619.0,2013-04-19,13.271767810026386,1.22,504321,535151000,168353000,"[{'period': '2025', 'revenue': 1660.0, 'unit': 'M', 'net_profit': 168.35}, {'period': '2024', 'revenue': 1730.0, 'unit': 'M', 'net_profit': 227.5}, {'period': '2023', 'revenue': 1730.0, 'unit': 'M', 'net_profit': 234.2}, {'period': '2022', 'revenue': 1730.0, 'unit': 'M', 'net_profit': 291.19}]","[{'period': ""Q4 '25"", 'revenue': 373.55, 'unit': 'M', 'net_profit': 15.05}, {'period': ""Q3 '25"", 'revenue': 511.85, 'unit': 'M', 'net_profit': 89.33}, {'period': ""Q2 '25"", 'revenue': 490.21, 'unit': 'M', 'net_profit': 80.11}, {'period': ""Q1 '25"", 'revenue': 286.95, 'unit': 'M', 'net_profit': -16.13}, {'period': ""Q4 '24"", 'revenue': 292.06, 'unit': 'M', 'net_profit': -23.17}, {'period': ""Q3 '24"", 'revenue': 545.9, 'unit': 'M', 'net_profit': 119.68}]",3.09,3.06,2616274000,282794000,99762000,3052080000,0,0,384732000,99762000,597574000,-0.14063167428371387,-0.2599770546424788,-0.19109947643979058,"[0.1, 0.2]","['2016-09-27', '2013-06-18']",__nan__,1.1665750605632286
372,SEE,Sealed Air Corporation Common Stock,"Sealed Air Corporation provides food safety and security, and product protection solutions and equipment in North America, South America, Europe, the Middle East, Africa, and the Asia Pacific. It operates through two segments, Food and Protective. The Food segment offers integrated packaging materials and automation equipment solutions to provide food safety and shelf life extension, reduce food waste, automate processes, and optimize total cost for food processors in the fresh red meat, smoked and processed meats, poultry, seafood, plant-based, and dairy markets under the CRYOVAC, CRYOVAC Grip & Tear, CRYOVAC Darfresh, Simple Steps, and Optidure brands. This segment sells its solutions directly to customers through its sales, marketing, and customer service personnel. The Protective segment provides foam, inflatable, suspension and retention, temperature assurance packaging solutions to protect goods to e-commerce, consumer goods, pharmaceutical and medical devices, and industrial manufacturing markets under the SEALED AIR, BUBBLE WRAP, AUTOBAG, SEALED AIR, AUTOBAG, Instapak, Korrvu, Kevothermal, and TempGuard brands. This segment sells its solutions through supply distributors, as well as directly to fabricators, original equipment manufacturers, contract manufacturers, logistics partners, and e-commerce/fulfillment operations. Sealed Air Corporation was incorporated in 1960 and is headquartered in Charlotte, North Carolina.",Dustin J. Semach,Packaging & Containers,42.0,USD,6189693216,https://images.financialmodelingprep.com/symbol/SEE.png,2896852.0,1980-03-17,14.05,0.0,1897772,695400000,505500000,"[{'period': '2025', 'revenue': 5360.0, 'unit': 'M', 'net_profit': 505.5}, {'period': '2024', 'revenue': 5390.0, 'unit': 'M', 'net_profit': 264.7}, {'period': '2023', 'revenue': 5490.0, 'unit': 'M', 'net_profit': 341.6}, {'period': '2022', 'revenue': 5640.0, 'unit': 'M', 'net_profit': 491.6}]","[{'period': ""Q4 '25"", 'revenue': 1400.0, 'unit': 'M', 'net_profit': 113.2}, {'period': ""Q3 '25"", 'revenue': 1350.0, 'unit': 'M', 'net_profit': 185.7}, {'period': ""Q2 '25"", 'revenue': 1330.0, 'unit': 'M', 'net_profit': 93.1}, {'period': ""Q1 '25"", 'revenue': 1270.0, 'unit': 'M', 'net_profit': 113.5}, {'period': ""Q4 '24"", 'revenue': 1370.0, 'unit': 'M', 'net_profit': -7.3}, {'period': ""Q3 '24"", 'revenue': 1350.0, 'unit': 'M', 'net_profit': 91.7}]",3.44,3.43,7012800000,1919500000,344000000,5775300000,676000000,14700000,2101400000,344000000,458500000,-0.2956548161652993,0.9097091046467699,0.8901098901098901,"[0.2, 0.13]","['2026-03-13', '1987-03-02']",__nan__,0.8235369609856262
373,SEM,Select Medical Holdings Corporation Common Stock,"Select Medical Holdings Corporation, through its subsidiaries, operates critical illness recovery hospitals, rehabilitation hospitals, outpatient rehabilitation clinics, and occupational health centers in the United States. The company's Critical Illness Recovery Hospital segment consists of hospitals that provide services for heart failure, infectious disease, respiratory failure and pulmonary disease, surgery requiring prolonged recovery, renal disease, neurological events, and trauma. Its Rehabilitation Hospital segment offers therapy and rehabilitation treatments, including rehabilitative services for brain and spinal cord injuries, strokes, amputations, neurological disorders, orthopedic conditions, pediatric congenital or acquired disabilities, and cancer. The company's Outpatient Rehabilitation segment operates rehabilitation clinics that provide physical, occupational, and speech rehabilitation programs and services; and specialized programs, such as functional programs for work related injuries, hand therapy, post-concussion rehabilitation, pediatric and cancer rehabilitation, and athletic training services. Its Concentra segment operates and provides occupational health centers and contract services at employer worksites that deliver occupational medicine, consumer health, physical therapy, and wellness services. As of December 31, 2021, the company operated 104 critical illness recovery hospitals in 28 states; 30 rehabilitation hospitals in 12 states; 1,881 outpatient rehabilitation clinics in 38 states and the District of Columbia; and 518 occupational health centers in 41 states, and 134 onsite clinics at employer worksites states. Select Medical Holdings Corporation was founded in 1996 and is headquartered in Mechanicsburg, Pennsylvania.",Thomas Mullin,Medical - Care Facilities,16.29,USD,2020253220,https://images.financialmodelingprep.com/symbol/SEM.png,1834744.0,2009-09-25,14.04,0.0,798399,530635000,146219000,"[{'period': '2025', 'revenue': 5450.0, 'unit': 'M', 'net_profit': 146.22}, {'period': '2024', 'revenue': 5190.0, 'unit': 'M', 'net_profit': 214.04}, {'period': '2023', 'revenue': 6660.0, 'unit': 'M', 'net_profit': 243.49}, {'period': '2022', 'revenue': 6330.0, 'unit': 'M', 'net_profit': 158.99}]","[{'period': ""Q4 '25"", 'revenue': 1400.0, 'unit': 'M', 'net_profit': 20.17}, {'period': ""Q3 '25"", 'revenue': 1360.0, 'unit': 'M', 'net_profit': 28.79}, {'period': ""Q2 '25"", 'revenue': 1340.0, 'unit': 'M', 'net_profit': 40.57}, {'period': ""Q1 '25"", 'revenue': 1350.0, 'unit': 'M', 'net_profit': 56.68}, {'period': ""Q4 '24"", 'revenue': -122.59, 'unit': 'M', 'net_profit': -16.05}, {'period': ""Q3 '24"", 'revenue': 1760.0, 'unit': 'M', 'net_profit': 55.63}]",1.18,1.18,5851589000,1025281000,26523000,3815850000,864207000,346400000,984494000,26523000,382735000,0.04606440776867455,-0.3168549509900111,-0.2891566265060241,"[0.0625, 1.5]","['2026-03-02', '2012-12-03']",__nan__,0.6521049239787688
374,SEMR,SEMrush Holdings Inc. Class A Common Stock,"Semrush Holdings, Inc. develops an online visibility management software-as-a-service platform worldwide. The company enables companies to identify and reach the right audience for their content through the right channels. Its platform enables the company's customers to understand trends and act upon insights to enhance the online visibility, and drive traffic to their websites and social media pages, as well as online listings, distribute targeted content to their customers, and measure the digital marketing campaigns. The company was founded in 2008 and is headquartered in Boston, Massachusetts.",William R. Wagner,Software - Application,11.93,USD,1806869758,https://images.financialmodelingprep.com/symbol/SEMR.png,2086847.0,2021-03-24,-91.77,0.0,430276,1662000,-18957000,"[{'period': '2025', 'revenue': 443.64, 'unit': 'M', 'net_profit': -18.96}, {'period': '2024', 'revenue': 376.81, 'unit': 'M', 'net_profit': 8.24}, {'period': '2023', 'revenue': 307680.0, 'unit': 'K', 'net_profit': 950.0}, {'period': '2022', 'revenue': 254.32, 'unit': 'M', 'net_profit': -33.85}]","[{'period': ""Q4 '25"", 'revenue': 117.66, 'unit': 'M', 'net_profit': -11.1}, {'period': ""Q3 '25"", 'revenue': 112.08, 'unit': 'M', 'net_profit': -2.14}, {'period': ""Q2 '25"", 'revenue': 108.89, 'unit': 'M', 'net_profit': -6.57}, {'period': ""Q1 '25"", 'revenue': 105020.0, 'unit': 'K', 'net_profit': 849.0}, {'period': ""Q4 '24"", 'revenue': 102.64, 'unit': 'M', 'net_profit': 3.35}, {'period': ""Q3 '24"", 'revenue': 97.41, 'unit': 'M', 'net_profit': 1.09}]",-0.13,-0.13,454136000,324846000,269276000,163141000,26489000,0,154050000,264280000,57790000,-0.9095559425337396,-3.3017241379310347,-3.3008849557522124,__nan__,__nan__,__nan__,0.3592337978050628
375,SF,Stifel Financial Corporation Common Stock,"Stifel Financial Corp., a financial services and bank holding company, provides retail and institutional wealth management, and investment banking services to individual investors, corporations, municipalities, and institutions in the United States, the United Kingdom, the rest of Europe, and Canada. It operates in three segments: Global Wealth Management, Institutional Group, and Other. The company provides private client services, including securities transaction and financial planning services; institutional equity and fixed income sales, trading and research, and municipal finance services; investment banking services, such as mergers and acquisitions, public offerings, and private placements; and retail and commercial banking services comprising personal and commercial lending programs, as well as deposit accounts. It also participates in and manages underwritings for corporate and public finance; and offers financial advisory and securities brokerage services. The company was founded in 1890 and is headquartered in St. Louis, Missouri.",Ronald James Kruszewski,Financial - Capital Markets,70.93,USD,10979107166,https://images.financialmodelingprep.com/symbol/SF.png,1488937.0,1983-07-19,18.09,-1.31,2262972,933500000,683779000,"[{'period': '2025', 'revenue': 6300.0, 'unit': 'M', 'net_profit': 683.78}, {'period': '2024', 'revenue': 5890.0, 'unit': 'M', 'net_profit': 731.38}, {'period': '2023', 'revenue': 5100.0, 'unit': 'M', 'net_profit': 522.54}, {'period': '2022', 'revenue': 4540.0, 'unit': 'M', 'net_profit': 662.15}]","[{'period': ""Q4 '25"", 'revenue': 1750.0, 'unit': 'M', 'net_profit': 264.36}, {'period': ""Q3 '25"", 'revenue': 1620.0, 'unit': 'M', 'net_profit': 211.37}, {'period': ""Q2 '25"", 'revenue': 1470.0, 'unit': 'M', 'net_profit': 155.06}, {'period': ""Q1 '25"", 'revenue': 1450.0, 'unit': 'M', 'net_profit': 52.99}, {'period': ""Q4 '24"", 'revenue': 1580.0, 'unit': 'M', 'net_profit': 244.0}, {'period': ""Q3 '24"", 'revenue': 1460.0, 'unit': 'M', 'net_profit': 158.5}]",6.27,5.88,41588086000,3992564000,2282807000,35610769000,1709757000,32957455000,762218000,2282807000,1201599000,-0.07976064904722942,-0.06508253586717694,-0.0599700149925038,"[0.34, 0.105]","['2026-03-02', '1992-10-06']",__nan__,0.8562733327039864
376,SFB,Stifel Financial Corporation 5.20% Senior Notes due 2047,"Stifel Financial Corp. provides securities brokerage, investment banking, trading, investment advisory, and related financial services. It operates through the following segments: Global Wealth Management, Institutional Group, and Other. The Global Wealth Management segment consists of two businesses, the Private Client Group and Stifel Bancorp. The Institutional Group segment includes institutional sales and trading. The Other segment refers to interest income from stock borrowing activities, unallocated interest expense, interest income, and gains and losses from investments held. The company was founded in 1890 and is headquartered in St. Louis, MO.",None,Investment - Banking & Investment Services,19.53,USD,1988700840,https://images.financialmodelingprep.com/symbol/SFB.png,12251.0,2017-10-17,,-0.23,8715,1045782000,683779000,"[{'period': '2025', 'revenue': 6350.0, 'unit': 'M', 'net_profit': 683.78}, {'period': '2024', 'revenue': 5950.0, 'unit': 'M', 'net_profit': 731.38}, {'period': '2023', 'revenue': 5160.0, 'unit': 'M', 'net_profit': 522.54}, {'period': '2022', 'revenue': 4580.0, 'unit': 'M', 'net_profit': 662.15}]","[{'period': ""Q4 '25"", 'revenue': 1750.0, 'unit': 'M', 'net_profit': 264.36}, {'period': ""Q3 '25"", 'revenue': 1630.0, 'unit': 'M', 'net_profit': 211.37}, {'period': ""Q2 '25"", 'revenue': 1490.0, 'unit': 'M', 'net_profit': 155.06}, {'period': ""Q1 '25"", 'revenue': 1470.0, 'unit': 'M', 'net_profit': 52.99}, {'period': ""Q4 '24"", 'revenue': 1590.0, 'unit': 'M', 'net_profit': 244.0}, {'period': ""Q3 '24"", 'revenue': 1480.0, 'unit': 'M', 'net_profit': 158.5}]",6.25,5.87,41588086000,3992564000,2282807000,-5756135000,1709757000,32957455000,0,2282807000,1201599000,-0.112336594719254,-0.06508253586717694,-0.06294041800353839,"[0.325, 0.36472]","['2025-12-31', '2017-12-28']",__nan__,-0.13840826913746404
377,SFE,Safeguard Scientifics Inc. New Common Stock,"Safeguard Scientifics, Inc. no longer investing. It is a private equity and venture capital firm specializing in expansion financings, growth capital, management buyouts, recapitalizations, industry consolidations, corporate spinouts, growth stage, and early stage financings. It initially invests in a Series A-C round and opportunistically in a seed round. The firm prefers to make investments in companies engaged in the technology, financial services, and healthcare sector. Within the technology sector, it invests in software as a service, adtech / digital media, Internet of Everything, enhanced security, predictive analytics, machine learning, artificial intelligence, enterprise software, technology enabled services, internet/new media, financial technology, cloud, mobile, social, big data, in memory, and selected business services with capital requirements of up to $25 million. Within healthcare sector, the firm invests in molecular and point-of-care diagnostics, medical devices, regenerative medicine, medical technology, digital health, healthcare technology, specialty pharmaceuticals, and selected healthcare services. It invests throughout the United States with a focus on Mid-Atlantic region, and Southeastern Canada. The firm primarily invests between $5 million and $25 million in growth equity financing and between $5 million and $10 million in early-stage financing. It typically invests in the capital structures including owner financed and bootstrapped companies, corporate division or business unit, and venture capital-backed seeking a growth partner. The firm prefers to be the largest shareholder in its portfolio companies, with ownership in the range of 20 percent to 50 percent. However, it may occasionally take a majority or smaller stake in its portfolio companies. It prefers to invest in companies having proprietary technology and intellectual property. The firm prefers to take a Board seat in its portfolio companies. The company was founded in 1953 as Lancaster Corporation and changed its name to Safeguard Scientifics, Inc. in 1981. Safeguard Scientifics, Inc. is based in Radnor, Pennsylvania with additional office in Weston, Massachusetts.",Mark Dow,Asset Management,0.455,USD,7541898,https://images.financialmodelingprep.com/symbol/SFE.png,77932.0,1980-03-17,-0.7222222222222222,-0.197,899343,-9828000,-9828000,"[{'period': '2023', 'revenue': 2.04, 'unit': 'M', 'net_profit': -9.83}, {'period': '2022', 'revenue': -3.3, 'unit': 'M', 'net_profit': -23.75}, {'period': '2021', 'revenue': 22.04, 'unit': 'M', 'net_profit': 46.43}, {'period': '2020', 'revenue': -7.71, 'unit': 'M', 'net_profit': -34.07}]","[{'period': ""Q4 '23"", 'revenue': 0.0, 'unit': 'M', 'net_profit': -4.41}, {'period': ""Q3 '23"", 'revenue': 1660.0, 'unit': 'K', 'net_profit': 932.0}, {'period': ""Q2 '23"", 'revenue': -0.166, 'unit': 'M', 'net_profit': -2.86}, {'period': ""Q1 '23"", 'revenue': -0.009000000000000001, 'unit': 'M', 'net_profit': -5.78}, {'period': ""Q4 '22"", 'revenue': -3.3, 'unit': 'M', 'net_profit': -8.71}, {'period': ""Q3 '22"", 'revenue': -1.01, 'unit': 'M', 'net_profit': -4.74}]",-0.61,-0.61,22836000,9911000,9498000,2856000,0,11691000,2046000,9498000,-3308000,0.029908202546639027,0.5862068965517241,0.46491228070175433,"[0.35, 1.35]","['2023-12-29', '1997-07-03']",__nan__,0.1250656857593274
378,SFL,SFL Corporation Ltd,"SFL Corporation Ltd., a maritime and offshore asset owning and chartering company, engages in the ownership, operation, and chartering out of vessels and offshore related assets on medium and long-term charters. The company is also involved in the charter, purchase, and sale of assets. In addition, it operates in various sectors of the maritime, and shipping and offshore industries, including oil, chemical, oil product, container, and car transportation, as well as dry bulk shipments and drilling rigs. As of December 31, 2021, the company owned six crude oil tankers, 15 dry bulk carriers, 35 container vessels, two car carriers, one jack-up drilling rig, one ultra-deepwater drilling unit, two chemical tankers, and four oil product tankers. It primarily operates in Bermuda, Cyprus, Liberia, Norway, Singapore, the United Kingdom, and the Marshall Islands. The company was formerly known as Ship Finance International Limited and changed its name to SFL Corporation Ltd. in September 2019. SFL Corporation Ltd. was incorporated in 2003 and is based in Hamilton, Bermuda.",Ole Bjarte Hjertaker,Marine Shipping,10.59,USD,1406540343,https://images.financialmodelingprep.com/symbol/SFL.png,1625803.0,2004-06-17,-52.95,-0.05,759834,421392000,-26431000,"[{'period': '2025', 'revenue': 719.75, 'unit': 'M', 'net_profit': -26.43}, {'period': '2024', 'revenue': 891.62, 'unit': 'M', 'net_profit': 130.65}, {'period': '2023', 'revenue': 738.13, 'unit': 'M', 'net_profit': 83.94}, {'period': '2022', 'revenue': 655.65, 'unit': 'M', 'net_profit': 202.77}]","[{'period': ""Q4 '25"", 'revenue': 170.69, 'unit': 'M', 'net_profit': -4.65}, {'period': ""Q3 '25"", 'revenue': 175.24, 'unit': 'M', 'net_profit': 8.63}, {'period': ""Q2 '25"", 'revenue': 188.53, 'unit': 'M', 'net_profit': 1.46}, {'period': ""Q1 '25"", 'revenue': 185.29, 'unit': 'M', 'net_profit': -31.87}, {'period': ""Q4 '24"", 'revenue': 224.95, 'unit': 'M', 'net_profit': 20.2}, {'period': ""Q3 '24"", 'revenue': 252.71, 'unit': 'M', 'net_profit': 44.52}]",-0.2,-0.2,3638143000,259218000,154975000,2677281000,6941000,15832000,710325000,150829000,219660999,-0.24763654477575966,-1.202299220071487,-1.198019801980198,"[0.2, 0.25]","['2026-03-12', '2004-06-24']",__nan__,0.7358921845567917
379,SFTW,Osprey Technology Acquisition Corp. Class A Common Stock,"Osprey Technology Acquisition Corp. intends to effect a merger, capital stock exchange, asset acquisition, stock purchase, reorganization or similar business combination with one or more businesses. It focuses on opportunities in the technology sector, primarily in Software-as-a-Service model. The company was founded in 2018 and is based in Philadelphia, Pennsylvania.",David Mauro DiDomenico,Shell Companies,11.41,USD,1384774650,https://images.financialmodelingprep.com/symbol/SFTW.png,807297.0,2019-10-31,0.0,1.0100002,4849955,30343000,-70260000,"[{'period': '2025', 'revenue': 106.58, 'unit': 'M', 'net_profit': -70.26}, {'period': '2024', 'revenue': 102090.0, 'unit': 'K', 'net_profit': -2.04}, {'period': '2023', 'revenue': 0.0, 'unit': '', 'net_profit': 332.34}, {'period': '2022', 'revenue': 0.0, 'unit': 'K', 'net_profit': 2.43}]","[{'period': ""Q4 '25"", 'revenue': 35210.0, 'unit': 'K', 'net_profit': -868.0}, {'period': ""Q3 '25"", 'revenue': 19.62, 'unit': 'M', 'net_profit': -15.34}, {'period': ""Q2 '25"", 'revenue': 22.2, 'unit': 'M', 'net_profit': -41.24}, {'period': ""Q1 '25"", 'revenue': 29.54, 'unit': 'M', 'net_profit': -12.81}, {'period': ""Q4 '24"", 'revenue': 30.37, 'unit': 'M', 'net_profit': -19.23}, {'period': ""Q3 '24"", 'revenue': 0.0, 'unit': '', 'net_profit': -298.0}]",-2.09,-2.09,387285000,207834000,124451000,292410000,37648000,0,60500000,42445000,-44523000,0.0,-34507.84086444008,-12.0625,__nan__,__nan__,__nan__,0.7550253689143653
380,SFUN,Fang Holdings Limited American Depositary Shares (Each representing Four Class A Ordinary Shares HK$1.00 par value),"Fang Holdings Limited operates a real estate Internet portal in the People's Republic of China. The company's portal offers marketing, listing, financial, and e-commerce, as well as other value-added services. It supports active online communities and networks of users seeking information on and other value-added services for the real estate, and home furnishing and improvement sectors. The company was formerly known as SouFun Holdings Limited and changed its name to Fang Holdings Limited in September 2016 Fang Holdings Limited was founded in 1999 and is headquartered in Beijing, China.",Jian Liu,Internet Content & Information,2.8,USD,0,https://images.financialmodelingprep.com/symbol/SFUN.png,13347.0,2010-09-17,-4.0,0.0,0,12947000,-6459000,"[{'period': '2020', 'revenue': 216.15, 'unit': 'M', 'net_profit': -6.46}, {'period': '2019', 'revenue': 219.71, 'unit': 'M', 'net_profit': -10.25}, {'period': '2018', 'revenue': 303.02, 'unit': 'M', 'net_profit': -114.91}, {'period': '2017', 'revenue': 444.3, 'unit': 'M', 'net_profit': 21.71}]","[{'period': ""Q4 '20"", 'revenue': 56510.0, 'unit': 'K', 'net_profit': -75.0}, {'period': ""Q3 '20"", 'revenue': 56.68, 'unit': 'M', 'net_profit': 10.93}, {'period': ""Q2 '20"", 'revenue': 66.84, 'unit': 'M', 'net_profit': 21.48}, {'period': ""Q1 '20"", 'revenue': 38.27, 'unit': 'M', 'net_profit': -39.08}, {'period': ""Q4 '19"", 'revenue': 49.61, 'unit': 'M', 'net_profit': -28.56}, {'period': ""Q3 '19"", 'revenue': 67550.0, 'unit': 'K', 'net_profit': 732.0}]",-0.72,-0.72,1904930000,729503000,221642000,1239184000,191752000,372962000,639999000,130055000,57162000,-0.26745501867149485,0.3697921748463265,0.3684210526315789,"[0.0038, 0.098]","['2015-03-11', '2011-08-09']",__nan__,0.6505141921225451
381,SGFY,Signify Health Inc. Class A Common Stock,"Signify Health, Inc. operates a healthcare platform that utilizes analytics, technology, and healthcare provider networks in the United States. The company operates through Home & Community Services and Episodes of Care Services segments. The Home & Community Services segment offers health evaluations performed within the patient's home or at a healthcare provider facility primarily to Medicare Advantage health plans; diagnostic screening and other ancillary services; and services to address healthcare concerns related to social determinants of health. The Episodes of Care Services segment provides services to enhance the healthcare delivery through developing and managing episodic payment programs in partnership with healthcare providers under the Bundled Payment for Care Improvement Advanced program with Centers for Medicare and Medicaid Services; and care management services. The company serves health plans, governments, employers, health systems, and physician groups. The company operates in Norwalk, Connecticut, New York, New York, Dallas, Texas, South Dakota, Deerfield, Florida, and Rapid City. Signify Health, Inc. was founded in 2017 and is headquartered in Dallas, Texas.",Bradford Kyle Armbrester,Medical - Healthcare Information Services,30.49,USD,8933386237,https://images.financialmodelingprep.com/symbol/SGFY.png,2652664.0,2021-02-11,70.90697674418605,0.02,9629873,-27700000,-130400000,"[{'period': '2022', 'revenue': 805.5, 'unit': 'M', 'net_profit': -130.4}, {'period': '2021', 'revenue': 773.4, 'unit': 'M', 'net_profit': 9.9}, {'period': '2020', 'revenue': 610.6, 'unit': 'M', 'net_profit': -14.5}, {'period': '2019', 'revenue': 501.8, 'unit': 'M', 'net_profit': -28.5}]","[{'period': ""Q4 '22"", 'revenue': 203.0, 'unit': 'M', 'net_profit': 600.9}, {'period': ""Q3 '22"", 'revenue': 139.8, 'unit': 'M', 'net_profit': -225.0}, {'period': ""Q2 '22"", 'revenue': 246.2, 'unit': 'M', 'net_profit': -490.0}, {'period': ""Q1 '22"", 'revenue': 216.5, 'unit': 'M', 'net_profit': -16.3}, {'period': ""Q4 '21"", 'revenue': 181.4, 'unit': 'M', 'net_profit': 32.4}, {'period': ""Q3 '21"", 'revenue': 199.2, 'unit': 'M', 'net_profit': 20.2}]",-0.74,-0.74,1744100000,796500000,466100000,923500000,183000000,0,490400000,466100000,69700000,-1.2088989441930618,-14.171717171717171,-13.869565217391303,__nan__,__nan__,__nan__,0.5294994553064618
382,SGU,Star Group L.P. Common Stock,"Star Group, L.P. sells home heating and air conditioning products and services to residential and commercial home heating oil and propane customers in the United States. It also sells diesel fuel, gasoline, and home heating oil on a delivery only basis, as well as provide plumbing services; and installs maintains, and repairs heating and air conditioning equipment. As of September 30, 2021, the company served approximately 422,200 full service residential and commercial home heating oil and propane customers and 71,100 customers on a delivery only basis. It also sells gasoline and diesel fuel to approximately 26,700 customers. Kestrel Heat, LLC operates as the general partner of the company. The company was formerly known as Star Gas Partners, L.P. and changed its name to Star Group, L.P. in October 2017. Star Group, L.P. was incorporated in 1995 and is based in Stamford, Connecticut.",Jeffrey Woosnam,Oil & Gas Refining & Marketing,12.37,USD,406714467,https://images.financialmodelingprep.com/symbol/SGU.png,28830.0,1995-12-15,6.44,-0.18,21793,150306000,72818000,"[{'period': '2025', 'revenue': 1780.0, 'unit': 'M', 'net_profit': 72.82}, {'period': '2024', 'revenue': 1770.0, 'unit': 'M', 'net_profit': 32.1}, {'period': '2023', 'revenue': 1950.0, 'unit': 'M', 'net_profit': 29.34}, {'period': '2022', 'revenue': 2009.9999999999998, 'unit': 'M', 'net_profit': 35.29}]","[{'period': ""Q1 '26"", 'revenue': 539.26, 'unit': 'M', 'net_profit': 35.44}, {'period': ""Q4 '25"", 'revenue': 247.69, 'unit': 'M', 'net_profit': -22.01}, {'period': ""Q3 '25"", 'revenue': 305.62, 'unit': 'M', 'net_profit': -16.47}, {'period': ""Q2 '25"", 'revenue': 743.04, 'unit': 'M', 'net_profit': 70.43}, {'period': ""Q1 '25"", 'revenue': 488.06, 'unit': 'M', 'net_profit': 27.51}, {'period': ""Q4 '24"", 'revenue': 240.33, 'unit': 'M', 'net_profit': -27.48}]",1.82,1.82,937331000,207281000,24683000,640551000,102119000,78541000,349233000,24683000,56030000,0.6232450645816234,1.2686148669699047,1.0222222222222221,"[0.185, 12.45]","['2026-01-26', '1996-04-29']",__nan__,0.6833775902002601
383,SHAK,Shake Shack Inc. Class A Common Stock,"Shake Shack Inc. owns, operates, and licenses Shake Shack restaurants (Shacks) in the United States and internationally. Its Shacks offers hamburgers, hot dogs, chicken, crinkle cut fries, shakes, frozen custard, beer, wine, and other products. As of December 29, 2021, it operated 369 Shacks, including 218 domestic company-operated Shacks, 25 domestic licensed Shacks, and 126 international licensed Shacks. Shake Shack Inc. was founded in 2001 and is headquartered in New York, New York.",Robert Lynch,Restaurants,81.32,USD,3273756164,https://images.financialmodelingprep.com/symbol/SHAK.png,1520811.0,2015-01-30,74.61,-3.76,1359655,181368000,45725000,"[{'period': '2025', 'revenue': 1450.0, 'unit': 'M', 'net_profit': 45.73}, {'period': '2024', 'revenue': 1250.0, 'unit': 'M', 'net_profit': 10.21}, {'period': '2023', 'revenue': 1090.0, 'unit': 'M', 'net_profit': 20.26}, {'period': '2022', 'revenue': 900.49, 'unit': 'M', 'net_profit': -21.23}]","[{'period': ""Q4 '25"", 'revenue': 400.53, 'unit': 'M', 'net_profit': 11.83}, {'period': ""Q3 '25"", 'revenue': 367.41, 'unit': 'M', 'net_profit': 12.5}, {'period': ""Q2 '25"", 'revenue': 356.47, 'unit': 'M', 'net_profit': 17.15}, {'period': ""Q1 '25"", 'revenue': 320.9, 'unit': 'M', 'net_profit': 4.25}, {'period': ""Q4 '24"", 'revenue': 328.68, 'unit': 'M', 'net_profit': 8.71}, {'period': ""Q3 '24"", 'revenue': 316.92, 'unit': 'M', 'net_profit': -10.21}]",1.14,1.09,1896209000,430347000,360123000,1342460000,277425000,0,244918000,360123000,56506000,0.5002109268373381,3.479768786127168,3.384615384615384,__nan__,__nan__,__nan__,0.7079704821567665
384,SHG,Shinhan Financial Group Co Ltd American Depositary Shares,"Shinhan Financial Group Co., Ltd. provides financial products and services in South Korea and internationally. The company operates through six segments: Banking, Credit Card, Securities, Life Insurance, Credit, and Others. It offers retail banking services, including demand, savings, and fixed deposit-taking; checking accounts; mortgage and home equity, and retail lending; electronic banking and automatic teller machines (ATM); and bill paying, payroll and check-cashing, currency exchange, and wire fund transfer services. The company also provides corporate banking services, such as investment banking, real estate financing, overseas real estate and development project financing, infrastructure and structured financing, equity/venture investments, mergers and acquisitions consulting; securitization and derivatives services comprising securities and derivative products, and foreign exchange trading; and working capital loans and facilities loans. In addition, it is involved in treasury and investment activities in international capital markets consisting of foreign currency-denominated securities trading, foreign exchange trading and services, trade-related financial services, international factoring services, and foreign banking operations. Further, the company offers trust account management, securities brokerage, and asset management services, as well as leasing and equipment financing, savings banking, loan collection and credit reporting, collective investment administration, private equity investment, and financial system development services. As of December 31, 2021, it operated a network of 784 service centers; 5,234 ATMs; 7 cash dispensers; and 85 digital kiosks. Shinhan Financial Group Co., Ltd. was founded in 1982 and is headquartered in Seoul, South Korea.",Ok-Dong Jin,Banks - Regional,60.83,USD,30313879493,https://images.financialmodelingprep.com/symbol/SHG.png,292728.0,2003-09-17,9.3,-0.09000122,244415,7540688590000,5038970515000,"[{'period': '2025', 'revenue': 39.77, 'unit': 'T', 'net_profit': 5.04}, {'period': '2024', 'revenue': 35.38, 'unit': 'T', 'net_profit': 4.45}, {'period': '2023', 'revenue': 33.8, 'unit': 'T', 'net_profit': 4.37}, {'period': '2022', 'revenue': 24.56, 'unit': 'T', 'net_profit': 4.67}]","[{'period': ""Q4 '25"", 'revenue': 9560.0, 'unit': 'B', 'net_profit': 535.29}, {'period': ""Q3 '25"", 'revenue': 3.99, 'unit': 'T', 'net_profit': 1.42}, {'period': ""Q2 '25"", 'revenue': 8.83, 'unit': 'T', 'net_profit': 1.55}, {'period': ""Q1 '25"", 'revenue': 8.56, 'unit': 'T', 'net_profit': 1.49}, {'period': ""Q4 '24"", 'revenue': 9060.0, 'unit': 'B', 'net_profit': 406.1}, {'period': ""Q3 '24"", 'revenue': 8.82, 'unit': 'T', 'net_profit': 1.3}]",9939.38,10379.0,785980746941000,27677685154000,27677685154000,730360576661000,0,700427939429000,77707696280000,21141098420000,6196118414000,0.031632179004946186,0.13230788685483746,0.17751214311100572,"[0.30253, 1.88586]","['2025-11-04', '2002-12-30']",__nan__,0.9292346911849036
385,SHI,SINOPEC Shangai Petrochemical Company Ltd. Common Stock,"Sinopec Shanghai Petrochemical Company Limited, together with its subsidiaries, manufactures and sells petroleum products in the People's Republic of China. It operates through five segments: Synthetic Fibers, Resins and Plastics, Intermediate Petrochemicals, Petroleum Products, and Trading of Petrochemical Products. The Synthetic Fibers segment produces polyesters, acrylic fibers, and carbon fibers that are primarily used in the textile and apparel industries. The Resins and Plastics segment produces polyester chips that are used to produce polyester fibers, coating, and containers; polyethylene resins and plastics, which are used to produce insulated cables and mulching films, as well as molded products, such as housewares and toys; and polypropylene resins that are used for films and sheets, as well as molded products, such as housewares, toys, consumer electronics, and automobile parts; and PVA granules. The Intermediate Petrochemicals segment produces p-xylene, benzene, and ethylene oxide, which are used as raw materials in the production of other petrochemicals, resins, plastics, and synthetic fibers. The Petroleum Products segment operates crude oil refinery facilities used to produce refined gasoline, fuel, diesel oil, heavy oil, and liquefied petroleum gas. The Trading of Petrochemical Products segment is involved in the import and export of petrochemical products. The company was founded in 1972 and is based in Shanghai, the People's Republic of China. Sinopec Shanghai Petrochemical Company Limited is a subsidiary of China Petroleum & Chemical Corporation.",,Oil & Gas Refining & Marketing,15.34,USD,0,https://images.financialmodelingprep.com/symbol/SHI.png,0.0,2013-02-11,5.537906137184115,-0.0999994,14401,,,[],[],,,,,,,,,,,,,,,"[1.364, 0.58]","['2022-06-27', '1994-06-10']",__nan__,__nan__
386,SHLX,Shell Midstream Partners L.P. Common Units representing Limited Partner Interests,"Shell Midstream Partners, L.P. owns, operates, develops, and acquires pipelines and other midstream, and logistics assets in the United States. It owns interests in crude oil and refined products pipelines and terminals to transport onshore and offshore crude oil production to Gulf Coast and Midwest refining markets. The company stores and transports crude oil, refined, natural gas, and refinery gas products for various customers, including producers, refiners, marketers, and traders, as well as to other crude oil and refined products pipelines through its pipelines and storage tanks. Shell Midstream Partners GP LLC serves as the general partner of Shell Midstream Partners, L.P. The company was incorporated in 2014 and is headquartered in Houston, Texas. Shell Midstream Partners, L.P. is a subsidiary of Shell Pipeline Company LP.",Kevin Nichols,Oil & Gas Midstream,15.82,USD,0,https://images.financialmodelingprep.com/symbol/SHLX.png,1629176.0,2014-10-29,13.074380165289256,-0.01,1715741,703000000,483000000,"[{'period': '2021', 'revenue': 556.0, 'unit': 'M', 'net_profit': 483.0}, {'period': '2020', 'revenue': 481.0, 'unit': 'M', 'net_profit': 543.0}, {'period': '2019', 'revenue': 503.0, 'unit': 'M', 'net_profit': 528.0}, {'period': '2018', 'revenue': 524.7, 'unit': 'M', 'net_profit': 464.1}]","[{'period': ""Q2 '22"", 'revenue': 149.0, 'unit': 'M', 'net_profit': 136.0}, {'period': ""Q1 '22"", 'revenue': 135.0, 'unit': 'M', 'net_profit': 139.0}, {'period': ""Q4 '21"", 'revenue': 141.0, 'unit': 'M', 'net_profit': 85.0}, {'period': ""Q3 '21"", 'revenue': 128.0, 'unit': 'M', 'net_profit': 127.0}, {'period': ""Q2 '21"", 'revenue': 148.0, 'unit': 'M', 'net_profit': 162.0}, {'period': ""Q1 '21"", 'revenue': 139.0, 'unit': 'M', 'net_profit': 163.0}]",1.09,1.09,2318000000,465000000,361000000,2811000000,56000000,976000000,489000000,361000000,601000000,0.005722460658082976,-0.11049723756906077,-0.21582733812949628,"[0.3, 0.1042]","['2022-08-01', '2015-01-29']",__nan__,1.2126833477135461
387,SHO,Sunstone Hotel Investors Inc. Sunstone Hotel Investors Inc. Common Shares,"Sunstone Hotel Investors, Inc. is a lodging real estate investment trust (REIT) that as of the date of this release has interests in 19 hotels comprised of 9,997 rooms. Sunstone's business is to acquire, own, asset manage and renovate or reposition hotels considered to be Long-Term Relevant Real Estate®, the majority of which are operated under nationally recognized brands, such as Marriott, Hilton and Hyatt.",Bryan Albert Giglia,REIT - Hotel & Motel,8.95,USD,1696199418,https://images.financialmodelingprep.com/symbol/SHO.png,1947130.0,2004-10-21,223.75,-0.3,1269438,212257000,24568000,"[{'period': '2025', 'revenue': 960.13, 'unit': 'M', 'net_profit': 24.57}, {'period': '2024', 'revenue': 905.81, 'unit': 'M', 'net_profit': 43.26}, {'period': '2023', 'revenue': 986.48, 'unit': 'M', 'net_profit': 206.71}, {'period': '2022', 'revenue': 912.05, 'unit': 'M', 'net_profit': 87.29}]","[{'period': ""Q4 '25"", 'revenue': 236.97, 'unit': 'M', 'net_profit': 7.22}, {'period': ""Q3 '25"", 'revenue': 229.32, 'unit': 'M', 'net_profit': 1.32}, {'period': ""Q2 '25"", 'revenue': 259.77, 'unit': 'M', 'net_profit': 10.77}, {'period': ""Q1 '25"", 'revenue': 234.06, 'unit': 'M', 'net_profit': 5.25}, {'period': ""Q4 '24"", 'revenue': 214770.0, 'unit': 'K', 'net_profit': 836.0}, {'period': ""Q3 '24"", 'revenue': 226.39, 'unit': 'M', 'net_profit': 3.25}]",0.0424,0.0423,3029005000,241579000,109189000,1084387000,33662000,0,105038000,109189000,78714000,-0.009473276493674371,-0.43211132171420646,-0.6971428571428572,"[0.09, 0.285]","['2026-03-31', '2004-12-29']",__nan__,0.3580010597539456
388,SHOP,Shopify Inc. Class A Subordinate Voting Shares,"Shopify Inc., a commerce company, provides a commerce platform and services in Canada, the United States, Europe, the Middle East, Africa, the Asia Pacific, and Latin America. The company's platform enables merchants to displays, manages, markets, and sells its products through various sales channels, including web and mobile storefronts, physical retail locations, pop-up shops, social media storefronts, native mobile apps, buy buttons, and marketplaces; and enables to manage products and inventory, process orders and payments, fulfill and ship orders, new buyers and build customer relationships, source products, leverage analytics and reporting, manage cash, payments and transactions, and access financing. It also sells custom themes and apps, and registration of domain names; and merchant solutions, which include accepting payments, shipping and fulfillment, and securing working capital. The company was formerly known as Jaded Pixel Technologies Inc. and changed its name to Shopify Inc. in November 2011. Shopify Inc. was incorporated in 2004 and is headquartered in Ottawa, Canada.",Tobias Lutke,Software - Application,111.85,USD,145973608378,https://images.financialmodelingprep.com/symbol/SHOP.png,11369205.0,2015-05-20,118.99,-3.58,7651160,1499000000,1231000000,"[{'period': '2025', 'revenue': 11.56, 'unit': 'B', 'net_profit': 1.23}, {'period': '2024', 'revenue': 8.88, 'unit': 'B', 'net_profit': 2.02}, {'period': '2023', 'revenue': 7060.0, 'unit': 'M', 'net_profit': 132.0}, {'period': '2022', 'revenue': 5.6, 'unit': 'B', 'net_profit': -3.46}]","[{'period': ""Q4 '25"", 'revenue': 3670.0, 'unit': 'M', 'net_profit': 743.0}, {'period': ""Q3 '25"", 'revenue': 2840.0, 'unit': 'M', 'net_profit': 264.0}, {'period': ""Q2 '25"", 'revenue': 2680.0, 'unit': 'M', 'net_profit': 906.0}, {'period': ""Q1 '25"", 'revenue': 2360.0, 'unit': 'M', 'net_profit': -682.0}, {'period': ""Q4 '24"", 'revenue': 2.81, 'unit': 'B', 'net_profit': 1.29}, {'period': ""Q3 '24"", 'revenue': 2160.0, 'unit': 'M', 'net_profit': 828.0}]",0.95,0.94,15161358298,8228997156,5767484906,1712877137,2313781587,6147791543,1389466768,1542188331,2007000000,0.1203288490284006,-0.39029222387320456,-0.3910256410256411,__nan__,__nan__,__nan__,0.11297649612475374
389,SHW,Sherwin-Williams Company (The) Common Stock,"The Sherwin-Williams Company develops, manufactures, distributes, and sells paints, coatings, and related products to professional, industrial, commercial, and retail customers. It operates through three segments: The Americas Group, Consumer Brands Group, and Performance Coatings Group. The Americas Group segment offers architectural paints and coatings, and protective and marine products, as well as OEM product finishes and related products for architectural and industrial paint contractors, and do-it-yourself homeowners. The Consumer Brands Group segment supplies a portfolio of branded and private-label architectural paints, stains, varnishes, industrial products, wood finishes products, wood preservatives, applicators, corrosion inhibitors, aerosols, caulks, and adhesives to retailers and distributors. The Performance Coatings Group segment develops and sells industrial coatings for wood finishing and general industrial applications, automotive refinish products, protective and marine coatings, coil coatings, packaging coatings, and performance-based resins and colorants. It serves retailers, dealers, jobbers, licensees, and other third-party distributors through its branches and direct sales staff, as well as through outside sales representatives. The company has operations primarily in the North and South America, the Caribbean, Europe, Asia, and Australia. As of February 17, 2022, it operated approximately 5,000 company-operated stores and facilities. The Sherwin-Williams Company was founded in 1866 and is headquartered in Cleveland, Ohio.",Heidi G. Petz,Chemicals - Specialty,315.37,USD,78140801750,https://images.financialmodelingprep.com/symbol/SHW.png,1749725.0,1980-03-17,30.77,-4.18,1291754,4395900000,2568500000,"[{'period': '2025', 'revenue': 23.57, 'unit': 'B', 'net_profit': 2.57}, {'period': '2024', 'revenue': 23.1, 'unit': 'B', 'net_profit': 2.68}, {'period': '2023', 'revenue': 23.05, 'unit': 'B', 'net_profit': 2.39}, {'period': '2022', 'revenue': 22.15, 'unit': 'B', 'net_profit': 2.02}]","[{'period': ""Q4 '25"", 'revenue': 5600.0, 'unit': 'M', 'net_profit': 476.8}, {'period': ""Q3 '25"", 'revenue': 6360.0, 'unit': 'M', 'net_profit': 833.1}, {'period': ""Q2 '25"", 'revenue': 6310.0, 'unit': 'M', 'net_profit': 754.7}, {'period': ""Q1 '25"", 'revenue': 5310.0, 'unit': 'M', 'net_profit': 503.9}, {'period': ""Q4 '24"", 'revenue': 5300.0, 'unit': 'M', 'net_profit': 480.1}, {'period': ""Q3 '24"", 'revenue': 6160.0, 'unit': 'M', 'net_profit': 806.2}]",10.38,10.27,25901700000,6007400000,207200000,21303400000,2791200000,0,6920300000,207200000,2654000000,-0.021284648781030837,-0.0421048705899903,-0.02808988764044934,"[0.8, 0.23]","['2026-03-02', '1985-08-26']",__nan__,0.8224711119347379
390,SI,Silvergate Capital Corporation Class A Common Stock,"Shoulder Innovations, Inc. manufactures medical devices. It has developed a shoulder replacement system. The company was founded by Stephen B. Gunther and Michael DeVries in 2009 and is headquartered in Grand Rapids, MI.",Alan J. Lane,Medical - Specialties,13.86,USD,286174710,https://images.financialmodelingprep.com/symbol/SI.png,75461.0,2025-07-31,-2.98,-0.55,70488,-26297000,-40359000,"[{'period': '2025', 'revenue': 47.32, 'unit': 'M', 'net_profit': -40.36}, {'period': '2024', 'revenue': 31.62, 'unit': 'M', 'net_profit': -15.62}, {'period': '2023', 'revenue': 19.27, 'unit': 'M', 'net_profit': -12.65}]","[{'period': ""Q4 '25"", 'revenue': 14.42, 'unit': 'M', 'net_profit': -7.77}, {'period': ""Q3 '25"", 'revenue': 11.76, 'unit': 'M', 'net_profit': -8.73}, {'period': ""Q2 '25"", 'revenue': 11.01, 'unit': 'M', 'net_profit': -19.2}, {'period': ""Q1 '25"", 'revenue': 10.13, 'unit': 'M', 'net_profit': -4.66}, {'period': ""Q4 '24"", 'revenue': 8.72, 'unit': 'M', 'net_profit': -3.79}, {'period': ""Q3 '24"", 'revenue': 7.45, 'unit': 'M', 'net_profit': -4.05}]",-0.0047,-0.0047,169907000,157165000,124305000,14962000,8268000,0,-7772000,26871000,-36020000,-1.1720492277195012,-1.5839682438056213,0.9938961038961038,__nan__,__nan__,__nan__,0.08805993867233251
391,SID,Companhia Siderurgica Nacional S.A. Common Stock,"Companhia Siderúrgica Nacional operates as an integrated steel producer in Brazil and Latin America. It operates in five segments: Steel, Mining, Logistics, Energy, and Cement. The company offers flat steel products, such as high, medium, low carbon, micro-alloyed, ultra-low-carbon, and interstitial free slabs; hot-rolled products, including heavy and light-gauge hot-rolled coils and sheets; cold-rolled products comprising cold-rolled coils and sheets; galvanized products; tin mill products that consist of flat-rolled low-carbon steel coils or sheets; and profiles, channels, UPE sections, and steel sleepers for the distribution, packaging, automotive, home appliance, and construction industries. It primarily explores for iron ore reserves at Casa de Pedra and Engenho mines located in the city of Congonhas; and limestone and dolomite at the Bocaina mine located in the city of Arcos in the state of Minas Gerais, Brazil, as well as produces tin. In addition, the company operates railway and port facilities; produces and sells cement to construction material stores, home centers, concrete producers, construction companies, mortar industries, and cement artifact producers; and generates electric power from its thermoelectric co-generation and hydroelectric power plants. It also exports its products. The company was incorporated in 1941 and is headquartered in São Paulo, Brazil. Companhia Siderúrgica Nacional operates as a subsidiary of Vicunha Aços S.A.",Benjamin Steinbruch,Steel,1.21,USD,1604573676,https://images.financialmodelingprep.com/symbol/SID.png,5295955.0,1996-11-18,-4.17,-0.02,6398613,8727489000,-1963041000,"[{'period': '2025', 'revenue': 43.92, 'unit': 'B', 'net_profit': -1.96}, {'period': '2024', 'revenue': 43.69, 'unit': 'B', 'net_profit': -2.59}, {'period': '2023', 'revenue': 45440.0, 'unit': 'M', 'net_profit': -318.21}, {'period': '2022', 'revenue': 44.36, 'unit': 'B', 'net_profit': 1.55}]","[{'period': ""Q4 '25"", 'revenue': 11.58, 'unit': 'B', 'net_profit': -1.1}, {'period': ""Q3 '25"", 'revenue': 11790.0, 'unit': 'M', 'net_profit': -137.08}, {'period': ""Q2 '25"", 'revenue': 10690.0, 'unit': 'M', 'net_profit': -166.0}, {'period': ""Q1 '25"", 'revenue': 10910.0, 'unit': 'M', 'net_profit': -619.15}, {'period': ""Q4 '24"", 'revenue': 12030.0, 'unit': 'M', 'net_profit': -633.03}, {'period': ""Q3 '24"", 'revenue': 11070.0, 'unit': 'M', 'net_profit': -750.87}]",-1.48,-1.48,100524895000,30315408000,15058774000,84796443000,4166617000,12025254000,28060310000,14413785000,-6773359674,0.2742627079667983,0.2426103969711222,-0.2758620689655173,"[0.091899, 124.16]","['2024-11-29', '1994-04-08']",__nan__,0.8435367477876997
392,SIG,Signet Jewelers Limited Common Shares,"Signet Jewelers Limited operates as a diamond jewelry retailer. It operates through three segments: North America, International, and Other. The North America segment operates jewelry stores in jewelry stores in malls, mall-based kiosks, and off-mall locations in the United States and Canada primarily under the Kay Jewelers, Kay Jewelers Outlet, Jared The Galleria Of Jewelry, Jared Vault, Zales Jewelers, Zales Outlet, Diamonds Direct, James Allen, Banter by Piercing Pagoda, and Peoples Jewellers names, as well as operates online through JamesAllen.com and Rocksbox. The International segment operates stores in shopping malls and off-mall locations primarily under the H.Samuel and Ernest Jones brands in the United Kingdom, Republic of Ireland, and Channel Islands. The Other segment is involved in the purchase and conversion of rough diamonds to polished stones, as well as the provision of diamond polishing services. As of January 29, 2022, it operated 2,854 stores and kiosks. Signet Jewelers Limited is based in Hamilton, Bermuda.",James Kevin Symancyk,Luxury Goods,84.04,USD,3419120590,https://images.financialmodelingprep.com/symbol/SIG.png,942106.0,1988-07-14,11.87,-3.88,709050,672100000,294400000,"[{'period': '2026', 'revenue': 6810.0, 'unit': 'M', 'net_profit': 294.4}, {'period': '2025', 'revenue': 6700.0, 'unit': 'M', 'net_profit': 61.2}, {'period': '2024', 'revenue': 7170.0, 'unit': 'M', 'net_profit': 810.4}, {'period': '2023', 'revenue': 7840.0, 'unit': 'M', 'net_profit': 376.7}]","[{'period': ""Q4 '26"", 'revenue': 2350.0, 'unit': 'M', 'net_profit': 250.0}, {'period': ""Q3 '26"", 'revenue': 1390.0, 'unit': 'M', 'net_profit': 20.0}, {'period': ""Q2 '26"", 'revenue': 1540.0, 'unit': 'M', 'net_profit': -9.1}, {'period': ""Q1 '26"", 'revenue': 1540.0, 'unit': 'M', 'net_profit': 33.5}, {'period': ""Q4 '25"", 'revenue': 2350.0, 'unit': 'M', 'net_profit': 100.6}, {'period': ""Q3 '25"", 'revenue': 1350.0, 'unit': 'M', 'net_profit': 7.0}]",7.13,7.08,5952100000,2994900000,874800000,3985900000,18700000,5400000,1888800000,874800000,525299999,0.0262635516872805,3.810457516339869,9.802469135802468,"[0.35, 0.0015]","['2026-04-24', '1988-10-03']",__nan__,0.6696628080845416
393,SII,Sprott Inc. Common Shares,"Sprott Inc. is a publicly owned asset management holding company. Through its subsidiaries, the firm provides asset management, portfolio management, wealth management, fund management, and administrative and consulting services to its clients. It offers mutual funds, hedge funds, and offshore funds, along with managed accounts. Further, the firm also provides broker-dealer activities. Sprott Inc. was formed on February 13, 2008 and is based in Toronto, Canada.",William Whitney George,Asset Management,135.34,USD,3489912158,https://images.financialmodelingprep.com/symbol/SII.png,259427.0,2010-02-22,51.85,2.24,137301,131317665,94023712,"[{'period': '2025', 'revenue': 404.95, 'unit': 'M', 'net_profit': 94.02}, {'period': '2024', 'revenue': 168.35, 'unit': 'M', 'net_profit': 49.29}, {'period': '2023', 'revenue': 141.45, 'unit': 'M', 'net_profit': 41.8}, {'period': '2022', 'revenue': 154.27, 'unit': 'M', 'net_profit': 17.63}]","[{'period': ""Q4 '25"", 'revenue': 157.05, 'unit': 'M', 'net_profit': 40.02}, {'period': ""Q3 '25"", 'revenue': 57.87, 'unit': 'M', 'net_profit': 13.16}, {'period': ""Q2 '25"", 'revenue': 62.19, 'unit': 'M', 'net_profit': 13.5}, {'period': ""Q1 '25"", 'revenue': 41.68, 'unit': 'M', 'net_profit': 11.96}, {'period': ""Q4 '24"", 'revenue': 37.3, 'unit': 'M', 'net_profit': 11.68}, {'period': ""Q3 '24"", 'revenue': 45.15, 'unit': 'M', 'net_profit': 12.7}]",3.65,3.64,720124231,237602549,169949531,158534000,67776361,105046735,97538000,161931701,133804209,0.7669698457977879,0.9074068243599627,0.8814432989690721,"[0.4, 0.03]","['2026-03-02', '2011-08-16']",__nan__,0.2201481260807623
394,SITC,SITE Centers Corp. Common Stock,"SITE Centers is an owner and manager of open-air shopping centers that provide a highly-compelling shopping experience and merchandise mix for retail partners and consumers. The Company is a self-administered and self-managed REIT operating as a fully integrated real estate company, and is publicly traded on the New York Stock Exchange under the ticker symbol SITC.",David R. Lukes,REIT - Retail,5.26,USD,275951908,https://images.financialmodelingprep.com/symbol/SITC.png,930615.0,1993-02-02,1.57,-0.11,792667,237754000,177861000,"[{'period': '2025', 'revenue': 123.17, 'unit': 'M', 'net_profit': 177.86}, {'period': '2024', 'revenue': 277.47, 'unit': 'M', 'net_profit': 531.82}, {'period': '2023', 'revenue': 452.62, 'unit': 'M', 'net_profit': 265.7}, {'period': '2022', 'revenue': 479.22, 'unit': 'M', 'net_profit': 168.72}]","[{'period': ""Q4 '25"", 'revenue': 19.98, 'unit': 'M', 'net_profit': 134.43}, {'period': ""Q3 '25"", 'revenue': 27.1, 'unit': 'M', 'net_profit': -6.16}, {'period': ""Q2 '25"", 'revenue': 33.47, 'unit': 'M', 'net_profit': 46.5}, {'period': ""Q1 '25"", 'revenue': 42.62, 'unit': 'M', 'net_profit': 3.08}, {'period': ""Q4 '24"", 'revenue': -51.06, 'unit': 'M', 'net_profit': -5.82}, {'period': ""Q3 '24"", 'revenue': 90.76, 'unit': 'M', 'net_profit': 322.95}]",3.39,3.39,418737000,136732000,119034000,83972000,13015000,253412000,3758000,119034000,19613000,-0.6683531202180533,-0.665564171605644,-0.654434250764526,"[1, 0.22]","['2025-12-15', '1993-03-25']",__nan__,0.2005363748605927
395,SITE,SiteOne Landscape Supply Inc. Common Stock,"SiteOne Landscape Supply, Inc. engages in the wholesale distribution of landscape supplies in the United States and Canada. The company provides a selection of approximately 135,000 stock keeping units, including irrigation supplies, which comprise controllers, valves, sprinkler heads, and irrigation pipes; fertilizer, grass seed, and ice melt products; control products, such as herbicides, fungicides, rodenticides, and other pesticides; landscape accessories that include mulches, soil amendments, drainage pipes, tools, and sods; nursery goods, which consist of deciduous and evergreen shrubs, ornamental, shade, evergreen trees, field grown and container-grown nursery stock, roses, perennials, annuals, bulbs, and plant species; hardscapes, such as pavers, natural stones, blocks, and other durable materials; and outdoor lighting products that include lighting fixtures, LED lamps, wires, transformers, and accessories. It also offers consultative services consisting of assistance with irrigation network design, commercial project planning, generation of sales leads, business operations, product support services, and a series of technical and business management seminars; and distributes branded products of third parties. The company offers its products under the LESCO, SiteOne Green Tech, and Pro-Trade brand names. It markets its products primarily to residential and commercial landscape professionals who specialize in the design, installation, and maintenance of lawns, gardens, golf courses, and other outdoor spaces through branch network and direct distribution. As of January 2, 2022, the company had approximately 590 branches in 45 U.S. States and six Canadian provinces. SiteOne Landscape Supply, Inc. was incorporated in 2013 and is headquartered in Roswell, Georgia.",Doug Black,Industrial - Distribution,130.46,USD,5800160278,https://images.financialmodelingprep.com/symbol/SITE.png,649640.0,2016-05-12,38.71,-3.03,305037,318800000,151800000,"[{'period': '2025', 'revenue': 4700.0, 'unit': 'M', 'net_profit': 151.8}, {'period': '2024', 'revenue': 4540.0, 'unit': 'M', 'net_profit': 123.6}, {'period': '2023', 'revenue': 4300.0, 'unit': 'M', 'net_profit': 173.4}, {'period': '2022', 'revenue': 4010.0, 'unit': 'M', 'net_profit': 245.4}]","[{'period': ""Q4 '25"", 'revenue': 1050.0, 'unit': 'M', 'net_profit': -9.0}, {'period': ""Q3 '25"", 'revenue': 1260.0, 'unit': 'M', 'net_profit': 59.1}, {'period': ""Q2 '25"", 'revenue': 1460.0, 'unit': 'M', 'net_profit': 129.0}, {'period': ""Q1 '25"", 'revenue': 939.4, 'unit': 'M', 'net_profit': -27.3}, {'period': ""Q4 '24"", 'revenue': 1010.0, 'unit': 'M', 'net_profit': -21.7}, {'period': ""Q3 '24"", 'revenue': 1210.0, 'unit': 'M', 'net_profit': 44.4}]",3.39,3.37,3219600000,1698800000,190600000,1536400000,546800000,0,686800000,190600000,246800000,-0.03773015393902807,0.22815533980582525,0.24175824175824182,__nan__,__nan__,__nan__,0.47720213691141755
396,SIX,Six Flags Entertainment Corporation New Common Stock,"Six Flags Entertainment Corporation owns and operates regional theme and waterparks under the Six Flags name. Its parks offer various thrill rides, water attractions, themed areas, concerts and shows, restaurants, game venues, and retail outlets. The company also sells food, beverages, merchandise, and other products and services within its parks. As of February 28, 2022, the company operated 27 parks in the United States, Mexico, and Canada. The company was formerly known as Six Flags, Inc. and changed its name to Six Flags Entertainment Corporation in April 2010. Six Flags Entertainment Corporation was founded in 1961 and is based in Arlington, Texas.",Selim A. Bassoul,Leisure,32.0,USD,2696649728,https://images.financialmodelingprep.com/symbol/SIX.png,1683369.0,2010-05-11,100.0,-1.14,4352505,374903000,71412000,"[{'period': '2023', 'revenue': 1410.0, 'unit': 'M', 'net_profit': 71.41}, {'period': '2022', 'revenue': 1360.0, 'unit': 'M', 'net_profit': 153.58}, {'period': '2021', 'revenue': 1500.0, 'unit': 'M', 'net_profit': 129.92}, {'period': '2020', 'revenue': 356.57, 'unit': 'M', 'net_profit': -382.09}]","[{'period': ""Q1 '24"", 'revenue': 133.29, 'unit': 'M', 'net_profit': -82.73}, {'period': ""Q4 '23"", 'revenue': 142.19, 'unit': 'M', 'net_profit': -69.86}, {'period': ""Q3 '23"", 'revenue': 547.46, 'unit': 'M', 'net_profit': 110.7}, {'period': ""Q2 '23"", 'revenue': 443.71, 'unit': 'M', 'net_profit': 20.55}, {'period': ""Q1 '23"", 'revenue': 142.19, 'unit': 'M', 'net_profit': -105.56}, {'period': ""Q4 '22"", 'revenue': 279.88, 'unit': 'M', 'net_profit': 13.37}]",0.86,0.85,2711474000,252766000,77585000,3088435000,62660000,2262000,587525000,77585000,85659000,-0.24666235311138618,-0.5350145527708866,-0.5274725274725275,"[1.53, 0.06]","['2024-06-28', '2010-12-16']",__nan__,1.1390243830477444
397,SJI,South Jersey Industries Inc. Common Stock,"South Jersey Industries, Inc., through its subsidiaries, provides energy-related products and services. The company engages in the purchase, transmission, and sale of natural gas. It also sells natural gas and pipeline transportation capacity on a wholesale basis to residential, commercial, and industrial customers on the interstate pipeline system, as well as transports natural gas purchased directly from producers or suppliers to customers. As of December 31, 2021, the company had approximately 147 miles of mains in the transmission system and 6,815 miles of mains in the distribution system; and served 384,062 residential, commercial, and industrial customers in southern New Jersey. In addition, it markets natural gas storage, commodity, and transportation assets on a wholesale basis for energy marketers, electric and gas utilities, power plants, and natural gas producers in the mid-Atlantic, Appalachian, and southern regions of the United States. Further, the company owns and operates rooftop solar-generation sites. Additionally, it owns oil, gas, and mineral rights in the Marcellus Shale region of Pennsylvania; acquires and markets natural gas and electricity to retail end users, as well as provides total energy management, fuel management, and energy procurement and cost reduction services. The company was founded in 1910 and is headquartered in Folsom, New Jersey.",Michael J. Renna,Diversified Utilities,36.09,USD,4419761633,https://images.financialmodelingprep.com/symbol/SJI.png,2980459.0,1981-05-22,22.319109461966605,-0.02,18599245,478572000,179475000,"[{'period': '2021', 'revenue': 1990.0, 'unit': 'M', 'net_profit': 179.47}, {'period': '2020', 'revenue': 1540.0, 'unit': 'M', 'net_profit': 157.04}, {'period': '2019', 'revenue': 1630.0, 'unit': 'M', 'net_profit': 76.92}, {'period': '2018', 'revenue': 1640.0, 'unit': 'M', 'net_profit': 17.66}]","[{'period': ""Q3 '22"", 'revenue': 608.52, 'unit': 'M', 'net_profit': -36.48}, {'period': ""Q2 '22"", 'revenue': 511.43, 'unit': 'M', 'net_profit': -62.88}, {'period': ""Q1 '22"", 'revenue': 824.58, 'unit': 'M', 'net_profit': 128.96}, {'period': ""Q4 '21"", 'revenue': 640.24, 'unit': 'M', 'net_profit': 91.58}, {'period': ""Q3 '21"", 'revenue': 365.63, 'unit': 'M', 'net_profit': -26.13}, {'period': ""Q2 '21"", 'revenue': 311.83, 'unit': 'M', 'net_profit': -96.83}]",1.85,1.85,7308672000,638962000,28791000,5309231000,395124000,38546000,955682000,28754000,-258913000,0.038459535465055726,0.1428471364348391,0.1419753086419753,"[0.31, 0.598]","['2022-12-16', '1984-12-04']",__nan__,0.7264289600080562
398,SJIJ,South Jersey Industries Inc. 5.625% Junior Subordinated Notes due 2079,,None,Diversified Utilities,16.58,USD,0,https://images.financialmodelingprep.com/symbol/SJIJ.png,53329.0,2019-09-18,0.0,0.56,122294,438234000,273689000,"[{'period': '2021', 'revenue': 1990.0, 'unit': 'M', 'net_profit': 273.69}, {'period': '2020', 'revenue': 1540000.0, 'unit': 'K', 'net_profit': 1.62}, {'period': '2019', 'revenue': 1630.0, 'unit': 'M', 'net_profit': 76.92}, {'period': '2018', 'revenue': 1640.0, 'unit': 'M', 'net_profit': 17.66}]","[{'period': ""Q3 '22"", 'revenue': 608.52, 'unit': 'M', 'net_profit': -36.48}, {'period': ""Q2 '22"", 'revenue': 511.43, 'unit': 'M', 'net_profit': -62.88}, {'period': ""Q1 '22"", 'revenue': 824.58, 'unit': 'M', 'net_profit': 128.96}, {'period': ""Q4 '21"", 'revenue': 1310.0, 'unit': 'M', 'net_profit': 344.32}, {'period': ""Q3 '21"", 'revenue': 365.63, 'unit': 'M', 'net_profit': -49.94}, {'period': ""Q2 '21"", 'revenue': 311.83, 'unit': 'M', 'net_profit': -15.98}]",2.5,2.49,7308672000,638962000,28791000,7308672000,343835000,39195000,955682000,28754000,-258913000,1.8301645527111157,168942.82716049382,149465.1070655618,"[0.352, 0.352]","['2023-02-28', '2019-11-27']",__nan__,1.0
399,SJIV,South Jersey Industries Inc. Corporate Units,,,Diversified Utilities,67.45,USD,0,https://images.financialmodelingprep.com/symbol/SJIV.png,140572.0,2021-03-18,0.0,-0.04,25467,569956000,179475000,"[{'period': '2021', 'revenue': 1990.0, 'unit': 'M', 'net_profit': 179.47}, {'period': '2020', 'revenue': 1540.0, 'unit': 'M', 'net_profit': 157.04}, {'period': '2019', 'revenue': 1630.0, 'unit': 'M', 'net_profit': 76.92}, {'period': '2018', 'revenue': 1640.0, 'unit': 'M', 'net_profit': 17.66}]","[{'period': ""Q3 '22"", 'revenue': 608.52, 'unit': 'M', 'net_profit': -36.48}, {'period': ""Q2 '22"", 'revenue': 511.43, 'unit': 'M', 'net_profit': -18.75}, {'period': ""Q1 '22"", 'revenue': 824.58, 'unit': 'M', 'net_profit': 129.21}, {'period': ""Q4 '21"", 'revenue': 640.24, 'unit': 'M', 'net_profit': 91.58}, {'period': ""Q3 '21"", 'revenue': 365.63, 'unit': 'M', 'net_profit': -26.13}, {'period': ""Q2 '21"", 'revenue': 311.83, 'unit': 'M', 'net_profit': -96.83}]",1.64,1.63,7308672000,638962000,28754000,5309231000,395124000,38546000,955682000,28754000,-258913000,0.22242835909567635,0.1428471364348391,0.012345679012345552,"[1.094, 1.094]","['2022-12-14', '2021-09-14']",__nan__,0.7264289600080562
400,SJM,J.M. Smucker Company (The) New Common Stock,"The J. M. Smucker Company manufactures and markets branded food and beverage products worldwide. It operates in three segments: U.S. Retail Pet Foods, U.S. Retail Coffee, and U.S. Retail Consumer Foods. The company offers mainstream roast, ground, single serve, and premium coffee; peanut butter and specialty spreads; fruit spreads, shortening and oils, and frozen sandwiches and snacks; pet food and pet snacks; and foodservice hot beverage, foodservice portion control, and flour products, as well as dog and cat food, frozen handheld products, juices and beverages, and baking mixes and ingredients. It provides its products under the Meow Mix, 9Lives, Kibbles 'n Bits, Milk-Bone, Pup-Peroni, Rachael Ray Nutrish and Nature's Recipe, Folgers, Café Bustelo, Dunkin', Folgers, Café Bustelo, 1850, Jif, Smucker's, Smucker's Uncrustables, Robin Hood, and Five Roses. The company sells its products through direct sales and brokers to food retailers, club stores, discount and dollar stores, online retailers, pet specialty stores, natural foods stores and distributors, drug stores, military commissaries, and mass merchandisers. Smucker Company was founded in 1897 and is headquartered in Orrville, Ohio.",Captain Mark T. Smucker,Packaged Foods,95.24,USD,10161567703,https://images.financialmodelingprep.com/symbol/SJM.png,2035030.0,1994-10-31,-8.08,0.13,1959328,-155600000,-1230800000,"[{'period': '2025', 'revenue': 8.73, 'unit': 'B', 'net_profit': -1.23}, {'period': '2024', 'revenue': 8180.0, 'unit': 'M', 'net_profit': 744.0}, {'period': '2023', 'revenue': 8530.0, 'unit': 'M', 'net_profit': -91.3}, {'period': '2022', 'revenue': 8000.0, 'unit': 'M', 'net_profit': 631.7}]","[{'period': ""Q3 '26"", 'revenue': 2340.0, 'unit': 'M', 'net_profit': -724.2}, {'period': ""Q2 '26"", 'revenue': 2330.0, 'unit': 'M', 'net_profit': 241.3}, {'period': ""Q1 '26"", 'revenue': 2110.0, 'unit': 'M', 'net_profit': -43.9}, {'period': ""Q4 '25"", 'revenue': 2140.0, 'unit': 'M', 'net_profit': -729.0}, {'period': ""Q3 '25"", 'revenue': 2190.0, 'unit': 'M', 'net_profit': -662.3}, {'period': ""Q2 '25"", 'revenue': 2270.0, 'unit': 'M', 'net_profit': -24.5}]",-11.57,-11.57,17563300000,2146600000,69900000,11480700000,619000000,20000000,2652000000,69900000,816600000,-1.0919893585574934,-2.654301075268817,-2.6204481792717087,"[1.1, 0.12502]","['2026-02-13', '1994-11-10']",__nan__,0.6536755621096263
401,SJR,Shaw Communications Inc. Common Stock,"Shaw Communications Inc. operates as a connectivity company in North America. The company operates through Wireline and Wireless segments. The company's Wireline segment provides cable telecommunications services, including video, Internet, WiFi, phone, satellite video, and data networking through a national fibre-optic backbone network to Canadian consumers, North American businesses, and public-sector entities. Its Wireless segment provides wireless services for voice and data communications serving customers in Ontario, British Columbia, and Alberta through Freedom Mobile; and in British Columbia and Alberta through Shaw Mobile. The company was formerly known as Shaw Cablesystems Ltd. and changed its name to Shaw Communications Inc. in May 1993. Shaw Communications Inc. was incorporated in 1966 and is headquartered in Calgary, Canada.",Nancy Patricia Phillips,Telecommunications Services,30.18,USD,14940457979,https://images.financialmodelingprep.com/symbol/SJR.png,1112535.0,1998-07-01,27.68807339449541,0.27,6354383,2516000000,764000000,"[{'period': '2022', 'revenue': 5450.0, 'unit': 'M', 'net_profit': 764.0}, {'period': '2021', 'revenue': 5510.0, 'unit': 'M', 'net_profit': 986.0}, {'period': '2020', 'revenue': 5410.0, 'unit': 'M', 'net_profit': 688.0}, {'period': '2019', 'revenue': 5350.0, 'unit': 'M', 'net_profit': 736.0}]","[{'period': ""Q1 '23"", 'revenue': 1370.0, 'unit': 'M', 'net_profit': 168.0}, {'period': ""Q4 '22"", 'revenue': 1360.0, 'unit': 'M', 'net_profit': 169.0}, {'period': ""Q3 '22"", 'revenue': 1350.0, 'unit': 'M', 'net_profit': 203.0}, {'period': ""Q2 '22"", 'revenue': 1360.0, 'unit': 'M', 'net_profit': 196.0}, {'period': ""Q1 '22"", 'revenue': 1390.0, 'unit': 'M', 'net_profit': 196.0}, {'period': ""Q4 '21"", 'revenue': 1380.0, 'unit': 'M', 'net_profit': 252.0}]",1.53,1.52,15768000000,1303000000,421000000,9531000000,606000000,71000000,1518000000,421000000,735000000,-0.01833788529067499,-0.22515212981744423,-0.21134020618556698,"[0.07205, 0.026]","['2023-03-14', '1998-10-28']",__nan__,0.6044520547945206
402,SJT,San Juan Basin Royalty Trust Common Stock,"San Juan Basin Royalty Trust operates as an express trust in Texas. The company has a 75% net overriding royalty interest carved out of Southland's oil and natural gas interests (the Subject Interests) in properties located in the San Juan Basin in northwestern New Mexico. The Subject Interests consist of working interests, royalty interests, overriding royalty interests, and other contractual rights in 119,000 net producing acres in San Juan, Rio Arriba, and Sandoval Counties of northwestern New Mexico, as well as 1,140.0 net wells. BBVA USA serves as the trustee of the San Juan Basin Royalty Trust. The company was founded in 1980 and is based in Houston, Texas.",Joshua R. Peterson,Oil & Gas Exploration & Production,5.1,USD,237704860,https://images.financialmodelingprep.com/symbol/SJT.png,212116.0,1980-10-24,-510.0,-0.05,136123,-387808,-387808,"[{'period': '2025', 'revenue': 11.89, 'unit': 'K', 'net_profit': -387.81}, {'period': '2024', 'revenue': 7.03, 'unit': 'M', 'net_profit': 5.16}, {'period': '2023', 'revenue': 53.39, 'unit': 'M', 'net_profit': 51.64}, {'period': '2022', 'revenue': 79.01, 'unit': 'M', 'net_profit': 77.6}]","[{'period': ""Q4 '25"", 'revenue': 0.279, 'unit': 'K', 'net_profit': -113.67}, {'period': ""Q3 '25"", 'revenue': 0.385, 'unit': 'K', 'net_profit': -111.35}, {'period': ""Q2 '25"", 'revenue': 2.98, 'unit': 'K', 'net_profit': -162.78}, {'period': ""Q1 '25"", 'revenue': 8.24, 'unit': 'K', 'net_profit': -8.24}, {'period': ""Q4 '24"", 'revenue': 12.95, 'unit': 'K', 'net_profit': 17.46}, {'period': ""Q3 '24"", 'revenue': 18.46, 'unit': 'K', 'net_profit': -18.46}]",-0.0083,-0.0083,23298000,23298000,23298000,0,0,0,0,23298000,0,-1.074095968540242,-1.075185730903451,-1.0754545454545454,"[0.022864, 0.0749]","['2024-04-29', '1984-12-24']",__nan__,0.0
403,SJW,SJW Group Common Stock (DE),"SJW Group, through its subsidiaries, provides water utility services in the United States. It engages in the production, purchase, storage, purification, distribution, wholesale, and retail sale of water and wastewater services. The company also provides non-tariffed services, including water system operations, maintenance agreements, and antenna site leases; contracted services and sewer operations to water utilities; and a Linebacker protection plan for public drinking water customers in Connecticut and Maine. Its water supply consists of groundwater from wells, surface water from watershed run-off and diversion, reclaimed water, and imported water purchased from the Santa Clara Valley Water District. The company offers water service to approximately 231,000 connections that serve approximately one million people residing in portions of the cities of San Jose and Cupertino, as well as in the cities of Campbell, Monte Sereno, Saratoga, and the Town of Los Gatos; and adjacent unincorporated territories in the County of Santa Clara in the State of California. In addition, it provides water service to approximately 140,000 connections, which serve approximately 456,000 people in 81 municipalities with a service area comprising approximately 269 square miles throughout Connecticut and Maine, as well as approximately 24,000 connections that serve approximately 70,000 people in a service area comprising approximately 266 square miles in the region between San Antonio and Austin, Texas; and approximately 3,000 wastewater connections in Southbury, Connecticut. Further, the company owns undeveloped land in California and Tennessee; and owns and operates commercial buildings and warehouse properties in Tennessee. The company was formerly known as SJW Corp. and changed its name to SJW Group in November 2016. SJW Group was incorporated in 1985 and is headquartered in San Jose, California.",Eric W. Thornburg,Regulated Water,54.86,USD,1875273894,https://images.financialmodelingprep.com/symbol/SJW.png,278416.0,1972-06-01,18.286666666666665,-0.37,165645,302831000,102578000,"[{'period': '2025', 'revenue': 800.59, 'unit': 'M', 'net_profit': 102.58}, {'period': '2024', 'revenue': 748.44, 'unit': 'M', 'net_profit': 93.97}, {'period': '2023', 'revenue': 670.36, 'unit': 'M', 'net_profit': 84.99}, {'period': '2022', 'revenue': 620.7, 'unit': 'M', 'net_profit': 73.83}]","[{'period': ""Q4 '25"", 'revenue': 194.19, 'unit': 'M', 'net_profit': 16.22}, {'period': ""Q3 '25"", 'revenue': 240.55, 'unit': 'M', 'net_profit': 45.13}, {'period': ""Q2 '25"", 'revenue': 198.25, 'unit': 'M', 'net_profit': 24.68}, {'period': ""Q1 '25"", 'revenue': 167.6, 'unit': 'M', 'net_profit': 16.55}, {'period': ""Q4 '24"", 'revenue': 197.82, 'unit': 'M', 'net_profit': 22.92}, {'period': ""Q3 '24"", 'revenue': 225.06, 'unit': 'M', 'net_profit': 38.65}]",2.93,2.92,2151813000,114007000,175000,611042000,0,0,50567000,175000,244803000,0.04649298320184396,0.09163855396043291,0.020905923344947754,"[0.42, 0.438]","['2025-05-12', '1980-01-29']",__nan__,0.283966125309216
404,SKLZ,Skillz Inc. Class A Common Stock,"Skillz Inc. operates a mobile games platform that connects players in fair, fun, and meaningful competition. The company primarily develops and supports a proprietary online-hosted technology platform that enables independent game developers to host tournaments and provide competitive gaming activity to end-users worldwide. It also hosts casual esports tournaments to a range of mobile players. The company distributes games through direct app download from its website, as well as through third-party platforms. Skillz Inc. was founded in 2012 and is headquartered in San Francisco, California.",Andrew C. Paradise,Electronic Gaming & Multimedia,2.39,USD,38642101,https://images.financialmodelingprep.com/symbol/SKLZ.png,66542.0,2020-04-27,-0.5,-0.13,50301,-92785000,-48231000,"[{'period': '2024', 'revenue': 95.47, 'unit': 'M', 'net_profit': -48.23}, {'period': '2023', 'revenue': 152.08, 'unit': 'M', 'net_profit': -101.36}, {'period': '2022', 'revenue': 269.71, 'unit': 'M', 'net_profit': -438.88}, {'period': '2021', 'revenue': 380.15, 'unit': 'M', 'net_profit': -187.93}]","[{'period': ""Q3 '25"", 'revenue': 27.37, 'unit': 'M', 'net_profit': -17.44}, {'period': ""Q2 '25"", 'revenue': 27.37, 'unit': 'M', 'net_profit': -8.92}, {'period': ""Q1 '25"", 'revenue': 22.41, 'unit': 'M', 'net_profit': -14.93}, {'period': ""Q4 '24"", 'revenue': 20.37, 'unit': 'M', 'net_profit': -26.44}, {'period': ""Q3 '24"", 'revenue': 24.56, 'unit': 'M', 'net_profit': -21.11}, {'period': ""Q2 '24"", 'revenue': 25.3, 'unit': 'M', 'net_profit': 26.05}]",-2.7,-2.7,364173000,294405000,281923000,192578000,4890000,52768000,57253000,281923000,-9950000,0.03658055405573784,0.5241614048934491,0.4432989690721649,__nan__,__nan__,__nan__,0.5288091099559824
405,SKM,SK Telecom Co. Ltd. Common Stock,"SK Telecom Co., Ltd. provides wireless telecommunication services in South Korea. The company operates through three segments: Cellular Services, Fixed-Line Telecommunications Services, and Other Businesses. The Cellular Services segment offers wireless voice and data transmission, Internet of Things solutions, platform, cloud, smart factory solutions, subscription, and metaverse platform-based services, as well as sells wireless devices. The Fixed-Line Telecommunications Services segment provides fixed-line telephone services; broadband Internet services; media platform services, such as Internet protocol TV and cable TV; and business communications services. The Other Businesses segment offers television shopping services under the T-commerce brand, as well as portal services. In addition, it provides call center management, base station maintenance, information gathering and consulting, system software development and supply, quantum information and communications, data base and internet website, and digital contents sourcing services; manufactures and sells e-book; sells contents and mastering quality sound album; sells and trades in anti-theft and surveillance devices; and operates information and communications facilities. As of December 31, 2021, the company had 3.6 million fixed-line telephone and 31.9 million wireless subscribers. SK Telecom Company Limited was incorporated in 1984 and is headquartered in Seoul, South Korea.",Young Sang Ryu,Telecommunications Services,29.92,USD,11523322886,https://images.financialmodelingprep.com/symbol/SKM.png,1618625.0,1996-06-27,44.66,0.72,1425544,4598585199000,413947639000,"[{'period': '2025', 'revenue': 17330.0, 'unit': 'B', 'net_profit': 413.95}, {'period': '2024', 'revenue': 17.94, 'unit': 'T', 'net_profit': 1.25}, {'period': '2023', 'revenue': 17.61, 'unit': 'T', 'net_profit': 1.09}, {'period': '2022', 'revenue': 17300.0, 'unit': 'B', 'net_profit': 912.4}]","[{'period': ""Q4 '25"", 'revenue': 4310.0, 'unit': 'B', 'net_profit': 111.97}, {'period': ""Q3 '25"", 'revenue': 3980.0, 'unit': 'B', 'net_profit': -158.2}, {'period': ""Q2 '25"", 'revenue': 4340.0, 'unit': 'B', 'net_profit': 89.64}, {'period': ""Q1 '25"", 'revenue': 4450.0, 'unit': 'B', 'net_profit': 364.42}, {'period': ""Q4 '24"", 'revenue': 4510.0, 'unit': 'B', 'net_profit': 290.86}, {'period': ""Q3 '24"", 'revenue': 4530.0, 'unit': 'B', 'net_profit': 268.9}]",1022.75,1022.75,30106528987000,6726849810000,1676597165000,17550268987000,2467435224000,6039327446000,6529503030000,1489961939000,1720496177000,-0.21589862491099415,-0.668882947314533,-0.6815207838849637,"[0.33351, 0.0119]","['2025-08-29', '1996-12-27']",__nan__,0.5829389696360615
406,SKT,Tanger Factory Outlet Centers Inc. Common Stock,"Tanger Inc. (NYSE: SKT) is a leading owner and operator of outlet and open-air retail shopping destinations, with over 43 years of expertise in the retail and outlet shopping industries. Tanger's portfolio of 38 outlet centers, one adjacent managed center and one open-air lifestyle center comprises over 15 million square feet well positioned across tourist destinations and vibrant markets in 20 U.S. states and Canada. A publicly traded REIT since 1993, Tanger continues to innovate the retail experience for its shoppers with over 3,000 stores operated by more than 700 different brand name companies.",Stephen J. Yalof,REIT - Retail,33.74,USD,3863478326,https://images.financialmodelingprep.com/symbol/SKT.png,1024150.0,1993-05-28,34.08,-0.23,332877,336337000,114776000,"[{'period': '2025', 'revenue': 581.56, 'unit': 'M', 'net_profit': 114.78}, {'period': '2024', 'revenue': 526.06, 'unit': 'M', 'net_profit': 98.59}, {'period': '2023', 'revenue': 464.41, 'unit': 'M', 'net_profit': 99.15}, {'period': '2022', 'revenue': 442.61, 'unit': 'M', 'net_profit': 82.06}]","[{'period': ""Q4 '25"", 'revenue': 160.3, 'unit': 'M', 'net_profit': 33.46}, {'period': ""Q3 '25"", 'revenue': 145.21, 'unit': 'M', 'net_profit': 32.03}, {'period': ""Q2 '25"", 'revenue': 140.69, 'unit': 'M', 'net_profit': 30.09}, {'period': ""Q1 '25"", 'revenue': 135.36, 'unit': 'M', 'net_profit': 19.2}, {'period': ""Q4 '24"", 'revenue': 140.74, 'unit': 'M', 'net_profit': 26.49}, {'period': ""Q3 '24"", 'revenue': 133.0, 'unit': 'M', 'net_profit': 24.86}]",1.02,1.0,2655982000,18133000,18133000,1920878000,0,2271952999,1135178000,18133000,202560000,0.11337793417128178,0.1641158273746133,0.14606741573033707,"[0.2925, 0.115]","['2026-01-30', '1993-07-28']",__nan__,0.7232270399422888
407,SKX,Skechers U.S.A. Inc. Common Stock,"Skechers U.S.A., Inc. designs, develops, markets, and distributes footwear for men, women, and children; and performance footwear for men and women worldwide. The company operates through three segments: Domestic Wholesale, International Wholesale, and Direct-to-Consumer. It offers casual, casual athletic, sport athletic, trail, sandals, boots, and retro fashion footwear for men and women under the Skechers USA, Skechers Sport, Skechers Active, Modern Comfort, Skechers Street, Mark Nason, and BOBS brands; sneakers, casuals, boots, and sandals for boys and girls under the Skechers Mega-Craft, S-Lights, SKECH-AIR, Foamies, Twinkle Toes, Z-Strap, Skechers Stretch Fit, and Skechers Street brands; and technical footwear under the Skechers GOrun, Skechers GOwalk, Skechers GOtrain, Skechers GOtrail, and Skechers GO Golf brands. The company also provides men's and women's slip-resistant and safety-toe casuals, boots, hikers, and athletic shoes; and lifestyle apparel for men, women, and kids. As of December 31, 2021, it operated 4,306 company and third party owned Skechers stores. The company sells its products through department and specialty stores, athletic and independent retailers, boutiques, and online retailers; and through its e-commerce sites, concept stores, and factory and warehouse outlet stores. It also licenses its Skechers brand. Skechers U.S.A., Inc. was incorporated in 1992 and is headquartered in Manhattan Beach, California.",Robert Y. Greenberg,Apparel - Footwear & Accessories,63.13,USD,9487125643,https://images.financialmodelingprep.com/symbol/SKX.png,3869158.0,1999-06-09,14.41324200913242,-0.07,41045967,1115756000,639471000,"[{'period': '2024', 'revenue': 8970.0, 'unit': 'M', 'net_profit': 639.47}, {'period': '2023', 'revenue': 8000.0, 'unit': 'M', 'net_profit': 545.8}, {'period': '2022', 'revenue': 7440.0, 'unit': 'M', 'net_profit': 373.03}, {'period': '2021', 'revenue': 6310.0, 'unit': 'M', 'net_profit': 741.5}]","[{'period': ""Q2 '25"", 'revenue': 2440.0, 'unit': 'M', 'net_profit': 170.5}, {'period': ""Q1 '25"", 'revenue': 2410.0, 'unit': 'M', 'net_profit': 202.44}, {'period': ""Q4 '24"", 'revenue': 2210.0, 'unit': 'M', 'net_profit': 99.33}, {'period': ""Q3 '24"", 'revenue': 2350.0, 'unit': 'M', 'net_profit': 193.22}, {'period': ""Q2 '24"", 'revenue': 2160.0, 'unit': 'M', 'net_profit': 140.3}, {'period': ""Q1 '24"", 'revenue': 2250.0, 'unit': 'M', 'net_profit': 206.62}]",4.21,4.16,8455758000,4449423000,1234986000,3635494000,1089057000,146687000,2256484000,1116516000,270596000,0.1522702933251817,0.17162361968416945,0.19263456090651565,__nan__,__nan__,__nan__,0.4299430045183412
408,SKY,Skyline Champion Corporation Common Stock,"Champion Homes, Inc. produces and sells factory-built housing in North America. The company offers manufactured and modular homes, park models RVs, accessory dwelling units, and modular buildings for the multi-family and hospitality sectors. It builds homes under the Skyline Homes, Champion Home Builders, Genesis Homes, Athens Park Models, Dutch Housing, Atlantic Homes, Excel Homes, Homes of Merit, New Era, Redman Homes, ScotBilt Homes, Shore Park, Silvercrest, and Titan Homes brands in the United States; and Moduline and SRI Homes brand names in western Canada. The company also provides construction services to install and set-up factory-built homes; operates Titan Factory Direct, a factory-direct manufactured home retail business with 18 sales centers in the southern United States; and engages in the transportation of manufactured homes and recreational vehicles. The company was founded in 2010 and is headquartered in Troy, Michigan.",Timothy Mark Larson,Residential Construction,72.54,USD,4051959994,https://images.financialmodelingprep.com/symbol/SKY.png,722203.0,1973-05-03,19.34,-1.88,585777,310446000,198413000,"[{'period': '2024', 'revenue': 2480.0, 'unit': 'M', 'net_profit': 198.41}, {'period': '2023', 'revenue': 2020.0, 'unit': 'M', 'net_profit': 146.7}, {'period': '2022', 'revenue': 2610.0, 'unit': 'M', 'net_profit': 401.8}, {'period': '2021', 'revenue': 2210.0, 'unit': 'M', 'net_profit': 248.04}]","[{'period': ""Q3 '25"", 'revenue': 656.61, 'unit': 'M', 'net_profit': 54.34}, {'period': ""Q2 '25"", 'revenue': 684.43, 'unit': 'M', 'net_profit': 58.2}, {'period': ""Q1 '25"", 'revenue': 701.32, 'unit': 'M', 'net_profit': 64.69}, {'period': ""Q4 '24"", 'revenue': 593.87, 'unit': 'M', 'net_profit': 36.35}, {'period': ""Q3 '24"", 'revenue': 644.92, 'unit': 'M', 'net_profit': 61.54}, {'period': ""Q2 '24"", 'revenue': 616.88, 'unit': 'M', 'net_profit': 54.73}]",3.45,3.42,2110408000,1086498000,610338000,565970000,84103000,134700000,451308000,610338000,190325000,0.29149090182961834,0.3525454000109069,0.3529411764705884,"[0.62381, 0.12]","['2018-06-01', '1982-03-15']",__nan__,0.268180370809815
409,SLAC,Social Leverage Acquisition Corp I Class A Common Stock,"Social Leverage Acquisition Corp I does not have significant operations. It focuses on effecting a merger, capital stock exchange, asset acquisition, stock purchase, reorganization, or similar business combination with one or more businesses in the financial technology, enterprise software, and consumer technology industries. The company was incorporated in 2020 and is based in Scottsdale, Arizona.",Howard Lindzon,Shell Companies,10.305,USD,104926541,https://images.financialmodelingprep.com/symbol/SLAC.png,1180.0,2021-04-05,-128.8125,0.005,0,-5379000,9711000,"[{'period': '2022', 'revenue': 0.0, 'unit': 'M', 'net_profit': 9.71}, {'period': '2021', 'revenue': 0.0, 'unit': 'M', 'net_profit': 1.98}]","[{'period': ""Q3 '23"", 'revenue': 0.0, 'unit': 'M', 'net_profit': 1.76}, {'period': ""Q2 '23"", 'revenue': 0.0, 'unit': 'M', 'net_profit': -1.94}, {'period': ""Q1 '23"", 'revenue': 0.0, 'unit': 'M', 'net_profit': -1.56}, {'period': ""Q4 '22"", 'revenue': 0.0, 'unit': 'M', 'net_profit': 3.49}, {'period': ""Q3 '22"", 'revenue': 0.0, 'unit': 'M', 'net_profit': -1.54}, {'period': ""Q2 '22"", 'revenue': 0.0, 'unit': 'M', 'net_profit': 1.92}]",0.28,0.28,18520702,1813797,1666647,19254326,0,16674956,5408843,1666647,-963925,-2.1074523396880416,3.894657258064516,4.436893203883496,__nan__,__nan__,__nan__,1.0396110255432003
410,SLB,Schlumberger N.V. Common Stock,"SLB N.V. engages in the provision of technology for the energy industry worldwide. The company operates through four divisions: Digital & Integration, Reservoir Performance, Well Construction, and Production Systems. The company provides field development and hydrocarbon production, carbon management, and integration of adjacent energy systems; reservoir interpretation and data processing services for exploration data; and well construction and production improvement services and products. It also offers subsurface geology and fluids evaluation information; stimulation services to restore or enhance well productivity through hydraulic fracturing, matrix stimulation, and water treatment; and intervention services to oil and gas operators. In addition, the company offers mud logging, directional drilling, measurement-while-drilling, and logging-while-drilling services, as well as engineering support services; supplies drilling fluid systems; designs, manufactures, and markets roller cone and fixed cutter drill bits; bottom-hole-assembly and borehole enlargement technologies; well planning, well drilling, engineering, supervision, logistics, procurement, and contracting of third parties, as well as drilling rig management solutions; and drilling equipment and services, as well as land drilling rigs and related services. Further, it provides artificial lift; supplies packers, safety valves, sand control technology, and various intelligent systems; midstream production systems; valves, chokes, actuators, and surface trees; and OneSubsea, an integrated solutions, products, systems, and services, including wellheads, subsea trees, manifolds and flowline connectors, control systems, connectors, and services. The company was formerly known as Schlumberger Limited and change its name to SLB N.V. in October 2025. SLB N.V. was founded in 1926 and is based in Houston, Texas.",Olivier Le Peuch,Oil & Gas Equipment & Services,53.5,USD,80000155000,https://images.financialmodelingprep.com/symbol/SLB.png,19940827.0,1981-12-31,22.77,1.19,17116385,7147000000,3350000000,"[{'period': '2025', 'revenue': 35.71, 'unit': 'B', 'net_profit': 3.35}, {'period': '2024', 'revenue': 36.29, 'unit': 'B', 'net_profit': 4.46}, {'period': '2023', 'revenue': 33.13, 'unit': 'B', 'net_profit': 4.2}, {'period': '2022', 'revenue': 28.09, 'unit': 'B', 'net_profit': 3.44}]","[{'period': ""Q4 '25"", 'revenue': 9740.0, 'unit': 'M', 'net_profit': 800.0}, {'period': ""Q3 '25"", 'revenue': 8930.0, 'unit': 'M', 'net_profit': 739.0}, {'period': ""Q2 '25"", 'revenue': 8.55, 'unit': 'B', 'net_profit': 1.01}, {'period': ""Q1 '25"", 'revenue': 8490.0, 'unit': 'M', 'net_profit': 797.0}, {'period': ""Q4 '24"", 'revenue': 9.28, 'unit': 'B', 'net_profit': 1.09}, {'period': ""Q3 '24"", 'revenue': 9.16, 'unit': 'B', 'net_profit': 1.19}]",2.38,2.35,54868000000,19513000000,4212000000,27577000000,8689000000,3690000000,14721000000,3036000000,4795000000,-0.11426446895526088,-0.24904729881192558,-0.2420382165605096,"[0.295, 0.2]","['2026-02-11', '1982-03-09']",__nan__,0.5026062550120288
411,SLCA,U.S. Silica Holdings Inc. Common Stock,"U.S. Silica Holdings, Inc. produces and sells commercial silica in the United States. It operates through two segments, Oil & Gas Proppants and Industrial & Specialty Products. The company offers whole grain commercial silica products to be used as fracturing sand in connection with oil and natural gas recovery, as well as sells its whole grain silica products in various size distributions, grain shapes, and chemical purity levels for the manufacturing of glass products. It also provides various grades of whole-grain round silica to the foundry industry; ground silica and industrial minerals products for various products; and engineered performance materials made from diatomaceous earth (DE), clay, and perlite. In addition, the company offers transportation, equipment rental, and contract labor services. It serves oilfield services companies, and exploration and production companies that are engaged in hydraulic fracturing, building products, chemicals, fillers and extenders, filtration, glass, recreation, testing industries, and industrial and specialty products end markets. U.S. Silica Holdings, Inc. was incorporated in 2008 and is headquartered in Katy, Texas.",Bryan A. Shinn,Oil & Gas Equipment & Services,15.49,USD,1211389254,https://images.financialmodelingprep.com/symbol/SLCA.png,1964363.0,2012-02-01,10.537414965986395,-0.01,4764754,434537000,146925000,"[{'period': '2023', 'revenue': 1550.0, 'unit': 'M', 'net_profit': 146.93}, {'period': '2022', 'revenue': 1530.0, 'unit': 'M', 'net_profit': 78.18}, {'period': '2021', 'revenue': 1100.0, 'unit': 'M', 'net_profit': -34.32}, {'period': '2020', 'revenue': 845.88, 'unit': 'M', 'net_profit': -115.12}]","[{'period': ""Q2 '24"", 'revenue': 317.51, 'unit': 'M', 'net_profit': 19.28}, {'period': ""Q1 '24"", 'revenue': 325.94, 'unit': 'M', 'net_profit': 13.69}, {'period': ""Q4 '23"", 'revenue': 336.04, 'unit': 'M', 'net_profit': 29.11}, {'period': ""Q3 '23"", 'revenue': 366.96, 'unit': 'M', 'net_profit': 26.91}, {'period': ""Q2 '23"", 'revenue': 406.78, 'unit': 'M', 'net_profit': 46.26}, {'period': ""Q1 '23"", 'revenue': 442.24, 'unit': 'M', 'net_profit': 44.65}]",1.91,1.87,2096593000,600744000,245716000,1241066000,185917000,-100458000,185850000,245716000,198398000,0.3504877813794625,0.8794131191158412,0.8365384615384615,"[0.02, 0.5]","['2020-03-12', '2012-12-18']",__nan__,0.5919441684676043
412,SLF,Sun Life Financial Inc. Common Stock,"Sun Life Financial Inc., a financial services company, provides insurance, wealth, and asset management solutions to individuals and corporate clients worldwide. It offers term and permanent life, as well as personal health, dental, critical illness, long-term care, and disability insurance products. The company also provides reinsurance products; investment counselling and portfolio management services; mutual funds and segregated funds; trust and banking services; real estate property brokerage and appraisal services; and merchant banking services. It distributes its products through direct sales agents, managing and independent general agents, financial intermediaries, broker-dealers, banks, pension and benefits consultants, and other third-party marketing organizations. The company was founded in 1871 and is headquartered in Toronto, Canada.",Kevin David Strain,Insurance - Diversified,61.37,USD,33993015941,https://images.financialmodelingprep.com/symbol/SLF.png,645018.0,2000-03-23,13.79,-1.16,595287,5319661291,3741948072,"[{'period': '2025', 'revenue': 42.17, 'unit': 'B', 'net_profit': 3.74}, {'period': '2024', 'revenue': 34.48, 'unit': 'B', 'net_profit': 3.17}, {'period': '2023', 'revenue': 36.35, 'unit': 'B', 'net_profit': 3.34}, {'period': '2022', 'revenue': 3.43, 'unit': 'B', 'net_profit': 3.02}]","[{'period': ""Q4 '25"", 'revenue': 8920.0, 'unit': 'M', 'net_profit': 792.35}, {'period': ""Q3 '25"", 'revenue': 12.4, 'unit': 'B', 'net_profit': 1.17}, {'period': ""Q2 '25"", 'revenue': 9200.0, 'unit': 'M', 'net_profit': 778.0}, {'period': ""Q1 '25"", 'revenue': 11.34, 'unit': 'B', 'net_profit': 1.0}, {'period': ""Q4 '24"", 'revenue': 3270.0, 'unit': 'M', 'net_profit': 142.0}, {'period': ""Q3 '24"", 'revenue': 15.38, 'unit': 'B', 'net_profit': 1.42}]",6.16,6.15,398130285000,16144832000,9677107000,372659060000,6467725000,355765838000,0,9677107000,13601906000,0.06329428163102138,0.18005300283822137,0.16446124763705106,"[0.67243, 0.12]","['2026-02-25', '2000-11-09']",__nan__,0.9360228900948844
413,SLG,SL Green Realty Corp Common Stock,"SL Green Realty Corp., an S&P 500 company and Manhattan's largest office landlord, is a fully integrated real estate investment trust, or REIT, that is focused primarily on acquiring, managing and maximizing value of Manhattan commercial properties. As of December 31, 2020, SL Green held interests in 88 buildings totaling 38.2 million square feet. This included ownership interests in 28.6 million square feet of Manhattan buildings and 8.7 million square feet securing debt and preferred equity investments.",Marc Holliday,REIT - Office,35.33,USD,2509532296,https://images.financialmodelingprep.com/symbol/SLG.png,1350194.0,1997-08-15,-21.94,-1.32,1002990,414195000,-88277000,"[{'period': '2025', 'revenue': 1000.0, 'unit': 'M', 'net_profit': -88.28}, {'period': '2024', 'revenue': 706.58, 'unit': 'M', 'net_profit': 30.65}, {'period': '2023', 'revenue': 837.2, 'unit': 'M', 'net_profit': -543.52}, {'period': '2022', 'revenue': 861.5, 'unit': 'M', 'net_profit': -71.63}]","[{'period': ""Q4 '25"", 'revenue': 276.47, 'unit': 'M', 'net_profit': -98.66}, {'period': ""Q3 '25"", 'revenue': 244.82, 'unit': 'M', 'net_profit': 30.77}, {'period': ""Q2 '25"", 'revenue': 219.14, 'unit': 'M', 'net_profit': -5.2}, {'period': ""Q1 '25"", 'revenue': 241.02, 'unit': 'M', 'net_profit': -15.18}, {'period': ""Q4 '24"", 'revenue': -33.87, 'unit': 'M', 'net_profit': 15.25}, {'period': ""Q3 '24"", 'revenue': 214.26, 'unit': 'M', 'net_profit': -7.37}]",-1.21,-1.18,11082607000,680890000,336495000,6729517000,344395000,8854869000,658424000,336495000,82906000,1.4466451258483912,-3.8798812514272667,-16.125,"[0.6175, 0.16]","['2026-03-31', '1997-11-13']",__nan__,0.6072142592442374
414,SLQT,SelectQuote Inc. Common Stock,"SelectQuote, Inc. operates a technology-enabled, direct-to-consumer distribution platform that sells a range of insurance policies to consumers from various insurance carriers in the United States. The company operates through three segments: Senior; Life; and Auto & Home. It distributes senior health policies, such as medicare advantage, medicare supplement, medicare part D, and other ancillary senior health insurance related policies, including prescription drugs, dental, vision, and hearing plans; term life policies; and non-commercial auto and home property, and casualty policies. The company was incorporated in 1999 and is headquartered in Overland Park, Kansas.",Timothy Robert Danker,Insurance - Brokers,0.5937,USD,104663174,https://images.financialmodelingprep.com/symbol/SLQT.png,1492215.0,2020-05-21,-19.79,-0.0176,1126557,148356000,47580000,"[{'period': '2025', 'revenue': 1530.0, 'unit': 'M', 'net_profit': 47.58}, {'period': '2024', 'revenue': 1320.0, 'unit': 'M', 'net_profit': -34.12}, {'period': '2023', 'revenue': 1000.0, 'unit': 'M', 'net_profit': -58.54}, {'period': '2022', 'revenue': 764.04, 'unit': 'M', 'net_profit': -297.5}]","[{'period': ""Q2 '26"", 'revenue': 537.1, 'unit': 'M', 'net_profit': 69.29}, {'period': ""Q1 '26"", 'revenue': 328.81, 'unit': 'M', 'net_profit': -30.46}, {'period': ""Q4 '25"", 'revenue': 345.1, 'unit': 'M', 'net_profit': 12.87}, {'period': ""Q3 '25"", 'revenue': 408.16, 'unit': 'M', 'net_profit': 26.02}, {'period': ""Q2 '25"", 'revenue': 481.07, 'unit': 'M', 'net_profit': 53.24}, {'period': ""Q1 '25"", 'revenue': 292.26, 'unit': 'M', 'net_profit': -44.55}]",0.14,0.0133,1249356000,341042000,32400000,673838000,283465000,820084000,212910000,32400000,-13857000,0.6579238514578188,2.394285714285714,1.7,__nan__,__nan__,__nan__,0.5393482722298528
415,SM,SM Energy Company Common Stock,"SM Energy Company, an independent energy company, engages in the acquisition, exploration, development, and production of oil, natural gas, and natural gas liquids in the state of Texas. As of February 24, 2022, it had 492.0 million barrels of oil equivalent of estimated proved reserves. It also has working interests in 825 gross productive oil wells and 483 gross productive gas wells in the Midland Basin and South Texas. The company was formerly known as St. Mary Land & Exploration Company and changed its name to SM Energy Company in May 2010. SM Energy Company was founded in 1908 and is headquartered in Denver, Colorado.",Elizabeth Anne McDonald,Oil & Gas Exploration & Production,32.72,USD,3762762765,https://images.financialmodelingprep.com/symbol/SM.png,6718998.0,1992-12-16,5.8,0.04,4570296,2210000000,648000000,"[{'period': '2025', 'revenue': 3150.0, 'unit': 'M', 'net_profit': 648.0}, {'period': '2024', 'revenue': 2670.0, 'unit': 'M', 'net_profit': 770.29}, {'period': '2023', 'revenue': 2360.0, 'unit': 'M', 'net_profit': 817.88}, {'period': '2022', 'revenue': 3.35, 'unit': 'B', 'net_profit': 1.11}]","[{'period': ""Q4 '25"", 'revenue': 718.29, 'unit': 'M', 'net_profit': 108.98}, {'period': ""Q3 '25"", 'revenue': 811.01, 'unit': 'M', 'net_profit': 155.09}, {'period': ""Q2 '25"", 'revenue': 785.08, 'unit': 'M', 'net_profit': 201.66}, {'period': ""Q1 '25"", 'revenue': 839.62, 'unit': 'M', 'net_profit': 182.27}, {'period': ""Q4 '24"", 'revenue': 835.86, 'unit': 'M', 'net_profit': 188.28}, {'period': ""Q3 '24"", 'revenue': 642.38, 'unit': 'M', 'net_profit': 240.52}]",5.65,5.64,9253000000,811000000,368000000,4443000000,331000000,0,1169000000,368000000,573000000,0.15333211215815576,-0.15876166601539934,-0.15797317436661693,"[0.22, 0.04]","['2026-03-09', '1993-02-12']",__nan__,0.4801685939695234
416,SMAR,Smartsheet Inc. Class A Common Stock,"Smartsheet Inc. provides cloud-based enterprise platform to plan, capture, manage, automate, and report on work for teams and organizations. The company offers Dashboards for real-time visibility into the status of work to align individuals, managers, and executives; Portals to locate and access from any device the resources available for a project without IT assistance; Cardview to organize, share, and act on workflows; and Grid to keep teams on task by tracking multiple moving parts. It also provides Reports that allow users to see and action their work in one centralized location; Projects, which offers interface with capabilities that foster collaboration among teams and organizations; Calendar that align teams and organizations by connecting deadlines to workflows; Forms to collect information in a structured and consistent format; Automated actions to automate repetitive processes; and Integrations to connect, sync, and extend existing enterprise applications across workflows to create work execution. The company offers WorkApps to build easy to navigate apps; Connectors for embedded integrations with industry-leading systems of record; Control Center to achieve consistent work execution; Dynamic View enables mixed internal and external teams to collaborate confidentially with vendors; Data Shuttle to upload or offload data between Smartsheet and other existing systems and databases; Bridge to build intelligent workflows and automate business processes across platforms; Resource Management; Brandfolder; and Premium Apps and Connectors, as well as Calendar, Pivot, and DataMesh apps, and Smartsheet Advance. It serves aerospace, automotive, biotechnology, consumer, e-commerce, education, finance, government, healthcare, IT services, marketing, media, travel, and other sectors. The company was formerly known as Smartsheet.com, Inc. and changed its name to Smartsheet Inc. in February 2017. The company was incorporated in 2005 and is based in Bellevue, Washington.",Mark P. Mader,Software - Application,56.47,USD,7905912940,https://images.financialmodelingprep.com/symbol/SMAR.png,3304916.0,2018-04-27,-806.7142857142857,0.01,17552531,-94256000,-104631000,"[{'period': '2024', 'revenue': 958.34, 'unit': 'M', 'net_profit': -104.63}, {'period': '2023', 'revenue': 766.91, 'unit': 'M', 'net_profit': -215.64}, {'period': '2022', 'revenue': 550.83, 'unit': 'M', 'net_profit': -171.1}, {'period': '2021', 'revenue': 385.51, 'unit': 'M', 'net_profit': -114.98}]","[{'period': ""Q3 '25"", 'revenue': 286.87, 'unit': 'M', 'net_profit': 1.32}, {'period': ""Q2 '25"", 'revenue': 276.41, 'unit': 'M', 'net_profit': 7.86}, {'period': ""Q1 '25"", 'revenue': 262.98, 'unit': 'M', 'net_profit': -8.86}, {'period': ""Q4 '24"", 'revenue': 256.95, 'unit': 'M', 'net_profit': -8.98}, {'period': ""Q3 '24"", 'revenue': 245.92, 'unit': 'M', 'net_profit': -32.43}, {'period': ""Q2 '24"", 'revenue': 235.59, 'unit': 'M', 'net_profit': -33.36}]",-0.78,-0.78,1337479000,931869000,628795000,731624000,238708000,0,695850000,282094000,144540000,0.5210082325439577,0.5147862863396695,0.5301204819277108,__nan__,__nan__,__nan__,0.547017186811905
417,SMFG,Sumitomo Mitsui Financial Group Inc Unsponsored American Depositary Shares (Japan),"Sumitomo Mitsui Financial Group, Inc., together with its subsidiaries, provides commercial banking, leasing, securities, consumer finance, and other services in Japan, the Americas, Europe, the Middle East, Asia, and Oceania. It operates through four segments: Wholesale Business Unit, Retail Business Unit, Global Business Unit, and Global Markets Business Unit. The Wholesale Business Unit segment offers financing, investment management, risk hedging, and settlement services, as well as financial solutions related to mergers and acquisition, and other advisory services primarily for large, mid, and small-sized corporate clients; various leasing services, including equipment, and operating and leveraged leasing; and digital services, such as robotic process automation and electronic contract services. The Retail Business Unit segment offers wealth management, settlement, consumer finance, and housing loan products and services, as well as business and asset succession services to high-net-worth customers. The Global Business Unit segment offers loans, deposits, clearing services, trade finance, project finance, loan syndication, derivatives, and cash management services; underwriting services; and leasing services related to the construction machinery, transportation equipment, industrial machinery, medical equipment, and aircraft leasing. The Global Markets Business Unit segment offers solutions through foreign exchange products, derivatives, bonds, stocks, and other marketable financial products. It also undertakes asset liability management operations. The company also offers credit card, internet banking, system development and engineering, data processing, management consulting and economic research, and investment advisory and investment trust management services. Sumitomo Mitsui Financial Group, Inc. was incorporated in 2002 and is headquartered in Tokyo, Japan.",Toru Nakashima,Banks - Diversified,19.05,USD,72926005392,https://images.financialmodelingprep.com/symbol/SMFG.png,2193169.0,2006-01-27,13.51,-0.34,1838672,1980723000000,1177996000000,"[{'period': '2025', 'revenue': 9.66, 'unit': 'T', 'net_profit': 1.18}, {'period': '2024', 'revenue': 8770.0, 'unit': 'B', 'net_profit': 962.95}, {'period': '2023', 'revenue': 5780.0, 'unit': 'B', 'net_profit': 805.84}, {'period': '2022', 'revenue': 3800.0, 'unit': 'B', 'net_profit': 706.63}]","[{'period': ""Q3 '26"", 'revenue': 7.93, 'unit': 'T', 'net_profit': 1.39}, {'period': ""Q2 '26"", 'revenue': 2660.0, 'unit': 'B', 'net_profit': 556.61}, {'period': ""Q1 '26"", 'revenue': 2310.0, 'unit': 'B', 'net_profit': 376.9}, {'period': ""Q4 '25"", 'revenue': 2310.0, 'unit': 'B', 'net_profit': 42.02}, {'period': ""Q3 '25"", 'revenue': 2400.0, 'unit': 'B', 'net_profit': 410.8}, {'period': ""Q2 '25"", 'revenue': 2540.0, 'unit': 'B', 'net_profit': 353.82}]",301.55,301.48,306282015000000,104003916000000,103772717000000,291440508000000,231199000000,162714170000000,231262552000000,75590583000000,4602458000000,0.21114173868699013,0.22332508780346977,0.26118778753659566,"[0.24894, 0.2776]","['2025-09-30', '1987-09-23']",__nan__,0.9515430019617704
418,SMG,Scotts Miracle-Gro Company (The) Common Stock,"The Scotts Miracle-Gro Company engages in the manufacture, marketing, and sale of products for lawn, garden care, and indoor and hydroponic gardening in the United States and internationally. The company operates through three segments: U.S. Consumer, Hawthorne, and Other. It provides lawn care products comprising lawn fertilizers, grass seed products, spreaders, other durable products, and outdoor cleaners, as well as lawn-related weed, pest, and disease control products; gardening and landscape products include water-soluble and continuous-release plant foods, potting mixes and garden soils, mulch and decorative groundcover products, plant-related pest and disease control products, organic garden products, and lives goods and seeding solutions. The company also offers hydroponic products that help users to grow plants, flowers, and vegetables using little or no soil; lighting systems and components for use in hydroponic and indoor gardening applications; insect, rodent, and weed control products for home areas; and non-selective weed killer products. It sells its products under the Scotts, Turf Builder, EZ Seed, PatchMaster, Thick'R Lawn, GrubEx, EdgeGuard, Handy Green II, Miracle-Gro, LiquaFeed, Osmocote, Shake 'N Feed, Hyponex, Earthgro, SuperSoil, Fafard, Nature Scapes, Ortho, Miracle-Gro Performance Organics, Miracle-Gro Organic Choice, Whitney Farms, EcoScraps, Mother Earth, Botanicare, Hydroponics, Vermicrop, Gavita, Agrolux, Can-Filters, Sun System, Gro Pro, Hurricane, AeroGarden, Titan, Tomcat, Ortho Weed B Gon, Roundup, Groundclear, and Alchemist brands. The company serves home centers, mass merchandisers, warehouse clubs, large hardware chains, independent hardware stores, nurseries, garden centers, e-commerce platforms, and food and drug stores, as well as indoor gardening and hydroponic distributors, retailers, and growers. The Scotts Miracle-Gro Company was founded in 1868 and is headquartered in Marysville, Ohio.",James S. Hagedorn,Agricultural Inputs,60.65,USD,3520111019,https://images.financialmodelingprep.com/symbol/SMG.png,855959.0,1992-01-31,21.74,-1.54,903837,425500000,145200000,"[{'period': '2025', 'revenue': 3410.0, 'unit': 'M', 'net_profit': 145.2}, {'period': '2024', 'revenue': 3550.0, 'unit': 'M', 'net_profit': -34.9}, {'period': '2023', 'revenue': 3550.0, 'unit': 'M', 'net_profit': -380.1}, {'period': '2022', 'revenue': 3920.0, 'unit': 'M', 'net_profit': -437.5}]","[{'period': ""Q1 '26"", 'revenue': 354.4, 'unit': 'M', 'net_profit': -125.0}, {'period': ""Q4 '25"", 'revenue': 387.4, 'unit': 'M', 'net_profit': -151.8}, {'period': ""Q3 '25"", 'revenue': 1190.0, 'unit': 'M', 'net_profit': 149.1}, {'period': ""Q2 '25"", 'revenue': 1420.0, 'unit': 'M', 'net_profit': 217.5}, {'period': ""Q1 '25"", 'revenue': 416.8, 'unit': 'M', 'net_profit': -69.5}, {'period': ""Q4 '24"", 'revenue': 414.7, 'unit': 'M', 'net_profit': -244.0}]",2.52,2.47,2742000000,940300000,36600000,3099500000,186900000,53600000,739700000,36600000,273900000,0.9717330861909175,5.160458452722063,5.131147540983607,"[0.66, 0.25]","['2026-02-20', '2005-08-16']",__nan__,1.1303792851932897
419,SMHI,SEACOR Marine Holdings Inc. Common Stock ,"SEACOR Marine Holdings Inc. provides marine and support transportation services to offshore oil, natural gas, and windfarm facilities worldwide. Its offshore support and specialty vessels deliver cargo and personnel to offshore installations, including wind farms; handle anchors and mooring equipment required to tether rigs to the seabed; assist in placing them on location and moving them between regions; provide construction, well work-over, maintenance, and decommissioning support; and carry and launch equipment used underwater in drilling and well installation, maintenance, inspection, and repair, as well as offer accommodations for technicians and specialists, safety support, and emergency response services. As of December 31, 2021, the company operated a fleet of 81 support and specialty vessels, of which 60 were owned or leased-in, 20 were joint-ventured, and 1 was managed on behalf of unaffiliated third parties. It serves integrated oil companies, large independent oil and natural gas exploration and production companies, and emerging independent companies, as well as windfarm operations and installation contractors. The company was founded in 1989 and is headquartered in Houston, Texas.",John Gellert,Marine Shipping,7.53,USD,202947054,https://images.financialmodelingprep.com/symbol/SMHI.png,140208.0,2017-06-02,-7.1,-0.07,70236,64055000,-27844000,"[{'period': '2025', 'revenue': 227.83, 'unit': 'M', 'net_profit': -27.84}, {'period': '2024', 'revenue': 271.36, 'unit': 'M', 'net_profit': -78.12}, {'period': '2023', 'revenue': 279.51, 'unit': 'M', 'net_profit': -9.31}, {'period': '2022', 'revenue': 217.32, 'unit': 'M', 'net_profit': -71.65}]","[{'period': ""Q4 '25"", 'revenue': 52.33, 'unit': 'M', 'net_profit': -14.62}, {'period': ""Q3 '25"", 'revenue': 59.19, 'unit': 'M', 'net_profit': 8.99}, {'period': ""Q2 '25"", 'revenue': 60.81, 'unit': 'M', 'net_profit': -6.73}, {'period': ""Q1 '25"", 'revenue': 55.5, 'unit': 'M', 'net_profit': -15.49}, {'period': ""Q4 '24"", 'revenue': 69.81, 'unit': 'M', 'net_profit': -26.23}, {'period': ""Q3 '24"", 'revenue': 68.92, 'unit': 'M', 'net_profit': -16.35}]",-1.06,-1.06,660601000,179784000,68934000,395929000,0,2938000,70729000,68934000,-17556000,5.956450912250217,0.6435922379806461,0.624113475177305,__nan__,__nan__,__nan__,0.5993466555454805
420,SMLP,Summit Midstream Partners LP Common Units Representing Limited Partner Interests,"Summit Midstream Partners, LP focuses on owning, developing, and operating midstream energy infrastructure assets primarily shale formations in the continental United States. The company provides natural gas gathering, compression, treating, and processing services, as well as crude oil and produced water gathering services. Its unconventional resource basins include the Utica and Point Pleasant shale formations in southeastern Ohio; the Williston Basin that consists of the Bakken and Three Forks shale formations in northwestern North Dakota; the Denver-Julesburg Basin, which include the Niobrara and Codell shale formations in Colorado; the Permian Basin that comprise the Bone Spring and Wolfcamp shale formations in New Mexico; the Piceance Basin, which include the Mesaverde formation, and the Mancos and Niobrara shale formations in western Colorado; the Barnett Shale formation in north-central Texas; and the Marcellus Shale formation in northern West Virginia. The company also owns an ownership interest in Ohio Gathering, which owns and operates natural gas gathering and condensate stabilization facility in the Utica Shale in southeastern Ohio. It serves natural gas and crude oil producers. Summit Midstream GP, LLC operates as a general partner of the company. The company was founded in 2009 and is headquartered in Houston, Texas.",J. Heath Deneke,Oil & Gas Midstream,38.05,USD,405183035,https://images.financialmodelingprep.com/symbol/SMLP.png,35158.0,2012-09-28,5.2994428969359335,1.34,74813,204503000,-38947000,"[{'period': '2023', 'revenue': 458.9, 'unit': 'M', 'net_profit': -38.95}, {'period': '2022', 'revenue': 369.59, 'unit': 'M', 'net_profit': -123.46}, {'period': '2021', 'revenue': 400.62, 'unit': 'M', 'net_profit': -27.83}, {'period': '2020', 'revenue': 383.47, 'unit': 'M', 'net_profit': 192.35}]","[{'period': ""Q1 '24"", 'revenue': 118.87, 'unit': 'M', 'net_profit': 132.93}, {'period': ""Q4 '23"", 'revenue': 127.32, 'unit': 'M', 'net_profit': -15.12}, {'period': ""Q3 '23"", 'revenue': 121.19, 'unit': 'M', 'net_profit': 3.87}, {'period': ""Q2 '23"", 'revenue': 97.89, 'unit': 'M', 'net_profit': -13.54}, {'period': ""Q1 '23"", 'revenue': 112.5, 'unit': 'M', 'net_profit': -14.16}, {'period': ""Q4 '22"", 'revenue': 85.72, 'unit': 'M', 'net_profit': -23.86}]",-3.77,-3.77,2494198000,98422000,16645000,1650983000,76275000,498334000,134012000,16645000,58001000,0.14559163758381743,0.68454005718405,0.693246541903987,"[0.125, 0.41]","['2020-02-06', '2013-02-05']",__nan__,0.6619294057648992
421,SMM,Salient Midstream Common Shares of Beneficial Interest,"Salient Midstream & MLP Fund is a closed ended equity mutual fund launched and managed by Salient Capital Advisors, LLC. The fund invests in the public equity markets of the United States. It invests in stocks of companies operating in the energy sector, including transporting, storing, gathering, processing, distributing, marketing and/or delivering natural gas, natural gas liquids, crude oil or refined products or coal. The fund primarily invests in midstream companies and master limited partnerships. It invests in stocks of large-cap, mid-cap, and small-cap companies. The fund benchmarks the performance of its portfolio against the Alerian MLP Index. Salient Midstream & MLP Fund was formed on May 24, 2012 and is domiciled in the United States.",Gregory Reid,Asset Management,8.95,USD,158615471,https://images.financialmodelingprep.com/symbol/SMM.png,0.0,2012-05-25,3.58,0.05,65269,38183030,37946472,"[{'period': '2021', 'revenue': 39.07, 'unit': 'M', 'net_profit': 37.95}, {'period': '2020', 'revenue': -41.35, 'unit': 'M', 'net_profit': -42.51}, {'period': '2019', 'revenue': -15.8, 'unit': 'M', 'net_profit': -17.06}, {'period': '2018', 'revenue': -6.54, 'unit': 'M', 'net_profit': -7.75}]",[],2.14,2.14,190126919,1034044,787631,56828229,246413,189087576,516928,787631,-30015195,1.9025390275197485,1.8925949227114995,1.8916666666666668,"[0.0169, 0.325]","['2022-08-17', '2012-08-15']",__nan__,0.29889628096271836
422,SMP,Standard Motor Products Inc. Common Stock,"Standard Motor Products, Inc. manufactures and distributes replacement parts that are used in the maintenance, repair, and service of vehicles in the automotive aftermarket industry with a complementary focus on specialized original equipment parts for manufacturers across agriculture, heavy duty, and construction equipment industries. The company's Engine Management segment provides electronic ignition control modules, camshaft and crankshaft position sensors, ignition wires and coils, switches and relays, exhaust gas recirculation valves, pressure and temperature sensors, variable valve timing components, mass airflow and fuel pressure sensors, electronic throttle bodies, and diesel injectors and pumps; and anti-lock brake, vehicle speed, tire pressure monitoring, and park assist sensors. This segment offers its products under the Standard, Blue Streak, BWD, Intermotor, OEM, SMP Blue Streak Canada, GP Sorensen, Locksmart, Standard Motorcycle, and Blue Streak Race Wires brands. Its Temperature Control segment provides components for the temperature control systems, engine cooling systems, power window accessories, and windshield washer systems of motor vehicles under the Four Seasons, ACI, Hayden, Factory Air, and Maxair brands. Its products include air conditioning compressors and repair kits, clutch assemblies, blower and radiator fan motors, filter dryers, evaporators, accumulators, actuators, hose assemblies, thermal expansion devices, heater valves, heater cores, A/C service tools and chemicals, fan assemblies, fan clutches, oil coolers, window lift motors, window regulators and assemblies, and windshield washer pumps. The company serves primarily automotive aftermarket retailers, warehouse distributors, original equipment manufacturers, and original equipment service part operations in the United States, Canada, Europe, Asia, Mexico, and other Latin American countries. The company was founded in 1919 and is headquartered in Long Island City, New York.",Eric Philip Sills,Auto - Parts,35.81,USD,793044679,https://images.financialmodelingprep.com/symbol/SMP.png,132996.0,1980-03-17,10.17,-0.58,67535,187216000,79033000,"[{'period': '2025', 'revenue': 1790.0, 'unit': 'M', 'net_profit': 79.03}, {'period': '2024', 'revenue': 1460.0, 'unit': 'M', 'net_profit': 53.63}, {'period': '2023', 'revenue': 1360.0, 'unit': 'M', 'net_profit': 63.14}, {'period': '2022', 'revenue': 1370.0, 'unit': 'M', 'net_profit': 73.04}]","[{'period': ""Q4 '25"", 'revenue': 385.09, 'unit': 'M', 'net_profit': 9.19}, {'period': ""Q3 '25"", 'revenue': 498.84, 'unit': 'M', 'net_profit': 29.84}, {'period': ""Q2 '25"", 'revenue': 493.85, 'unit': 'M', 'net_profit': 26.3}, {'period': ""Q1 '25"", 'revenue': 413.38, 'unit': 'M', 'net_profit': 13.71}, {'period': ""Q4 '24"", 'revenue': 343350.0, 'unit': 'K', 'net_profit': -796.0}, {'period': ""Q3 '24"", 'revenue': 399.26, 'unit': 'M', 'net_profit': 26.58}]",3.59,3.52,1995241000,1050450000,72031000,1296979000,232020000,26310000,493314000,72031000,18716000,0.6085230689921814,0.47372641157604234,0.4594089190617503,"[0.33, 0.08]","['2026-02-13', '1985-02-08']",__nan__,0.6500362612837246
423,SMWB,Similarweb Ltd. Ordinary Shares,"Similarweb Ltd. provides a platform for digital intelligence in the United States, Europe, Asia Pacific, the United Kingdom, Israel, and internationally. It offers digital research intelligence solutions that allow senior leaders, strategy, business intelligence, and consumer insights teams to benchmark performance against competitors and market leaders, analyze trends in the market, conduct deeper research into specific companies, and analyze audience behavior; and digital marketing solutions, which enable marketing leaders, search engine optimization, and content managers, pay-per-click, performance marketers, affiliate marketers, and media buyers to understand their competitors' online acquisition strategies in each marketing channel. The company also provides shopper intelligence solutions that allows digital commerce leadership, and category and product managers to analyze a view of their customers' digital journeys, monitor consumer demand, increase brand visibility in the search process, and optimize category and product level conversion in the purchase process; and sales intelligence solutions, which enables sales management and operations, sales representatives, and account management teams to access relevant buying signals and digital insights of their customers in to generate leads quickly. In addition, it offers investor intelligence solution that allows portfolio managers, investment professionals, data scientists, and research analysts to access an end-to-end view of market, sector or company performance to ideate and monitor investment opportunities, forecast market performance, and perform due diligence. The company serves retail, consumer packaged goods, travel, consumer finance, business-to-business software, and logistics companies; and consultancies, marketing and advertising agencies, media and publishers, payment processors, and institutional investors. Similarweb Ltd. was incorporated in 2009 and is headquartered in Tel Aviv, Israel.",Or Offer,Internet Content & Information,2.52,USD,219144744,https://images.financialmodelingprep.com/symbol/SMWB.png,954454.0,2021-05-12,-6.46,-0.15,377345,-19785000,-32936000,"[{'period': '2025', 'revenue': 282.6, 'unit': 'M', 'net_profit': -32.94}, {'period': '2024', 'revenue': 249.91, 'unit': 'M', 'net_profit': -11.46}, {'period': '2023', 'revenue': 218.02, 'unit': 'M', 'net_profit': -29.37}, {'period': '2022', 'revenue': 193.23, 'unit': 'M', 'net_profit': -83.66}]","[{'period': ""Q4 '25"", 'revenue': 72.76, 'unit': 'M', 'net_profit': -7.5}, {'period': ""Q3 '25"", 'revenue': 71.79, 'unit': 'M', 'net_profit': -4.33}, {'period': ""Q2 '25"", 'revenue': 70.97, 'unit': 'M', 'net_profit': -11.85}, {'period': ""Q1 '25"", 'revenue': 67.09, 'unit': 'M', 'net_profit': -9.26}, {'period': ""Q4 '24"", 'revenue': 65.59, 'unit': 'M', 'net_profit': -5.42}, {'period': ""Q3 '24"", 'revenue': 64.71, 'unit': 'M', 'net_profit': -2.57}]",-0.39,-0.39,261144999,150344000,72421000,237818999,54063000,0,196565000,72421000,13154000,-23.899305555555557,-1.8747490617089988,-1.7857142857142856,__nan__,__nan__,__nan__,0.9106779754951386
424,SNA,Snap-On Incorporated Common Stock,"Snap-on Incorporated manufactures and markets tools, equipment, diagnostics, and repair information and systems solutions for professional users worldwide. It operates through Commercial & Industrial Group, Snap-on Tools Group, Repair Systems & Information Group, and Financial Services segments. The company offers hand tools, including wrenches, sockets, ratchet wrenches, pliers, screwdrivers, punches and chisels, saws and cutting tools, pruning tools, torque measuring instruments, and other products; power tools, such as cordless, pneumatic, hydraulic, and corded tools; and tool storage products comprising tool chests, roll cabinets, and other products. It also provides handheld and computer-based diagnostic products, service and repair information products, diagnostic software solutions, electronic parts catalogs, business management systems and services, point-of-sale systems, integrated systems for vehicle service shops, original equipment manufacturer purchasing facilitation services, and warranty management systems and analytics. In addition, the company offers solutions for the service of vehicles and industrial equipment that include wheel alignment equipment, wheel balancers, tire changers, vehicle lifts, test lane equipment, collision repair equipment, vehicle air conditioning service equipment, brake service equipment, fluid exchange equipment, transmission troubleshooting equipment, safety testing equipment, battery chargers, and hoists, as well as after-sales support services and training programs. Further, it provides financing programs to facilitate the sales of its products and support its franchise business. The company serves the aviation and aerospace, agriculture, construction, government and military, mining, natural resources, power generation, and technical education industries, as well as vehicle dealerships and repair centers. Snap-on Incorporated was founded in 1920 and is based in Kenosha, Wisconsin.",Nicholas T. Pinchuk,Manufacturing - Tools & Accessories,359.04,USD,18690668431,https://images.financialmodelingprep.com/symbol/SNA.png,362040.0,2017-03-02,18.73,-2.96,246967,1484900000,1016900000,"[{'period': '2025', 'revenue': 5.16, 'unit': 'B', 'net_profit': 1.02}, {'period': '2024', 'revenue': 5.11, 'unit': 'B', 'net_profit': 1.04}, {'period': '2023', 'revenue': 5.11, 'unit': 'B', 'net_profit': 1.01}, {'period': '2022', 'revenue': 4840.0, 'unit': 'M', 'net_profit': 911.7}]","[{'period': ""Q4 '25"", 'revenue': 1340.0, 'unit': 'M', 'net_profit': 260.7}, {'period': ""Q3 '25"", 'revenue': 1290.0, 'unit': 'M', 'net_profit': 265.4}, {'period': ""Q2 '25"", 'revenue': 1280.0, 'unit': 'M', 'net_profit': 250.3}, {'period': ""Q1 '25"", 'revenue': 1240.0, 'unit': 'M', 'net_profit': 240.5}, {'period': ""Q4 '24"", 'revenue': 1300.0, 'unit': 'M', 'net_profit': 258.1}, {'period': ""Q3 '24"", 'revenue': 1250.0, 'unit': 'M', 'net_profit': 251.1}]",19.52,19.19,8412299999,4402800000,1624500000,2455500000,881400000,1721900000,918500000,1624500000,1005700000,-0.02354178996514763,-0.02586454641249162,-0.016624685138539135,"[2.44, 0.29]","['2026-02-24', '1985-08-14']",__nan__,0.2918940123737734
425,SNAP,Snap Inc. Class A Common Stock,"Snap Inc. operates as a camera company in North America, Europe, and internationally. The company offers Snapchat, a camera application with various functionalities, such as Camera, Communication, Snap Map, Stories, and Spotlight that enable people to communicate visually through short videos and images. It also provides Spectacles, an eyewear product that connects with Snapchat and captures photos and video from a human perspective; and advertising products, including AR ads and Snap ads comprises a single image or video ads, story ads, collection ads, dynamic ads, and commercials. The company was formerly known as Snapchat, Inc. and changed its name to Snap Inc. in September 2016. Snap Inc. was founded in 2010 and is headquartered in Santa Monica, California.",Evan T. Spiegel,Internet Content & Information,3.925,USD,6629135996,https://images.financialmodelingprep.com/symbol/SNAP.png,47456930.0,2017-03-02,-14.02,-0.085,47827303,-169305000,-460489000,"[{'period': '2025', 'revenue': 5930.0, 'unit': 'M', 'net_profit': -460.49}, {'period': '2024', 'revenue': 5360.0, 'unit': 'M', 'net_profit': -697.86}, {'period': '2023', 'revenue': 4.61, 'unit': 'B', 'net_profit': -1.32}, {'period': '2022', 'revenue': 4.6, 'unit': 'B', 'net_profit': -1.43}]","[{'period': ""Q4 '25"", 'revenue': 1720.0, 'unit': 'M', 'net_profit': 45.21}, {'period': ""Q3 '25"", 'revenue': 1510.0, 'unit': 'M', 'net_profit': -103.54}, {'period': ""Q2 '25"", 'revenue': 1340.0, 'unit': 'M', 'net_profit': -262.57}, {'period': ""Q1 '25"", 'revenue': 1360.0, 'unit': 'M', 'net_profit': -139.59}, {'period': ""Q4 '24"", 'revenue': 1560.0, 'unit': 'M', 'net_profit': 9.1}, {'period': ""Q3 '24"", 'revenue': 1370.0, 'unit': 'M', 'net_profit': -153.25}]",-0.27,-0.27,7677802000,4584874000,2940572000,5396307000,1372237000,0,1286868000,1030435000,437189000,0.6563032886723508,0.3401375068782098,0.3571428571428571,__nan__,__nan__,__nan__,0.702845293483734
426,SNDR,Schneider National Inc. Common Stock,"Schneider National, Inc., together with its subsidiaries, provides surface transportation and logistics solutions in the United States, Canada, and Mexico. The company operates through three segments: Truckload, Intermodal, and Logistics. The Truckload segment offers standard long-haul and regional shipping services primarily through dry van, bulk, temperature-controlled, and flat-bed equipment, as well as cross dock and customized solutions for time-sensitive loads. The Intermodal segment provides door-to-door container on flat car services, including rail and dray transportation through company-owned containers, chassis, and trucks. The Logistics segment offers freight brokerage, supply chain, and import/export services; value-added services to manage and move its customers' freight; and transloading and warehousing services. It also leases equipment, such as trucks to owner-operators; and provides insurance for the company drivers and owner-operators. Schneider National, Inc. was founded in 1935 and is headquartered in Green Bay, Wisconsin.",Mark Rourke,Trucking,25.44,USD,4459331401,https://images.financialmodelingprep.com/symbol/SNDR.png,963579.0,2017-04-06,43.12,-0.29,503894,621800000,103600000,"[{'period': '2025', 'revenue': 5670.0, 'unit': 'M', 'net_profit': 103.6}, {'period': '2024', 'revenue': 5290.0, 'unit': 'M', 'net_profit': 117.0}, {'period': '2023', 'revenue': 5500.0, 'unit': 'M', 'net_profit': 238.5}, {'period': '2022', 'revenue': 6600.0, 'unit': 'M', 'net_profit': 457.8}]","[{'period': ""Q4 '25"", 'revenue': 1400.0, 'unit': 'M', 'net_profit': 22.1}, {'period': ""Q3 '25"", 'revenue': 1450.0, 'unit': 'M', 'net_profit': 19.4}, {'period': ""Q2 '25"", 'revenue': 1420.0, 'unit': 'M', 'net_profit': 36.0}, {'period': ""Q1 '25"", 'revenue': 1400.0, 'unit': 'M', 'net_profit': 26.1}, {'period': ""Q4 '24"", 'revenue': 1340.0, 'unit': 'M', 'net_profit': 32.6}, {'period': ""Q3 '24"", 'revenue': 1320.0, 'unit': 'M', 'net_profit': 30.6}]",0.59,0.59,4912200000,1181200000,243300000,1878000000,751400000,136000000,555800000,201500000,348200000,0.06746781115879828,-0.11452991452991453,-0.11940298507462696,"[0.1, 0.05]","['2026-03-13', '2017-06-28']",__nan__,0.38231342372053256
427,SNII,Supernova Partners Acquisition Company II Ltd. Class A Ordinary Shares,,,,,,,,,,,,,-23170000,-41435000,"[{'period': '2021', 'revenue': 0.0, 'unit': 'M', 'net_profit': -41.44}]","[{'period': ""Q4 '21"", 'revenue': 0.0, 'unit': 'M', 'net_profit': -44.75}, {'period': ""Q3 '21"", 'revenue': 0.0, 'unit': 'M', 'net_profit': 4.67}, {'period': ""Q2 '21"", 'revenue': 0.0, 'unit': 'M', 'net_profit': -2.45}, {'period': ""Q1 '21"", 'revenue': 0.0, 'unit': 'M', 'net_profit': -1.16}]",-0.96,-0.96,345822789,767835,532436,47299469,0,0,4236719,532436,-961975,0.0,0.0,0.0,__nan__,__nan__,__nan__,0.13677371909692163
428,SNN,Smith & Nephew SNATS Inc. Common Stock,"Smith & Nephew plc, together with its subsidiaries, develops, manufactures, markets, and sells medical devices worldwide. The company offers knee implant products for knee replacement procedures; hip implants for the reconstruction of hip joints; and trauma and extremities products that include internal and external devices used in the stabilization of severe fractures and deformity correction procedures. It also provides sports medicine joint repair products for surgeons, including instruments, technologies, and implants necessary to perform minimally invasive surgery of the joints, such as the repair of soft tissue injuries and degenerative conditions of the knee, hip, and shoulder, as well as meniscal repair systems. In addition, the company offers arthroscopic enabling technologies comprising fluid management equipment for surgical access, high-definition cameras, digital image capture, scopes, light sources, and monitors to assist with visualization inside the joints, radio frequency, electromechanical and mechanical tissue resection devices, and hand instruments for removing damaged tissue; and ear, nose, and throat solutions. Further, it provides advanced wound care products for the treatment and prevention of acute and chronic wounds, which comprise leg, diabetic and pressure ulcers, burns, and post-operative wounds; advanced wound bioactives, including biologics and other bioactive technologies for debridement and dermal repair/regeneration, as well as regenerative medicine products including skin, bone graft, and articular cartilage substitutes; and advanced wound devices, such as traditional and single-use negative pressure wound therapy, and hydrosurgery systems. It primarily serves the healthcare providers. Smith & Nephew plc was founded in 1856 and is headquartered in Watford, the United Kingdom.",Deepak S. Nath,Medical - Devices,31.659,USD,13461116941,https://images.financialmodelingprep.com/symbol/SNN.png,883452.0,1999-11-16,22.14,-0.611,937069,1579682907,626460544,"[{'period': '2025', 'revenue': 6180.0, 'unit': 'M', 'net_profit': 626.46}, {'period': '2024', 'revenue': 5810.0, 'unit': 'M', 'net_profit': 412.0}, {'period': '2023', 'revenue': 5550.0, 'unit': 'M', 'net_profit': 263.0}, {'period': '2022', 'revenue': 5210.0, 'unit': 'M', 'net_profit': 223.0}]","[{'period': ""Q4 '25"", 'revenue': 3190.0, 'unit': 'M', 'net_profit': 330.82}, {'period': ""Q2 '25"", 'revenue': 2990.0, 'unit': 'M', 'net_profit': 295.64}, {'period': ""Q4 '24"", 'revenue': 2980.0, 'unit': 'M', 'net_profit': 198.0}, {'period': ""Q2 '24"", 'revenue': 2830.0, 'unit': 'M', 'net_profit': 214.0}, {'period': ""Q4 '23"", 'revenue': 2810.0, 'unit': 'M', 'net_profit': 91.0}, {'period': ""Q2 '23"", 'revenue': 2730.0, 'unit': 'M', 'net_profit': 172.0}]",1.46,1.44,10457000000,4103000000,557000000,5168000000,1429000000,151000000,1595000000,557000000,853991010,0.2770274106709782,0.5205353009708737,0.5531914893617021,"[0.467, 0.5689]","['2026-03-27', '2000-05-04']",__nan__,0.49421440183609067
429,SNOW,Snowflake Inc. Class A Common Stock,"Snowflake Inc. provides a cloud-based data platform in the United States and internationally. The company's platform offers Data Cloud, which enables customers to consolidate data into a single source of truth to drive meaningful business insights, build data-driven applications, and share data. Its platform is used by various organizations of sizes in a range of industries. The company was formerly known as Snowflake Computing, Inc. and changed its name to Snowflake Inc. in April 2019. Snowflake Inc. was incorporated in 2012 and is based in Bozeman, Montana.",Sridhar Ramaswamy,Software - Application,152.8,USD,52822960000,https://images.financialmodelingprep.com/symbol/SNOW.png,5792081.0,2020-09-16,-38.59,-9.53,5814191,-1083169000,-1331616000,"[{'period': '2026', 'revenue': 4.68, 'unit': 'B', 'net_profit': -1.33}, {'period': '2025', 'revenue': 3.63, 'unit': 'B', 'net_profit': -1.29}, {'period': '2024', 'revenue': 2810.0, 'unit': 'M', 'net_profit': -836.1}, {'period': '2023', 'revenue': 2070.0, 'unit': 'M', 'net_profit': -796.71}]","[{'period': ""Q4 '26"", 'revenue': 1280.0, 'unit': 'M', 'net_profit': -309.55}, {'period': ""Q3 '26"", 'revenue': 1210.0, 'unit': 'M', 'net_profit': -293.96}, {'period': ""Q2 '26"", 'revenue': 1140.0, 'unit': 'M', 'net_profit': -298.02}, {'period': ""Q1 '26"", 'revenue': 1040.0, 'unit': 'M', 'net_profit': -430.09}, {'period': ""Q4 '25"", 'revenue': 986.77, 'unit': 'M', 'net_profit': -327.47}, {'period': ""Q3 '25"", 'revenue': 942.09, 'unit': 'M', 'net_profit': -324.28}]",-3.95,-3.95,9132495000,5742612000,4029686000,7208393000,1303740000,755013000,4421691000,2828163000,1120314000,0.015150495712072389,-0.03576117731246694,-0.023316062176165882,__nan__,__nan__,__nan__,0.7893125591637334
430,SNP,China Petroleum & Chemical Corporation Common Stock,"China Petroleum & Chemical Corporation, an energy and chemical company, engages in the oil and gas and chemical operations in Mainland China, Singapore, and internationally. It operates through five segments: Exploration and Production, Refining, Marketing and Distribution, Chemicals, and Corporate and Others. The company explores and develops oil fields; produces crude oil and natural gas; processes and purifies crude oil; and manufactures and sells petroleum products. It also owns and operates oil depots and service stations; and distributes and sells refined petroleum products, including gasoline and diesel through wholesale and retail sales networks. In addition, the company manufactures and sells petrochemical and derivative petrochemical products; and other chemical products, such as basic organic chemicals, synthetic resins, synthetic fiber monomers and polymers, synthetic fibers, synthetic rubber, and chemical fertilizers. Further, it is involved in the exploration, production, and sale of petroleum and natural gas; production, storage, and sale of petrochemical and coal chemical products; import and export of petroleum products, natural gas, petrochemical, and chemical products; production and sale of catalyst products, lubricant base oil, polyester chips and fibers, plastics, and intermediate petrochemical products; research, development, production, and sale of ethylene and downstream byproducts; provision of geophysical exploration, drilling, survey, logging, downhole operational services, and construction services, as well as crude oil jetty services and natural gas pipeline transmission services; manufacturing production equipment; and coal chemical industry investment management activities. The company was incorporated in 2000 and is headquartered in Beijing, China. China Petroleum & Chemical Corporation is a subsidiary of China Petrochemical Corporation.",,Oil & Gas Integrated,45.66,USD,0,https://images.financialmodelingprep.com/symbol/SNP.png,0.0,2013-02-11,0.0,-0.130001,137057,,,[],[],,,,,,,,,,,,,,,"[2.103, 0.74385]","['2022-09-15', '2001-05-01']",__nan__,__nan__
431,SNPR,Tortoise Acquisition Corp. II Class A Ordinary Shares,"Tortoise Acquisition Corp. II focuses on effecting a merger, capital stock exchange, asset acquisition, stock purchase, reorganization, or similar business combination with one or more businesses. The company was founded in 2020 and is based in Leawood, Kansas.",Vincent T. Cubbage,Shell Companies,9.3,USD,1623575400,https://images.financialmodelingprep.com/symbol/SNPR.png,679501.0,2020-11-02,0.0,-0.92,1261033,,,[],"[{'period': ""Q2 '21"", 'revenue': 6940000000.0, 'unit': '', 'net_profit': 0.0}]",,,346381148,1381148,922823,12362841,0,0,137841,922823,,,,,__nan__,__nan__,__nan__,0.03569143722567719
432,SNR,New Senior Investment Group Inc. Common Stock,"New Senior Investment Group Inc. (NYSE: SNR) is a publicly-traded real estate investment trust with a diversified portfolio of senior housing properties located across the United States. New Senior is one of the largest owners of senior housing properties, with 103 properties across 36 states.",Susan Givens,REIT - Residential,,USD,0,https://images.financialmodelingprep.com/symbol/SNR.png,0.0,2014-10-27,,,,107387000,-3759000,"[{'period': '2020', 'revenue': 336.28, 'unit': 'M', 'net_profit': -3.76}, {'period': '2019', 'revenue': 345.9, 'unit': 'M', 'net_profit': 2.01}, {'period': '2018', 'revenue': 444.3, 'unit': 'M', 'net_profit': -159.35}, {'period': '2017', 'revenue': 449.13, 'unit': 'M', 'net_profit': 12.21}]","[{'period': ""Q2 '21"", 'revenue': 79.09, 'unit': 'M', 'net_profit': -12.97}, {'period': ""Q1 '21"", 'revenue': 79.7, 'unit': 'M', 'net_profit': -7.31}, {'period': ""Q4 '20"", 'revenue': 81.99, 'unit': 'M', 'net_profit': -3.19}, {'period': ""Q3 '20"", 'revenue': 83.17, 'unit': 'M', 'net_profit': -3.75}, {'period': ""Q2 '20"", 'revenue': 84.53, 'unit': 'M', 'net_profit': -2.66}, {'period': ""Q1 '20"", 'revenue': 86.59, 'unit': 'M', 'net_profit': 5.84}]",-0.0455,-0.0455,1773536000,63366000,33046000,1570303000,5666000,0,38515000,33046000,39866000,-0.3033513247009368,-2.86643495531281,-2.857142857142857,"[0.065, 0.23]","['2021-09-30', '2014-12-30']",__nan__,0.8854080210381972
433,SNV,Synovus Financial Corp. Common Stock,"Synovus Financial Corp. operates as the bank holding company for Synovus Bank that provides commercial and retail banking products and services. It operates through three segments: Community Banking, Wholesale Banking, and Financial Management Services. The company's commercial banking services include treasury management, asset management, capital market, and institutional trust services, as well as commercial, financial, and real estate loans. Its retail banking services comprise accepting customary types of demand and savings deposits accounts; mortgage, installment, and other consumer loans; investment and brokerage services; safe deposit services; automated banking services; automated fund transfers; Internet-based banking services; and bank credit and debit card services. The company also offers various other financial services, including portfolio management for fixed-income securities, investment banking, execution of securities transactions as a broker/dealer, and financial planning services, as well as provides individual investment advice on equity and other securities. As of December 31, 2020, it operated through 289 branches and 389 ATMs in Alabama, Florida, Georgia, South Carolina, and Tennessee. The company was founded in 1888 and is headquartered in Columbus, Georgia.",Kevin S. Blair,Banks - Regional,50.05,USD,6947716125,https://images.financialmodelingprep.com/symbol/SNV.png,1206739.0,1989-09-12,9.372659176029963,-1.28,9310401,665361000,482460000,"[{'period': '2024', 'revenue': 3420.0, 'unit': 'M', 'net_profit': 482.46}, {'period': '2023', 'revenue': 3390.0, 'unit': 'M', 'net_profit': 543.71}, {'period': '2022', 'revenue': 2480.0, 'unit': 'M', 'net_profit': 757.9}, {'period': '2021', 'revenue': 2100.0, 'unit': 'M', 'net_profit': 760.47}]","[{'period': ""Q3 '25"", 'revenue': 615.39, 'unit': 'M', 'net_profit': 196.99}, {'period': ""Q2 '25"", 'revenue': 905.78, 'unit': 'M', 'net_profit': 217.72}, {'period': ""Q1 '25"", 'revenue': 881.03, 'unit': 'M', 'net_profit': 195.01}, {'period': ""Q4 '24"", 'revenue': 924.72, 'unit': 'M', 'net_profit': 190.43}, {'period': ""Q3 '24"", 'revenue': 925.79, 'unit': 'M', 'net_profit': 181.56}, {'period': ""Q2 '24"", 'revenue': 672.39, 'unit': 'M', 'net_profit': -14.03}]",3.05,3.03,60233644000,11275377000,10528685000,54967393000,699775000,45764285000,51227087000,2977667000,764878000,-0.15736556824801803,-0.1126438050045521,-0.12356321839080464,"[0.39, 0.085]","['2025-12-18', '1989-09-19']",__nan__,0.9125696097682551
434,SNX,Synnex Corporation Common Stock,"TD SYNNEX Corporation provides business process services in the United States and internationally. The company distributes PC systems, mobile phones and accessories, printers, peripherals, supplies, endpoint technology software, consumer electronics, information technology (IT) systems including data center server and storage solutions, system components, software, networking, communications and security equipment, consumer electronics, and complementary products. It also provides systems design and integration solutions, build-to-order, and configure-to-order assembly capabilities; logistics services that comprise outsourced fulfillment, virtual distribution, and direct ship to end-users; cloud services; online services; and financing services comprising net terms, third party leasing, floor plan financing, and letters of credit backed financing and arrangements. In addition, the company offers marketing services, such as direct mail, external media advertising, reseller product training, targeted telemarketing campaigns, trade shows, trade groups, database analysis, print on demand services, and web-based marketing. It serves resellers, system integrators, and retailers. The company was formerly known as SYNNEX Corporation and changed its name to TD SYNNEX Corporation in September 2021. TD SYNNEX Corporation was incorporated in 1980 and is headquartered in Fremont, California.",Patrick Zammit,Technology Distributors,157.12,USD,12684164048,https://images.financialmodelingprep.com/symbol/SNX.png,723122.0,2003-11-25,15.79,-2.52,546841,1828081000,827660000,"[{'period': '2025', 'revenue': 62510.0, 'unit': 'M', 'net_profit': 827.66}, {'period': '2024', 'revenue': 58450.0, 'unit': 'M', 'net_profit': 689.09}, {'period': '2023', 'revenue': 57560.0, 'unit': 'M', 'net_profit': 626.91}, {'period': '2022', 'revenue': 62340.0, 'unit': 'M', 'net_profit': 651.31}]","[{'period': ""Q4 '25"", 'revenue': 17380.0, 'unit': 'M', 'net_profit': 248.41}, {'period': ""Q3 '25"", 'revenue': 15650.0, 'unit': 'M', 'net_profit': 226.79}, {'period': ""Q2 '25"", 'revenue': 14950.0, 'unit': 'M', 'net_profit': 184.92}, {'period': ""Q1 '25"", 'revenue': 14530.0, 'unit': 'M', 'net_profit': 167.54}, {'period': ""Q4 '24"", 'revenue': 15840.0, 'unit': 'M', 'net_profit': 194.8}, {'period': ""Q3 '24"", 'revenue': 14680.0, 'unit': 'M', 'net_profit': 178.56}]",10.08,9.95,34250898000,25289438000,2435389000,25800469000,12680239000,0,20960840000,2435389000,1389422000,0.14016483009303032,0.20108955130744705,0.2615769712140175,"[0.48, 0.125]","['2026-01-16', '2014-10-15']",__nan__,0.7532786147679982
435,SO,Southern Company (The) Common Stock,"The Southern Company, through its subsidiaries, engages in the generation, transmission, and distribution of electricity. It operates through Gas Distribution Operations, Gas Pipeline Investments, Wholesale Gas Services, and Gas Marketing Services segments. The company also develops, constructs, acquires, owns, and manages power generation assets, including renewable energy projects and sells electricity in the wholesale market; and distributes natural gas in Illinois, Georgia, Virginia, and Tennessee, as well as provides gas marketing services, wholesale gas services, and gas pipeline investments operations. In addition, it owns and/or operates 30 hydroelectric generating stations, 24 fossil fuel generating stations, three nuclear generating stations, 13 combined cycle/cogeneration stations, 45 solar facilities, 15 wind facilities, one fuel cell facility, and four battery storage facility; and constructs, operates, and maintains 76,289 miles of natural gas pipelines and 14 storage facilities with total capacity of 157 Bcf to provide natural gas to residential, commercial, and industrial customers. The company serves approximately 8.7 million electric and gas utility customers. Further, the company offers digital wireless communications and fiber optics services. The Southern Company was incorporated in 1945 and is headquartered in Atlanta, Georgia.",Christopher C. Womack,Regulated Electric,95.52,USD,106924132800,https://images.financialmodelingprep.com/symbol/SO.png,5980652.0,1981-12-31,24.37,0.1,4121138,14334000000,4341000000,"[{'period': '2025', 'revenue': 29.55, 'unit': 'B', 'net_profit': 4.34}, {'period': '2024', 'revenue': 26.72, 'unit': 'B', 'net_profit': 4.4}, {'period': '2023', 'revenue': 25.25, 'unit': 'B', 'net_profit': 3.98}, {'period': '2022', 'revenue': 29.28, 'unit': 'B', 'net_profit': 3.54}]","[{'period': ""Q4 '25"", 'revenue': 6980.0, 'unit': 'M', 'net_profit': 416.0}, {'period': ""Q3 '25"", 'revenue': 7.82, 'unit': 'B', 'net_profit': 1.71}, {'period': ""Q2 '25"", 'revenue': 6970.0, 'unit': 'M', 'net_profit': 880.0}, {'period': ""Q1 '25"", 'revenue': 7.78, 'unit': 'B', 'net_profit': 1.33}, {'period': ""Q4 '24"", 'revenue': 6340.0, 'unit': 'M', 'net_profit': 534.0}, {'period': ""Q3 '24"", 'revenue': 7.27, 'unit': 'B', 'net_profit': 1.53}]",3.94,3.92,155720000000,10917000000,1639000000,116853000000,4069000000,0,16888000000,1639000000,-3590000000,0.08279196253210455,-0.013633265167007498,-0.01990049751243772,"[0.74, 0.405]","['2026-02-17', '1982-01-26']",__nan__,0.750404572309273
436,SOAC,Sustainable Opportunities Acquisition Corp. Class A Ordinary Shares,"Sustainable Opportunities Acquisition Corp. does not have significant operations. It focuses on effecting a merger, share exchange, asset acquisition, share purchase, reorganization, or similar business combination with businesses or entities. The company was founded in 2019 and is based in Dallas, Texas.",Scott Edward Leonard,Shell Companies,10.62,USD,2819960375,https://images.financialmodelingprep.com/symbol/SOAC.png,613516.0,2020-06-26,0.0,-0.34000015,1075200,0,0,"[{'period': '2025', 'revenue': 0.0, 'unit': '', 'net_profit': 0.0}, {'period': '2024', 'revenue': 0.0, 'unit': '', 'net_profit': 0.0}]","[{'period': ""Q3 '25"", 'revenue': 0.0, 'unit': '', 'net_profit': 0.0}, {'period': ""Q2 '25"", 'revenue': 0.0, 'unit': '', 'net_profit': 0.0}, {'period': ""Q1 '25"", 'revenue': 0.0, 'unit': '', 'net_profit': 0.0}]",0.83,0.83,62998000,3480000,3480000,80116000,0,0,11775000,3480000,-42851000,0.0,0.0,2.32,__nan__,__nan__,__nan__,1.271722911838471
437,SOGO,Sogou Inc. American Depositary Shares each representing one Class A Ordinary Share,"Sogou Inc. provides search and search-related services in the People's Republic of China. The company provides Sogou Search, a search engine; and Sogou Input Method, a Chinese language input software for PC and mobile users. It also offers search and search-related advertising services; Internet value-added services related to the operation of Web games and mobile games developed by third parties; and online reading services, as well as other products and services, including smart hardware products. The company was incorporated in 2005 and is based in Beijing, the People's Republic of China.",Xiaochuan Wang,Internet Content & Information,8.94,USD,0,https://images.financialmodelingprep.com/symbol/SOGO.png,903950.0,2017-11-09,0.0,0.0199995,978324,-105875000,-108221000,"[{'period': '2020', 'revenue': 924.66, 'unit': 'M', 'net_profit': -108.22}, {'period': '2019', 'revenue': 1170.0, 'unit': 'M', 'net_profit': 89.11}, {'period': '2018', 'revenue': 1120.0, 'unit': 'M', 'net_profit': 98.78}, {'period': '2017', 'revenue': 908.36, 'unit': 'M', 'net_profit': 82.2}]","[{'period': ""Q2 '21"", 'revenue': 147.51, 'unit': 'M', 'net_profit': 39.9}, {'period': ""Q1 '21"", 'revenue': 137.24, 'unit': 'M', 'net_profit': 35.25}, {'period': ""Q4 '20"", 'revenue': 189.53, 'unit': 'M', 'net_profit': -26.19}, {'period': ""Q3 '20"", 'revenue': 216.67, 'unit': 'M', 'net_profit': -41.96}, {'period': ""Q2 '20"", 'revenue': 261.18, 'unit': 'M', 'net_profit': -8.46}, {'period': ""Q1 '20"", 'revenue': 257.28, 'unit': 'M', 'net_profit': -31.62}]",-0.28,-0.28,1395132000,1187425000,1061803000,417000000,79975000,74004000,406279000,287185000,-15851000,-1.6734151290222044,-2.2145334156332415,-2.217391304347826,__nan__,__nan__,__nan__,0.29889644850809816
438,SOI,Solaris Oilfield Infrastructure Inc. Class A Common Stock,"Solaris Oilfield Infrastructure, Inc. designs, manufactures, and sells mobile equipment to unload, store, and deliver proppant, water, and chemicals at oil and natural gas well sites in the United States. It is involved in the transloading and storage of proppant or railcars at its transloading facility. The company also develops Railtronix, an inventory management software. In addition, it provides last-mile logistics management services; AutoBlend, an integrated electric blender; top-fill equipment to enable quick unloading from bottom drop trucks; fluid management systems; and proprietary Solaris Lens software. The company serves exploration and production, and oilfield services industries. Solaris Oilfield Infrastructure, Inc. was founded in 2014 and is headquartered in Houston, Texas.",William A. Zartler,Oil & Gas Equipment & Services,11.32,USD,498112794,https://images.financialmodelingprep.com/symbol/SOI.png,459915.0,2017-05-12,17.151515151515152,-0.1,415157,150599000,87758000,"[{'period': '2025', 'revenue': 622.21, 'unit': 'M', 'net_profit': 87.76}, {'period': '2024', 'revenue': 313.09, 'unit': 'M', 'net_profit': 44.93}, {'period': '2023', 'revenue': 292.95, 'unit': 'M', 'net_profit': 24.34}, {'period': '2022', 'revenue': 320.0, 'unit': 'M', 'net_profit': 33.51}]","[{'period': ""Q4 '25"", 'revenue': 179.7, 'unit': 'M', 'net_profit': 6.1}, {'period': ""Q3 '25"", 'revenue': 166.84, 'unit': 'M', 'net_profit': 24.81}, {'period': ""Q2 '25"", 'revenue': 149.33, 'unit': 'M', 'net_profit': 36.05}, {'period': ""Q1 '25"", 'revenue': 126.33, 'unit': 'M', 'net_profit': 20.8}, {'period': ""Q4 '24"", 'revenue': 107.97, 'unit': 'M', 'net_profit': 35.6}, {'period': ""Q3 '24"", 'revenue': 69.05, 'unit': 'M', 'net_profit': -1.2}]",0.69,0.66,2143106000,483023000,692735000,1315855000,179368000,0,163300000,692735000,209104000,1.2715466529910404,0.9533030626780626,0.3529411764705881,"[0.12, 0.1]","['2024-08-23', '2018-12-14']",__nan__,0.613994361454823
