,symbol,name,description__profile,ceo__profile,industry__profile,price__profile,currency__profile,mktCap__profile,image__profile,volAvg__profile,ipoDate__profile,pe__quote,change__quote,volume__quote,ebitda__income_statement,netIncome__income_statement,annual_earnings,quaterly_earnings,eps__income_statement,epsdiluted__income_statement,totalAssets__balance_sheet_statement,totalCurrentAssets__balance_sheet_statement,cashAndShortTermInvestments__balance_sheet_statement,totalLiabilities__balance_sheet_statement,netReceivables__balance_sheet_statement,longTermInvestments__balance_sheet_statement,totalCurrentLiabilities__balance_sheet_statement,cashAndCashEquivalents__balance_sheet_statement,freeCashFlow__cash_flow_statement,growthEBITDA__income_statement_growth,growthNetIncome__income_statement_growth,growthEPS__income_statement_growth,dividend__historical-price-full/stock_dividend,date__historical-price-full/stock_dividend,derived__netIncomeMargin,derived__debtRatio
0,A,Agilent Technologies Inc. Common Stock,"Agilent Technologies, Inc. provides application focused solutions to the life sciences, diagnostics, and applied chemical markets worldwide. The Life Sciences and Applied Markets segment offers liquid chromatography systems and components; liquid chromatography mass spectrometry systems; gas chromatography systems and components; gas chromatography mass spectrometry systems; inductively coupled plasma mass spectrometry instruments; atomic absorption instruments; microwave plasma-atomic emission spectrometry instruments; inductively coupled plasma optical emission spectrometry instruments; raman spectroscopy; cell analysis plate based assays; flow cytometer; real-time cell analyzer; cell imaging systems; microplate reader; laboratory software; information management and analytics; laboratory automation and robotic systems; dissolution testing; vacuum pumps, and measurement technologies. The Diagnostics and Genomics segment provides arrays for DNA mutation detection, genotyping, gene copy number determination, identification of gene rearrangements, DNA methylation profiling, gene expression profiling, next generation sequencing, target enrichment and genetic data management, and interpretation support software; and produces synthesized oligonucleotide. It also offers immunohistochemistry in situ hybridization, and hematoxylin and eosin staining and special staining; consumables, and software for quality control analysis of nucleic acid samples; and reagents for use in turbidimetry and flow cytometry, as well as develops liquid-based pharmacodiagnostics. The Agilent CrossLab segment provides GC and LC columns, sample preparation products, custom chemistries, and laboratory instrument supplies; and startup, operational, training, compliance support, software as a service, asset management, and consultation services. The company markets its products through direct sales, distributors, resellers, manufacturer's representatives, and electronic commerce. Agilent Technologies, Inc. was incorporated in 1999 and is headquartered in Santa Clara, California.",Padraig McDonnell,Medical - Diagnostics & Research,110.24,USD,31180242906,https://images.financialmodelingprep.com/symbol/A.png,2251625,1999-11-18,,,,1835000000,1303000000,"[{'period': '2025', 'revenue': 6.95, 'unit': 'B', 'net_profit': 1.3}, {'period': '2024', 'revenue': 6.51, 'unit': 'B', 'net_profit': 1.29}, {'period': '2023', 'revenue': 6.83, 'unit': 'B', 'net_profit': 1.24}, {'period': '2022', 'revenue': 6.85, 'unit': 'B', 'net_profit': 1.25}]","[{'period': ""Q1 '26"", 'revenue': 1800.0, 'unit': 'M', 'net_profit': 305.0}, {'period': ""Q4 '25"", 'revenue': 1860.0, 'unit': 'M', 'net_profit': 434.0}, {'period': ""Q3 '25"", 'revenue': 1740.0, 'unit': 'M', 'net_profit': 336.0}, {'period': ""Q2 '25"", 'revenue': 1670.0, 'unit': 'M', 'net_profit': 215.0}, {'period': ""Q1 '25"", 'revenue': 1680.0, 'unit': 'M', 'net_profit': 318.0}, {'period': ""Q4 '24"", 'revenue': 1700.0, 'unit': 'M', 'net_profit': 351.0}]",4.59,4.57,12727000000,4594000000,1789000000.0,5986000000,1487000000,133000000,2347000000.0,1789000000.0,1152000000,-0.0208110992529349,0.010861132660977503,0.03378378378378366,"[0.255, 2.057]","['2026-03-31', '2006-11-01']",__nan__,0.470338650113931
1,AA,Alcoa Corporation Common Stock ,"Alcoa Corporation, together with its subsidiaries, produces and sells bauxite, alumina, and aluminum products in the United States, Spain, Australia, Iceland, Norway, Brazil, Canada, and internationally. The company operates through three segments: Bauxite, Alumina, and Aluminum. It engages in bauxite mining operations; and processes bauxite into alumina and sells it to customers who process it into industrial chemical products, as well as aluminum smelting and casting businesses. The company offers primary aluminum in the form of alloy ingot or value-add ingot to customers that produce products for the transportation, building and construction, packaging, wire, and other industrial markets. In addition, it owns hydro power plants that generates and sells electricity in the wholesale market to traders, large industrial consumers, distribution companies, and other generation companies. The company was formerly known as Alcoa Upstream Corporation and changed its name to Alcoa Corporation in October 2016. The company was founded in 1888 and is headquartered in Pittsburgh, Pennsylvania.",William F. Oplinger,Aluminum,58.39,USD,15405617542,https://images.financialmodelingprep.com/symbol/AA.png,7590628,2016-11-01,,,,1864000000,1148000000,"[{'period': '2025', 'revenue': 12.74, 'unit': 'B', 'net_profit': 1.15}, {'period': '2024', 'revenue': 12180.0, 'unit': 'M', 'net_profit': 60.0}, {'period': '2023', 'revenue': 10710.0, 'unit': 'M', 'net_profit': -651.0}, {'period': '2022', 'revenue': 12760.0, 'unit': 'M', 'net_profit': -123.0}]","[{'period': ""Q4 '25"", 'revenue': 3450.0, 'unit': 'M', 'net_profit': 204.0}, {'period': ""Q3 '25"", 'revenue': 3000.0, 'unit': 'M', 'net_profit': 232.0}, {'period': ""Q2 '25"", 'revenue': 3020.0, 'unit': 'M', 'net_profit': 164.0}, {'period': ""Q1 '25"", 'revenue': 3270.0, 'unit': 'M', 'net_profit': 548.0}, {'period': ""Q4 '24"", 'revenue': 3980.0, 'unit': 'M', 'net_profit': 202.0}, {'period': ""Q3 '24"", 'revenue': 2830.0, 'unit': 'M', 'net_profit': 90.0}]",4.47,4.44,16212000000,5469000000,1597000000.0,10003000000,1268000000,477000000,3765000000.0,1597000000.0,567000000,0.7148114075436982,18.133333333333333,14.964285714285712,"[0.1, 0.45]","['2026-03-10', '1970-02-02']",__nan__,0.6170120898100173
2,AAC,Ares Acquisition Corporation Class A Ordinary Shares,"Ares Acquisition Corporation does not have significant operations. It intends to effect a merger, share exchange, asset acquisition, share purchase, reorganization, or similar business combination with one or more businesses. The company was incorporated in 2020 and is based in New York, New York.",David B. Kaplan,Shell Companies,10.79,USD,761820462,https://images.financialmodelingprep.com/symbol/AAC.png,134092,2021-03-25,,,,0,25986,"[{'period': '2024', 'revenue': 0.0, 'unit': 'K', 'net_profit': 25.99}, {'period': '2023', 'revenue': 0.0, 'unit': 'K', 'net_profit': 16.91}, {'period': '2022', 'revenue': 0.0, 'unit': 'M', 'net_profit': 49.31}, {'period': '2021', 'revenue': 0.0, 'unit': '', 'net_profit': -15.0}]","[{'period': ""Q2 '25"", 'revenue': 0.0, 'unit': '', 'net_profit': 326.64}, {'period': ""Q1 '25"", 'revenue': 0.0, 'unit': 'K', 'net_profit': 2.99}, {'period': ""Q4 '24"", 'revenue': 0.0, 'unit': 'K', 'net_profit': 6.04}, {'period': ""Q3 '24"", 'revenue': 0.0, 'unit': 'K', 'net_profit': 6.96}, {'period': ""Q2 '24"", 'revenue': 0.0, 'unit': 'K', 'net_profit': 6.58}, {'period': ""Q1 '24"", 'revenue': 0.0, 'unit': 'K', 'net_profit': 6.39}]",0.42,0.42,551901,1100,975.3190000000001,573940,0,0,740.5690000000001,975.3190000000001,-929,-1.0,0.5362695832101685,4199.0,__nan__,__nan__,__nan__,1.039932886514067
3,AAIC,Arlington Asset Investment Corp Class A (new),"Arlington Asset Investment Corp. (NYSE: AAIC) currently invests primarily in mortgage-related and other assets and has elected to be taxed as a REIT. The Company is headquartered in the Washington, D.C. metropolitan area. For more information, please visit www.arlingtonasset.com.","J. Rock Tonkel Jr., CPA",REIT - Mortgage,4.84,USD,137081868,https://images.financialmodelingprep.com/symbol/AAIC.png,164371,1997-12-23,,,,21872000,5426000,"[{'period': '2022', 'revenue': 30.53, 'unit': 'M', 'net_profit': 5.43}, {'period': '2021', 'revenue': 4.38, 'unit': 'M', 'net_profit': -9.52}, {'period': '2020', 'revenue': -55.1, 'unit': 'M', 'net_profit': -67.72}, {'period': '2019', 'revenue': 28.76, 'unit': 'M', 'net_profit': 13.74}]","[{'period': ""Q3 '23"", 'revenue': 13.57, 'unit': 'M', 'net_profit': -6.61}, {'period': ""Q2 '23"", 'revenue': 10.97, 'unit': 'M', 'net_profit': 4.87}, {'period': ""Q1 '23"", 'revenue': 1.8, 'unit': 'M', 'net_profit': -2.22}, {'period': ""Q4 '22"", 'revenue': 9.57, 'unit': 'M', 'net_profit': 4.39}, {'period': ""Q3 '22"", 'revenue': 9.75, 'unit': 'M', 'net_profit': 3.43}, {'period': ""Q2 '22"", 'revenue': 6810.0, 'unit': 'K', 'net_profit': 307.0}]",0.09,0.09,1002318000,342087000,161722000.0,86405000,180365000,577241000,515510000.0,29844000.0,-1375000,3.7515410743489745,1.5702574881765634,1.310344827586207,"[0.225, 0.34]","['2019-12-30', '2003-04-11']",__nan__,0.08620517640110224
4,AAN,Aarons Holdings Company Inc. Common Stock ,,,,,,,,,,,,,,,[],"[{'period': ""Q2 '24"", 'revenue': 503.12, 'unit': 'M', 'net_profit': -11.9}, {'period': ""Q1 '24"", 'revenue': 511.5, 'unit': 'M', 'net_profit': -14.18}, {'period': ""Q4 '23"", 'revenue': 943.6, 'unit': 'M', 'net_profit': -12.36}, {'period': ""Q3 '23"", 'revenue': 665.48, 'unit': 'M', 'net_profit': -4.14}, {'period': ""Q2 '23"", 'revenue': 530.37, 'unit': 'M', 'net_profit': 6.52}, {'period': ""Q1 '23"", 'revenue': 554.36, 'unit': 'M', 'net_profit': 12.8}]",,,,,,,,,,,,,,,,,__nan__,__nan__
5,AAP,Advance Auto Parts Inc Advance Auto Parts Inc W/I,,,,,,,,,,,,,,,[],"[{'period': ""Q4 '25"", 'revenue': 1970.0, 'unit': 'M', 'net_profit': 6.0}, {'period': ""Q3 '25"", 'revenue': 2040.0, 'unit': 'M', 'net_profit': -1.0}, {'period': ""Q2 '25"", 'revenue': 2009.9999999999998, 'unit': 'M', 'net_profit': 15.0}, {'period': ""Q1 '25"", 'revenue': 2580.0, 'unit': 'M', 'net_profit': 24.0}, {'period': ""Q4 '24"", 'revenue': 2000.0, 'unit': 'M', 'net_profit': -414.78}, {'period': ""Q3 '24"", 'revenue': 2150.0, 'unit': 'M', 'net_profit': -6.0}]",,,,,,,,,,,,,,,,,__nan__,__nan__
6,AAQC,Accelerate Acquisition Corp. Class A Common Stock,,,,,,,,,,,,,,,[],"[{'period': ""Q3 '22"", 'revenue': 0.0, 'unit': 'M', 'net_profit': 2.96}, {'period': ""Q2 '22"", 'revenue': 0.0, 'unit': 'M', 'net_profit': 4.98}, {'period': ""Q1 '22"", 'revenue': 0.0, 'unit': 'M', 'net_profit': 17.97}, {'period': ""Q4 '21"", 'revenue': 0.0, 'unit': 'M', 'net_profit': 3.51}, {'period': ""Q3 '21"", 'revenue': 0.0, 'unit': 'M', 'net_profit': 5.87}, {'period': ""Q2 '21"", 'revenue': 0.0, 'unit': 'M', 'net_profit': -11.93}]",,,,,,,,,,,,,,,,,__nan__,__nan__
7,AAT,American Assets Trust Inc. Common Stock,,,,,,,,,,,,,,,[],"[{'period': ""Q4 '25"", 'revenue': 110.09, 'unit': 'M', 'net_profit': 4.22}, {'period': ""Q3 '25"", 'revenue': 109.58, 'unit': 'M', 'net_profit': 5.92}, {'period': ""Q2 '25"", 'revenue': 107.93, 'unit': 'M', 'net_profit': 7.12}, {'period': ""Q1 '25"", 'revenue': 108.61, 'unit': 'M', 'net_profit': 54.11}, {'period': ""Q4 '24"", 'revenue': 113.46, 'unit': 'M', 'net_profit': 11.58}, {'period': ""Q3 '24"", 'revenue': 122.81, 'unit': 'M', 'net_profit': 21.32}]",,,,,,,,,,,,,,,,,__nan__,__nan__
8,AB,AllianceBernstein Holding L.P.  Units,,,,,,,,,,,,,,,[],"[{'period': ""Q4 '25"", 'revenue': 89.76, 'unit': 'M', 'net_profit': 81.8}, {'period': ""Q3 '25"", 'revenue': 81.41, 'unit': 'M', 'net_profit': 73.75}, {'period': ""Q2 '25"", 'revenue': 78.83, 'unit': 'M', 'net_profit': 70.25}, {'period': ""Q1 '25"", 'revenue': 82.75, 'unit': 'M', 'net_profit': 74.03}, {'period': ""Q4 '24"", 'revenue': 116.59, 'unit': 'M', 'net_profit': 105.43}, {'period': ""Q3 '24"", 'revenue': 136.37, 'unit': 'M', 'net_profit': 127.19}]",,,,,,,,,,,,,,,,,__nan__,__nan__
9,ABB,ABB Ltd Common Stock,,,,,,,,,,,,,,,[],"[{'period': ""Q2 '23"", 'revenue': 8160.0, 'unit': 'M', 'net_profit': 932.0}, {'period': ""Q1 '23"", 'revenue': 7.86, 'unit': 'B', 'net_profit': 1.06}, {'period': ""Q4 '22"", 'revenue': 7.82, 'unit': 'B', 'net_profit': 1.13}, {'period': ""Q3 '22"", 'revenue': 7410.0, 'unit': 'M', 'net_profit': 360.0}, {'period': ""Q2 '22"", 'revenue': 7250.0, 'unit': 'M', 'net_profit': 379.0}, {'period': ""Q1 '22"", 'revenue': 6960.0, 'unit': 'M', 'net_profit': 604.0}]",,,,,,,,,,,,,,,,,__nan__,__nan__
10,ABBV,AbbVie Inc. Common Stock,,,,,,,,,,,,,,,[],"[{'period': ""Q4 '25"", 'revenue': 16.62, 'unit': 'B', 'net_profit': 1.82}, {'period': ""Q3 '25"", 'revenue': 15780.0, 'unit': 'M', 'net_profit': 186.0}, {'period': ""Q2 '25"", 'revenue': 15420.0, 'unit': 'M', 'net_profit': 938.0}, {'period': ""Q1 '25"", 'revenue': 13.34, 'unit': 'B', 'net_profit': 1.29}, {'period': ""Q4 '24"", 'revenue': 15100.0, 'unit': 'M', 'net_profit': -22.0}, {'period': ""Q3 '24"", 'revenue': 14.46, 'unit': 'B', 'net_profit': 1.56}]",,,,,,,,,,,,,,,,,__nan__,__nan__
11,ABC,AmerisourceBergen Corporation Common Stock,,,,,,,,,,,,,,,[],"[{'period': ""Q1 '26"", 'revenue': 85930.0, 'unit': 'M', 'net_profit': 559.65}, {'period': ""Q4 '25"", 'revenue': 83730.0, 'unit': 'M', 'net_profit': -339.7}, {'period': ""Q3 '25"", 'revenue': 80660.0, 'unit': 'M', 'net_profit': 687.4}, {'period': ""Q2 '25"", 'revenue': 75450.0, 'unit': 'M', 'net_profit': 717.87}, {'period': ""Q1 '25"", 'revenue': 81490.0, 'unit': 'M', 'net_profit': 488.6}, {'period': ""Q4 '24"", 'revenue': 85840.0, 'unit': 'M', 'net_profit': 77.47}]",,,,,,,,,,,,,,,,,__nan__,__nan__
12,ABEV,Ambev S.A. American Depositary Shares (Each representing 1 Common Share),,,,,,,,,,,,,,,[],"[{'period': ""Q4 '25"", 'revenue': 24.81, 'unit': 'B', 'net_profit': 4.35}, {'period': ""Q3 '25"", 'revenue': 20.85, 'unit': 'B', 'net_profit': 4.75}, {'period': ""Q2 '25"", 'revenue': 20.09, 'unit': 'B', 'net_profit': 2.72}, {'period': ""Q1 '25"", 'revenue': 22.5, 'unit': 'B', 'net_profit': 3.69}, {'period': ""Q4 '24"", 'revenue': 27.04, 'unit': 'B', 'net_profit': 4.88}, {'period': ""Q3 '24"", 'revenue': 22.1, 'unit': 'B', 'net_profit': 3.46}]",,,,,,,,,,,,,,,,,__nan__,__nan__
13,ABG,Asbury Automotive Group Inc Common Stock,,,,,,,,,,,,,,,[],"[{'period': ""Q4 '25"", 'revenue': 4680.0, 'unit': 'M', 'net_profit': 60.0}, {'period': ""Q3 '25"", 'revenue': 4800.0, 'unit': 'M', 'net_profit': 7.52}, {'period': ""Q2 '25"", 'revenue': 4370.0, 'unit': 'M', 'net_profit': 152.8}, {'period': ""Q1 '25"", 'revenue': 4150.0, 'unit': 'M', 'net_profit': 132.1}, {'period': ""Q4 '24"", 'revenue': 4500.0, 'unit': 'M', 'net_profit': 128.8}, {'period': ""Q3 '24"", 'revenue': 4240.0, 'unit': 'M', 'net_profit': 126.3}]",,,,,,,,,,,,,,,,,__nan__,__nan__
14,ABM,ABM Industries Incorporated Common Stock,,,,,,,,,,,,,,,[],"[{'period': ""Q1 '26"", 'revenue': 2240.0, 'unit': 'M', 'net_profit': 38.8}, {'period': ""Q4 '25"", 'revenue': 2300.0, 'unit': 'M', 'net_profit': 34.8}, {'period': ""Q3 '25"", 'revenue': 2220.0, 'unit': 'M', 'net_profit': 41.8}, {'period': ""Q2 '25"", 'revenue': 2110.0, 'unit': 'M', 'net_profit': 42.2}, {'period': ""Q1 '25"", 'revenue': 2110.0, 'unit': 'M', 'net_profit': 43.6}, {'period': ""Q4 '24"", 'revenue': 2180.0, 'unit': 'M', 'net_profit': -11.7}]",,,,,,,,,,,,,,,,,__nan__,__nan__
15,ABR,Arbor Realty Trust Common Stock,,,,,,,,,,,,,,,[],"[{'period': ""Q4 '25"", 'revenue': 313.82, 'unit': 'M', 'net_profit': 24.92}, {'period': ""Q3 '25"", 'revenue': 299.37, 'unit': 'M', 'net_profit': 48.8}, {'period': ""Q2 '25"", 'revenue': 301.77, 'unit': 'M', 'net_profit': 34.29}, {'period': ""Q1 '25"", 'revenue': 144.92, 'unit': 'M', 'net_profit': 40.78}, {'period': ""Q4 '24"", 'revenue': 166.49, 'unit': 'M', 'net_profit': 70.17}, {'period': ""Q3 '24"", 'revenue': 158.81, 'unit': 'M', 'net_profit': 68.52}]",,,,,,,,,,,,,,,,,__nan__,__nan__
16,ABT,Abbott Laboratories Common Stock,,,,,,,,,,,,,,,[],"[{'period': ""Q4 '25"", 'revenue': 11.46, 'unit': 'B', 'net_profit': 1.78}, {'period': ""Q3 '25"", 'revenue': 11.37, 'unit': 'B', 'net_profit': 1.64}, {'period': ""Q2 '25"", 'revenue': 11.14, 'unit': 'B', 'net_profit': 1.78}, {'period': ""Q1 '25"", 'revenue': 10.36, 'unit': 'B', 'net_profit': 1.32}, {'period': ""Q4 '24"", 'revenue': 10.97, 'unit': 'B', 'net_profit': 9.23}, {'period': ""Q3 '24"", 'revenue': 10.63, 'unit': 'B', 'net_profit': 1.65}]",,,,,,,,,,,,,,,,,__nan__,__nan__
17,AC,Associated Capital Group Inc. Common Stock,,,,,,,,,,,,,,,[],"[{'period': ""Q2 '25"", 'revenue': 29.29, 'unit': 'M', 'net_profit': 18.58}, {'period': ""Q1 '25"", 'revenue': 2.13, 'unit': 'M', 'net_profit': 7.67}, {'period': ""Q4 '24"", 'revenue': 5.15, 'unit': 'M', 'net_profit': 4.28}, {'period': ""Q3 '24"", 'revenue': 2.42, 'unit': 'M', 'net_profit': 23.24}, {'period': ""Q2 '24"", 'revenue': 2.6, 'unit': 'M', 'net_profit': 2.98}, {'period': ""Q1 '24"", 'revenue': 19.8, 'unit': 'M', 'net_profit': 13.82}]",,,,,,,,,,,,,,,,,__nan__,__nan__
18,ACA,Arcosa Inc. Common Stock ,,,,,,,,,,,,,,,[],"[{'period': ""Q4 '25"", 'revenue': 716.7, 'unit': 'M', 'net_profit': 52.1}, {'period': ""Q3 '25"", 'revenue': 797.8, 'unit': 'M', 'net_profit': 73.0}, {'period': ""Q2 '25"", 'revenue': 736.9, 'unit': 'M', 'net_profit': 59.7}, {'period': ""Q1 '25"", 'revenue': 632.0, 'unit': 'M', 'net_profit': 23.6}, {'period': ""Q4 '24"", 'revenue': 666.2, 'unit': 'M', 'net_profit': -7.7}, {'period': ""Q3 '24"", 'revenue': 640.4, 'unit': 'M', 'net_profit': 16.6}]",,,,,,,,,,,,,,,,,__nan__,__nan__
19,ACB,Aurora Cannabis Inc. Common Shares,,,,,,,,,,,,,,,[],"[{'period': ""Q3 '26"", 'revenue': 94.19, 'unit': 'M', 'net_profit': 1.82}, {'period': ""Q2 '26"", 'revenue': 90.37, 'unit': 'M', 'net_profit': -51.47}, {'period': ""Q1 '26"", 'revenue': 88.2, 'unit': 'M', 'net_profit': 31.67}, {'period': ""Q4 '25"", 'revenue': 90.54, 'unit': 'M', 'net_profit': -24.56}, {'period': ""Q3 '25"", 'revenue': 88.2, 'unit': 'M', 'net_profit': 31.67}, {'period': ""Q2 '25"", 'revenue': 81.12, 'unit': 'M', 'net_profit': -12.04}]",,,,,,,,,,,,,,,,,__nan__,__nan__
20,ACC,American Campus Communities Inc Common Stock,,,,,,,,,,,,,,,[],"[{'period': ""Q2 '22"", 'revenue': 245.66, 'unit': 'M', 'net_profit': 3.6}, {'period': ""Q1 '22"", 'revenue': 273.75, 'unit': 'M', 'net_profit': 42.72}, {'period': ""Q4 '21"", 'revenue': 272.29, 'unit': 'M', 'net_profit': 41.71}, {'period': ""Q3 '21"", 'revenue': 228.88, 'unit': 'M', 'net_profit': -11.44}, {'period': ""Q2 '21"", 'revenue': 208.52, 'unit': 'M', 'net_profit': -9.4}, {'period': ""Q1 '21"", 'revenue': 232.72, 'unit': 'M', 'net_profit': 15.62}]",,,,,,,,,,,,,,,,,__nan__,__nan__
21,ACCO,Acco Brands Corporation Common Stock,,,,,,,,,,,,,,,[],"[{'period': ""Q4 '25"", 'revenue': 428.8, 'unit': 'M', 'net_profit': 21.3}, {'period': ""Q3 '25"", 'revenue': 383.7, 'unit': 'M', 'net_profit': 4.0}, {'period': ""Q2 '25"", 'revenue': 394.8, 'unit': 'M', 'net_profit': 29.2}, {'period': ""Q1 '25"", 'revenue': 317.4, 'unit': 'M', 'net_profit': -13.2}, {'period': ""Q4 '24"", 'revenue': 448.1, 'unit': 'M', 'net_profit': 20.6}, {'period': ""Q3 '24"", 'revenue': 420.9, 'unit': 'M', 'net_profit': 9.3}]",,,,,,,,,,,,,,,,,__nan__,__nan__
22,ACEL,Accel Entertainment Inc. ,,,,,,,,,,,,,,,[],"[{'period': ""Q4 '25"", 'revenue': 341.45, 'unit': 'M', 'net_profit': 16.15}, {'period': ""Q3 '25"", 'revenue': 329.69, 'unit': 'M', 'net_profit': 13.36}, {'period': ""Q2 '25"", 'revenue': 335.91, 'unit': 'M', 'net_profit': 7.32}, {'period': ""Q1 '25"", 'revenue': 323.91, 'unit': 'M', 'net_profit': 14.64}, {'period': ""Q4 '24"", 'revenue': 317.51, 'unit': 'M', 'net_profit': 8.36}, {'period': ""Q3 '24"", 'revenue': 302.23, 'unit': 'M', 'net_profit': 4.89}]",,,,,,,,,,,,,,,,,__nan__,__nan__
23,ACH,Aluminum Corporation of China Limited American Depositary Shares,,,,,,,,,,,,,,,[],"[{'period': ""Q4 '25"", 'revenue': 708.97, 'unit': 'M', 'net_profit': -56.33}, {'period': ""Q3 '25"", 'revenue': 697.26, 'unit': 'M', 'net_profit': -150.28}, {'period': ""Q2 '25"", 'revenue': 681.92, 'unit': 'M', 'net_profit': -869.06}, {'period': ""Q1 '25"", 'revenue': 2630.0, 'unit': 'M', 'net_profit': -24.98}, {'period': ""Q4 '24"", 'revenue': 2700.0, 'unit': 'M', 'net_profit': -296.12}, {'period': ""Q3 '24"", 'revenue': 686.85, 'unit': 'M', 'net_profit': -12.77}]",,,,,,,,,,,,,,,,,__nan__,__nan__
24,ACI,Albertsons Companies Inc. Class A Common Stock,,,,,,,,,,,,,,,[],"[{'period': ""Q3 '25"", 'revenue': 19120.0, 'unit': 'M', 'net_profit': 293.3}, {'period': ""Q2 '25"", 'revenue': 18920.0, 'unit': 'M', 'net_profit': 168.5}, {'period': ""Q1 '25"", 'revenue': 24880.0, 'unit': 'M', 'net_profit': 236.4}, {'period': ""Q4 '24"", 'revenue': 18800.0, 'unit': 'M', 'net_profit': 171.8}, {'period': ""Q3 '24"", 'revenue': 18770.0, 'unit': 'M', 'net_profit': 400.6}, {'period': ""Q2 '24"", 'revenue': 18550.0, 'unit': 'M', 'net_profit': 145.5}]",,,,,,,,,,,,,,,,,__nan__,__nan__
25,ACIC,Atlas Crest Investment Corp. Class A Common Stock,,,,,,,,,,,,,,,[],"[{'period': ""Q4 '25"", 'revenue': 86.38, 'unit': 'M', 'net_profit': 26.56}, {'period': ""Q3 '25"", 'revenue': 90.29, 'unit': 'M', 'net_profit': 32.48}, {'period': ""Q2 '25"", 'revenue': 86.36, 'unit': 'M', 'net_profit': 26.44}, {'period': ""Q1 '25"", 'revenue': 72.08, 'unit': 'M', 'net_profit': 21.35}, {'period': ""Q4 '24"", 'revenue': 79.05, 'unit': 'M', 'net_profit': 4.95}, {'period': ""Q3 '24"", 'revenue': 82.14, 'unit': 'M', 'net_profit': 28.12}]",,,,,,,,,,,,,,,,,__nan__,__nan__
26,ACII,Atlas Crest Investment Corp. II Class A Common Stock,,,,,,,,,,,,,,,[],"[{'period': ""Q3 '22"", 'revenue': 0.0, 'unit': 'M', 'net_profit': 2.49}, {'period': ""Q2 '22"", 'revenue': 0.0, 'unit': 'M', 'net_profit': 2.35}, {'period': ""Q1 '22"", 'revenue': 0.0, 'unit': 'M', 'net_profit': 5.43}, {'period': ""Q4 '21"", 'revenue': 0.0, 'unit': 'K', 'net_profit': 160.42}, {'period': ""Q3 '21"", 'revenue': 0.0, 'unit': 'M', 'net_profit': 4.25}, {'period': ""Q2 '21"", 'revenue': 0.0, 'unit': 'M', 'net_profit': -4.77}]",,,,,,,,,,,,,,,,,__nan__,__nan__
27,ACM,AECOM Common Stock,,,,,,,,,,,,,,,[],"[{'period': ""Q1 '26"", 'revenue': 3830.0, 'unit': 'M', 'net_profit': 74.52}, {'period': ""Q4 '25"", 'revenue': 4180.0, 'unit': 'M', 'net_profit': 120.37}, {'period': ""Q3 '25"", 'revenue': 4180.0, 'unit': 'M', 'net_profit': 130.97}, {'period': ""Q2 '25"", 'revenue': 3770.0, 'unit': 'M', 'net_profit': 143.39}, {'period': ""Q1 '25"", 'revenue': 4010.0, 'unit': 'M', 'net_profit': 167.04}, {'period': ""Q4 '24"", 'revenue': 4110.0, 'unit': 'M', 'net_profit': 172.55}]",,,,,,,,,,,,,,,,,__nan__,__nan__
28,ACN,Accenture plc Class A Ordinary Shares (Ireland),,,,,,,,,,,,,,,[],"[{'period': ""Q2 '26"", 'revenue': 18.04, 'unit': 'B', 'net_profit': 1.86}, {'period': ""Q1 '26"", 'revenue': 18.74, 'unit': 'B', 'net_profit': 2.21}, {'period': ""Q4 '25"", 'revenue': 17.6, 'unit': 'B', 'net_profit': 1.41}, {'period': ""Q3 '25"", 'revenue': 17.73, 'unit': 'B', 'net_profit': 2.2}, {'period': ""Q2 '25"", 'revenue': 16.66, 'unit': 'B', 'net_profit': 1.79}, {'period': ""Q1 '25"", 'revenue': 17.69, 'unit': 'B', 'net_profit': 2.28}]",,,,,,,,,,,,,,,,,__nan__,__nan__
29,ACND,Ascendant Digital Acquisition Corp. Class A Ordinary Shares,,,,,,,,,,,,,,,[],"[{'period': ""Q2 '21"", 'revenue': 0.0, 'unit': 'M', 'net_profit': -21.82}, {'period': ""Q4 '20"", 'revenue': 0.0, 'unit': 'K', 'net_profit': -140.28}, {'period': ""Q2 '20"", 'revenue': 0.0, 'unit': 'K', 'net_profit': -28.41}]",,,,,,,,,,,,,,,,,__nan__,__nan__
30,ACP,Aberdeen Income Credit Strategies Fund Common Shares,,,,,,,,,,,,,,,[],"[{'period': ""Q4 '25"", 'revenue': 10.1, 'unit': 'M', 'net_profit': 52.06}, {'period': ""Q2 '25"", 'revenue': 47.74, 'unit': 'M', 'net_profit': -11.51}, {'period': ""Q4 '24"", 'revenue': 36.51, 'unit': 'M', 'net_profit': 36.01}, {'period': ""Q2 '24"", 'revenue': 11.36, 'unit': 'M', 'net_profit': 41.9}, {'period': ""Q4 '23"", 'revenue': 19.04, 'unit': 'M', 'net_profit': 4.54}, {'period': ""Q2 '23"", 'revenue': 17.93, 'unit': 'M', 'net_profit': 23.63}]",,,,,,,,,,,,,,,,,__nan__,__nan__
31,ACR,ACRES Commercial Realty Corp. Common Stock,,,,,,,,,,,,,,,[],"[{'period': ""Q4 '25"", 'revenue': 105.99, 'unit': 'M', 'net_profit': 2.24}, {'period': ""Q3 '25"", 'revenue': 21.04, 'unit': 'M', 'net_profit': 15.07}, {'period': ""Q2 '25"", 'revenue': 21.87, 'unit': 'M', 'net_profit': 4.55}, {'period': ""Q1 '25"", 'revenue': 17000.0, 'unit': 'K', 'net_profit': -546.0}, {'period': ""Q4 '24"", 'revenue': 46.72, 'unit': 'M', 'net_profit': 9.53}, {'period': ""Q3 '24"", 'revenue': 39.3, 'unit': 'M', 'net_profit': 8.14}]",,,,,,,,,,,,,,,,,__nan__,__nan__
32,ACRE,Ares Commercial Real Estate Corporation Common Stock,,,,,,,,,,,,,,,[],"[{'period': ""Q4 '25"", 'revenue': 29.29, 'unit': 'M', 'net_profit': -3.87}, {'period': ""Q3 '25"", 'revenue': 16.3, 'unit': 'M', 'net_profit': 4.65}, {'period': ""Q2 '25"", 'revenue': -4.33, 'unit': 'M', 'net_profit': -11.04}, {'period': ""Q1 '25"", 'revenue': 14.95, 'unit': 'M', 'net_profit': 9.35}, {'period': ""Q4 '24"", 'revenue': -0.49, 'unit': 'M', 'net_profit': -10.66}, {'period': ""Q3 '24"", 'revenue': 10.89, 'unit': 'M', 'net_profit': -5.88}]",,,,,,,,,,,,,,,,,__nan__,__nan__
33,ACV,Virtus AllianzGI Diversified Income & Convertible Fund Common Shares of Beneficial Interest,,,,,,,,,,,,,,,[],"[{'period': ""Q2 '25"", 'revenue': 12.19, 'unit': 'M', 'net_profit': 14.11}, {'period': ""Q4 '24"", 'revenue': 22.91, 'unit': 'M', 'net_profit': 29.13}, {'period': ""Q2 '24"", 'revenue': 18.04, 'unit': 'M', 'net_profit': 18.76}, {'period': ""Q4 '23"", 'revenue': 87.28, 'unit': 'M', 'net_profit': 10.37}, {'period': ""Q2 '23"", 'revenue': -1.18, 'unit': 'M', 'net_profit': 10.37}, {'period': ""Q4 '22"", 'revenue': -18.19, 'unit': 'M', 'net_profit': -19.05}]",,,,,,,,,,,,,,,,,__nan__,__nan__
34,ADC,Agree Realty Corporation Common Stock,,,,,,,,,,,,,,,[],"[{'period': ""Q4 '25"", 'revenue': 190.49, 'unit': 'M', 'net_profit': 56.04}, {'period': ""Q3 '25"", 'revenue': 183.22, 'unit': 'M', 'net_profit': 52.12}, {'period': ""Q2 '25"", 'revenue': 175.53, 'unit': 'M', 'net_profit': 49.2}, {'period': ""Q1 '25"", 'revenue': 169.16, 'unit': 'M', 'net_profit': 47.0}, {'period': ""Q4 '24"", 'revenue': 160.73, 'unit': 'M', 'net_profit': 45.24}, {'period': ""Q3 '24"", 'revenue': 154.33, 'unit': 'M', 'net_profit': 44.38}]",,,,,,,,,,,,,,,,,__nan__,__nan__
35,ADCT,ADC Therapeutics SA Common Shares,,,,,,,,,,,,,,,[],"[{'period': ""Q4 '25"", 'revenue': 23.06, 'unit': 'M', 'net_profit': -6.41}, {'period': ""Q3 '25"", 'revenue': 16.43, 'unit': 'M', 'net_profit': -40.97}, {'period': ""Q2 '25"", 'revenue': 18.84, 'unit': 'M', 'net_profit': -56.65}, {'period': ""Q1 '25"", 'revenue': 23.03, 'unit': 'M', 'net_profit': -38.6}, {'period': ""Q4 '24"", 'revenue': 16.91, 'unit': 'M', 'net_profit': -30.73}, {'period': ""Q3 '24"", 'revenue': 18.46, 'unit': 'M', 'net_profit': -43.97}]",,,,,,,,,,,,,,,,,__nan__,__nan__
36,ADEX,Adit EdTech Acquisition Corp. Common Stock,,,,,,,,,,,,,,,[],"[{'period': ""Q2 '24"", 'revenue': 4.71, 'unit': 'M', 'net_profit': 24.71}, {'period': ""Q3 '23"", 'revenue': 0.0, 'unit': '', 'net_profit': 0.0}, {'period': ""Q2 '23"", 'revenue': 4.75, 'unit': 'M', 'net_profit': -10.81}, {'period': ""Q2 '22"", 'revenue': 6.12, 'unit': 'M', 'net_profit': -9.4}]",,,,,,,,,,,,,,,,,__nan__,__nan__
37,ADM,Archer-Daniels-Midland Company Common Stock,,,,,,,,,,,,,,,[],"[{'period': ""Q4 '25"", 'revenue': 18560.0, 'unit': 'M', 'net_profit': 456.0}, {'period': ""Q3 '25"", 'revenue': 20370.0, 'unit': 'M', 'net_profit': 108.0}, {'period': ""Q2 '25"", 'revenue': 21190.0, 'unit': 'M', 'net_profit': 219.0}, {'period': ""Q1 '25"", 'revenue': 20180.0, 'unit': 'M', 'net_profit': 295.0}, {'period': ""Q4 '24"", 'revenue': 21500.0, 'unit': 'M', 'net_profit': 567.0}, {'period': ""Q3 '24"", 'revenue': 19940.0, 'unit': 'M', 'net_profit': 18.0}]",,,,,,,,,,,,,,,,,__nan__,__nan__
38,ADNT,Adient plc Ordinary Shares ,,,,,,,,,,,,,,,[],"[{'period': ""Q1 '26"", 'revenue': 3640.0, 'unit': 'M', 'net_profit': -22.0}, {'period': ""Q4 '25"", 'revenue': 3690.0, 'unit': 'M', 'net_profit': 18.0}, {'period': ""Q3 '25"", 'revenue': 3740.0, 'unit': 'M', 'net_profit': 36.0}, {'period': ""Q2 '25"", 'revenue': 3610.0, 'unit': 'M', 'net_profit': -335.0}, {'period': ""Q1 '25"", 'revenue': 3500000000.0, 'unit': '', 'net_profit': 0.0}, {'period': ""Q4 '24"", 'revenue': 3560.0, 'unit': 'M', 'net_profit': 79.0}]",,,,,,,,,,,,,,,,,__nan__,__nan__
39,ADS,Alliance Data Systems Corporation Common Stock,,,,,,,,,,,,,,,[],"[{'period': ""Q4 '25"", 'revenue': 1780.0, 'unit': 'M', 'net_profit': 53.0}, {'period': ""Q3 '25"", 'revenue': 1240.0, 'unit': 'M', 'net_profit': 188.0}, {'period': ""Q2 '25"", 'revenue': 655.0, 'unit': 'M', 'net_profit': 139.0}, {'period': ""Q1 '25"", 'revenue': 1230.0, 'unit': 'M', 'net_profit': 138.0}, {'period': ""Q4 '24"", 'revenue': 2530.0, 'unit': 'M', 'net_profit': -171.3}, {'period': ""Q3 '24"", 'revenue': 1220.0, 'unit': 'M', 'net_profit': 2.0}]",,,,,,,,,,,,,,,,,__nan__,__nan__
40,ADT,ADT Inc. Common Stock,,,,,,,,,,,,,,,[],"[{'period': ""Q4 '25"", 'revenue': 1280.0, 'unit': 'M', 'net_profit': 145.0}, {'period': ""Q3 '25"", 'revenue': 1300.0, 'unit': 'M', 'net_profit': 145.13}, {'period': ""Q2 '25"", 'revenue': 1290.0, 'unit': 'M', 'net_profit': 165.18}, {'period': ""Q1 '25"", 'revenue': 1270.0, 'unit': 'M', 'net_profit': 140.25}, {'period': ""Q4 '24"", 'revenue': 1260.0, 'unit': 'M', 'net_profit': 190.0}, {'period': ""Q3 '24"", 'revenue': 1240.0, 'unit': 'M', 'net_profit': 127.15}]",,,,,,,,,,,,,,,,,__nan__,__nan__
41,ADX,Adams Diversified Equity Fund Inc.,,,,,,,,,,,,,,,[],"[{'period': ""Q4 '25"", 'revenue': 89.98, 'unit': 'M', 'net_profit': 280.68}, {'period': ""Q2 '25"", 'revenue': 17.31, 'unit': 'M', 'net_profit': 199.97}, {'period': ""Q4 '24"", 'revenue': 18.28, 'unit': 'M', 'net_profit': 149.21}, {'period': ""Q2 '24"", 'revenue': 16.3, 'unit': 'M', 'net_profit': 400.35}, {'period': ""Q4 '23"", 'revenue': 98.52, 'unit': 'M', 'net_profit': 225.14}, {'period': ""Q2 '23"", 'revenue': 75.31, 'unit': 'M', 'net_profit': 327.78}]",,,,,,,,,,,,,,,,,__nan__,__nan__
42,AEB,AEGON N.V. Perp. Cap. Secs. Floating Rate (Netherlands),,,,,,,,,,,,,,,[],"[{'period': ""Q4 '24"", 'revenue': 13070.0, 'unit': 'M', 'net_profit': 740.0}, {'period': ""Q2 '24"", 'revenue': 6450.0, 'unit': 'M', 'net_profit': -52.0}, {'period': ""Q4 '23"", 'revenue': 3110.0, 'unit': 'M', 'net_profit': -33.5}, {'period': ""Q2 '23"", 'revenue': 3380.0, 'unit': 'M', 'net_profit': -71.5}, {'period': ""Q4 '22"", 'revenue': -3900.0, 'unit': 'M', 'net_profit': -206.0}, {'period': ""Q2 '22"", 'revenue': -8680.0, 'unit': 'M', 'net_profit': 382.0}]",,,,,,,,,,,,,,,,,__nan__,__nan__
43,AEE,Ameren Corporation Common Stock,,,,,,,,,,,,,,,[],"[{'period': ""Q4 '25"", 'revenue': 1780.0, 'unit': 'M', 'net_profit': 252.0}, {'period': ""Q3 '25"", 'revenue': 2700.0, 'unit': 'M', 'net_profit': 640.0}, {'period': ""Q2 '25"", 'revenue': 2220.0, 'unit': 'M', 'net_profit': 275.0}, {'period': ""Q1 '25"", 'revenue': 2100.0, 'unit': 'M', 'net_profit': 289.0}, {'period': ""Q4 '24"", 'revenue': 1940.0, 'unit': 'M', 'net_profit': 207.0}, {'period': ""Q3 '24"", 'revenue': 2170.0, 'unit': 'M', 'net_profit': 456.0}]",,,,,,,,,,,,,,,,,__nan__,__nan__
44,AEFC,Aegon Funding Company LLC 5.10% Subordinated Notes due 2049,,,,,,,,,,,,,,,[],[],,,,,,,,,,,,,,,,,__nan__,__nan__
45,AEG,AEGON N.V. Common Stock,,,,,,,,,,,,,,,[],"[{'period': ""Q4 '25"", 'revenue': 19000.0, 'unit': 'M', 'net_profit': 389.1}, {'period': ""Q2 '25"", 'revenue': 6650.0, 'unit': 'M', 'net_profit': 584.0}, {'period': ""Q4 '24"", 'revenue': 16290.0, 'unit': 'M', 'net_profit': 714.0}, {'period': ""Q2 '24"", 'revenue': 3230.0, 'unit': 'M', 'net_profit': -26.0}, {'period': ""Q1 '24"", 'revenue': 3230.0, 'unit': 'M', 'net_profit': -26.0}, {'period': ""Q4 '23"", 'revenue': 3110.0, 'unit': 'M', 'net_profit': 11.0}]",,,,,,,,,,,,,,,,,__nan__,__nan__
46,AEL,American Equity Investment Life Holding Company Common Stock,,,,,,,,,,,,,,,[],"[{'period': ""Q3 '25"", 'revenue': 2060.0, 'unit': 'M', 'net_profit': 208.0}, {'period': ""Q2 '25"", 'revenue': 2190.0, 'unit': 'M', 'net_profit': 154.0}, {'period': ""Q1 '25"", 'revenue': 2340.0, 'unit': 'M', 'net_profit': -206.0}, {'period': ""Q4 '24"", 'revenue': 7880.0, 'unit': 'M', 'net_profit': 341.84}, {'period': ""Q3 '24"", 'revenue': 2000.0, 'unit': 'M', 'net_profit': -299.0}, {'period': ""Q2 '24"", 'revenue': 2120.0, 'unit': 'M', 'net_profit': 244.0}]",,,,,,,,,,,,,,,,,__nan__,__nan__
47,AEM,Agnico Eagle Mines Limited Common Stock,,,,,,,,,,,,,,,[],"[{'period': ""Q4 '25"", 'revenue': 3.56, 'unit': 'B', 'net_profit': 1.52}, {'period': ""Q3 '25"", 'revenue': 3.03, 'unit': 'B', 'net_profit': 1.04}, {'period': ""Q2 '25"", 'revenue': 2.82, 'unit': 'B', 'net_profit': 1.07}, {'period': ""Q1 '25"", 'revenue': 2460.0, 'unit': 'M', 'net_profit': 812.27}, {'period': ""Q4 '24"", 'revenue': 2160.0, 'unit': 'M', 'net_profit': 494.88}, {'period': ""Q3 '24"", 'revenue': 2170.0, 'unit': 'M', 'net_profit': 571.68}]",,,,,,,,,,,,,,,,,__nan__,__nan__
48,AENZ,Aenza S.A.A. American Depositary Shares,,,,,,,,,,,,,,,[],"[{'period': ""Q3 '23"", 'revenue': 1220.0, 'unit': 'M', 'net_profit': 55.14}, {'period': ""Q2 '23"", 'revenue': 1040.0, 'unit': 'M', 'net_profit': -5.17}, {'period': ""Q1 '23"", 'revenue': 850.14, 'unit': 'M', 'net_profit': -6.0}, {'period': ""Q4 '22"", 'revenue': 1210.0, 'unit': 'M', 'net_profit': -65.7}, {'period': ""Q3 '22"", 'revenue': 1080.0, 'unit': 'M', 'net_profit': -291.01}, {'period': ""Q2 '22"", 'revenue': 1050.0, 'unit': 'M', 'net_profit': 5.42}]",,,,,,,,,,,,,,,,,__nan__,__nan__
49,AEO,American Eagle Outfitters Inc. Common Stock,,,,,,,,,,,,,,,[],"[{'period': ""Q4 '25"", 'revenue': 1760.0, 'unit': 'M', 'net_profit': 87.91}, {'period': ""Q3 '25"", 'revenue': 1360.0, 'unit': 'M', 'net_profit': 91.34}, {'period': ""Q2 '25"", 'revenue': 1280.0, 'unit': 'M', 'net_profit': 77.63}, {'period': ""Q1 '25"", 'revenue': 1090.0, 'unit': 'M', 'net_profit': -64.9}, {'period': ""Q4 '24"", 'revenue': 1600.0, 'unit': 'M', 'net_profit': 104.35}, {'period': ""Q3 '24"", 'revenue': 1290.0, 'unit': 'M', 'net_profit': 80.02}]",,,,,,,,,,,,,,,,,__nan__,__nan__
50,AER,AerCap Holdings N.V. Ordinary Shares,,,,,,,,,,,,,,,[],"[{'period': ""Q4 '25"", 'revenue': 2170.0, 'unit': 'M', 'net_profit': 632.81}, {'period': ""Q3 '25"", 'revenue': 1.89, 'unit': 'B', 'net_profit': 1.22}, {'period': ""Q2 '25"", 'revenue': 1.89, 'unit': 'B', 'net_profit': 1.26}, {'period': ""Q1 '25"", 'revenue': 2080.0, 'unit': 'M', 'net_profit': 642.86}, {'period': ""Q4 '24"", 'revenue': 2070.0, 'unit': 'M', 'net_profit': 671.22}, {'period': ""Q3 '24"", 'revenue': 1950.0, 'unit': 'M', 'net_profit': 375.03}]",,,,,,,,,,,,,,,,,__nan__,__nan__
51,AES,The AES Corporation Common Stock,,,,,,,,,,,,,,,[],"[{'period': ""Q4 '25"", 'revenue': 3100.0, 'unit': 'M', 'net_profit': 322.0}, {'period': ""Q3 '25"", 'revenue': 3350.0, 'unit': 'M', 'net_profit': 634.0}, {'period': ""Q2 '25"", 'revenue': 2850.0, 'unit': 'M', 'net_profit': -105.0}, {'period': ""Q1 '25"", 'revenue': 2930.0, 'unit': 'M', 'net_profit': 46.0}, {'period': ""Q4 '24"", 'revenue': 2960.0, 'unit': 'M', 'net_profit': 560.0}, {'period': ""Q3 '24"", 'revenue': 3290.0, 'unit': 'M', 'net_profit': 509.0}]",,,,,,,,,,,,,,,,,__nan__,__nan__
52,AESC,The AES Corporation Corporate Units,,,,,,,,,,,,,,,[],"[{'period': ""Q4 '25"", 'revenue': 6030.0, 'unit': 'M', 'net_profit': -205.0}, {'period': ""Q3 '25"", 'revenue': 3350.0, 'unit': 'M', 'net_profit': 639.0}, {'period': ""Q2 '25"", 'revenue': 2850.0, 'unit': 'M', 'net_profit': 206.0}, {'period': ""Q4 '23"", 'revenue': 2970.0, 'unit': 'M', 'net_profit': -94.0}, {'period': ""Q3 '23"", 'revenue': 3430.0, 'unit': 'M', 'net_profit': 231.0}, {'period': ""Q2 '23"", 'revenue': 3030.0, 'unit': 'M', 'net_profit': -39.0}]",,,,,,,,,,,,,,,,,__nan__,__nan__
53,AEVA,Aeva Technologies Inc. Common Stock,,,,,,,,,,,,,,,[],"[{'period': ""Q4 '25"", 'revenue': 5.62, 'unit': 'M', 'net_profit': -25.31}, {'period': ""Q3 '25"", 'revenue': 3.58, 'unit': 'M', 'net_profit': 107.5}, {'period': ""Q2 '25"", 'revenue': 5.51, 'unit': 'M', 'net_profit': -192.74}, {'period': ""Q1 '25"", 'revenue': 3.37, 'unit': 'M', 'net_profit': -34.87}, {'period': ""Q4 '24"", 'revenue': 2.7, 'unit': 'M', 'net_profit': -36.15}, {'period': ""Q3 '24"", 'revenue': 2.25, 'unit': 'M', 'net_profit': -37.4}]",,,,,,,,,,,,,,,,,__nan__,__nan__
54,AFB,AllianceBernstein National Municipal Income Fund Inc,,,,,,,,,,,,,,,[],"[{'period': ""Q4 '25"", 'revenue': 4.95, 'unit': 'M', 'net_profit': 20.12}, {'period': ""Q2 '25"", 'revenue': 13.26, 'unit': 'M', 'net_profit': -16.67}, {'period': ""Q4 '24"", 'revenue': 13.18, 'unit': 'M', 'net_profit': 16.78}, {'period': ""Q2 '24"", 'revenue': 12.91, 'unit': 'M', 'net_profit': 44.56}, {'period': ""Q4 '23"", 'revenue': -2.42, 'unit': 'M', 'net_profit': -39.18}, {'period': ""Q2 '23"", 'revenue': 7.32, 'unit': 'M', 'net_profit': 37.96}]",,,,,,,,,,,,,,,,,__nan__,__nan__
55,AFG,American Financial Group Inc. Common Stock,,,,,,,,,,,,,,,[],"[{'period': ""Q4 '25"", 'revenue': 2060.0, 'unit': 'M', 'net_profit': 299.0}, {'period': ""Q3 '25"", 'revenue': 2300.0, 'unit': 'M', 'net_profit': 215.0}, {'period': ""Q2 '25"", 'revenue': 1930.0, 'unit': 'M', 'net_profit': 174.0}, {'period': ""Q1 '25"", 'revenue': 1840.0, 'unit': 'M', 'net_profit': 154.0}, {'period': ""Q4 '24"", 'revenue': 2150.0, 'unit': 'M', 'net_profit': 255.0}, {'period': ""Q3 '24"", 'revenue': 2360.0, 'unit': 'M', 'net_profit': 181.0}]",,,,,,,,,,,,,,,,,__nan__,__nan__
56,AFGB,American Financial Group Inc. 5.875% Subordinated Debentures due 2059,,,,,,,,,,,,,,,[],"[{'period': ""Q4 '25"", 'revenue': 2009.9999999999998, 'unit': 'M', 'net_profit': 299.0}, {'period': ""Q3 '25"", 'revenue': 2270.0, 'unit': 'M', 'net_profit': 215.0}, {'period': ""Q2 '25"", 'revenue': 1860.0, 'unit': 'M', 'net_profit': 174.0}, {'period': ""Q1 '25"", 'revenue': 1790.0, 'unit': 'M', 'net_profit': 154.0}, {'period': ""Q4 '24"", 'revenue': 2140.0, 'unit': 'M', 'net_profit': 255.0}, {'period': ""Q3 '24"", 'revenue': 2290.0, 'unit': 'M', 'net_profit': 181.0}]",,,,,,,,,,,,,,,,,__nan__,__nan__
57,AFGC,American Financial Group Inc. 5.125% Subordinated Debentures due 2059,,,,,,,,,,,,,,,[],"[{'period': ""Q4 '25"", 'revenue': 2009.9999999999998, 'unit': 'M', 'net_profit': 299.0}, {'period': ""Q3 '25"", 'revenue': 2270.0, 'unit': 'M', 'net_profit': 215.0}, {'period': ""Q2 '25"", 'revenue': 1860.0, 'unit': 'M', 'net_profit': 174.0}, {'period': ""Q1 '25"", 'revenue': 1790.0, 'unit': 'M', 'net_profit': 154.0}, {'period': ""Q4 '24"", 'revenue': 2140.0, 'unit': 'M', 'net_profit': 255.0}, {'period': ""Q3 '24"", 'revenue': 2290.0, 'unit': 'M', 'net_profit': 181.0}]",,,,,,,,,,,,,,,,,__nan__,__nan__
58,AFGD,American Financial Group Inc. 5.625% Subordinated Debentures due 2060,,,,,,,,,,,,,,,[],"[{'period': ""Q4 '25"", 'revenue': 2060.0, 'unit': 'M', 'net_profit': 299.0}, {'period': ""Q3 '25"", 'revenue': 2270.0, 'unit': 'M', 'net_profit': 215.0}, {'period': ""Q2 '25"", 'revenue': 1860.0, 'unit': 'M', 'net_profit': 174.0}, {'period': ""Q1 '25"", 'revenue': 1790.0, 'unit': 'M', 'net_profit': 154.0}, {'period': ""Q4 '24"", 'revenue': 2140.0, 'unit': 'M', 'net_profit': 255.0}, {'period': ""Q3 '24"", 'revenue': 2290.0, 'unit': 'M', 'net_profit': 181.0}]",,,,,,,,,,,,,,,,,__nan__,__nan__
59,AFGE,American Financial Group Inc. 4.500% Subordinated Debentures due 2060,,,,,,,,,,,,,,,[],"[{'period': ""Q4 '25"", 'revenue': 2060.0, 'unit': 'M', 'net_profit': 299.0}, {'period': ""Q3 '25"", 'revenue': 2300.0, 'unit': 'M', 'net_profit': 215.0}, {'period': ""Q2 '25"", 'revenue': 1860.0, 'unit': 'M', 'net_profit': 174.0}, {'period': ""Q1 '25"", 'revenue': 1790.0, 'unit': 'M', 'net_profit': 154.0}, {'period': ""Q4 '24"", 'revenue': 2140.0, 'unit': 'M', 'net_profit': 255.0}, {'period': ""Q3 '24"", 'revenue': 2290.0, 'unit': 'M', 'net_profit': 181.0}]",,,,,,,,,,,,,,,,,__nan__,__nan__
60,AFI,Armstrong Flooring Inc. Common Stock,,,,,,,,,,,,,,,[],"[{'period': ""Q4 '21"", 'revenue': -173.1, 'unit': 'M', 'net_profit': -37.9}, {'period': ""Q3 '21"", 'revenue': 168.5, 'unit': 'M', 'net_profit': -29.7}, {'period': ""Q2 '21"", 'revenue': 168.1, 'unit': 'M', 'net_profit': -19.5}, {'period': ""Q1 '21"", 'revenue': 148.9, 'unit': 'M', 'net_profit': 27.2}, {'period': ""Q4 '20"", 'revenue': 143.9, 'unit': 'M', 'net_profit': -32.4}, {'period': ""Q3 '20"", 'revenue': 156.6, 'unit': 'M', 'net_profit': -11.7}]",,,,,,,,,,,,,,,,,__nan__,__nan__
61,AFL,AFLAC Incorporated Common Stock,,,,,,,,,,,,,,,[],"[{'period': ""Q4 '25"", 'revenue': 4.9, 'unit': 'B', 'net_profit': 1.38}, {'period': ""Q3 '25"", 'revenue': 4.79, 'unit': 'B', 'net_profit': 1.64}, {'period': ""Q2 '25"", 'revenue': 4220.0, 'unit': 'M', 'net_profit': 599.0}, {'period': ""Q1 '25"", 'revenue': 3450.0, 'unit': 'M', 'net_profit': 29.0}, {'period': ""Q4 '24"", 'revenue': 5.5, 'unit': 'B', 'net_profit': 1.9}, {'period': ""Q3 '24"", 'revenue': 3040.0, 'unit': 'M', 'net_profit': -93.0}]",,,,,,,,,,,,,,,,,__nan__,__nan__
62,AFT,Apollo Senior Floating Rate Fund Inc. Common Stock,,,,,,,,,,,,,,,[],"[{'period': ""Q4 '23"", 'revenue': 16.4, 'unit': 'M', 'net_profit': 15.57}, {'period': ""Q2 '23"", 'revenue': 16.42, 'unit': 'M', 'net_profit': 20.39}, {'period': ""Q4 '22"", 'revenue': 10.46, 'unit': 'M', 'net_profit': 15.57}, {'period': ""Q2 '22"", 'revenue': -26.49, 'unit': 'M', 'net_profit': -33.71}, {'period': ""Q4 '21"", 'revenue': 9.73, 'unit': 'M', 'net_profit': 3.39}, {'period': ""Q2 '21"", 'revenue': 11.12, 'unit': 'M', 'net_profit': 16.36}]",,,,,,,,,,,,,,,,,__nan__,__nan__
63,AG,First Majestic Silver Corp. Ordinary Shares (Canada),,,,,,,,,,,,,,,[],"[{'period': ""Q4 '25"", 'revenue': 471.05, 'unit': 'M', 'net_profit': 84.41}, {'period': ""Q3 '25"", 'revenue': 286.72, 'unit': 'M', 'net_profit': 26.98}, {'period': ""Q2 '25"", 'revenue': 264.73, 'unit': 'M', 'net_profit': 56.58}, {'period': ""Q1 '25"", 'revenue': 245.99, 'unit': 'M', 'net_profit': 6.24}, {'period': ""Q4 '24"", 'revenue': 173.34, 'unit': 'M', 'net_profit': -13.48}, {'period': ""Q3 '24"", 'revenue': 146.99, 'unit': 'M', 'net_profit': -26.59}]",,,,,,,,,,,,,,,,,__nan__,__nan__
64,AGAC,African Gold Acquisition Corporation Class A Ordinary Shares,,,,,,,,,,,,,,,[],"[{'period': ""Q1 '22"", 'revenue': 0.0, 'unit': 'M', 'net_profit': 24.9}, {'period': ""Q4 '21"", 'revenue': 0.0, 'unit': 'K', 'net_profit': -721.48}, {'period': ""Q3 '21"", 'revenue': 0.0, 'unit': 'M', 'net_profit': 6.39}, {'period': ""Q2 '21"", 'revenue': 0.0, 'unit': 'M', 'net_profit': -7.19}, {'period': ""Q1 '21"", 'revenue': 0.0, 'unit': 'M', 'net_profit': 10.02}]",,,,,,,,,,,,,,,,,__nan__,__nan__
65,AGCB,Altimeter Growth Corp. 2 Class A Ordinary Shares,,,,,,,,,,,,,,,[],"[{'period': ""Q3 '22"", 'revenue': 0.0, 'unit': 'M', 'net_profit': 5.81}, {'period': ""Q2 '22"", 'revenue': 0.0, 'unit': 'M', 'net_profit': 1.5}, {'period': ""Q1 '22"", 'revenue': 0.0, 'unit': 'K', 'net_profit': -920.0}, {'period': ""Q4 '21"", 'revenue': 0.0, 'unit': 'K', 'net_profit': -465.0}, {'period': ""Q3 '21"", 'revenue': 0.0, 'unit': 'K', 'net_profit': 941.48}, {'period': ""Q2 '21"", 'revenue': 0.0, 'unit': 'K', 'net_profit': 270.27}]",,,,,,,,,,,,,,,,,__nan__,__nan__
66,AGCO,AGCO Corporation Common Stock,,,,,,,,,,,,,,,[],"[{'period': ""Q4 '25"", 'revenue': 2920.0, 'unit': 'M', 'net_profit': 95.5}, {'period': ""Q3 '25"", 'revenue': 2480.0, 'unit': 'M', 'net_profit': 305.7}, {'period': ""Q2 '25"", 'revenue': 2630.0, 'unit': 'M', 'net_profit': 314.8}, {'period': ""Q1 '25"", 'revenue': 2050.0, 'unit': 'M', 'net_profit': 10.5}, {'period': ""Q4 '24"", 'revenue': 2890.0, 'unit': 'M', 'net_profit': -255.7}, {'period': ""Q3 '24"", 'revenue': 2600.0, 'unit': 'M', 'net_profit': 30.0}]",,,,,,,,,,,,,,,,,__nan__,__nan__
67,AGD,Aberdeen Global Dynamic Dividend Fund,,,,,,,,,,,,,,,[],"[{'period': ""Q4 '25"", 'revenue': 23.4, 'unit': 'M', 'net_profit': 42.78}, {'period': ""Q2 '25"", 'revenue': 8.13, 'unit': 'M', 'net_profit': 1.77}, {'period': ""Q4 '24"", 'revenue': 7.52, 'unit': 'M', 'net_profit': 21.2}, {'period': ""Q2 '24"", 'revenue': 9.07, 'unit': 'M', 'net_profit': 32.92}, {'period': ""Q4 '23"", 'revenue': 3.73, 'unit': 'M', 'net_profit': -18.15}, {'period': ""Q2 '23"", 'revenue': 8.73, 'unit': 'M', 'net_profit': 25.11}]",,,,,,,,,,,,,,,,,__nan__,__nan__
68,AGI,Alamos Gold Inc. Class A Common Shares,,,,,,,,,,,,,,,[],"[{'period': ""Q4 '25"", 'revenue': 584.14, 'unit': 'M', 'net_profit': 441.58}, {'period': ""Q3 '25"", 'revenue': 457.17, 'unit': 'M', 'net_profit': 273.24}, {'period': ""Q2 '25"", 'revenue': 438.2, 'unit': 'M', 'net_profit': 159.4}, {'period': ""Q1 '25"", 'revenue': 333.0, 'unit': 'M', 'net_profit': 15.2}, {'period': ""Q4 '24"", 'revenue': 375.8, 'unit': 'M', 'net_profit': 87.6}, {'period': ""Q3 '24"", 'revenue': 360.9, 'unit': 'M', 'net_profit': 84.5}]",,,,,,,,,,,,,,,,,__nan__,__nan__
69,AGL,agilon health inc. Common Stock,,,,,,,,,,,,,,,[],"[{'period': ""Q4 '25"", 'revenue': 1570.0, 'unit': 'M', 'net_profit': -188.88}, {'period': ""Q3 '25"", 'revenue': 1440.0, 'unit': 'M', 'net_profit': -110.21}, {'period': ""Q2 '25"", 'revenue': 1390.0, 'unit': 'M', 'net_profit': -104.37}, {'period': ""Q1 '25"", 'revenue': 1530.0, 'unit': 'M', 'net_profit': 12.11}, {'period': ""Q4 '24"", 'revenue': 1520.0, 'unit': 'M', 'net_profit': -105.79}, {'period': ""Q3 '24"", 'revenue': 1450.0, 'unit': 'M', 'net_profit': -117.61}]",,,,,,,,,,,,,,,,,__nan__,__nan__
70,AGM,Federal Agricultural Mortgage Corporation Common Stock,,,,,,,,,,,,,,,[],"[{'period': ""Q4 '25"", 'revenue': 107.9, 'unit': 'M', 'net_profit': 47.9}, {'period': ""Q3 '25"", 'revenue': 420.78, 'unit': 'M', 'net_profit': 55.0}, {'period': ""Q2 '25"", 'revenue': 404.96, 'unit': 'M', 'net_profit': 54.84}, {'period': ""Q1 '25"", 'revenue': 384.69, 'unit': 'M', 'net_profit': 49.65}, {'period': ""Q4 '24"", 'revenue': 403.75, 'unit': 'M', 'net_profit': 56.51}, {'period': ""Q3 '24"", 'revenue': 411.23, 'unit': 'M', 'net_profit': 49.83}]",,,,,,,,,,,,,,,,,__nan__,__nan__
71,AGO,Assured Guaranty Ltd. Common Stock,,,,,,,,,,,,,,,[],"[{'period': ""Q4 '25"", 'revenue': 213.0, 'unit': 'M', 'net_profit': 119.0}, {'period': ""Q3 '25"", 'revenue': 199.0, 'unit': 'M', 'net_profit': 105.0}, {'period': ""Q2 '25"", 'revenue': 278.0, 'unit': 'M', 'net_profit': 103.0}, {'period': ""Q1 '25"", 'revenue': 325.0, 'unit': 'M', 'net_profit': 176.0}, {'period': ""Q4 '24"", 'revenue': 152.0, 'unit': 'M', 'net_profit': 18.0}, {'period': ""Q3 '24"", 'revenue': 252.0, 'unit': 'M', 'net_profit': 171.0}]",,,,,,,,,,,,,,,,,__nan__,__nan__
72,AGR,Avangrid Inc. Common Stock,,,,,,,,,,,,,,,[],"[{'period': ""Q3 '24"", 'revenue': 2080.0, 'unit': 'M', 'net_profit': 205.0}, {'period': ""Q2 '24"", 'revenue': 1920.0, 'unit': 'M', 'net_profit': 169.0}, {'period': ""Q1 '24"", 'revenue': 2440.0, 'unit': 'M', 'net_profit': 351.0}, {'period': ""Q4 '23"", 'revenue': 2280.0, 'unit': 'M', 'net_profit': 397.0}, {'period': ""Q3 '23"", 'revenue': 1970.0, 'unit': 'M', 'net_profit': 59.0}, {'period': ""Q2 '23"", 'revenue': 1590.0, 'unit': 'M', 'net_profit': 85.0}]",,,,,,,,,,,,,,,,,__nan__,__nan__
73,AGRO,Adecoagro S.A. Common Shares,,,,,,,,,,,,,,,[],"[{'period': ""Q4 '25"", 'revenue': 415.94, 'unit': 'M', 'net_profit': -14.85}, {'period': ""Q3 '25"", 'revenue': 304.21, 'unit': 'M', 'net_profit': 6.52}, {'period': ""Q2 '25"", 'revenue': 382.08, 'unit': 'M', 'net_profit': -17.56}, {'period': ""Q1 '25"", 'revenue': 325.51, 'unit': 'M', 'net_profit': 18.08}, {'period': ""Q4 '24"", 'revenue': 374.22, 'unit': 'M', 'net_profit': 16.42}, {'period': ""Q3 '24"", 'revenue': 471.5, 'unit': 'M', 'net_profit': 19.06}]",,,,,,,,,,,,,,,,,__nan__,__nan__
74,AGS,PlayAGS Inc. Common Stock,,,,,,,,,,,,,,,[],"[{'period': ""Q1 '25"", 'revenue': 94.83, 'unit': 'M', 'net_profit': 3.21}, {'period': ""Q4 '24"", 'revenue': 102.98, 'unit': 'M', 'net_profit': 44.43}, {'period': ""Q3 '24"", 'revenue': 99.17, 'unit': 'M', 'net_profit': 2.43}, {'period': ""Q2 '24"", 'revenue': 96740.0, 'unit': 'K', 'net_profit': 440.0}, {'period': ""Q1 '24"", 'revenue': 95.97, 'unit': 'M', 'net_profit': 4.34}, {'period': ""Q4 '23"", 'revenue': 94150.0, 'unit': 'K', 'net_profit': 67.0}]",,,,,,,,,,,,,,,,,__nan__,__nan__
75,AGTI,Agiliti Inc. Common Stock,,,,,,,,,,,,,,,[],"[{'period': ""Q1 '24"", 'revenue': 302.75, 'unit': 'M', 'net_profit': -6.61}, {'period': ""Q4 '23"", 'revenue': 291.99, 'unit': 'M', 'net_profit': -5.71}, {'period': ""Q3 '23"", 'revenue': 291.63, 'unit': 'M', 'net_profit': -12.7}, {'period': ""Q2 '23"", 'revenue': 291.08, 'unit': 'M', 'net_profit': -4.03}, {'period': ""Q1 '23"", 'revenue': 299.9, 'unit': 'M', 'net_profit': 3.01}, {'period': ""Q4 '22"", 'revenue': 281.68, 'unit': 'M', 'net_profit': 3.37}]",,,,,,,,,,,,,,,,,__nan__,__nan__
76,AGX,Argan Inc. Common Stock,,,,,,,,,,,,,,,[],"[{'period': ""Q4 '26"", 'revenue': 262.05, 'unit': 'M', 'net_profit': 49.21}, {'period': ""Q3 '26"", 'revenue': 251.15, 'unit': 'M', 'net_profit': 30.74}, {'period': ""Q2 '26"", 'revenue': 237.74, 'unit': 'M', 'net_profit': 35.27}, {'period': ""Q1 '26"", 'revenue': 193.66, 'unit': 'M', 'net_profit': 22.55}, {'period': ""Q4 '25"", 'revenue': 232.47, 'unit': 'M', 'net_profit': 31.37}, {'period': ""Q3 '25"", 'revenue': 257.01, 'unit': 'M', 'net_profit': 28.01}]",,,,,,,,,,,,,,,,,__nan__,__nan__
77,AHC,A.H. Belo Corporation (TX) Common Stock,,,,,,,,,,,,,,,[],"[{'period': ""Q2 '25"", 'revenue': 29.77, 'unit': 'M', 'net_profit': -33.49}, {'period': ""Q1 '25"", 'revenue': 29.12, 'unit': 'M', 'net_profit': 28.29}, {'period': ""Q4 '24"", 'revenue': 11.6, 'unit': 'M', 'net_profit': 2.75}, {'period': ""Q3 '21"", 'revenue': 38.31, 'unit': 'M', 'net_profit': 1.63}, {'period': ""Q2 '21"", 'revenue': 38.67, 'unit': 'M', 'net_profit': -1.48}, {'period': ""Q1 '21"", 'revenue': 36.81, 'unit': 'M', 'net_profit': -2.77}]",,,,,,,,,,,,,,,,,__nan__,__nan__
78,AHH,Armada Hoffler Properties Inc. Common Stock,,,,,,,,,,,,,,,[],"[{'period': ""Q4 '25"", 'revenue': 75.6, 'unit': 'M', 'net_profit': 2.07}, {'period': ""Q3 '25"", 'revenue': 96080.0, 'unit': 'K', 'net_profit': 80.0}, {'period': ""Q2 '25"", 'revenue': 101.26, 'unit': 'M', 'net_profit': 5.95}, {'period': ""Q1 '25"", 'revenue': 114.64, 'unit': 'M', 'net_profit': -2.81}, {'period': ""Q4 '24"", 'revenue': 142.6, 'unit': 'M', 'net_profit': 23.44}, {'period': ""Q3 '24"", 'revenue': 187.65, 'unit': 'M', 'net_profit': -5.04}]",,,,,,,,,,,,,,,,,__nan__,__nan__
79,AHT,Ashford Hospitality Trust Inc Common Stock,,,,,,,,,,,,,,,[],"[{'period': ""Q4 '25"", 'revenue': 258.97, 'unit': 'M', 'net_profit': -69.32}, {'period': ""Q3 '25"", 'revenue': 266.06, 'unit': 'M', 'net_profit': -60.15}, {'period': ""Q2 '25"", 'revenue': 302.0, 'unit': 'M', 'net_profit': -30.4}, {'period': ""Q1 '25"", 'revenue': 277.36, 'unit': 'M', 'net_profit': -19.97}, {'period': ""Q4 '24"", 'revenue': 275.48, 'unit': 'M', 'net_profit': -124.21}, {'period': ""Q3 '24"", 'revenue': 276.6, 'unit': 'M', 'net_profit': -57.91}]",,,,,,,,,,,,,,,,,__nan__,__nan__
80,AI,C3.ai Inc. Class A Common Stock,,,,,,,,,,,,,,,[],"[{'period': ""Q3 '26"", 'revenue': 53.26, 'unit': 'M', 'net_profit': -133.36}, {'period': ""Q2 '26"", 'revenue': 75.15, 'unit': 'M', 'net_profit': -104.67}, {'period': ""Q1 '26"", 'revenue': 70.26, 'unit': 'M', 'net_profit': -116.77}, {'period': ""Q4 '25"", 'revenue': 108.72, 'unit': 'M', 'net_profit': -79.7}, {'period': ""Q3 '25"", 'revenue': 98.78, 'unit': 'M', 'net_profit': -80.2}, {'period': ""Q2 '25"", 'revenue': 94.34, 'unit': 'M', 'net_profit': -65.97}]",,,,,,,,,,,,,,,,,__nan__,__nan__
81,AIC,Arlington Asset Investment Corp 6.750% Notes due 2025,,,,,,,,,,,,,,,[],"[{'period': ""Q2 '25"", 'revenue': 0.0, 'unit': 'K', 'net_profit': -71.94}, {'period': ""Q1 '25"", 'revenue': 0.0, 'unit': 'K', 'net_profit': 8.13}, {'period': ""Q4 '24"", 'revenue': 0.20500000000000002, 'unit': 'M', 'net_profit': -2.45}, {'period': ""Q3 '24"", 'revenue': 67.95, 'unit': 'K', 'net_profit': -302.76}, {'period': ""Q2 '24"", 'revenue': 132.14, 'unit': 'K', 'net_profit': -351.88}, {'period': ""Q1 '24"", 'revenue': 389.68, 'unit': 'K', 'net_profit': -85.4}]",,,,,,,,,,,,,,,,,__nan__,__nan__
82,AIF,Apollo Tactical Income Fund Inc. Common Stock,,,,,,,,,,,,,,,[],"[{'period': ""Q4 '23"", 'revenue': 21.84, 'unit': 'M', 'net_profit': 20.19}, {'period': ""Q2 '23"", 'revenue': 14.98, 'unit': 'M', 'net_profit': 14.46}, {'period': ""Q4 '22"", 'revenue': 10.67, 'unit': 'M', 'net_profit': 14.46}, {'period': ""Q2 '22"", 'revenue': 4.17, 'unit': 'M', 'net_profit': 14.46}, {'period': ""Q4 '21"", 'revenue': 18.62, 'unit': 'M', 'net_profit': 14.46}, {'period': ""Q2 '21"", 'revenue': 11.47, 'unit': 'M', 'net_profit': 14.46}]",,,,,,,,,,,,,,,,,__nan__,__nan__
83,AIG,American International Group Inc. New Common Stock,,,,,,,,,,,,,,,[],"[{'period': ""Q4 '25"", 'revenue': 6560.0, 'unit': 'M', 'net_profit': 735.0}, {'period': ""Q3 '25"", 'revenue': 6400.0, 'unit': 'M', 'net_profit': 519.0}, {'period': ""Q2 '25"", 'revenue': 7.04, 'unit': 'B', 'net_profit': 1.14}, {'period': ""Q1 '25"", 'revenue': 6770.0, 'unit': 'M', 'net_profit': 698.0}, {'period': ""Q4 '24"", 'revenue': 7170.0, 'unit': 'M', 'net_profit': 898.0}, {'period': ""Q3 '24"", 'revenue': 6750.0, 'unit': 'M', 'net_profit': 459.0}]",,,,,,,,,,,,,,,,,__nan__,__nan__
84,AIN,Albany International Corporation Common Stock,,,,,,,,,,,,,,,[],"[{'period': ""Q4 '25"", 'revenue': 321.21, 'unit': 'M', 'net_profit': 13.88}, {'period': ""Q3 '25"", 'revenue': 261.43, 'unit': 'M', 'net_profit': -97.76}, {'period': ""Q2 '25"", 'revenue': 311.4, 'unit': 'M', 'net_profit': 9.18}, {'period': ""Q1 '25"", 'revenue': 288.77, 'unit': 'M', 'net_profit': 17.36}, {'period': ""Q4 '24"", 'revenue': 286.9, 'unit': 'M', 'net_profit': 17.68}, {'period': ""Q3 '24"", 'revenue': 298.39, 'unit': 'M', 'net_profit': 18.03}]",,,,,,,,,,,,,,,,,__nan__,__nan__
85,AIO,Virtus AllianzGI Artificial Intelligence & Technology Opportunities Fund Common Shares,,,,,,,,,,,,,,,[],"[{'period': ""Q2 '25"", 'revenue': 50.03, 'unit': 'M', 'net_profit': 45.71}, {'period': ""Q4 '24"", 'revenue': 64.81, 'unit': 'M', 'net_profit': 99.34}, {'period': ""Q2 '24"", 'revenue': 52.12, 'unit': 'M', 'net_profit': 62.32}, {'period': ""Q4 '23"", 'revenue': 34.15, 'unit': 'M', 'net_profit': 48.04}, {'period': ""Q2 '23"", 'revenue': 12.95, 'unit': 'M', 'net_profit': 37.38}, {'period': ""Q4 '22"", 'revenue': 1.43, 'unit': 'M', 'net_profit': 15.32}]",,,,,,,,,,,,,,,,,__nan__,__nan__
86,AIR,AAR Corp. Common Stock,,,,,,,,,,,,,,,[],"[{'period': ""Q3 '26"", 'revenue': 845.1, 'unit': 'M', 'net_profit': 68.0}, {'period': ""Q2 '26"", 'revenue': 795.3, 'unit': 'M', 'net_profit': 34.6}, {'period': ""Q1 '26"", 'revenue': 739.6, 'unit': 'M', 'net_profit': 34.4}, {'period': ""Q4 '25"", 'revenue': 754.5, 'unit': 'M', 'net_profit': 34.0}, {'period': ""Q3 '25"", 'revenue': 678.2, 'unit': 'M', 'net_profit': -8.9}, {'period': ""Q2 '25"", 'revenue': 686.1, 'unit': 'M', 'net_profit': -30.6}]",,,,,,,,,,,,,,,,,__nan__,__nan__
87,AIRC,Apartment Income REIT Corp. Common Stock,,,,,,,,,,,,,,,[],"[{'period': ""Q1 '24"", 'revenue': 198.66, 'unit': 'M', 'net_profit': -6.53}, {'period': ""Q4 '23"", 'revenue': 196.36, 'unit': 'M', 'net_profit': -16.21}, {'period': ""Q3 '23"", 'revenue': 197.31, 'unit': 'M', 'net_profit': 664.03}, {'period': ""Q2 '23"", 'revenue': 214.56, 'unit': 'M', 'net_profit': -1.34}, {'period': ""Q1 '23"", 'revenue': 211.99, 'unit': 'M', 'net_profit': -9.95}, {'period': ""Q4 '22"", 'revenue': 207.87, 'unit': 'M', 'net_profit': 329.57}]",,,,,,,,,,,,,,,,,__nan__,__nan__
88,AIT,Applied Industrial Technologies Inc. Common Stock,,,,,,,,,,,,,,,[],"[{'period': ""Q2 '26"", 'revenue': 1160.0, 'unit': 'M', 'net_profit': 95.35}, {'period': ""Q1 '26"", 'revenue': 1200.0, 'unit': 'M', 'net_profit': 100.81}, {'period': ""Q4 '25"", 'revenue': 1220.0, 'unit': 'M', 'net_profit': 107.84}, {'period': ""Q3 '25"", 'revenue': 1170.0, 'unit': 'M', 'net_profit': 99.8}, {'period': ""Q2 '25"", 'revenue': 1070.0, 'unit': 'M', 'net_profit': 93.29}, {'period': ""Q1 '25"", 'revenue': 1100.0, 'unit': 'M', 'net_profit': 92.06}]",,,,,,,,,,,,,,,,,__nan__,__nan__
89,AIV,Apartment Investment and Management Company Common Stock,,,,,,,,,,,,,,,[],"[{'period': ""Q4 '25"", 'revenue': 34.64, 'unit': 'M', 'net_profit': 293.19}, {'period': ""Q3 '25"", 'revenue': 35.13, 'unit': 'M', 'net_profit': 286.71}, {'period': ""Q2 '25"", 'revenue': 52.76, 'unit': 'M', 'net_profit': -19.3}, {'period': ""Q1 '25"", 'revenue': 52.35, 'unit': 'M', 'net_profit': -13.92}, {'period': ""Q4 '24"", 'revenue': 54.17, 'unit': 'M', 'net_profit': -9.82}, {'period': ""Q3 '24"", 'revenue': 35.33, 'unit': 'M', 'net_profit': -21.94}]",,,,,,,,,,,,,,,,,__nan__,__nan__
90,AIW,Arlington Asset Investment Corp 6.625% Notes due 2023,,,,,,,,,,,,,,,[],"[{'period': ""Q3 '23"", 'revenue': -3.18, 'unit': 'M', 'net_profit': -7.27}, {'period': ""Q2 '23"", 'revenue': 10.97, 'unit': 'M', 'net_profit': 4.21}, {'period': ""Q1 '23"", 'revenue': 1.8, 'unit': 'M', 'net_profit': -2.88}, {'period': ""Q4 '22"", 'revenue': 9.57, 'unit': 'M', 'net_profit': 3.73}, {'period': ""Q3 '22"", 'revenue': 9.75, 'unit': 'M', 'net_profit': 2.76}, {'period': ""Q2 '22"", 'revenue': 6810.0, 'unit': 'K', 'net_profit': -400.0}]",,,,,,,,,,,,,,,,,__nan__,__nan__
91,AIZ,Assurant Inc. Common Stock,,,,,,,,,,,,,,,[],"[{'period': ""Q4 '25"", 'revenue': 3350.0, 'unit': 'M', 'net_profit': 225.2}, {'period': ""Q3 '25"", 'revenue': 3230.0, 'unit': 'M', 'net_profit': 265.6}, {'period': ""Q2 '25"", 'revenue': 3160.0, 'unit': 'M', 'net_profit': 235.3}, {'period': ""Q1 '25"", 'revenue': 3070.0, 'unit': 'M', 'net_profit': 146.6}, {'period': ""Q4 '24"", 'revenue': 3100.0, 'unit': 'M', 'net_profit': 201.3}, {'period': ""Q3 '24"", 'revenue': 2970.0, 'unit': 'M', 'net_profit': 133.8}]",,,,,,,,,,,,,,,,,__nan__,__nan__
92,AIZN,Assurant Inc. 5.25% Subordinated Notes due 2061,,,,,,,,,,,,,,,[],"[{'period': ""Q4 '25"", 'revenue': 3350.0, 'unit': 'M', 'net_profit': 225.2}, {'period': ""Q3 '25"", 'revenue': 3230.0, 'unit': 'M', 'net_profit': 265.6}, {'period': ""Q2 '25"", 'revenue': 3160.0, 'unit': 'M', 'net_profit': 235.3}, {'period': ""Q1 '25"", 'revenue': 3070.0, 'unit': 'M', 'net_profit': 146.6}, {'period': ""Q4 '24"", 'revenue': 3100.0, 'unit': 'M', 'net_profit': 201.3}, {'period': ""Q3 '24"", 'revenue': 2970.0, 'unit': 'M', 'net_profit': 133.8}]",,,,,,,,,,,,,,,,,__nan__,__nan__
93,AJAX,Ajax I Class A Ordinary Shares,,,,,,,,,,,,,,,[],[],,,,,,,,,,,,,,,,,__nan__,__nan__
94,AJG,Arthur J. Gallagher & Co. Common Stock,,,,,,,,,,,,,,,[],"[{'period': ""Q4 '25"", 'revenue': 3630.0, 'unit': 'M', 'net_profit': 151.0}, {'period': ""Q3 '25"", 'revenue': 3370.0, 'unit': 'M', 'net_profit': 272.7}, {'period': ""Q2 '25"", 'revenue': 3220.0, 'unit': 'M', 'net_profit': 365.8}, {'period': ""Q1 '25"", 'revenue': 3730.0, 'unit': 'M', 'net_profit': 704.4}, {'period': ""Q4 '24"", 'revenue': 2720.0, 'unit': 'M', 'net_profit': 258.3}, {'period': ""Q3 '24"", 'revenue': 2810.0, 'unit': 'M', 'net_profit': 312.6}]",,,,,,,,,,,,,,,,,__nan__,__nan__
95,AJRD,Aerojet Rocketdyne Holdings Inc. Common Stock,,,,,,,,,,,,,,,[],"[{'period': ""Q1 '23"", 'revenue': 566.3, 'unit': 'M', 'net_profit': 27.8}, {'period': ""Q4 '22"", 'revenue': 648.2, 'unit': 'M', 'net_profit': 16.1}, {'period': ""Q3 '22"", 'revenue': 549.8, 'unit': 'M', 'net_profit': 13.7}, {'period': ""Q2 '22"", 'revenue': 528.5, 'unit': 'M', 'net_profit': 16.4}, {'period': ""Q1 '22"", 'revenue': 511.1, 'unit': 'M', 'net_profit': 27.8}, {'period': ""Q4 '21"", 'revenue': 589.7, 'unit': 'M', 'net_profit': 38.0}]",,,,,,,,,,,,,,,,,__nan__,__nan__
96,AJX,Great Ajax Corp. Common Stock,,,,,,,,,,,,,,,[],"[{'period': ""Q4 '25"", 'revenue': 0.0, 'unit': 'K', 'net_profit': 664.0}, {'period': ""Q3 '25"", 'revenue': 0.0, 'unit': 'M', 'net_profit': -1.56}, {'period': ""Q2 '25"", 'revenue': 0.0, 'unit': 'M', 'net_profit': 1.9}, {'period': ""Q1 '25"", 'revenue': 0.249, 'unit': 'M', 'net_profit': -3.74}, {'period': ""Q4 '24"", 'revenue': -78.06, 'unit': 'M', 'net_profit': 2.03}, {'period': ""Q3 '24"", 'revenue': -2.78, 'unit': 'M', 'net_profit': -8.03}]",,,,,,,,,,,,,,,,,__nan__,__nan__
97,AJXA,Great Ajax Corp. 7.25% Convertible Senior Notes due 2024,,,,,,,,,,,,,,,[],"[{'period': ""Q4 '25"", 'revenue': 0.0, 'unit': 'M', 'net_profit': 1.95}, {'period': ""Q3 '25"", 'revenue': 0.0, 'unit': 'M', 'net_profit': -1.56}, {'period': ""Q2 '25"", 'revenue': 0.0, 'unit': 'M', 'net_profit': 1.9}, {'period': ""Q1 '25"", 'revenue': 13.2, 'unit': 'M', 'net_profit': -3.39}, {'period': ""Q4 '24"", 'revenue': 18.31, 'unit': 'M', 'net_profit': 11.22}, {'period': ""Q3 '24"", 'revenue': -2.78, 'unit': 'M', 'net_profit': -8.03}]",,,,,,,,,,,,,,,,,__nan__,__nan__
98,AKO/A,Embotelladora Andina S.A.,,,,,,,,,,,,,,,[],[],,,,,,,,,,,,,,,,,__nan__,__nan__
99,AKO/B,Embotelladora Andina S.A.,,,,,,,,,,,,,,,[],[],,,,,,,,,,,,,,,,,__nan__,__nan__
100,AKR,Acadia Realty Trust Common Stock,,,,,,,,,,,,,,,[],"[{'period': ""Q4 '25"", 'revenue': 104.77, 'unit': 'M', 'net_profit': 7.71}, {'period': ""Q3 '25"", 'revenue': 101.01, 'unit': 'M', 'net_profit': 5.62}, {'period': ""Q2 '25"", 'revenue': 100.59, 'unit': 'M', 'net_profit': 1.96}, {'period': ""Q1 '25"", 'revenue': 104.39, 'unit': 'M', 'net_profit': 1.61}, {'period': ""Q4 '24"", 'revenue': 93.33, 'unit': 'M', 'net_profit': 8.52}, {'period': ""Q3 '24"", 'revenue': 87.75, 'unit': 'M', 'net_profit': 8.41}]",,,,,,,,,,,,,,,,,__nan__,__nan__
101,AL,Air Lease Corporation Class A Common Stock,,,,,,,,,,,,,,,[],"[{'period': ""Q4 '25"", 'revenue': 820.38, 'unit': 'M', 'net_profit': 180.93}, {'period': ""Q3 '25"", 'revenue': 725.39, 'unit': 'M', 'net_profit': 146.46}, {'period': ""Q2 '25"", 'revenue': 731.7, 'unit': 'M', 'net_profit': 385.17}, {'period': ""Q1 '25"", 'revenue': 738.28, 'unit': 'M', 'net_profit': 375.83}, {'period': ""Q4 '24"", 'revenue': 712.89, 'unit': 'M', 'net_profit': 112.92}, {'period': ""Q3 '24"", 'revenue': 690.16, 'unit': 'M', 'net_profit': 103.97}]",,,,,,,,,,,,,,,,,__nan__,__nan__
102,ALB,Albemarle Corporation Common Stock,,,,,,,,,,,,,,,[],"[{'period': ""Q4 '25"", 'revenue': 1430.0, 'unit': 'M', 'net_profit': -414.18}, {'period': ""Q3 '25"", 'revenue': 1310.0, 'unit': 'M', 'net_profit': -160.69}, {'period': ""Q2 '25"", 'revenue': 1330.0, 'unit': 'M', 'net_profit': 22.9}, {'period': ""Q1 '25"", 'revenue': 1080.0, 'unit': 'M', 'net_profit': 41.35}, {'period': ""Q4 '24"", 'revenue': 1230.0, 'unit': 'M', 'net_profit': 75.29}, {'period': ""Q3 '24"", 'revenue': 1.35, 'unit': 'B', 'net_profit': -1.07}]",,,,,,,,,,,,,,,,,__nan__,__nan__
103,ALC,Alcon Inc. Ordinary Shares,,,,,,,,,,,,,,,[],"[{'period': ""Q4 '25"", 'revenue': 2720.0, 'unit': 'M', 'net_profit': 217.0}, {'period': ""Q3 '25"", 'revenue': 2610.0, 'unit': 'M', 'net_profit': 237.0}, {'period': ""Q2 '25"", 'revenue': 2600.0, 'unit': 'M', 'net_profit': 176.0}, {'period': ""Q1 '25"", 'revenue': 2470.0, 'unit': 'M', 'net_profit': 350.0}, {'period': ""Q4 '24"", 'revenue': 2500.0, 'unit': 'M', 'net_profit': 284.0}, {'period': ""Q3 '24"", 'revenue': 2450.0, 'unit': 'M', 'net_profit': 263.0}]",,,,,,,,,,,,,,,,,__nan__,__nan__
104,ALE,Allete Inc.,,,,,,,,,,,,,,,[],"[{'period': ""Q3 '25"", 'revenue': 375.0, 'unit': 'M', 'net_profit': 27.1}, {'period': ""Q2 '25"", 'revenue': 360.3, 'unit': 'M', 'net_profit': 31.9}, {'period': ""Q1 '25"", 'revenue': 400.2, 'unit': 'M', 'net_profit': 56.1}, {'period': ""Q4 '24"", 'revenue': 364.8, 'unit': 'M', 'net_profit': 50.6}, {'period': ""Q3 '24"", 'revenue': 407.2, 'unit': 'M', 'net_profit': 45.0}, {'period': ""Q2 '24"", 'revenue': 354.5, 'unit': 'M', 'net_profit': 33.0}]",,,,,,,,,,,,,,,,,__nan__,__nan__
105,ALEX,Alexander & Baldwin Inc. Common Stock REIT Holding Company,,,,,,,,,,,,,,,[],"[{'period': ""Q4 '25"", 'revenue': 50.98, 'unit': 'M', 'net_profit': 3.78}, {'period': ""Q3 '25"", 'revenue': 50.25, 'unit': 'M', 'net_profit': 14.34}, {'period': ""Q2 '25"", 'revenue': 51.7, 'unit': 'M', 'net_profit': 25.13}, {'period': ""Q1 '25"", 'revenue': 53.74, 'unit': 'M', 'net_profit': 21.43}, {'period': ""Q4 '24"", 'revenue': 62.45, 'unit': 'M', 'net_profit': 12.44}, {'period': ""Q3 '24"", 'revenue': 61.94, 'unit': 'M', 'net_profit': 19.0}]",,,,,,,,,,,,,,,,,__nan__,__nan__
106,ALG,Alamo Group Inc. Common Stock,,,,,,,,,,,,,,,[],"[{'period': ""Q4 '25"", 'revenue': 373.65, 'unit': 'M', 'net_profit': 15.51}, {'period': ""Q3 '25"", 'revenue': 420.04, 'unit': 'M', 'net_profit': 25.38}, {'period': ""Q2 '25"", 'revenue': 419.07, 'unit': 'M', 'net_profit': 31.11}, {'period': ""Q1 '25"", 'revenue': 390.95, 'unit': 'M', 'net_profit': 31.8}, {'period': ""Q4 '24"", 'revenue': 385.32, 'unit': 'M', 'net_profit': 28.08}, {'period': ""Q3 '24"", 'revenue': 401.3, 'unit': 'M', 'net_profit': 27.41}]",,,,,,,,,,,,,,,,,__nan__,__nan__
107,ALK,Alaska Air Group Inc. Common Stock,,,,,,,,,,,,,,,[],"[{'period': ""Q4 '25"", 'revenue': 3630.0, 'unit': 'M', 'net_profit': 21.0}, {'period': ""Q3 '25"", 'revenue': 3770.0, 'unit': 'M', 'net_profit': 73.0}, {'period': ""Q2 '25"", 'revenue': 3700.0, 'unit': 'M', 'net_profit': 172.0}, {'period': ""Q1 '25"", 'revenue': 3140.0, 'unit': 'M', 'net_profit': -166.0}, {'period': ""Q4 '24"", 'revenue': 3530.0, 'unit': 'M', 'net_profit': 71.0}, {'period': ""Q3 '24"", 'revenue': 3070.0, 'unit': 'M', 'net_profit': 236.0}]",,,,,,,,,,,,,,,,,__nan__,__nan__
108,ALL,Allstate Corporation (The) Common Stock,,,,,,,,,,,,,,,[],"[{'period': ""Q4 '25"", 'revenue': 16.59, 'unit': 'B', 'net_profit': 3.83}, {'period': ""Q3 '25"", 'revenue': 17.06, 'unit': 'B', 'net_profit': 3.75}, {'period': ""Q2 '25"", 'revenue': 16.55, 'unit': 'B', 'net_profit': 2.11}, {'period': ""Q1 '25"", 'revenue': 16260.000000000002, 'unit': 'M', 'net_profit': 595.0}, {'period': ""Q4 '24"", 'revenue': 16.34, 'unit': 'B', 'net_profit': 1.93}, {'period': ""Q3 '24"", 'revenue': 16.5, 'unit': 'B', 'net_profit': 1.19}]",,,,,,,,,,,,,,,,,__nan__,__nan__
109,ALLE,Allegion plc Ordinary Shares,,,,,,,,,,,,,,,[],"[{'period': ""Q4 '25"", 'revenue': 1030.0, 'unit': 'M', 'net_profit': 147.5}, {'period': ""Q3 '25"", 'revenue': 1070.0, 'unit': 'M', 'net_profit': 188.4}, {'period': ""Q2 '25"", 'revenue': 1020.0, 'unit': 'M', 'net_profit': 159.7}, {'period': ""Q1 '25"", 'revenue': 941.9, 'unit': 'M', 'net_profit': 148.2}, {'period': ""Q4 '24"", 'revenue': 945.6, 'unit': 'M', 'net_profit': 144.1}, {'period': ""Q3 '24"", 'revenue': 967.1, 'unit': 'M', 'net_profit': 174.2}]",,,,,,,,,,,,,,,,,__nan__,__nan__
110,ALLY,Ally Financial Inc. Common Stock,,,,,,,,,,,,,,,[],"[{'period': ""Q4 '25"", 'revenue': 3940.0, 'unit': 'M', 'net_profit': 327.0}, {'period': ""Q3 '25"", 'revenue': 3950.0, 'unit': 'M', 'net_profit': 398.0}, {'period': ""Q2 '25"", 'revenue': 3880.0, 'unit': 'M', 'net_profit': 352.0}, {'period': ""Q1 '25"", 'revenue': 3430.0, 'unit': 'M', 'net_profit': -225.0}, {'period': ""Q4 '24"", 'revenue': 4040.0, 'unit': 'M', 'net_profit': 108.0}, {'period': ""Q3 '24"", 'revenue': 4180.0, 'unit': 'M', 'net_profit': 357.0}]",,,,,,,,,,,,,,,,,__nan__,__nan__
111,ALSN,Allison Transmission Holdings Inc. Common Stock,,,,,,,,,,,,,,,[],"[{'period': ""Q4 '25"", 'revenue': 737.0, 'unit': 'M', 'net_profit': 99.0}, {'period': ""Q3 '25"", 'revenue': 693.0, 'unit': 'M', 'net_profit': 137.0}, {'period': ""Q2 '25"", 'revenue': 814.0, 'unit': 'M', 'net_profit': 195.0}, {'period': ""Q1 '25"", 'revenue': 766.0, 'unit': 'M', 'net_profit': 192.0}, {'period': ""Q4 '24"", 'revenue': 796.0, 'unit': 'M', 'net_profit': 175.0}, {'period': ""Q3 '24"", 'revenue': 824.0, 'unit': 'M', 'net_profit': 200.0}]",,,,,,,,,,,,,,,,,__nan__,__nan__
112,ALTG,Alta Equipment Group Inc. Class A Common Stock,,,,,,,,,,,,,,,[],"[{'period': ""Q4 '25"", 'revenue': 509.1, 'unit': 'M', 'net_profit': -11.7}, {'period': ""Q3 '25"", 'revenue': 422.6, 'unit': 'M', 'net_profit': -41.6}, {'period': ""Q2 '25"", 'revenue': 481.2, 'unit': 'M', 'net_profit': -6.1}, {'period': ""Q1 '25"", 'revenue': 423.0, 'unit': 'M', 'net_profit': -20.9}, {'period': ""Q4 '24"", 'revenue': 498.1, 'unit': 'M', 'net_profit': -10.6}, {'period': ""Q3 '24"", 'revenue': 448.8, 'unit': 'M', 'net_profit': -27.7}]",,,,,,,,,,,,,,,,,__nan__,__nan__
113,ALUS,Alussa Energy Acquisition Corp. Class A Ordinary Shares,,,,,,,,,,,,,,,[],"[{'period': ""Q1 '21"", 'revenue': 0.0, 'unit': 'M', 'net_profit': -30.92}, {'period': ""Q4 '20"", 'revenue': 0.0, 'unit': 'M', 'net_profit': -3.87}, {'period': ""Q3 '20"", 'revenue': 0.0, 'unit': 'K', 'net_profit': -175.0}, {'period': ""Q2 '20"", 'revenue': 0.0, 'unit': 'K', 'net_profit': -416.0}, {'period': ""Q1 '20"", 'revenue': 0.0, 'unit': 'M', 'net_profit': 1.27}, {'period': ""Q4 '19"", 'revenue': -5.8, 'unit': 'M', 'net_profit': 20.52}]",,,,,,,,,,,,,,,,,__nan__,__nan__
114,ALV,Autoliv Inc. Common Stock,,,,,,,,,,,,,,,[],"[{'period': ""Q4 '25"", 'revenue': 2820.0, 'unit': 'M', 'net_profit': 226.0}, {'period': ""Q3 '25"", 'revenue': 2710.0, 'unit': 'M', 'net_profit': 175.0}, {'period': ""Q2 '25"", 'revenue': 2710.0, 'unit': 'M', 'net_profit': 167.0}, {'period': ""Q1 '25"", 'revenue': 2580.0, 'unit': 'M', 'net_profit': 167.0}, {'period': ""Q4 '24"", 'revenue': 2620.0, 'unit': 'M', 'net_profit': 243.0}, {'period': ""Q3 '24"", 'revenue': 2560.0, 'unit': 'M', 'net_profit': 138.0}]",,,,,,,,,,,,,,,,,__nan__,__nan__
115,ALX,Alexander's Inc. Common Stock,,,,,,,,,,,,,,,[],"[{'period': ""Q4 '25"", 'revenue': 53.26, 'unit': 'M', 'net_profit': 3.82}, {'period': ""Q3 '25"", 'revenue': 53.42, 'unit': 'M', 'net_profit': 5.97}, {'period': ""Q2 '25"", 'revenue': 51.59, 'unit': 'M', 'net_profit': 6.12}, {'period': ""Q1 '25"", 'revenue': 54.91, 'unit': 'M', 'net_profit': 12.31}, {'period': ""Q4 '24"", 'revenue': 55.91, 'unit': 'M', 'net_profit': 12.28}, {'period': ""Q3 '24"", 'revenue': 55.67, 'unit': 'M', 'net_profit': 6.68}]",,,,,,,,,,,,,,,,,__nan__,__nan__
116,AM,Antero Midstream Corporation Common Stock,,,,,,,,,,,,,,,[],"[{'period': ""Q4 '25"", 'revenue': 314.67, 'unit': 'M', 'net_profit': 51.93}, {'period': ""Q3 '25"", 'revenue': 312.49, 'unit': 'M', 'net_profit': 115.98}, {'period': ""Q2 '25"", 'revenue': 323.14, 'unit': 'M', 'net_profit': 124.51}, {'period': ""Q1 '25"", 'revenue': 308.8, 'unit': 'M', 'net_profit': 120.74}, {'period': ""Q4 '24"", 'revenue': 305.14, 'unit': 'M', 'net_profit': 111.19}, {'period': ""Q3 '24"", 'revenue': 287.54, 'unit': 'M', 'net_profit': 99.74}]",,,,,,,,,,,,,,,,,__nan__,__nan__
117,AMBC,Ambac Financial Group Inc. Common Stock,,,,,,,,,,,,,,,[],"[{'period': ""Q4 '25"", 'revenue': 66.9, 'unit': 'M', 'net_profit': -29.67}, {'period': ""Q3 '25"", 'revenue': 66.61, 'unit': 'M', 'net_profit': -112.62}, {'period': ""Q2 '25"", 'revenue': 54.96, 'unit': 'M', 'net_profit': -72.7}, {'period': ""Q1 '25"", 'revenue': 62.76, 'unit': 'M', 'net_profit': -46.39}, {'period': ""Q4 '24"", 'revenue': -85.19, 'unit': 'M', 'net_profit': -548.45}, {'period': ""Q3 '24"", 'revenue': 70.0, 'unit': 'M', 'net_profit': -27.5}]",,,,,,,,,,,,,,,,,__nan__,__nan__
118,AMC,AMC Entertainment Holdings Inc. Class A Common Stock,,,,,,,,,,,,,,,[],"[{'period': ""Q4 '25"", 'revenue': 1290.0, 'unit': 'M', 'net_profit': -127.4}, {'period': ""Q3 '25"", 'revenue': 1300.0, 'unit': 'M', 'net_profit': -298.2}, {'period': ""Q2 '25"", 'revenue': 1400.0, 'unit': 'M', 'net_profit': -4.7}, {'period': ""Q1 '25"", 'revenue': 862.5, 'unit': 'M', 'net_profit': -202.1}, {'period': ""Q4 '24"", 'revenue': 1310.0, 'unit': 'M', 'net_profit': -135.6}, {'period': ""Q3 '24"", 'revenue': 1350.0, 'unit': 'M', 'net_profit': -20.7}]",,,,,,,,,,,,,,,,,__nan__,__nan__
119,AMCR,Amcor plc Ordinary Shares,,,,,,,,,,,,,,,[],"[{'period': ""Q2 '26"", 'revenue': 5450.0, 'unit': 'M', 'net_profit': 177.0}, {'period': ""Q1 '26"", 'revenue': 5750.0, 'unit': 'M', 'net_profit': 262.0}, {'period': ""Q4 '25"", 'revenue': 5080.0, 'unit': 'M', 'net_profit': -39.0}, {'period': ""Q3 '25"", 'revenue': 3330.0, 'unit': 'M', 'net_profit': 196.0}, {'period': ""Q2 '25"", 'revenue': 3240.0, 'unit': 'M', 'net_profit': 163.0}, {'period': ""Q1 '25"", 'revenue': 3350.0, 'unit': 'M', 'net_profit': 191.0}]",,,,,,,,,,,,,,,,,__nan__,__nan__
120,AME,AMETEK Inc.,,,,,,,,,,,,,,,[],"[{'period': ""Q4 '25"", 'revenue': 2000.0, 'unit': 'M', 'net_profit': 398.6}, {'period': ""Q3 '25"", 'revenue': 1890.0, 'unit': 'M', 'net_profit': 371.42}, {'period': ""Q2 '25"", 'revenue': 1780.0, 'unit': 'M', 'net_profit': 358.37}, {'period': ""Q1 '25"", 'revenue': 1730.0, 'unit': 'M', 'net_profit': 351.76}, {'period': ""Q4 '24"", 'revenue': 1760.0, 'unit': 'M', 'net_profit': 387.26}, {'period': ""Q3 '24"", 'revenue': 1710.0, 'unit': 'M', 'net_profit': 340.24}]",,,,,,,,,,,,,,,,,__nan__,__nan__
121,AMG,Affiliated Managers Group Inc. Common Stock,,,,,,,,,,,,,,,[],"[{'period': ""Q4 '25"", 'revenue': 800.4, 'unit': 'M', 'net_profit': 347.6}, {'period': ""Q3 '25"", 'revenue': 528.0, 'unit': 'M', 'net_profit': 212.4}, {'period': ""Q2 '25"", 'revenue': 493.2, 'unit': 'M', 'net_profit': 84.3}, {'period': ""Q1 '25"", 'revenue': 496.6, 'unit': 'M', 'net_profit': 72.4}, {'period': ""Q4 '24"", 'revenue': 524.3, 'unit': 'M', 'net_profit': 162.1}, {'period': ""Q3 '24"", 'revenue': 516.4, 'unit': 'M', 'net_profit': 123.6}]",,,,,,,,,,,,,,,,,__nan__,__nan__
122,AMH,American Homes 4 Rent Common Shares of Beneficial Interest,,,,,,,,,,,,,,,[],"[{'period': ""Q4 '25"", 'revenue': 459.26, 'unit': 'M', 'net_profit': 127.29}, {'period': ""Q3 '25"", 'revenue': 478.46, 'unit': 'M', 'net_profit': 102.86}, {'period': ""Q2 '25"", 'revenue': 457.5, 'unit': 'M', 'net_profit': 109.04}, {'period': ""Q1 '25"", 'revenue': 459.28, 'unit': 'M', 'net_profit': 113.46}, {'period': ""Q4 '24"", 'revenue': 436.59, 'unit': 'M', 'net_profit': 126.72}, {'period': ""Q3 '24"", 'revenue': 445.06, 'unit': 'M', 'net_profit': 77.31}]",,,,,,,,,,,,,,,,,__nan__,__nan__
123,AMK,AssetMark Financial Holdings Inc. Common Stock,,,,,,,,,,,,,,,[],"[{'period': ""Q2 '24"", 'revenue': 198.49, 'unit': 'M', 'net_profit': 32.31}, {'period': ""Q1 '24"", 'revenue': 190.27, 'unit': 'M', 'net_profit': 37.96}, {'period': ""Q4 '23"", 'revenue': 158.18, 'unit': 'M', 'net_profit': 34.63}, {'period': ""Q3 '23"", 'revenue': 190.52, 'unit': 'M', 'net_profit': 38.38}, {'period': ""Q2 '23"", 'revenue': 183.23, 'unit': 'M', 'net_profit': 32.88}, {'period': ""Q1 '23"", 'revenue': 176.56, 'unit': 'M', 'net_profit': 17.22}]",,,,,,,,,,,,,,,,,__nan__,__nan__
124,AMN,AMN Healthcare Services Inc AMN Healthcare Services Inc,,,,,,,,,,,,,,,[],"[{'period': ""Q4 '25"", 'revenue': 748.23, 'unit': 'M', 'net_profit': -7.7}, {'period': ""Q3 '25"", 'revenue': 634.5, 'unit': 'M', 'net_profit': 29.29}, {'period': ""Q2 '25"", 'revenue': 658.17, 'unit': 'M', 'net_profit': -116.2}, {'period': ""Q1 '25"", 'revenue': 689.53, 'unit': 'M', 'net_profit': -1.09}, {'period': ""Q4 '24"", 'revenue': 734.71, 'unit': 'M', 'net_profit': -187.53}, {'period': ""Q3 '24"", 'revenue': 687.51, 'unit': 'M', 'net_profit': 6.99}]",,,,,,,,,,,,,,,,,__nan__,__nan__
125,AMOV,America Movil S.A.B. de C.V. Class A American Depositary Shares,,,,,,,,,,,,,,,[],"[{'period': ""Q3 '24"", 'revenue': 223.46, 'unit': 'B', 'net_profit': 6.43}, {'period': ""Q2 '24"", 'revenue': 205.52, 'unit': 'B', 'net_profit': -1.09}, {'period': ""Q1 '24"", 'revenue': 203.3, 'unit': 'B', 'net_profit': 13.49}, {'period': ""Q4 '23"", 'revenue': 200.71, 'unit': 'B', 'net_profit': 18.06}, {'period': ""Q3 '23"", 'revenue': 203.84, 'unit': 'B', 'net_profit': 2.03}, {'period': ""Q2 '23"", 'revenue': 202.53, 'unit': 'B', 'net_profit': 25.88}]",,,,,,,,,,,,,,,,,__nan__,__nan__
126,AMP,Ameriprise Financial Inc. Common Stock,,,,,,,,,,,,,,,[],"[{'period': ""Q4 '25"", 'revenue': 5.05, 'unit': 'B', 'net_profit': 1.01}, {'period': ""Q3 '25"", 'revenue': 4870.0, 'unit': 'M', 'net_profit': 912.0}, {'period': ""Q2 '25"", 'revenue': 4.49, 'unit': 'B', 'net_profit': 1.06}, {'period': ""Q1 '25"", 'revenue': 4480.0, 'unit': 'M', 'net_profit': 583.0}, {'period': ""Q4 '24"", 'revenue': 4.66, 'unit': 'B', 'net_profit': 1.07}, {'period': ""Q3 '24"", 'revenue': 4580.0, 'unit': 'M', 'net_profit': 511.0}]",,,,,,,,,,,,,,,,,__nan__,__nan__
127,AMPI,Advanced Merger Partners Inc. Class A Common Stock,,,,,,,,,,,,,,,[],"[{'period': ""Q3 '22"", 'revenue': 0.0, 'unit': 'M', 'net_profit': 12.42}, {'period': ""Q2 '22"", 'revenue': 0.0, 'unit': 'M', 'net_profit': 3.4}, {'period': ""Q1 '22"", 'revenue': 0.0, 'unit': 'M', 'net_profit': 3.07}, {'period': ""Q4 '21"", 'revenue': 0.0, 'unit': 'M', 'net_profit': 2.07}, {'period': ""Q3 '21"", 'revenue': 0.0, 'unit': 'M', 'net_profit': 6.07}, {'period': ""Q2 '21"", 'revenue': 0.0, 'unit': 'M', 'net_profit': -4.63}]",,,,,,,,,,,,,,,,,__nan__,__nan__
128,AMPY,Amplify Energy Corp. Common Stock,,,,,,,,,,,,,,,[],"[{'period': ""Q4 '25"", 'revenue': 56.55, 'unit': 'M', 'net_profit': 64.41}, {'period': ""Q3 '25"", 'revenue': 66.4, 'unit': 'M', 'net_profit': -20.97}, {'period': ""Q2 '25"", 'revenue': 68.36, 'unit': 'M', 'net_profit': 6.38}, {'period': ""Q1 '25"", 'revenue': 72.05, 'unit': 'M', 'net_profit': -5.86}, {'period': ""Q4 '24"", 'revenue': 69.02, 'unit': 'M', 'net_profit': -7.43}, {'period': ""Q3 '24"", 'revenue': 69.86, 'unit': 'M', 'net_profit': 22.65}]",,,,,,,,,,,,,,,,,__nan__,__nan__
129,AMR,Alpha Metallurgical Resources Inc. Common Stock,,,,,,,,,,,,,,,[],"[{'period': ""Q4 '25"", 'revenue': 520.47, 'unit': 'M', 'net_profit': -17.27}, {'period': ""Q3 '25"", 'revenue': 526.78, 'unit': 'M', 'net_profit': -5.51}, {'period': ""Q2 '25"", 'revenue': 550.27, 'unit': 'M', 'net_profit': -4.95}, {'period': ""Q1 '25"", 'revenue': 531.96, 'unit': 'M', 'net_profit': -33.95}, {'period': ""Q4 '24"", 'revenue': 617.35, 'unit': 'M', 'net_profit': -2.13}, {'period': ""Q3 '24"", 'revenue': 671.9, 'unit': 'M', 'net_profit': 3.8}]",,,,,,,,,,,,,,,,,__nan__,__nan__
130,AMRC,Ameresco Inc. Class A Common Stock,,,,,,,,,,,,,,,[],"[{'period': ""Q4 '25"", 'revenue': 581.03, 'unit': 'M', 'net_profit': 18.37}, {'period': ""Q3 '25"", 'revenue': 525.99, 'unit': 'M', 'net_profit': 18.53}, {'period': ""Q2 '25"", 'revenue': 472.28, 'unit': 'M', 'net_profit': 12.86}, {'period': ""Q1 '25"", 'revenue': 352.83, 'unit': 'M', 'net_profit': -5.48}, {'period': ""Q4 '24"", 'revenue': 532.67, 'unit': 'M', 'net_profit': 37.09}, {'period': ""Q3 '24"", 'revenue': 500.87, 'unit': 'M', 'net_profit': 17.6}]",,,,,,,,,,,,,,,,,__nan__,__nan__
131,AMRX,Amneal Pharmaceuticals Inc. Class A Common Stock,,,,,,,,,,,,,,,[],"[{'period': ""Q4 '25"", 'revenue': 814.32, 'unit': 'M', 'net_profit': 35.08}, {'period': ""Q3 '25"", 'revenue': 784.51, 'unit': 'M', 'net_profit': 2.37}, {'period': ""Q2 '25"", 'revenue': 724.51, 'unit': 'M', 'net_profit': 22.42}, {'period': ""Q1 '25"", 'revenue': 695.42, 'unit': 'M', 'net_profit': 12.2}, {'period': ""Q4 '24"", 'revenue': 730.52, 'unit': 'M', 'net_profit': -31.08}, {'period': ""Q3 '24"", 'revenue': 702470.0, 'unit': 'K', 'net_profit': -156.0}]",,,,,,,,,,,,,,,,,__nan__,__nan__
132,AMT,American Tower Corporation (REIT) Common Stock,,,,,,,,,,,,,,,[],"[{'period': ""Q4 '25"", 'revenue': 2740.0, 'unit': 'M', 'net_profit': 821.0}, {'period': ""Q3 '25"", 'revenue': 2720.0, 'unit': 'M', 'net_profit': 853.3}, {'period': ""Q2 '25"", 'revenue': 2630.0, 'unit': 'M', 'net_profit': 366.8}, {'period': ""Q1 '25"", 'revenue': 2560.0, 'unit': 'M', 'net_profit': 488.7}, {'period': ""Q4 '24"", 'revenue': 2.55, 'unit': 'B', 'net_profit': 1.23}, {'period': ""Q3 '24"", 'revenue': 2520.0, 'unit': 'M', 'net_profit': -792.3}]",,,,,,,,,,,,,,,,,__nan__,__nan__
133,AMWL,American Well Corporation Class A Common Stock,,,,,,,,,,,,,,,[],"[{'period': ""Q4 '25"", 'revenue': 55.31, 'unit': 'M', 'net_profit': -24.92}, {'period': ""Q3 '25"", 'revenue': 56.29, 'unit': 'M', 'net_profit': -32.38}, {'period': ""Q2 '25"", 'revenue': 70.9, 'unit': 'M', 'net_profit': -19.7}, {'period': ""Q1 '25"", 'revenue': 66.83, 'unit': 'M', 'net_profit': -18.7}, {'period': ""Q4 '24"", 'revenue': 71.01, 'unit': 'M', 'net_profit': -42.65}, {'period': ""Q3 '24"", 'revenue': 61.05, 'unit': 'M', 'net_profit': -43.46}]",,,,,,,,,,,,,,,,,__nan__,__nan__
134,AMX,America Movil S.A.B. de C.V. American Depository Receipt Series L,,,,,,,,,,,,,,,[],"[{'period': ""Q4 '25"", 'revenue': 240.97, 'unit': 'B', 'net_profit': 18.83}, {'period': ""Q3 '25"", 'revenue': 232.92, 'unit': 'B', 'net_profit': 22.7}, {'period': ""Q2 '25"", 'revenue': 233.78, 'unit': 'B', 'net_profit': 22.28}, {'period': ""Q1 '25"", 'revenue': 232.04, 'unit': 'B', 'net_profit': 18.7}, {'period': ""Q4 '24"", 'revenue': 246.13, 'unit': 'B', 'net_profit': 9.85}, {'period': ""Q3 '24"", 'revenue': 223.46, 'unit': 'B', 'net_profit': 6.43}]",,,,,,,,,,,,,,,,,__nan__,__nan__
135,AN,AutoNation Inc. Common Stock,,,,,,,,,,,,,,,[],"[{'period': ""Q4 '25"", 'revenue': 6930.0, 'unit': 'M', 'net_profit': 172.1}, {'period': ""Q3 '25"", 'revenue': 7040.0, 'unit': 'M', 'net_profit': 215.1}, {'period': ""Q2 '25"", 'revenue': 6970.0, 'unit': 'M', 'net_profit': 86.4}, {'period': ""Q1 '25"", 'revenue': 6690.0, 'unit': 'M', 'net_profit': 175.5}, {'period': ""Q4 '24"", 'revenue': 7210.0, 'unit': 'M', 'net_profit': 186.1}, {'period': ""Q3 '24"", 'revenue': 6590.0, 'unit': 'M', 'net_profit': 185.8}]",,,,,,,,,,,,,,,,,__nan__,__nan__
136,ANAC,Arctos NorthStar Acquisition Corp. Class A Ordinary Shares,,,,,,,,,,,,,,,[],"[{'period': ""Q3 '22"", 'revenue': 0.0, 'unit': 'M', 'net_profit': 4.46}, {'period': ""Q2 '22"", 'revenue': 0.0, 'unit': 'M', 'net_profit': 6.65}, {'period': ""Q1 '22"", 'revenue': 0.0, 'unit': 'M', 'net_profit': 15.37}, {'period': ""Q4 '21"", 'revenue': 0.0, 'unit': 'K', 'net_profit': -228.0}, {'period': ""Q3 '21"", 'revenue': 0.0, 'unit': 'K', 'net_profit': 493.45}, {'period': ""Q2 '21"", 'revenue': 0.0, 'unit': 'M', 'net_profit': 10.67}]",,,,,,,,,,,,,,,,,__nan__,__nan__
137,ANET,Arista Networks Inc. Common Stock,,,,,,,,,,,,,,,[],"[{'period': ""Q4 '25"", 'revenue': 2490.0, 'unit': 'M', 'net_profit': 955.8}, {'period': ""Q3 '25"", 'revenue': 2310.0, 'unit': 'M', 'net_profit': 853.0}, {'period': ""Q2 '25"", 'revenue': 2200.0, 'unit': 'M', 'net_profit': 888.8}, {'period': ""Q1 '25"", 'revenue': 2000.0, 'unit': 'M', 'net_profit': 813.8}, {'period': ""Q4 '24"", 'revenue': 1930.0, 'unit': 'M', 'net_profit': 801.0}, {'period': ""Q3 '24"", 'revenue': 1810.0, 'unit': 'M', 'net_profit': 748.0}]",,,,,,,,,,,,,,,,,__nan__,__nan__
138,ANF,Abercrombie & Fitch Company Common Stock,,,,,,,,,,,,,,,[],"[{'period': ""Q4 '25"", 'revenue': 1670.0, 'unit': 'M', 'net_profit': 172.13}, {'period': ""Q3 '25"", 'revenue': 1290.0, 'unit': 'M', 'net_profit': 113.0}, {'period': ""Q2 '25"", 'revenue': 1210.0, 'unit': 'M', 'net_profit': 141.38}, {'period': ""Q1 '25"", 'revenue': 1100.0, 'unit': 'M', 'net_profit': 80.41}, {'period': ""Q4 '24"", 'revenue': 1580.0, 'unit': 'M', 'net_profit': 187.23}, {'period': ""Q3 '24"", 'revenue': 1210.0, 'unit': 'M', 'net_profit': 131.98}]",,,,,,,,,,,,,,,,,__nan__,__nan__
139,ANTM,Anthem Inc. Common Stock,,,,,,,,,,,,,,,[],"[{'period': ""Q4 '25"", 'revenue': 49750.0, 'unit': 'M', 'net_profit': 546.0}, {'period': ""Q3 '25"", 'revenue': 50.71, 'unit': 'B', 'net_profit': 1.19}, {'period': ""Q2 '25"", 'revenue': 49.78, 'unit': 'B', 'net_profit': 1.74}, {'period': ""Q1 '25"", 'revenue': 48.89, 'unit': 'B', 'net_profit': 2.18}, {'period': ""Q4 '24"", 'revenue': 63.7, 'unit': 'B', 'net_profit': 1.4}, {'period': ""Q2 '22"", 'revenue': 38.63, 'unit': 'B', 'net_profit': 1.65}]",,,,,,,,,,,,,,,,,__nan__,__nan__
140,AOD,Aberdeen Total Dynamic Dividend Fund Common Stock,,,,,,,,,,,,,,,[],"[{'period': ""Q4 '25"", 'revenue': 99.05, 'unit': 'M', 'net_profit': 159.39}, {'period': ""Q2 '25"", 'revenue': 26.44, 'unit': 'M', 'net_profit': 5.65}, {'period': ""Q4 '24"", 'revenue': 32.25, 'unit': 'M', 'net_profit': 81.15}, {'period': ""Q2 '24"", 'revenue': 15.62, 'unit': 'M', 'net_profit': 122.62}, {'period': ""Q4 '23"", 'revenue': 19.36, 'unit': 'M', 'net_profit': -69.75}, {'period': ""Q2 '23"", 'revenue': 26.97, 'unit': 'M', 'net_profit': 134.73}]",,,,,,,,,,,,,,,,,__nan__,__nan__
141,AON,Aon plc Class A Ordinary Shares (Ireland),,,,,,,,,,,,,,,[],"[{'period': ""Q4 '25"", 'revenue': 4.3, 'unit': 'B', 'net_profit': 1.69}, {'period': ""Q3 '25"", 'revenue': 4000.0, 'unit': 'M', 'net_profit': 458.0}, {'period': ""Q2 '25"", 'revenue': 4160.0, 'unit': 'M', 'net_profit': 579.0}, {'period': ""Q1 '25"", 'revenue': 4730.0, 'unit': 'M', 'net_profit': 965.0}, {'period': ""Q4 '24"", 'revenue': 4150.0, 'unit': 'M', 'net_profit': 716.0}, {'period': ""Q3 '24"", 'revenue': 3720.0, 'unit': 'M', 'net_profit': 343.0}]",,,,,,,,,,,,,,,,,__nan__,__nan__
142,AONE,one Class A Ordinary Shares,,,,,,,,,,,,,,,[],"[{'period': ""Q3 '24"", 'revenue': 20.48, 'unit': 'M', 'net_profit': -23.37}, {'period': ""Q2 '24"", 'revenue': 21.69, 'unit': 'M', 'net_profit': -14.4}, {'period': ""Q2 '21"", 'revenue': 0.0, 'unit': 'M', 'net_profit': 1.94}, {'period': ""Q4 '20"", 'revenue': 0.0, 'unit': 'K', 'net_profit': -305.0}]",,,,,,,,,,,,,,,,,__nan__,__nan__
143,AOS,A.O. Smith Corporation Common Stock,,,,,,,,,,,,,,,[],"[{'period': ""Q4 '25"", 'revenue': 912.5, 'unit': 'M', 'net_profit': 125.4}, {'period': ""Q3 '25"", 'revenue': 942.5, 'unit': 'M', 'net_profit': 132.0}, {'period': ""Q2 '25"", 'revenue': 1010.0, 'unit': 'M', 'net_profit': 152.2}, {'period': ""Q1 '25"", 'revenue': 963.9, 'unit': 'M', 'net_profit': 136.6}, {'period': ""Q4 '24"", 'revenue': 912.4, 'unit': 'M', 'net_profit': 109.7}, {'period': ""Q3 '24"", 'revenue': 902.6, 'unit': 'M', 'net_profit': 120.1}]",,,,,,,,,,,,,,,,,__nan__,__nan__
144,AP,Ampco-Pittsburgh Corporation Common Stock,,,,,,,,,,,,,,,[],"[{'period': ""Q4 '25"", 'revenue': 108.79, 'unit': 'M', 'net_profit': -57.66}, {'period': ""Q3 '25"", 'revenue': 108.01, 'unit': 'M', 'net_profit': -2.21}, {'period': ""Q2 '25"", 'revenue': 113.1, 'unit': 'M', 'net_profit': -7.33}, {'period': ""Q1 '25"", 'revenue': 104.27, 'unit': 'M', 'net_profit': 1.14}, {'period': ""Q4 '24"", 'revenue': 100.94, 'unit': 'M', 'net_profit': 3.1}, {'period': ""Q3 '24"", 'revenue': 96.17, 'unit': 'M', 'net_profit': -1.96}]",,,,,,,,,,,,,,,,,__nan__,__nan__
145,APAM,Artisan Partners Asset Management Inc. Class A Common Stock,,,,,,,,,,,,,,,[],"[{'period': ""Q4 '25"", 'revenue': 350.7, 'unit': 'M', 'net_profit': 94.8}, {'period': ""Q3 '25"", 'revenue': 301.29, 'unit': 'M', 'net_profit': 66.83}, {'period': ""Q2 '25"", 'revenue': 282.75, 'unit': 'M', 'net_profit': 67.56}, {'period': ""Q1 '25"", 'revenue': 277.15, 'unit': 'M', 'net_profit': 61.14}, {'period': ""Q4 '24"", 'revenue': 297.05, 'unit': 'M', 'net_profit': 69.7}, {'period': ""Q3 '24"", 'revenue': 279.58, 'unit': 'M', 'net_profit': 72.99}]",,,,,,,,,,,,,,,,,__nan__,__nan__
146,APD,Air Products and Chemicals Inc. Common Stock,,,,,,,,,,,,,,,[],"[{'period': ""Q1 '26"", 'revenue': 3100.0, 'unit': 'M', 'net_profit': 678.2}, {'period': ""Q4 '25"", 'revenue': 3170.0, 'unit': 'M', 'net_profit': 4.9}, {'period': ""Q3 '25"", 'revenue': 3020.0, 'unit': 'M', 'net_profit': 713.8}, {'period': ""Q2 '25"", 'revenue': 2.92, 'unit': 'B', 'net_profit': -1.73}, {'period': ""Q1 '25"", 'revenue': 2930.0, 'unit': 'M', 'net_profit': 617.4}, {'period': ""Q4 '24"", 'revenue': 3.19, 'unit': 'B', 'net_profit': 1.95}]",,,,,,,,,,,,,,,,,__nan__,__nan__
147,APG,APi Group Corporation Common Stock,,,,,,,,,,,,,,,[],"[{'period': ""Q4 '25"", 'revenue': 2120.0, 'unit': 'M', 'net_profit': 97.0}, {'period': ""Q3 '25"", 'revenue': 2080.0, 'unit': 'M', 'net_profit': 84.0}, {'period': ""Q2 '25"", 'revenue': 1990.0, 'unit': 'M', 'net_profit': 77.0}, {'period': ""Q1 '25"", 'revenue': 1720.0, 'unit': 'M', 'net_profit': 35.0}, {'period': ""Q4 '24"", 'revenue': 1860.0, 'unit': 'M', 'net_profit': 67.0}, {'period': ""Q3 '24"", 'revenue': 1830.0, 'unit': 'M', 'net_profit': 69.0}]",,,,,,,,,,,,,,,,,__nan__,__nan__
148,APGB,Apollo Strategic Growth Capital II Class A Ordinary Shares,,,,,,,,,,,,,,,[],"[{'period': ""Q3 '23"", 'revenue': 0.0, 'unit': 'M', 'net_profit': 3.05}, {'period': ""Q2 '23"", 'revenue': 0.0, 'unit': 'M', 'net_profit': 2.74}, {'period': ""Q1 '23"", 'revenue': 0.0, 'unit': 'M', 'net_profit': 7.97}, {'period': ""Q4 '22"", 'revenue': 0.0, 'unit': 'M', 'net_profit': 13.8}, {'period': ""Q3 '22"", 'revenue': 0.0, 'unit': 'M', 'net_profit': 9.8}, {'period': ""Q2 '22"", 'revenue': 0.0, 'unit': 'M', 'net_profit': 7.64}]",,,,,,,,,,,,,,,,,__nan__,__nan__
149,APH,Amphenol Corporation Common Stock,,,,,,,,,,,,,,,[],"[{'period': ""Q4 '25"", 'revenue': 6.44, 'unit': 'B', 'net_profit': 1.2}, {'period': ""Q3 '25"", 'revenue': 6.19, 'unit': 'B', 'net_profit': 1.25}, {'period': ""Q2 '25"", 'revenue': 5.65, 'unit': 'B', 'net_profit': 1.09}, {'period': ""Q1 '25"", 'revenue': 4810.0, 'unit': 'M', 'net_profit': 737.8}, {'period': ""Q4 '24"", 'revenue': 4320.0, 'unit': 'M', 'net_profit': 746.2}, {'period': ""Q3 '24"", 'revenue': 4040.0, 'unit': 'M', 'net_profit': 604.4}]",,,,,,,,,,,,,,,,,__nan__,__nan__
150,APLE,Apple Hospitality REIT Inc. Common Shares,,,,,,,,,,,,,,,[],"[{'period': ""Q4 '25"", 'revenue': 326.44, 'unit': 'M', 'net_profit': 29.61}, {'period': ""Q3 '25"", 'revenue': 373.88, 'unit': 'M', 'net_profit': 50.88}, {'period': ""Q2 '25"", 'revenue': 384.37, 'unit': 'M', 'net_profit': 63.65}, {'period': ""Q1 '25"", 'revenue': 327.7, 'unit': 'M', 'net_profit': 31.22}, {'period': ""Q4 '24"", 'revenue': 333.04, 'unit': 'M', 'net_profit': 29.82}, {'period': ""Q3 '24"", 'revenue': 378.84, 'unit': 'M', 'net_profit': 56.27}]",,,,,,,,,,,,,,,,,__nan__,__nan__
151,APO,Apollo Global Management Inc. Class A Common Stock,,,,,,,,,,,,,,,[],"[{'period': ""Q4 '25"", 'revenue': 8.11, 'unit': 'B', 'net_profit': 1.69}, {'period': ""Q3 '25"", 'revenue': 9.82, 'unit': 'B', 'net_profit': 1.74}, {'period': ""Q2 '25"", 'revenue': 6810.0, 'unit': 'M', 'net_profit': 630.0}, {'period': ""Q1 '25"", 'revenue': 5550.0, 'unit': 'M', 'net_profit': 425.0}, {'period': ""Q4 '24"", 'revenue': 5.28, 'unit': 'B', 'net_profit': 1.44}, {'period': ""Q3 '24"", 'revenue': 7770.0, 'unit': 'M', 'net_profit': 782.0}]",,,,,,,,,,,,,,,,,__nan__,__nan__
152,APRN,Blue Apron Holdings Inc. Class A Common Stock,,,,,,,,,,,,,,,[],"[{'period': ""Q3 '23"", 'revenue': 98.8, 'unit': 'M', 'net_profit': -10.29}, {'period': ""Q2 '23"", 'revenue': 106.23, 'unit': 'M', 'net_profit': -61.93}, {'period': ""Q1 '23"", 'revenue': 113.08, 'unit': 'M', 'net_profit': -17.04}, {'period': ""Q4 '22"", 'revenue': 106.81, 'unit': 'M', 'net_profit': -21.78}, {'period': ""Q3 '22"", 'revenue': 109.67, 'unit': 'M', 'net_profit': -25.75}, {'period': ""Q2 '22"", 'revenue': 124.24, 'unit': 'M', 'net_profit': -23.12}]",,,,,,,,,,,,,,,,,__nan__,__nan__
153,APSG,Apollo Strategic Growth Capital Class A Ordinary Shares,,,,,,,,,,,,,,,[],"[{'period': ""Q4 '25"", 'revenue': 792.0, 'unit': 'M', 'net_profit': 41.0}, {'period': ""Q3 '25"", 'revenue': 674.0, 'unit': 'M', 'net_profit': -62.0}, {'period': ""Q2 '25"", 'revenue': 631.0, 'unit': 'M', 'net_profit': 55.0}, {'period': ""Q1 '25"", 'revenue': 621.0, 'unit': 'M', 'net_profit': 75.0}, {'period': ""Q4 '24"", 'revenue': 2070.0, 'unit': 'M', 'net_profit': -118.82}, {'period': ""Q3 '24"", 'revenue': 597.0, 'unit': 'M', 'net_profit': -129.0}]",,,,,,,,,,,,,,,,,__nan__,__nan__
154,APTS,Preferred Apartment Communities Inc. Common Stock,,,,,,,,,,,,,,,[],"[{'period': ""Q1 '22"", 'revenue': 104.88, 'unit': 'M', 'net_profit': -31.0}, {'period': ""Q4 '21"", 'revenue': 105.72, 'unit': 'M', 'net_profit': -11.62}, {'period': ""Q3 '21"", 'revenue': 111.01, 'unit': 'M', 'net_profit': 9.98}, {'period': ""Q2 '21"", 'revenue': 118.71, 'unit': 'M', 'net_profit': 1.55}, {'period': ""Q1 '21"", 'revenue': 115.7, 'unit': 'M', 'net_profit': -2.65}, {'period': ""Q4 '20"", 'revenue': 121.12, 'unit': 'M', 'net_profit': 17.77}]",,,,,,,,,,,,,,,,,__nan__,__nan__
155,APTV,Aptiv PLC Ordinary Shares,,,,,,,,,,,,,,,[],"[{'period': ""Q4 '25"", 'revenue': 5150.0, 'unit': 'M', 'net_profit': 138.0}, {'period': ""Q3 '25"", 'revenue': 5210.0, 'unit': 'M', 'net_profit': -355.0}, {'period': ""Q2 '25"", 'revenue': 5210.0, 'unit': 'M', 'net_profit': 393.0}, {'period': ""Q1 '25"", 'revenue': 4830.0, 'unit': 'M', 'net_profit': -11.0}, {'period': ""Q4 '24"", 'revenue': 4910.0, 'unit': 'M', 'net_profit': 268.0}, {'period': ""Q3 '24"", 'revenue': 4850.0, 'unit': 'M', 'net_profit': 363.0}]",,,,,,,,,,,,,,,,,__nan__,__nan__
156,AQN,Algonquin Power & Utilities Corp. Common Shares,,,,,,,,,,,,,,,[],"[{'period': ""Q4 '25"", 'revenue': 637.15, 'unit': 'M', 'net_profit': 24.98}, {'period': ""Q3 '25"", 'revenue': 582.7, 'unit': 'M', 'net_profit': 38.9}, {'period': ""Q2 '25"", 'revenue': 527.8, 'unit': 'M', 'net_profit': 24.1}, {'period': ""Q1 '25"", 'revenue': 692.4, 'unit': 'M', 'net_profit': 96.8}, {'period': ""Q4 '24"", 'revenue': 584.84, 'unit': 'M', 'net_profit': -186.42}, {'period': ""Q3 '24"", 'revenue': 0.5732, 'unit': 'B', 'net_profit': -1.31}]",,,,,,,,,,,,,,,,,__nan__,__nan__
157,AQNA,Algonquin Power & Utilities Corp. 6.875% Fixed-to-Floating Rate Subordinated Notes Series 2018-A due October 17 2078,,,,,,,,,,,,,,,[],"[{'period': ""Q3 '23"", 'revenue': 624.74, 'unit': 'M', 'net_profit': -176.67}, {'period': ""Q2 '23"", 'revenue': 627.87, 'unit': 'M', 'net_profit': -255.31}, {'period': ""Q1 '23"", 'revenue': 778.63, 'unit': 'M', 'net_profit': 268.05}, {'period': ""Q4 '22"", 'revenue': 738.48, 'unit': 'M', 'net_profit': -76.48}, {'period': ""Q3 '22"", 'revenue': 664.44, 'unit': 'M', 'net_profit': -197.37}, {'period': ""Q2 '22"", 'revenue': 619.38, 'unit': 'M', 'net_profit': -35.61}]",,,,,,,,,,,,,,,,,__nan__,__nan__
158,AQNB,Algonquin Power & Utilities Corp. 6.20% Fixed-to-Floating Subordinated Notes Series 2019-A due July 1 2079,,,,,,,,,,,,,,,[],"[{'period': ""Q3 '25"", 'revenue': 582.7, 'unit': 'M', 'net_profit': 38.9}, {'period': ""Q2 '25"", 'revenue': 527.8, 'unit': 'M', 'net_profit': 24.1}, {'period': ""Q1 '25"", 'revenue': 692.4, 'unit': 'M', 'net_profit': 96.8}, {'period': ""Q4 '24"", 'revenue': 584.83, 'unit': 'M', 'net_profit': -186.44}, {'period': ""Q3 '24"", 'revenue': 0.5732, 'unit': 'B', 'net_profit': -1.31}, {'period': ""Q2 '24"", 'revenue': 424.41, 'unit': 'M', 'net_profit': 200.77}]",,,,,,,,,,,,,,,,,__nan__,__nan__
159,AQUA,Evoqua Water Technologies Corp. Common Stock,,,,,,,,,,,,,,,[],"[{'period': ""Q2 '23"", 'revenue': 477.8, 'unit': 'M', 'net_profit': 10.63}, {'period': ""Q1 '23"", 'revenue': 435.85, 'unit': 'M', 'net_profit': 9.27}, {'period': ""Q4 '22"", 'revenue': 504.75, 'unit': 'M', 'net_profit': 41.32}, {'period': ""Q3 '22"", 'revenue': 439.32, 'unit': 'M', 'net_profit': 17.56}, {'period': ""Q2 '22"", 'revenue': 426.73, 'unit': 'M', 'net_profit': 7.33}, {'period': ""Q1 '22"", 'revenue': 366.27, 'unit': 'M', 'net_profit': 6.09}]",,,,,,,,,,,,,,,,,__nan__,__nan__
160,AR,Antero Resources Corporation Common Stock,,,,,,,,,,,,,,,[],"[{'period': ""Q4 '25"", 'revenue': 1430.0, 'unit': 'M', 'net_profit': 193.68}, {'period': ""Q3 '25"", 'revenue': 1170.0, 'unit': 'M', 'net_profit': 76.18}, {'period': ""Q2 '25"", 'revenue': 1200.0, 'unit': 'M', 'net_profit': 156.59}, {'period': ""Q1 '25"", 'revenue': 1390.0, 'unit': 'M', 'net_profit': 207.97}, {'period': ""Q4 '24"", 'revenue': 1150.0, 'unit': 'M', 'net_profit': 106.99}, {'period': ""Q3 '24"", 'revenue': 983.58, 'unit': 'M', 'net_profit': -20.44}]",,,,,,,,,,,,,,,,,__nan__,__nan__
161,ARC,ARC Document Solutions Inc. Common Stock,,,,,,,,,,,,,,,[],"[{'period': ""Q3 '24"", 'revenue': 74450.0, 'unit': 'K', 'net_profit': -65.0}, {'period': ""Q2 '24"", 'revenue': 75.11, 'unit': 'M', 'net_profit': 3.16}, {'period': ""Q1 '24"", 'revenue': 70.79, 'unit': 'M', 'net_profit': 2.45}, {'period': ""Q4 '23"", 'revenue': 68880.0, 'unit': 'K', 'net_profit': -888.0}, {'period': ""Q3 '23"", 'revenue': 71.06, 'unit': 'M', 'net_profit': 3.17}, {'period': ""Q2 '23"", 'revenue': 72.35, 'unit': 'M', 'net_profit': 4.02}]",,,,,,,,,,,,,,,,,__nan__,__nan__
162,ARCH,Arch Resources Inc. Class A Common Stock,,,,,,,,,,,,,,,[],"[{'period': ""Q3 '24"", 'revenue': 617.9, 'unit': 'M', 'net_profit': -6.22}, {'period': ""Q2 '24"", 'revenue': 608.75, 'unit': 'M', 'net_profit': 14.83}, {'period': ""Q1 '24"", 'revenue': 680.19, 'unit': 'M', 'net_profit': 55.95}, {'period': ""Q4 '23"", 'revenue': 774.02, 'unit': 'M', 'net_profit': 114.89}, {'period': ""Q3 '23"", 'revenue': 744.6, 'unit': 'M', 'net_profit': 73.69}, {'period': ""Q2 '23"", 'revenue': 757.29, 'unit': 'M', 'net_profit': 77.35}]",,,,,,,,,,,,,,,,,__nan__,__nan__
163,ARCO,Arcos Dorados Holdings Inc. Class A Shares,,,,,,,,,,,,,,,[],"[{'period': ""Q4 '25"", 'revenue': 1270.0, 'unit': 'M', 'net_profit': 25.17}, {'period': ""Q3 '25"", 'revenue': 1190.0, 'unit': 'M', 'net_profit': 150.43}, {'period': ""Q2 '25"", 'revenue': 1140.0, 'unit': 'M', 'net_profit': 22.59}, {'period': ""Q1 '25"", 'revenue': 1080.0, 'unit': 'M', 'net_profit': 13.93}, {'period': ""Q4 '24"", 'revenue': 1140.0, 'unit': 'M', 'net_profit': 58.4}, {'period': ""Q3 '24"", 'revenue': 1130.0, 'unit': 'M', 'net_profit': 35.21}]",,,,,,,,,,,,,,,,,__nan__,__nan__
164,ARD,Ardagh Group S.A. Common Shares,,,,,,,,,,,,,,,[],"[{'period': ""Q2 '21"", 'revenue': 1870.0, 'unit': 'M', 'net_profit': -25.0}, {'period': ""Q1 '21"", 'revenue': 1770.0, 'unit': 'M', 'net_profit': 3.0}, {'period': ""Q4 '20"", 'revenue': 1700.0, 'unit': 'M', 'net_profit': -27.0}, {'period': ""Q3 '20"", 'revenue': 1800.0, 'unit': 'M', 'net_profit': 43.0}, {'period': ""Q2 '20"", 'revenue': 1610.0, 'unit': 'M', 'net_profit': -64.0}, {'period': ""Q1 '20"", 'revenue': 1620.0, 'unit': 'M', 'net_profit': 83.0}]",,,,,,,,,,,,,,,,,__nan__,__nan__
165,ARDC,Ares Dynamic Credit Allocation Fund Inc. Common Shares,,,,,,,,,,,,,,,[],"[{'period': ""Q4 '25"", 'revenue': 24.48, 'unit': 'M', 'net_profit': 10.23}, {'period': ""Q2 '25"", 'revenue': 20.89, 'unit': 'M', 'net_profit': 12.14}, {'period': ""Q4 '24"", 'revenue': 26.73, 'unit': 'M', 'net_profit': 16.82}, {'period': ""Q2 '24"", 'revenue': 15.63, 'unit': 'M', 'net_profit': 21.16}, {'period': ""Q4 '23"", 'revenue': 17.61, 'unit': 'M', 'net_profit': 31.85}, {'period': ""Q2 '23"", 'revenue': 14.65, 'unit': 'M', 'net_profit': 24.5}]",,,,,,,,,,,,,,,,,__nan__,__nan__
166,ARE,Alexandria Real Estate Equities Inc. Common Stock,,,,,,,,,,,,,,,[],"[{'period': ""Q4 '25"", 'revenue': 0.75441, 'unit': 'B', 'net_profit': -1.08}, {'period': ""Q3 '25"", 'revenue': 735.85, 'unit': 'M', 'net_profit': -232.75}, {'period': ""Q2 '25"", 'revenue': 737.28, 'unit': 'M', 'net_profit': -107.0}, {'period': ""Q1 '25"", 'revenue': 743.17, 'unit': 'M', 'net_profit': -8.94}, {'period': ""Q4 '24"", 'revenue': 763.25, 'unit': 'M', 'net_profit': -62.24}, {'period': ""Q3 '24"", 'revenue': 775.74, 'unit': 'M', 'net_profit': 167.95}]",,,,,,,,,,,,,,,,,__nan__,__nan__
167,ARES,Ares Management Corporation Class A Common Stock,,,,,,,,,,,,,,,[],"[{'period': ""Q4 '25"", 'revenue': 1770.0, 'unit': 'M', 'net_profit': 54.25}, {'period': ""Q3 '25"", 'revenue': 1660.0, 'unit': 'M', 'net_profit': 288.88}, {'period': ""Q2 '25"", 'revenue': 1350.0, 'unit': 'M', 'net_profit': 137.06}, {'period': ""Q1 '25"", 'revenue': 1090.0, 'unit': 'M', 'net_profit': 47.17}, {'period': ""Q4 '24"", 'revenue': 1260.0, 'unit': 'M', 'net_profit': 177.32}, {'period': ""Q3 '24"", 'revenue': 1130.0, 'unit': 'M', 'net_profit': 118.46}]",,,,,,,,,,,,,,,,,__nan__,__nan__
168,ARGD,Argo Group International Holdings Ltd. 6.5% Senior Notes Due 2042,,,,,,,,,,,,,,,[],"[{'period': ""Q2 '25"", 'revenue': 336.5, 'unit': 'M', 'net_profit': 56.1}, {'period': ""Q1 '25"", 'revenue': 278.8, 'unit': 'M', 'net_profit': 27.6}, {'period': ""Q4 '24"", 'revenue': 303.8, 'unit': 'M', 'net_profit': -56.7}, {'period': ""Q3 '24"", 'revenue': 296.4, 'unit': 'M', 'net_profit': -134.9}, {'period': ""Q2 '24"", 'revenue': 380.7, 'unit': 'M', 'net_profit': 10.0}, {'period': ""Q1 '24"", 'revenue': 378.7, 'unit': 'M', 'net_profit': 23.0}]",,,,,,,,,,,,,,,,,__nan__,__nan__
169,ARGO,Argo Group International Holdings Ltd.,,,,,,,,,,,,,,,[],"[{'period': ""Q2 '25"", 'revenue': 336.5, 'unit': 'M', 'net_profit': 56.1}, {'period': ""Q1 '25"", 'revenue': 278.8, 'unit': 'M', 'net_profit': 27.6}, {'period': ""Q4 '24"", 'revenue': 215.2, 'unit': 'M', 'net_profit': -69.6}, {'period': ""Q3 '24"", 'revenue': 296.4, 'unit': 'M', 'net_profit': -134.9}, {'period': ""Q2 '24"", 'revenue': 380.7, 'unit': 'M', 'net_profit': 10.0}, {'period': ""Q3 '23"", 'revenue': 378.4, 'unit': 'M', 'net_profit': -46.9}]",,,,,,,,,,,,,,,,,__nan__,__nan__
170,ARI,Apollo Commercial Real Estate Finance Inc,,,,,,,,,,,,,,,[],"[{'period': ""Q4 '25"", 'revenue': 182.72, 'unit': 'M', 'net_profit': 29.2}, {'period': ""Q3 '25"", 'revenue': 167.14, 'unit': 'M', 'net_profit': 50.79}, {'period': ""Q2 '25"", 'revenue': 186.76, 'unit': 'M', 'net_profit': 20.74}, {'period': ""Q1 '25"", 'revenue': 173.86, 'unit': 'M', 'net_profit': 25.99}, {'period': ""Q4 '24"", 'revenue': 195.51, 'unit': 'M', 'net_profit': 40.65}, {'period': ""Q3 '24"", 'revenue': 76.78, 'unit': 'M', 'net_profit': -91.55}]",,,,,,,,,,,,,,,,,__nan__,__nan__
171,ARL,American Realty Investors Inc. Common Stock,,,,,,,,,,,,,,,[],"[{'period': ""Q4 '25"", 'revenue': 13.01, 'unit': 'M', 'net_profit': 9.78}, {'period': ""Q3 '25"", 'revenue': 12840.0, 'unit': 'K', 'net_profit': 129.0}, {'period': ""Q2 '25"", 'revenue': 12.16, 'unit': 'M', 'net_profit': 2.83}, {'period': ""Q1 '25"", 'revenue': 12.01, 'unit': 'M', 'net_profit': 2.96}, {'period': ""Q4 '24"", 'revenue': 12040.0, 'unit': 'K', 'net_profit': -161.0}, {'period': ""Q3 '24"", 'revenue': 11.61, 'unit': 'M', 'net_profit': -17.46}]",,,,,,,,,,,,,,,,,__nan__,__nan__
172,ARLO,Arlo Technologies Inc. Common Stock,,,,,,,,,,,,,,,[],"[{'period': ""Q4 '25"", 'revenue': 141.3, 'unit': 'M', 'net_profit': 5.76}, {'period': ""Q3 '25"", 'revenue': 139.53, 'unit': 'M', 'net_profit': 6.87}, {'period': ""Q2 '25"", 'revenue': 129.41, 'unit': 'M', 'net_profit': 3.12}, {'period': ""Q1 '25"", 'revenue': 119070.0, 'unit': 'K', 'net_profit': -835.0}, {'period': ""Q4 '24"", 'revenue': 121.57, 'unit': 'M', 'net_profit': -4.86}, {'period': ""Q3 '24"", 'revenue': 137.67, 'unit': 'M', 'net_profit': -4.44}]",,,,,,,,,,,,,,,,,__nan__,__nan__
173,ARMK,Aramark Common Stock,,,,,,,,,,,,,,,[],"[{'period': ""Q1 '26"", 'revenue': 4830.0, 'unit': 'M', 'net_profit': 96.16}, {'period': ""Q4 '25"", 'revenue': 5050.0, 'unit': 'M', 'net_profit': 87.14}, {'period': ""Q3 '25"", 'revenue': 4630.0, 'unit': 'M', 'net_profit': 71.78}, {'period': ""Q2 '25"", 'revenue': 4280.0, 'unit': 'M', 'net_profit': 61.85}, {'period': ""Q1 '25"", 'revenue': 4550.0, 'unit': 'M', 'net_profit': 105.62}, {'period': ""Q4 '24"", 'revenue': 4420.0, 'unit': 'M', 'net_profit': 122.41}]",,,,,,,,,,,,,,,,,__nan__,__nan__
174,ARNC,Arconic Corporation Common Stock ,,,,,,,,,,,,,,,[],"[{'period': ""Q2 '23"", 'revenue': 1990.0, 'unit': 'M', 'net_profit': 59.0}, {'period': ""Q1 '23"", 'revenue': 1930.0, 'unit': 'M', 'net_profit': 25.0}, {'period': ""Q4 '22"", 'revenue': 1940.0, 'unit': 'M', 'net_profit': -273.0}, {'period': ""Q3 '22"", 'revenue': 2280.0, 'unit': 'M', 'net_profit': -65.0}, {'period': ""Q2 '22"", 'revenue': 357.0, 'unit': 'M', 'net_profit': 72.0}, {'period': ""Q1 '22"", 'revenue': 2190.0, 'unit': 'M', 'net_profit': 42.0}]",,,,,,,,,,,,,,,,,__nan__,__nan__
175,AROC,Archrock Inc. Common Stock,,,,,,,,,,,,,,,[],"[{'period': ""Q4 '25"", 'revenue': 377.07, 'unit': 'M', 'net_profit': 116.77}, {'period': ""Q3 '25"", 'revenue': 382.43, 'unit': 'M', 'net_profit': 71.25}, {'period': ""Q2 '25"", 'revenue': 383.15, 'unit': 'M', 'net_profit': 63.42}, {'period': ""Q1 '25"", 'revenue': 347.16, 'unit': 'M', 'net_profit': 70.85}, {'period': ""Q4 '24"", 'revenue': 326.42, 'unit': 'M', 'net_profit': 59.76}, {'period': ""Q3 '24"", 'revenue': 292.16, 'unit': 'M', 'net_profit': 37.52}]",,,,,,,,,,,,,,,,,__nan__,__nan__
176,ARR,ARMOUR Residential REIT Inc.,,,,,,,,,,,,,,,[],"[{'period': ""Q4 '25"", 'revenue': 349.01, 'unit': 'M', 'net_profit': 211.7}, {'period': ""Q3 '25"", 'revenue': 393.49, 'unit': 'M', 'net_profit': 159.26}, {'period': ""Q2 '25"", 'revenue': 194.54, 'unit': 'M', 'net_profit': -75.61}, {'period': ""Q1 '25"", 'revenue': 368.23, 'unit': 'M', 'net_profit': 27.33}, {'period': ""Q4 '24"", 'revenue': -222.46, 'unit': 'M', 'net_profit': -46.44}, {'period': ""Q3 '24"", 'revenue': 411.51, 'unit': 'M', 'net_profit': 65.88}]",,,,,,,,,,,,,,,,,__nan__,__nan__
177,ARW,Arrow Electronics Inc. Common Stock,,,,,,,,,,,,,,,[],"[{'period': ""Q4 '25"", 'revenue': 8750.0, 'unit': 'M', 'net_profit': 194.6}, {'period': ""Q3 '25"", 'revenue': 7710.0, 'unit': 'M', 'net_profit': 109.19}, {'period': ""Q2 '25"", 'revenue': 7580.0, 'unit': 'M', 'net_profit': 187.75}, {'period': ""Q1 '25"", 'revenue': 6810.0, 'unit': 'M', 'net_profit': 79.72}, {'period': ""Q4 '24"", 'revenue': 7280.0, 'unit': 'M', 'net_profit': 99.21}, {'period': ""Q3 '24"", 'revenue': 6820.0, 'unit': 'M', 'net_profit': 100.57}]",,,,,,,,,,,,,,,,,__nan__,__nan__
178,ASA,ASA  Gold and Precious Metals Limited,,,,,,,,,,,,,,,[],"[{'period': ""Q4 '25"", 'revenue': 133.95, 'unit': 'M', 'net_profit': 441.11}, {'period': ""Q3 '25"", 'revenue': 0.52563, 'unit': 'M', 'net_profit': 128.45}, {'period': ""Q2 '25"", 'revenue': 14.21, 'unit': 'M', 'net_profit': 222.96}, {'period': ""Q1 '25"", 'revenue': 1.98, 'unit': 'M', 'net_profit': 81.71}, {'period': ""Q4 '24"", 'revenue': 67.43, 'unit': 'M', 'net_profit': 40.86}, {'period': ""Q3 '24"", 'revenue': 0.46708, 'unit': 'M', 'net_profit': 16.74}]",,,,,,,,,,,,,,,,,__nan__,__nan__
179,ASAI,Sendas Distribuidora S.A. ADS,,,,,,,,,,,,,,,[],"[{'period': ""Q3 '24"", 'revenue': 18560.0, 'unit': 'M', 'net_profit': 156.0}, {'period': ""Q2 '24"", 'revenue': 17870.0, 'unit': 'M', 'net_profit': 123.0}, {'period': ""Q1 '24"", 'revenue': 17220.0, 'unit': 'M', 'net_profit': 60.0}, {'period': ""Q4 '23"", 'revenue': 18420.0, 'unit': 'M', 'net_profit': 297.0}, {'period': ""Q3 '23"", 'revenue': 17000.0, 'unit': 'M', 'net_profit': 185.0}, {'period': ""Q2 '23"", 'revenue': 15980.0, 'unit': 'M', 'net_profit': 156.0}]",,,,,,,,,,,,,,,,,__nan__,__nan__
180,ASAN,Asana Inc. Class A Common Stock,,,,,,,,,,,,,,,[],"[{'period': ""Q4 '26"", 'revenue': 205.57, 'unit': 'M', 'net_profit': -32.21}, {'period': ""Q3 '26"", 'revenue': 201.03, 'unit': 'M', 'net_profit': -68.43}, {'period': ""Q2 '26"", 'revenue': 196.94, 'unit': 'M', 'net_profit': -48.36}, {'period': ""Q1 '26"", 'revenue': 187.27, 'unit': 'M', 'net_profit': -40.02}, {'period': ""Q4 '25"", 'revenue': 188.33, 'unit': 'M', 'net_profit': -62.3}, {'period': ""Q3 '25"", 'revenue': 183.88, 'unit': 'M', 'net_profit': -57.33}]",,,,,,,,,,,,,,,,,__nan__,__nan__
181,ASAQ,Atlantic Street Acquisition Corp Class A Common Stock,,,,,,,,,,,,,,,[],"[{'period': ""Q2 '22"", 'revenue': 0.0, 'unit': 'M', 'net_profit': 2.62}, {'period': ""Q1 '22"", 'revenue': 0.0, 'unit': 'M', 'net_profit': 10.96}, {'period': ""Q4 '21"", 'revenue': 0.0, 'unit': 'M', 'net_profit': 13.2}, {'period': ""Q3 '21"", 'revenue': 0.0, 'unit': 'M', 'net_profit': 3.31}, {'period': ""Q2 '21"", 'revenue': 0.0, 'unit': 'M', 'net_profit': -3.04}, {'period': ""Q1 '21"", 'revenue': 0.0, 'unit': 'M', 'net_profit': 6.87}]",,,,,,,,,,,,,,,,,__nan__,__nan__
182,ASB,Associated Banc-Corp Common Stock,,,,,,,,,,,,,,,[],"[{'period': ""Q4 '25"", 'revenue': 623.73, 'unit': 'M', 'net_profit': 137.13}, {'period': ""Q3 '25"", 'revenue': 636.22, 'unit': 'M', 'net_profit': 124.73}, {'period': ""Q2 '25"", 'revenue': 609.81, 'unit': 'M', 'net_profit': 111.23}, {'period': ""Q1 '25"", 'revenue': 582.06, 'unit': 'M', 'net_profit': 101.69}, {'period': ""Q4 '24"", 'revenue': 320.0, 'unit': 'M', 'net_profit': -161.62}, {'period': ""Q3 '24"", 'revenue': 604.79, 'unit': 'M', 'net_profit': 88.02}]",,,,,,,,,,,,,,,,,__nan__,__nan__
183,ASC,Ardmore Shipping Corporation Common Stock,,,,,,,,,,,,,,,[],"[{'period': ""Q4 '25"", 'revenue': 82.91, 'unit': 'M', 'net_profit': 12.38}, {'period': ""Q3 '25"", 'revenue': 81.25, 'unit': 'M', 'net_profit': 12.79}, {'period': ""Q2 '25"", 'revenue': 72.05, 'unit': 'M', 'net_profit': 9.6}, {'period': ""Q1 '25"", 'revenue': 74.0, 'unit': 'M', 'net_profit': 6.25}, {'period': ""Q4 '24"", 'revenue': 82.04, 'unit': 'M', 'net_profit': 6.93}, {'period': ""Q3 '24"", 'revenue': 96.12, 'unit': 'M', 'net_profit': 24.14}]",,,,,,,,,,,,,,,,,__nan__,__nan__
184,ASG,Liberty All-Star Growth Fund Inc.,,,,,,,,,,,,,,,[],"[{'period': ""Q4 '25"", 'revenue': 7.29, 'unit': 'M', 'net_profit': 10.93}, {'period': ""Q2 '25"", 'revenue': 0.8880800000000001, 'unit': 'M', 'net_profit': 3.77}, {'period': ""Q4 '24"", 'revenue': 49.22, 'unit': 'M', 'net_profit': 31.18}, {'period': ""Q2 '24"", 'revenue': 10.11, 'unit': 'M', 'net_profit': 18.9}, {'period': ""Q4 '23"", 'revenue': 2.92, 'unit': 'M', 'net_profit': 17.13}, {'period': ""Q2 '23"", 'revenue': -9.75, 'unit': 'M', 'net_profit': 38.91}]",,,,,,,,,,,,,,,,,__nan__,__nan__
185,ASGI,Aberdeen Standard Global Infrastructure Income Fund Common Shares of Beneficial Interest,,,,,,,,,,,,,,,[],[],,,,,,,,,,,,,,,,,__nan__,__nan__
186,ASGN,ASGN Incorporated Common Stock,,,,,,,,,,,,,,,[],"[{'period': ""Q4 '25"", 'revenue': 980.1, 'unit': 'M', 'net_profit': 25.2}, {'period': ""Q3 '25"", 'revenue': 1010.0, 'unit': 'M', 'net_profit': 38.1}, {'period': ""Q2 '25"", 'revenue': 1020.0, 'unit': 'M', 'net_profit': 29.3}, {'period': ""Q1 '25"", 'revenue': 968.3, 'unit': 'M', 'net_profit': 20.9}, {'period': ""Q4 '24"", 'revenue': 985.0, 'unit': 'M', 'net_profit': 42.4}, {'period': ""Q3 '24"", 'revenue': 1030.0, 'unit': 'M', 'net_profit': 47.5}]",,,,,,,,,,,,,,,,,__nan__,__nan__
187,ASH,Ashland Global Holdings Inc. Common Stock,,,,,,,,,,,,,,,[],"[{'period': ""Q1 '26"", 'revenue': 386.0, 'unit': 'M', 'net_profit': -12.0}, {'period': ""Q4 '25"", 'revenue': 478.0, 'unit': 'M', 'net_profit': 32.0}, {'period': ""Q3 '25"", 'revenue': 463.0, 'unit': 'M', 'net_profit': -742.0}, {'period': ""Q2 '25"", 'revenue': 479.0, 'unit': 'M', 'net_profit': 31.0}, {'period': ""Q1 '25"", 'revenue': 405.0, 'unit': 'M', 'net_profit': -165.0}, {'period': ""Q4 '24"", 'revenue': 522.0, 'unit': 'M', 'net_profit': 16.0}]",,,,,,,,,,,,,,,,,__nan__,__nan__
188,ASIX,AdvanSix Inc. Common Stock ,,,,,,,,,,,,,,,[],"[{'period': ""Q4 '25"", 'revenue': 359.95, 'unit': 'M', 'net_profit': -2.79}, {'period': ""Q3 '25"", 'revenue': 374.47, 'unit': 'M', 'net_profit': -2.64}, {'period': ""Q2 '25"", 'revenue': 410.02, 'unit': 'M', 'net_profit': 31.37}, {'period': ""Q1 '25"", 'revenue': 377.79, 'unit': 'M', 'net_profit': 23.34}, {'period': ""Q4 '24"", 'revenue': 329060.0, 'unit': 'K', 'net_profit': 352.0}, {'period': ""Q3 '24"", 'revenue': 398.19, 'unit': 'M', 'net_profit': 22.27}]",,,,,,,,,,,,,,,,,__nan__,__nan__
189,ASPL,Aspirational Consumer Lifestyle Corp. Class A Ordinary Shares,,,,,,,,,,,,,,,[],"[{'period': ""Q2 '21"", 'revenue': 0.0, 'unit': 'M', 'net_profit': -6.73}, {'period': ""Q4 '20"", 'revenue': 0.0, 'unit': 'M', 'net_profit': -1.55}, {'period': ""Q3 '20"", 'revenue': 0.0, 'unit': 'K', 'net_profit': -41.45}]",,,,,,,,,,,,,,,,,__nan__,__nan__
190,ASPN,Aspen Aerogels Inc. Common Stock,,,,,,,,,,,,,,,[],"[{'period': ""Q4 '25"", 'revenue': 41.34, 'unit': 'M', 'net_profit': -72.91}, {'period': ""Q3 '25"", 'revenue': 73.02, 'unit': 'M', 'net_profit': -6.33}, {'period': ""Q2 '25"", 'revenue': 78.02, 'unit': 'M', 'net_profit': -9.06}, {'period': ""Q1 '25"", 'revenue': 78.72, 'unit': 'M', 'net_profit': -301.25}, {'period': ""Q4 '24"", 'revenue': 123.09, 'unit': 'M', 'net_profit': 11.36}, {'period': ""Q3 '24"", 'revenue': 117.34, 'unit': 'M', 'net_profit': -12.97}]",,,,,,,,,,,,,,,,,__nan__,__nan__
191,ASR,Grupo Aeroportuario del Sureste S.A. de C.V. Common Stock,,,,,,,,,,,,,,,[],"[{'period': ""Q4 '25"", 'revenue': 10.97, 'unit': 'B', 'net_profit': 2.71}, {'period': ""Q3 '25"", 'revenue': 8.77, 'unit': 'B', 'net_profit': 2.11}, {'period': ""Q2 '25"", 'revenue': 8.72, 'unit': 'B', 'net_profit': 2.14}, {'period': ""Q1 '25"", 'revenue': 8.79, 'unit': 'B', 'net_profit': 3.52}, {'period': ""Q4 '24"", 'revenue': 9.02, 'unit': 'B', 'net_profit': 3.41}, {'period': ""Q3 '24"", 'revenue': 7.48, 'unit': 'B', 'net_profit': 3.38}]",,,,,,,,,,,,,,,,,__nan__,__nan__
192,ASX,ASE Technology Holding Co. Ltd. American Depositary Shares (each representing Two Common Shares) ,,,,,,,,,,,,,,,[],"[{'period': ""Q4 '25"", 'revenue': 179.6, 'unit': 'B', 'net_profit': 14.85}, {'period': ""Q3 '25"", 'revenue': 168.57, 'unit': 'B', 'net_profit': 10.87}, {'period': ""Q2 '25"", 'revenue': 142.51, 'unit': 'B', 'net_profit': 7.11}, {'period': ""Q1 '25"", 'revenue': 149.48, 'unit': 'B', 'net_profit': 7.62}, {'period': ""Q4 '24"", 'revenue': 164.49, 'unit': 'B', 'net_profit': 9.51}, {'period': ""Q3 '24"", 'revenue': 156.4, 'unit': 'B', 'net_profit': 9.51}]",,,,,,,,,,,,,,,,,__nan__,__nan__
193,ASZ,Austerlitz Acquisition Corporation II Class A Ordinary Shares,,,,,,,,,,,,,,,[],"[{'period': ""Q3 '22"", 'revenue': 0.0, 'unit': 'M', 'net_profit': 11.99}, {'period': ""Q2 '22"", 'revenue': 0.0, 'unit': 'M', 'net_profit': 48.72}, {'period': ""Q1 '22"", 'revenue': 0.0, 'unit': 'T', 'net_profit': 45.79}, {'period': ""Q3 '21"", 'revenue': 0.0, 'unit': 'M', 'net_profit': 13.29}, {'period': ""Q2 '21"", 'revenue': 0.0, 'unit': 'M', 'net_profit': 25.12}, {'period': ""Q1 '21"", 'revenue': 0.0, 'unit': 'M', 'net_profit': -11.15}]",,,,,,,,,,,,,,,,,__nan__,__nan__
194,ATA,Americas Technology Acquisition Corp. Ordinary Shares,,,,,,,,,,,,,,,[],[],,,,,,,,,,,,,,,,,__nan__,__nan__
195,ATAQ,Altimar Acquisition Corp. III Class A Ordinary Shares,,,,,,,,,,,,,,,[],[],,,,,,,,,,,,,,,,,__nan__,__nan__
196,ATC,Atotech Limited Common Shares,,,,,,,,,,,,,,,[],"[{'period': ""Q2 '22"", 'revenue': 358.1, 'unit': 'M', 'net_profit': 23.6}, {'period': ""Q1 '22"", 'revenue': 358.0, 'unit': 'M', 'net_profit': 47.8}, {'period': ""Q4 '21"", 'revenue': 386.5, 'unit': 'M', 'net_profit': 30.1}, {'period': ""Q3 '21"", 'revenue': 383.0, 'unit': 'M', 'net_profit': 19.4}, {'period': ""Q4 '20"", 'revenue': 365.4, 'unit': 'M', 'net_profit': 22.4}, {'period': ""Q3 '20"", 'revenue': 325.4, 'unit': 'M', 'net_profit': 11.1}]",,,,,,,,,,,,,,,,,__nan__,__nan__
197,ATCO,Atlas Corp. Common Shares,,,,,,,,,,,,,,,[],"[{'period': ""Q1 '23"", 'revenue': 417.2, 'unit': 'M', 'net_profit': 58.8}, {'period': ""Q4 '22"", 'revenue': 436.4, 'unit': 'M', 'net_profit': 127.2}, {'period': ""Q3 '22"", 'revenue': 439.6, 'unit': 'M', 'net_profit': 185.7}, {'period': ""Q2 '22"", 'revenue': 413.3, 'unit': 'M', 'net_profit': 140.0}, {'period': ""Q1 '22"", 'revenue': 408.1, 'unit': 'M', 'net_profit': 169.4}, {'period': ""Q4 '21"", 'revenue': 428.2, 'unit': 'M', 'net_profit': 142.3}]",,,,,,,,,,,,,,,,,__nan__,__nan__
198,ATEN,A10 Networks Inc. Common Stock,,,,,,,,,,,,,,,[],"[{'period': ""Q4 '25"", 'revenue': 80.36, 'unit': 'M', 'net_profit': 9.87}, {'period': ""Q3 '25"", 'revenue': 74.68, 'unit': 'M', 'net_profit': 12.19}, {'period': ""Q2 '25"", 'revenue': 69.38, 'unit': 'M', 'net_profit': 10.54}, {'period': ""Q1 '25"", 'revenue': 66.14, 'unit': 'M', 'net_profit': 9.54}, {'period': ""Q4 '24"", 'revenue': 74.2, 'unit': 'M', 'net_profit': 18.3}, {'period': ""Q3 '24"", 'revenue': 66.72, 'unit': 'M', 'net_profit': 12.64}]",,,,,,,,,,,,,,,,,__nan__,__nan__
199,ATGE,Adtalem Global Education Inc. Common Stock,,,,,,,,,,,,,,,[],"[{'period': ""Q2 '26"", 'revenue': 503.38, 'unit': 'M', 'net_profit': 76.38}, {'period': ""Q1 '26"", 'revenue': 462.29, 'unit': 'M', 'net_profit': 61.83}, {'period': ""Q4 '25"", 'revenue': 457.11, 'unit': 'M', 'net_profit': 54.21}, {'period': ""Q3 '25"", 'revenue': 466.06, 'unit': 'M', 'net_profit': 60.83}, {'period': ""Q2 '25"", 'revenue': 447.73, 'unit': 'M', 'net_profit': 75.86}, {'period': ""Q1 '25"", 'revenue': 417.4, 'unit': 'M', 'net_profit': 46.16}]",,,,,,,,,,,,,,,,,__nan__,__nan__
200,ATH,Athene Holding Ltd. Class A Common Shares,,,,,,,,,,,,,,,[],"[{'period': ""Q4 '25"", 'revenue': 8130.000000000001, 'unit': 'M', 'net_profit': 523.0}, {'period': ""Q3 '25"", 'revenue': 8.0, 'unit': 'B', 'net_profit': 1.26}, {'period': ""Q2 '25"", 'revenue': 5360.0, 'unit': 'M', 'net_profit': 464.0}, {'period': ""Q1 '25"", 'revenue': 4190.0, 'unit': 'M', 'net_profit': 465.0}, {'period': ""Q4 '24"", 'revenue': -1.22, 'unit': 'B', 'net_profit': 1.18}, {'period': ""Q4 '21"", 'revenue': 6.78, 'unit': 'B', 'net_profit': 1.15}]",,,,,,,,,,,,,,,,,__nan__,__nan__
201,ATHM,Autohome Inc. American Depositary Shares each representing four class A ordinary shares.,,,,,,,,,,,,,,,[],"[{'period': ""Q4 '25"", 'revenue': 1440.0, 'unit': 'M', 'net_profit': 230.66}, {'period': ""Q3 '25"", 'revenue': -1430.0, 'unit': 'M', 'net_profit': -271.31}, {'period': ""Q2 '25"", 'revenue': 1760.0, 'unit': 'M', 'net_profit': 446.22}, {'period': ""Q1 '25"", 'revenue': 1450.0, 'unit': 'M', 'net_profit': 386.1}, {'period': ""Q4 '24"", 'revenue': 1780.0, 'unit': 'M', 'net_profit': 348.42}, {'period': ""Q3 '24"", 'revenue': 1770.0, 'unit': 'M', 'net_profit': 469.93}]",,,,,,,,,,,,,,,,,__nan__,__nan__
202,ATHN,Athena Technology Acquisition Corp. Class A Common Stock,,,,,,,,,,,,,,,[],"[{'period': ""Q1 '25"", 'revenue': 0.0, 'unit': 'M', 'net_profit': -6.36}, {'period': ""Q4 '23"", 'revenue': 0.0, 'unit': '', 'net_profit': 82.06}, {'period': ""Q3 '23"", 'revenue': 0.0, 'unit': '', 'net_profit': -548.19}, {'period': ""Q2 '23"", 'revenue': 0.0, 'unit': '', 'net_profit': 99.21}, {'period': ""Q1 '23"", 'revenue': 0.0, 'unit': 'K', 'net_profit': 1.71}, {'period': ""Q4 '22"", 'revenue': 0.0, 'unit': 'K', 'net_profit': 1.23}]",,,,,,,,,,,,,,,,,__nan__,__nan__
203,ATI,Allegheny Technologies Incorporated Common Stock,,,,,,,,,,,,,,,[],"[{'period': ""Q4 '25"", 'revenue': 1180.0, 'unit': 'M', 'net_profit': 96.6}, {'period': ""Q3 '25"", 'revenue': 1130.0, 'unit': 'M', 'net_profit': 110.0}, {'period': ""Q2 '25"", 'revenue': 1140.0, 'unit': 'M', 'net_profit': 100.7}, {'period': ""Q1 '25"", 'revenue': 1140.0, 'unit': 'M', 'net_profit': 97.0}, {'period': ""Q4 '24"", 'revenue': 1170.0, 'unit': 'M', 'net_profit': 137.1}, {'period': ""Q3 '24"", 'revenue': 1050.0, 'unit': 'M', 'net_profit': 82.7}]",,,,,,,,,,,,,,,,,__nan__,__nan__
204,ATKR,Atkore Inc. Common Stock,,,,,,,,,,,,,,,[],"[{'period': ""Q1 '26"", 'revenue': 655.5, 'unit': 'M', 'net_profit': 15.0}, {'period': ""Q4 '25"", 'revenue': 752.01, 'unit': 'M', 'net_profit': -54.42}, {'period': ""Q3 '25"", 'revenue': 735.04, 'unit': 'M', 'net_profit': 42.96}, {'period': ""Q2 '25"", 'revenue': 701.73, 'unit': 'M', 'net_profit': -50.06}, {'period': ""Q1 '25"", 'revenue': 661.6, 'unit': 'M', 'net_profit': 46.34}, {'period': ""Q4 '24"", 'revenue': 788.3, 'unit': 'M', 'net_profit': 73.12}]",,,,,,,,,,,,,,,,,__nan__,__nan__
205,ATMR,Altimar Acquisition Corp. II Class A Ordinary Shares,,,,,,,,,,,,,,,[],"[{'period': ""Q1 '24"", 'revenue': 29.2, 'unit': 'M', 'net_profit': -7.36}, {'period': ""Q3 '23"", 'revenue': 31.46, 'unit': 'M', 'net_profit': -4.36}, {'period': ""Q1 '23"", 'revenue': 35.01, 'unit': 'M', 'net_profit': 2.12}, {'period': ""Q4 '22"", 'revenue': 38.4, 'unit': 'M', 'net_profit': -114.88}, {'period': ""Q3 '22"", 'revenue': 0.04021, 'unit': 'B', 'net_profit': -1.05}, {'period': ""Q2 '22"", 'revenue': 41.98, 'unit': 'M', 'net_profit': 33.98}]",,,,,,,,,,,,,,,,,__nan__,__nan__
206,ATO,Atmos Energy Corporation Common Stock,,,,,,,,,,,,,,,[],"[{'period': ""Q1 '26"", 'revenue': 1340.0, 'unit': 'M', 'net_profit': 402.96}, {'period': ""Q4 '25"", 'revenue': 737.48, 'unit': 'M', 'net_profit': 174.98}, {'period': ""Q3 '25"", 'revenue': 838.77, 'unit': 'M', 'net_profit': 186.34}, {'period': ""Q2 '25"", 'revenue': 1950.0, 'unit': 'M', 'net_profit': 485.58}, {'period': ""Q1 '25"", 'revenue': 1180.0, 'unit': 'M', 'net_profit': 351.86}, {'period': ""Q4 '24"", 'revenue': 657.94, 'unit': 'M', 'net_profit': 134.02}]",,,,,,,,,,,,,,,,,__nan__,__nan__
207,ATR,AptarGroup Inc. Common Stock,,,,,,,,,,,,,,,[],"[{'period': ""Q4 '25"", 'revenue': 962.74, 'unit': 'M', 'net_profit': 74.34}, {'period': ""Q3 '25"", 'revenue': 961.13, 'unit': 'M', 'net_profit': 127.78}, {'period': ""Q2 '25"", 'revenue': 966.01, 'unit': 'M', 'net_profit': 111.72}, {'period': ""Q1 '25"", 'revenue': 887.3, 'unit': 'M', 'net_profit': 78.8}, {'period': ""Q4 '24"", 'revenue': 848.09, 'unit': 'M', 'net_profit': 100.94}, {'period': ""Q3 '24"", 'revenue': 909.29, 'unit': 'M', 'net_profit': 100.04}]",,,,,,,,,,,,,,,,,__nan__,__nan__
208,ATTO,Atento S.A. Ordinary Shares,,,,,,,,,,,,,,,[],"[{'period': ""Q3 '22"", 'revenue': 346.8, 'unit': 'M', 'net_profit': 1.49}, {'period': ""Q2 '22"", 'revenue': 363.83, 'unit': 'M', 'net_profit': -12.09}, {'period': ""Q1 '22"", 'revenue': 356.59, 'unit': 'M', 'net_profit': -70.57}, {'period': ""Q4 '21"", 'revenue': 327.2, 'unit': 'M', 'net_profit': -43.7}, {'period': ""Q3 '21"", 'revenue': 368.64, 'unit': 'M', 'net_profit': -11.67}, {'period': ""Q2 '21"", 'revenue': 382.7, 'unit': 'M', 'net_profit': -14.75}]",,,,,,,,,,,,,,,,,__nan__,__nan__
209,ATUS,Altice USA Inc. Class A Common Stock,,,,,,,,,,,,,,,[],"[{'period': ""Q4 '25"", 'revenue': 2180.0, 'unit': 'M', 'net_profit': -71.2}, {'period': ""Q3 '25"", 'revenue': 2.11, 'unit': 'B', 'net_profit': -1.63}, {'period': ""Q2 '25"", 'revenue': 2150.0, 'unit': 'M', 'net_profit': -96.25}, {'period': ""Q1 '25"", 'revenue': 2150.0, 'unit': 'M', 'net_profit': -75.68}, {'period': ""Q4 '24"", 'revenue': 2240.0, 'unit': 'M', 'net_profit': -54.12}, {'period': ""Q3 '24"", 'revenue': 2230.0, 'unit': 'M', 'net_profit': -42.97}]",,,,,,,,,,,,,,,,,__nan__,__nan__
210,AU,AngloGold Ashanti Limited Common Stock,,,,,,,,,,,,,,,[],"[{'period': ""Q4 '25"", 'revenue': 3070.0, 'unit': 'M', 'net_profit': 855.0}, {'period': ""Q3 '25"", 'revenue': 2420.0, 'unit': 'M', 'net_profit': 669.0}, {'period': ""Q2 '25"", 'revenue': 2440.0, 'unit': 'M', 'net_profit': 669.0}, {'period': ""Q1 '25"", 'revenue': 1960.0, 'unit': 'M', 'net_profit': 443.0}, {'period': ""Q4 '24"", 'revenue': 1750.0, 'unit': 'M', 'net_profit': 470.0}, {'period': ""Q3 '24"", 'revenue': 1490.0, 'unit': 'M', 'net_profit': 223.0}]",,,,,,,,,,,,,,,,,__nan__,__nan__
211,AUD,Audacy Common Stock,,,,,,,,,,,,,,,[],"[{'period': ""Q2 '24"", 'revenue': 301.61, 'unit': 'M', 'net_profit': 2.93}, {'period': ""Q1 '24"", 'revenue': 261.81, 'unit': 'M', 'net_profit': -1.85}, {'period': ""Q4 '23"", 'revenue': 311.62, 'unit': 'M', 'net_profit': -740.84}, {'period': ""Q3 '23"", 'revenue': 299.17, 'unit': 'M', 'net_profit': -234.33}, {'period': ""Q2 '23"", 'revenue': 298.51, 'unit': 'M', 'net_profit': -125.8}, {'period': ""Q1 '23"", 'revenue': 259.63, 'unit': 'M', 'net_profit': -35.9}]",,,,,,,,,,,,,,,,,__nan__,__nan__
212,AUS,Austerlitz Acquisition Corporation I Class A Ordinary Shares,,,,,,,,,,,,,,,[],"[{'period': ""Q3 '22"", 'revenue': 0.0, 'unit': 'M', 'net_profit': 15.01}, {'period': ""Q2 '22"", 'revenue': 0.0, 'unit': 'M', 'net_profit': 15.02}, {'period': ""Q1 '22"", 'revenue': 0.0, 'unit': 'M', 'net_profit': 27.53}, {'period': ""Q4 '21"", 'revenue': 0.0, 'unit': 'M', 'net_profit': 23.88}, {'period': ""Q3 '21"", 'revenue': 0.0, 'unit': 'M', 'net_profit': 4.04}, {'period': ""Q2 '21"", 'revenue': 0.0, 'unit': 'M', 'net_profit': -7.88}]",,,,,,,,,,,,,,,,,__nan__,__nan__
213,AUY,Yamana Gold Inc. Ordinary Shares (Canada),,,,,,,,,,,,,,,[],"[{'period': ""Q4 '22"", 'revenue': 0.45730000000000004, 'unit': 'B', 'net_profit': -1.54}, {'period': ""Q3 '22"", 'revenue': 422.4, 'unit': 'M', 'net_profit': 19.8}, {'period': ""Q2 '22"", 'revenue': 485.6, 'unit': 'M', 'net_profit': 72.1}, {'period': ""Q1 '22"", 'revenue': 441.9, 'unit': 'M', 'net_profit': 57.8}, {'period': ""Q4 '21"", 'revenue': 503.8, 'unit': 'M', 'net_profit': 110.0}, {'period': ""Q3 '21"", 'revenue': 452.2, 'unit': 'M', 'net_profit': 27.0}]",,,,,,,,,,,,,,,,,__nan__,__nan__
214,AVA,Avista Corporation Common Stock,,,,,,,,,,,,,,,[],"[{'period': ""Q4 '25"", 'revenue': 533.0, 'unit': 'M', 'net_profit': 71.0}, {'period': ""Q3 '25"", 'revenue': 403.0, 'unit': 'M', 'net_profit': 29.0}, {'period': ""Q2 '25"", 'revenue': 411.0, 'unit': 'M', 'net_profit': 14.0}, {'period': ""Q1 '25"", 'revenue': 617.0, 'unit': 'M', 'net_profit': 79.0}, {'period': ""Q4 '24"", 'revenue': 532.77, 'unit': 'M', 'net_profit': 67.16}, {'period': ""Q3 '24"", 'revenue': 393.74, 'unit': 'M', 'net_profit': 18.49}]",,,,,,,,,,,,,,,,,__nan__,__nan__
215,AVAL,Grupo Aval Acciones y Valores S.A. ADR (Each representing 20 preferred shares),,,,,,,,,,,,,,,[],"[{'period': ""Q4 '25"", 'revenue': 11510.0, 'unit': 'B', 'net_profit': 340.28}, {'period': ""Q3 '25"", 'revenue': 9390.0, 'unit': 'B', 'net_profit': 521.0}, {'period': ""Q2 '25"", 'revenue': 9290.0, 'unit': 'B', 'net_profit': 494.9}, {'period': ""Q1 '25"", 'revenue': 9020.0, 'unit': 'B', 'net_profit': 361.5}, {'period': ""Q4 '24"", 'revenue': 8800.0, 'unit': 'B', 'net_profit': 281.39}, {'period': ""Q3 '24"", 'revenue': 9340.0, 'unit': 'B', 'net_profit': 415.7}]",,,,,,,,,,,,,,,,,__nan__,__nan__
216,AVAN,Avanti Acquisition Corp. Class A Ordinary Shares,,,,,,,,,,,,,,,[],"[{'period': ""Q2 '22"", 'revenue': 0.0, 'unit': 'M', 'net_profit': 18.46}, {'period': ""Q1 '22"", 'revenue': 0.0, 'unit': 'M', 'net_profit': 12.2}, {'period': ""Q4 '21"", 'revenue': 0.0, 'unit': 'M', 'net_profit': 4.78}, {'period': ""Q3 '21"", 'revenue': 0.0, 'unit': 'M', 'net_profit': 18.19}, {'period': ""Q2 '21"", 'revenue': 0.0, 'unit': 'M', 'net_profit': 1.26}, {'period': ""Q1 '21"", 'revenue': 0.0, 'unit': 'M', 'net_profit': 24.9}]",,,,,,,,,,,,,,,,,__nan__,__nan__
217,AVB,AvalonBay Communities Inc. Common Stock,,,,,,,,,,,,,,,[],"[{'period': ""Q4 '25"", 'revenue': 767.86, 'unit': 'M', 'net_profit': 165.99}, {'period': ""Q3 '25"", 'revenue': 764.93, 'unit': 'M', 'net_profit': 381.31}, {'period': ""Q2 '25"", 'revenue': 760.2, 'unit': 'M', 'net_profit': 268.67}, {'period': ""Q1 '25"", 'revenue': 745.88, 'unit': 'M', 'net_profit': 236.6}, {'period': ""Q4 '24"", 'revenue': 740.55, 'unit': 'M', 'net_profit': 282.09}, {'period': ""Q3 '24"", 'revenue': 734.31, 'unit': 'M', 'net_profit': 372.52}]",,,,,,,,,,,,,,,,,__nan__,__nan__
218,AVD,American Vanguard Corporation Common Stock ($0.10 Par Value),,,,,,,,,,,,,,,[],"[{'period': ""Q4 '25"", 'revenue': 150.69, 'unit': 'M', 'net_profit': -28.21}, {'period': ""Q3 '25"", 'revenue': 119.31, 'unit': 'M', 'net_profit': -12.36}, {'period': ""Q2 '25"", 'revenue': 129310.0, 'unit': 'K', 'net_profit': -849.0}, {'period': ""Q1 '25"", 'revenue': 115.8, 'unit': 'M', 'net_profit': -8.46}, {'period': ""Q4 '24"", 'revenue': 165.65, 'unit': 'M', 'net_profit': -90.43}, {'period': ""Q3 '24"", 'revenue': 118.31, 'unit': 'M', 'net_profit': -25.74}]",,,,,,,,,,,,,,,,,__nan__,__nan__
219,AVK,Advent Convertible and Income Fund,,,,,,,,,,,,,,,[],"[{'period': ""Q4 '25"", 'revenue': 60.82, 'unit': 'M', 'net_profit': 110.59}, {'period': ""Q2 '25"", 'revenue': 82.49, 'unit': 'M', 'net_profit': 16.1}, {'period': ""Q4 '24"", 'revenue': 39.33, 'unit': 'M', 'net_profit': 40.05}, {'period': ""Q2 '24"", 'revenue': 18.66, 'unit': 'M', 'net_profit': 66.45}, {'period': ""Q4 '23"", 'revenue': 7.18, 'unit': 'M', 'net_profit': -28.94}, {'period': ""Q2 '23"", 'revenue': 12.8, 'unit': 'M', 'net_profit': 21.92}]",,,,,,,,,,,,,,,,,__nan__,__nan__
220,AVLR,Avalara Inc. Common Stock,,,,,,,,,,,,,,,[],"[{'period': ""Q2 '22"", 'revenue': 208.59, 'unit': 'M', 'net_profit': -55.85}, {'period': ""Q1 '22"", 'revenue': 204.53, 'unit': 'M', 'net_profit': -32.56}, {'period': ""Q4 '21"", 'revenue': 195.14, 'unit': 'M', 'net_profit': -35.05}, {'period': ""Q3 '21"", 'revenue': 181.17, 'unit': 'M', 'net_profit': -32.55}, {'period': ""Q2 '21"", 'revenue': 169.07, 'unit': 'M', 'net_profit': -27.65}, {'period': ""Q1 '21"", 'revenue': 153.6, 'unit': 'M', 'net_profit': -29.99}]",,,,,,,,,,,,,,,,,__nan__,__nan__
221,AVNS,Avanos Medical Inc. Common Stock,,,,,,,,,,,,,,,[],"[{'period': ""Q4 '25"", 'revenue': 180.9, 'unit': 'M', 'net_profit': 3.7}, {'period': ""Q3 '25"", 'revenue': 177.8, 'unit': 'M', 'net_profit': -1.4}, {'period': ""Q2 '25"", 'revenue': 175.0, 'unit': 'M', 'net_profit': -76.8}, {'period': ""Q1 '25"", 'revenue': 167.5, 'unit': 'M', 'net_profit': 6.6}, {'period': ""Q4 '24"", 'revenue': 179.6, 'unit': 'M', 'net_profit': -397.3}, {'period': ""Q3 '24"", 'revenue': 170.4, 'unit': 'M', 'net_profit': 4.3}]",,,,,,,,,,,,,,,,,__nan__,__nan__
222,AVNT,Avient Corporation Common Stock,,,,,,,,,,,,,,,[],"[{'period': ""Q4 '25"", 'revenue': 760.6, 'unit': 'M', 'net_profit': 16.9}, {'period': ""Q3 '25"", 'revenue': 806.5, 'unit': 'M', 'net_profit': 32.6}, {'period': ""Q2 '25"", 'revenue': 866.5, 'unit': 'M', 'net_profit': 52.6}, {'period': ""Q1 '25"", 'revenue': 826.6, 'unit': 'M', 'net_profit': -20.2}, {'period': ""Q4 '24"", 'revenue': 746.5, 'unit': 'M', 'net_profit': 48.3}, {'period': ""Q3 '24"", 'revenue': 815.2, 'unit': 'M', 'net_profit': 38.2}]",,,,,,,,,,,,,,,,,__nan__,__nan__
223,AVTR,Avantor Inc. Common Stock,,,,,,,,,,,,,,,[],"[{'period': ""Q4 '25"", 'revenue': 1660.0, 'unit': 'M', 'net_profit': 52.4}, {'period': ""Q3 '25"", 'revenue': 1620.0, 'unit': 'M', 'net_profit': -711.8}, {'period': ""Q2 '25"", 'revenue': 1680.0, 'unit': 'M', 'net_profit': 64.7}, {'period': ""Q1 '25"", 'revenue': 1580.0, 'unit': 'M', 'net_profit': 64.5}, {'period': ""Q4 '24"", 'revenue': 1690.0, 'unit': 'M', 'net_profit': 500.4}, {'period': ""Q3 '24"", 'revenue': 1710.0, 'unit': 'M', 'net_profit': 57.8}]",,,,,,,,,,,,,,,,,__nan__,__nan__
224,AVY,Avery Dennison Corporation Common Stock,,,,,,,,,,,,,,,[],"[{'period': ""Q4 '25"", 'revenue': 2270.0, 'unit': 'M', 'net_profit': 166.4}, {'period': ""Q3 '25"", 'revenue': 2220.0, 'unit': 'M', 'net_profit': 166.3}, {'period': ""Q2 '25"", 'revenue': 2220.0, 'unit': 'M', 'net_profit': 189.0}, {'period': ""Q1 '25"", 'revenue': 2150.0, 'unit': 'M', 'net_profit': 166.3}, {'period': ""Q4 '24"", 'revenue': 2190.0, 'unit': 'M', 'net_profit': 174.0}, {'period': ""Q3 '24"", 'revenue': 2180.0, 'unit': 'M', 'net_profit': 181.7}]",,,,,,,,,,,,,,,,,__nan__,__nan__
225,AVYA,Avaya Holdings Corp. Common Stock,,,,,,,,,,,,,,,[],"[{'period': ""Q1 '23"", 'revenue': 418.0, 'unit': 'M', 'net_profit': -164.0}, {'period': ""Q3 '22"", 'revenue': 0.577, 'unit': 'B', 'net_profit': -1.41}, {'period': ""Q2 '22"", 'revenue': 716.0, 'unit': 'M', 'net_profit': -1.0}, {'period': ""Q1 '22"", 'revenue': 713.0, 'unit': 'M', 'net_profit': -66.0}, {'period': ""Q4 '21"", 'revenue': 760.0, 'unit': 'M', 'net_profit': 6.0}, {'period': ""Q3 '21"", 'revenue': 732.0, 'unit': 'M', 'net_profit': 43.0}]",,,,,,,,,,,,,,,,,__nan__,__nan__
226,AWF,Alliancebernstein Global High Income Fund,,,,,,,,,,,,,,,[],"[{'period': ""Q2 '25"", 'revenue': 31.48, 'unit': 'M', 'net_profit': 60.58}, {'period': ""Q4 '24"", 'revenue': 44.14, 'unit': 'M', 'net_profit': 12.39}, {'period': ""Q2 '24"", 'revenue': 37.19, 'unit': 'M', 'net_profit': 56.72}, {'period': ""Q4 '23"", 'revenue': 38.49, 'unit': 'M', 'net_profit': 94.42}, {'period': ""Q2 '23"", 'revenue': 35.65, 'unit': 'M', 'net_profit': 30.63}, {'period': ""Q4 '22"", 'revenue': 35.59, 'unit': 'M', 'net_profit': 81.05}]",,,,,,,,,,,,,,,,,__nan__,__nan__
227,AWI,Armstrong World Industries Inc Common Stock,,,,,,,,,,,,,,,[],"[{'period': ""Q4 '25"", 'revenue': 388.3, 'unit': 'M', 'net_profit': 65.5}, {'period': ""Q3 '25"", 'revenue': 425.2, 'unit': 'M', 'net_profit': 86.3}, {'period': ""Q2 '25"", 'revenue': 424.6, 'unit': 'M', 'net_profit': 87.8}, {'period': ""Q1 '25"", 'revenue': 382.7, 'unit': 'M', 'net_profit': 69.1}, {'period': ""Q4 '24"", 'revenue': 367.7, 'unit': 'M', 'net_profit': 62.2}, {'period': ""Q3 '24"", 'revenue': 386.6, 'unit': 'M', 'net_profit': 76.9}]",,,,,,,,,,,,,,,,,__nan__,__nan__
228,AWK,American Water Works Company Inc. Common Stock,,,,,,,,,,,,,,,[],"[{'period': ""Q4 '25"", 'revenue': 1270.0, 'unit': 'M', 'net_profit': 238.0}, {'period': ""Q3 '25"", 'revenue': 1450.0, 'unit': 'M', 'net_profit': 379.0}, {'period': ""Q2 '25"", 'revenue': 1280.0, 'unit': 'M', 'net_profit': 289.0}, {'period': ""Q1 '25"", 'revenue': 1140.0, 'unit': 'M', 'net_profit': 205.0}, {'period': ""Q4 '24"", 'revenue': 1200.0, 'unit': 'M', 'net_profit': 239.0}, {'period': ""Q3 '24"", 'revenue': 1320.0, 'unit': 'M', 'net_profit': 350.0}]",,,,,,,,,,,,,,,,,__nan__,__nan__
229,AWP,Aberdeen Global Premier Properties Fund Common Shares of Beneficial Interest,,,,,,,,,,,,,,,[],"[{'period': ""Q4 '25"", 'revenue': 0.28582, 'unit': 'M', 'net_profit': 19.83}, {'period': ""Q2 '25"", 'revenue': 6.98, 'unit': 'M', 'net_profit': -13.66}, {'period': ""Q4 '24"", 'revenue': 15.51, 'unit': 'M', 'net_profit': 58.42}, {'period': ""Q2 '24"", 'revenue': 0.63918, 'unit': 'M', 'net_profit': 36.69}, {'period': ""Q4 '23"", 'revenue': -8.07, 'unit': 'M', 'net_profit': -45.88}, {'period': ""Q2 '23"", 'revenue': -0.97304, 'unit': 'M', 'net_profit': 30.34}]",,,,,,,,,,,,,,,,,__nan__,__nan__
230,AWR,American States Water Company Common Stock,,,,,,,,,,,,,,,[],"[{'period': ""Q4 '25"", 'revenue': 164.28, 'unit': 'M', 'net_profit': 28.74}, {'period': ""Q3 '25"", 'revenue': 182.72, 'unit': 'M', 'net_profit': 41.17}, {'period': ""Q2 '25"", 'revenue': 163.07, 'unit': 'M', 'net_profit': 33.69}, {'period': ""Q1 '25"", 'revenue': 148.01, 'unit': 'M', 'net_profit': 26.84}, {'period': ""Q4 '24"", 'revenue': 143.1, 'unit': 'M', 'net_profit': 28.43}, {'period': ""Q3 '24"", 'revenue': 161.78, 'unit': 'M', 'net_profit': 35.83}]",,,,,,,,,,,,,,,,,__nan__,__nan__
231,AX,Axos Financial Inc. Common Stock,,,,,,,,,,,,,,,[],"[{'period': ""Q2 '26"", 'revenue': 562.94, 'unit': 'M', 'net_profit': 128.4}, {'period': ""Q1 '26"", 'revenue': 493.87, 'unit': 'M', 'net_profit': 112.35}, {'period': ""Q4 '25"", 'revenue': 479.42, 'unit': 'M', 'net_profit': 110.67}, {'period': ""Q3 '25"", 'revenue': 461.92, 'unit': 'M', 'net_profit': 105.21}, {'period': ""Q2 '25"", 'revenue': 479.57, 'unit': 'M', 'net_profit': 104.69}, {'period': ""Q1 '25"", 'revenue': 508.56, 'unit': 'M', 'net_profit': 112.34}]",,,,,,,,,,,,,,,,,__nan__,__nan__
232,AXL,American Axle & Manufacturing Holdings Inc. Common Stock,,,,,,,,,,,,,,,[],"[{'period': ""Q4 '25"", 'revenue': 1380.0, 'unit': 'M', 'net_profit': -75.3}, {'period': ""Q3 '25"", 'revenue': 1510.0, 'unit': 'M', 'net_profit': 9.2}, {'period': ""Q2 '25"", 'revenue': 1540.0, 'unit': 'M', 'net_profit': 39.3}, {'period': ""Q1 '25"", 'revenue': 1410.0, 'unit': 'M', 'net_profit': 7.1}, {'period': ""Q4 '24"", 'revenue': 1380.0, 'unit': 'M', 'net_profit': -13.7}, {'period': ""Q3 '24"", 'revenue': 1500.0, 'unit': 'M', 'net_profit': 10.0}]",,,,,,,,,,,,,,,,,__nan__,__nan__
233,AXP,American Express Company Common Stock,"American Express Company, together with its subsidiaries, provides charge and credit payment card products, and travel-related services worldwide. The company operates through three segments: Global Consumer Services Group, Global Commercial Services, and Global Merchant and Network Services. Its products and services include payment and financing products; network services; accounts payable expense management products and services; and travel and lifestyle services. The company's products and services also comprise merchant acquisition and processing, servicing and settlement, point-of-sale marketing, and information products and services for merchants; and fraud prevention services, as well as the design and operation of customer loyalty programs. It sells its products and services to consumers, small businesses, mid-sized companies, and large corporations through mobile and online applications, third-party vendors and business partners, direct mail, telephone, in-house sales teams, and direct response advertising. American Express Company was founded in 1850 and is headquartered in New York, New York.",Stephen Joseph Squeri,Financial - Credit Services,292.27499,USD,201334111215,https://images.financialmodelingprep.com/symbol/AXP.png,3552644,1972-06-01,,,,15572000000,10833000000,"[{'period': '2025', 'revenue': 80.46, 'unit': 'B', 'net_profit': 10.83}, {'period': '2024', 'revenue': 74.2, 'unit': 'B', 'net_profit': 10.13}, {'period': '2023', 'revenue': 67.36, 'unit': 'B', 'net_profit': 8.37}, {'period': '2022', 'revenue': 55.62, 'unit': 'B', 'net_profit': 7.51}]","[{'period': ""Q4 '25"", 'revenue': 21.04, 'unit': 'B', 'net_profit': 2.46}, {'period': ""Q3 '25"", 'revenue': 20.56, 'unit': 'B', 'net_profit': 2.9}, {'period': ""Q2 '25"", 'revenue': 19.93, 'unit': 'B', 'net_profit': 2.88}, {'period': ""Q1 '25"", 'revenue': 18.93, 'unit': 'B', 'net_profit': 2.58}, {'period': ""Q4 '24"", 'revenue': 19.22, 'unit': 'B', 'net_profit': 2.17}, {'period': ""Q3 '24"", 'revenue': 18.78, 'unit': 'B', 'net_profit': 2.51}]",15.41,15.38,300052000000,48534000000,48534000000.0,266578000000,0,221053000000,170806000000.0,47708000000.0,16003000000,0.06869809896369501,0.06950340606180275,0.09757834757834766,"[0.95, 0.3]","['2026-04-02', '1977-04-01']",__nan__,0.8884393371815552
234,AXR,AMREP Corporation Common Stock,"AMREP Corporation, through its subsidiaries, primarily engages in the real estate business. The company operates through two segments, Land Development and Homebuilding. The company sells developed and undeveloped lots to homebuilders, commercial and industrial property developers, and others. As of July 1, 2022, it owned approximately 17,000 acres in Sandoval County, New Mexico. The company owns an approximately 160-acre property in Brighton, Colorado. It also owns mineral interests covering an area of approximately 55,000 surface acres of land in Sandoval County, New Mexico; and owns oil, gas, and minerals and mineral interests covering an area of approximately 147 surface acres of land in Brighton, Colorado. Additionally, the company focuses on selling single-family detached homes and attached homes. AMREP Corporation was founded in 1961 and is headquartered in Havertown, Pennsylvania.",Christopher V. Vitale,Real Estate - Development,25.9,USD,137404680,https://images.financialmodelingprep.com/symbol/AXR.png,5977,1973-05-03,,,,12286000,12716000,"[{'period': '2024', 'revenue': 49.69, 'unit': 'M', 'net_profit': 12.72}, {'period': '2023', 'revenue': 51.37, 'unit': 'M', 'net_profit': 6.69}, {'period': '2022', 'revenue': 48.68, 'unit': 'M', 'net_profit': 21.79}, {'period': '2021', 'revenue': 62.48, 'unit': 'M', 'net_profit': 15.86}]","[{'period': ""Q3 '25"", 'revenue': 14.57, 'unit': 'M', 'net_profit': 3.15}, {'period': ""Q2 '25"", 'revenue': 9.4, 'unit': 'M', 'net_profit': 1.2}, {'period': ""Q1 '25"", 'revenue': 17.85, 'unit': 'M', 'net_profit': 4.69}, {'period': ""Q4 '24"", 'revenue': 11.18, 'unit': 'M', 'net_profit': 3.89}, {'period': ""Q3 '24"", 'revenue': 7520.0, 'unit': 'K', 'net_profit': 717.0}, {'period': ""Q2 '24"", 'revenue': 11.91, 'unit': 'M', 'net_profit': 4.04}]",2.39,2.37,133776000,107458000,39921000.0,6304000,317000,0,3789000.0,39921000.0,9659000,0.5850857953812412,0.9007473841554559,0.8968253968253969,"[1, 0.25]","['2007-08-08', '2003-07-22']",__nan__,0.04712354981461548
235,AXS,Axis Capital Holdings Limited Common Stock,"AXIS Capital Holdings Limited, through its subsidiaries, provides various specialty insurance and reinsurance products worldwide. It operates through two segments, Insurance and Reinsurance. The Insurance segment offers property insurance products for commercial buildings, residential premises, construction projects, and onshore energy installations; marine insurance products covering offshore energy, cargo, liability, recreational marine, fine art, specie, and hull war; and terrorism, aviation, credit and political risk, and liability insurance products. It also provides professional insurance products that cover directors' and officers' liability, errors and omissions liability, employment practices liability, fiduciary liability, crime, professional indemnity, cyber and privacy, medical malpractice, and other financial insurance related coverages for commercial enterprises, financial institutions, not-for-profit organizations, and other professional service providers. In addition, this segment offers accidental death, travel, and specialty health products for employer and affinity groups. The Reinsurance segment offers reinsurance products to insurance companies, including catastrophe reinsurance products; property reinsurance products covering property damage and related losses resulting from natural and man-made perils; professional lines; credit and surety; and motor liability products. This segment also provides agriculture reinsurance products; coverages for various types of construction risks and risks related to erection, testing, and commissioning of machinery and plants during the construction stage; marine and aviation reinsurance products; and personal accident, specialty health, accidental death, travel, life and disability reinsurance products. The company was founded in 2001 and is headquartered in Pembroke, Bermuda.",Vincent Christopher Tizzio,Insurance - Property & Casualty,98.91,USD,7619803556,https://images.financialmodelingprep.com/symbol/AXS.png,637669,2003-07-01,,,,1348668000,1008898000,"[{'period': '2025', 'revenue': 6.56, 'unit': 'B', 'net_profit': 1.01}, {'period': '2024', 'revenue': 6.02, 'unit': 'B', 'net_profit': 1.08}, {'period': '2023', 'revenue': 5590.0, 'unit': 'M', 'net_profit': 376.29}, {'period': '2022', 'revenue': 5300.0, 'unit': 'M', 'net_profit': 223.08}]","[{'period': ""Q4 '25"", 'revenue': 1730.0, 'unit': 'M', 'net_profit': 289.61}, {'period': ""Q3 '25"", 'revenue': 1690.0, 'unit': 'M', 'net_profit': 301.86}, {'period': ""Q2 '25"", 'revenue': 1540.0, 'unit': 'M', 'net_profit': 223.36}, {'period': ""Q1 '25"", 'revenue': 1470.0, 'unit': 'M', 'net_profit': 194.07}, {'period': ""Q4 '24"", 'revenue': 1580.0, 'unit': 'M', 'net_profit': 293.63}, {'period': ""Q3 '24"", 'revenue': 1520.0, 'unit': 'M', 'net_profit': 180.73}]",12.52,12.35,32322632000,14340730000,5719877000.0,25966197000,12870189000,11087060000,0.0,1321185000.0,-40932000,0.19212947821552007,-0.0673774665229537,0.0024019215372297325,"[0.44, 0.07]","['2026-03-31', '2003-09-26']",__nan__,0.8033441397965364
236,AXTA,Axalta Coating Systems Ltd. Common Shares,"Axalta Coating Systems Ltd., through its subsidiaries, manufactures, markets, and distributes high-performance coatings systems in North America, Europe, the Middle East, Africa, the Asia Pacific, and Latin America. It operates through two segments, Performance Coatings and Transportation Coatings. The company offers water and solvent-borne products and systems to repair damaged vehicles for independent body shops, multi-shop operators, and original equipment manufacturer (OEM) dealership body shops. It also provides functional and decorative liquid, and powder coatings used in various industrial applications, including architectural cladding and fittings, automotive coatings, general industrial, job coaters, energy solutions, HVAC, appliances, industrial wood, coil, and oil and gas pipelines; and coatings for building materials, cabinet, wood and luxury vinyl flooring, and furniture market under the Voltatex, AquaEC, Durapon, Hydropon, UNRIVALED, Tufcote, and Ceranamel for liquid coatings; and Alesta, Nap-Gard, Abcite, Teodur, and Plascoat brands for powder coatings. In addition, the company develops and supplies electrocoat, primer, the basecoat, and clearcoat products for OEMs of light and commercial vehicles; and coatings systems for various commercial applications, including HDT, bus, and rail under the Imron, Imron Elite, Centari, Rival, Corlar epoxy undercoats, and AquaEC brands. It also sells its product under the Audurra, Challenger, Chemophan, ColorNet, Cromax, Cromax Mosaic, Durapon 70, Duxone, Harmonized Coating Technologies, Imron ExcelPro, Lutophen, Nason, Spies Hecker, Standox, Stollaquid, Syntopal, Syrox, Raptor, U-POL, and Vermeera brand names. The company was formerly known as Axalta Coating Systems Bermuda Co., Ltd. and changed its name to Axalta Coating Systems Ltd. in August 2014. Axalta Coating Systems Ltd. was founded in 1866 and is headquartered in Philadelphia, Pennsylvania.",Chrishan Anthon Sebastian Villavarayan,Chemicals - Specialty,26.85,USD,5729090343,https://images.financialmodelingprep.com/symbol/AXTA.png,3248523,2014-11-12,,,,1030000000,378000000,"[{'period': '2025', 'revenue': 5120.0, 'unit': 'M', 'net_profit': 378.0}, {'period': '2024', 'revenue': 5280.0, 'unit': 'M', 'net_profit': 391.0}, {'period': '2023', 'revenue': 5180.0, 'unit': 'M', 'net_profit': 267.0}, {'period': '2022', 'revenue': 4880.0, 'unit': 'M', 'net_profit': 192.0}]","[{'period': ""Q4 '25"", 'revenue': 1260.0, 'unit': 'M', 'net_profit': 60.0}, {'period': ""Q3 '25"", 'revenue': 1290.0, 'unit': 'M', 'net_profit': 110.0}, {'period': ""Q2 '25"", 'revenue': 1300.0, 'unit': 'M', 'net_profit': 109.0}, {'period': ""Q1 '25"", 'revenue': 1260.0, 'unit': 'M', 'net_profit': 99.0}, {'period': ""Q4 '24"", 'revenue': 1310.0, 'unit': 'M', 'net_profit': 137.0}, {'period': ""Q3 '24"", 'revenue': 1320.0, 'unit': 'M', 'net_profit': 101.0}]",1.75,1.74,7599000000,2815000000,660000000.0,5206000000,1269000000,1000000,1369000000.0,660000000.0,453000000,0.04994903160040775,-0.03324808184143223,-0.016853932584269676,__nan__,__nan__,__nan__,0.6850901434399264
237,AYI,Acuity Brands Inc. ,"Acuity Brands, Inc. provides lighting and building management solutions in North America and internationally. The company operates through two segments, Acuity Brands Lighting and Lighting Controls (ABL); and the Intelligent Spaces Group (ISG). The ABL segment provides commercial, architectural, and specialty lighting solutions, as well as lighting controls and components for various indoor and outdoor applications under the Lithonia Lighting, Holophane, Peerless, Gotham, Mark Architectural Lighting, Winona Lighting, Juno, Indy, Aculux, Healthcare Lighting, Hydrel, American Electric Lighting, Sunoptics, eldoLED, nLight, Sensor Switch, IOTA, A-Light, Cyclone, Eureka, Lumniaire LED, Luminis, Dark to Light, and RELOC Wiring Solutions brands. This segment serves electrical distributors, retail home improvement centers, electric utilities, national accounts, digital retailers, lighting showrooms, and energy service companies. The ISG segment offers building management systems and location-aware applications under the Distech Controls, Atrius, and Rockpile Ventures brands. This segment serves system integrators, as well as retail stores, airports, and enterprise campuses. Acuity Brands, Inc. was incorporated in 2001 and is headquartered in Atlanta, Georgia.",Neil Ashe,Electrical Equipment & Parts,269.69,USD,8269402257,https://images.financialmodelingprep.com/symbol/AYI.png,442657,2001-12-03,,,,655300000,396600000,"[{'period': '2025', 'revenue': 4350.0, 'unit': 'M', 'net_profit': 396.6}, {'period': '2024', 'revenue': 3840.0, 'unit': 'M', 'net_profit': 422.6}, {'period': '2023', 'revenue': 3950.0, 'unit': 'M', 'net_profit': 346.0}, {'period': '2022', 'revenue': 4010.0, 'unit': 'M', 'net_profit': 384.0}]","[{'period': ""Q1 '26"", 'revenue': 1140.0, 'unit': 'M', 'net_profit': 120.5}, {'period': ""Q4 '25"", 'revenue': 1210.0, 'unit': 'M', 'net_profit': 114.0}, {'period': ""Q3 '25"", 'revenue': 1180.0, 'unit': 'M', 'net_profit': 98.4}, {'period': ""Q2 '25"", 'revenue': 1010.0, 'unit': 'M', 'net_profit': 77.5}, {'period': ""Q1 '25"", 'revenue': 951.6, 'unit': 'M', 'net_profit': 106.7}, {'period': ""Q4 '24"", 'revenue': 1030.0, 'unit': 'M', 'net_profit': 118.9}]",12.85,12.53,4755200000,1651500000,422500000.0,2030300000,593900000,5100000,845800000.0,422500000.0,533000000,-0.014586466165413535,-0.06152389966871746,-0.060672514619883045,"[0.2, 0.15]","['2026-04-17', '2002-01-15']",__nan__,0.4269641655450875
238,AYX,Alteryx Inc. Class A Common Stock,"Alteryx, Inc. operates in analytic process automation business in the Asia-Pacific, Europe, the Middle East, Africa, Latin America, and internationally. The company's analytics platform enables organizations to enhance business outcomes and the productivity of their business analysts, data scientists, citizen data scientists, and data engineers. Its analytics platform comprises Alteryx Designer, a data profiling, preparation, blending, analytics, data science, and process automation product; Alteryx Server, a server-based product to manage, automate, and govern processes and applications in a web-based environment; Alteryx Intelligence Suite, an augmented machine learning, auto-modeling, and text mining product; Alteryx Connect, a collaborative data exploration platform; and Alteryx Promote, an analytics model management product for data scientists and analytics teams to build, manage, monitor, and deploy predictive models into real-time production applications. The company's platform also offers cloud-native products comprising Alteryx Designer Cloud, a browser-based version of Alteryx Designer product; Alteryx Machine Learning, an automated machine learning product to build, validate, iterate, and explore machine learning models; Alteryx Auto Insights, an analytics solution that automates insights for business users; and Alteryx Trifacta, an open and interactive cloud platform for data engineers and analysts to collaboratively profile, prepare, and pipeline data for analytics and machine learning. In addition, it provides technical support, instruction, and customer services. It serves retail, food services, consumer products, telecom and cable, media and entertainment, professional services, financial services, energy and utilities, public sector, manufacturing, travel and hospitality, healthcare and insurance, and technology industries. The company was founded in 1997 and is headquartered in Irvine, California.",Kevin Rubin,Software - Application,48.26,USD,3527897839,https://images.financialmodelingprep.com/symbol/AYX.png,2138414,2017-03-24,,,,-176000000,-179000000,"[{'period': '2023', 'revenue': 970.0, 'unit': 'M', 'net_profit': -179.0}, {'period': '2022', 'revenue': 855.35, 'unit': 'M', 'net_profit': -318.5}, {'period': '2021', 'revenue': 536.13, 'unit': 'M', 'net_profit': -179.68}, {'period': '2020', 'revenue': 495.31, 'unit': 'M', 'net_profit': -24.37}]","[{'period': ""Q4 '23"", 'revenue': 351.0, 'unit': 'M', 'net_profit': 80.0}, {'period': ""Q3 '23"", 'revenue': 232.0, 'unit': 'M', 'net_profit': -50.0}, {'period': ""Q2 '23"", 'revenue': 188.0, 'unit': 'M', 'net_profit': -120.0}, {'period': ""Q1 '23"", 'revenue': 199.09, 'unit': 'M', 'net_profit': -89.03}, {'period': ""Q4 '22"", 'revenue': 301.08, 'unit': 'M', 'net_profit': -31.65}, {'period': ""Q3 '22"", 'revenue': 215.71, 'unit': 'M', 'net_profit': -74.51}]",-2.52,-2.52,1912000000,1190000000,725000000.0,1722000000,416000000,19000000,818000000.0,530000000.0,5000000,0.32493076704741597,0.43798881629141695,0.4580645161290323,__nan__,__nan__,__nan__,0.9006276150627615
239,AZEK,The AZEK Company Inc. Class A Common Stock,"The AZEK Company Inc. engages in designing, manufacturing, and selling building products for residential, commercial, and industrial markets in the United States. It operates through two segments: Residential and Commercial. The Residential segment designs and manufactures engineered outdoor living products, which includes decking, railing, trim and moulding, and accessories under the TimberTech, AZEK Exteriors, VERSATEX, and ULTRALOX brand name. Its Commercial segment manufactures engineered polymer materials that is used in various industries, which includes outdoor, graphic displays and signage, educational, and recreational markets, as well as the food processing and chemical industries. This segment also offers bathroom partitions, shower and dressing stalls, lockers, and other storage solutions under the Aria, Eclipse, Hiny Hiders, TuffTec, and Duralife brand name to schools, parks, stadium arenas, industrial plants, and retail, recreational, and commercial facilities. The company was formerly known as CPG Newco LLC and changed its name to The AZEK Company Inc. in June 2020. The AZEK Company Inc. was incorporated in 2013 and is headquartered in Chicago, Illinois.",Jesse G. Singh,Construction,54.35,USD,7818464900,https://images.financialmodelingprep.com/symbol/AZEK.png,3828192,2020-06-12,,,,387948000,153379000,"[{'period': '2024', 'revenue': 1440.0, 'unit': 'M', 'net_profit': 153.38}, {'period': '2023', 'revenue': 1370.0, 'unit': 'M', 'net_profit': 62.36}, {'period': '2022', 'revenue': 1360.0, 'unit': 'M', 'net_profit': 67.16}, {'period': '2021', 'revenue': 1180.0, 'unit': 'M', 'net_profit': 88.86}]","[{'period': ""Q2 '25"", 'revenue': 452.23, 'unit': 'M', 'net_profit': 54.28}, {'period': ""Q1 '25"", 'revenue': 285.43, 'unit': 'M', 'net_profit': 18.12}, {'period': ""Q4 '24"", 'revenue': 348.23, 'unit': 'M', 'net_profit': 28.36}, {'period': ""Q3 '24"", 'revenue': 434.37, 'unit': 'M', 'net_profit': 50.11}, {'period': ""Q2 '24"", 'revenue': 418.41, 'unit': 'M', 'net_profit': 49.76}, {'period': ""Q1 '24"", 'revenue': 240.44, 'unit': 'M', 'net_profit': 25.15}]",1.05,1.04,2167711000,471377000,164025000.0,810846000,49922000,0,217038000.0,164025000.0,147332000,0.49804224427539867,1.4595340036240598,1.5000000000000002,__nan__,__nan__,__nan__,0.3740563202382605
240,AZO,AutoZone Inc. Common Stock,"AutoZone, Inc. retails and distributes automotive replacement parts and accessories. The company offers various products for cars, sport utility vehicles, vans, and light trucks, including new and remanufactured automotive hard parts, maintenance items, accessories, and non-automotive products. Its products include A/C compressors, batteries and accessories, bearings, belts and hoses, calipers, chassis, clutches, CV axles, engines, fuel pumps, fuses, ignition and lighting products, mufflers, radiators, starters and alternators, thermostats, and water pumps, as well as tire repairs. In addition, the company offers maintenance products, such as antifreeze and windshield washer fluids; brake drums, rotors, shoes, and pads; brake and power steering fluids, and oil and fuel additives; oil and transmission fluids; oil, cabin, air, fuel, and transmission filters; oxygen sensors; paints and accessories; refrigerants and accessories; shock absorbers and struts; spark plugs and wires; and windshield wipers. Further, it provides air fresheners, cell phone accessories, drinks and snacks, floor mats and seat covers, interior and exterior accessories, mirrors, performance products, protectants and cleaners, sealants and adhesives, steering wheel covers, stereos and radios, tools, and wash and wax products, as well as towing services. Additionally, the company provides a sales program that offers commercial credit and delivery of parts and other products; sells automotive diagnostic and repair software under the ALLDATA brand through alldata.com and alldatadiy.com; and automotive hard parts, maintenance items, accessories, and non-automotive products through autozone.com. As of November 20, 2021, it operated 6,066 stores in the United States; 666 stores in Mexico; and 53 stores in Brazil. The company was founded in 1979 and is based in Memphis, Tennessee.",Philip Daniele,Auto - Parts,3316.71,USD,54648833662,https://images.financialmodelingprep.com/symbol/AZO.png,158708,1991-04-02,,,,4223355000,2498247000,"[{'period': '2025', 'revenue': 18.94, 'unit': 'B', 'net_profit': 2.5}, {'period': '2024', 'revenue': 18.49, 'unit': 'B', 'net_profit': 2.66}, {'period': '2023', 'revenue': 17.46, 'unit': 'B', 'net_profit': 2.53}, {'period': '2022', 'revenue': 16.25, 'unit': 'B', 'net_profit': 2.43}]","[{'period': ""Q2 '26"", 'revenue': 4270.0, 'unit': 'M', 'net_profit': 468.86}, {'period': ""Q1 '26"", 'revenue': 4630.0, 'unit': 'M', 'net_profit': 530.82}, {'period': ""Q4 '25"", 'revenue': 6240.0, 'unit': 'M', 'net_profit': 836.95}, {'period': ""Q3 '25"", 'revenue': 4460.0, 'unit': 'M', 'net_profit': 608.44}, {'period': ""Q2 '25"", 'revenue': 3950.0, 'unit': 'M', 'net_profit': 487.92}, {'period': ""Q1 '25"", 'revenue': 4280.0, 'unit': 'M', 'net_profit': 564.93}]",148.8,144.87,19355324000,8341379000,271803000.0,22769637000,670137000,0,9519397000.0,271803000.0,1790080000,-0.029063572253737263,-0.061665540501204354,-0.03263554804316722,__nan__,__nan__,__nan__,1.1764017486868212
241,AZRE,Azure Power Global Limited Equity Shares,"Azure Power Global Limited, together with its subsidiaries, engages in the development, construction, ownership, operation, maintenance, and management of renewable energy projects in India. It generates solar energy based on long-term contracts with Indian government energy distribution companies, as well as other non-governmental energy distribution companies and commercial customers. As of March 31, 2021, the company operated 45 utility scale projects with a combined rated capacity of 1,990 MWs. Azure Power Global Limited was founded in 2008 and is based in New Delhi, India.",Sumit Barat,Renewable Utilities,1.69,USD,108432935,https://images.financialmodelingprep.com/symbol/AZRE.png,248316,2016-10-12,,,,10969000000,-4201000000,"[{'period': '2021', 'revenue': 15.24, 'unit': 'B', 'net_profit': -4.2}, {'period': '2020', 'revenue': 12.96, 'unit': 'B', 'net_profit': -2.34}, {'period': '2019', 'revenue': 9930.0, 'unit': 'M', 'net_profit': 78.4}, {'period': '2018', 'revenue': 7700.0, 'unit': 'M', 'net_profit': -820.68}]","[{'period': ""Q3 '22"", 'revenue': 4480.0, 'unit': 'M', 'net_profit': -610.0}, {'period': ""Q2 '22"", 'revenue': 4390.0, 'unit': 'M', 'net_profit': -300.0}, {'period': ""Q1 '22"", 'revenue': 4440.0, 'unit': 'M', 'net_profit': 691.0}, {'period': ""Q4 '21"", 'revenue': 4.27, 'unit': 'B', 'net_profit': -2.79}, {'period': ""Q3 '21"", 'revenue': 3.52, 'unit': 'B', 'net_profit': -1.09}, {'period': ""Q2 '21"", 'revenue': 3500.0, 'unit': 'M', 'net_profit': -366.0}]",-87.56,-87.56,148465000000,26366000000,11107000000.0,124013000000,4887000000,7000000,24063000000.0,11107000000.0,-13942000000,0.20777361814578288,-0.7976037655113393,-0.6128200405231167,__nan__,__nan__,__nan__,0.835301249452733
242,AZUL,Azul S.A. American Depositary Shares (each representing three preferred shares),"Azul S.A., together with its subsidiaries, provides passenger and cargo transportation services in Brazil. As of December 31, 2021, the company operated 850 daily departures to 125 destinations through a network of 259 non-stop routes with a fleet of 179 aircraft. It is also involved in the loyalty programs, travel packages, investment fund, logistics solutions, and aircraft financing activities. The company was incorporated in 2008 and is headquartered in Barueri, Brazil.",John Peter Rodgerson,"Airlines, Airports & Air Services",0.5,USD,155875008,https://images.financialmodelingprep.com/symbol/AZUL.png,5919666,2017-04-11,,,,3557210000,-9151371000,"[{'period': '2024', 'revenue': 19.53, 'unit': 'B', 'net_profit': -9.15}, {'period': '2023', 'revenue': 18.55, 'unit': 'B', 'net_profit': -2.38}, {'period': '2022', 'revenue': 15950.0, 'unit': 'M', 'net_profit': -722.37}, {'period': '2021', 'revenue': 9.98, 'unit': 'B', 'net_profit': -4.21}]","[{'period': ""Q2 '25"", 'revenue': 4.94, 'unit': 'B', 'net_profit': 1.47}, {'period': ""Q1 '25"", 'revenue': 5390.0, 'unit': 'M', 'net_profit': 783.1}, {'period': ""Q4 '24"", 'revenue': 5.55, 'unit': 'B', 'net_profit': -4.41}, {'period': ""Q3 '24"", 'revenue': 5130.0, 'unit': 'M', 'net_profit': 360.3}, {'period': ""Q2 '24"", 'revenue': 4.17, 'unit': 'B', 'net_profit': -3.81}, {'period': ""Q1 '24"", 'revenue': 4.68, 'unit': 'B', 'net_profit': -1.05}]",-78.96,-78.96,26274943000,5658020000,1281907000.0,56710213000,1979325000,1040454000,21342297000.0,1210009000.0,1528178000,-0.22986709550816245,-2.844377295778624,-2.8423357664233575,__nan__,__nan__,__nan__,2.158338193159924
243,AZZ,AZZ Inc.,"AZZ Inc. offers galvanizing and metal coating solutions, welding solutions, specialty electrical equipment, and engineered services to the power generation, transmission, distribution, refining, and industrial markets in the United States and internationally. The company operates through two segments, Infrastructure Solutions and Metal Coatings. The Metal Coatings segment offers metal finishing solutions for corrosion protection, including hot-dip galvanizing, spin galvanizing, powder coating, anodizing, and plating to the steel fabrication and other industries. It serves fabricators or manufacturers that provide services to the electrical and telecommunications, bridge and highway, petrochemical, and general industrial markets, as well as original equipment manufacturers. The Infrastructure Solutions segment provides products and services to support industrial and electrical applications. It offers custom switchgear, electrical enclosures, medium and high voltage bus ducts, explosion proof and hazardous duty lighting, and tubular products, as well as solutions and engineering resources to multi-national companies. This segment sells its products through internal sales force, manufacturers' representatives, distributors, and agents. The company was incorporated in 1956 and is headquartered in Fort Worth, Texas.",Thomas E. Ferguson,Manufacturing - Metal Fabrication,122.72,USD,3688605348,https://images.financialmodelingprep.com/symbol/AZZ.png,178042,1980-03-17,,,,334170000,128833000,"[{'period': '2025', 'revenue': 1580.0, 'unit': 'M', 'net_profit': 128.83}, {'period': '2024', 'revenue': 1540.0, 'unit': 'M', 'net_profit': 101.61}, {'period': '2023', 'revenue': 1320.0, 'unit': 'M', 'net_profit': -52.97}, {'period': '2022', 'revenue': 525.6, 'unit': 'M', 'net_profit': 84.02}]","[{'period': ""Q3 '26"", 'revenue': 425.75, 'unit': 'M', 'net_profit': 41.08}, {'period': ""Q2 '26"", 'revenue': 417.27, 'unit': 'M', 'net_profit': 89.35}, {'period': ""Q1 '26"", 'revenue': 421.96, 'unit': 'M', 'net_profit': 170.91}, {'period': ""Q4 '25"", 'revenue': 351.88, 'unit': 'M', 'net_profit': 20.21}, {'period': ""Q3 '25"", 'revenue': 403.65, 'unit': 'M', 'net_profit': 33.6}, {'period': ""Q2 '25"", 'revenue': 409.01, 'unit': 'M', 'net_profit': 35.42}]",1.8,1.79,2227101000,375444000,1488000.0,1181606000,254588000,99379000,220992000.0,1488000.0,134026000,0.05552589934647542,0.26795397954865313,-0.48275862068965514,"[0.2, 0.2002]","['2026-02-05', '1984-12-28']",__nan__,0.5305578866876716
244,B,Barnes Group Inc. Common Stock,"Barrick Mining Corporation engages in the exploration, development, production, and sale of mineral properties. The company explores for gold, copper, silver, and energy materials. The company was formerly known as Barrick Gold Corporation and changed its name to Barrick Mining Corporation in May 2025. Barrick Mining Corporation was founded in 1983 and is based in Toronto, Canada.",Mark F. Hill,Gold,38.579,USD,64633728679,https://images.financialmodelingprep.com/symbol/B.png,17106169,1985-02-13,,,,10509000000,4993000000,"[{'period': '2025', 'revenue': 16.96, 'unit': 'B', 'net_profit': 4.99}, {'period': '2024', 'revenue': 12.92, 'unit': 'B', 'net_profit': 2.14}, {'period': '2023', 'revenue': 11.4, 'unit': 'B', 'net_profit': 1.27}, {'period': '2022', 'revenue': 11010.0, 'unit': 'M', 'net_profit': 432.0}]","[{'period': ""Q4 '25"", 'revenue': 6.0, 'unit': 'B', 'net_profit': 2.41}, {'period': ""Q3 '25"", 'revenue': 4.15, 'unit': 'B', 'net_profit': 1.3}, {'period': ""Q2 '25"", 'revenue': 3680.0, 'unit': 'M', 'net_profit': 811.0}, {'period': ""Q1 '25"", 'revenue': 3130.0, 'unit': 'M', 'net_profit': 474.0}, {'period': ""Q4 '24"", 'revenue': 3650.0, 'unit': 'M', 'net_profit': 996.0}, {'period': ""Q3 '24"", 'revenue': 3370.0, 'unit': 'M', 'net_profit': 483.0}]",2.93,2.93,51577000000,10217000000,6693796000.0,15661000000,1120956000,4216000000,3497000000.0,6693796000.0,3693000000,0.5129570976101353,1.3288246268656716,1.4016393442622952,"[0.42, 0.25]","['2026-02-27', '1982-02-24']",__nan__,0.30364309672916223
245,BA,Boeing Company (The) Common Stock,"The Boeing Company, together with its subsidiaries, designs, develops, manufactures, sales, services, and supports commercial jetliners, military aircraft, satellites, missile defense, human space flight and launch systems, and services worldwide. The company operates through four segments: Commercial Airplanes; Defense, Space & Security; Global Services; and Boeing Capital. The Commercial Airplanes segment provides commercial jet aircraft for passenger and cargo requirements, as well as fleet support services. The Defense, Space & Security segment engages in the research, development, production, and modification of manned and unmanned military aircraft and weapons systems; strategic defense and intelligence systems, which include strategic missile and defense systems, command, control, communications, computers, intelligence, surveillance and reconnaissance, cyber and information solutions, and intelligence systems; and satellite systems, such as government and commercial satellites, and space exploration. The Global Services segment offers products and services, including supply chain and logistics management, engineering, maintenance and modifications, upgrades and conversions, spare parts, pilot and maintenance training systems and services, technical and maintenance documents, and data analytics and digital services to commercial and defense customers. The Boeing Capital segment offers financing services and manages financing exposure for a portfolio of equipment under operating leases, sales-type/finance leases, notes and other receivables, assets held for sale or re-lease, and investments. The company was incorporated in 1916 and is based in Chicago, Illinois.",Robert K. Ortberg,Aerospace & Defense,190.52,USD,149624310440,https://images.financialmodelingprep.com/symbol/BA.png,7423774,1962-01-02,,,,7359000000,2235000000,"[{'period': '2025', 'revenue': 89.46, 'unit': 'B', 'net_profit': 2.23}, {'period': '2024', 'revenue': 66.52, 'unit': 'B', 'net_profit': -11.82}, {'period': '2023', 'revenue': 77.79, 'unit': 'B', 'net_profit': -2.22}, {'period': '2022', 'revenue': 66.61, 'unit': 'B', 'net_profit': -4.93}]","[{'period': ""Q4 '25"", 'revenue': 23.95, 'unit': 'B', 'net_profit': 8.22}, {'period': ""Q3 '25"", 'revenue': 23.27, 'unit': 'B', 'net_profit': -5.34}, {'period': ""Q2 '25"", 'revenue': 22750.0, 'unit': 'M', 'net_profit': -611.0}, {'period': ""Q1 '25"", 'revenue': 19500.0, 'unit': 'M', 'net_profit': -37.0}, {'period': ""Q4 '24"", 'revenue': 15.24, 'unit': 'B', 'net_profit': -3.87}, {'period': ""Q3 '24"", 'revenue': 17.84, 'unit': 'B', 'net_profit': -6.17}]",2.49,2.48,168235000000,128459000000,29400000000.0,162778000000,12079000000,1048000000,108115000000.0,10921000000.0,-1877000000,1.9620865472610798,1.189134298045189,1.13562091503268,"[2.055, 0.1]","['2020-02-13', '1970-05-01']",__nan__,0.9675632300056468
246,BABA,Alibaba Group Holding Limited American Depositary Shares each representing eight Ordinary share,"Alibaba Group Holding Limited, through its subsidiaries, provides technology infrastructure and marketing reach to help merchants, brands, retailers, and other businesses to engage with their users and customers in the People's Republic of China and internationally. The company operates through seven segments: China Commerce, International Commerce, Local Consumer Services, Cainiao, Cloud, Digital Media and Entertainment, and Innovation Initiatives and Others. It operates Taobao and Tmall, which are digital retail platforms; Alimama, a proprietary monetization platform; 1688.com and Alibaba.com, which are online wholesale marketplaces; AliExpress, a retail marketplace; Lazada, Trendyol, and Daraz that are e-commerce platforms; Freshippo, a retail platform for groceries and fresh goods; and Tmall Global, an import e-commerce platform. The company also operates Cainiao Network logistic services platform; Ele.me, an on-demand delivery and local services platform; Koubei, a restaurant and local services guide platform; and Fliggy, an online travel platform. In addition, it offers pay-for-performance, in-feed, and display marketing services; and Taobao Ad Network and Exchange, a real-time online bidding marketing exchange. Further, the company provides elastic computing, storage, network, security, database, big data, and IoT services; and hardware, software license, software installation, and application development and maintenance services. Additionally, it operates Youku, an online video platform; Quark, a platform for information search, storage, and consumption; Alibaba Pictures and other content platforms that provide online videos, films, live events, news feeds, literature, music, and others; Amap, a mobile digital map, navigation, and real-time traffic information app; DingTalk, a business efficiency mobile app; Tmall Genie smart speaker; and Qwen, an artificial intelligence chatbot. The company was incorporated in 1999 and is based in Hangzhou, the People's Republic of China.",Yongming Wu,Specialty Retail,122.67,USD,284721509348,https://images.financialmodelingprep.com/symbol/BABA.png,13867793,2014-09-19,,,,182672000000,130109000000,"[{'period': '2025', 'revenue': 996.35, 'unit': 'B', 'net_profit': 130.11}, {'period': '2024', 'revenue': 941.17, 'unit': 'B', 'net_profit': 80.01}, {'period': '2023', 'revenue': 868.69, 'unit': 'B', 'net_profit': 72.78}, {'period': '2022', 'revenue': 853.06, 'unit': 'B', 'net_profit': 62.25}]","[{'period': ""Q3 '26"", 'revenue': 280.91, 'unit': 'B', 'net_profit': 16.16}, {'period': ""Q2 '26"", 'revenue': 247.79, 'unit': 'B', 'net_profit': 21.02}, {'period': ""Q1 '26"", 'revenue': 247.65, 'unit': 'B', 'net_profit': 40.65}, {'period': ""Q4 '25"", 'revenue': 236.45, 'unit': 'B', 'net_profit': 12.56}, {'period': ""Q3 '25"", 'revenue': 280.15, 'unit': 'B', 'net_profit': 49.13}, {'period': ""Q2 '25"", 'revenue': 236.5, 'unit': 'B', 'net_profit': 44.03}]",55.12,53.6,1806988686000,669707538000,464765318000.0,715214088000,76215483000,567854873000,436012373000.0,181726740000.0,78158712000,0.11377895385065635,0.626179554800085,0.7443037974683543,"[2, 1]","['2025-06-12', '2023-12-20']",__nan__,0.39580440848427095
247,BAC,Bank of America Corporation Common Stock,"Bank of America Corporation, through its subsidiaries, provides banking and financial products and services for individual consumers, small and middle-market businesses, institutional investors, large corporations, and governments worldwide. Its Consumer Banking segment offers traditional and money market savings accounts, certificates of deposit and IRAs, noninterest-and interest-bearing checking accounts, and investment accounts and products; and credit and debit cards, residential mortgages, and home equity loans, as well as direct and indirect loans, such as automotive, recreational vehicle, and consumer personal loans. The company's Global Wealth & Investment Management segment offers investment management, brokerage, banking, and trust and retirement products and services; and wealth management solutions, as well as customized solutions, including specialty asset management services. Its Global Banking segment provides lending products and services, including commercial loans, leases, commitment facilities, trade finance, and commercial real estate and asset-based lending; treasury solutions, such as treasury management, foreign exchange, and short-term investing options and merchant services; working capital management solutions; and debt and equity underwriting and distribution, and merger-related and other advisory services. The company's Global Markets segment offers market-making, financing, securities clearing, settlement, and custody services, as well as risk management products using interest rate, equity, credit, currency and commodity derivatives, foreign exchange, fixed-income, and mortgage-related products. As of December 31, 2021, it served approximately 67 million consumer and small business clients with approximately 4,200 retail financial centers; approximately 16,000 ATMs; and digital banking platforms with approximately 41 million active users. The company was founded in 1784 and is based in Charlotte, North Carolina.",Brian Thomas Moynihan,Banks - Diversified,46.97,USD,337088774113,https://images.financialmodelingprep.com/symbol/BAC.png,41017757,1973-02-21,,,,40009000000,30509000000,"[{'period': '2025', 'revenue': 191.57, 'unit': 'B', 'net_profit': 30.51}, {'period': '2024', 'revenue': 192.43, 'unit': 'B', 'net_profit': 27.13}, {'period': '2023', 'revenue': 171.91, 'unit': 'B', 'net_profit': 26.52}, {'period': '2022', 'revenue': 115.05, 'unit': 'B', 'net_profit': 27.53}]","[{'period': ""Q4 '25"", 'revenue': 49.69, 'unit': 'B', 'net_profit': 7.53}, {'period': ""Q3 '25"", 'revenue': 48.22, 'unit': 'B', 'net_profit': 8.47}, {'period': ""Q2 '25"", 'revenue': 46.67, 'unit': 'B', 'net_profit': 7.12}, {'period': ""Q1 '25"", 'revenue': 46.99, 'unit': 'B', 'net_profit': 7.4}, {'period': ""Q4 '24"", 'revenue': 46.97, 'unit': 'B', 'net_profit': 6.67}, {'period': ""Q3 '24"", 'revenue': 48.87, 'unit': 'B', 'net_profit': 6.9}]",3.88,3.82,3410394000000,1067083000000,963732000000.0,3107151000000,103351000000,2098132000000,2559605000000.0,231845000000.0,12613000000,0.2724294755589479,0.1244655757039658,0.1938461538461538,"[0.28, 3.04]","['2026-03-06', '1986-03-03']",__nan__,0.9110827077457913
248,BAH,Booz Allen Hamilton Holding Corporation Common Stock,"Booz Allen Hamilton Holding Corporation provides management and technology consulting, analytics, engineering, digital solutions, mission operations, and cyber services to governments, corporations, and not-for-profit organizations in the United States and internationally. The company offers consulting solutions for various domains, business strategies, human capital, and operations. It also provides analytics services, which focuses on delivering transformational solutions in the areas of artificial intelligence, such as machine learning and deep learning; data science, such as data engineering and predictive modeling; automation and decision analytics; and quantum computing. In addition, the company designs, develops, and implements solutions built on contemporary methodologies and modern architectures; delivers engineering services and solutions to define, develop, implement, sustain, and modernize complex physical systems; and provides cyber risk management solutions, such as prevention, detection, and cost effectiveness. Booz Allen Hamilton Holding Corporation was founded in 1914 and is headquartered in McLean, Virginia.",Horacio D. Rozanski,Consulting Services,78.49,USD,9673789364,https://images.financialmodelingprep.com/symbol/BAH.png,2496655,2010-11-18,,,,1574000000,935000000,"[{'period': '2025', 'revenue': 11980.0, 'unit': 'M', 'net_profit': 935.0}, {'period': '2024', 'revenue': 10660.0, 'unit': 'M', 'net_profit': 605.71}, {'period': '2023', 'revenue': 9260.0, 'unit': 'M', 'net_profit': 271.79}, {'period': '2022', 'revenue': 8360.0, 'unit': 'M', 'net_profit': 466.74}]","[{'period': ""Q3 '26"", 'revenue': 2620.0, 'unit': 'M', 'net_profit': 200.0}, {'period': ""Q2 '26"", 'revenue': 2890.0, 'unit': 'M', 'net_profit': 175.0}, {'period': ""Q1 '26"", 'revenue': 2920.0, 'unit': 'M', 'net_profit': 269.0}, {'period': ""Q4 '25"", 'revenue': 2970.0, 'unit': 'M', 'net_profit': 192.71}, {'period': ""Q3 '25"", 'revenue': 2920.0, 'unit': 'M', 'net_profit': 186.95}, {'period': ""Q2 '25"", 'revenue': 3150.0, 'unit': 'M', 'net_profit': 390.11}]",7.28,7.25,7312000000,3313000000,885000000.0,6309000000,2271000000,210000000,1846000000.0,885000000.0,911000000,0.31119026753612855,0.5436531914823363,0.5791757049891539,"[0.59, 0.09]","['2026-02-13', '2012-02-09']",__nan__,0.862828227571116
249,BAK,Braskem SA ADR,"Braskem S.A., together with its subsidiaries, produces and sells thermoplastic resins. The company operates through three segments: Brazil, United States and Europe, and Mexico. The Brazil segment produces and sells chemicals, including ethylene, polymer and chemical grade propylene, butadiene, butene-1, benzene, toluene, and xylenes products; fuels, such as automotive gasoline, liquefied petroleum gas, ethyl tertiary-butyl ether, and methyl tertiary-butyl ether; intermediates, such as cumene; aliphatics, aromatics, and hydrogenated solvents; and specialties comprising isoprene, dicyclopentadiene, piperylene, nonene, tetramer, polyisobutylene, and hydrocarbon resins. This segment also produces and sells polyethylene (PE) and polypropylene (PP); supplies electricity and other inputs to second-generation producers; produces and sells of PE, including the production of green PE from renewable resources; and produces and sells polyvinyl chloride and caustic soda. The United States and Europe segment produces and sells PP in the United States and Germany. The Mexico segment produces and sells ethylene, high-density PE, and low-density PE in Mexico. It also manufactures, sells, imports, and exports chemicals, petrochemicals, and fules; produces, supplies, and sells utilities, such as steam, water, compressed air, and industrial gases; and provides industrial services. The company was formerly known as Copene Petroquímica do Nordeste S.A. and changed its name to Braskem S.A. in 2002. Braskem S.A. was founded in 1972 and is headquartered in Camaçari, Brazil.",Roberto Prisco Paraíso Ramos,Chemicals,3.52,USD,1402664317,https://images.financialmodelingprep.com/symbol/BAK.png,2134401,1999-01-13,,,,631350000,-9685925000,"[{'period': '2025', 'revenue': 69.33, 'unit': 'B', 'net_profit': -9.69}, {'period': '2024', 'revenue': 77.41, 'unit': 'B', 'net_profit': -11.32}, {'period': '2023', 'revenue': 70.57, 'unit': 'B', 'net_profit': -4.58}, {'period': '2022', 'revenue': 96520.0, 'unit': 'M', 'net_profit': -336.0}]","[{'period': ""Q4 '25"", 'revenue': 14.71, 'unit': 'B', 'net_profit': -10.44}, {'period': ""Q3 '25"", 'revenue': 17300.0, 'unit': 'M', 'net_profit': -26.0}, {'period': ""Q2 '25"", 'revenue': 17860.0, 'unit': 'M', 'net_profit': -267.0}, {'period': ""Q1 '25"", 'revenue': 19460.0, 'unit': 'M', 'net_profit': 698.0}, {'period': ""Q4 '24"", 'revenue': 19.15, 'unit': 'B', 'net_profit': -5.65}, {'period': ""Q3 '24"", 'revenue': 21270.0, 'unit': 'M', 'net_profit': -593.0}]",-24.32,-24.32,81837909000,30432720000,11831060000.0,98331628000,8185890000,994501000,40197817000.0,10495730000.0,-7156605000,-0.7658197329376855,0.1443529151943463,0.14366197183098586,"[0.63439, 0.0462]","['2022-04-20', '1994-02-01']",__nan__,1.2015413052647765
250,BALY,Bally's Corporation Common Stock,"Bally’s Corporation is a global casino-entertainment company with a growing omni-channel presence, currently owning and managing 15 casinos across 10 states, a golf course in New York, a horse racetrack in Colorado, and having access to OSB licenses in 18 states. The recent acquisition of Aspers Casino in Newcastle, UK, further expands its international footprint and enhances its diverse entertainment offerings. It also owns Bally’s Interactive International, formerly Gamesys Group, a leading, global, interactive gaming operator, Bally Bet, a first-in-class sports betting platform, and Bally Casino, a growing iCasino platform. With 10,600 employees, the Company’s casino operations include approximately 15,300 slot machines, 580 table games, and 3,800 hotel rooms. Bally’s also has rights to developable land in Las Vegas post the closure of the Tropicana. Upon completion of the announced merger with The Queen Casino & Entertainment Inc. (“Queen”), the above portfolio is expected to be supplemented with four additional casinos across three states, one of which will be an additional state that expands Bally’s jurisdiction of operations to include the state of Iowa. Queen will also add over 900 employees, and operations that currently include approximately 2,400 slot machines, 50 table games, and 150 hotel rooms to the Bally’s portfolio. Bally’s will also become the successor of Queen’s significant economic stake in a global lottery management and services business through its investment in Intralot S.A. (ATSE: INLOT).",Soohyung J. H. Kim,"Gambling, Resorts & Casinos",10.53,USD,435547567,https://images.financialmodelingprep.com/symbol/BALY.png,87925,2019-03-29,,,,344231000,-701098000,"[{'period': '2025', 'revenue': 2660.0, 'unit': 'M', 'net_profit': -701.1}, {'period': '2024', 'revenue': 2450.0, 'unit': 'M', 'net_profit': -567.75}, {'period': '2023', 'revenue': 2450.0, 'unit': 'M', 'net_profit': -187.5}, {'period': '2022', 'revenue': 2260.0, 'unit': 'M', 'net_profit': -425.55}]","[{'period': ""Q4 '25"", 'revenue': 716.96, 'unit': 'M', 'net_profit': -195.84}, {'period': ""Q3 '25"", 'revenue': 663.72, 'unit': 'M', 'net_profit': -102.91}, {'period': ""Q2 '25"", 'revenue': 657.53, 'unit': 'M', 'net_profit': -228.44}, {'period': ""Q1 '25"", 'revenue': 618.48, 'unit': 'M', 'net_profit': -173.91}, {'period': ""Q4 '24"", 'revenue': 580.37, 'unit': 'M', 'net_profit': -85.79}, {'period': ""Q3 '24"", 'revenue': 629.97, 'unit': 'M', 'net_profit': -247.85}]",9.5,9.5,11230376000,1346794000,798423000.0,8685546000,239387000,321342000,1687054000.0,798423000.0,-275493000,1.5055208204441404,-0.23486228190378228,1.811272416737831,"[0.1, 0.1]","['2020-03-05', '2019-07-08']",__nan__,0.7733976137575447
251,BAM,Brookfield Asset Management Inc. Common Stock,"Brookfield Asset Management is an alternative asset manager and REIT/Real Estate Investment Manager firm focuses on real estate, renewable power, infrastructure and venture capital and private equity assets. It manages a range of public and private investment products and services for institutional and retail clients. It typically makes investments in sizeable, premier assets across geographies and asset classes. It invests both its own capital as well as capital from other investors. Within private equity and venture capital, it focuses on acquisition, early ventures, control buyouts and financially distressed, buyouts and corporate carve-outs, recapitalizations, convertible, senior and mezzanine financings, operational and capital structure restructuring, strategic re-direction, turnaround, and under-performing midmarket companies. It invests in both public debt and equity markets. It invests in private equity sectors with focus on Business Services include infrastructure, healthcare, road fuel distribution and marketing, construction and real estate; Industrials include manufacturers of automotive batteries, graphite electrodes, returnable plastic packaging, and sanitation management and development; and Residential/ infrastructure services. It targets companies which likely possess underlying real assets, primarily in sectors such as industrial products, building materials, metals, mining, homebuilding, oil and gas, paper and packaging, manufacturing and forest product sectors. It invests globally with focus on North America including Brazil, the United States, Canada; Europe; and Australia; and Asia-Pacific. The firm considers equity investments in the range of $2 million to $500 million. It has a four-year investment period and a 10-year term with two one-year extensions. The firm prefers to take minority stake and majority stake. Brookfield Asset Management Inc. was founded in 1997 and based in Toronto, Canada with additional offices across Northern America; South America; Europe; Middle East and Asia.",Connor David Teskey,Asset Management,43.18,USD,70735212936,https://images.financialmodelingprep.com/symbol/BAM.png,3422586,2022-12-01,,,,3045394062,2528501000,"[{'period': '2025', 'revenue': 4.9, 'unit': 'B', 'net_profit': 2.53}, {'period': '2024', 'revenue': 3.98, 'unit': 'B', 'net_profit': 2.17}, {'period': '2023', 'revenue': 4.06, 'unit': 'B', 'net_profit': 1.84}, {'period': '2022', 'revenue': 3.63, 'unit': 'B', 'net_profit': 1.92}]","[{'period': ""Q4 '25"", 'revenue': 1420.0, 'unit': 'M', 'net_profit': 568.61}, {'period': ""Q3 '25"", 'revenue': 1240.0, 'unit': 'M', 'net_profit': 715.97}, {'period': ""Q2 '25"", 'revenue': 1090.0, 'unit': 'M', 'net_profit': 620.0}, {'period': ""Q1 '25"", 'revenue': 1080.0, 'unit': 'M', 'net_profit': 581.0}, {'period': ""Q4 '24"", 'revenue': 1060.0, 'unit': 'M', 'net_profit': 688.0}, {'period': ""Q3 '24"", 'revenue': 1120.0, 'unit': 'M', 'net_profit': 544.0}]",1.57,1.55,17212619000,4959957000,1580119000.0,6921381000,729670000,10323000000,1179849000.0,1580119000.0,0,0.253764537669823,0.16628274907749077,0.18045112781954886,"[0.5025, 0.32]","['2026-02-27', '2023-02-27']",__nan__,0.40211085831853943
252,BAMH,Brookfield Finance Inc. 4.625% Subordinated Notes due October 16 2080,,,Asset Management,16.78,USD,0,https://images.financialmodelingprep.com/symbol/BAMH.png,24310,2020-10-21,,,,,,[],[],,,,,,,,,,,,,,,"[0.289, 0.289]","['2022-12-29', '2020-12-30']",__nan__,__nan__
253,BAMI,Brookfield Finance Inc. 4.50% Perpetual Subordinated Notes,,,Asset Management,16.1917,USD,0,https://images.financialmodelingprep.com/symbol/BAMI.png,26612,2020-11-27,,,,,,[],[],,,,,,,,,,,,,,,"[0.281, 0.281]","['2023-02-09', '2021-02-08']",__nan__,__nan__
254,BANC,Banc of California Inc. Common Stock,"Banc of California, Inc. operates as the bank holding company for Banc of California, National Association that provides banking products and services in the United States. The company offers deposit products, including checking, savings, money market, retirement, and interest-bearing and noninterest-bearing demand accounts, as well as certificate of deposits. It also provides various commercial and consumer loan products, such as commercial and industrial loans; commercial real estate and multifamily loans; construction loans; single family residential mortgage loans; warehouse and indirect/direct leveraged lending; home equity lines of credit; small business administration loans; and other consumer loans. In addition, the company offers automated bill payment, cash and treasury management, foreign exchange, card payment, remote and mobile deposit capture, automated clearing house origination, wire transfer, direct deposit, and internet banking services; and master demand accounts, interest rate swaps, and safe deposit boxes. Further, it invests in collateralized loan obligations, agency securities, municipal bonds, agency residential mortgage-backed securities, and corporate debt securities. As of December 31, 2020, the company operated 29 full-service branches in Southern California. The company was formerly known as First PacTrust Bancorp, Inc. and changed its name to Banc of California, Inc. in July 2013. Banc of California, Inc. was founded in 1941 and is headquartered in Santa Ana, California.",Jared Wolff,Banks - Regional,16.89,USD,2609104639,https://images.financialmodelingprep.com/symbol/BANC.png,2726266,2002-08-23,,,,397163000,228973000,"[{'period': '2025', 'revenue': 1810.0, 'unit': 'M', 'net_profit': 228.97}, {'period': '2024', 'revenue': 1870.0, 'unit': 'M', 'net_profit': 126.89}, {'period': '2023', 'revenue': 1.5, 'unit': 'B', 'net_profit': -1.9}, {'period': '2022', 'revenue': 1610.0, 'unit': 'M', 'net_profit': 423.61}]","[{'period': ""Q4 '25"", 'revenue': 458.52, 'unit': 'M', 'net_profit': 77.39}, {'period': ""Q3 '25"", 'revenue': 465.52, 'unit': 'M', 'net_profit': 69.63}, {'period': ""Q2 '25"", 'revenue': 448.22, 'unit': 'M', 'net_profit': 28.39}, {'period': ""Q1 '25"", 'revenue': 438.27, 'unit': 'M', 'net_profit': 53.57}, {'period': ""Q4 '24"", 'revenue': 449.02, 'unit': 'M', 'net_profit': 56.92}, {'period': ""Q3 '24"", 'revenue': 427.45, 'unit': 'M', 'net_profit': 8.78}]",1.18,1.18,34797442000,7231101000,7231101000.0,31256165000,0,25032679000,28239606000.0,2307965000.0,234771000,0.3692631767658659,0.8045284030010718,1.269230769230769,"[0.12, 0.05]","['2026-03-16', '2003-03-12']",__nan__,0.8982316861107205
255,BAP,Credicorp Ltd. Common Stock,"Credicorp Ltd., a financial service holding company, provides various financial, insurance, and health services and products primarily in Peru and internationally. The company's Universal Banking segment offers deposits and current accounts, and various credits and financial instruments to individuals and legal entities. Its Insurance and Pensions segment issues insurance policies to cover losses in commercial property, transportation, marine vessels, automobile, life, health, and pensions, as well as provides private pension fund management services. The company's Microfinance segment manages loans, credits, deposits, and current accounts of the small and microenterprises. Its Investment Banking and Wealth Management segment offers its services to corporations, institutional investors, governments, and foundations; engages in structuring and placement of issues in the primary market, as well as the execution and negotiation of operations in the secondary market; and structures securitization processes for corporate customers and manages mutual funds. The company was founded in 1889 and is headquartered in Lima, Peru.",Gianfranco Piero Dario Ferrari de Las Casas,Banks - Regional,322.43,USD,25590168969,https://images.financialmodelingprep.com/symbol/BAP.png,484706,1995-10-25,,,,10218705000,6528030000,"[{'period': '2025', 'revenue': 30.29, 'unit': 'B', 'net_profit': 6.53}, {'period': '2024', 'revenue': 27.0, 'unit': 'B', 'net_profit': 5.5}, {'period': '2023', 'revenue': 25.37, 'unit': 'B', 'net_profit': 4.87}, {'period': '2022', 'revenue': 20.63, 'unit': 'B', 'net_profit': 4.65}]","[{'period': ""Q4 '25"", 'revenue': 8.31, 'unit': 'B', 'net_profit': 1.58}, {'period': ""Q3 '25"", 'revenue': 5.29, 'unit': 'B', 'net_profit': 1.74}, {'period': ""Q2 '25"", 'revenue': 7.42, 'unit': 'B', 'net_profit': 1.82}, {'period': ""Q1 '25"", 'revenue': 6.93, 'unit': 'B', 'net_profit': 1.78}, {'period': ""Q4 '24"", 'revenue': 6.61, 'unit': 'B', 'net_profit': 1.13}, {'period': ""Q3 '24"", 'revenue': 6.87, 'unit': 'B', 'net_profit': 1.52}]",86.8,86.8,267338680000,46691077000,44518117000.0,230004962000,2172960000,200493650000,14440200000.0,43297852000.0,7735202000,0.1955763917447975,0.18664399062468304,0.2563323201621073,"[10.84, 0.55]","['2025-05-19', '1996-03-27']",__nan__,0.8603504812696764
256,BAX,Baxter International Inc. Common Stock,"Baxter International Inc., through its subsidiaries, develops and provides a portfolio of healthcare products worldwide. The company offers peritoneal dialysis and hemodialysis, and additional dialysis therapies and services; intravenous therapies, infusion pumps, administration sets, and drug reconstitution devices; remixed and oncology drug platforms, inhaled anesthesia and critical care products and pharmacy compounding services; parenteral nutrition therapies and related products; biological products and medical devices used in surgical procedures for hemostasis, tissue sealing and adhesion prevention; and continuous renal replacement therapies and other organ support therapies focused in the intensive care unit. It also provides connected care solutions, including devices, software, communications, and integration technologies; integrated patient monitoring and diagnostic technologies to help diagnose, treat, and manage a various illness and diseases, including respiratory therapy, cardiology, vision screening, and physical assessment; surgical video technologies, tables, lights, pendants, precision positioning devices and other accessories. In addition, the company offers contracted services to various pharmaceutical and biopharmaceutical companies. Its products are used in hospitals, kidney dialysis centers, nursing homes, rehabilitation centers, doctors' offices, and patients at home under physician supervision. The company sells its products through direct sales force, as well as through independent distributors, drug wholesalers, and specialty pharmacy or other alternate site providers in approximately 100 countries. It has an agreement with Celerity Pharmaceutical, LLC to develop acute care generic injectable premix and oncolytic molecules. Baxter International Inc. was incorporated in 1931 and is headquartered in Deerfield, Illinois.",Scott Kaplan,Medical - Instruments & Supplies,15.97,USD,8216405300,https://images.financialmodelingprep.com/symbol/BAX.png,9894144,1981-10-27,,,,766000000,-957000000,"[{'period': '2025', 'revenue': 11240.0, 'unit': 'M', 'net_profit': -957.0}, {'period': '2024', 'revenue': 10640.0, 'unit': 'M', 'net_profit': -649.0}, {'period': '2023', 'revenue': 10.36, 'unit': 'B', 'net_profit': 2.66}, {'period': '2022', 'revenue': 10.06, 'unit': 'B', 'net_profit': -2.43}]","[{'period': ""Q4 '25"", 'revenue': 2.97, 'unit': 'B', 'net_profit': -1.13}, {'period': ""Q3 '25"", 'revenue': 2830.0, 'unit': 'M', 'net_profit': -46.0}, {'period': ""Q2 '25"", 'revenue': 2810.0, 'unit': 'M', 'net_profit': 91.0}, {'period': ""Q1 '25"", 'revenue': 2620.0, 'unit': 'M', 'net_profit': 126.0}, {'period': ""Q4 '24"", 'revenue': 2750.0, 'unit': 'M', 'net_profit': -512.0}, {'period': ""Q3 '24"", 'revenue': 2700.0, 'unit': 'M', 'net_profit': 140.0}]",-1.75,-1.75,20055000000,6872000000,1966000000.0,13953000000,1932000000,103000000,2970000000.0,1966000000.0,323000000,-0.31362007168458783,-0.4745762711864407,-0.3779527559055118,"[0.01, 0.115]","['2026-02-27', '1982-03-10']",__nan__,0.6957367240089753
257,BB,BlackBerry Limited Common Stock,"BlackBerry Limited provides intelligent security software and services to enterprises and governments worldwide. The company operates through three segments: Cybersecurity, IoT, and Licensing and Other. The company offers BlackBerry Cyber Suite, which provides Cylance AI and machine learning-based cybersecurity solutions, including BlackBerry Protect, an EPP and available MTD solution; BlackBerry Optics, an EDR solution that provides visibility into and prevention of malicious activity; BlackBerry Guard, a managed detection and response solution; BlackBerry Gateway, an AI-empowered ZTNA solution; and BlackBerry Persona, a UEBA solution that provides authentication by validating user identity in real time. It also provides BlackBerry Spark Unified Endpoint Management Suite, such as BlackBerry UEM, a central software component of its secure communications platform; BlackBerry Dynamics that provides a development platform and secure container for mobile applications; BlackBerry AtHoc and BlackBerry Alert secure and networked critical event management solutions; and SecuSUITE for Government, a multi-OS voice and text messaging solution, as well as BBM Enterprise, an enterprise-grade secure instant messaging solution. In addition, the company offers BlackBerry QNX, which provides Neutrino operating system and BlackBerry QNX CAR platform, and other products; BlackBerry QNX, an embedded system solution; BlackBerry Jarvis, a cloud-based binary static application security testing platform; BlackBerry Certicom cryptography and management products, and BlackBerry Radar asset monitoring solution; and BlackBerry IVY, an intelligent vehicle data platform, as well as enterprise and cybersecurity consulting services. Further, it is involved in the patent licensing and legacy service access fees business. As of February 28, 2022, it owned approximately 38,000 worldwide patents and applications. BlackBerry Limited was incorporated in 1984 and is headquartered in Waterloo, Canada.",John Joseph Giamatteo,Software - Infrastructure,3.16,USD,1864866258,https://images.financialmodelingprep.com/symbol/BB.png,7039232,1999-02-04,,,,59200000,-79000000,"[{'period': '2025', 'revenue': 534.9, 'unit': 'M', 'net_profit': -79.0}, {'period': '2024', 'revenue': 759.1, 'unit': 'M', 'net_profit': -130.2}, {'period': '2023', 'revenue': 526.3, 'unit': 'M', 'net_profit': -734.4}, {'period': '2022', 'revenue': 718.0, 'unit': 'M', 'net_profit': 12.0}]","[{'period': ""Q3 '26"", 'revenue': 141.8, 'unit': 'M', 'net_profit': 13.7}, {'period': ""Q2 '26"", 'revenue': 129.6, 'unit': 'M', 'net_profit': 13.3}, {'period': ""Q1 '26"", 'revenue': 121.7, 'unit': 'M', 'net_profit': 1.9}, {'period': ""Q4 '25"", 'revenue': 143.9, 'unit': 'M', 'net_profit': -7.0}, {'period': ""Q3 '25"", 'revenue': 143.6, 'unit': 'M', 'net_profit': -10.5}, {'period': ""Q2 '25"", 'revenue': 126.2, 'unit': 'M', 'net_profit': -19.7}]",-0.13,-0.13,1295600000,591500000,337800000.0,572956000,223700000,58900000,344300000.0,266700000.0,6400000,-0.369542066027689,0.3932411674347158,0.40909090909090906,__nan__,__nan__,__nan__,0.44223217042297003
258,BBAR,Banco BBVA Argentina S.A. ADS,"Banco BBVA Argentina S.A. provides various banking products and services to individuals and companies in Argentina. It provides retail banking products and services, such as checking and savings accounts, time deposits, credit cards, consumer and secured loans, mortgages, insurance, and investment products to individuals; and small and medium-sized companies products and services, including financing products, factoring, checking accounts, time deposits, transactional and payroll services, insurance, and investment products to private-sector companies. The company also provides corporate and investment banking products and services, such as global transaction services; global markets solutions comprising risk management and securities brokerage; long-term financing products, including project finance and syndicated loans; and corporate finance services comprising mergers and acquisitions, and capital markets advisory services to corporations and multinational companies operating in Argentina. As of December 31, 2021, it operated a network of 243 branches, 15 in-company branches, 7 point of sale outlets, 2 points of express support, 884 ATMs, and 854 self-service terminals, as well as mobile and internet banking services. The company was formerly known as BBVA Banco Francés S.A. and changed its name to Banco BBVA Argentina S.A. in July 2019. Banco BBVA Argentina S.A. was incorporated in 1886 and is based in Buenos Aires, Argentina.",Jorge Alberto Bledel,Banks - Regional,14.02,USD,2863398057,https://images.financialmodelingprep.com/symbol/BBAR.png,709925,1993-11-24,,,,590913733000,291252628000,"[{'period': '2025', 'revenue': 7510.0, 'unit': 'B', 'net_profit': 291.25}, {'period': '2024', 'revenue': 5200.0, 'unit': 'B', 'net_profit': 360.41}, {'period': '2023', 'revenue': 7550.0, 'unit': 'B', 'net_profit': 341.58}, {'period': '2022', 'revenue': 4610.0, 'unit': 'B', 'net_profit': 399.02}]","[{'period': ""Q4 '25"", 'revenue': 1680.0, 'unit': 'B', 'net_profit': 54.37}, {'period': ""Q3 '25"", 'revenue': 1600.0, 'unit': 'B', 'net_profit': 35.09}, {'period': ""Q2 '25"", 'revenue': 1260.0, 'unit': 'B', 'net_profit': 55.36}, {'period': ""Q1 '25"", 'revenue': 1070.0, 'unit': 'B', 'net_profit': 78.43}, {'period': ""Q4 '24"", 'revenue': 1220.0, 'unit': 'B', 'net_profit': 90.02}, {'period': ""Q3 '24"", 'revenue': 892.21, 'unit': 'B', 'net_profit': 99.67}]",1421.97,1421.97,25399200947000,3505821839000,3505821839000.0,21856714071000,628609000,19295173609000,468049746000.0,3505821839000.0,1630553037000,0.13486218846946815,-0.19187488008641293,-0.17784291958648438,"[0.036659, 0.3075]","['2026-03-16', '1994-10-07']",__nan__,0.8605276251252142
259,BBD,Banco Bradesco Sa American Depositary Shares,"Banco Bradesco S.A., together with its subsidiaries, provides various banking products and services to individuals, corporates, and businesses in Brazil and internationally. The company operates through two segment, Banking and Insurance. It provides current, savings, click, and salary accounts; real estate credit, vehicle financing, payroll loans, mortgage loans, microcredit, leasing, and personal and installment credit; debit and business cards; financial and security services; consortium products; auto, personal accident, dental, travel, and life insurance; investment products; pension products; real estate and vehicle auctions; cash management, and foreign trade and exchange services; capitalization bonds; and internet banking services. Banco Bradesco S.A. was founded in 1943 and is headquartered in Osasco, Brazil.",Marcelo de Araujo Noronha,Banks - Regional,3.49,USD,36921093101,https://images.financialmodelingprep.com/symbol/BBD.png,40962762,2002-08-02,,,,-3557894000,23207699000,"[{'period': '2025', 'revenue': 342.23, 'unit': 'B', 'net_profit': 23.21}, {'period': '2024', 'revenue': 249.61, 'unit': 'B', 'net_profit': 17.25}, {'period': '2023', 'revenue': 254.71, 'unit': 'B', 'net_profit': 14.25}, {'period': '2022', 'revenue': 239.65, 'unit': 'B', 'net_profit': 21.22}]","[{'period': ""Q4 '25"", 'revenue': 114.79, 'unit': 'B', 'net_profit': 6.04}, {'period': ""Q3 '25"", 'revenue': 80.67, 'unit': 'B', 'net_profit': 5.5}, {'period': ""Q2 '25"", 'revenue': 76.53, 'unit': 'B', 'net_profit': 6.07}, {'period': ""Q1 '25"", 'revenue': 70.25, 'unit': 'B', 'net_profit': 5.6}, {'period': ""Q4 '24"", 'revenue': 66.25, 'unit': 'B', 'net_profit': 4.15}, {'period': ""Q3 '24"", 'revenue': 62.21, 'unit': 'B', 'net_profit': 4.87}]",2.19,2.19,2330327216000,254848080000,254848080000.0,2151378586000,0,1844497236000,440341542000.0,137031197000.0,-315800552000,-1.1505350075400909,0.34514771429730656,0.343558282208589,"[0.035585, 0.1]","['2026-04-08', '1997-07-01']",__nan__,0.9232087971288578
260,BBDC,Barings BDC Inc. Common Stock,"Barings BDC, Inc. (NYSE: BBDC) is a publicly traded, externally managed investment company that has elected to be treated as a business development company under the Investment Company Act of 1940. It seeks to invest primarily in senior secured loans, first lien debt, unitranche, second lien debt, subordinated debt, equity co-investments and senior secured private debt investments in private middle-market companies that operate across a wide range of industries. It specializes in mezzanine, leveraged buyouts, management buyouts, ESOPs, change of control transactions, acquisition financings, growth financing, and recapitalizations in lower middle market, mature, and later stage companies. It invests in manufacturing and distribution; business services and technology; transportation and logistics; consumer product and services. It invests in United States. It invests in companies with EBITDA of $10 million to $75 million, typically in private equity sponsor backed. Barings BDC, Inc. Barings BDC, Inc. was incorporated on October 10, 2006 and is based in Charlotte, North Carolina with an additional office in Raleigh, North Carolina.",Thomas McDonnell,Financial - Credit Services,7.99,USD,836608930,https://images.financialmodelingprep.com/symbol/BBDC.png,762669,2007-02-22,,,,190885000,101924000,"[{'period': '2025', 'revenue': 248.84, 'unit': 'M', 'net_profit': 101.92}, {'period': '2024', 'revenue': 209.1, 'unit': 'M', 'net_profit': 110.29}, {'period': '2023', 'revenue': 289.2, 'unit': 'M', 'net_profit': 128.0}, {'period': '2022', 'revenue': 219.13, 'unit': 'M', 'net_profit': 4.68}]","[{'period': ""Q4 '25"", 'revenue': 57.44, 'unit': 'M', 'net_profit': 25.24}, {'period': ""Q3 '25"", 'revenue': 71.02, 'unit': 'M', 'net_profit': 23.55}, {'period': ""Q2 '25"", 'revenue': 45.84, 'unit': 'M', 'net_profit': 20.56}, {'period': ""Q1 '25"", 'revenue': 54.87, 'unit': 'M', 'net_profit': 32.58}, {'period': ""Q4 '24"", 'revenue': 50.18, 'unit': 'M', 'net_profit': 24.83}, {'period': ""Q3 '24"", 'revenue': 48.04, 'unit': 'M', 'net_profit': 22.02}]",0.97,0.97,2636383000,164182000,66780000.0,1475701000,41415000,2462539000,41975000.0,66780000.0,160542000,0.6780361302799877,-0.0758461859296938,-0.06730769230769236,"[0.26, 0.15]","['2026-03-04', '2007-05-29']",__nan__,0.5597445439452462
261,BBDO,Banco Bradesco Sa American Depositary Shares (each representing one Common Share),"Banco Bradesco S.A., together with its subsidiaries, provides various banking products and services to individuals, corporates, and businesses in Brazil and internationally. The company operates through two segment, Banking and Insurance. It provides current, savings, click, and salary accounts; real estate credit, vehicle financing, payroll loans, mortgage loans, microcredit, leasing, and personal and installment credit; debit and business cards; financial and security services; consortium products; auto, personal accident, dental, travel, and life insurance; investment products; pension products; real estate and vehicle auctions; cash management, and foreign trade and exchange services; capitalization bonds; and internet banking services. Banco Bradesco S.A. was founded in 1943 and is headquartered in Osasco, Brazil.",Marcelo de Araujo Noronha,Banks - Regional,3.22,USD,34064733463,https://images.financialmodelingprep.com/symbol/BBDO.png,73330,2012-03-13,,,,21307432000,23672706000,"[{'period': '2025', 'revenue': 349.09, 'unit': 'B', 'net_profit': 23.67}, {'period': '2024', 'revenue': 249.61, 'unit': 'B', 'net_profit': 17.25}, {'period': '2023', 'revenue': 254.71, 'unit': 'B', 'net_profit': 14.25}, {'period': '2022', 'revenue': 239.65, 'unit': 'B', 'net_profit': 21.22}]","[{'period': ""Q4 '25"", 'revenue': 95.96, 'unit': 'B', 'net_profit': 6.5}, {'period': ""Q3 '25"", 'revenue': 80.67, 'unit': 'B', 'net_profit': 5.5}, {'period': ""Q2 '25"", 'revenue': 76.53, 'unit': 'B', 'net_profit': 6.07}, {'period': ""Q1 '25"", 'revenue': 70.25, 'unit': 'B', 'net_profit': 5.6}, {'period': ""Q4 '24"", 'revenue': 66.25, 'unit': 'B', 'net_profit': 4.15}, {'period': ""Q3 '24"", 'revenue': 62.21, 'unit': 'B', 'net_profit': 4.87}]",2.24,2.24,2330327216000,254976039000,254976039000.0,2151378586000,0,1845423357000,440562637000.0,150539395000.0,258027947000,-0.09847948343037446,0.3721001107060262,0.37423312883435605,"[0.03235, 0.008289]","['2026-04-08', '2012-04-04']",__nan__,0.9232087971288578
262,BBL,BHP Group PlcSponsored ADR,"BHP Group Limited operates as a resources company in Australia, Europe, China, Japan, India, South Korea, rest of Asia, North America, South America, and internationally. It operates through Petroleum, Copper, Iron Ore, and Coal segments. The company engages in the exploration, development, and production of oil and gas properties; and mining of copper, silver, zinc, molybdenum, uranium, gold, iron ore, and metallurgical and energy coal. It is also involved in mining, smelting, and refining of nickel; and potash development activities. In addition, the company provides towing, freight, marketing and trading, marketing support, finance, administrative, and other services. The company was founded in 1851 and is headquartered in Melbourne, Australia.",Mike P. Henry BSc,Industrial Materials,64.18,USD,0,https://images.financialmodelingprep.com/symbol/BBL.png,3559465,2003-06-25,,,,25767000000,9019000000,"[{'period': '2025', 'revenue': 51.26, 'unit': 'B', 'net_profit': 9.02}, {'period': '2024', 'revenue': 56.03, 'unit': 'B', 'net_profit': 7.9}, {'period': '2023', 'revenue': 53.82, 'unit': 'B', 'net_profit': 12.92}, {'period': '2022', 'revenue': 65.1, 'unit': 'B', 'net_profit': 30.9}]","[{'period': ""Q4 '25"", 'revenue': 26.09, 'unit': 'B', 'net_profit': 4.6}, {'period': ""Q2 '25"", 'revenue': 25.18, 'unit': 'B', 'net_profit': 4.42}, {'period': ""Q4 '24"", 'revenue': 28.57, 'unit': 'B', 'net_profit': 6.97}, {'period': ""Q2 '24"", 'revenue': 27460.0, 'unit': 'M', 'net_profit': 927.0}, {'period': ""Q4 '23"", 'revenue': 28.2, 'unit': 'B', 'net_profit': 6.46}, {'period': ""Q2 '23"", 'revenue': 25.98, 'unit': 'B', 'net_profit': 6.46}]",1.78,1.77,108790000000,22830000000,12042000000.0,56572000000,4661000000,4623000000,15639000000.0,11769000000.0,9294000000,0.0953028692879915,0.14207927060909206,0.141025641025641,"[4, 0.16]","['2021-09-02', '2003-11-12']",__nan__,0.5200110304255906
263,BBN,BlackRock Taxable Municipal Bond Trust Common Shares of Beneficial Interest,"BlackRock Taxable Municipal Bond Trust is a closed-ended fixed income mutual fund launched by BlackRock, Inc. It is managed by BlackRock Advisors, LLC. The fund invests in the fixed income markets of the United States. It primarily invests in taxable municipal securities, which include Build America Bonds. The fund also invests in tax-exempt securities, U.S. treasury securities, obligations of the U.S. government, its agencies and instrumentalities, and corporate bonds. It was formerly known as BlackRock Build America Bond Trust. BlackRock Taxable Municipal Bond Trust was formed on August 27, 2010 and is domiciled in the United States.",Charles Choon Sik Park,Asset Management - Bonds,15.66,USD,967670769,https://images.financialmodelingprep.com/symbol/BBN.png,277074,2010-08-30,,,,102385326,78746527,"[{'period': '2025', 'revenue': 86.28, 'unit': 'M', 'net_profit': 78.75}, {'period': '2024', 'revenue': 102.45, 'unit': 'M', 'net_profit': 12.07}, {'period': '2023', 'revenue': 76.42, 'unit': 'M', 'net_profit': 119.46}, {'period': '2022', 'revenue': 94.67, 'unit': 'M', 'net_profit': -400.18}]","[{'period': ""Q4 '25"", 'revenue': 43.0, 'unit': 'M', 'net_profit': 40.85}, {'period': ""Q2 '25"", 'revenue': 43.28, 'unit': 'M', 'net_profit': 37.9}, {'period': ""Q4 '24"", 'revenue': 55.25, 'unit': 'M', 'net_profit': 14.67}, {'period': ""Q2 '24"", 'revenue': 47.2, 'unit': 'M', 'net_profit': -2.6}, {'period': ""Q4 '23"", 'revenue': 52.33, 'unit': 'M', 'net_profit': 42.66}, {'period': ""Q2 '23"", 'revenue': 24.09, 'unit': 'M', 'net_profit': 76.8}]",1.27,1.27,1635395237,44325262,8749343.0,567692886,35575919,1591054815,566072776.0,2923000.0,61774750,1.5592402426417484,5.524574121229531,5.35,"[0.0986, 0.1183]","['2026-06-15', '2010-10-18']",__nan__,0.3471288610583131
264,BBU,Brookfield Business Partners L.P. Limited Partnership Units ,"Brookfield Business Partners L.P. is a private equity firm specializes in acquisition. The firm typically invests in business services, construction, energy, and industrials sector. It prefers to take majority stake in companies. The firm seeks returns of at least 15% on its investments. Brookfield Business Partners L.P. is based in Hamilton, Bermuda. Brookfield Business Partners L.P. operates as a subsidiary of Brookfield Asset Management Inc.",Anuj Ranjan,Conglomerates,32.13,USD,2849157663,https://images.financialmodelingprep.com/symbol/BBU.png,35989,2016-06-01,,,,6722659059,-26455143,"[{'period': '2025', 'revenue': 27940.0, 'unit': 'M', 'net_profit': -26.46}, {'period': '2024', 'revenue': 40620.0, 'unit': 'M', 'net_profit': 15.0}, {'period': '2023', 'revenue': 53050.0, 'unit': 'M', 'net_profit': 482.0}, {'period': '2022', 'revenue': 57380.0, 'unit': 'M', 'net_profit': 63.0}]","[{'period': ""Q4 '25"", 'revenue': 7200.0, 'unit': 'M', 'net_profit': -42.65}, {'period': ""Q3 '25"", 'revenue': 6920.0, 'unit': 'M', 'net_profit': -25.0}, {'period': ""Q2 '25"", 'revenue': 6700.0, 'unit': 'M', 'net_profit': 11.0}, {'period': ""Q1 '25"", 'revenue': 6750.0, 'unit': 'M', 'net_profit': 43.0}, {'period': ""Q4 '24"", 'revenue': 7430.0, 'unit': 'M', 'net_profit': -137.0}, {'period': ""Q3 '24"", 'revenue': 9230.0, 'unit': 'M', 'net_profit': 116.0}]",-0.31,-0.31,75623126000,28296411000,15999830000.0,60339990000,7710942000,2489461000,15484769000.0,3539547000.0,724461574,-0.1239693694292416,-2.7636762,0.38,"[0.0625, 0.07]","['2026-03-23', '2016-08-29']",__nan__,0.7979039374807119
265,BBVA,Banco Bilbao Vizcaya Argentaria S.A. Common Stock,"Banco Bilbao Vizcaya Argentaria, S.A., together with its subsidiaries, provides retail banking, wholesale banking, and asset management services. It offers current accounts; and demand, savings, overnight, time, term, and subordinated deposits. The company also provides loan products; deals in securities; and manages pension and investment funds. In addition, it offers credit cards; corporate and investment banking services; insurance products and services; and real estate services. The company provides its products through online and mobile channels. As of December 31, 2021, it operated through a network of 6,083 branches and 29,148 ATMs. It operates in Spain, Mexico, South America, the United States, Turkey, Asia, and rest of Europe. Banco Bilbao Vizcaya Argentaria, S.A. was founded in 1857 and is headquartered in Bilbao, Spain.",Onur Genc,Banks - Diversified,20.42,USD,116217601667,https://images.financialmodelingprep.com/symbol/BBVA.png,2076227,1988-12-15,,,,17748000000,10511000000,"[{'period': '2025', 'revenue': 36.93, 'unit': 'B', 'net_profit': 10.51}, {'period': '2024', 'revenue': 35.48, 'unit': 'B', 'net_profit': 10.05}, {'period': '2023', 'revenue': 58.19, 'unit': 'B', 'net_profit': 8.02}, {'period': '2022', 'revenue': 40.37, 'unit': 'B', 'net_profit': 6.36}]","[{'period': ""Q4 '25"", 'revenue': 9.79, 'unit': 'B', 'net_profit': 2.53}, {'period': ""Q3 '25"", 'revenue': 17.9, 'unit': 'B', 'net_profit': 2.53}, {'period': ""Q2 '25"", 'revenue': 8.71, 'unit': 'B', 'net_profit': 2.75}, {'period': ""Q1 '25"", 'revenue': 9.32, 'unit': 'B', 'net_profit': 2.7}, {'period': ""Q4 '24"", 'revenue': 9.32, 'unit': 'B', 'net_profit': 2.43}, {'period': ""Q3 '24"", 'revenue': 17.93, 'unit': 'B', 'net_profit': 2.63}]",1.69,1.69,859576000000,275944000000,275944000000.0,797778000000,0,547052000000,633093000000.0,93950000000.0,14141000000,0.04782146652497343,0.045454545454545456,0.005952380952380958,"[0.57377, 4.8296]","['2026-04-09', '1989-03-01']",__nan__,0.9281064152558937
266,BBW,Build-A-Bear Workshop Inc. Common Stock,"Build-A-Bear Workshop, Inc. operates as a multi-channel retailer of plush animals and related products. The company operates through three segments: Direct-to-Consumer, Commercial, and International Franchising. Its merchandise comprises various styles of plush products to be stuffed, pre-stuffed plush products, and sounds and scents that can be added to the stuffed animals, as well as range of clothing, shoes, accessories, and other toy and novelty items. The company operates its stores under the Build-A-Bear Workshop brand name; and sells its products through its e-commerce sites. As of January 29, 2022, it operated 346 stores, including 305 stores in the United States and Canada; and 41 stores in the United Kingdom and Ireland, as well as 72 franchised stores internationally. The company was founded in 1997 and is headquartered in St. Louis, Missouri.",Sharon Price John,Specialty Retail,37.28,USD,489343096,https://images.financialmodelingprep.com/symbol/BBW.png,400088,2004-10-28,,,,81378000,52203000,"[{'period': '2025', 'revenue': 529.83, 'unit': 'M', 'net_profit': 52.2}, {'period': '2024', 'revenue': 496.4, 'unit': 'M', 'net_profit': 51.78}, {'period': '2023', 'revenue': 486.11, 'unit': 'M', 'net_profit': 52.8}, {'period': '2022', 'revenue': 467.94, 'unit': 'M', 'net_profit': 47.98}]","[{'period': ""Q4 '25"", 'revenue': 154.51, 'unit': 'M', 'net_profit': 16.39}, {'period': ""Q3 '25"", 'revenue': 122.68, 'unit': 'M', 'net_profit': 8.12}, {'period': ""Q2 '25"", 'revenue': 124.25, 'unit': 'M', 'net_profit': 12.37}, {'period': ""Q1 '25"", 'revenue': 128.4, 'unit': 'M', 'net_profit': 15.32}, {'period': ""Q4 '24"", 'revenue': 150.45, 'unit': 'M', 'net_profit': 21.68}, {'period': ""Q3 '24"", 'revenue': 119.43, 'unit': 'M', 'net_profit': 9.87}]",4.0,3.99,345453000,140020000,26755000.0,190425000,21459000,0,90626000.0,26755000.0,27770000,0.004022109263189064,0.008071835473592739,0.04986876640419946,"[0.23, 1.25]","['2026-03-26', '2021-12-09']",__nan__,0.5512327291990516
267,BBY,Best Buy Co. Inc. Common Stock,"Best Buy Co., Inc. retails technology products in the United States and Canada. The company operates in two segments, Domestic and International. Its stores provide computing products, such as desktops, notebooks, and peripherals; mobile phones comprising related mobile network carrier commissions; networking products; tablets covering e-readers; smartwatches; and consumer electronics consisting of digital imaging, health and fitness, home theater, portable audio comprising headphones and portable speakers, and smart home products. The company's stores also offer appliances, such as dishwashers, laundry, ovens, refrigerators, blenders, coffee makers, and vacuums; entertainment products consisting of drones, peripherals, movies, music, and toys, as well as gaming hardware and software, and virtual reality and other software products; and other products, such as baby, food and beverage, luggage, outdoor living, and sporting goods. In addition, it provides consultation, delivery, design, health-related, installation, memberships, repair, set-up, technical support, and warranty-related services. The company offers its products through stores and websites under the Best Buy, Best Buy Ads, Best Buy Business, Best Buy Health, CST, Current Health, Geek Squad, Lively, Magnolia, Best Buy Mobile, Pacific Kitchen, Home, and Yardbird, as well as domain names bestbuy.com, currenthealth.com, lively.com, yardbird.com, and bestbuy.ca. As of January 30, 2022, it had 1,144 stores. The company was formerly known as Sound of Music, Inc. The company was incorporated in 1966 and is headquartered in Richfield, Minnesota.",Corie Sue Barry,Specialty Retail,62.98,USD,13196520409,https://images.financialmodelingprep.com/symbol/BBY.png,4754610,1985-04-18,,,,2282000000,1069000000,"[{'period': '2026', 'revenue': 41.69, 'unit': 'B', 'net_profit': 1.07}, {'period': '2025', 'revenue': 41530.0, 'unit': 'M', 'net_profit': 927.0}, {'period': '2024', 'revenue': 43.45, 'unit': 'B', 'net_profit': 1.24}, {'period': '2023', 'revenue': 46.3, 'unit': 'B', 'net_profit': 1.42}]","[{'period': ""Q4 '26"", 'revenue': 13810.0, 'unit': 'M', 'net_profit': 541.0}, {'period': ""Q3 '26"", 'revenue': 9670.0, 'unit': 'M', 'net_profit': 140.0}, {'period': ""Q2 '26"", 'revenue': 9440.0, 'unit': 'M', 'net_profit': 186.0}, {'period': ""Q1 '26"", 'revenue': 8770.0, 'unit': 'M', 'net_profit': 202.0}, {'period': ""Q4 '25"", 'revenue': 13950.0, 'unit': 'M', 'net_profit': 117.0}, {'period': ""Q3 '25"", 'revenue': 9450.0, 'unit': 'M', 'net_profit': 273.0}]",5.06,5.04,14670000000,8504000000,1738000000.0,11706000000,1043000000,0,7679000000.0,1738000000.0,1258000000,0.03164556962025317,0.15318230852211434,0.1740139211136891,"[0.96, 0.3]","['2026-03-24', '2003-11-14']",__nan__,0.7979550102249489
268,BC,Brunswick Corporation Common Stock,"Brunswick Corporation designs, manufactures, and markets recreation products worldwide. It operates through Propulsion; Parts & Accessories; and Boat segments. The Propulsion segment provides outboard, sterndrive, and inboard engines for independent boat builders and governments through marine dealers and distributors, specialty marine retailers, and marine service centers; and propulsion-related controls, rigging, and propellers to original equipment manufacturers and aftermarket retailers, distributors, and distribution businesses. This segment offers its products under the Mercury, Mercury MerCruiser, Mariner, Mercury Racing, and Mercury Diesel brands. The Parts & Accessories segment provides engine parts and consumables, electrical products, boat parts and systems, engine oils and lubricants, marine electronics and control systems, instruments, trolling motors, fuel systems, and electrical systems, as well as specialty vehicle, mobile, and transportation aftermarket products for aftermarket retailers, distributors, and distribution businesses, as well for as for the original equipment manufacturers in marine and non-marine markets; and supplies parts and accessories. This segment offers its products under the under the Mercury, Mercury Precision Parts, Quicksilver, and Seachoice brands. The Boat segment provides Sea Ray sport boats and cruisers; Bayliner sport cruisers, runabouts and Heyday wake; Boston Whaler fiberglass offshore boats; Lund fiberglass fishing boats; Crestliner, Cypress Cay, Harris, Lowe, Lund, Princecraft aluminum fishing, utility, pontoon, and deck boats; and Thunder Jet heavy-gauge aluminum boats, as well as the freedom boat club, dealer services, and technology to the marine industry through dealers and distributors. Brunswick Corporation was founded in 1845 and is headquartered in Mettawa, Illinois.",David Foulkes,Auto - Recreational Vehicles,70.95,USD,4619762171,https://images.financialmodelingprep.com/symbol/BC.png,1000386,1981-12-31,,,,268500000,-137300000,"[{'period': '2025', 'revenue': 5360.0, 'unit': 'M', 'net_profit': -137.3}, {'period': '2024', 'revenue': 5240.0, 'unit': 'M', 'net_profit': 130.1}, {'period': '2023', 'revenue': 6400.0, 'unit': 'M', 'net_profit': 420.4}, {'period': '2022', 'revenue': 6810.0, 'unit': 'M', 'net_profit': 677.0}]","[{'period': ""Q4 '25"", 'revenue': 1330.0, 'unit': 'M', 'net_profit': 18.7}, {'period': ""Q3 '25"", 'revenue': 1360.0, 'unit': 'M', 'net_profit': -235.5}, {'period': ""Q2 '25"", 'revenue': 1450.0, 'unit': 'M', 'net_profit': 59.3}, {'period': ""Q1 '25"", 'revenue': 1220.0, 'unit': 'M', 'net_profit': 20.2}, {'period': ""Q4 '24"", 'revenue': 1150.0, 'unit': 'M', 'net_profit': -82.5}, {'period': ""Q3 '24"", 'revenue': 1270.0, 'unit': 'M', 'net_profit': 44.6}]",-2.08,-2.08,5312200000,2063300000,275700000.0,3686600000,522799999,79900000,1428700000.0,274900000.0,396300000,-0.566025537417165,-2.0553420445810913,-2.072164948453608,"[0.44, 0.25]","['2026-02-23', '1982-01-19']",__nan__,0.693987425172245
269,BCAT,BlackRock Capital Allocation Trust Common Shares of Beneficial Interest,"BlackRock Capital Allocation Term Trust is a newly organized, non-diversified, closed-end management investment company with no operating history. Its investment objectives are to provide total return and income through a combination of current income, current gains and long-term capital appreciation. The Trust is headquartered in Wilmington, DE.",John M. Perlowski,Asset Management,14.0,USD,1466853794,https://images.financialmodelingprep.com/symbol/BCAT.png,788569,2020-09-25,,,,221994837,221994837,"[{'period': '2025', 'revenue': 225.03, 'unit': 'M', 'net_profit': 221.99}, {'period': '2024', 'revenue': 197.67, 'unit': 'M', 'net_profit': 194.42}, {'period': '2023', 'revenue': 206.9, 'unit': 'M', 'net_profit': 204.72}, {'period': '2022', 'revenue': -320.36, 'unit': 'M', 'net_profit': -322.52}]",[],2.09,2.09,1965717642,6754359,6754016.0,370425270,0,1510855,277106887.0,6754016.0,354885636,0.0,0.1418425539435427,0.14207650273224032,"[0.2579, 0.104]","['2026-06-15', '2020-12-14']",__nan__,0.18844276618645722
270,BCC,Boise Cascade L.L.C. Common Stock,"Boise Cascade Company manufactures wood products and distributes building materials in the United States and Canada. It operates through two segments, Wood Products and Building Materials Distribution. The Wood Products segment manufactures laminated veneer lumber and laminated beams used in headers and beams; I-joists for residential and commercial flooring and roofing systems, and other structural applications; structural, appearance, and industrial plywood panels; and ponderosa pine lumber products. This segment's products are used in new residential construction, residential repair-and-remodeling markets, light commercial construction, and industrial applications. It sells its products to wholesalers, home improvement centers, retail lumberyards, and industrial converters. The Building Materials Distribution segment distributes a line of building materials, including oriented strand boards, plywood, and lumber; general line items, such as siding, composite decking, doors, metal products, insulation, and roofing; and engineered wood products. This segment sells its products to dealers, home improvement centers, and specialty distributors. The company was founded in 2004 and is headquartered in Boise, Idaho.",Jeffrey Robert Strom,Construction Materials,74.43,USD,2668784707,https://images.financialmodelingprep.com/symbol/BCC.png,434855,2013-02-06,,,,347972000,132836000,"[{'period': '2025', 'revenue': 6400.0, 'unit': 'M', 'net_profit': 132.84}, {'period': '2024', 'revenue': 6720.0, 'unit': 'M', 'net_profit': 376.35}, {'period': '2023', 'revenue': 6840.0, 'unit': 'M', 'net_profit': 483.66}, {'period': '2022', 'revenue': 8390.0, 'unit': 'M', 'net_profit': 857.66}]","[{'period': ""Q4 '25"", 'revenue': 1460.0, 'unit': 'M', 'net_profit': 8.73}, {'period': ""Q3 '25"", 'revenue': 1670.0, 'unit': 'M', 'net_profit': 21.77}, {'period': ""Q2 '25"", 'revenue': 1740.0, 'unit': 'M', 'net_profit': 61.98}, {'period': ""Q1 '25"", 'revenue': 1540.0, 'unit': 'M', 'net_profit': 40.35}, {'period': ""Q4 '24"", 'revenue': 1570.0, 'unit': 'M', 'net_profit': 68.9}, {'period': ""Q3 '24"", 'revenue': 1710.0, 'unit': 'M', 'net_profit': 91.04}]",3.54,3.52,3241943000,1654418000,477215000.0,1167065000,340728000,0,493076000.0,477215000.0,12717000,-0.4831290439494495,-0.6470450692698895,-0.6323987538940811,"[0.22, 0.07]","['2026-02-23', '2017-11-24']",__nan__,0.35998936440276713
271,BCE,BCE Inc. Common Stock,"BCE Inc., a telecommunications and media company, provides wireless, wireline, Internet, and television (TV) services to residential, business, and wholesale customers in Canada. The company operates through three segments: Bell Wireless, Bell Wireline, and Bell Media. The Bell Wireless segment offers wireless voice and data communication products and services, as well as consumer electronics products. The Bell Wireline segment offers data, including internet access and Internet protocol television (IPTV), local telephone, and long distance services, as well as other communication services and products; and satellite TV service and connectivity servuces. This segment also buys and sells local telephone, long distance, data, and other services from or to resellers and other carriers. The Bell Media segment provides conventional TV, specialty TV, pay TV, streaming services, digital media services, radio broadcasting services, and out-of-home advertising services. BCE Inc. was founded in 1880 and is headquartered in Verdun, Canada.",Mirko Bibic,Telecommunications Services,25.25,USD,23546276879,https://images.financialmodelingprep.com/symbol/BCE.png,3480998,1982-11-15,,,,10649314000,6299862000,"[{'period': '2025', 'revenue': 24.45, 'unit': 'B', 'net_profit': 6.3}, {'period': '2024', 'revenue': 24410.0, 'unit': 'M', 'net_profit': 344.0}, {'period': '2023', 'revenue': 24.67, 'unit': 'B', 'net_profit': 2.26}, {'period': '2022', 'revenue': 24.17, 'unit': 'B', 'net_profit': 2.87}]","[{'period': ""Q4 '25"", 'revenue': 6380.0, 'unit': 'M', 'net_profit': 469.86}, {'period': ""Q3 '25"", 'revenue': 6.05, 'unit': 'B', 'net_profit': 4.54}, {'period': ""Q2 '25"", 'revenue': 6080.0, 'unit': 'M', 'net_profit': 619.0}, {'period': ""Q1 '25"", 'revenue': 5930.0, 'unit': 'M', 'net_profit': 671.0}, {'period': ""Q4 '24"", 'revenue': 6420.0, 'unit': 'M', 'net_profit': 504.0}, {'period': ""Q3 '24"", 'revenue': 5.97, 'unit': 'B', 'net_profit': -1.19}]",6.78,6.78,80077000000,7407000000,320000000.0,56870000000,5049000000,396000000,12856000000.0,320000000.0,3293000000,0.37605814704742213,17.313552325581394,36.66666666666667,"[0.31951, 1.4364]","['2026-03-16', '1984-12-10']",__nan__,0.7101914407382894
272,BCEI,Bonanza Creek Energy Inc. Common Stock,"Bonanza Creek Energy, Inc., an exploration and production company, focuses on the extraction of onshore oil and related liquids-rich natural gas in the United States. Its primary oil and liquids-weighted assets are located in the Wattenberg Field in Colorado. As of December 31, 2019, the company had proved reserves of 121.9 million barrel of oil equivalent. Bonanza Creek Energy, Inc. was founded in 1999 and is headquartered in Denver, Colorado.",Eric Greager,Oil & Gas Exploration & Production,54.58,USD,4377856560,https://images.financialmodelingprep.com/symbol/BCEI.png,745469,2011-12-15,,,,2194875000,838723000,"[{'period': '2024', 'revenue': 5210.0, 'unit': 'M', 'net_profit': 838.72}, {'period': '2023', 'revenue': 3480.0, 'unit': 'M', 'net_profit': 784.29}, {'period': '2022', 'revenue': 3.79, 'unit': 'B', 'net_profit': 1.25}, {'period': '2021', 'revenue': 930.61, 'unit': 'M', 'net_profit': 178.92}]","[{'period': ""Q3 '25"", 'revenue': 1170.0, 'unit': 'M', 'net_profit': 177.0}, {'period': ""Q2 '25"", 'revenue': 1060.0, 'unit': 'M', 'net_profit': 124.0}, {'period': ""Q1 '25"", 'revenue': 1190.0, 'unit': 'M', 'net_profit': 186.0}, {'period': ""Q4 '24"", 'revenue': 2380.0, 'unit': 'M', 'net_profit': 151.11}, {'period': ""Q3 '24"", 'revenue': 1270.0, 'unit': 'M', 'net_profit': 295.8}, {'period': ""Q2 '24"", 'revenue': 1310.0, 'unit': 'M', 'net_profit': 215.99}]",8.48,8.46,14944120000,988318000,75826000.0,8315374000,0,0,2205094000.0,75826000.0,2865228000,-0.08710701254041185,0.06940690154637072,-0.05986696230598661,"[0.4625, 0.35]","['2022-03-17', '2021-06-14']",__nan__,0.5564311582080443
273,BCH,Banco De Chile Banco De Chile ADS,"Banco de Chile, together with its subsidiaries, provides banking and financial products and services to customers in Chile. It operates through Retail Banking, Wholesale Banking, and Treasury and Money Market segments. The company offers deposit products, such as checking accounts, current accounts, demand deposits and accounts, saving accounts, and time deposits; commercial, mortgage, consumer, working capital, syndicated, and installment loans; and credit cards. It also provides leasing, factoring, and foreign trade services; international and treasury banking services; and financial advisory services. In addition, the company offers liquidity management services, debt instruments, and derivative contracts and leases, as well as financial transaction and currency trading services; and securities brokerage, mutual funds management, wholesale customer, investment banking and management, and insurance brokerage services. As of December 31, 2021, it operated through a network of 272 branches and 1,761 ATMs. The company serves individuals, small and medium-sized companies, corporate clients, and large companies. Banco de Chile was founded in 1893 and is headquartered in Santiago, Chile.",Eduardo Ebensperger Orrego,Banks - Regional,38.05,USD,19218499698,https://images.financialmodelingprep.com/symbol/BCH.png,372810,2002-08-02,,,,1607491000000,1192262000000,"[{'period': '2025', 'revenue': 3.03, 'unit': 'T', 'net_profit': 1.19}, {'period': '2024', 'revenue': 4.65, 'unit': 'T', 'net_profit': 1.25}, {'period': '2023', 'revenue': 5.09, 'unit': 'T', 'net_profit': 1.37}, {'period': '2022', 'revenue': 5.31, 'unit': 'T', 'net_profit': 1.45}]","[{'period': ""Q4 '25"", 'revenue': 30.33, 'unit': 'B', 'net_profit': 265.54}, {'period': ""Q3 '25"", 'revenue': 977.62, 'unit': 'B', 'net_profit': 292.91}, {'period': ""Q2 '25"", 'revenue': 1010.0, 'unit': 'B', 'net_profit': 304.87}, {'period': ""Q1 '25"", 'revenue': 1010.0, 'unit': 'B', 'net_profit': 328.94}, {'period': ""Q4 '24"", 'revenue': 1490.0, 'unit': 'B', 'net_profit': 339.15}, {'period': ""Q3 '24"", 'revenue': 988.69, 'unit': 'B', 'net_profit': 288.07}]",2360.0,2360.0,54100903000000,8078733156000,8078733156000.0,48301368000000,0,43594613314000,22003486126000.0,1657880000000.0,441087810000,-0.04126433340212014,-0.04502609581601889,-0.012552301255230007,"[1.40923, 0.7114]","['2026-03-30', '2003-03-12']",__nan__,0.8928015120191247
274,BCO,Brinks Company (The) Common Stock,"The Brink's Company provides secure transportation, cash management, and other security-related services in North America, Latin America, Europe, and internationally. The company offers armored vehicle transportation of valuables; automated teller machine (ATM) management services, such as cash replenishment, replenishment forecasting, cash optimization, ATM remote monitoring, service call dispatching, transaction processing, installation, and first and second line maintenance services; network infrastructure; and cash-in-transit services. It also provides transportation services for diamonds, jewelry, precious metals, securities, bank notes, currency, high-tech devices, electronics, and pharmaceuticals; vault outsourcing and money processing services; and services related to deploying and servicing intelligent safes and safe control devices, as well as cashier balancing, counterfeit detection, account consolidation, electronic reporting, check imaging, and reconciliation services. In addition, the company offers technology applications, including online cash tracking, cash inventory management, and other web-based tools. Further, it provides bill payment and collection services; prepaid cards and corporate debit cards; and security system design and installation services that include alarms, motion detectors, closed-circuit televisions, and digital video recorders, as well as access control systems comprising card and biometric readers, electronic locks, and turnstiles. Additionally, the company offers monitoring services; and security and guarding services to protect airports, offices, warehouses, stores, and public venues. It serves banks and financial institutions, retailers, government agencies, mints, jewelers, and other commercial operations. The company was formerly known as The Pittston Company and changed its name to The Brink's Company in May 2003. The Brink's Company was founded in 1859 and is headquartered in Richmond, Virginia.",Richard Mark Eubanks Jr.,Security & Protection Services,100.77,USD,4147996719,https://images.financialmodelingprep.com/symbol/BCO.png,405103,1996-01-03,,,,890200000,199700000,"[{'period': '2025', 'revenue': 5260.0, 'unit': 'M', 'net_profit': 199.7}, {'period': '2024', 'revenue': 5010.0, 'unit': 'M', 'net_profit': 162.9}, {'period': '2023', 'revenue': 4870.0, 'unit': 'M', 'net_profit': 87.7}, {'period': '2022', 'revenue': 4540.0, 'unit': 'M', 'net_profit': 170.6}]","[{'period': ""Q4 '25"", 'revenue': 1380.0, 'unit': 'M', 'net_profit': 68.1}, {'period': ""Q3 '25"", 'revenue': 1330.0, 'unit': 'M', 'net_profit': 36.3}, {'period': ""Q2 '25"", 'revenue': 1300.0, 'unit': 'M', 'net_profit': 43.7}, {'period': ""Q1 '25"", 'revenue': 1250.0, 'unit': 'M', 'net_profit': 51.6}, {'period': ""Q4 '24"", 'revenue': 1260.0, 'unit': 'M', 'net_profit': 38.5}, {'period': ""Q3 '24"", 'revenue': 1260.0, 'unit': 'M', 'net_profit': 28.9}]",4.74,4.7,7339200000,3329000000,2266900000.0,6931900000,801200000,175600000,2197900000.0,2266900000.0,436400000,0.11974842767295597,0.22590546347452425,0.28804347826086957,"[0.255, 0.025]","['2026-02-02', '1996-02-13']",__nan__,0.9445034881185961
275,BCS,Barclays PLC Common Stock,"Barclays PLC provides various financial services in the United Kingdom, Europe, the Americas, Africa, the Middle East, and Asia. The company operates through Barclays UK; Barclays UK Corporate Bank; Barclays Private Bank and Wealth Management; Barclays Investment Bank; and Barclays US Consumer Bank segments. It offers financial services, such as retail banking, credit cards, wholesale banking, investment banking, wealth management, and investment management services, as well as lending products. In addition, the company engages in securities dealing activities and issuing of credit cards. The company was formerly known as Barclays Bank public limited company and changed its name to Barclays PLC in January 1985. Barclays PLC was founded in 1690 and is headquartered in London, the United Kingdom.",Coimbatore Sundararajan Venkatakrishnan,Banks - Diversified,20.24,USD,70066177681,https://images.financialmodelingprep.com/symbol/BCS.png,7319320,1986-09-09,,,,10895000000,7172000000,"[{'period': '2025', 'revenue': 26.82, 'unit': 'B', 'net_profit': 7.17}, {'period': '2024', 'revenue': 51.62, 'unit': 'B', 'net_profit': 6.31}, {'period': '2023', 'revenue': 23.5, 'unit': 'B', 'net_profit': 5.26}, {'period': '2022', 'revenue': 23.74, 'unit': 'B', 'net_profit': 5.93}]","[{'period': ""Q4 '25"", 'revenue': 6.5, 'unit': 'B', 'net_profit': 1.45}, {'period': ""Q3 '25"", 'revenue': 7.17, 'unit': 'B', 'net_profit': 1.71}, {'period': ""Q2 '25"", 'revenue': 6.72, 'unit': 'B', 'net_profit': 1.91}, {'period': ""Q1 '25"", 'revenue': 7.71, 'unit': 'B', 'net_profit': 2.1}, {'period': ""Q4 '24"", 'revenue': 5.7, 'unit': 'B', 'net_profit': 1.19}, {'period': ""Q3 '24"", 'revenue': 6.55, 'unit': 'B', 'net_profit': 1.82}]",1.76,1.68,1544165000000,407840000000,407564000000.0,1465929000000,276000000,682941000000,697655000000.0,229752000000.0,-8070000000,0.1108278955954323,0.13714919930236247,0.22222222222222227,"[0.28906, 0.095]","['2026-02-20', '1986-09-08']",__nan__,0.9493344299346249
276,BCSF,Bain Capital Specialty Finance Inc. Common Stock,"Bain Capital Specialty Finance, Inc. is business development company specializing in direct loans to middle-market companies. The fund seeks to invest in senior investments with a first or second lien on collateral, senior first lien, stretch senior, senior second lien, unitranche, mezzanine debt, junior securities, other junior investments, and secondary purchases of assets or portfolios that primarily consist of middle-market corporate debt. It typically invests in companies with EBITDA between $10 million and $150 million.",Michael Alexander Ewald,Asset Management,12.04,USD,781016824,https://images.financialmodelingprep.com/symbol/BCSF.png,564413,2018-11-15,,,,183094000,98756000,"[{'period': '2025', 'revenue': 239.19, 'unit': 'M', 'net_profit': 98.76}, {'period': '2024', 'revenue': 212.88, 'unit': 'M', 'net_profit': 119.42}, {'period': '2023', 'revenue': 218.0, 'unit': 'M', 'net_profit': 123.38}, {'period': '2022', 'revenue': 168.82, 'unit': 'M', 'net_profit': 105.48}]","[{'period': ""Q4 '25"", 'revenue': 95.14, 'unit': 'M', 'net_profit': 27.78}, {'period': ""Q3 '25"", 'revenue': 42.67, 'unit': 'M', 'net_profit': 18.7}, {'period': ""Q2 '25"", 'revenue': 49.39, 'unit': 'M', 'net_profit': 23.72}, {'period': ""Q1 '25"", 'revenue': 51.99, 'unit': 'M', 'net_profit': 28.55}, {'period': ""Q4 '24"", 'revenue': 48.0, 'unit': 'M', 'net_profit': 22.14}, {'period': ""Q3 '24"", 'revenue': 55.73, 'unit': 'M', 'net_profit': 33.1}]",1.52,1.52,2662585000000,93782000000,55759000000.0,1545175000000,38023000000,2450979000,600000000.0,55759000000.0,126751000,0.47783974881551017,-0.173022492421578,-0.17837837837837842,"[0.42, 0.41]","['2026-03-16', '2018-12-28']",__nan__,0.580328890908647
277,BCX,BlackRock Resources Common Shares of Beneficial Interest,"Blackrock Resources & Commodities Strategy Trust is a closed-ended equity mutual fund launched by BlackRock, Inc. It is co-managed by BlackRock Advisors, LLC and BlackRock International Limited. The fund invests in the public equity markets of the United States. It seeks to invest in stocks of companies operating in the commodities or natural resources sectors. The fund also invests through derivatives with exposure to commodity or natural resources companies, with an emphasis on option writing. Blackrock Resources & Commodities Strategy Trust was formed on March 30, 2011 and is domiciled in the United States.",Charles Choon Sik Park,Asset Management,11.9,USD,907233271,https://images.financialmodelingprep.com/symbol/BCX.png,298388,2011-03-29,,,,214794256,214787885,"[{'period': '2025', 'revenue': 88.21, 'unit': 'M', 'net_profit': 214.79}, {'period': '2024', 'revenue': 50.12, 'unit': 'M', 'net_profit': -26.86}, {'period': '2023', 'revenue': 68.16, 'unit': 'M', 'net_profit': -8.64}, {'period': '2022', 'revenue': 140.21, 'unit': 'M', 'net_profit': 137.51}]","[{'period': ""Q4 '25"", 'revenue': 37.61, 'unit': 'M', 'net_profit': 130.15}, {'period': ""Q2 '25"", 'revenue': 50.6, 'unit': 'M', 'net_profit': 84.64}, {'period': ""Q4 '24"", 'revenue': 44.03, 'unit': 'M', 'net_profit': -44.26}, {'period': ""Q2 '24"", 'revenue': 6.1, 'unit': 'M', 'net_profit': 17.4}, {'period': ""Q4 '23"", 'revenue': 23.78, 'unit': 'M', 'net_profit': 20.76}, {'period': ""Q2 '23"", 'revenue': 44.37, 'unit': 'M', 'net_profit': -29.4}]",2.8,2.8,885667567,38956498,35580221.0,5651630,621434,846711069,29084.0,17414.0,18676970,8.9405466354897,8.997478678703278,9.484848484848484,"[0.0697, 0.35]","['2026-06-15', '2011-06-13']",__nan__,0.006381209169873554
278,BDC,Belden Inc Common Stock,"Belden Inc. provides portfolio of signal transmission solutions in the Americas, Europe, the Middle East, Africa, and the Asia-Pacific. It operates in two segments, Enterprise Solutions and Industrial Solutions. The Enterprise Solutions segment offers copper cable and connectivity solutions, fiber cable and connectivity solutions, interconnect panels, racks and enclosures, and signal extension and matrix switching systems for use in applications, such as local area networks, data centers, access control, 5G, fiber, and home and building automation. It also provides power, cooling, and airflow management products for mission-critical data center operations; and end-to-end copper and fiber network systems. This segment serves commercial real estate, hospitality, healthcare, education, financial, government, and broadband and wireless service providers, as well as end-markets, including sport venues, stadiums, data centers, military installations, and academia. The Industrial Solutions segment offers infrastructure components and on-machine connectivity systems; and industrial Ethernet switches, network management software, routers, firewalls, gateways, input/output (I/O) connectors/systems, industrial Ethernet cables, optical fiber industrial Ethernet cables, Fieldbus cables, IP and networking cables, I/O modules, distribution boxes, and customer specific wiring solutions. This segment provides its products for use in applications comprising network and fieldbus infrastructure; sensor and actuator connectivity; and power, control, and data transmission; and supplies heat-shrinkable tubing and wire management products to protect and organize wire and cable assemblies. It serves distributors, original equipment manufacturers, installers, and end-users. The company was formerly known as Belden CDT Inc. and changed its name to Belden Inc. in May 2007. Belden Inc. was founded in 1902 and is based in St. Louis, Missouri.",Ashish Chand,Communication Equipment,112.88,USD,4436207592,https://images.financialmodelingprep.com/symbol/BDC.png,322303,1993-11-24,,,,442730000,237522000,"[{'period': '2025', 'revenue': 2720.0, 'unit': 'M', 'net_profit': 237.52}, {'period': '2024', 'revenue': 2460.0, 'unit': 'M', 'net_profit': 198.43}, {'period': '2023', 'revenue': 2510.0, 'unit': 'M', 'net_profit': 242.76}, {'period': '2022', 'revenue': 2610.0, 'unit': 'M', 'net_profit': 254.66}]","[{'period': ""Q4 '25"", 'revenue': 720.12, 'unit': 'M', 'net_profit': 67.89}, {'period': ""Q3 '25"", 'revenue': 698.22, 'unit': 'M', 'net_profit': 56.69}, {'period': ""Q2 '25"", 'revenue': 671.99, 'unit': 'M', 'net_profit': 61.01}, {'period': ""Q1 '25"", 'revenue': 624.86, 'unit': 'M', 'net_profit': 51.94}, {'period': ""Q4 '24"", 'revenue': 666.04, 'unit': 'M', 'net_profit': 58.38}, {'period': ""Q3 '24"", 'revenue': 654.93, 'unit': 'M', 'net_profit': 53.69}]",6.0,5.91,3543621000,1349380000,389887000.0,2279197000,462845000,0,697499000.0,389887000.0,218692000,0.15902153482064788,0.19698840414648774,0.2295081967213115,"[0.05, 0.05]","['2026-03-12', '1994-02-28']",__nan__,0.6431830604909498
279,BDJ,Blackrock Enhanced Equity Dividend Trust,"BlackRock Enhanced Equity Dividend Trust is a closed-ended equity mutual fund launched by BlackRock, Inc. The fund is managed by BlackRock Advisors, LLC. It invests in the public equity markets of the United States. The fund seeks to invest in stocks of companies operating across diversified sectors. It primarily invests in dividend paying stocks of companies across all market capitalizations. The fund also invests through derivatives, with an emphasis on option writing. It benchmarks the performance of its portfolio against the Russell 1000 Value Index. The fund was formerly known as BlackRock Enhanced Dividend Achievers TM Trust. BlackRock Enhanced Equity Dividend Trust was formed on August 31, 2005 and is domiciled in the United States.",Charles Choon Sik Park,Asset Management,8.47,USD,1498721516,https://images.financialmodelingprep.com/symbol/BDJ.png,441176,2005-08-30,,,,277426375,277421767,"[{'period': '2025', 'revenue': 196.94, 'unit': 'M', 'net_profit': 277.42}, {'period': '2024', 'revenue': 46.81, 'unit': 'M', 'net_profit': 164.77}, {'period': '2023', 'revenue': 151.49, 'unit': 'M', 'net_profit': 149.98}, {'period': '2022', 'revenue': -71.18, 'unit': 'M', 'net_profit': -72.69}]","[{'period': ""Q4 '25"", 'revenue': 117.9, 'unit': 'M', 'net_profit': 147.51}, {'period': ""Q2 '25"", 'revenue': 22.75, 'unit': 'M', 'net_profit': 129.92}, {'period': ""Q4 '24"", 'revenue': 47.5, 'unit': 'M', 'net_profit': 43.72}, {'period': ""Q2 '24"", 'revenue': 70.82, 'unit': 'M', 'net_profit': 121.05}, {'period': ""Q4 '23"", 'revenue': 72.79, 'unit': 'M', 'net_profit': 70.69}, {'period': ""Q2 '23"", 'revenue': -24.75, 'unit': 'M', 'net_profit': 79.29}]",1.57,1.57,1749377887,44241077,42205839.0,26782248,2035238,1704923662,2147185.0,23976.0,-6856850,0.0,0.683693836154595,0.6881720430107526,"[0.0619, 0.10188]","['2026-06-15', '2005-10-24']",__nan__,0.01530958416647689
280,BDN,Brandywine Realty Trust Common Stock,"Brandywine Realty Trust (NYSE: BDN) is one of the largest, publicly traded, full-service, integrated real estate companies in the United States with a core focus in the Philadelphia, Austin and Washington, D.C. markets. Organized as a real estate investment trust (REIT), we own, develop, lease and manage an urban, town center and transit-oriented portfolio comprising 175 properties and 24.7 million square feet as of December 31, 2020 which excludes assets held for sale. Our purpose is to shape, connect and inspire the world around us through our expertise, the relationships we foster, the communities in which we live and work, and the history we build together.",Gerard H. Sweeney,REIT - Office,2.47,USD,429036626,https://images.financialmodelingprep.com/symbol/BDN.png,3733405,1986-07-24,,,,137747000,-179478000,"[{'period': '2025', 'revenue': 484.45, 'unit': 'M', 'net_profit': -179.48}, {'period': '2024', 'revenue': 505.52, 'unit': 'M', 'net_profit': -195.91}, {'period': '2023', 'revenue': 514.65, 'unit': 'M', 'net_profit': -196.79}, {'period': '2022', 'revenue': 506.1, 'unit': 'M', 'net_profit': 53.82}]","[{'period': ""Q4 '25"", 'revenue': 120.95, 'unit': 'M', 'net_profit': -37.04}, {'period': ""Q3 '25"", 'revenue': 121.42, 'unit': 'M', 'net_profit': -25.92}, {'period': ""Q2 '25"", 'revenue': 120.57, 'unit': 'M', 'net_profit': -88.94}, {'period': ""Q1 '25"", 'revenue': 121.52, 'unit': 'M', 'net_profit': -26.98}, {'period': ""Q4 '24"", 'revenue': 121.91, 'unit': 'M', 'net_profit': -44.49}, {'period': ""Q3 '24"", 'revenue': 131.78, 'unit': 'M', 'net_profit': -165.5}]",-1.03,-1.03,3586240000,237089000,32284000.0,2788386000,204805000,314326000,22569000.0,32284000.0,55818000,0.33733653071329406,0.08386121986452756,0.09649122807017534,"[0.08, 0.0583]","['2026-04-02', '1986-10-06']",__nan__,0.777523534398144
281,BDX,Becton Dickinson and Company Common Stock,"Becton, Dickinson and Company develops, manufactures, and sells medical supplies, devices, laboratory equipment, and diagnostic products for healthcare institutions, physicians, life science researchers, clinical laboratories, pharmaceutical industry, and the general public worldwide. The company's BD Medical segment offers peripheral intravenous (IV) and advanced peripheral catheters, central lines, acute dialysis catheters, vascular care and preparation products, needle-free IV connectors and extensions sets, closed-system drug transfer devices, hazardous drug detections, hypodermic syringes and needles, anesthesia needles and trays, enteral syringes, and sharps disposal systems; IV medication and infusion therapy delivery systems, medication compounding workflow systems, automated medication dispensing and supply management systems, and medication inventory optimization and tracking systems; syringes, pen needles, and other products for diabetes; and prefillable drug delivery systems. Its BD Life Sciences segment provides specimen and blood collection products; automated blood and tuberculosis culturing, molecular testing, microorganism identification and drug susceptibility, and liquid-based cytology systems, as well as rapid diagnostic assays, microbiology laboratory automation products, and plated media products; and fluorescence-activated cell sorters and analyzers, antibodies and kits, reagent systems, and solutions for single-cell gene expression analysis, as well as clinical oncology, immunological, and transplantation diagnostic/monitoring reagents and analyzers. The company's BD Interventional segment offers hernia and soft tissue repair, biological and bioresorbable grafts, biosurgery, and other surgical products; surgical infection prevention, surgical and laparoscopic instrumentation products; peripheral intervention products; and urology and critical care products. The company was founded in 1897 and is based in Franklin Lakes, New Jersey.",Thomas E. Polen Jr.,Medical - Instruments & Supplies,154.51,USD,55978213274,https://images.financialmodelingprep.com/symbol/BDX.png,2722295,1973-02-21,,,,4957000000,1678000000,"[{'period': '2025', 'revenue': 21.84, 'unit': 'B', 'net_profit': 1.68}, {'period': '2024', 'revenue': 20.18, 'unit': 'B', 'net_profit': 1.71}, {'period': '2023', 'revenue': 19.37, 'unit': 'B', 'net_profit': 1.48}, {'period': '2022', 'revenue': 18.87, 'unit': 'B', 'net_profit': 1.78}]","[{'period': ""Q1 '26"", 'revenue': 5250.0, 'unit': 'M', 'net_profit': 382.0}, {'period': ""Q4 '25"", 'revenue': 5890.0, 'unit': 'M', 'net_profit': 493.0}, {'period': ""Q3 '25"", 'revenue': 5510.0, 'unit': 'M', 'net_profit': 574.0}, {'period': ""Q2 '25"", 'revenue': 5270.0, 'unit': 'M', 'net_profit': 308.0}, {'period': ""Q1 '25"", 'revenue': 5170.0, 'unit': 'M', 'net_profit': 303.0}, {'period': ""Q4 '24"", 'revenue': 5440.0, 'unit': 'M', 'net_profit': 400.0}]",5.84,5.83,55325000000,9255000000,859000000.0,29936000000,2994000000,0,8313000000.0,851000000.0,2670000000,0.028636646607179912,-0.015835777126099706,-0.00680272108843538,"[1.05, 0.35]","['2026-03-10', '1973-02-28']",__nan__,0.5410935381834614
282,BDXB,Becton Dickinson and Company Depositary Shares each Representing a 1/20th Interest in a Share of 6.00% Mandatory Convertible Preferred Stock Series B,"Becton, Dickinson and Company develops, manufactures, and sells medical supplies, devices, laboratory equipment, and diagnostic products for healthcare institutions, physicians, life science researchers, clinical laboratories, pharmaceutical industry, and the general public worldwide. The company's BD Medical segment offers peripheral intravenous (IV) and advanced peripheral catheters, central lines, acute dialysis catheters, vascular care and preparation products, needle-free IV connectors and extensions sets, closed-system drug transfer devices, hazardous drug detections, hypodermic syringes and needles, anesthesia needles and trays, enteral syringes, and sharps disposal systems; IV medication and infusion therapy delivery systems, medication compounding workflow systems, automated medication dispensing and supply management systems, and medication inventory optimization and tracking systems; syringes, pen needles, and other products for diabetes; and prefillable drug delivery systems. Its BD Life Sciences segment provides specimen and blood collection products; automated blood and tuberculosis culturing, molecular testing, microorganism identification and drug susceptibility, and liquid-based cytology systems, as well as rapid diagnostic assays, microbiology laboratory automation products, and plated media products; and fluorescence-activated cell sorters and analyzers, antibodies and kits, reagent systems, and solutions for single-cell gene expression analysis, as well as clinical oncology, immunological, and transplantation diagnostic/monitoring reagents and analyzers. The company's BD Interventional segment offers hernia and soft tissue repair, biological and bioresorbable grafts, biosurgery, and other surgical products; surgical infection prevention, surgical and laparoscopic instrumentation products; peripheral intervention products; and urology and critical care products. The company was founded in 1897 and is based in Franklin Lakes, New Jersey.",Thomas E. Polen Jr.,Medical - Instruments & Supplies,48.16,USD,13691552517,https://images.financialmodelingprep.com/symbol/BDXB.png,449584,2020-05-21,,,,4957000000,1678000000,"[{'period': '2025', 'revenue': 21.84, 'unit': 'B', 'net_profit': 1.68}, {'period': '2024', 'revenue': 20.18, 'unit': 'B', 'net_profit': 1.71}, {'period': '2023', 'revenue': 19.37, 'unit': 'B', 'net_profit': 1.48}, {'period': '2022', 'revenue': 18.87, 'unit': 'B', 'net_profit': 1.78}]","[{'period': ""Q1 '26"", 'revenue': 5250.0, 'unit': 'M', 'net_profit': 382.0}, {'period': ""Q4 '25"", 'revenue': 5890.0, 'unit': 'M', 'net_profit': 493.0}, {'period': ""Q3 '25"", 'revenue': 5510.0, 'unit': 'M', 'net_profit': 574.0}, {'period': ""Q2 '25"", 'revenue': 5270.0, 'unit': 'M', 'net_profit': 308.0}, {'period': ""Q1 '25"", 'revenue': 5170.0, 'unit': 'M', 'net_profit': 303.0}, {'period': ""Q4 '24"", 'revenue': 5440.0, 'unit': 'M', 'net_profit': 400.0}]",5.84,5.83,55325000000,9255000000,859000000.0,29936000000,2994000000,0,8313000000.0,851000000.0,2670000000,0.028636646607179912,-0.015835777126099706,-0.00680272108843538,"[0.75, 0.792]","['2023-02-14', '2020-08-13']",__nan__,0.5410935381834614
283,BE,Bloom Energy Corporation Class A Common Stock,"Bloom Energy Corporation designs, manufactures, sells, and installs solid-oxide fuel cell systems for on-site power generation in the United States and internationally. The company offers Bloom Energy Server, a power generation platform that converts fuel, such as natural gas, biogas, hydrogen, or a blend of these fuels, into electricity through an electrochemical process without combustion. It serves data centers, hospitals, healthcare manufacturing facilities, biotechnology facilities, grocery stores, hardware stores, banks, telecom facilities and other critical infrastructure applications. The company was formerly known as Ion America Corp. and changed its name to Bloom Energy Corporation in September 2006. Bloom Energy Corporation was incorporated in 2001 and is headquartered in San Jose, California.",K. R. Sridhar,Electrical Equipment & Parts,133.24,USD,31512725640,https://images.financialmodelingprep.com/symbol/BE.png,11146430,2018-07-25,,,,20050000,-88434000,"[{'period': '2025', 'revenue': 2020.0, 'unit': 'M', 'net_profit': -88.43}, {'period': '2024', 'revenue': 1470.0, 'unit': 'M', 'net_profit': -29.23}, {'period': '2023', 'revenue': 1330.0, 'unit': 'M', 'net_profit': -302.12}, {'period': '2022', 'revenue': 1200.0, 'unit': 'M', 'net_profit': -301.41}]","[{'period': ""Q4 '25"", 'revenue': 777.68, 'unit': 'M', 'net_profit': 1.09}, {'period': ""Q3 '25"", 'revenue': 519.05, 'unit': 'M', 'net_profit': -23.09}, {'period': ""Q2 '25"", 'revenue': 401.24, 'unit': 'M', 'net_profit': -42.62}, {'period': ""Q1 '25"", 'revenue': 326.02, 'unit': 'M', 'net_profit': -23.81}, {'period': ""Q4 '24"", 'revenue': 572.39, 'unit': 'M', 'net_profit': 104.8}, {'period': ""Q3 '24"", 'revenue': 330.4, 'unit': 'M', 'net_profit': -14.71}]",-0.37,-0.37,4396711000,3730567000,2454108000.0,3603748000,550724000,10037000,623832000.0,2454108000.0,57190000,-0.7755437885521734,-2.0257638484962537,-1.846153846153846,__nan__,__nan__,__nan__,0.8196463219893234
284,BEDU,Bright Scholar Education Holdings Limited American Depositary Shares each  representing one Class A Ordinary Share,"Bright Scholar Education Holdings Limited, an education service provider, operates and provides K-12 schools and complementary education services in China, Canada, the United states, and the United Kingdom. Its schools comprise international and bilingual schools, and kindergartens. The company also offers a range of complementary education services, including camps and after-school programs, as well as international education consulting services. It operated 95 schools across 12 provinces in China, as well as 14 schools internationally with a total student capacity of approximately 56,000 students. The company was founded in 1994 and is based in Foshan, China.",Ruolei Niu,Education & Training Services,2.25,USD,66756629,https://images.financialmodelingprep.com/symbol/BEDU.png,11805,2017-05-18,,,,-763885000,-996279000,"[{'period': '2024', 'revenue': 1760.0, 'unit': 'M', 'net_profit': -996.28}, {'period': '2023', 'revenue': 2120.0, 'unit': 'M', 'net_profit': -395.13}, {'period': '2022', 'revenue': 1440.0, 'unit': 'M', 'net_profit': -709.34}, {'period': '2021', 'revenue': 1400.0, 'unit': 'M', 'net_profit': -52.8}]","[{'period': ""Q2 '25"", 'revenue': 43.84, 'unit': 'M', 'net_profit': 3.2}, {'period': ""Q1 '25"", 'revenue': 412.91, 'unit': 'M', 'net_profit': 34.5}, {'period': ""Q4 '24"", 'revenue': 107.05, 'unit': 'M', 'net_profit': -987.86}, {'period': ""Q3 '24"", 'revenue': 553.98, 'unit': 'M', 'net_profit': -66.07}, {'period': ""Q2 '24"", 'revenue': 521.45, 'unit': 'M', 'net_profit': 2.96}, {'period': ""Q1 '24"", 'revenue': 479.17, 'unit': 'M', 'net_profit': 54.69}]",-114.84,-134.32,3045449000,663774000,493377000.0,2439341000,18793000,24421000,1002328000.0,493377000.0,80931000,-5.990162884333821,-1.5213699656319122,-1.3688118811881191,"[0.106, 0.1]","['2021-07-30', '2019-09-27']",__nan__,0.8009791002903021
285,BEKE,KE Holdings Inc American Depositary Shares (each representing three Class A Ordinary Shares),"KE Holdings Inc., through its subsidiaries, engages in operating an integrated online and offline platform for housing transactions and services in the People's Republic of China. It operates through five segments: Existing Home Transaction Services, New Home Transaction Services, Home Renovation and Furnishing, Home rental services, and Emerging and Other Services. The company operates Beike, an integrated online and offline platform for housing transactions and services; Lianjia, a real estate brokerage branded store; Agent Cooperation Network, an operating system that fosters reciprocity and bonding among various service providers. It also owns the Deyou brand for connected brokerage stores; and other brands. In addition, the company offers rental property management and operation services; and contract, secure payment, escrow, and other services. KE Holdings Inc. was founded in 2001 and is headquartered in Beijing, the People's Republic of China.",Yongdong Peng,Real Estate - Services,15.32,USD,17252601853,https://images.financialmodelingprep.com/symbol/BEKE.png,4828393,2020-08-13,,,,3209673000,2912405000,"[{'period': '2025', 'revenue': 92.0, 'unit': 'B', 'net_profit': 2.91}, {'period': '2024', 'revenue': 93.46, 'unit': 'B', 'net_profit': 4.06}, {'period': '2023', 'revenue': 77.78, 'unit': 'B', 'net_profit': 5.88}, {'period': '2022', 'revenue': 60.67, 'unit': 'B', 'net_profit': -1.39}]","[{'period': ""Q4 '25"", 'revenue': 21880.0, 'unit': 'M', 'net_profit': 86.64}, {'period': ""Q3 '25"", 'revenue': 23050.0, 'unit': 'M', 'net_profit': 749.28}, {'period': ""Q2 '25"", 'revenue': 26.01, 'unit': 'B', 'net_profit': 1.3}, {'period': ""Q1 '25"", 'revenue': 23330.0, 'unit': 'M', 'net_profit': 855.77}, {'period': ""Q4 '24"", 'revenue': 31130.0, 'unit': 'M', 'net_profit': 569.99}, {'period': ""Q3 '24"", 'revenue': 22.58, 'unit': 'B', 'net_profit': 1.17}]",2.67,2.52,116742471000,68163568000,55559105000.0,49910858000,5609983000,20200953000,42434255000.0,15953940000.0,8409958000,-0.34881267936104104,-0.2835235799158651,-0.2521008403361344,"[0.226, 0.171]","['2026-04-08', '2023-09-14']",__nan__,0.42752956633922884
286,BEN,Franklin Resources Inc. Common Stock,"Franklin Resources, Inc. is a publicly owned asset management holding company. Through its subsidiaries, the firm provides its services to individuals, institutions, pension plans, trusts, and partnerships. It launches equity, fixed income, balanced, and multi-asset mutual funds through its subsidiaries. The firm invests in the public equity, fixed income, and alternative markets. Franklin Resources, Inc. was founded in 1947 and is based in San Mateo, California with an additional office in Hyderabad, India.",Jennifer Johnson,Asset Management,22.75,USD,11847368442,https://images.financialmodelingprep.com/symbol/BEN.png,5373444,1983-09-23,,,,1413500000,524900000,"[{'period': '2025', 'revenue': 8770.0, 'unit': 'M', 'net_profit': 524.9}, {'period': '2024', 'revenue': 8480.0, 'unit': 'M', 'net_profit': 464.8}, {'period': '2023', 'revenue': 7850.0, 'unit': 'M', 'net_profit': 882.8}, {'period': '2022', 'revenue': 8.28, 'unit': 'B', 'net_profit': 1.29}]","[{'period': ""Q1 '26"", 'revenue': 2330.0, 'unit': 'M', 'net_profit': 255.5}, {'period': ""Q4 '25"", 'revenue': 2340.0, 'unit': 'M', 'net_profit': 117.6}, {'period': ""Q3 '25"", 'revenue': 2060.0, 'unit': 'M', 'net_profit': 92.3}, {'period': ""Q2 '25"", 'revenue': 2110.0, 'unit': 'M', 'net_profit': 151.4}, {'period': ""Q1 '25"", 'revenue': 2250.0, 'unit': 'M', 'net_profit': 163.6}, {'period': ""Q4 '24"", 'revenue': 2210.0, 'unit': 'M', 'net_profit': -84.7}]",0.91,0.91,32368300000,5115600000,3573900000.0,18179500000,1541700000,14652800000,1885900000.0,3573900000.0,911599999,0.027925241800596322,0.12930292598967297,0.07058823529411772,"[0.33, 4.374]","['2026-03-31', '1984-12-21']",__nan__,0.56164518989258
287,BEP,Brookfield Renewable Partners L.P. ,"Brookfield Renewable Partners L.P. owns a portfolio of renewable power generating facilities primarily in North America, Colombia, Brazil, Europe, India, and China. The company generates electricity through hydroelectric, wind, solar, distributed generation, pumped storage, cogeneration, and biomass sources. Its portfolio consists of approximately 21,000 megawatts of installed capacity. Brookfield Renewable Partners Limited operates as the general partner of Brookfield Renewable Partners L.P. The company was formerly known as Brookfield Renewable Energy Partners L.P. and changed its name to Brookfield Renewable Partners L.P. in May 2016. Brookfield Renewable Partners L.P. was founded in 1999 and is headquartered in Hamilton, Bermuda.",Connor David Teskey,Renewable Utilities,31.74,USD,9712057914,https://images.financialmodelingprep.com/symbol/BEP.png,621010,2005-11-15,,,,5067177558,-19332605,"[{'period': '2025', 'revenue': 6520.0, 'unit': 'M', 'net_profit': -19.33}, {'period': '2024', 'revenue': 5880.0, 'unit': 'M', 'net_profit': -218.0}, {'period': '2023', 'revenue': 5040.0, 'unit': 'M', 'net_profit': -50.0}, {'period': '2022', 'revenue': 4710.0, 'unit': 'M', 'net_profit': -122.0}]","[{'period': ""Q4 '25"", 'revenue': 1560.0, 'unit': 'M', 'net_profit': 416.3}, {'period': ""Q3 '25"", 'revenue': 1600.0, 'unit': 'M', 'net_profit': -57.0}, {'period': ""Q2 '25"", 'revenue': 1690.0, 'unit': 'M', 'net_profit': -54.0}, {'period': ""Q1 '25"", 'revenue': 1580.0, 'unit': 'M', 'net_profit': -93.0}, {'period': ""Q4 '24"", 'revenue': 1430.0, 'unit': 'M', 'net_profit': -9.0}, {'period': ""Q3 '24"", 'revenue': 1470.0, 'unit': 'M', 'net_profit': -83.0}]",-0.0674,-0.0674,98521379000,12275619000,2665141000.0,63611026000,2803888000,9328992000,21658513000.0,2308791000.0,-5184190691,0.33416997314375985,0.9113183256880734,0.9242696629213483,"[0.392, 0.363]","['2026-02-27', '2013-06-26']",__nan__,0.6456570811904694
288,BEPC,Brookfield Renewable Corporation Class A Subordinate Voting Shares ,"Brookfield Renewable Corporation owns and operates a portfolio of renewable energy power generating facilities primarily in the United States, Europe, Colombia, and Brazil. It operates hydroelectric, wind, and solar power plants with an installed capacity of approximately 12,723 megawatts. The company was incorporated in 2019 and is headquartered in New York, New York.",Connor David Teskey,Renewable Utilities,39.35,USD,5726212000,https://images.financialmodelingprep.com/symbol/BEPC.png,1079338,2020-07-24,,,,556000000,-2344000000,"[{'period': '2025', 'revenue': 3.73, 'unit': 'B', 'net_profit': -2.34}, {'period': '2024', 'revenue': 4140.0, 'unit': 'M', 'net_profit': 236.0}, {'period': '2023', 'revenue': 3970.0, 'unit': 'M', 'net_profit': -181.0}, {'period': '2022', 'revenue': 3.78, 'unit': 'B', 'net_profit': 1.5}]","[{'period': ""Q4 '25"", 'revenue': 938.0, 'unit': 'M', 'net_profit': -706.0}, {'period': ""Q3 '25"", 'revenue': 931.0, 'unit': 'M', 'net_profit': -233.0}, {'period': ""Q2 '25"", 'revenue': 0.9520000000000001, 'unit': 'B', 'net_profit': -1.41}, {'period': ""Q1 '25"", 'revenue': 907.0, 'unit': 'M', 'net_profit': 5.0}, {'period': ""Q4 '24"", 'revenue': 987.0, 'unit': 'M', 'net_profit': 761.0}, {'period': ""Q3 '24"", 'revenue': 1040.0, 'unit': 'M', 'net_profit': -674.0}]",-13.05,-13.05,63420490250,5404867250,963637250.0,50765726250,3178769250,2178121750,21182199750.0,963637250.0,-633000000,-0.8424482856333239,-10.932203389830509,-9.006134969325155,"[0.392, 0.434]","['2026-02-27', '2020-08-28']",__nan__,0.8004625326906867
289,BEPH,Brookfield BRP Holdings (Canada) Inc. 4.625% Perpetual Subordinated Notes,"Brookfield BRP Holdings (Canada), Inc. operates as a holding company. The company is headquartered in Ottawa, Canada.",Sachin G. Shah,Real Estate - Development,14.67,USD,6393137736,https://images.financialmodelingprep.com/symbol/BEPH.png,33445,2021-04-16,,,,5067177558,-19332605,"[{'period': '2025', 'revenue': 6520.0, 'unit': 'M', 'net_profit': -19.33}, {'period': '2024', 'revenue': 5880.0, 'unit': 'M', 'net_profit': -218.0}, {'period': '2023', 'revenue': 5040.0, 'unit': 'M', 'net_profit': -50.0}, {'period': '2022', 'revenue': 4710.0, 'unit': 'M', 'net_profit': -122.0}]","[{'period': ""Q4 '25"", 'revenue': 1560.0, 'unit': 'M', 'net_profit': 416.3}, {'period': ""Q3 '25"", 'revenue': 1600.0, 'unit': 'M', 'net_profit': -57.0}, {'period': ""Q2 '25"", 'revenue': 1690.0, 'unit': 'M', 'net_profit': -54.0}, {'period': ""Q1 '25"", 'revenue': 1580.0, 'unit': 'M', 'net_profit': -93.0}, {'period': ""Q4 '24"", 'revenue': 1430.0, 'unit': 'M', 'net_profit': -9.0}, {'period': ""Q3 '24"", 'revenue': 1470.0, 'unit': 'M', 'net_profit': -83.0}]",-0.0674,-0.0674,98521379000,12275619000,2665141000.0,63611026000,2803888000,9328992000,21658513000.0,2308791000.0,-5184190691,0.33416997314375985,0.9113183256880734,0.9242696629213483,"[0.2891, 0.337]","['2026-01-15', '2021-07-14']",__nan__,0.6456570811904694
290,BERY,Berry Global Group Inc. Common Stock,"Berry Global Group, Inc. manufactures and supplies non-woven, flexible, and rigid products in consumer and industrial end markets. The company operates through Consumer Packaging International; Consumer Packaging North America; Engineered Materials; and Health, Hygiene & Specialties segments. The Consumer Packaging International segment offers closures and dispensing systems, pharmaceutical devices and packaging, bottles and canisters, containers, and technical components. The Consumer Packaging North America segment provides containers and pails, foodservice products, closures and overcaps, bottles and prescription vials, and tubes. The Engineered Materials segment offers stretch and shrink, converter, food and consumer, and agriculture films, as well as institutional can liners and retail bags. The Health, Hygiene & Specialties segment provides healthcare, hygiene, specialties, and tapes. Berry Global Group, Inc. sells its products through direct sales force of professionals and distributors in the United States, Canada, Europe, and internationally. The company was formerly known as Berry Plastics Group, Inc. and changed its name to Berry Global Group, Inc. in April 2017. Berry Global Group, Inc. was founded in 1967 and is based in Evansville, Indiana.",Kevin J. Kwilinski,Packaging & Containers,67.58,USD,7825764000,https://images.financialmodelingprep.com/symbol/BERY.png,2212170,2012-10-04,,,,937000000,516000000,"[{'period': '2024', 'revenue': 12260.0, 'unit': 'M', 'net_profit': 516.0}, {'period': '2023', 'revenue': 12660.0, 'unit': 'M', 'net_profit': 609.0}, {'period': '2022', 'revenue': 14490.0, 'unit': 'M', 'net_profit': 766.0}, {'period': '2021', 'revenue': 13850.0, 'unit': 'M', 'net_profit': 733.0}]","[{'period': ""Q2 '25"", 'revenue': 2520.0, 'unit': 'M', 'net_profit': 193.0}, {'period': ""Q1 '25"", 'revenue': 2380.0, 'unit': 'M', 'net_profit': 81.0}, {'period': ""Q4 '24"", 'revenue': 3170.0, 'unit': 'M', 'net_profit': 148.0}, {'period': ""Q3 '24"", 'revenue': 3160.0, 'unit': 'M', 'net_profit': 193.0}, {'period': ""Q2 '24"", 'revenue': 3080.0, 'unit': 'M', 'net_profit': 116.0}, {'period': ""Q1 '24"", 'revenue': 2850.0, 'unit': 'M', 'net_profit': 59.0}]",4.48,4.38,16613000000,4574000000,1095000000.0,13005000000,1604000000,0,3672000000.0,1095000000.0,854000000,-0.4978563772775991,-0.15270935960591134,-0.11637080867850096,"[0.31, 0.25]","['2025-03-03', '2022-11-30']",__nan__,0.7828206825979654
291,BEST,BEST Inc. American Depositary Shares each representing one Class A Ordinary Share,"BEST Inc. operates as a smart supply chain service provider in the People's Republic of China. Its proprietary technology platform, BEST Cloud, enables its ecosystem participants to operate their businesses through various SaaS-based applications. The company applies its technologies to a range of applications, such as network and route optimization, swap bodies, sorting line automation, smart warehouses, and store management. In addition, the company offers integrated services and solutions across the supply chain, including warehouse management, order fulfillment, and transportation services to offline and online enterprises. Further, the company provides express delivery services; and door-to-door integrated cross-border supply chain services to and from China, including international express, less-than-truckload, fulfillment, and freight forwarding through its network, and transportation and warehouse partners. Additionally, the company operates real-time bidding platform to source truckload capacity from independent transportation service providers and agents; and offers online merchandise sourcing and store management services for convenience stores, as well as B2C services. Furthermore, it provides various value-added services, including customized financial services, including fleet and equipment leases; and centralized sourcing of products and services, such as bulk procurement of trucks and accessories. The company was founded in 2007 and is headquartered in Hangzhou, the People's Republic of China.",Shao-Ning Chou,Trucking,2.78,USD,55864100,https://images.financialmodelingprep.com/symbol/BEST.png,28870,2017-09-20,,,,-653985000,-814402000,"[{'period': '2023', 'revenue': 8320.0, 'unit': 'M', 'net_profit': -814.4}, {'period': '2022', 'revenue': 7.74, 'unit': 'B', 'net_profit': -1.46}, {'period': '2021', 'revenue': 11.43, 'unit': 'B', 'net_profit': -1.26}, {'period': '2020', 'revenue': 30.0, 'unit': 'B', 'net_profit': -1.68}]","[{'period': ""Q1 '24"", 'revenue': 1940.0, 'unit': 'M', 'net_profit': -160.93}, {'period': ""Q4 '23"", 'revenue': 2240.0, 'unit': 'M', 'net_profit': -246.71}, {'period': ""Q3 '23"", 'revenue': 2230.0, 'unit': 'M', 'net_profit': -178.11}, {'period': ""Q2 '23"", 'revenue': 2140.0, 'unit': 'M', 'net_profit': -145.39}, {'period': ""Q1 '23"", 'revenue': 1720.0, 'unit': 'M', 'net_profit': -257.63}, {'period': ""Q4 '22"", 'revenue': 1980.0, 'unit': 'M', 'net_profit': -365.85}]",-870.0,-854.0,6253562000,3090197000,461864000.0,6323471000,990427000,156859000,4852198000.0,425976000.0,-708826000,0.44874101022634166,0.44402854398505764,0.4193806727175654,__nan__,__nan__,__nan__,1.0111790688250952
292,BF/A,Brown Forman Corporation,,,,,,,,,,,,,,,[],[],,,,,,,,,,,,,,,,,__nan__,__nan__
293,BF/B,Brown Forman Corporation,,,,,,,,,,,,,,,[],[],,,,,,,,,,,,,,,,,__nan__,__nan__
294,BFAM,Bright Horizons Family Solutions Inc. Common Stock,"Bright Horizons Family Solutions Inc. provides early education and child care, back-up care, educational advisory, and other workplace solutions services for employers and families. The company operates through three segments: Full Service Center-Based Child Care, Back-Up Care, and Educational Advisory and Other Services. The Full Service Center-Based Child Care segment offers traditional center-based child care and early education, preschool, and elementary education services. The Back-Up Care segment provides center-based back-up child care, in-home child and adult/elder dependent care, school-age camps, virtual tutoring, and self-sourced reimbursed care services through child care centers, school-age campuses, and in-home caregivers, as well as the back-up care network. The Educational Advisory and Other Services segment offers tuition assistance and student loan repayment program administration, workforce education, and related educational consulting services, as well as college admissions advisory services. As of December 31, 2021, it operated 1,014 child care and early education centers in the United States, Puerto Rico, the United Kingdom, Canada, the Netherlands, and India. The company was formerly known as Bright Horizons Solutions Corp. and changed its name to Bright Horizons Family Solutions Inc. in July 2012. Bright Horizons Family Solutions Inc. was founded in 1986 and is headquartered in Newton, Massachusetts.",Stephen Howard Kramer,Personal Products & Services,77.99,USD,4410641859,https://images.financialmodelingprep.com/symbol/BFAM.png,906888,2013-01-25,,,,408067000,193116000,"[{'period': '2025', 'revenue': 2930.0, 'unit': 'M', 'net_profit': 193.12}, {'period': '2024', 'revenue': 2690.0, 'unit': 'M', 'net_profit': 140.19}, {'period': '2023', 'revenue': 2420.0, 'unit': 'M', 'net_profit': 74.05}, {'period': '2022', 'revenue': 2020.0, 'unit': 'M', 'net_profit': 80.64}]","[{'period': ""Q4 '25"", 'revenue': 733.7, 'unit': 'M', 'net_profit': 21.74}, {'period': ""Q3 '25"", 'revenue': 801.34, 'unit': 'M', 'net_profit': 78.55}, {'period': ""Q2 '25"", 'revenue': 731.57, 'unit': 'M', 'net_profit': 54.77}, {'period': ""Q1 '25"", 'revenue': 665.53, 'unit': 'M', 'net_profit': 38.05}, {'period': ""Q4 '24"", 'revenue': 674.15, 'unit': 'M', 'net_profit': 29.12}, {'period': ""Q3 '24"", 'revenue': 719.1, 'unit': 'M', 'net_profit': 54.91}]",3.39,3.36,4146185000,503973000,155983000.0,2806894000,293983000,40087000,966165000.0,140584000.0,256363000,0.18439238746491668,0.37752066823119884,0.40082644628099184,__nan__,__nan__,__nan__,0.6769823343627938
295,BFK,BlackRock Municipal Income Trust,"BlackRock Municipal Income Trust is a closed ended fixed income mutual fund launched by BlackRock, Inc. It is managed by BlackRock Advisors, LLC. The fund invests in fixed income markets. It invests primarily in investment grade municipal bonds that are exempt from regular federal income tax. BlackRock Municipal Income Trust was formed on July 31, 2001 and is domiciled in United States.",Charles Choon Sik Park,Asset Management - Income,10.09,USD,442495295,https://images.financialmodelingprep.com/symbol/BFK.png,135151,2001-07-27,,,,-7884185,-18935999,"[{'period': '2024', 'revenue': 28.55, 'unit': 'M', 'net_profit': -18.94}, {'period': '2023', 'revenue': 23.97, 'unit': 'M', 'net_profit': 11.39}, {'period': '2022', 'revenue': -4.93, 'unit': 'M', 'net_profit': -5.26}, {'period': '2021', 'revenue': -84.62, 'unit': 'M', 'net_profit': -84.96}]","[{'period': ""Q1 '25"", 'revenue': 9.27, 'unit': 'M', 'net_profit': -10.27}, {'period': ""Q4 '24"", 'revenue': 9.27, 'unit': 'M', 'net_profit': -10.27}, {'period': ""Q3 '24"", 'revenue': 8920.0, 'unit': 'K', 'net_profit': 804.52}, {'period': ""Q2 '24"", 'revenue': 8920.0, 'unit': 'K', 'net_profit': 804.52}, {'period': ""Q3 '23"", 'revenue': 8.95, 'unit': 'M', 'net_profit': 2.08}, {'period': ""Q2 '23"", 'revenue': 8.95, 'unit': 'M', 'net_profit': 2.08}]",-0.43,-0.43,793752561,15916851,7927986.0,337819717,8276835,777835710,21174732.0,7927986.0,19514690,-1.6920201000614412,-2.6620731150706574,-2.6538461538461537,"[0.05, 0.0769]","['2026-02-06', '2001-10-01']",__nan__,0.42559827029017927
296,BFLY,Butterfly Network Inc. Class A Common Stock,"Butterfly Network, Inc., a digital health company, develops, manufactures, and commercializes ultrasound imaging solutions in the United States and internationally. It offers Butterfly iQ, a handheld and single-probe whole body ultrasound system; Butterfly iQ+, a point-of-care ultrasound imaging device that connects with a smartphone, tablet, and hospital computer system; and Butterfly Blueprint, a system-wide ultrasound platform with Compass software that integrates into a healthcare system's clinical and administrative infrastructure. The company also provides Butterfly system, which includes probes, and related accessories and software subscriptions, to healthcare systems, physicians, and healthcare providers through a direct sales force, distributors, and eCommerce channel. In addition, it offers cloud-based software solutions to healthcare systems, teleguidance, in-app educational tutorials, and formal education programs through its Butterfly Academy software, as well as clinical support and services. Butterfly Network, Inc. was incorporated in 2011 and is headquartered in Guilford, Connecticut.",Joseph DeVivo,Medical - Devices,3.92,USD,998160831,https://images.financialmodelingprep.com/symbol/BFLY.png,5998969,2020-07-13,,,,-67383000,-77064000,"[{'period': '2025', 'revenue': 97.61, 'unit': 'M', 'net_profit': -77.06}, {'period': '2024', 'revenue': 82.06, 'unit': 'M', 'net_profit': -72.49}, {'period': '2023', 'revenue': 65.9, 'unit': 'M', 'net_profit': -133.7}, {'period': '2022', 'revenue': 73.39, 'unit': 'M', 'net_profit': -168.72}]","[{'period': ""Q4 '25"", 'revenue': 31.51, 'unit': 'M', 'net_profit': -15.29}, {'period': ""Q3 '25"", 'revenue': 21.49, 'unit': 'M', 'net_profit': -33.97}, {'period': ""Q2 '25"", 'revenue': 23.38, 'unit': 'M', 'net_profit': -13.83}, {'period': ""Q1 '25"", 'revenue': 21.23, 'unit': 'M', 'net_profit': -13.97}, {'period': ""Q4 '24"", 'revenue': 22.35, 'unit': 'M', 'net_profit': -18.1}, {'period': ""Q3 '24"", 'revenue': 20.56, 'unit': 'M', 'net_profit': -16.92}]",-0.31,-0.31,296533000,249103000,150489000.0,100554000,26744000,4014999,65117000.0,150489000.0,-16048000,-0.10607179790220121,-0.06306902830657175,0.08823529411764713,__nan__,__nan__,__nan__,0.3390988524042855
297,BFS,Saul Centers Inc. Common Stock,"Saul Centers, Inc. is a self-managed, self-administered equity REIT headquartered in Bethesda, Maryland, which currently operates and manages a real estate portfolio of 60 properties which includes (a) 50 community and neighborhood shopping centers and seven mixed-use properties with approximately 9.8 million square feet of leasable area and (b) three land and development properties. Approximately 85% of the Saul Centers' property operating income is generated by properties in the metropolitan Washington, DC/Baltimore area.",Bernard Francis Saul,REIT - Retail,32.34,USD,792094500,https://images.financialmodelingprep.com/symbol/BFS.png,69650,1993-08-19,,,,178551000,37511000,"[{'period': '2025', 'revenue': 291.56, 'unit': 'M', 'net_profit': 37.51}, {'period': '2024', 'revenue': 268.85, 'unit': 'M', 'net_profit': 50.65}, {'period': '2023', 'revenue': 257.21, 'unit': 'M', 'net_profit': 52.69}, {'period': '2022', 'revenue': 245.86, 'unit': 'M', 'net_profit': 50.19}]","[{'period': ""Q4 '25"", 'revenue': 76.87, 'unit': 'M', 'net_profit': 6.5}, {'period': ""Q3 '25"", 'revenue': 72.0, 'unit': 'M', 'net_profit': 10.49}, {'period': ""Q2 '25"", 'revenue': 70.83, 'unit': 'M', 'net_profit': 10.72}, {'period': ""Q1 '25"", 'revenue': 71.86, 'unit': 'M', 'net_profit': 9.8}, {'period': ""Q4 '24"", 'revenue': 67.92, 'unit': 'M', 'net_profit': 8.09}, {'period': ""Q3 '24"", 'revenue': 67.29, 'unit': 'M', 'net_profit': 14.48}]",1.55,1.55,2162678000,69540000,8741000.0,1685421000,60799000,2056914000,1086370000.0,8741000.0,99796000,0.039779874213836476,-0.2593930778495133,-0.05487804878048772,"[0.59, 0.15]","['2026-04-15', '1993-10-08']",__nan__,0.7793212859242107
298,BFZ,BlackRock California Municipal Income Trust,"BlackRock California Municipal Income Trust is a closed ended fixed income mutual fund launched by BlackRock, Inc. It is managed by BlackRock Advisors, LLC. The fund invests in fixed income markets. It invests primarily in investment grade municipal bonds that are exempt from regular federal and California income taxes. BlackRock California Municipal Income Trust was formed on July 31, 2001 and is domiciled in United States.",Charles Choon Sik Park,Asset Management - Income,11.11,USD,334007096,https://images.financialmodelingprep.com/symbol/BFZ.png,161061,2001-07-27,,,,0,-23810674,"[{'period': '2025', 'revenue': 25.61, 'unit': 'M', 'net_profit': -23.81}, {'period': '2024', 'revenue': 24.91, 'unit': 'M', 'net_profit': 12.01}, {'period': '2023', 'revenue': 1140.0, 'unit': 'K', 'net_profit': 489.36}, {'period': '2022', 'revenue': -72.27, 'unit': 'M', 'net_profit': -72.52}]","[{'period': ""Q4 '25"", 'revenue': 13.14, 'unit': 'M', 'net_profit': -24.09}, {'period': ""Q2 '25"", 'revenue': 12860.0, 'unit': 'K', 'net_profit': 281.86}, {'period': ""Q4 '24"", 'revenue': 12.48, 'unit': 'M', 'net_profit': 4.0}, {'period': ""Q2 '24"", 'revenue': 12.44, 'unit': 'M', 'net_profit': 8.01}, {'period': ""Q4 '23"", 'revenue': 12360.0, 'unit': 'K', 'net_profit': -191.72}, {'period': ""Q2 '23"", 'revenue': 11600.0, 'unit': 'K', 'net_profit': 681.08}]",-0.79,-0.79,617324760,18130963,7622997.0,275828222,8029477,599193797,275828222.0,0.0,-12195927,0.0,-2.9825063132837486,-2.9749999999999996,"[0.0507, 0.0725]","['2026-02-06', '2001-09-27']",__nan__,0.4468121803505824
299,BG,Bunge Limited Bunge Limited,"Bunge Limited operates as an agribusiness and food company worldwide. It operates through four segments: Agribusiness, Refined and Specialty Oils, Milling, and Sugar and Bioenergy. The Agribusiness segment purchases, stores, transports, processes, and sells agricultural commodities and commodity products, including oilseeds primarily soybeans, rapeseed, canola, and sunflower seeds, as well as grains primarily wheat and corn; and processes oilseeds into vegetable oils and protein meals. This segment offers its products for animal feed manufacturers, livestock producers, wheat and corn millers, and other oilseed processors, as well as third-party edible oil processing and biofuel companies; and for industrial and biodiesel production applications. The Refined and Specialty Oils segment sells packaged and bulk oils and fats that include cooking oils, shortenings, margarines, mayonnaise, and other products for baked goods companies, snack food producers, confectioners, restaurant chains, foodservice operators, infant nutrition companies, and other food manufacturers, as well as grocery chains, wholesalers, distributors, and other retailers. The Milling segment provides wheat flours and bakery mixes; corn milling products that comprise dry-milled corn meals and flours, wet-milled masa and flours, and flaking and brewer's grits, as well as soy-fortified corn meal, corn-soy blends, and other products; whole grain and fiber ingredients; quinoas and millets; die-cut pellets; and non-GMO products. The Sugar and Bioenergy segment produces sugar and ethanol; and generates electricity from burning sugarcane bagasse. Bunge Limited was founded in 1818 and is headquartered in St. Louis, Missouri.",Gregory A. Heckman,Agricultural Farm Products,128.72,USD,24908478480,https://images.financialmodelingprep.com/symbol/BG.png,1778352,2001-08-02,,,,2465000000,816000000,"[{'period': '2025', 'revenue': 70330.0, 'unit': 'M', 'net_profit': 816.0}, {'period': '2024', 'revenue': 53.11, 'unit': 'B', 'net_profit': 1.14}, {'period': '2023', 'revenue': 59.54, 'unit': 'B', 'net_profit': 2.24}, {'period': '2022', 'revenue': 67.23, 'unit': 'B', 'net_profit': 1.61}]","[{'period': ""Q4 '25"", 'revenue': 23760.0, 'unit': 'M', 'net_profit': 95.0}, {'period': ""Q3 '25"", 'revenue': 22160.0, 'unit': 'M', 'net_profit': 166.0}, {'period': ""Q2 '25"", 'revenue': 12770.0, 'unit': 'M', 'net_profit': 354.0}, {'period': ""Q1 '25"", 'revenue': 11640.0, 'unit': 'M', 'net_profit': 201.0}, {'period': ""Q4 '24"", 'revenue': 13540.0, 'unit': 'M', 'net_profit': 602.0}, {'period': ""Q3 '24"", 'revenue': 12910.0, 'unit': 'M', 'net_profit': 221.0}]",4.91,4.91,44528000000,24391000000,1343000000.0,27106000000,3870000000,1495000000,15127000000.0,1135000000.0,-923000000,0.0008120178643930166,-0.28232189973614774,-0.39307787391841775,"[0.7, 0.095]","['2026-02-17', '2001-11-13']",__nan__,0.6087405677326626
300,BGB,Blackstone Strategic Credit Fund Common Shares,"Blackstone/GSO Strategic Credit Fund is a close ended fixed income mutual fund launched and managed by GSO / Blackstone Debt Funds Management LLC. It invests in the fixed income markets of the United States. The fund seeks to invest in stocks of companies operating across diversified sectors. It primarily invests in the loans and other fixed income instruments including first- and second-lien secured loans and high-yield corporate bonds of different maturities. The fund employs fundamental analysis using a research-driven credit analysis approach while focusing on factors like companies which offer attractive risk / return characteristics to create its portfolio. It benchmarks the performance of its portfolio against a composite index comprised of 75% S&P/LSTA Leveraged Loan Index and 25% Barclays US High Yield Index. Blackstone/GSO Strategic Credit Fund was formed on September 26, 2012 and is domiciled in United States.",Robert Daniel Zable,Asset Management,10.94,USD,488628536,https://images.financialmodelingprep.com/symbol/BGB.png,152876,2012-09-26,,,,48996487,30075058,"[{'period': '2025', 'revenue': 65.8, 'unit': 'M', 'net_profit': 30.08}, {'period': '2024', 'revenue': 88.48, 'unit': 'M', 'net_profit': 55.83}, {'period': '2023', 'revenue': 57.45, 'unit': 'M', 'net_profit': 80.65}, {'period': '2022', 'revenue': 13.65, 'unit': 'M', 'net_profit': -71.44}]","[{'period': ""Q4 '25"", 'revenue': 31.03, 'unit': 'M', 'net_profit': 14.18}, {'period': ""Q2 '25"", 'revenue': 34.77, 'unit': 'M', 'net_profit': 15.9}, {'period': ""Q4 '24"", 'revenue': 40.65, 'unit': 'M', 'net_profit': 29.84}, {'period': ""Q2 '24"", 'revenue': 47.83, 'unit': 'M', 'net_profit': 25.99}, {'period': ""Q4 '23"", 'revenue': 40.81, 'unit': 'M', 'net_profit': 44.66}, {'period': ""Q2 '23"", 'revenue': 16.64, 'unit': 'M', 'net_profit': 44.66}]",0.67,0.67,925314574,25114575,9775306.0,369531221,15339269,899766398,292200000.0,293701.0,-7385950,-0.3847742275952109,-0.46131918280513373,-0.46399999999999997,"[0.079, 0.117]","['2026-05-21', '2012-11-15']",__nan__,0.3993573984278346
301,BGH,Barings Global Short Duration High Yield Fund Common Shares of Beneficial Interests,"Babson Capital Global Short Duration High Yield Fund is a closed ended fixed income mutual fund launched and managed by Barings LLC. The fund is co-managed by Babson Capital Global Advisors Limited. It invests in fixed income markets across the globe. The fund primarily invests in global high-yield bonds, loans, and other income-producing instruments that are, at the time of purchase, rated below Baa3 by Moody's Investors Service, Inc. or below BBB- by Standard & Poor's Rating Services. It seeks to invest in securities with a weighted average portfolio duration of three years or less. The fund employs bottom-up fundamental analysis to create its portfolio. It benchmarks the performance of its portfolio against the Bank of America/Merrill Lynch Global Non-Financial High Yield Constrained Index. The fund was formerly known as Babson Capital Global Short Duration High Yield Fund. Babson Capital Global Short Duration High Yield Fund was formed on October 25, 2012 and is domiciled in the United States.",Christopher Hanscom,Asset Management - Global,13.36,USD,268059048,https://images.financialmodelingprep.com/symbol/BGH.png,82747,2012-10-26,,,,26646581,20087546,"[{'period': '2025', 'revenue': 38.22, 'unit': 'M', 'net_profit': 20.09}, {'period': '2024', 'revenue': 30.85, 'unit': 'M', 'net_profit': 42.06}, {'period': '2023', 'revenue': 27.11, 'unit': 'M', 'net_profit': 47.7}, {'period': '2022', 'revenue': 30.82, 'unit': 'M', 'net_profit': -47.2}]","[{'period': ""Q4 '25"", 'revenue': 21.24, 'unit': 'M', 'net_profit': 6.76}, {'period': ""Q2 '25"", 'revenue': 16.97, 'unit': 'M', 'net_profit': 13.33}, {'period': ""Q4 '24"", 'revenue': 11.15, 'unit': 'M', 'net_profit': 18.85}, {'period': ""Q2 '24"", 'revenue': 19.71, 'unit': 'M', 'net_profit': 23.21}, {'period': ""Q4 '23"", 'revenue': 14.42, 'unit': 'M', 'net_profit': 26.73}, {'period': ""Q2 '23"", 'revenue': 12.68, 'unit': 'M', 'net_profit': 20.97}]",1.0,1.0,446433288,19486021,9743062.0,143417877,9742959,426788214,0.0,9743062.0,18075500,-0.46201955184980903,-0.5224200763655384,-0.5238095238095238,"[0.1223, 0.1677]","['2026-05-19', '2012-12-19']",__nan__,0.32125265040719814
302,BGIO,BlackRock 2022 Global Income Opportunity Trust Common Shares of Beneficial Interest,"BlackRock 2022 Global Income Opportunity Trust is a closed ended fixed income launched by BlackRock, Inc. The fund is co-managed by BlackRock Advisors, LLC, BlackRock International Limited, and BlackRock (Singapore) Limited. It invests primarily in fixed income markets across the globe. The fund benchmarks the performance of its portfolio against the Bloomberg Barclays 1-3 Month U.S. Treasury Bill Index. BlackRock 2022 Global Income Opportunity Trust was formed on February 23, 2017 and is domiciled in the United States.",John M. Perlowski,Asset Management - Income,2.63,USD,0,https://images.financialmodelingprep.com/symbol/BGIO.png,115893,2017-02-24,,,,,,[],[],,,,,,,,,,,,,,,"[2.067, 0.05]","['2021-11-12', '2017-04-11']",__nan__,__nan__
303,BGR,BlackRock Energy and Resources Trust,"BlackRock Energy and Resources Trust is a closed-ended equity mutual fund launched by BlackRock, Inc. The fund is co-managed by BlackRock Advisors, LLC and BlackRock International Limited. It invests in public equity markets across the globe, with an emphasis on the United States. The fund seeks to invest in stocks of companies operating in the energy and natural resources sectors. It invests in stocks of companies across all market capitalizations. The fund also invests through equity derivatives, with an emphasis on option writing. It was formerly known as BlackRock Global Energy and Resources Trust. BlackRock Energy and Resources Trust was formed on December 23, 2004 and is domiciled in the United States.",Charles Choon Sik Park,Asset Management,17.39,USD,442682814,https://images.financialmodelingprep.com/symbol/BGR.png,170386,2004-12-23,,,,40397090,40395962,"[{'period': '2025', 'revenue': 43.98, 'unit': 'M', 'net_profit': 40.4}, {'period': '2024', 'revenue': 13.35, 'unit': 'M', 'net_profit': 14.14}, {'period': '2023', 'revenue': 14.59, 'unit': 'M', 'net_profit': 18.41}, {'period': '2022', 'revenue': 114.04, 'unit': 'M', 'net_profit': 113.79}]","[{'period': ""Q4 '25"", 'revenue': 13.7, 'unit': 'M', 'net_profit': 23.12}, {'period': ""Q2 '25"", 'revenue': 7.13, 'unit': 'M', 'net_profit': 17.27}, {'period': ""Q4 '24"", 'revenue': 6.46, 'unit': 'M', 'net_profit': -17.38}, {'period': ""Q2 '24"", 'revenue': 6.88, 'unit': 'M', 'net_profit': 31.52}, {'period': ""Q4 '23"", 'revenue': 6.86, 'unit': 'M', 'net_profit': 23.46}, {'period': ""Q2 '23"", 'revenue': 7.73, 'unit': 'M', 'net_profit': -5.05}]",1.59,1.59,362447881,6401621,5648012.0,1363895,753609,356046260,0.0,74422.0,11895720,0.0,1.8562698703830924,1.9444444444444444,"[0.0973, 0.375]","['2026-06-15', '2005-03-11']",__nan__,0.0037630099981188743
304,BGS,B&G Foods Inc. B&G Foods Inc. Common Stock,"B&G Foods, Inc. manufactures, sells, and distributes a portfolio of shelf-stable and frozen foods, and household products in the United States, Canada, and Puerto Rico. The company's products include frozen and canned vegetables, vegetables, canola and other cooking oils, vegetable shortening, cooking sprays, oatmeal and other hot cereals, fruit spreads, canned meats and beans, bagel chips, spices, seasonings, hot sauces, wine vinegar, maple syrups, molasses, salad dressings, pizza crusts, Mexican-style sauces, dry soups, taco shells and kits, salsas, pickles, peppers, tomato-based products, baking powder and soda, corn starch, cookies and crackers, nut clusters, and other specialty products. It markets its products under various brands, including Ac'cent, B&G, B&M, Back to Nature, Baker's Joy, Bear Creek Country Kitchens, Brer Rabbit, Canoleo, Cary's, Clabber Girl, Cream of Rice, Cream of Wheat, Crisco, Dash, Davis, Devonsheer, Don Pepino, Durkee, Emeril's, Grandma's Molasses, Green Giant, Joan of Arc, Las Palmas, Le Sueur, MacDonald's, Mama Mary's, Maple Grove Farms of Vermont, McCann's, Molly McButter, New York Flatbreads, New York Style, Old London, Ortega, Polaner, Red Devil, Regina, Rumford, Sa-són, Sclafani, Spice Islands, Spring Tree, Sugar Twin, Tone's, Trappey's, TrueNorth, Underwood, Vermont Maid, Victoria, and Weber and Wright's. The company also sells, markets, and distributes household products under the Static Guard brand. It sells and distributes its products directly, as well as through a network of independent brokers and distributors to supermarket chains, foodservice outlets, mass merchants, warehouse clubs, non-food outlets, and specialty distributors. The company was formerly known as B&G Foods Holdings Corp. and changed its name to B&G Foods, Inc. in October 2004. B&G Foods, Inc. was founded in 1822 and is headquartered in Parsippany, New Jersey.",Kenneth Charles Keller Jr.,Packaged Foods,5.21,USD,416680415,https://images.financialmodelingprep.com/symbol/BGS.png,2192642,2007-05-23,,,,97147000,-43257000,"[{'period': '2025', 'revenue': 1830.0, 'unit': 'M', 'net_profit': -43.26}, {'period': '2024', 'revenue': 1930.0, 'unit': 'M', 'net_profit': -251.25}, {'period': '2023', 'revenue': 2060.0, 'unit': 'M', 'net_profit': -66.2}, {'period': '2022', 'revenue': 2160.0, 'unit': 'M', 'net_profit': -11.37}]","[{'period': ""Q4 '25"", 'revenue': 539.56, 'unit': 'M', 'net_profit': -15.18}, {'period': ""Q3 '25"", 'revenue': 439.3, 'unit': 'M', 'net_profit': -19.14}, {'period': ""Q2 '25"", 'revenue': 424.43, 'unit': 'M', 'net_profit': -9.77}, {'period': ""Q1 '25"", 'revenue': 425400.0, 'unit': 'K', 'net_profit': 835.0}, {'period': ""Q4 '24"", 'revenue': 551.57, 'unit': 'M', 'net_profit': -222.41}, {'period': ""Q3 '24"", 'revenue': 461.07, 'unit': 'M', 'net_profit': 7.46}]",-0.54,-0.54,2834886000,785617000,56293000.0,2381670000,158036000,91000,222841000.0,56293000.0,70749000,2.1420862675021457,0.8278335210606127,0.8301886792452831,"[0.19, 0.212]","['2026-03-31', '2007-06-27']",__nan__,0.8401290210611644
305,BGSF,BGSF Inc. Common Stock,"BGSF, Inc. provides workforce solutions and placement services in the United States. It operates in two segments, Real Estate and Professional. The Real Estate segment offers office and maintenance field talent to various apartment communities and commercial buildings. The Professional segment provides skilled IT professionals with expertise in SAP, Workday, Peoplesoft, Hyperion, Oracle, One Stream, cyber, project management, and other IT workforce solutions, as well as finance, accounting, legal, human resource, and related support personnel. Its client partners include Fortune 500 companies, and medium and small companies, as well as consulting companies that engage in systems integration projects. The company was formerly known as BG Staffing, Inc. and changed its name to BGSF, Inc. in February 2021. BGSF, Inc. was incorporated in 2007 and is based in Plano, Texas.",Kelly Brown,Staffing & Employment Services,6.41,USD,71790718,https://images.financialmodelingprep.com/symbol/BGSF.png,34261,2014-04-29,,,,-7803000,-7707000,"[{'period': '2025', 'revenue': 93.31, 'unit': 'M', 'net_profit': -7.71}, {'period': '2024', 'revenue': 272.5, 'unit': 'M', 'net_profit': -3.34}, {'period': '2023', 'revenue': 313.17, 'unit': 'M', 'net_profit': -10.22}, {'period': '2022', 'revenue': 298.42, 'unit': 'M', 'net_profit': 25.36}]","[{'period': ""Q4 '25"", 'revenue': -20.32, 'unit': 'M', 'net_profit': -1.26}, {'period': ""Q3 '25"", 'revenue': 26.89, 'unit': 'M', 'net_profit': -5.81}, {'period': ""Q2 '25"", 'revenue': 23.51, 'unit': 'M', 'net_profit': -3.74}, {'period': ""Q1 '25"", 'revenue': 63230.0, 'unit': 'K', 'net_profit': -722.0}, {'period': ""Q4 '24"", 'revenue': 64410.0, 'unit': 'K', 'net_profit': -981.0}, {'period': ""Q3 '24"", 'revenue': 71190.0, 'unit': 'K', 'net_profit': -804.0}]",-0.7,-0.7,57837000,38450000,19018000.0,9732000,16848000,0,9334000.0,19018000.0,-25000,-1.8687374749498997,-1.3088675853804674,-1.258064516129032,"[2, 0.15]","['2025-10-01', '2014-12-29']",__nan__,0.1682659888998392
306,BGSX,Build Acquisition Corp. Class A Common Stock,"Build Acquisition Corp. does not have significant operations. It intends to effect a merger, capital stock exchange, asset acquisition, stock purchase, reorganization, or similar business combination with one or more businesses in the software and technology-enabled services with a primary focus on North American markets. The company was incorporated in 2020 and is based in Austin, Texas.",A. Lanham Napier,Shell Companies,10.2,USD,255000000,https://images.financialmodelingprep.com/symbol/BGSX.png,149535,2021-05-06,,,,-1556000,-839000,"[{'period': '2021', 'revenue': 0.0, 'unit': 'K', 'net_profit': -839.0}]","[{'period': ""Q3 '22"", 'revenue': 0.0, 'unit': 'M', 'net_profit': 1.05}, {'period': ""Q2 '22"", 'revenue': 0.0, 'unit': 'M', 'net_profit': 1.81}, {'period': ""Q1 '22"", 'revenue': 0.0, 'unit': 'M', 'net_profit': 8.68}, {'period': ""Q4 '21"", 'revenue': 0.0, 'unit': 'K', 'net_profit': -75.46}, {'period': ""Q3 '21"", 'revenue': 0.0, 'unit': 'M', 'net_profit': 2.26}, {'period': ""Q2 '21"", 'revenue': 0.0, 'unit': 'M', 'net_profit': -2.25}]",-0.0401,-0.0401,200988952,973711,570333.0,14987046,0,0,622863.0,570333.0,-993238,0.0,0.0,0.0,__nan__,__nan__,__nan__,0.07456651647200986
307,BGT,BlackRock Floating Rate Income Trust,"BlackRock Floating Rate Income Trust is a close ended fixed income mutual fund launched by BlackRoack Inc. The fund is co-managed by BlackRock Advisors, LLC and BlackRock Financial Management, Inc. It invests in the fixed income markets across the globe while focusing on the United States. The fund invests in bonds of companies operating across diversified sectors. It invests in corporate bonds with average effective duration of its portfolio will be no more than 1.5 years. The fund was formerly known as BlackRock Global Floating Rate Income Trust. BlackRock Floating Rate Income Trust was formed on August 30, 2004 and is domiciled in the United States.",Charles Choon Sik Park,Asset Management - Income,10.39,USD,280513376,https://images.financialmodelingprep.com/symbol/BGT.png,145684,2004-08-30,,,,19428221,19428221,"[{'period': '2025', 'revenue': 23.37, 'unit': 'M', 'net_profit': 19.43}, {'period': '2024', 'revenue': 30.64, 'unit': 'M', 'net_profit': 25.05}, {'period': '2023', 'revenue': 39.39, 'unit': 'M', 'net_profit': 39.1}, {'period': '2022', 'revenue': -5.67, 'unit': 'M', 'net_profit': -5.95}]","[{'period': ""Q2 '25"", 'revenue': 12.71, 'unit': 'M', 'net_profit': 8.55}, {'period': ""Q4 '24"", 'revenue': 8.38, 'unit': 'M', 'net_profit': 6.29}, {'period': ""Q3 '24"", 'revenue': 8.38, 'unit': 'M', 'net_profit': 6.29}, {'period': ""Q2 '24"", 'revenue': 8.75, 'unit': 'M', 'net_profit': 6.23}, {'period': ""Q1 '24"", 'revenue': 8.75, 'unit': 'M', 'net_profit': 6.23}, {'period': ""Q4 '23"", 'revenue': 17.76, 'unit': 'M', 'net_profit': 22.32}]",0.73,0.73,437515906,2725,2653.0,84461496,0,126731,12956398.0,2653.0,-23546808,-0.2243039946332732,-0.2243039946332732,-0.25510204081632654,"[0.12028, 0.0933]","['2026-06-15', '2004-10-21']",__nan__,0.19304782944279975
308,BGX,Blackstone Long Short Credit Income Fund Common Shares,"Blackstone / GSO Long-Short Credit Income Fund is a close-ended fixed income mutual fund launched by The Blackstone Group LP. The fund is managed by GSO / Blackstone Debt Funds Management LLC. It takes both long and short positions to invest in the fixed income markets of the United States. The fund seeks to invest in stocks of companies operating across diversified sectors. It primarily invests in loans and fixed-income instruments of corporate issuers, including first and second lien secured loans and high-yield corporate debt securities of varying maturities. The fund seeks to invest in securities rated below investment grade. It employs fundamental analysis using a research-driven credit approach to create its portfolio. The fund benchmarks the performance of its portfolio against a composite index comprised of 70% S&P/LSTA Leveraged Loan Index and 30% Barclays US High Yield Index. It was formerly known as Blackstone / GSO Dynamic Credit Income Fund. Blackstone / GSO Long-Short Credit Income Fund was formed on October 22, 2010 and is domiciled in the United States.",Marisa Janel Beeney,Asset Management - Income,10.61,USD,134834798,https://images.financialmodelingprep.com/symbol/BGX.png,101684,2011-01-27,,,,13309547,9008908,"[{'period': '2025', 'revenue': 18.39, 'unit': 'M', 'net_profit': 9.01}, {'period': '2024', 'revenue': 17.64, 'unit': 'M', 'net_profit': 16.31}, {'period': '2023', 'revenue': 17.36, 'unit': 'M', 'net_profit': 24.43}, {'period': '2022', 'revenue': 4.03, 'unit': 'M', 'net_profit': -22.6}]","[{'period': ""Q4 '25"", 'revenue': 9.14, 'unit': 'M', 'net_profit': 5.08}, {'period': ""Q2 '25"", 'revenue': 9.25, 'unit': 'M', 'net_profit': 3.93}, {'period': ""Q4 '24"", 'revenue': 10.1, 'unit': 'M', 'net_profit': 7.9}, {'period': ""Q2 '24"", 'revenue': 12.99, 'unit': 'M', 'net_profit': 8.41}, {'period': ""Q4 '23"", 'revenue': 11.01, 'unit': 'M', 'net_profit': 12.42}, {'period': ""Q2 '23"", 'revenue': 6.35, 'unit': 'M', 'net_profit': 12.01}]",0.71,0.71,252860859,6896588,3106440.0,89393710,3790148,245821932,79700000.0,767270.0,12226940,-0.4005573430103756,-0.44762047012276207,-0.44531250000000006,"[0.07, 0.108]","['2026-05-21', '2011-03-16']",__nan__,0.35352925064610335
309,BGY,Blackrock Enhanced International Dividend Trust,"BlackRock Enhanced International Dividend Trust is a closed ended equity mutual fund launched by BlackRock, Inc. The fund is co-managed by BlackRock Advisors, LLC and BlackRock International Limited. It invests in public equity markets across the globe excluding the United States. The fund seeks to invest in stocks of companies operating across diversified sectors. It invests in stocks of companies across all market capitalizations. The fund also invests through the use of derivatives, with an emphasis on options writing. It benchmarks the performance of its portfolio against the S&P Global ex-U.S. Broad Market Index. The fund was formerly known as BlackRock International Growth and Income Trust. BlackRock Enhanced International Dividend Trust was formed on May 30, 2007 and is domiciled in the United States.",Charles Choon Sik Park,Asset Management,5.21,USD,472101311,https://images.financialmodelingprep.com/symbol/BGY.png,378111,2007-05-25,,,,83204765,83204765,"[{'period': '2025', 'revenue': 84.49, 'unit': 'M', 'net_profit': 83.2}, {'period': '2024', 'revenue': 16.24, 'unit': 'M', 'net_profit': 11.78}, {'period': '2023', 'revenue': 15.41, 'unit': 'M', 'net_profit': 83.31}, {'period': '2022', 'revenue': 31.86, 'unit': 'M', 'net_profit': -66.66}]","[{'period': ""Q4 '25"", 'revenue': 74.72, 'unit': 'M', 'net_profit': 25.12}, {'period': ""Q2 '25"", 'revenue': 9.77, 'unit': 'M', 'net_profit': 58.08}, {'period': ""Q4 '24"", 'revenue': 46.02, 'unit': 'M', 'net_profit': -15.85}, {'period': ""Q2 '24"", 'revenue': 11.12, 'unit': 'M', 'net_profit': 27.63}, {'period': ""Q4 '23"", 'revenue': 2.96, 'unit': 'M', 'net_profit': 16.18}, {'period': ""Q2 '23"", 'revenue': 10.8, 'unit': 'M', 'net_profit': 67.13}]",0.92,0.92,585138251,42495,42495.0,14590420,0,0,3264892.0,42495.0,82221915,0.0,6.06296741730732,6.666666666666667,"[0.0426, 0.1517]","['2026-06-15', '2007-07-23']",__nan__,0.024934996088642306
310,BH,Biglari Holdings Inc. Class B Common Stock,"Biglari Holdings Inc., through its subsidiaries, primarily operates and franchises restaurants in the United States. It owns, operates, and franchises restaurants under the Steak n Shake and Western Sizzlin names. As of December 31, 2021, it operated 199 Steak n Shake company-operated restaurants, 159 franchise partner units, and 178 traditional franchise units, as well as 3 Western Sizzlin company-operated restaurants and 38 franchised units. The company also engages in underwriting commercial trucking insurance; selling physical damage and non-trucking liability insurance to truckers; and providing property and casualty insurance. In addition, it operates oil and natural gas properties in the Gulf of Mexico; and publishes and sells magazines and related publishing products under the MAXIM brand name. Further, it licenses media products and services; and engages in the investment activities. The company was formerly known as The Steak n Shake Company and changed its name to Biglari Holdings Inc. in April 2010. Biglari Holdings Inc. was founded in 1934 and is based in San Antonio, Texas.",Sardar Biglari,Restaurants,305.79,USD,960609318,https://images.financialmodelingprep.com/symbol/BH.png,104188,1980-03-17,,,,58892000,-37488000,"[{'period': '2025', 'revenue': 395.26, 'unit': 'M', 'net_profit': -37.49}, {'period': '2024', 'revenue': 362.11, 'unit': 'M', 'net_profit': -3.76}, {'period': '2023', 'revenue': 365.32, 'unit': 'M', 'net_profit': 54.95}, {'period': '2022', 'revenue': 368.23, 'unit': 'M', 'net_profit': -32.02}]","[{'period': ""Q4 '25"", 'revenue': 99.87, 'unit': 'M', 'net_profit': -49.85}, {'period': ""Q3 '25"", 'revenue': 99.74, 'unit': 'M', 'net_profit': -5.29}, {'period': ""Q2 '25"", 'revenue': 100.62, 'unit': 'M', 'net_profit': 50.93}, {'period': ""Q1 '25"", 'revenue': 95.03, 'unit': 'M', 'net_profit': -33.27}, {'period': ""Q4 '24"", 'revenue': 91.11, 'unit': 'M', 'net_profit': -10.27}, {'period': ""Q3 '24"", 'revenue': 90.41, 'unit': 'M', 'net_profit': 32.12}]",-12.08,-12.08,1049134000,374652000,337832000.0,525705000,23283000,154986000,155995000.0,268782000.0,76606000,0.557124348906692,-8.972865123703112,-3.4907063197026025,"[4.25, 0.0065]","['1990-11-28', '1985-02-26']",__nan__,0.5010847041464674
311,BHC,Bausch Health Companies Inc. Common Stock,"Bausch Health Companies Inc., together with its subsidiaries, develops, manufactures, and markets a range of pharmaceutical, medical device, and over-the-counter (OTC) products primarily in the therapeutic areas of eye health, gastroenterology, and dermatology. The company operates through five segments: Bausch + Lomb, Salix, International Rx, Ortho Dermatologics, and Diversified Products. The Bausch + Lomb segment offers products with a focus on the vision care, surgical, and consumer, surgical, and ophthalmic pharmaceuticals products. The Salix segment provides gastroenterology products in the United States. The International Rx segment offers Solta products, branded and generic pharmaceutical products, OTC products, and medical device products, and Bausch + Lomb products in Canada, Europe, Asia, Australia, Latin America, Africa, and the Middle East. The Ortho Dermatologics segment provides dermatological products in the United States; and Solta medical aesthetic devices internationally. The Diversified Products segment offers pharmaceutical products in the areas of neurology and other therapeutic classes, as well as generic and dentistry products in the United States. The company was formerly known as Valeant Pharmaceuticals International, Inc. and changed its name to Bausch Health Companies Inc. in July 2018. Bausch Health Companies Inc. is headquartered in Laval, Canada.",Thomas J. Appio,Drug Manufacturers - Specialty & Generic,5.02,USD,1860223389,https://images.financialmodelingprep.com/symbol/BHC.png,2200744,1994-03-29,,,,3095384198,155278418,"[{'period': '2025', 'revenue': 10310.0, 'unit': 'M', 'net_profit': 155.28}, {'period': '2024', 'revenue': 9620.0, 'unit': 'M', 'net_profit': -46.0}, {'period': '2023', 'revenue': 8760.0, 'unit': 'M', 'net_profit': -592.0}, {'period': '2022', 'revenue': 8119.999999999999, 'unit': 'M', 'net_profit': -225.0}]","[{'period': ""Q4 '25"", 'revenue': 2840.0, 'unit': 'M', 'net_profit': -113.72}, {'period': ""Q3 '25"", 'revenue': 2680.0, 'unit': 'M', 'net_profit': 179.0}, {'period': ""Q2 '25"", 'revenue': 2530.0, 'unit': 'M', 'net_profit': 148.0}, {'period': ""Q1 '25"", 'revenue': 2260.0, 'unit': 'M', 'net_profit': -58.0}, {'period': ""Q4 '24"", 'revenue': 2560.0, 'unit': 'M', 'net_profit': 93.0}, {'period': ""Q3 '24"", 'revenue': 2510.0, 'unit': 'M', 'net_profit': -85.0}]",0.41,0.41,26318017834,6145795183,1322588698.0,25941703918,2346721532,0,4172393027.0,1322588698.0,1003000000,-0.012321570516911295,4.375617782608695,4.153846153846154,"[1, 0.5]","['2010-11-10', '2005-11-28']",__nan__,0.985701281974441
312,BHE,Benchmark Electronics Inc. Common Stock,"Benchmark Electronics, Inc., together with its subsidiaries, provides product design, engineering services, technology solutions, and manufacturing services in the Americas, Asia, and Europe. The company offers engineering services and technology solutions, including new product design, prototype, testing, and related engineering services; and custom testing and technology solutions, as well as automation equipment design and build services. It also provides electronics manufacturing and testing services, such as printed circuit board assembly and test solutions, assembly of subsystems, circuitry and functionality testing of printed assemblies, environmental and stress testing, and component reliability testing; component engineering services; manufacturing defect analysis, in-circuit testing, functional testing, and life cycle testing services, as well as environmental stress tests of assemblies of boards or systems; and failure analysis. In addition, the company offers precision machining and electromechanical assembly services; and subsystem and system integration services, including assembly, configuration, and testing for various industries. Further, it provides value-added support systems; supply chain management solutions; direct order fulfillment; and aftermarket non-warranty services, including repair, replacement, refurbishment, remanufacturing, exchange, systems upgrade, and spare parts manufacturing throughout a product's life cycle. The company serves original equipment manufacturers in the aerospace and defense, medical technologies, complex industrials, semiconductor capital equipment, telecommunications, and advanced computing industries. It markets its services and solutions primarily through a direct sales force. The company was formerly known as Electronics, Inc. Benchmark Electronics, Inc. was founded in 1979 and is headquartered in Tempe, Arizona.",Jeffrey W. Benck,"Hardware, Equipment & Parts",55.61,USD,1984105575,https://images.financialmodelingprep.com/symbol/BHE.png,310806,1990-06-27,,,,117180000,24852000,"[{'period': '2025', 'revenue': 2660.0, 'unit': 'M', 'net_profit': 24.85}, {'period': '2024', 'revenue': 2660.0, 'unit': 'M', 'net_profit': 63.33}, {'period': '2023', 'revenue': 2840.0, 'unit': 'M', 'net_profit': 64.31}, {'period': '2022', 'revenue': 2890.0, 'unit': 'M', 'net_profit': 68.23}]","[{'period': ""Q4 '25"", 'revenue': 704.33, 'unit': 'M', 'net_profit': 5.97}, {'period': ""Q3 '25"", 'revenue': 680.68, 'unit': 'M', 'net_profit': 14.26}, {'period': ""Q2 '25"", 'revenue': 642340.0, 'unit': 'K', 'net_profit': 972.0}, {'period': ""Q1 '25"", 'revenue': 631.76, 'unit': 'M', 'net_profit': 3.64}, {'period': ""Q4 '24"", 'revenue': 656.89, 'unit': 'M', 'net_profit': 18.42}, {'period': ""Q3 '24"", 'revenue': 657.75, 'unit': 'M', 'net_profit': 15.37}]",0.7,0.69,2071715000,1448141000,322400000.0,971912000,391101000,0,635577000.0,322400000.0,85420000,-0.25344512331088614,-0.6075607560756076,-0.6022727272727273,"[0.17, 0.15]","['2026-03-31', '2018-03-28']",__nan__,0.4691340266397646
313,BHK,Blackrock Core Bond Trust Blackrock Core Bond Trust,"BlackRock Core Bond Trust is a closed-ended fixed income mutual fund launched by BlackRock, Inc. The fund is managed by BlackRock Advisors, LLC. It invests in the fixed income markets of the United States. The fund primarily invests in investment grade quality bonds, including corporate bonds, government and agency securities, and mortgage-related securities. BlackRock Core Bond Trust was formed on November 30, 2001 and is domiciled in the United States.",Charles Choon Sik Park,Asset Management - Bonds,8.95,USD,484805390,https://images.financialmodelingprep.com/symbol/BHK.png,305525,2001-11-28,,,,52306158,52306158,"[{'period': '2025', 'revenue': 68.73, 'unit': 'M', 'net_profit': 52.31}, {'period': '2024', 'revenue': 10.21, 'unit': 'M', 'net_profit': 9.52}, {'period': '2023', 'revenue': 52.03, 'unit': 'M', 'net_profit': 55.26}, {'period': '2022', 'revenue': -10.57, 'unit': 'M', 'net_profit': -203.19}]","[{'period': ""Q4 '25"", 'revenue': 32.76, 'unit': 'M', 'net_profit': 25.89}, {'period': ""Q2 '25"", 'revenue': 13.17, 'unit': 'M', 'net_profit': 13.21}, {'period': ""Q1 '25"", 'revenue': 13.17, 'unit': 'M', 'net_profit': 13.21}, {'period': ""Q4 '24"", 'revenue': -4.87, 'unit': 'M', 'net_profit': 12.61}, {'period': ""Q3 '24"", 'revenue': 13.11, 'unit': 'M', 'net_profit': 6.3}, {'period': ""Q2 '24"", 'revenue': 12.98, 'unit': 'M', 'net_profit': -1.54}]",0.72,0.72,1077966764,407973,407822.0,357959450,0,33045,9464065.0,407822.0,-99727301,1.0240893221813336,4.4933201005064705,3.0000000000000004,"[0.0746, 0.1]","['2026-06-15', '2002-01-22']",__nan__,0.3320690970765403
314,BHLB,Berkshire Hills Bancorp Inc. Common Stock,"Berkshire Hills Bancorp, Inc. operates as the bank holding company for Berkshire Bank that provides various banking products and services. It offers various deposit accounts, including demand deposit, NOW, regular savings, money market savings, time certificates of deposit, and retirement deposit accounts; and loans, such as commercial real estate, commercial and industrial, consumer, and residential mortgage loans. The company also provides wealth management services comprising investment management, trust administration, and financial planning; and investment products, financial planning, and brokerage services. In addition, it offers electronic banking, commercial cash management, online banking, small business banking, asset based lending, and mobile banking services; and debit cards and other electronic fee producing payment services to transaction account customers. The company serves personal, commercial, non-profit, and municipal deposit customers. As of March 14, 2022, it operated 106 full-service branches in Massachusetts, New York, Connecticut, and Vermont. The company also has commercial banking offices in Providence, Rhode Island and New Haven, Connecticut. Berkshire Hills Bancorp, Inc. was founded in 1846 and is headquartered in Boston, Massachusetts.",Nitin J. Mhatre,Banks - Regional,26.13,USD,1212168087,https://images.financialmodelingprep.com/symbol/BHLB.png,538400,2000-06-28,,,,1411000,90271000,"[{'period': '2025', 'revenue': 832.79, 'unit': 'M', 'net_profit': 90.27}, {'period': '2024', 'revenue': 646.11, 'unit': 'M', 'net_profit': 61.0}, {'period': '2023', 'revenue': 619.08, 'unit': 'M', 'net_profit': 69.6}, {'period': '2022', 'revenue': 456.19, 'unit': 'M', 'net_profit': 92.53}]","[{'period': ""Q4 '25"", 'revenue': 274.35, 'unit': 'M', 'net_profit': 90.45}, {'period': ""Q3 '25"", 'revenue': 216.16, 'unit': 'M', 'net_profit': -56.26}, {'period': ""Q2 '25"", 'revenue': 173.22, 'unit': 'M', 'net_profit': 30.37}, {'period': ""Q1 '25"", 'revenue': 169.05, 'unit': 'M', 'net_profit': 25.72}, {'period': ""Q4 '24"", 'revenue': 173.69, 'unit': 'M', 'net_profit': 19.66}, {'period': ""Q3 '24"", 'revenue': 178.78, 'unit': 'M', 'net_profit': 37.51}]",1.03,1.03,23220372000,2041745000,2041745000.0,20724311000,0,0,0.0,201557000.0,30994000,-0.9845115257958288,0.4797796829664115,-0.28472222222222215,"[0.18, 0.1]","['2025-08-14', '2000-11-01']",__nan__,0.8925055550358969
315,BHP,BHP Group Limited American Depositary Shares (Each representing two Ordinary Shares),"BHP Group Limited operates as a resources company in Australia, Europe, China, Japan, India, South Korea, the rest of Asia, North America, South America, and internationally. The company operates through Copper, Iron Ore, and Coal segments. It engages in the mining of copper, uranium, gold, zinc, lead, molybdenum, silver, iron ore, cobalt, and metallurgical and energy coal. The company is also involved in the mining, smelting, and refining of nickel, as well as potash development activities. In addition, it provides towing, freight, marketing and trading, marketing support, finance, administrative, and other services. The company was founded in 1851 and is headquartered in Melbourne, Australia.",Mike Henry,Industrial Materials,69.5,USD,176467854977,https://images.financialmodelingprep.com/symbol/BHP.png,4289516,1980-03-17,,,,23442000000,9019000000,"[{'period': '2025', 'revenue': 51.26, 'unit': 'B', 'net_profit': 9.02}, {'period': '2024', 'revenue': 55.66, 'unit': 'B', 'net_profit': 7.9}, {'period': '2023', 'revenue': 53.82, 'unit': 'B', 'net_profit': 12.92}, {'period': '2022', 'revenue': 65.1, 'unit': 'B', 'net_profit': 30.9}]","[{'period': ""Q2 '26"", 'revenue': 27.95, 'unit': 'B', 'net_profit': 5.65}, {'period': ""Q4 '25"", 'revenue': 26.09, 'unit': 'B', 'net_profit': 4.6}, {'period': ""Q2 '25"", 'revenue': 25.18, 'unit': 'B', 'net_profit': 4.42}, {'period': ""Q4 '24"", 'revenue': 28.43, 'unit': 'B', 'net_profit': 6.97}, {'period': ""Q2 '24"", 'revenue': 27230.0, 'unit': 'M', 'net_profit': 927.0}, {'period': ""Q4 '23"", 'revenue': 27.83, 'unit': 'B', 'net_profit': 6.46}]",3.56,3.56,108790000000,22830000000,12167000000.0,56572000000,4661000000,5366000000,15639000000.0,11894000000.0,9278200000,-0.12663462613166424,0.14207927060909206,0.141025641025641,"[1.445, 16.9529]","['2026-03-06', '1984-03-05']",__nan__,0.5200110304255906
316,BHR,Braemar Hotels & Resorts Inc. Common Stock,Braemar Hotels & Resorts is a real estate investment trust (REIT) focused on investing in luxury hotels and resorts.,Richard J. Stockton,REIT - Hotel & Motel,2.24,USD,153841632,https://images.financialmodelingprep.com/symbol/BHR.png,417218,2013-11-06,,,,165114000,-22318000,"[{'period': '2025', 'revenue': 704.01, 'unit': 'M', 'net_profit': -22.32}, {'period': '2024', 'revenue': 728.4, 'unit': 'M', 'net_profit': -1.69}, {'period': '2023', 'revenue': 739.34, 'unit': 'M', 'net_profit': -27.02}, {'period': '2022', 'revenue': 669.59, 'unit': 'M', 'net_profit': 17.76}]","[{'period': ""Q4 '25"", 'revenue': 165.56, 'unit': 'M', 'net_profit': -33.59}, {'period': ""Q3 '25"", 'revenue': 143.56, 'unit': 'M', 'net_profit': 5.74}, {'period': ""Q2 '25"", 'revenue': 179.08, 'unit': 'M', 'net_profit': -5.47}, {'period': ""Q1 '25"", 'revenue': 215.82, 'unit': 'M', 'net_profit': 11.0}, {'period': ""Q4 '24"", 'revenue': 173.34, 'unit': 'M', 'net_profit': -18.65}, {'period': ""Q3 '24"", 'revenue': 148.4, 'unit': 'M', 'net_profit': 12.6}]",-0.36,-0.36,1861732000,161938000,124354000.0,1336611000,32843000,1558412000,74277000.0,124354000.0,-37126000,-0.27554570782967336,-12.182516243354991,0.5324675324675325,"[0.05, 0.05]","['2025-12-31', '2013-12-27']",__nan__,0.7179395315759733
317,BHV,BlackRock Virginia Municipal Bond Trust,"Blackrock Virginia Municipal Bond Trust is a closed-ended fixed income mutual fund launched by BlackRock, Inc. It is managed by BlackRock Advisors, LLC. The fund invests in fixed income markets of United States. It primarily invests in the investment grade municipal bonds exempt from federal income taxes and Virginia personal income taxes. Blackrock Virginia Municipal Bond Trust was formed on April 25, 2002 and is domiciled in United States.",Charles Choon Sik Park,Asset Management - Bonds,10.295,USD,16350941,https://images.financialmodelingprep.com/symbol/BHV.png,6301,2002-04-26,,,,-964292,-1493073,"[{'period': '2025', 'revenue': 1.0, 'unit': 'M', 'net_profit': -1.49}, {'period': '2024', 'revenue': 917.17, 'unit': 'K', 'net_profit': 690.48}, {'period': '2023', 'revenue': -70.54, 'unit': 'K', 'net_profit': -811.63}, {'period': '2022', 'revenue': 1.13, 'unit': 'M', 'net_profit': -3.36}]","[{'period': ""Q4 '25"", 'revenue': 0.38845999999999997, 'unit': 'M', 'net_profit': -1.42}, {'period': ""Q2 '25"", 'revenue': 615.18, 'unit': 'K', 'net_profit': -70.09}, {'period': ""Q4 '24"", 'revenue': 576.98, 'unit': 'K', 'net_profit': 355.01}, {'period': ""Q2 '24"", 'revenue': 254.6, 'unit': 'K', 'net_profit': 335.47}, {'period': ""Q4 '23"", 'revenue': -345.36, 'unit': 'K', 'net_profit': -450.85}, {'period': ""Q2 '23"", 'revenue': 274.82, 'unit': 'K', 'net_profit': -360.78}]",-0.94,-0.94,29083865,335676,1106159.0,11703837,320527,28748189,143764.0,1106159.0,562100,-1.7372336269397173,-3.16236652420559,-3.186046511627907,"[0.0455, 0.070625]","['2026-06-15', '2002-06-24']",__nan__,0.4024168383397461
318,BHVN,Biohaven Pharmaceutical Holding Company Ltd. Common Shares,Biohaven Ltd. is a clinical-stage biopharmaceutical company. The Company focuses on development of therapies for neurological and immunoscience diseases that can change current treatment paradigms.,Vladimir Coric,Biotechnology,8.37,USD,886092846,https://images.financialmodelingprep.com/symbol/BHVN.png,2765840,2022-09-23,,,,-727458000,-738822000,"[{'period': '2025', 'revenue': 0.0, 'unit': 'M', 'net_profit': -738.82}, {'period': '2024', 'revenue': 0.0, 'unit': 'M', 'net_profit': -846.42}, {'period': '2023', 'revenue': 0.0, 'unit': 'M', 'net_profit': -408.17}, {'period': '2022', 'revenue': 0.0, 'unit': 'M', 'net_profit': -570.28}]","[{'period': ""Q4 '25"", 'revenue': 0.0, 'unit': 'M', 'net_profit': -145.56}, {'period': ""Q3 '25"", 'revenue': 0.0, 'unit': 'M', 'net_profit': -173.44}, {'period': ""Q2 '25"", 'revenue': 0.0, 'unit': 'M', 'net_profit': -198.15}, {'period': ""Q1 '25"", 'revenue': 0.0, 'unit': 'M', 'net_profit': -221.68}, {'period': ""Q4 '24"", 'revenue': 0.0, 'unit': 'M', 'net_profit': -186.84}, {'period': ""Q3 '24"", 'revenue': 0.0, 'unit': 'M', 'net_profit': -160.3}]",-6.86,-6.86,451447000,368329000,319137000.0,399375000,0,0,115934000.0,229957000.0,-610153000,0.17075745278459195,0.12712334981841208,0.2607758620689654,__nan__,__nan__,__nan__,0.8846553416015612
319,BIF,Boulder Growth & Income Fund Inc.,"SRH Total Return Fund, Inc. is a closed-ended balanced mutual fund launched and managed by Boulder Investment Advisers, L.L.C. It is co-managed by Stewart West Indies Trading Co Ltd. and Rocky Mountain Advisers, Llc. The fund invests in public equity and fixed income markets across the globe. It seeks to invest in securities of companies operating across diversified industries. The fund primarily invests in dividend paying value stocks of companies across all capitalizations, as well as in fixed income securities issued by companies. It employs both fundamental and quantitative analysis with a bottom-up security picking approach, focusing on such factors as defensible businesses with solid financial positions and strong operating track records to create its portfolio. The fund benchmarks the performance of its portfolio against the S&P 500 Composite Index. SRH Total Return Fund, Inc. was formed on December 7, 1972 and is domiciled in the United States.",,Asset Management,14.75,USD,1435663284,https://images.financialmodelingprep.com/symbol/BIF.png,99761,1980-03-17,,,,280309631,273955573,"[{'period': '2021', 'revenue': 276.25, 'unit': 'M', 'net_profit': 273.96}, {'period': '2020', 'revenue': -1.98, 'unit': 'M', 'net_profit': -3.94}, {'period': '2019', 'revenue': 61.36, 'unit': 'M', 'net_profit': 59.13}, {'period': '2018', 'revenue': 97.79, 'unit': 'M', 'net_profit': 94.58}]",[],2.79,2.79,1758885263,2420332,383716.0,224254495,2036616,1756390665,839151.0,383716.0,45603423,81.09487358988719,70.54779317498574,70.57605985037407,"[0.12, 0.27]","['2022-04-21', '1987-02-09']",__nan__,0.12749808058400908
320,BIG,Big Lots Inc. Common Stock,"Big Lots, Inc., through its subsidiaries, operates as a home discount retailer in the United States. The company offers products under various merchandising categories, such as furniture category that includes upholstery, mattresses, case goods, and ready-to-assemble departments; seasonal category, which comprises patio furniture, gazebos, Christmas trim, and other holiday departments; soft home category that consists of fashion and utility bedding, bath, window, decorative textile, home organization, area rugs, home décor, and frames departments; and food category that includes beverage and grocery, candy and snacks, specialty foods, and pet departments. It also provides merchandise under the consumables category, which comprises health, beauty and cosmetics, plastics, paper, and chemical departments; hard home category, including small appliances, tabletops, and food preparation and stationery products; home maintenance and organization products; toys; and accessories category consisting of apparel, electronics, jewelry, apparel, and hosiery departments. As of January 29, 2022, it operated 1,431 stores in 47 states and an e-commerce platform. Big Lots, Inc. was founded in 1967 and is headquartered in Columbus, Ohio.",Bruce K. Thorn,Discount Stores,0.4968,USD,14746018,https://images.financialmodelingprep.com/symbol/BIG.png,2399564,1985-06-20,,,,-248173000,-481876000,"[{'period': '2023', 'revenue': 4720.0, 'unit': 'M', 'net_profit': -481.88}, {'period': '2022', 'revenue': 5470.0, 'unit': 'M', 'net_profit': -210.71}, {'period': '2021', 'revenue': 6150.0, 'unit': 'M', 'net_profit': 177.78}, {'period': '2020', 'revenue': 6200.0, 'unit': 'M', 'net_profit': 629.19}]","[{'period': ""Q2 '24"", 'revenue': 1050.0, 'unit': 'M', 'net_profit': -238.46}, {'period': ""Q1 '24"", 'revenue': 1010.0, 'unit': 'M', 'net_profit': -205.03}, {'period': ""Q4 '23"", 'revenue': 1430.0, 'unit': 'M', 'net_profit': -30.71}, {'period': ""Q3 '23"", 'revenue': 1030.0, 'unit': 'M', 'net_profit': 4.74}, {'period': ""Q2 '23"", 'revenue': 1140.0, 'unit': 'M', 'net_profit': -249.84}, {'period': ""Q1 '23"", 'revenue': 1120.0, 'unit': 'M', 'net_profit': -206.07}]",-16.53,-16.53,3325309000,1086023000,46411000.0,3040814000,0,0,831019000.0,46411000.0,-315099000,-1.3929514993732524,-1.2869373730470604,-1.2643835616438357,"[0.3, 0.17]","['2023-03-16', '2014-07-09']",__nan__,0.9144455447599005
321,BIGZ,BlackRock Innovation and Growth Trust Common Shares of Beneficial Interest,"Blackrock Innovation & Growth Trust is a mutual fund launched by BlackRock, Inc. and managed by BlackRock Advisors, LLC. Blackrock Innovation & Growth Trust is based in United States.",John M. Perlowski,Asset Management,8.06,USD,1719504280,https://images.financialmodelingprep.com/symbol/BIGZ.png,863322,2021-03-26,,,,0,35705223,"[{'period': '2024', 'revenue': 40.69, 'unit': 'M', 'net_profit': 35.71}, {'period': '2023', 'revenue': 215.58, 'unit': 'M', 'net_profit': 211.57}, {'period': '2022', 'revenue': -1.65, 'unit': 'B', 'net_profit': -1.66}, {'period': '2021', 'revenue': -639.7, 'unit': 'M', 'net_profit': -640.65}]",[],0.15,0.15,1808561339,0,0.0,23599924,66689,1808485908,0.0,0.0,277213281,-1.0,-0.8312360516262544,-0.8295454545454545,"[0.0525, 0.1]","['2026-01-20', '2021-06-14']",__nan__,0.01304900391879935
322,BILL,Bill.com Holdings Inc. Common Stock,"Bill.com Holdings, Inc. provides cloud-based software that simplifies, digitizes, and automates back-office financial operations for small and midsize businesses worldwide. The company provides software-as-a-service, cloud-based payments, and spend management products, which allow users to automate accounts payable and accounts receivable transactions, as well as enable users to connect with their suppliers and/or customers to do business, eliminate expense reports, manage cash flows, and improve office efficiency. It also offers onboarding implementation support, and ongoing support and training services. The company serves accounting firms, financial institutions, and software companies. Bill.com Holdings, Inc. was incorporated in 2006 and is headquartered in San Jose, California.",Rene A. Lacerte,Software - Application,37.0,USD,3705797086,https://images.financialmodelingprep.com/symbol/BILL.png,2789625,2019-12-12,,,,138416000,23799000,"[{'period': '2025', 'revenue': 1460.0, 'unit': 'M', 'net_profit': 23.8}, {'period': '2024', 'revenue': 1290.0, 'unit': 'M', 'net_profit': -28.88}, {'period': '2023', 'revenue': 1060.0, 'unit': 'M', 'net_profit': -223.72}, {'period': '2022', 'revenue': 641.96, 'unit': 'M', 'net_profit': -326.36}]","[{'period': ""Q2 '26"", 'revenue': 414.67, 'unit': 'M', 'net_profit': -2.59}, {'period': ""Q1 '26"", 'revenue': 395.74, 'unit': 'M', 'net_profit': -2.96}, {'period': ""Q4 '25"", 'revenue': 383.35, 'unit': 'M', 'net_profit': -7.07}, {'period': ""Q3 '25"", 'revenue': 358.22, 'unit': 'M', 'net_profit': -11.59}, {'period': ""Q2 '25"", 'revenue': 362.55, 'unit': 'M', 'net_profit': 33.55}, {'period': ""Q1 '25"", 'revenue': 358.45, 'unit': 'M', 'net_profit': 8.91}]",0.23,0.23,10063982000,7238793000,2320076000.0,6149942000,717449000,4885000,4588660000.0,1139966000.0,309674000,0.4414429425363964,1.8241221691252856,1.8518518518518516,__nan__,__nan__,__nan__,0.6110843600475439
323,BIO,Bio-Rad Laboratories Inc. Class A Common Stock,"Bio-Rad Laboratories, Inc. manufactures, and distributes life science research and clinical diagnostic products in the United States, Europe, Asia, Canada, and Latin America. The company operates through Life Science and Clinical Diagnostics segments. The Life Science segment develops, manufactures, and markets a range of reagents, apparatus, and laboratory instruments that are used in research techniques, biopharmaceutical production processes, and food testing regimes. It focuses on selected segments of the life sciences market in proteomics, genomics, biopharmaceutical production, cellular biology, and food safety. This segment serves universities and medical schools, industrial research organizations, government agencies, pharmaceutical manufacturers, biotechnology researchers, food producers, and food testing laboratories. The Clinical Diagnostics segment designs, manufactures, sells, and supports test systems, informatics systems, test kits, and specialized quality controls for clinical laboratories in the diagnostics market. This segment offers reagents, instruments, and software, which address specific niches within the in vitro diagnostics test market. It sells its products to reference laboratories, hospital laboratories, state newborn screening facilities, physicians' office laboratories, and transfusion laboratories. In addition, the company offers products and systems to separate complex chemical and biological materials, as well as to identify, analyze, and purify components. The company offers its products through its direct sales force, as well as through distributors, agents, brokers, and resellers. Bio-Rad Laboratories, Inc. was founded in 1952 and is headquartered in Hercules, California.",Norman D. Schwartz,Medical - Devices,265.4,USD,7163284804,https://images.financialmodelingprep.com/symbol/BIO.png,263425,1980-02-27,,,,475900000,759900000,"[{'period': '2025', 'revenue': 2580.0, 'unit': 'M', 'net_profit': 759.9}, {'period': '2024', 'revenue': 2.57, 'unit': 'B', 'net_profit': -1.84}, {'period': '2023', 'revenue': 2670.0, 'unit': 'M', 'net_profit': -637.32}, {'period': '2022', 'revenue': 2.8, 'unit': 'B', 'net_profit': -3.63}]","[{'period': ""Q4 '25"", 'revenue': 693.2, 'unit': 'M', 'net_profit': 720.0}, {'period': ""Q3 '25"", 'revenue': 653.0, 'unit': 'M', 'net_profit': -341.9}, {'period': ""Q2 '25"", 'revenue': 651.6, 'unit': 'M', 'net_profit': 317.8}, {'period': ""Q1 '25"", 'revenue': 585.4, 'unit': 'M', 'net_profit': 64.0}, {'period': ""Q4 '24"", 'revenue': 667.48, 'unit': 'M', 'net_profit': -715.8}, {'period': ""Q3 '24"", 'revenue': 649.73, 'unit': 'M', 'net_profit': 653.17}]",27.87,27.87,10576500000,2906200000,1542700000.0,3122900000,472500000,6104000000,517000000.0,531799999.0,374600000,1.2221755368814193,1.412048584752196,1.4264075887392902,__nan__,__nan__,__nan__,0.2952678107124285
324,BIO/B,Bio-Rad Laboratories Inc.,,,,,,,,,,,,,,,[],[],,,,,,,,,,,,,,,,,__nan__,__nan__
325,BIP,Brookfield Infrastructure Partners LP Limited Partnership Units,"Brookfield Infrastructure Partners L.P. owns and operates utilities, transport, midstream, and data businesses in North and South America, Europe, and the Asia Pacific. The company's Utilities segment operates approximately 61,000 kilometers (km) of operational electricity transmission and distribution lines; 5,300 km of electricity transmission lines; 4,200 km of natural gas pipelines; 7.3 million electricity and natural gas connections; and 360,000 long-term contracted sub-metering services. This segment also offers heating and cooling solutions; gas distribution; water heaters; and heating, ventilation, and air conditioner rental, as well as other home services. Its Transport segment offers transportation, storage, and handling services for merchandise goods, commodities, and passengers through a network of approximately 22,000 km of track; 5,500 km of track network; 4,800 km of rail; 3,800 km of motorways; and 13 port terminals. The company's Midstream segment offers natural gas transmission, gathering and processing, and storage services through approximately 15,000 km of natural gas transmission pipelines; 600 billion cubic feet of natural gas storage; 17 natural gas processing plants; and 3,900 km of gas gathering pipelines, as well as one petrochemical processing complex. Its Data segment operates approximately 148,000 operational telecom towers; 8,000 multi-purpose towers and active rooftop sites; 10,000 km of fiber backbone; 1,600 cell sites and approximately 12,000 km of fiber optic cable; and 2,100 active telecom towers and 70 distributed antenna systems, as well as 50 data centers and 200 megawatts of critical load capacity. The company was founded in 2007 and is based in Hamilton, Bermuda. Brookfield Infrastructure Partners L.P. is a subsidiary of Brookfield Asset Management Inc.",James Bruce Flatt,Diversified Utilities,34.86,USD,16106086920,https://images.financialmodelingprep.com/symbol/BIP.png,778572,2008-01-10,,,,11013000000,449000000,"[{'period': '2025', 'revenue': 23100.0, 'unit': 'M', 'net_profit': 449.0}, {'period': '2024', 'revenue': 21040.0, 'unit': 'M', 'net_profit': 351.0}, {'period': '2023', 'revenue': 17930.0, 'unit': 'M', 'net_profit': 367.0}, {'period': '2022', 'revenue': 14430.0, 'unit': 'M', 'net_profit': 341.0}]","[{'period': ""Q4 '25"", 'revenue': 6300.0, 'unit': 'M', 'net_profit': 219.0}, {'period': ""Q3 '25"", 'revenue': 5970.0, 'unit': 'M', 'net_profit': 210.0}, {'period': ""Q2 '25"", 'revenue': 5430.0, 'unit': 'M', 'net_profit': 74.0}, {'period': ""Q1 '25"", 'revenue': 5390.0, 'unit': 'M', 'net_profit': 26.0}, {'period': ""Q4 '24"", 'revenue': 5440.0, 'unit': 'M', 'net_profit': 186.0}, {'period': ""Q3 '24"", 'revenue': 5270.0, 'unit': 'M', 'net_profit': -73.0}]",0.98,0.98,128150000000,3201000000,3201000000.0,92610000000,0,6550000000,1289000000.0,3201000000.0,268000000,0.2752431681333951,0.2792022792022792,7.166666666666667,"[0.455, 0.0882]","['2026-02-27', '2008-02-27']",__nan__,0.7226687475614514
326,BIPC,Brookfield Infrastructure Partners LP Class A Subordinate Voting Shares ,"Brookfield Infrastructure Corporation, together with its subsidiaries, owns and operates regulated natural gas transmission systems in Brazil. The company also engages in the regulated gas and electricity distribution operations in the United Kingdom; and electricity transmission and distribution, as well as gas distribution in Australia. It operates approximately 2,000 kilometers of natural gas transportation pipelines in the states of Rio de Janeiro, Sao Paulo, and Minas Gerais; 3.9 million gas and electricity connections; and 61,000 kilometers of operational electricity transmission and distribution lines in Australia. The company was incorporated in 2019 and is headquartered in New York, New York. Brookfield Infrastructure Corporation is a subsidiary of Brookfield Infrastructure Partners L.P.",Benjamin Michael Vaughan,Regulated Gas,37.76,USD,4494119680,https://images.financialmodelingprep.com/symbol/BIPC.png,738025,2020-03-31,,,,2933468453,-245218833,"[{'period': '2025', 'revenue': 3730.0, 'unit': 'M', 'net_profit': -245.22}, {'period': '2024', 'revenue': 3490.0, 'unit': 'M', 'net_profit': -578.81}, {'period': '2023', 'revenue': 2550.0, 'unit': 'M', 'net_profit': 113.04}, {'period': '2022', 'revenue': 1.81, 'unit': 'B', 'net_profit': 1.05}]","[{'period': ""Q4 '25"", 'revenue': 970.69, 'unit': 'M', 'net_profit': -238.61}, {'period': ""Q3 '25"", 'revenue': 906.71, 'unit': 'M', 'net_profit': 81.08}, {'period': ""Q2 '25"", 'revenue': 880.81, 'unit': 'M', 'net_profit': -485.16}, {'period': ""Q1 '25"", 'revenue': 926.19, 'unit': 'M', 'net_profit': 387.82}, {'period': ""Q4 '24"", 'revenue': 917.36, 'unit': 'M', 'net_profit': -145.77}, {'period': ""Q3 '24"", 'revenue': 919.34, 'unit': 'M', 'net_profit': -984.86}]",-2.06,-2.06,23981278000,2001351000,444000000.0,21979927000,2457000000,372000000,7668000000.0,430216000.0,218763688,0.35328008764082797,0.5763379705167418,0.5968688845401174,"[0.455, 0.485]","['2026-02-27', '2020-05-28']",__nan__,0.9165452733586592
327,BIT,BlackRock Multi-Sector Income Trust Common Shares of Beneficial Interest,"BlackRock Multi-Sector Income Trust is a close ended fixed income mutual fund launched by BlackRock, Inc. It is co-managed by BlackRock Advisors, LLC and BlackRock (Singapore) Limited. The fund invests in fixed income markets. It invests primarily in loan and debt instruments and other investments with similar economic characteristic. BlackRock Multi-Sector Income Trust was formed on February 25, 2013 and is domiciled in the United States.",Charles Choon Sik Park,Asset Management - Income,12.23,USD,524926093,https://images.financialmodelingprep.com/symbol/BIT.png,289072,2013-02-26,,,,68392311,55234689,"[{'period': '2025', 'revenue': 62.78, 'unit': 'M', 'net_profit': 55.23}, {'period': '2024', 'revenue': 56.36, 'unit': 'M', 'net_profit': 47.19}, {'period': '2023', 'revenue': 28.97, 'unit': 'M', 'net_profit': 22.73}, {'period': '2022', 'revenue': 56.84, 'unit': 'M', 'net_profit': -69.13}]","[{'period': ""Q4 '23"", 'revenue': 12.21, 'unit': 'M', 'net_profit': -7.53}, {'period': ""Q2 '23"", 'revenue': 16.76, 'unit': 'M', 'net_profit': 30.26}, {'period': ""Q4 '22"", 'revenue': 17.22, 'unit': 'M', 'net_profit': -29.86}, {'period': ""Q2 '22"", 'revenue': 39.62, 'unit': 'M', 'net_profit': -39.27}, {'period': ""Q4 '21"", 'revenue': 27.36, 'unit': 'M', 'net_profit': 7.16}, {'period': ""Q2 '21"", 'revenue': 47.88, 'unit': 'M', 'net_profit': 60.77}]",1.06,1.06,1142934075,21800342,5754076.0,349111585,16046266,1115105393,336440912.0,726249.0,27635880,0.06937989569934613,0.17044257218255446,-0.10924369747899151,"[0.1237, 0.1167]","['2026-06-15', '2013-04-18']",__nan__,0.3054520751776519
328,BITE,Bite Acquisition Corp. Common Stock,"Bite Acquisition Corp. does not have significant business. It focuses on effecting a merger, share exchange, asset acquisition, stock purchase, reorganization, or similar business combination with one or more businesses. The company intends to focus its search on the traditional and non-traditional restaurant sectors in North America. Bite Acquisition Corp. was incorporated in 2020 and is based in New York, New York.",Jeff Alberto Ardura Gonzalez,Shell Companies,12.5,USD,99991250,https://images.financialmodelingprep.com/symbol/BITE.png,14546,2021-04-08,,,,-3006319,-987936,"[{'period': '2023', 'revenue': 0.0, 'unit': 'K', 'net_profit': -987.94}, {'period': '2022', 'revenue': 0.0, 'unit': 'K', 'net_profit': 991.84}, {'period': '2021', 'revenue': 0.0, 'unit': 'K', 'net_profit': -786.97}, {'period': '2020', 'revenue': 0.0, 'unit': '', 'net_profit': -802.0}]","[{'period': ""Q1 '24"", 'revenue': 0.0, 'unit': 'K', 'net_profit': -24.04}, {'period': ""Q4 '23"", 'revenue': 0.0, 'unit': 'K', 'net_profit': 229.05}, {'period': ""Q3 '23"", 'revenue': 0.0, 'unit': 'K', 'net_profit': 91.56}, {'period': ""Q2 '23"", 'revenue': 0.0, 'unit': 'K', 'net_profit': -560.43}, {'period': ""Q1 '23"", 'revenue': 0.0, 'unit': 'K', 'net_profit': -748.12}, {'period': ""Q4 '22"", 'revenue': 0.0, 'unit': 'K', 'net_profit': 565.7}]",-0.11,-0.11,30921526,45688,947.0,4075688,0,30834520,3709797.0,947.0,-1340608,0.22669283182250907,-1.9960658897924863,-3.7638190954773862,"[0.1, 0.25]","['2016-12-15', '2016-09-13']",__nan__,0.1318074664232289
329,BJ,BJ's Wholesale Club Holdings Inc. Common Stock,"BJ's Wholesale Club Holdings, Inc., together with its subsidiaries, operates warehouse clubs on the east coast of the United States. It provides perishable, general merchandise, gasoline, and other ancillary services. The company sells its products through the websites BJs.com, BerkleyJensen.com, Wellsleyfarms.com, and Delivery.bjs.com as well as the mobile app. As of June 10, 2022, it operated 229 warehouse clubs and 160 gas locations in 17 states. The company was formerly known as Beacon Holding Inc. and changed its name to BJ's Wholesale Club Holdings, Inc. in February 2018. BJ's Wholesale Club Holdings, Inc. was founded in 1984 and is headquartered in Westborough, Massachusetts.",Robert W. Eddy,Discount Stores,99.61,USD,13033740194,https://images.financialmodelingprep.com/symbol/BJ.png,1879606,2018-06-28,,,,1134639000,578377000,"[{'period': '2025', 'revenue': 21460.0, 'unit': 'M', 'net_profit': 578.38}, {'period': '2024', 'revenue': 20500.0, 'unit': 'M', 'net_profit': 534.42}, {'period': '2023', 'revenue': 19970.0, 'unit': 'M', 'net_profit': 523.74}, {'period': '2022', 'revenue': 19320.0, 'unit': 'M', 'net_profit': 513.18}]","[{'period': ""Q4 '25"", 'revenue': 5580.0, 'unit': 'M', 'net_profit': 125.85}, {'period': ""Q3 '25"", 'revenue': 5350.0, 'unit': 'M', 'net_profit': 152.05}, {'period': ""Q2 '25"", 'revenue': 5380.0, 'unit': 'M', 'net_profit': 150.71}, {'period': ""Q1 '25"", 'revenue': 5150.0, 'unit': 'M', 'net_profit': 149.77}, {'period': ""Q4 '24"", 'revenue': 5280.0, 'unit': 'M', 'net_profit': 122.66}, {'period': ""Q3 '24"", 'revenue': 5100.0, 'unit': 'M', 'net_profit': 155.75}]",4.41,4.38,7510475000,1990089000,46245000.0,5312816000,252789000,0,2670233000.0,46245000.0,331003000,0.09896228827348943,0.08225786230602694,0.09158415841584161,__nan__,__nan__,__nan__,0.7073874821499306
330,BK,The Bank of New York Mellon Corporation Common Stock,"The Bank of New York Mellon Corporation provides a range of financial products and services in the United States and internationally. The company operates through Securities Services, Market and Wealth Services, Investment and Wealth Management, and Other segments. The Securities Services segment offers custody, trust and depositary, accounting, exchange-traded funds, middle-office solutions, transfer agency, services for private equity and real estate funds, foreign exchange, securities lending, liquidity/lending services, prime brokerage, and data analytics. This segment also provides trustee, paying agency, fiduciary, escrow and other financial, issuer, and support services for brokers and investors. The Market and Wealth Services segment offers clearing and custody, investment, wealth and retirement solutions, technology and enterprise data management, trading, and prime brokerage services; and clearance and collateral management services. This segment also provides integrated cash management solutions, including payments, foreign exchange, liquidity management, receivables processing and payables management, and trade finance and processing services. The Investment and Wealth Management segment offers investment management strategies and distribution of investment products, investment management, custody, wealth and estate planning, private banking, investment, and information management services. The Other segment engages in the provision of leasing, corporate treasury, derivative and other trading, corporate and bank-owned life insurance, renewable energy investment, and business exit services. It serves central banks and sovereigns, financial institutions, asset managers, insurance companies, corporations, local authorities and high net-worth individuals, and family offices. The company was founded in 1784 and is headquartered in New York, New York.",Robin Antony Vince,Asset Management,114.66,USD,79958048723,https://images.financialmodelingprep.com/symbol/BK.png,3648786,1973-05-03,,,,8358000000,5549000000,"[{'period': '2025', 'revenue': 39.24, 'unit': 'B', 'net_profit': 5.55}, {'period': '2024', 'revenue': 39.55, 'unit': 'B', 'net_profit': 4.53}, {'period': '2023', 'revenue': 33.79, 'unit': 'B', 'net_profit': 3.3}, {'period': '2022', 'revenue': 19.8, 'unit': 'B', 'net_profit': 2.56}]","[{'period': ""Q4 '25"", 'revenue': 8.87, 'unit': 'B', 'net_profit': 1.46}, {'period': ""Q3 '25"", 'revenue': 10.36, 'unit': 'B', 'net_profit': 1.45}, {'period': ""Q2 '25"", 'revenue': 10.36, 'unit': 'B', 'net_profit': 1.42}, {'period': ""Q1 '25"", 'revenue': 9.65, 'unit': 'B', 'net_profit': 1.22}, {'period': ""Q4 '24"", 'revenue': 10.03, 'unit': 'B', 'net_profit': 1.16}, {'period': ""Q3 '24"", 'revenue': 10.16, 'unit': 'B', 'net_profit': 1.18}]",7.46,7.41,472300000000,272490000000,190685000000.0,427492000000,81805000000,150200000000,386862000000.0,131517000000.0,5177000000,0.09240622140896615,0.2249448123620309,0.2773972602739726,"[0.53, 3.8581]","['2026-01-23', '1985-01-14']",__nan__,0.9051280965488038
331,BKD,Brookdale Senior Living Inc. Common Stock,"Brookdale Senior Living Inc. owns, manages, and operates senior living communities in the United States. It operates in three segments: Independent Living, Assisted Living and Memory Care, and Continuing Care Retirement Communities (CCRCs). The Independent Living segment owns or leases communities comprising independent and assisted living units in a single community that are primarily designed for middle to upper income seniors. The Assisted Living and Memory Care segment owns or leases communities consisting of freestanding multi-story communities and freestanding single-story communities, which offer housing and 24-hour assistance with activities of daily living for the Company's residents. This segment also operates memory care communities for residents with Alzheimer's and other dementias. The CCRCs segment owns or leases communities that provides various living arrangements, such as independent and assisted living, memory care, and skilled nursing; and services to accommodate various levels of physical ability and healthcare needs. It also manages communities on behalf of others. As of December 31, 2021, the company owned 347 communities, leased 299 communities, and managed 33 communities on behalf of others. Brookdale Senior Living Inc. was incorporated in 2005 and is headquartered in Brentwood, Tennessee.",Nikolas W. Stengle,Medical - Care Facilities,13.82,USD,3286285440,https://images.financialmodelingprep.com/symbol/BKD.png,4999291,2005-11-22,,,,347654000,-262692000,"[{'period': '2025', 'revenue': 3120.0, 'unit': 'M', 'net_profit': -262.69}, {'period': '2024', 'revenue': 2980.0, 'unit': 'M', 'net_profit': -201.94}, {'period': '2023', 'revenue': 2870.0, 'unit': 'M', 'net_profit': -189.01}, {'period': '2022', 'revenue': 2740.0, 'unit': 'M', 'net_profit': -238.43}]","[{'period': ""Q4 '25"", 'revenue': 754.09, 'unit': 'M', 'net_profit': -39.96}, {'period': ""Q3 '25"", 'revenue': 777.84, 'unit': 'M', 'net_profit': -114.73}, {'period': ""Q2 '25"", 'revenue': 812.94, 'unit': 'M', 'net_profit': -43.02}, {'period': ""Q1 '25"", 'revenue': 780.07, 'unit': 'M', 'net_profit': -64.98}, {'period': ""Q4 '24"", 'revenue': 746.98, 'unit': 'M', 'net_profit': -83.92}, {'period': ""Q3 '24"", 'revenue': 746.4, 'unit': 'M', 'net_profit': -50.72}]",-1.11,-1.11,5952243000,553940000,279122000.0,5995620000,67680000,4272697000,153225000.0,279122000.0,-294523000,-0.1738319356088241,-0.30087404362790005,-0.24719101123595516,"[0.25, 0.25]","['2008-10-08', '2005-12-28']",__nan__,1.0072875048952135
332,BKE,Buckle Inc. (The) Common Stock,"The Buckle, Inc. operates as a retailer of casual apparel, footwear, and accessories for young men and women in the United States. It markets a selection of brand name casual apparel, including denims, other casual bottoms, tops, sportswear, outerwear, accessories, and footwear, as well as private label merchandise primarily comprising BKE, Buckle Black, Salvage, Red by BKE, Daytrip, Gimmicks, Gilded Intent, FITZ + EDDI, Willow & Root, Outpost Makers, Departwest, Reclaim, BKE Vintage, Nova Industries, J.B. Holt, and Veece. The company also provides services, such as hemming, gift-packaging, layaways, guest loyalty program, the Buckle private label credit card, and personalized stylist services, as well as special order system that allows stores to obtain requested merchandise from other company stores or its online order fulfillment center. As of March 11, 2022, it operated 440 retail stores in 42 states under the Buckle and The Buckle names. The Buckle, Inc. also sells its products through its website, buckle.com. The company was formerly known as Mills Clothing, Inc. and changed its name to The Buckle, Inc. in April 1991. The Buckle, Inc. was incorporated in 1948 and is headquartered in Kearney, Nebraska.",Dennis H. Nelson,Apparel - Retail,49.28,USD,2520998529,https://images.financialmodelingprep.com/symbol/BKE.png,494315,1992-05-08,,,,261444000,209744000,"[{'period': '2025', 'revenue': 1300.0, 'unit': 'M', 'net_profit': 209.74}, {'period': '2024', 'revenue': 1220.0, 'unit': 'M', 'net_profit': 195.47}, {'period': '2023', 'revenue': 1260.0, 'unit': 'M', 'net_profit': 219.92}, {'period': '2022', 'revenue': 1350.0, 'unit': 'M', 'net_profit': 254.63}]","[{'period': ""Q4 '25"", 'revenue': 399.14, 'unit': 'M', 'net_profit': 80.84}, {'period': ""Q3 '25"", 'revenue': 320.84, 'unit': 'M', 'net_profit': 48.7}, {'period': ""Q2 '25"", 'revenue': 305.74, 'unit': 'M', 'net_profit': 45.01}, {'period': ""Q1 '25"", 'revenue': 272.12, 'unit': 'M', 'net_profit': 35.19}, {'period': ""Q4 '24"", 'revenue': 379.2, 'unit': 'M', 'net_profit': 77.2}, {'period': ""Q3 '24"", 'revenue': 293.62, 'unit': 'M', 'net_profit': 44.17}]",4.17,4.14,991279000,447878000,274159000.0,566636000,10980000,32393000,236705000.0,249461000.0,199739000,-0.007787594498588214,0.07303497247631326,0.06377551020408163,"[0.35, 3]","['2026-04-15', '1996-12-20']",__nan__,0.571621107680078
333,BKH,Black Hills Corporation Common Stock,"Black Hills Corporation, through its subsidiaries, operates as an electric and natural gas utility company in the United States. It operates in two segments, Electric Utilities and Gas Utilities. The Electric Utilities segment generates, transmits, and distributes electricity to approximately 218,000 electric utility customers in Colorado, Montana, South Dakota, and Wyoming; and owns and operates 1,481.5 megawatts of generation capacity and 8,892 miles of electric transmission and distribution lines. The Gas Utilities segment distributes natural gas to approximately 1,094,000 natural gas utility customers in Arkansas, Colorado, Iowa, Kansas, Nebraska, and Wyoming; owns and operates 4,732 miles of intrastate gas transmission pipelines; 41,644 miles of gas distribution mains and service lines; six natural gas storage sites; and approximately 50,000 horsepower of compression and 515 miles of gathering lines. The company also constructs and maintains gas infrastructure facilities for gas transportation customers; and provides appliance repair services to residential utility customers, as well as electrical system construction services to large industrial customers. In addition, it produces electric power through wind, natural gas, and coal-fired generating plants; and coal at its coal mine located near Gillette, Wyoming. The company was incorporated in 1941 and is headquartered in Rapid City, South Dakota.",Linden R. Evans,Diversified Utilities,68.7,USD,5185118760,https://images.financialmodelingprep.com/symbol/BKH.png,978106,1973-02-22,,,,827400000,291600000,"[{'period': '2025', 'revenue': 2310.0, 'unit': 'M', 'net_profit': 291.6}, {'period': '2024', 'revenue': 2130.0, 'unit': 'M', 'net_profit': 273.1}, {'period': '2023', 'revenue': 2330.0, 'unit': 'M', 'net_profit': 262.2}, {'period': '2022', 'revenue': 2550.0, 'unit': 'M', 'net_profit': 258.4}]","[{'period': ""Q4 '25"", 'revenue': 635.5, 'unit': 'M', 'net_profit': 104.9}, {'period': ""Q3 '25"", 'revenue': 430.2, 'unit': 'M', 'net_profit': 24.9}, {'period': ""Q2 '25"", 'revenue': 439.0, 'unit': 'M', 'net_profit': 27.5}, {'period': ""Q1 '25"", 'revenue': 805.2, 'unit': 'M', 'net_profit': 134.3}, {'period': ""Q4 '24"", 'revenue': 597.1, 'unit': 'M', 'net_profit': 98.1}, {'period': ""Q3 '24"", 'revenue': 401.6, 'unit': 'M', 'net_profit': 24.4}]",3.99,3.98,10869800000,995900000,182800000.0,6964100000,412300000,2000000,740000000.0,182800000.0,-146400000,0.053610085317712976,0.06774075430245331,0.020460358056266004,"[0.703, 0.4804]","['2026-02-17', '1985-02-08']",__nan__,0.6406833612393972
334,BKI,Black Knight Inc. Common Stock ,"Black Knight, Inc. provides integrated software, data, and analytics solutions in North America and Internationally. The Software Solutions segment offers software and hosting solutions comprising MSP, a software as a service application platform for mortgage, home equity loans, and lines of credit; Servicing Digital, a web and mobile solution for consumers that provides easy access to customized timely information about their mortgages; Loss Mitigation, an integrated solution that supports retention and liquidation workouts; and Empower, a loan origination system used by lenders to originate mortgages, home equity loans, and HELOCs. This segment also provides LoanCatcher, a cloud-based loan origination system designed for the needs of brokers; and LoanSifter PPE designed to meet the needs of the broker community by providing access to investors and loan products. The Data and Analytics segment offers property ownership data, lien data, servicing data, automated valuation models, collateral risk scores, behavioral models, lead generation, multiple listing service, and other data solutions. The company was formerly known as Black Knight Financial Services, Inc. and changed its name to Black Knight, Inc. in October 2017. Black Knight, Inc. was founded in 2013 and is headquartered in Jacksonville, Florida.",Anthony M. Jabbour,Software - Application,75.775,USD,11878564169,https://images.financialmodelingprep.com/symbol/BKI.png,2446173,2015-05-20,,,,635900000,143300000,"[{'period': '2022', 'revenue': 1550.0, 'unit': 'M', 'net_profit': 143.3}, {'period': '2021', 'revenue': 1480.0, 'unit': 'M', 'net_profit': 207.9}, {'period': '2020', 'revenue': 1240.0, 'unit': 'M', 'net_profit': 178.7}, {'period': '2019', 'revenue': 1180.0, 'unit': 'M', 'net_profit': 182.8}]","[{'period': ""Q3 '23"", 'revenue': 275.0, 'unit': 'M', 'net_profit': -108.9}, {'period': ""Q2 '23"", 'revenue': 368.2, 'unit': 'M', 'net_profit': 55.3}, {'period': ""Q1 '23"", 'revenue': 382.2, 'unit': 'M', 'net_profit': 141.8}, {'period': ""Q4 '22"", 'revenue': 383.5, 'unit': 'M', 'net_profit': 17.6}, {'period': ""Q3 '22"", 'revenue': 386.7, 'unit': 'M', 'net_profit': 30.0}, {'period': ""Q2 '22"", 'revenue': 394.5, 'unit': 'M', 'net_profit': 40.3}]",0.92,0.92,5831600000,343700000,12200000.0,3210700000,193600000,171000000,271200000.0,12200000.0,131400000,-0.0487658937920718,-0.31072631072631074,-0.31343283582089554,"[0.09, 0.04]","['2013-08-14', '2010-08-12']",__nan__,0.5505693120241443
335,BKN,BlackRock Investment Quality Municipal Trust Inc. (The),"BlackRock Investment Quality Municipal Trust Inc. is a closed ended fixed income mutual fund launched by BlackRock, Inc. It is managed by BlackRock Advisors, LLC. The fund invests in fixed income markets. It invests primarily in investment grade municipal bonds municipal obligations exempt from federal income taxes. Blackrock Investment Quality Municipal Trust Inc. was formed on February 28, 1993 and is domiciled in United States.",Charles Choon Sik Park,Asset Management,11.54,USD,198555463,https://images.financialmodelingprep.com/symbol/BKN.png,56071,1993-02-19,,,,-8021288,-13082167,"[{'period': '2024', 'revenue': 9.41, 'unit': 'M', 'net_profit': -13.08}, {'period': '2023', 'revenue': 13.5, 'unit': 'M', 'net_profit': 7.49}, {'period': '2022', 'revenue': -0.83543, 'unit': 'M', 'net_profit': -1.65}, {'period': '2021', 'revenue': -35.26, 'unit': 'M', 'net_profit': -36.22}]","[{'period': ""Q1 '25"", 'revenue': 3.51, 'unit': 'M', 'net_profit': -12.12}, {'period': ""Q4 '24"", 'revenue': -2.21, 'unit': 'M', 'net_profit': -14.44}, {'period': ""Q3 '24"", 'revenue': 3940.0, 'unit': 'K', 'net_profit': -481.25}, {'period': ""Q2 '24"", 'revenue': 3940.0, 'unit': 'K', 'net_profit': -481.25}, {'period': ""Q1 '24"", 'revenue': 3.75, 'unit': 'M', 'net_profit': 2.32}, {'period': ""Q4 '23"", 'revenue': 3.75, 'unit': 'M', 'net_profit': 2.32}]",-0.76,-0.76,340945863,3923367,1849347.0,140980799,3915898,337022496,73180799.0,0.0,7106600,-2.0708110277961667,-2.746418865782041,-2.727272727272727,"[0.057, 0.075]","['2026-02-06', '1993-05-10']",__nan__,0.41349907507163386
336,BKR,Baker Hughes Company Class A Common Stock,"Baker Hughes Company provides a portfolio of technologies and services to energy and industrial value chain worldwide. It operates through four segments: Oilfield Services (OFS), Oilfield Equipment (OFE), Turbomachinery & Process Solutions (TPS), and Digital Solutions (DS). The OFS segment offers exploration, drilling, wireline, evaluation, completion, production, and intervention services; and drilling and completions fluids, wireline services, downhole completion tools and systems, wellbore intervention tools and services, pressure pumping systems, oilfield and industrial chemicals, and artificial lift technologies for oil and natural gas, and oilfield service companies. The OFE segment provides subsea and surface wellheads, pressure control and production systems and services, flexible pipe systems for offshore and onshore applications, and life-of-field solutions, including well intervention and decommissioning solutions; and services related to onshore and offshore drilling and production operations. The TPS segment provides equipment and related services for mechanical-drive, compression, and power-generation applications across the oil and gas industry. Its product portfolio includes drivers, compressors, and turnkey solutions; and pumps, valves, and compressed natural gas and small-scale liquefied natural gas solutions. This segment serves upstream, midstream, downstream, onshore, offshore, and industrial customers. The DS segment provides sensor-based process measurements, machine health and condition monitoring, asset strategy and management, control systems, as well as non-destructive testing and inspection, and pipeline integrity solutions. The company was formerly known as Baker Hughes, a GE company and changed its name to Baker Hughes Company in October 2019. Baker Hughes Company is based in Houston, Texas.",Stephen D. Tadlock,Oil & Gas Equipment & Services,63.22,USD,62476279920,https://images.financialmodelingprep.com/symbol/BKR.png,9717357,1987-04-06,,,,4287000000,2588000000,"[{'period': '2025', 'revenue': 27.73, 'unit': 'B', 'net_profit': 2.59}, {'period': '2024', 'revenue': 27.83, 'unit': 'B', 'net_profit': 2.98}, {'period': '2023', 'revenue': 25.51, 'unit': 'B', 'net_profit': 1.94}, {'period': '2022', 'revenue': 21160.0, 'unit': 'M', 'net_profit': -601.0}]","[{'period': ""Q4 '25"", 'revenue': 7390.0, 'unit': 'M', 'net_profit': 876.0}, {'period': ""Q3 '25"", 'revenue': 7010.0, 'unit': 'M', 'net_profit': 609.0}, {'period': ""Q2 '25"", 'revenue': 6910.0, 'unit': 'M', 'net_profit': 701.0}, {'period': ""Q1 '25"", 'revenue': 6430.0, 'unit': 'M', 'net_profit': 402.0}, {'period': ""Q4 '24"", 'revenue': 7.36, 'unit': 'B', 'net_profit': 1.18}, {'period': ""Q3 '24"", 'revenue': 6910.0, 'unit': 'M', 'net_profit': 766.0}]",2.62,2.6,40881000000,18828000000,4956000000.0,21871000000,6641000000,1453000000,13877000000.0,3715000000.0,2537000000,-0.06784083496412263,-0.13125209801946963,-0.12666666666666662,"[0.23, 0.115]","['2026-02-17', '1987-04-28']",__nan__,0.5349918054842102
337,BKT,BlackRock Income Trust Inc. (The),"BlackRock Income Trust, Inc. is a closed ended fixed income mutual fund launched by BlackRock, Inc. The fund is managed by BlackRock Advisors, LLC. It invests in the fixed income markets of the United States. The fund invests in securities of companies that operate across diversified sectors. It invests in securities such as U.S. government sponsored agency securities, non-agency mortgage-backed securities, asset-backed securities, and U.S. treasury obligations. The fund invests its assets in securities that are issued or guaranteed by the US government or one of its agencies or instrumentalities or rated at the time of investment either AAA by S&P or Aaa by Moody's. BlackRock Income Trust, Inc. was formed on July 22, 1988 and is domiciled in the United States.",Charles Choon Sik Park,Asset Management - Income,10.45,USD,253848265,https://images.financialmodelingprep.com/symbol/BKT.png,134301,1988-07-22,,,,27948967,24801461,"[{'period': '2025', 'revenue': 9.88, 'unit': 'M', 'net_profit': 24.8}, {'period': '2024', 'revenue': 3.59, 'unit': 'M', 'net_profit': 2.85}, {'period': '2023', 'revenue': 0.9630599999999999, 'unit': 'M', 'net_profit': 14.8}, {'period': '2022', 'revenue': 12.31, 'unit': 'M', 'net_profit': -59.83}]","[{'period': ""Q4 '25"", 'revenue': 5.21, 'unit': 'M', 'net_profit': 11.05}, {'period': ""Q2 '25"", 'revenue': 3.77, 'unit': 'M', 'net_profit': 6.87}, {'period': ""Q1 '25"", 'revenue': 3.77, 'unit': 'M', 'net_profit': 6.87}, {'period': ""Q4 '24"", 'revenue': 8.39, 'unit': 'M', 'net_profit': 5.95}, {'period': ""Q3 '24"", 'revenue': 3.51, 'unit': 'M', 'net_profit': 2.98}, {'period': ""Q2 '24"", 'revenue': 3.94, 'unit': 'M', 'net_profit': -1.55}]",0.95,0.77,543768670,6957985,4126365.0,170887069,2831620,535515870,85501148.0,0.0,16387760,2.683258988933737,7.693579538762668,6.3076923076923075,"[0.0882, 0.092]","['2026-06-15', '1988-09-16']",__nan__,0.31426427896259634
338,BKU,BankUnited Inc. Common Stock,"BankUnited, Inc. operates as the bank holding company for BankUnited, a national banking association that provides a range of banking services in the United States. The company offers deposit products, such as checking, money market deposit, and savings accounts; certificates of deposit; and treasury, commercial payment, and cash management services. Its loans portfolio includes commercial loans, including equipment loans, secured and unsecured lines of credit, formula-based loans, owner-occupied commercial real estate term loans and lines of credit, mortgage warehouse lines, letters of credit, commercial credit cards, small business administration and U.S. department of agriculture product offerings, export-import bank financing products, trade finance, and business acquisition finance credit facilities; commercial real estate loans; residential mortgages; and other consumer loans. The company also offers online, mobile, and telephone banking services. As of December 31, 2021, it operated through a network of 63 banking centers located in 13 Florida counties; and 4 banking centers in the New York metropolitan area. The company was formerly known as BU Financial Corporation. BankUnited, Inc. was incorporated in 2009 and is headquartered in Miami Lakes, Florida.",Rajinder Singh,Banks - Regional,44.51,USD,3344595435,https://images.financialmodelingprep.com/symbol/BKU.png,907428,2011-01-28,,,,393129000,268367000,"[{'period': '2025', 'revenue': 2140.0, 'unit': 'M', 'net_profit': 268.37}, {'period': '2024', 'revenue': 2020.0, 'unit': 'M', 'net_profit': 232.47}, {'period': '2023', 'revenue': 1940.0, 'unit': 'M', 'net_profit': 178.67}, {'period': '2022', 'revenue': 1310.0, 'unit': 'M', 'net_profit': 284.97}]","[{'period': ""Q4 '25"", 'revenue': 472.4, 'unit': 'M', 'net_profit': 69.26}, {'period': ""Q3 '25"", 'revenue': 722.47, 'unit': 'M', 'net_profit': 71.86}, {'period': ""Q2 '25"", 'revenue': 481.59, 'unit': 'M', 'net_profit': 68.77}, {'period': ""Q1 '25"", 'revenue': 465.96, 'unit': 'M', 'net_profit': 58.48}, {'period': ""Q4 '24"", 'revenue': 493.19, 'unit': 'M', 'net_profit': 69.3}, {'period': ""Q3 '24"", 'revenue': 515.24, 'unit': 'M', 'net_profit': 61.45}]",3.56,3.54,35039451000,24271666000,217784000.0,31985622000,24053882000,9404335000,1575374000.0,217784000.0,358614000,0.0442755026417079,0.15443052132130583,0.14838709677419354,"[0.33, 0.14]","['2026-04-10', '2011-03-30']",__nan__,0.912845980377946
339,BLD,TopBuild Corp. Common Stock,"TopBuild Corp., together with its subsidiaries, engages in the installation and distribution of insulation and other building products to the construction industry. The company operates in two segments, Installation and Specialty Distribution. It provides insulation products and accessories, glass and windows, rain gutters, afterpaint products, fireproofing products, garage doors, fireplaces, closet shelving, roofing materials, and other products; and insulation installation services. The company also offers various services and tools to assist builders in applying the principles of building science to new home construction, which include pre-construction plan reviews, diagnostic testing, and various inspection services; and home energy rating services. In addition, it distributes building and mechanical insulation, insulation accessories, and other building product materials for the residential, commercial, and industrial end markets. The company serves single-family homebuilders, single-family custom builders, multi-family builders, commercial general contractors, remodelers, and individual homeowners, as well as insulation contractors, gutter contractors, weatherization contractors, other contractors, dealers, metal building erectors, and modular home builders. It operates approximately 235 installation branches and 175 distribution centers in the United States and Canada. The company was formerly known as Masco SpinCo Corp. and changed its name to TopBuild Corp. in March 2015. TopBuild Corp. was incorporated in 2015 and is headquartered in Daytona Beach, Florida.",Robert Buck,Engineering & Construction,348.54,USD,9807741330,https://images.financialmodelingprep.com/symbol/BLD.png,324903,2015-06-17,,,,1084222000,521727000,"[{'period': '2025', 'revenue': 5410.0, 'unit': 'M', 'net_profit': 521.73}, {'period': '2024', 'revenue': 5330.0, 'unit': 'M', 'net_profit': 622.6}, {'period': '2023', 'revenue': 5190.0, 'unit': 'M', 'net_profit': 614.25}, {'period': '2022', 'revenue': 5010.0, 'unit': 'M', 'net_profit': 555.99}]","[{'period': ""Q4 '25"", 'revenue': 1490.0, 'unit': 'M', 'net_profit': 104.52}, {'period': ""Q3 '25"", 'revenue': 1390.0, 'unit': 'M', 'net_profit': 142.23}, {'period': ""Q2 '25"", 'revenue': 1300.0, 'unit': 'M', 'net_profit': 151.6}, {'period': ""Q1 '25"", 'revenue': 1230.0, 'unit': 'M', 'net_profit': 123.39}, {'period': ""Q4 '24"", 'revenue': 1310.0, 'unit': 'M', 'net_profit': 150.54}, {'period': ""Q3 '24"", 'revenue': 1370.0, 'unit': 'M', 'net_profit': 168.96}]",18.39,18.27,6733856000,1634795000,184742000.0,4417696000,894408000,0,844816000.0,184742000.0,696888000,0.028311666386879,-0.16202164464617846,-0.09897109260166582,__nan__,__nan__,__nan__,0.6560425408562345
340,BLE,BlackRock Municipal Income Trust II,"BlackRock Municipal Income Trust II is a closed ended fixed income mutual fund launched by BlackRock, Inc. It is managed by BlackRock Advisors, LLC. The fund invests in fixed income markets. It primarily invests long-term and short-term investments, and money market funds. The fund primarily in investment grade municipal bonds that are exempt from regular federal income tax. BlackRock Municipal Income Trust II was formed on July 30, 2002 and is domiciled in United States.",Charles Choon Sik Park,Asset Management - Income,10.54,USD,503043170,https://images.financialmodelingprep.com/symbol/BLE.png,124603,2002-07-30,,,,0,-35815699,"[{'period': '2025', 'revenue': 39.46, 'unit': 'M', 'net_profit': -35.82}, {'period': '2024', 'revenue': 27.87, 'unit': 'M', 'net_profit': 27.86}, {'period': '2023', 'revenue': -1.5, 'unit': 'M', 'net_profit': -2.94}, {'period': '2022', 'revenue': 42.06, 'unit': 'M', 'net_profit': -103.7}]","[{'period': ""Q4 '25"", 'revenue': 7.72, 'unit': 'M', 'net_profit': -35.14}, {'period': ""Q2 '25"", 'revenue': 18290.0, 'unit': 'K', 'net_profit': -671.95}, {'period': ""Q4 '24"", 'revenue': 18.92, 'unit': 'M', 'net_profit': 12.16}, {'period': ""Q2 '24"", 'revenue': 19.61, 'unit': 'M', 'net_profit': 15.7}, {'period': ""Q4 '23"", 'revenue': 2080.0, 'unit': 'K', 'net_profit': -8.76}, {'period': ""Q2 '23"", 'revenue': -3.58, 'unit': 'M', 'net_profit': -2.94}]",-0.75,-0.75,881455764,26090459,8559699.0,368236204,17530760,855364305,194136204.0,8559699.0,-54717488,0.0,-2.2855066130603703,-2.2931034482758625,"[0.054, 0.08375]","['2026-02-06', '2002-09-25']",__nan__,0.4177591423634959
341,BLK,BlackRock Inc. Common Stock,"BlackRock, Inc. is a publicly owned investment manager. The firm primarily provides its services to institutional, intermediary, and individual investors including corporate, public, union, and industry pension plans, insurance companies, third-party mutual funds, endowments, public institutions, governments, foundations, charities, sovereign wealth funds, corporations, official institutions, and banks. It also provides global risk management and advisory services. The firm manages separate client-focused equity, fixed income, and balanced portfolios. It also launches and manages open-end and closed-end mutual funds, offshore funds, unit trusts, and alternative investment vehicles including structured funds. The firm launches equity, fixed income, balanced, and real estate mutual funds. It also launches equity, fixed income, balanced, currency, commodity, and multi-asset exchange traded funds. The firm also launches and manages hedge funds. It invests in the public equity, fixed income, real estate, currency, commodity, and alternative markets across the globe. The firm primarily invests in growth and value stocks of small-cap, mid-cap, SMID-cap, large-cap, and multi-cap companies. It also invests in dividend-paying equity securities. The firm invests in investment grade municipal securities, government securities including securities issued or guaranteed by a government or a government agency or instrumentality, corporate bonds, and asset-backed and mortgage-backed securities. It employs fundamental and quantitative analysis with a focus on bottom-up and top-down approach to make its investments. The firm employs liquidity, asset allocation, balanced, real estate, and alternative strategies to make its investments. In real estate sector, it seeks to invest in Poland and Germany. The firm benchmarks the performance of its portfolios against various S&P, Russell, Barclays, MSCI, Citigroup, and Merrill Lynch indices. BlackRock, Inc. was founded in 1988 and is based in New York City with additional offices in Boston, Massachusetts; London, United Kingdom; Gurgaon, India; Hong Kong; Greenwich, Connecticut; Princeton, New Jersey; Edinburgh, United Kingdom; Sydney, Australia; Taipei, Taiwan; Singapore; Sao Paulo, Brazil; Philadelphia, Pennsylvania; Washington, District of Columbia; Toronto, Canada; Wilmington, Delaware; and San Francisco, California.",Laurence Douglas Fink,Asset Management,933.85,USD,145252463394,https://images.financialmodelingprep.com/symbol/BLK.png,834098,1999-10-01,,,,8474000000,5553000000,"[{'period': '2025', 'revenue': 24.22, 'unit': 'B', 'net_profit': 5.55}, {'period': '2024', 'revenue': 20.41, 'unit': 'B', 'net_profit': 6.37}, {'period': '2023', 'revenue': 17.86, 'unit': 'B', 'net_profit': 5.5}, {'period': '2022', 'revenue': 17.87, 'unit': 'B', 'net_profit': 5.18}]","[{'period': ""Q4 '25"", 'revenue': 7.01, 'unit': 'B', 'net_profit': 1.13}, {'period': ""Q3 '25"", 'revenue': 6.51, 'unit': 'B', 'net_profit': 1.32}, {'period': ""Q2 '25"", 'revenue': 5.42, 'unit': 'B', 'net_profit': 1.59}, {'period': ""Q1 '25"", 'revenue': 5.28, 'unit': 'B', 'net_profit': 1.51}, {'period': ""Q4 '24"", 'revenue': 5.68, 'unit': 'B', 'net_profit': 1.67}, {'period': ""Q3 '24"", 'revenue': 5.2, 'unit': 'B', 'net_profit': 1.63}]",35.84,35.42,169998000000,16626000000,11468000000.0,108456000000,5158000000,11084000000,237000000.0,11468000000.0,3749000000,0.03253320336298282,-0.1281205840791333,-0.15571260306242635,"[5.73, 0.2]","['2026-03-06', '2003-09-04']",__nan__,0.6379839762820739
342,BLL,Ball Corporation Common Stock,"Ball Corporation supplies aluminum packaging products for the beverage, personal care, and household products industries in the United States, Brazil, and internationally. It operates through four segments: Beverage Packaging, North and Central America; Beverage Packaging, Europe, Middle East and Africa; Beverage Packaging, South America; and Aerospace. The company manufactures and sells aluminum beverage containers to fillers of carbonated soft drinks, beer, energy drinks, and other beverages. It also develops spacecraft, sensors and instruments, radio frequency systems, and other technologies for the civil, commercial, and national security aerospace markets, as well as offers defense hardware, antenna and video tactical solutions, civil and operational space hardware, and systems engineering services. In addition, the company designs, manufactures, and tests satellites, remote sensors, and ground station control hardware and software; and provides launch vehicle integration and satellite operational services. Further, it offers target identification, warning, and attitude control systems and components; cryogenic systems and associated sensor cooling devices; star trackers; and fast-steering mirrors to the government agencies or their prime contractors. Additionally, the company manufactures and sells extruded aluminum aerosol containers, recloseable aluminum bottles, aluminum cups, and aluminum slugs. Ball Corporation was founded in 1880 and is headquartered in Westminster, Colorado.",John Hayes,Packaging & Containers,69.49,USD,21849392694,https://images.financialmodelingprep.com/symbol/BLL.png,2043978,1973-12-17,,,,2064000000,912000000,"[{'period': '2025', 'revenue': 13160.0, 'unit': 'M', 'net_profit': 912.0}, {'period': '2024', 'revenue': 11.79, 'unit': 'B', 'net_profit': 4.01}, {'period': '2021', 'revenue': 13810.0, 'unit': 'M', 'net_profit': 852.0}, {'period': '2020', 'revenue': 11780.0, 'unit': 'M', 'net_profit': 585.0}]","[{'period': ""Q4 '25"", 'revenue': 3350.0, 'unit': 'M', 'net_profit': 200.0}, {'period': ""Q3 '25"", 'revenue': 3380.0, 'unit': 'M', 'net_profit': 321.0}, {'period': ""Q2 '25"", 'revenue': 3340.0, 'unit': 'M', 'net_profit': 212.0}, {'period': ""Q1 '25"", 'revenue': 3100.0, 'unit': 'M', 'net_profit': 179.0}, {'period': ""Q4 '24"", 'revenue': 0.852, 'unit': 'B', 'net_profit': 3.1}, {'period': ""Q1 '22"", 'revenue': 3720.0, 'unit': 'M', 'net_profit': 441.0}]",3.3,3.3,19524000000,6113000000,1212000000.0,12478000000,2606000000,0,5487000000.0,1212000000.0,788000000,6.59349593495935,-0.7724550898203593,-0.7461538461538461,"[0.2, 0.36]","['2022-05-31', '1985-08-27']",__nan__,0.6391108379430445
343,BLUA,BlueRiver Acquisition Corp. Class A Ordinary Shares,"Blueriver Acquisition Corp. does not have significant operations. The company focuses on effecting a merger, capital stock exchange, asset acquisition, stock purchase, reorganization, or related business combination with one or more businesses. It intends to identify business opportunities in the field of technology, media, telecom, and entertainment industries. Blueriver Acquisition Corp. was incorporated in 2020 and is based in San Antonio, Texas.",John F. Gregg,Shell Companies,11.0,USD,105107310,https://images.financialmodelingprep.com/symbol/BLUA.png,6055,2021-03-22,,,,-7507490,-5276469,"[{'period': '2023', 'revenue': 0.0, 'unit': 'M', 'net_profit': -5.28}, {'period': '2022', 'revenue': 0.0, 'unit': 'M', 'net_profit': 18.2}, {'period': '2021', 'revenue': 0.0, 'unit': 'M', 'net_profit': 2.32}, {'period': '2020', 'revenue': 0.0, 'unit': 'K', 'net_profit': -13.67}]","[{'period': ""Q3 '24"", 'revenue': 0.0, 'unit': 'K', 'net_profit': -109.87}, {'period': ""Q2 '24"", 'revenue': 0.0, 'unit': 'M', 'net_profit': 1.11}, {'period': ""Q1 '24"", 'revenue': 0.0, 'unit': 'M', 'net_profit': -2.54}, {'period': ""Q4 '23"", 'revenue': 0.0, 'unit': 'K', 'net_profit': -819.07}, {'period': ""Q3 '23"", 'revenue': 0.0, 'unit': 'M', 'net_profit': -3.22}, {'period': ""Q2 '23"", 'revenue': 0.0, 'unit': 'K', 'net_profit': -224.02}]",-0.44,-0.44,20219293,39582,39582.0,5851390,0,0,5280408.0,39582.0,-704466,0.31430444576088423,-1.2898708695012522,-1.88,__nan__,__nan__,__nan__,0.2893963700906852
344,BLW,Blackrock Limited Duration Income Trust,"BlackRock Limited Duration Income Trust is a close ended fixed income mutual fund launched by BlackRock, Inc. It is managed by BlackRock Advisors, LLC. The fund invests in fixed income securities of the United States. It invests in securities of companies operating across diversified sectors. The fund primarily invests in investment grade corporate bonds, mortgage-related securities, asset-backed securities, US Government and agency securities, and senior, secured floating rate loans. It has an average portfolio duration of less than five years. The fund benchmarks the performance of its portfolio against the Lehman Brothers U.S. Aggregate Index. BlackRock Limited Duration Income Trust was formed on July 31, 2003 and is domiciled in the United States.",Charles Choon Sik Park,Asset Management - Income,12.19,USD,466054175,https://images.financialmodelingprep.com/symbol/BLW.png,101035,2003-07-29,,,,61316277,46884033,"[{'period': '2025', 'revenue': 57.29, 'unit': 'M', 'net_profit': 46.88}, {'period': '2024', 'revenue': 52.96, 'unit': 'M', 'net_profit': 45.02}, {'period': '2023', 'revenue': 57.29, 'unit': 'M', 'net_profit': 64.27}, {'period': '2022', 'revenue': 15.8, 'unit': 'M', 'net_profit': -66.02}]","[{'period': ""Q4 '25"", 'revenue': 29.73, 'unit': 'M', 'net_profit': 23.2}, {'period': ""Q2 '25"", 'revenue': 15.2, 'unit': 'M', 'net_profit': 11.84}, {'period': ""Q1 '25"", 'revenue': 15.2, 'unit': 'M', 'net_profit': 11.84}, {'period': ""Q4 '24"", 'revenue': 24.72, 'unit': 'M', 'net_profit': 27.6}, {'period': ""Q3 '24"", 'revenue': 16.11, 'unit': 'M', 'net_profit': 13.8}, {'period': ""Q2 '24"", 'revenue': 15.72, 'unit': 'M', 'net_profit': 8.71}]",1.22,1.22,851525335,19598127,6489291.0,308209513,13108836,829495430,292479010.0,2410049.0,38214120,0.36205578863431376,0.041463566716097126,-0.008130081300813016,"[0.1132, 0.125]","['2026-06-15', '2003-09-24']",__nan__,0.3619499036984026
345,BLX,Banco Latinoamericano de Comercio Exterior S.A.,"Banco Latinoamericano de Comercio Exterior, S. A., a multinational bank, primarily engages in the financing of foreign trade in Latin America and the Caribbean. The company operates through two segments, Commercial and Treasury. It offers short and medium-term bilateral loans, structured and syndicated credits, and loan commitments; financial guarantee contracts, such as issued and confirmed letters of credit, and stand-by letters of credit; and guarantees covering commercial risk and other assets, as well as co-financing arrangements, underwriting of syndicated credit facilities, structured trade financing in the form of factoring and vendor financing, and financial leasing. The company also provides treasury solutions, including term deposits and private placements. It primarily serves financial institutions, corporations, and sovereigns and state-owned entities. The company was formerly known as Banco Latinoamericano de Exportaciones, S.A. and changed its name to Banco Latinoamericano de Comercio Exterior, S. A. in June 2009. Banco Latinoamericano de Comercio Exterior, S. A. was founded in 1977 and is headquartered in Panama City, the Republic of Panama.",Jorge L. Salas,Banks - Regional,49.64,USD,1848107475,https://images.financialmodelingprep.com/symbol/BLX.png,154247,1992-09-24,,,,226900000,226900000,"[{'period': '2025', 'revenue': 339.6, 'unit': 'M', 'net_profit': 226.9}, {'period': '2024', 'revenue': 810.6, 'unit': 'M', 'net_profit': 205.87}, {'period': '2023', 'revenue': 683.41, 'unit': 'M', 'net_profit': 166.16}, {'period': '2022', 'revenue': 330.75, 'unit': 'M', 'net_profit': 92.04}]","[{'period': ""Q4 '25"", 'revenue': 88.8, 'unit': 'M', 'net_profit': 56.0}, {'period': ""Q3 '25"", 'revenue': 209.03, 'unit': 'M', 'net_profit': 54.97}, {'period': ""Q2 '25"", 'revenue': 216.73, 'unit': 'M', 'net_profit': 64.2}, {'period': ""Q1 '25"", 'revenue': 202.11, 'unit': 'M', 'net_profit': 51.73}, {'period': ""Q4 '24"", 'revenue': 190.04, 'unit': 'M', 'net_profit': 51.49}, {'period': ""Q3 '24"", 'revenue': 209.63, 'unit': 'M', 'net_profit': 52.99}]",6.11,6.11,12786393000,1925300000,1925300000.0,11107646000,0,10640495000,130508999.0,1923731000.0,0,0.08338585534483088,0.10213578273984447,0.09107142857142869,"[0.6875, 0.4]","['2026-02-25', '1993-02-08']",__nan__,0.8687083214163681
346,BMA,Banco Macro S.A.  ADR (representing Ten Class B Common Shares),"Banco Macro S.A. provides various banking products and services to retail and corporate customers in Argentina. It offers various retail banking products and services, such as savings and checking accounts, time deposits, credit and debit cards, consumer finance loans, mortgage loans, automobile loans, overdrafts, credit-related services, home and car insurance coverage, tax collection, utility payments, automated teller machines (ATMs), and money transfers. The company also provides personal loans, document discounts, residential mortgages, overdrafts, pledged loans, and credit card loans to retail customers. In addition, it offers corporate banking products and services, including deposits, lending, check cashing advances and factoring, guaranteed loans, credit lines for financing foreign trade, and cash management services; and trust, payroll, and financial agency services, as well as corporate credit cards and other specialty products; and working capital facilities, credit for investment projects, and leasing and foreign trade transactions. Further, the company provides transaction services, such as cash management, collection services, payments to suppliers, payroll services, foreign exchange transactions, and foreign trade services; information services comprising Datanet and Interpymes services to corporate customers; and Internet and mobile banking services. Additionally, it offers short-term and medium-to-long-term corporate lending products. As of December 31, 2021, it operated through a network of 466 branches, 1,779 ATMs, 955 self-service terminals, and various service points. The company was incorporated in 1966 and is headquartered in Buenos Aires, Argentina.",Juan Martin Parma,Banks - Regional,69.26,USD,4428577278,https://images.financialmodelingprep.com/symbol/BMA.png,325283,2006-03-27,,,,474796967,232442532,"[{'period': '2025', 'revenue': 4010.0, 'unit': 'M', 'net_profit': 232.44}, {'period': '2024', 'revenue': 6460.0, 'unit': 'B', 'net_profit': 325.5}, {'period': '2023', 'revenue': 9.69, 'unit': 'T', 'net_profit': 1.27}, {'period': '2022', 'revenue': 5370.0, 'unit': 'B', 'net_profit': 276.45}]","[{'period': ""Q4 '25"", 'revenue': 1230.0, 'unit': 'M', 'net_profit': 79.44}, {'period': ""Q3 '25"", 'revenue': 1440.0, 'unit': 'B', 'net_profit': -33.1}, {'period': ""Q2 '25"", 'revenue': 1410.0, 'unit': 'B', 'net_profit': 149.14}, {'period': ""Q1 '25"", 'revenue': 1150.0, 'unit': 'B', 'net_profit': 44.85}, {'period': ""Q4 '24"", 'revenue': 1500.0, 'unit': 'B', 'net_profit': 130.52}, {'period': ""Q3 '24"", 'revenue': 1110.0, 'unit': 'B', 'net_profit': 90.87}]",3.6,3.6,16020608415,2472380000,2472380000.0,12412584858,0,11864589000,61666000.0,2472380211.0,0,-0.9990468893163238,-0.9992858954611928,-0.9992928142065768,"[0.40065, 0.312]","['2026-03-20', '2006-05-17']",__nan__,0.7747886058046441
347,BME,Blackrock Health Sciences Trust,"BlackRock Health Sciences Trust is a closed-ended equity mutual fund launched by BlackRock, Inc. The fund is managed by BlackRock Advisors, LLC. It invests in the public equity markets of the United States. The fund seeks to invest in stocks of companies operating in the health sciences and related sectors, which include businesses involved in researching, developing, producing, distributing or delivering medical, dental, optical, pharmaceutical or biotechnology products, supplies, equipment, or services. It also invests through equity derivatives, with an emphasis on option writing. The fund benchmarks the performance of its portfolio against the Russell 3000 Healthcare Index. BlackRock Health Sciences Trust was formed on March 31, 2005 and is domiciled in the United States.",Charles Choon Sik Park,Asset Management,37.67,USD,486850960,https://images.financialmodelingprep.com/symbol/BME.png,37801,2005-03-29,,,,77014905,76969217,"[{'period': '2025', 'revenue': 36.16, 'unit': 'M', 'net_profit': 76.97}, {'period': '2024', 'revenue': 24.07, 'unit': 'M', 'net_profit': 23.45}, {'period': '2023', 'revenue': 34.9, 'unit': 'M', 'net_profit': 20.02}, {'period': '2022', 'revenue': -25.97, 'unit': 'M', 'net_profit': -26.47}]","[{'period': ""Q4 '25"", 'revenue': 22.75, 'unit': 'M', 'net_profit': 80.53}, {'period': ""Q2 '25"", 'revenue': 3.96, 'unit': 'M', 'net_profit': -3.56}, {'period': ""Q4 '24"", 'revenue': 36.71, 'unit': 'M', 'net_profit': -22.49}, {'period': ""Q2 '24"", 'revenue': -0.38386000000000003, 'unit': 'M', 'net_profit': 45.95}, {'period': ""Q4 '23"", 'revenue': 18.29, 'unit': 'M', 'net_profit': 8.71}, {'period': ""Q2 '23"", 'revenue': 16.61, 'unit': 'M', 'net_profit': 11.31}]",5.92,5.92,570137528,5343819,4915681.0,1833288,428138,564777912,0.0,548.0,-4351160,2.2765875099895307,2.2815994875587657,2.344632768361582,"[0.2621, 0.38438]","['2026-06-15', '2005-06-13']",__nan__,0.0032155189054666124
348,BMEZ,BlackRock Health Sciences Trust II Common Shares of Beneficial Interest,"BlackRock Health Sciences Term Trust is a closed-end management investment company, which investment objectives are to provide total return and income through a combination of current income, current gains and long-term capital appreciation. The company was founded on August 14, 2019 and is headquartered in Wilmington, DE.",Xiang Liu,Asset Management,13.76,USD,1393270410,https://images.financialmodelingprep.com/symbol/BMEZ.png,282757,2020-01-29,,,,23504608,23454787,"[{'period': '2024', 'revenue': 24.07, 'unit': 'M', 'net_profit': 23.45}, {'period': '2023', 'revenue': 8.19, 'unit': 'M', 'net_profit': 20.02}, {'period': '2022', 'revenue': -25.97, 'unit': 'M', 'net_profit': -26.47}, {'period': '2021', 'revenue': 59.66, 'unit': 'M', 'net_profit': 59.12}]","[{'period': ""Q4 '24"", 'revenue': 24.46, 'unit': 'M', 'net_profit': -22.49}, {'period': ""Q2 '24"", 'revenue': -0.38386000000000003, 'unit': 'M', 'net_profit': 45.95}, {'period': ""Q4 '23"", 'revenue': 18.29, 'unit': 'M', 'net_profit': 8.71}, {'period': ""Q2 '23"", 'revenue': 16.61, 'unit': 'M', 'net_profit': 11.31}]",1.77,1.77,774594735,26558801,26558801.0,6027720,1195480,773327916,0.0,71339.0,65521160,0.1737867596642889,0.17174231446462204,0.2291666666666667,"[0.11, 0.1]","['2026-06-15', '2020-04-14']",__nan__,0.007781772490359103
349,BMI,Badger Meter Inc. Common Stock,"Badger Meter, Inc. manufactures and markets flow measurement, quality, control, and communication solutions in the United States, Asia, Canada, Europe, Mexico, the Middle East, and internationally. It offers mechanical or static water meters, and related radio and software technologies and services to municipal water utilities. The company also provides flow instrumentation products, including meters, valves, and other sensing instruments to measure and control fluids going through a pipe or pipeline, including water, air, steam, oil, and other liquids and gases to original equipment manufacturers as the primary flow measurement device within a product or system, as well as through manufacturers' representatives. Its flow instrumentation products are used in water/wastewater, heating, ventilating and air conditioning, and corporate sustainability markets. In addition, the company offers ORION Migratable for automatic meter reading; ORION (SE) for traditional fixed network applications; and ORION Cellular for infrastructure-free fixed network meter reading solution, as well as BEACON advanced metering analytics, a secure cloud-hosted software suite that establishes alerts for specific conditions and allows consumer engagement tools that permit end water customers to view and manage their water usage activity. It also serves water utilities, industrial, and other industries. The company sells its products directly, as well as through resellers and representatives. Badger Meter, Inc. was incorporated in 1905 and is headquartered in Milwaukee, Wisconsin.",Kenneth C. Bockhorst,"Hardware, Equipment & Parts",145.81,USD,4254969096,https://images.financialmodelingprep.com/symbol/BMI.png,391103,1983-10-27,,,,223241000,141634000,"[{'period': '2025', 'revenue': 916.66, 'unit': 'M', 'net_profit': 141.63}, {'period': '2024', 'revenue': 826.56, 'unit': 'M', 'net_profit': 124.94}, {'period': '2023', 'revenue': 703.59, 'unit': 'M', 'net_profit': 92.6}, {'period': '2022', 'revenue': 565.57, 'unit': 'M', 'net_profit': 66.5}]","[{'period': ""Q4 '25"", 'revenue': 220.71, 'unit': 'M', 'net_profit': 33.58}, {'period': ""Q3 '25"", 'revenue': 235.65, 'unit': 'M', 'net_profit': 35.08}, {'period': ""Q2 '25"", 'revenue': 238.09, 'unit': 'M', 'net_profit': 34.58}, {'period': ""Q1 '25"", 'revenue': 222.21, 'unit': 'M', 'net_profit': 38.4}, {'period': ""Q4 '24"", 'revenue': 205.18, 'unit': 'M', 'net_profit': 30.72}, {'period': ""Q3 '24"", 'revenue': 208.44, 'unit': 'M', 'net_profit': 32.04}]",4.82,4.79,973577000,507077000,226016000.0,260283000,112356000,0,150716000.0,226016000.0,169672000,0.174204848491224,0.13359798946711274,0.13145539906103298,"[0.4, 1.6]","['2026-02-27', '1984-12-10']",__nan__,0.2673471127604699
350,BMO,Bank Of Montreal Common Stock,"Bank of Montreal provides diversified financial services primarily in North America. The company's personal banking products and services include checking and savings accounts, credit cards, mortgages, and financial and investment advice services; and commercial banking products and services comprise business deposit accounts, commercial credit cards, business loans and commercial mortgages, cash management solutions, foreign exchange, specialized banking programs, treasury and payment solutions, and risk management products for small business and commercial banking customers. It also offers investment and wealth advisory services; digital investing services; financial services and solutions; and investment management, and trust and custody services. In addition, the company provides life insurance, accident and sickness insurance, and annuity products; creditor and travel insurance to bank customers; and reinsurance solutions. Further, it offers client's debt and equity capital-raising services, as well as loan origination and syndication, and treasury management; strategic advice on mergers and acquisitions, restructurings, and recapitalizations, as well as valuation and fairness opinions; and trade finance, risk mitigation, and other operating services. Additionally, the company provides research and access to markets for institutional, corporate, and retail clients; trading solutions that include debt, foreign exchange, interest rate, credit, equity, securitization and commodities; new product development and origination services, as well as risk management advice and services to hedge against fluctuations; and funding and liquidity management services to its clients. It operates through approximately 900 bank branches and 3,300 automated banking machines in Canada and the United States. Bank of Montreal was founded in 1817 and is headquartered in Montreal, Canada.",William Darryl White,Banks - Diversified,131.76,USD,93048384960,https://images.financialmodelingprep.com/symbol/BMO.png,785888,1994-10-27,,,,13730000000,8709000000,"[{'period': '2025', 'revenue': 78.15, 'unit': 'B', 'net_profit': 8.71}, {'period': '2024', 'revenue': 78.56, 'unit': 'B', 'net_profit': 7.32}, {'period': '2023', 'revenue': 68.01, 'unit': 'B', 'net_profit': 4.42}, {'period': '2022', 'revenue': 37.27, 'unit': 'B', 'net_profit': 13.54}]","[{'period': ""Q1 '26"", 'revenue': 19.32, 'unit': 'B', 'net_profit': 2.49}, {'period': ""Q4 '25"", 'revenue': 19.28, 'unit': 'B', 'net_profit': 2.29}, {'period': ""Q3 '25"", 'revenue': 19.19, 'unit': 'B', 'net_profit': 2.33}, {'period': ""Q2 '25"", 'revenue': 19.24, 'unit': 'B', 'net_profit': 1.96}, {'period': ""Q1 '25"", 'revenue': 20.44, 'unit': 'B', 'net_profit': 2.13}, {'period': ""Q4 '24"", 'revenue': 19.74, 'unit': 'B', 'net_profit': 2.3}]",11.46,11.44,1476802000000,158336000000,104158000000.0,1388702000000,54178000000,947083000000,1125437000000.0,70322000000.0,8511000000,0.1790468012022327,0.19007925662749386,0.20251836306400856,"[1.20457, 0.03]","['2026-04-29', '1994-11-02']",__nan__,0.940344067789724
351,BMY,Bristol-Myers Squibb Company Common Stock,"Bristol-Myers Squibb Company discovers, develops, licenses, manufactures, and markets biopharmaceutical products worldwide. It offers products for hematology, oncology, cardiovascular, immunology, fibrotic, neuroscience, and covid-19 diseases. The company's products include Revlimid, an oral immunomodulatory drug for the treatment of multiple myeloma; Eliquis, an oral inhibitor for reduction in risk of stroke/systemic embolism in NVAF, and for the treatment of DVT/PE; Opdivo for anti-cancer indications; Pomalyst/Imnovid indicated for patients with multiple myeloma; and Orencia for adult patients with active RA and psoriatic arthritis. It also provides Sprycel for the treatment of Philadelphia chromosome-positive chronic myeloid leukemia; Yervoy for the treatment of patients with unresectable or metastatic melanoma; Abraxane, a protein-bound chemotherapy product; Reblozyl for the treatment of anemia in adult patients with beta thalassemia; and Empliciti for the treatment of multiple myeloma. In addition, the company offers Zeposia to treat relapsing forms of multiple sclerosis; Breyanzi, a CD19-directed genetically modified autologous T cell immunotherapy for the treatment of adult patients with relapsed or refractory large B-cell lymphoma; Inrebic, an oral kinase inhibitor indicated for the treatment of adult patients with myelofibrosis; and Onureg for the treatment of adult patients with AML. It sells products to wholesalers, distributors, pharmacies, retailers, hospitals, clinics, and government agencies. The company was formerly known as Bristol-Myers Company. The company was founded in 1887 and is headquartered in New York, New York.",Christopher S. Boerner,Drug Manufacturers - General,58.54,USD,119214953800,https://images.financialmodelingprep.com/symbol/BMY.png,13487738,1972-06-01,,,,14545000000,7053000000,"[{'period': '2025', 'revenue': 48.19, 'unit': 'B', 'net_profit': 7.05}, {'period': '2024', 'revenue': 48.3, 'unit': 'B', 'net_profit': -8.95}, {'period': '2023', 'revenue': 45.01, 'unit': 'B', 'net_profit': 8.03}, {'period': '2022', 'revenue': 46.16, 'unit': 'B', 'net_profit': 6.33}]","[{'period': ""Q4 '25"", 'revenue': 12.5, 'unit': 'B', 'net_profit': 1.09}, {'period': ""Q3 '25"", 'revenue': 12.22, 'unit': 'B', 'net_profit': 2.2}, {'period': ""Q2 '25"", 'revenue': 12.27, 'unit': 'B', 'net_profit': 1.31}, {'period': ""Q1 '25"", 'revenue': 11.2, 'unit': 'B', 'net_profit': 2.46}, {'period': ""Q4 '24"", 'revenue': 12340.0, 'unit': 'M', 'net_profit': 72.0}, {'period': ""Q3 '24"", 'revenue': 11.89, 'unit': 'B', 'net_profit': 1.21}]",3.46,3.45,90038000000,29390000000,10673000000.0,71532000000,14525000000,2507000000,23417000000.0,10209000000.0,12845000000,3.5912247474747474,1.7882208314707198,1.784580498866213,"[0.63, 0.3]","['2026-04-02', '1972-07-26']",__nan__,0.7944645594082499
352,BNED,Barnes & Noble Education Inc Common Stock,"Barnes & Noble Education, Inc. operates bookstores for college and university campuses, and K-12 institutions in the United States. It operates through three segments: Retail, Wholesale, and Digital Student Solutions. The company sells and rents new and used print textbooks, digital textbooks, and publisher hosted digital courseware through physical and virtual bookstores, as well as directly to students through Textbooks.com. It also offers First Day and First Day Complete access programs; BNC OER+, a turnkey solution for colleges and universities, that offers digital content, such as videos, activities, and auto-graded practice assessments; and general merchandise, including collegiate and athletic apparel, school spirit products, lifestyle products, technology products, supplies, graduation products, and convenience items. In addition, the company sources, sells, and distributes new and used textbooks; and sells hardware and a software suite of applications that provides inventory management and point-of-sale solutions to approximately 350 college bookstores. Further, it offers direct-to-student subscription-based writing services; and bartleby, a direct-to-student subscription-based offering that includes textbook solutions, expert questions and answers, and writing and tutoring services. The company operates 805 physical college and university bookstores; 622 virtual bookstores; 8 True Spirit e-commerce websites; pop-up retail locations; 73 customized cafés and 11 stand-alone convenience stores; and a media channel for brands targeting the college demographic. Barnes & Noble Education, Inc. was founded in 1965 and is headquartered in Basking Ridge, New Jersey.",Jonathan Shar,Specialty Retail,8.72,USD,299061992,https://images.financialmodelingprep.com/symbol/BNED.png,315866,2015-07-23,,,,-6184000,-65825000,"[{'period': '2025', 'revenue': 1610.0, 'unit': 'M', 'net_profit': -65.83}, {'period': '2024', 'revenue': 1570.0, 'unit': 'M', 'net_profit': -75.75}, {'period': '2023', 'revenue': 1540.0, 'unit': 'M', 'net_profit': -101.86}, {'period': '2022', 'revenue': 1500.0, 'unit': 'M', 'net_profit': -68.86}]","[{'period': ""Q3 '26"", 'revenue': 515.09, 'unit': 'M', 'net_profit': 6.66}, {'period': ""Q2 '26"", 'revenue': 644.41, 'unit': 'M', 'net_profit': 25.0}, {'period': ""Q1 '26"", 'revenue': 288.16, 'unit': 'M', 'net_profit': -18.27}, {'period': ""Q4 '25"", 'revenue': 278.29, 'unit': 'M', 'net_profit': -23.19}, {'period': ""Q3 '25"", 'revenue': 466.32, 'unit': 'M', 'net_profit': 7.11}, {'period': ""Q2 '25"", 'revenue': 602.12, 'unit': 'M', 'net_profit': 43.16}]",-2.5,-2.5,790285000,465385000,9058000.0,518097000,97084000,0,279225000.0,9058000.0,-98307000,-0.18740399385560677,0.13101163051657447,0.8934810396250532,__nan__,__nan__,__nan__,0.6555824797383223
353,BNL,Broadstone Net Lease Inc. Common Stock,"BNL is an internally-managed REIT that acquires, owns, and manages primarily single-tenant commercial real estate properties that are net leased on a long-term basis to a diversified group of tenants. The Company utilizes an investment strategy underpinned by strong fundamental credit analysis and prudent real estate underwriting. As of September 30, 2020, BNL's diversified portfolio consisted of 627 properties in 41 U.S. states and one property in Canada across the industrial, healthcare, restaurant, office, and retail property types, with an aggregate gross asset value of approximately $4.0 billion.",John D. Moragne,REIT - Diversified,18.46,USD,3533668580,https://images.financialmodelingprep.com/symbol/BNL.png,1796433,2020-09-17,,,,377209000,102912000,"[{'period': '2025', 'revenue': 459.14, 'unit': 'M', 'net_profit': 102.91}, {'period': '2024', 'revenue': 438.77, 'unit': 'M', 'net_profit': 156.24}, {'period': '2023', 'revenue': 448.09, 'unit': 'M', 'net_profit': 157.16}, {'period': '2022', 'revenue': 408.94, 'unit': 'M', 'net_profit': 116.42}]","[{'period': ""Q4 '25"", 'revenue': 119.4, 'unit': 'M', 'net_profit': 33.13}, {'period': ""Q3 '25"", 'revenue': 114.93, 'unit': 'M', 'net_profit': 25.15}, {'period': ""Q2 '25"", 'revenue': 113.04, 'unit': 'M', 'net_profit': 23.61}, {'period': ""Q1 '25"", 'revenue': 111.78, 'unit': 'M', 'net_profit': 17.23}, {'period': ""Q4 '24"", 'revenue': 112.89, 'unit': 'M', 'net_profit': 21.69}, {'period': ""Q3 '24"", 'revenue': 109.83, 'unit': 'M', 'net_profit': 36.55}]",0.51,0.5,5717267000,4856450000,4852046000.0,2683806000,4404000,0,16843000.0,30540000.0,269790000,-0.1082866841916145,-0.34132104454685097,-0.4069767441860465,"[0.2925, 0.135]","['2026-03-31', '2020-09-29']",__nan__,0.46942114125507867
354,BNS,Bank Nova Scotia Halifax Pfd 3 Ordinary Shares,"The Bank of Nova Scotia provides various banking products and services in Canada, the United States, Mexico, Peru, Chile, Colombia, the Caribbean and Central America, and internationally. It operates in four segments: Canadian Banking, International Banking, Global Wealth Management, and Global Banking and Markets. The company offers financial advice and solutions, and day-to-day banking products, including debit and credit cards, chequing and saving accounts, investments, mortgages, loans, and insurance to individuals; and business banking solutions comprising lending, deposit, cash management, and trade finance solutions to small, medium, and large businesses, including automotive financing solutions to dealers and their customers. It also provides wealth management advice and solutions, including online brokerage, mobile investment, full-service brokerage, trust, private banking, and private investment counsel services; and retail mutual funds, exchange traded funds, liquid alternative funds, and institutional funds. In addition, the company offers international banking services for retail, corporate, and commercial customers; and lending and transaction, investment banking advisory, and capital markets access services to corporate customers. Further, it provides online, mobile, and telephone banking services. The company operates a network of 954 branches and approximately 3,766 automated banking machines in Canada; and approximately 1,300 branches and a network of contact and support center internationally. The Bank of Nova Scotia was founded in 1832 and is headquartered in Halifax, Canada.",L. Scott Thomson,Banks - Diversified,67.71,USD,83759038450,https://images.financialmodelingprep.com/symbol/BNS.png,2022644,2002-06-07,,,,12113000000,7789000000,"[{'period': '2025', 'revenue': 73.18, 'unit': 'B', 'net_profit': 7.79}, {'period': '2024', 'revenue': 29.48, 'unit': 'B', 'net_profit': 7.76}, {'period': '2023', 'revenue': 31.79, 'unit': 'B', 'net_profit': 7.41}, {'period': '2022', 'revenue': 31.15, 'unit': 'B', 'net_profit': 9.92}]","[{'period': ""Q1 '26"", 'revenue': 17.22, 'unit': 'B', 'net_profit': 2.29}, {'period': ""Q4 '25"", 'revenue': 18.21, 'unit': 'B', 'net_profit': 2.22}, {'period': ""Q3 '25"", 'revenue': 17.96, 'unit': 'B', 'net_profit': 2.45}, {'period': ""Q2 '25"", 'revenue': 17.95, 'unit': 'B', 'net_profit': 1.98}, {'period': ""Q1 '25"", 'revenue': 19.07, 'unit': 'B', 'net_profit': 1.15}, {'period': ""Q4 '24"", 'revenue': 18.89, 'unit': 'B', 'net_profit': 1.64}]",5.69,5.69,1460042000000,123064000000,108099000000.0,1371455000000,14965000000,967275000000,1066659000000.0,65967000000.0,5060000000,0.14749905267146646,0.003995875225573602,-0.04208754208754208,"[0.79343, 0.37]","['2026-04-07', '2002-06-28']",__nan__,0.9393257180272896
355,BNY,BlackRock New York Municipal Income Trust,"BlackRock New York Municipal Income Trust is a closed ended fixed income mutual fund launched by BlackRock, Inc. It is managed by BlackRock Advisors, LLC. The fund invests in fixed income markets. It invests primarily in the investment grade municipal bonds exempt from federal income taxes and New York State and New York City personal income taxes. BlackRock New York Municipal Income Trust was formed on July 26, 2001 and is domiciled in United States.",Charles Choon Sik Park,Asset Management - Income,10.2,USD,245994471,https://images.financialmodelingprep.com/symbol/BNY.png,68785,2001-07-27,,,,0,-23487720,"[{'period': '2025', 'revenue': 20.4, 'unit': 'M', 'net_profit': -23.49}, {'period': '2024', 'revenue': 11.31, 'unit': 'M', 'net_profit': 10.75}, {'period': '2023', 'revenue': 19.59, 'unit': 'M', 'net_profit': -1.46}, {'period': '2022', 'revenue': 20.16, 'unit': 'M', 'net_profit': -53.14}]","[{'period': ""Q4 '25"", 'revenue': 10.24, 'unit': 'M', 'net_profit': -20.49}, {'period': ""Q2 '25"", 'revenue': 7.97, 'unit': 'M', 'net_profit': -3.0}, {'period': ""Q4 '24"", 'revenue': 8.84, 'unit': 'M', 'net_profit': 3.03}, {'period': ""Q2 '24"", 'revenue': 9.87, 'unit': 'M', 'net_profit': 7.73}, {'period': ""Q4 '23"", 'revenue': 9770.0, 'unit': 'K', 'net_profit': -759.43}, {'period': ""Q2 '23"", 'revenue': 9810.0, 'unit': 'K', 'net_profit': -700.44}]",-0.97,-0.97,435809645,9996107,104118.0,183117131,9136612,425813538,51404145.0,104118.0,19683382,-1.0,-3.1842820212512493,-3.1555555555555554,"[0.051, 0.0731]","['2026-02-06', '2001-09-27']",__nan__,0.42017686643901603
356,BOAC,Bluescape Opportunities Acquisition Corp. Class A Ordinary Shares,"Bluescape Opportunities Acquisition Corp. does not have significant operations. The company focuses on effecting a merger, share exchange, asset acquisition, share purchase, reorganization, or similar business combination with one or more businesses or entities. It intends to focus on businesses in the energy and industrials sectors. Bluescape Opportunities Acquisition Corp. was incorporated in 2020 and is based in Dallas, Texas.",C. John Wilder,Shell Companies,10.021,USD,226343325,https://images.financialmodelingprep.com/symbol/BOAC.png,9220,2020-12-18,,,,,,[],[],,,,,,,,,,,,,,,__nan__,__nan__,__nan__,__nan__
357,BOAS,BOA Acquisition Corp. Class A Common Stock,"BOA Acquisition Corp. intends to acquire assets and businesses through a merger, capital stock exchange, stock purchase, reorganization, or similar business combination with one or more businesses that focus on technology businesses in the real estate industry. The company was founded in 2020 and is based in Washington, the District of Columbia.",Brian D. Friedman,Shell Companies,9.13,USD,0,https://images.financialmodelingprep.com/symbol/BOAS.png,137885,2021-04-06,,,,5024000,11109000,"[{'period': '2021', 'revenue': 0.0, 'unit': 'M', 'net_profit': 11.11}]","[{'period': ""Q2 '22"", 'revenue': 0.0, 'unit': 'M', 'net_profit': 1.54}, {'period': ""Q1 '22"", 'revenue': 0.0, 'unit': 'M', 'net_profit': 7.36}, {'period': ""Q4 '21"", 'revenue': 0.0, 'unit': 'K', 'net_profit': 531.93}, {'period': ""Q3 '21"", 'revenue': 0.0, 'unit': 'M', 'net_profit': 3.46}, {'period': ""Q2 '21"", 'revenue': 0.0, 'unit': 'M', 'net_profit': 2.47}, {'period': ""Q1 '21"", 'revenue': 0.0, 'unit': 'M', 'net_profit': -1.05}]",0.44,0.44,231075593,1040886,760576.0,16309201,0,0,375793.0,760576.0,-1001339,0.0,0.0,0.0,__nan__,__nan__,__nan__,0.07057950512324337
358,BOE,Blackrock Enhanced Global Dividend Trust Common Shares of Beneficial Interest,"BlackRock Enhanced Global Dividend Trust is a closed ended equity mutual fund launched by BlackRock, Inc. The fund is co-managed by BlackRock Advisors, LLC and BlackRock International Limited. It invests in public equity markets across the globe. The fund seeks to invest in stocks of companies operating across diversified sectors. It invests in stocks of companies across all market capitalizations. The fund also invests through derivatives, with an emphasis on options on equity securities or indices. It benchmarks the performance of its portfolio against the S&P Global Broad Market Index. The fund was formerly known as BlackRock Global Opportunities Equity Trust. BlackRock Enhanced Global Dividend Trust was formed on May 31, 2005 and is domiciled in the United States.",Charles Choon Sik Park,Asset Management - Global,10.64,USD,591585330,https://images.financialmodelingprep.com/symbol/BOE.png,169103,2005-05-26,,,,102506154,102504919,"[{'period': '2025', 'revenue': 84.22, 'unit': 'M', 'net_profit': 102.5}, {'period': '2024', 'revenue': 38.82, 'unit': 'M', 'net_profit': 62.4}, {'period': '2023', 'revenue': 16.53, 'unit': 'M', 'net_profit': 96.98}, {'period': '2022', 'revenue': 35.08, 'unit': 'M', 'net_profit': -108.68}]","[{'period': ""Q4 '25"", 'revenue': 64.97, 'unit': 'M', 'net_profit': 53.26}, {'period': ""Q2 '25"", 'revenue': 8.42, 'unit': 'M', 'net_profit': 49.24}, {'period': ""Q4 '24"", 'revenue': 22.71, 'unit': 'M', 'net_profit': 18.61}, {'period': ""Q2 '24"", 'revenue': 16.11, 'unit': 'M', 'net_profit': 43.79}, {'period': ""Q4 '23"", 'revenue': -4.67, 'unit': 'M', 'net_profit': 35.48}, {'period': ""Q2 '23"", 'revenue': 12.31, 'unit': 'M', 'net_profit': 61.5}]",1.83,1.83,727206291,7107732,5512204.0,10702959,1595528,720097983,11013.0,6373.0,-5302830,0.6410716063339832,0.6427647689605501,0.7941176470588236,"[0.0827, 0.56875]","['2026-06-15', '2005-08-11']",__nan__,0.014717913104522359
359,BOH,Bank of Hawaii Corporation Common Stock,"Bank of Hawaii Corporation operates as the bank holding company for Bank of Hawaii that provides various financial products and services in Hawaii, Guam, and other Pacific Islands. It operates in three segments: Consumer Banking, Commercial Banking, and Treasury and Other. The Consumer Banking segment offers checking, savings, and time deposit accounts; residential mortgage loans, home equity lines of credit, automobile loans and leases, personal lines of credit, installment loans, small business loans and leases, and credit cards; private and international client banking, investment, credit, and trust services to individuals and families, and high-net-worth individuals; investment management; institutional investment advisory services to corporations, government entities, and foundations; and brokerage offerings, including equities, mutual funds, life insurance, and annuity products. This segment operates 54 branch locations and 307 ATMs throughout Hawaii and the Pacific Islands, and a customer service center, as well as through online and mobile banking. The Commercial Banking segment provides corporate banking, commercial real estate loans, commercial lease financing, auto dealer financing, and deposit products. It offers commercial lending and deposit products to middle-market and large companies, and government entities; commercial real estate mortgages to investors, developers, and builders; and international banking and merchant services. The Treasury and Other segment offers corporate asset and liability management services, including interest rate risk management and foreign exchange services. Bank of Hawaii Corporation was founded in 1897 and is headquartered in Honolulu, Hawaii.",Peter S.,Banks - Regional,72.69,USD,2887648121,https://images.financialmodelingprep.com/symbol/BOH.png,432279,1980-03-17,,,,312733000,205902000,"[{'period': '2025', 'revenue': 1080.0, 'unit': 'M', 'net_profit': 205.9}, {'period': '2024', 'revenue': 1030.0, 'unit': 'M', 'net_profit': 149.99}, {'period': '2023', 'revenue': 965.77, 'unit': 'M', 'net_profit': 171.2}, {'period': '2022', 'revenue': 754.91, 'unit': 'M', 'net_profit': 225.8}]","[{'period': ""Q4 '25"", 'revenue': 271.56, 'unit': 'M', 'net_profit': 60.94}, {'period': ""Q3 '25"", 'revenue': 295.13, 'unit': 'M', 'net_profit': 53.34}, {'period': ""Q2 '25"", 'revenue': 260.25, 'unit': 'M', 'net_profit': 47.64}, {'period': ""Q1 '25"", 'revenue': 256.6, 'unit': 'M', 'net_profit': 43.98}, {'period': ""Q4 '24"", 'revenue': 260.5, 'unit': 'M', 'net_profit': 39.16}, {'period': ""Q3 '24"", 'revenue': 264.06, 'unit': 'M', 'net_profit': 40.36}]",4.66,4.62,24176364000,1016419000,946520000.0,22325152000,69899000,0,92402000.0,946520000.0,184283000,0.3634255121570542,0.3727349093963759,0.339080459770115,"[0.7, 0.6207]","['2026-02-27', '1985-02-08']",__nan__,0.9234288497641746
360,BOOT,Boot Barn Holdings Inc. Common Stock,"Boot Barn Holdings, Inc., a lifestyle retail chain, operates specialty retail stores in the United States. The company's specialty retail stores offer western and work-related footwear, apparel, and accessories for men, women, and kids. It offers boots, shirts, jackets, hats, belts and belt buckles, handbags, western-style jewelry, rugged footwear, outerwear, overalls, denim, and flame-resistant and high-visibility clothing. The company also provides gifts and home merchandise. As of May 10, 2022, it operated 304 stores in 38 states. The company also sells its products through e-commerce websites, including bootbarn.com; sheplers.com; and countryoutfitter.com. The company was formerly known as WW Top Investment Corporation and changed its name to Boot Barn Holdings, Inc. in June 2014. Boot Barn Holdings, Inc. was founded in 1978 and is based in Irvine, California.",John Hazen,Apparel - Retail,149.23,USD,4549072254,https://images.financialmodelingprep.com/symbol/BOOT.png,650091,2014-10-30,,,,304096000,180942000,"[{'period': '2025', 'revenue': 1910.0, 'unit': 'M', 'net_profit': 180.94}, {'period': '2024', 'revenue': 1670.0, 'unit': 'M', 'net_profit': 147.0}, {'period': '2023', 'revenue': 1660.0, 'unit': 'M', 'net_profit': 170.55}, {'period': '2022', 'revenue': 1490.0, 'unit': 'M', 'net_profit': 192.45}]","[{'period': ""Q3 '26"", 'revenue': 705.64, 'unit': 'M', 'net_profit': 85.81}, {'period': ""Q2 '26"", 'revenue': 505.4, 'unit': 'M', 'net_profit': 42.22}, {'period': ""Q1 '26"", 'revenue': 504.07, 'unit': 'M', 'net_profit': 53.41}, {'period': ""Q4 '25"", 'revenue': 453.75, 'unit': 'M', 'net_profit': 37.54}, {'period': ""Q3 '25"", 'revenue': 608.17, 'unit': 'M', 'net_profit': 75.07}, {'period': ""Q2 '25"", 'revenue': 425.8, 'unit': 'M', 'net_profit': 29.43}]",5.93,5.88,2018021000,863960000,69770000.0,886964000,18664000,0,353349000.0,69770000.0,-753000,0.2203134091775517,0.2309314539171134,0.21765913757700198,"[0.0052, 0.0052]","['2012-05-18', '2009-08-19']",__nan__,0.4395216898139316
361,BORR,Borr Drilling Limited Common Shares,"Borr Drilling Limited operates as an offshore drilling contractor to the oil and gas industry worldwide. It owns, contracts, and operates jack-up rigs for operations in shallow-water areas, including the provision of related equipment and work crews to conduct oil and gas drilling and workover operations for exploration and production. The company serves oil and gas exploration and production companies, such as integrated oil companies, state-owned national oil companies, and independent oil and gas companies. As of December 31, 2021, it operated a fleet of 23 jack-up drilling rigs. The company was formerly known as Magni Drilling Limited and changed its name to Borr Drilling Limited in December 2016. Borr Drilling Limited was incorporated in 2016 and is based in Hamilton, Bermuda.",Bruno Morand,Oil & Gas Drilling,6.05,USD,1522905353,https://images.financialmodelingprep.com/symbol/BORR.png,6695959,2019-07-30,,,,469800000,45000000,"[{'period': '2025', 'revenue': 1020.0, 'unit': 'M', 'net_profit': 45.0}, {'period': '2024', 'revenue': 1010.0, 'unit': 'M', 'net_profit': 82.1}, {'period': '2023', 'revenue': 771.6, 'unit': 'M', 'net_profit': 22.1}, {'period': '2022', 'revenue': 443.8, 'unit': 'M', 'net_profit': -292.8}]","[{'period': ""Q4 '25"", 'revenue': 259.4, 'unit': 'M', 'net_profit': -1.0}, {'period': ""Q3 '25"", 'revenue': 277.1, 'unit': 'M', 'net_profit': 30.8}, {'period': ""Q2 '25"", 'revenue': 267.7, 'unit': 'M', 'net_profit': 35.1}, {'period': ""Q1 '25"", 'revenue': 216.6, 'unit': 'M', 'net_profit': -16.9}, {'period': ""Q4 '24"", 'revenue': 263.1, 'unit': 'M', 'net_profit': 26.3}, {'period': ""Q3 '24"", 'revenue': 241.6, 'unit': 'M', 'net_profit': 9.7}]",0.17,0.17,3625600000,739100000,380700000.0,2403000000,327000000,11800000,350700000.0,380700000.0,127400000,-0.006765327695560253,-0.4518879415347138,-0.48484848484848486,"[0.02, 0.05]","['2025-03-03', '2024-01-02']",__nan__,0.6627868490732568
362,BOX,Box Inc. Class A Common Stock,"Box, Inc. provides a cloud content management platform that enables organizations of various sizes to manage and share their content from anywhere on any device. The company's Software-as-a-Service platform enables users to collaborate on content internally and with external parties, automate content-driven business processes, develop custom applications, and implement data protection, security, and compliance features to comply with legal and regulatory requirements, internal policies, and industry standards and regulations. It offers web, mobile, and desktop applications for cloud content management on a platform for developing custom applications, as well as industry-specific capabilities. As of January 31, 2022, the company had approximately 100,000 paying organizations, and its solution was offered in 25 languages. It serves financial services, health care, government, and legal services industries in the United States and internationally. The company was formerly known as Box.net, Inc. and changed its name to Box, Inc. in November 2011. Box, Inc. was incorporated in 2005 and is headquartered in San Francisco Bay Area, California.",Aaron Levie,Software - Infrastructure,23.07,USD,3304265715,https://images.financialmodelingprep.com/symbol/BOX.png,2654679,2015-01-23,,,,140666000,101309000,"[{'period': '2026', 'revenue': 1180.0, 'unit': 'M', 'net_profit': 101.31}, {'period': '2025', 'revenue': 1090.0, 'unit': 'M', 'net_profit': 244.62}, {'period': '2024', 'revenue': 1040.0, 'unit': 'M', 'net_profit': 129.03}, {'period': '2023', 'revenue': 990.87, 'unit': 'M', 'net_profit': 26.78}]","[{'period': ""Q4 '26"", 'revenue': 305.88, 'unit': 'M', 'net_profit': 68.49}, {'period': ""Q3 '26"", 'revenue': 301.11, 'unit': 'M', 'net_profit': 11.18}, {'period': ""Q2 '26"", 'revenue': 294.0, 'unit': 'M', 'net_profit': 13.45}, {'period': ""Q1 '26"", 'revenue': 276.27, 'unit': 'M', 'net_profit': 8.19}, {'period': ""Q4 '25"", 'revenue': 279.52, 'unit': 'M', 'net_profit': 194.01}, {'period': ""Q3 '25"", 'revenue': 275.91, 'unit': 'M', 'net_profit': 12.89}]",0.6,0.59,1546060000,845171000,478062000.0,1845338000,325136000,0,802667000.0,375130000.0,350376000,0.2411194833153929,-0.5858532178349365,-0.5714285714285714,"[0.3, 0.2]","['2012-12-05', '2010-12-30']",__nan__,1.1935746348783358
363,BP,BP p.l.c. Common Stock,"BP p.l.c. provides carbon products and services. The company operates through Gas & Low Carbon Energy, Oil Production & Operations, and Customers & Products segments. It engages in the production of natural gas, and integrated gas and power; trading of gas; operation of onshore and offshore wind power, as well as hydrogen and carbon capture and storage facilities; trading and marketing of renewable and non-renewable power; and production of crude oil. In addition, the company involved in convenience and retail fuel, EV charging, Castrol lubricant, aviation, B2B, and midstream businesses; refining and oil trading; and bioenergy business. The company was founded in 1908 and is headquartered in London, the United Kingdom.",Carol-Lee Howle,Oil & Gas Integrated,46.68,USD,122418533400,https://images.financialmodelingprep.com/symbol/BP.png,11522172,1977-01-03,,,,31069000000,55000000,"[{'period': '2025', 'revenue': 189340.0, 'unit': 'M', 'net_profit': 55.0}, {'period': '2024', 'revenue': 189190.0, 'unit': 'M', 'net_profit': 381.0}, {'period': '2023', 'revenue': 210.13, 'unit': 'B', 'net_profit': 15.24}, {'period': '2022', 'revenue': 241.39, 'unit': 'B', 'net_profit': -2.49}]","[{'period': ""Q4 '25"", 'revenue': 47.38, 'unit': 'B', 'net_profit': -3.42}, {'period': ""Q3 '25"", 'revenue': 48.42, 'unit': 'B', 'net_profit': 1.16}, {'period': ""Q2 '25"", 'revenue': 46.63, 'unit': 'B', 'net_profit': 1.63}, {'period': ""Q1 '25"", 'revenue': 46910.0, 'unit': 'M', 'net_profit': 687.0}, {'period': ""Q4 '24"", 'revenue': 45.75, 'unit': 'B', 'net_profit': -1.96}, {'period': ""Q3 '24"", 'revenue': 47250.0, 'unit': 'M', 'net_profit': 206.0}]",0.021,0.0204,278526000000,101786000000,36714000000.0,204526000000,27624000000,46906000000,80581000000.0,36556000000.0,11298341000,0.08111211636161181,-0.8556430446194225,-0.849999939999976,"[0.4942, 1.35]","['2026-02-20', '1970-05-11']",__nan__,0.7343156473722381
364,BPMP,BP Midstream Partners LP Common Units representing Limited Partner Interests,"BP Midstream Partners LP owns, acquires, develops, and operates pipelines and other midstream assets in the United States. Its assets consist of interests in entities that own crude oil, natural gas, refined products, and diluent pipelines, as well as refined product terminals to transport onshore crude oil production to refinery in Whiting, Indiana as well as offshore crude oil and natural gas production to refining markets, and trading and distribution hubs. BP Midstream Partners GP LLC serves as a general partner of BP Midstream Partners LP. The company was incorporated in 2017 and is based in Houston, Texas.",Robert P. Zinsmeister,Oil & Gas Midstream,17.11,USD,0,https://images.financialmodelingprep.com/symbol/BPMP.png,750825,2017-10-26,,,,283800000,279800000,"[{'period': '2021', 'revenue': 119.0, 'unit': 'M', 'net_profit': 279.8}, {'period': '2020', 'revenue': 128.9, 'unit': 'M', 'net_profit': 168.4}, {'period': '2019', 'revenue': 128.47, 'unit': 'M', 'net_profit': 167.88}, {'period': '2018', 'revenue': 116.44, 'unit': 'M', 'net_profit': 133.06}]","[{'period': ""Q4 '21"", 'revenue': -21.8, 'unit': 'M', 'net_profit': 87.1}, {'period': ""Q3 '21"", 'revenue': 26.3, 'unit': 'M', 'net_profit': 29.2}, {'period': ""Q2 '21"", 'revenue': 29.3, 'unit': 'M', 'net_profit': 40.5}, {'period': ""Q1 '21"", 'revenue': 29.6, 'unit': 'M', 'net_profit': 42.0}, {'period': ""Q4 '20"", 'revenue': 33.0, 'unit': 'M', 'net_profit': 40.8}, {'period': ""Q3 '20"", 'revenue': 33.7, 'unit': 'M', 'net_profit': 45.3}]",2.67,2.67,738000000,149000000,136000000.0,487000000,11000000,504000000,17000000.0,136000000.0,0,0.4282838449924509,0.661520190023753,0.6583850931677018,"[0.3475, 0.17976]","['2022-01-28', '2018-01-31']",__nan__,0.6598915989159891
365,BPT,BP Prudhoe Bay Royalty Trust Common Stock,"BP Prudhoe Bay Royalty Trust operates as a grantor trust in the United States. The company holds overriding royalty interest in the Prudhoe Bay oil field located on the North Slope of Alaska. The Prudhoe Bay field extends approximately 12 miles by 27 miles and contains approximately 150,000 gross productive acres. BP Prudhoe Bay Royalty Trust was incorporated in 1989 and is based in Houston, Texas.",,Oil & Gas Refining & Marketing,0.502,USD,10742800,https://images.financialmodelingprep.com/symbol/BPT.png,231636,1989-05-23,,,,-1379000,-1143000,"[{'period': '2024', 'revenue': 0.23600000000000002, 'unit': 'M', 'net_profit': -1.14}, {'period': '2023', 'revenue': 6.64, 'unit': 'M', 'net_profit': 5.6}, {'period': '2022', 'revenue': 82.28, 'unit': 'M', 'net_profit': 80.89}, {'period': '2021', 'revenue': 9.42, 'unit': 'M', 'net_profit': 7.81}]","[{'period': ""Q2 '25"", 'revenue': 0.0, 'unit': 'K', 'net_profit': -552.0}, {'period': ""Q1 '25"", 'revenue': 0.0, 'unit': 'K', 'net_profit': -490.0}, {'period': ""Q4 '24"", 'revenue': 0.0, 'unit': 'K', 'net_profit': -106.0}, {'period': ""Q3 '24"", 'revenue': 0.0, 'unit': 'K', 'net_profit': -272.0}, {'period': ""Q2 '24"", 'revenue': 0.0, 'unit': 'K', 'net_profit': -494.0}, {'period': ""Q1 '24"", 'revenue': 0.0, 'unit': 'K', 'net_profit': -271.0}]",-0.0534,-0.0534,4159000,4159000,4159000.0,532000,0,0,532000.0,4159000.0,0,-1.2595520421607378,-1.2041071428571428,-1.2053846153846155,"[0.23, 0.27]","['2025-10-15', '1989-07-11']",__nan__,0.12791536427025726
366,BQ,Boqii Holding Limited American Depositary Shares representing Class A Ordinary Shares,"Boqii Holding Limited operates a pet-focused platform in the People's Republic of China. The company offers food, treats, shampoos, toys, cages, apparel, OTC veterinary drugs, and other pet products to pet parents, and small and medium pet businesses through e-commerce platforms and offline distribution network. It also operates Boqii Community, an interactive content platform; and provides online marketing and information services. The company was founded in 2008 and is headquartered in Shanghai, the People's Republic of China.",Hao Liang,Specialty Retail,0.8198,USD,2286993,https://images.financialmodelingprep.com/symbol/BQ.png,122330,2020-09-30,,,,-38140000,-54125000,"[{'period': '2025', 'revenue': 468.89, 'unit': 'M', 'net_profit': -54.12}, {'period': '2024', 'revenue': 709.35, 'unit': 'M', 'net_profit': -63.66}, {'period': '2023', 'revenue': 1090.0, 'unit': 'M', 'net_profit': -102.8}, {'period': '2022', 'revenue': 1190.0, 'unit': 'M', 'net_profit': -128.39}]","[{'period': ""Q4 '25"", 'revenue': 109.62, 'unit': 'M', 'net_profit': -13.4}, {'period': ""Q3 '25"", 'revenue': 109.62, 'unit': 'M', 'net_profit': -13.4}, {'period': ""Q2 '25"", 'revenue': 124.83, 'unit': 'M', 'net_profit': -13.66}, {'period': ""Q1 '25"", 'revenue': 124.83, 'unit': 'M', 'net_profit': -13.66}, {'period': ""Q4 '24"", 'revenue': 159.99, 'unit': 'M', 'net_profit': -13.31}, {'period': ""Q3 '24"", 'revenue': 159.99, 'unit': 'M', 'net_profit': -13.31}]",-44.85,-44.85,316166000,222322000,42659000.0,87791000,60972000,64986000,45872000.0,38659000.0,-70140000,0.0027715316634419284,0.149833500879618,0.6911157024793388,__nan__,__nan__,__nan__,0.27767375366105146
367,BR,Broadridge Financial Solutions Inc.Common Stock,"Broadridge Financial Solutions, Inc. provides investor communications and technology-driven solutions for the financial services industry. The company's Investor Communication Solutions segment processes and distributes proxy materials to investors in equity securities and mutual funds, as well as facilitates related vote processing services; and distributes regulatory reports, class action, and corporate action/reorganization event information, as well as tax reporting solutions. It also offers ProxyEdge, an electronic proxy delivery and voting solution; data-driven solutions and an end-to-end platform for content management, composition, and omni-channel distribution of regulatory, marketing, and transactional information, as well as mutual fund trade processing services; data and analytics solutions; solutions for public corporations and mutual funds; SEC filing and capital markets transaction services; registrar, stock transfer, and record-keeping services; and omni-channel customer communications solutions, as well as operates Broadridge Communications Cloud platform that creates, delivers, and manages communications and customer engagement activities. The company's Global Technology and Operations segment provides solutions that automate the front-to-back transaction lifecycle of equity, mutual fund, fixed income, foreign exchange and exchange-traded derivatives, order capture and execution, trade confirmation, margin, cash management, clearance and settlement, reference data management, reconciliations, securities financing and collateral management, asset servicing, compliance and regulatory reporting, portfolio accounting, and custody-related services. This segment also offers business process outsourcing services; technology solutions, such portfolio management, compliance, fee billing, and operational support solutions; and capital market and wealth management solutions. The company was founded in 1962 and is headquartered in Lake Success, New York.",Timothy C. Gokey,Information Technology Services,157.42,USD,18378582715,https://images.financialmodelingprep.com/symbol/BR.png,1302550,2007-03-22,,,,1692600000,839500000,"[{'period': '2025', 'revenue': 6890.0, 'unit': 'M', 'net_profit': 839.5}, {'period': '2024', 'revenue': 6510.0, 'unit': 'M', 'net_profit': 698.1}, {'period': '2023', 'revenue': 6060.0, 'unit': 'M', 'net_profit': 630.6}, {'period': '2022', 'revenue': 5710.0, 'unit': 'M', 'net_profit': 539.1}]","[{'period': ""Q2 '26"", 'revenue': 1710.0, 'unit': 'M', 'net_profit': 284.6}, {'period': ""Q1 '26"", 'revenue': 1590.0, 'unit': 'M', 'net_profit': 165.4}, {'period': ""Q4 '25"", 'revenue': 2070.0, 'unit': 'M', 'net_profit': 374.2}, {'period': ""Q3 '25"", 'revenue': 1810.0, 'unit': 'M', 'net_profit': 243.1}, {'period': ""Q2 '25"", 'revenue': 1590.0, 'unit': 'M', 'net_profit': 142.4}, {'period': ""Q1 '25"", 'revenue': 1420.0, 'unit': 'M', 'net_profit': 79.8}]",7.17,7.1,8545000000,1817100000,561500000.0,5889800000,1077100000,299200000,1861300000.0,561500000.0,1056400000,0.12427764862172036,0.20254977796877238,0.20910623946037105,"[0.975, 0.06]","['2026-03-16', '2007-06-13']",__nan__,0.6892685781158572
368,BRBR,BellRing Brands Inc. Class A Common Stock,"BellRing Brands, Inc., together with its subsidiaries, provides various nutrition products in the United States and internationally. It offers ready-to-drink shake and powder protein products primarily under the Premier Protein and Dymatize brands. The company sells its products through club, food, drug, mass, eCommerce, specialty, and convenience channels. BellRing Brands, Inc. was incorporated in 2019 and is headquartered in Saint Louis, Missouri.",Darcy Horn Davenport,Packaged Foods,15.35,USD,1817830013,https://images.financialmodelingprep.com/symbol/BRBR.png,3987133,2019-10-18,,,,376000000,216200000,"[{'period': '2025', 'revenue': 2320.0, 'unit': 'M', 'net_profit': 216.2}, {'period': '2024', 'revenue': 2000.0, 'unit': 'M', 'net_profit': 246.5}, {'period': '2023', 'revenue': 1670.0, 'unit': 'M', 'net_profit': 165.5}, {'period': '2022', 'revenue': 1370.0, 'unit': 'M', 'net_profit': 82.3}]","[{'period': ""Q1 '26"", 'revenue': 537.3, 'unit': 'M', 'net_profit': 43.7}, {'period': ""Q4 '25"", 'revenue': 648.2, 'unit': 'M', 'net_profit': 59.6}, {'period': ""Q3 '25"", 'revenue': 547.5, 'unit': 'M', 'net_profit': 21.0}, {'period': ""Q2 '25"", 'revenue': 588.0, 'unit': 'M', 'net_profit': 58.7}, {'period': ""Q1 '25"", 'revenue': 532.9, 'unit': 'M', 'net_profit': 76.9}, {'period': ""Q4 '24"", 'revenue': 555.8, 'unit': 'M', 'net_profit': 71.7}]",1.7,1.68,941000000,665500000,89100000.0,1394900000,223400000,0,282800000.0,89100000.0,255900000,-0.11362564827911363,-0.122920892494929,-0.10052910052910051,__nan__,__nan__,__nan__,1.4823591923485653
369,BRC,Brady Corporation Common Stock,"Brady Corporation manufactures and supplies identification solutions (IDS) and workplace safety (WPS) products to identify and protect premises, products, and people in the United States and internationally. The IDS segment offers safety signs, floor-marking tapes, pipe markers, labeling systems, spill control products, and lockout/tagout devices for facility identification and protection; materials, printing systems, RFID and bar code scanners for product identification, brand protection labeling, work in process labeling, and finished product identification; and hand-held printers, wire markers, sleeves, and tags for wire identification, as well as software and services for safety compliance auditing, procedure writing, and training. Its products also comprise name tags, badges, lanyards, rigid card printing systems, and access control software for people identification; wristbands and labels for tracking and enhancing the safety of patients; and custom wristbands. This segment serves customers in various industries, such as industrial and electronic manufacturing, healthcare, chemical, oil, gas, automotive, aerospace, governments, mass transit, electrical contractors, education, leisure and entertainment, telecommunications, and others through distributors, direct sales, catalog marketing, and digital channels. The WPS segment provides workplace safety and compliance products, such as safety and compliance signs, tags, labels, and markings; informational signage and markings; asset tracking labels; first aid products; facility safety and personal protection equipment; and labor law and other compliance posters for various industries, including process, government, education, construction, and utilities, as well as manufacturers through catalog and digital channels. It also offers stock and custom identification products, as well as sells related resale products. Brady Corporation was incorporated in 1914 and is headquartered in Milwaukee, Wisconsin.",Russell R. Shaller,Security & Protection Services,80.73,USD,3811883468,https://images.financialmodelingprep.com/symbol/BRC.png,210744,1986-10-31,,,,282483000,189256000,"[{'period': '2025', 'revenue': 1510.0, 'unit': 'M', 'net_profit': 189.26}, {'period': '2024', 'revenue': 1340.0, 'unit': 'M', 'net_profit': 197.22}, {'period': '2023', 'revenue': 1330.0, 'unit': 'M', 'net_profit': 174.86}, {'period': '2022', 'revenue': 1300.0, 'unit': 'M', 'net_profit': 149.98}]","[{'period': ""Q2 '26"", 'revenue': 384.14, 'unit': 'M', 'net_profit': 48.05}, {'period': ""Q1 '26"", 'revenue': 405.29, 'unit': 'M', 'net_profit': 53.94}, {'period': ""Q4 '25"", 'revenue': 397.27, 'unit': 'M', 'net_profit': 49.88}, {'period': ""Q3 '25"", 'revenue': 382.59, 'unit': 'M', 'net_profit': 52.26}, {'period': ""Q2 '25"", 'revenue': 356.68, 'unit': 'M', 'net_profit': 40.33}, {'period': ""Q1 '25"", 'revenue': 377.06, 'unit': 'M', 'net_profit': 46.78}]",3.96,3.92,1734253000,621835000,174349000.0,542042000,231944000,19998000,330332000.0,174349000.0,153619000,0.005850306224184589,-0.040356970818649696,-0.029411764705882377,"[0.245, 0.3024]","['2026-04-09', '1987-01-12']",__nan__,0.3125507062695005
370,BRFS,BRF S.A.,"BRF S.A. focuses on raising, producing, and slaughtering poultry and pork for processing, production, and sale of fresh meat, processed products, pasta, margarine, and other products. The company's product portfolio comprises meat products, including frozen whole and cut chicken, frozen pork, and beef; processed food products, such as marinated, frozen, whole and cut chicken, roosters, turkey meat, sausages, ham products, bologna, frankfurters, salamis, bacon, cold meats, other smoked products, chicken sausages, chicken hot dogs, and chicken bologna; and frozen processed meats comprising hamburgers, steaks, breaded meat products, kibbeh, and meatballs. It also produces and sells frozen prepared entrees, such as pastas and pizzas, including lasagna, macaroni, sandwiches, cheese breads, and other ready-to-eat meals; pies and pastries comprising chicken and heart-of-palm pies, sauces, and toppings; frozen desserts; plant-based products, such as nuggets, pies, vegetables, and hamburgers; and soy meal, refined soy flour, and animal feed, as well as sell frozen French fries, margarine, butter, and cream cheese. The company primarily sells its products under the Sadia, Perdigão, Qualy, Chester, Kidelli, Perdix, Biofresh, Gran Plus, and Banvit brands. It serves supermarkets, wholesalers, retail stores, food services, restaurants, and other institutional buyers. The company is also involved in the provision of consultancy, marketing, and logistics services; commercialization of electric energy; and import, industrialization, and commercialization of products. BRF S.A. operates primarily in Brazil, the Americas, Europe, the Middle East, Africa, Asia, and internationally. The company was formerly known as BRF-Brasil Foods S.A. and changed its name to BRF S.A. in April 2013. BRF S.A. was founded in 1934 and is headquartered in Itajaí, Brazil.",Miguel de Souza Gularte,Packaged Foods,3.38,USD,5413590162,https://images.financialmodelingprep.com/symbol/BRFS.png,2751132,2000-10-20,,,,9134950000,3213274000,"[{'period': '2024', 'revenue': 61.38, 'unit': 'B', 'net_profit': 3.21}, {'period': '2023', 'revenue': 53.62, 'unit': 'B', 'net_profit': -2.03}, {'period': '2022', 'revenue': 53.81, 'unit': 'B', 'net_profit': -3.09}, {'period': '2021', 'revenue': 48340.0, 'unit': 'M', 'net_profit': 419.45}]","[{'period': ""Q2 '25"", 'revenue': 15360.0, 'unit': 'M', 'net_profit': 740.62}, {'period': ""Q1 '25"", 'revenue': 15.51, 'unit': 'B', 'net_profit': 1.12}, {'period': ""Q4 '24"", 'revenue': 17550.0, 'unit': 'M', 'net_profit': 695.97}, {'period': ""Q3 '24"", 'revenue': 15.52, 'unit': 'B', 'net_profit': 1.02}, {'period': ""Q2 '24"", 'revenue': 14930.0, 'unit': 'M', 'net_profit': 987.75}, {'period': ""Q1 '24"", 'revenue': 13380.0, 'unit': 'M', 'net_profit': 504.99}]",1.94,1.94,62675076000,30830485000,12059444000.0,46175872000,6075013000,453094000,20820577000.0,11165364000.0,8512752000,1.2112124942056717,2.5840180147582594,2.3020134228187916,"[0.29853, 0.0823]","['2025-09-22', '2000-07-16']",__nan__,0.7367501556759182
371,BRK/A,Berkshire Hathaway Inc.,,,,,,,,,,,,,,,[],[],,,,,,,,,,,,,,,,,__nan__,__nan__
372,BRK/B,Berkshire Hathaway Inc.,,,,,,,,,,,,,,,[],[],,,,,,,,,,,,,,,,,__nan__,__nan__
373,BRMK,Broadmark Realty Capital Inc. Common Stock,"Broadmark Realty Capital Inc. operates as a commercial real estate finance company in the United States. It engages in underwriting, funding, servicing, and managing a portfolio of short-term trust loans to fund the construction and development, or investment in residential or commercial properties. The company has elected to be taxed as a real estate investment trust. As a result, it would not be subject to corporate income tax on that portion of its net income that is distributed to shareholders. The company was founded in 2010 and is headquartered in Seattle, Washington.",Jeffrey B. Pyatt,REIT - Mortgage,4.82,USD,635035000,https://images.financialmodelingprep.com/symbol/BRMK.png,1209436,2019-11-15,,,,34011000,-256434000,"[{'period': '2022', 'revenue': 108.88, 'unit': 'M', 'net_profit': -256.43}, {'period': '2021', 'revenue': 120.54, 'unit': 'M', 'net_profit': 82.49}, {'period': '2020', 'revenue': 122.36, 'unit': 'M', 'net_profit': 90.23}, {'period': '2019', 'revenue': 95.85, 'unit': 'M', 'net_profit': 81.75}]","[{'period': ""Q1 '23"", 'revenue': 24700.0, 'unit': 'K', 'net_profit': -691.0}, {'period': ""Q4 '22"", 'revenue': 21.07, 'unit': 'M', 'net_profit': -293.86}, {'period': ""Q3 '22"", 'revenue': 27.13, 'unit': 'M', 'net_profit': 1.93}, {'period': ""Q2 '22"", 'revenue': 28.52, 'unit': 'M', 'net_profit': 15.95}, {'period': ""Q1 '22"", 'revenue': 29.87, 'unit': 'M', 'net_profit': 18.07}, {'period': ""Q4 '21"", 'revenue': 31.3, 'unit': 'M', 'net_profit': 20.57}]",-1.93,-1.93,1051507000,951689000,54964000.0,123454000,896725000,0,18143000.0,54964000.0,57081000,-0.6087586706698416,-4.108743089903986,-4.112903225806451,"[0.035, 0.12]","['2023-05-23', '2019-12-30']",__nan__,0.11740673148157835
374,BRO,Brown & Brown Inc. Common Stock,"Brown & Brown, Inc. markets and sells insurance products and services in the United States, Bermuda, Canada, Ireland, the United Kingdom, and the Cayman Islands. It operates through four segments: Retail, National Programs, Wholesale Brokerage, and Services. The Retail segment offers property and casualty, employee benefits insurance products, personal insurance products, specialties insurance products, loss control survey and analysis, consultancy, and claims processing services. It serves commercial, public and quasi-public entities, professional, and individual customers. The National Programs segment offers professional liability and related package insurance products for dentistry, legal, eyecare, insurance, financial, physicians, real estate title professionals, as well as supplementary insurance products related to weddings, events, medical facilities, and cyber liabilities. This segment also offers outsourced product development, marketing, underwriting, actuarial, compliance, and claims and other administrative services to insurance carrier partners; and commercial and public entity-related programs, and flood insurance products. It serves through independent agents. The Wholesale Brokerage segment markets and sells excess and surplus commercial and personal lines insurance through independent agents and brokers. The Services segment offers third-party claims administration and medical utilization management services in the workers' compensation and all-lines liability arenas, Medicare Set-aside, Social Security disability, Medicare benefits advocacy, and claims adjusting services. The company was founded in 1939 and is headquartered in Daytona Beach, Florida.",J. Powell Brown,Insurance - Brokers,63.43,USD,21592842186,https://images.financialmodelingprep.com/symbol/BRO.png,3226150,1981-02-11,,,,2035000000,1054000000,"[{'period': '2025', 'revenue': 5.96, 'unit': 'B', 'net_profit': 1.05}, {'period': '2024', 'revenue': 4710.0, 'unit': 'M', 'net_profit': 993.0}, {'period': '2023', 'revenue': 4200.0, 'unit': 'M', 'net_profit': 870.5}, {'period': '2022', 'revenue': 3560.0, 'unit': 'M', 'net_profit': 671.8}]","[{'period': ""Q4 '25"", 'revenue': 1670.0, 'unit': 'M', 'net_profit': 264.0}, {'period': ""Q3 '25"", 'revenue': 1610.0, 'unit': 'M', 'net_profit': 227.0}, {'period': ""Q2 '25"", 'revenue': 1250.0, 'unit': 'M', 'net_profit': 231.0}, {'period': ""Q1 '25"", 'revenue': 1390.0, 'unit': 'M', 'net_profit': 331.0}, {'period': ""Q4 '24"", 'revenue': 1090.0, 'unit': 'M', 'net_profit': 210.0}, {'period': ""Q3 '24"", 'revenue': 1190.0, 'unit': 'M', 'net_profit': 234.0}]",3.4,3.16,29991000000,8614000000,1079000000.0,17418000000,3600000000,0,8294000000.0,1079000000.0,1382000000,0.17902665121668598,0.06143001007049345,-0.022988505747126457,"[0.165, 0.0804]","['2026-02-04', '1987-02-05']",__nan__,0.580774232269681
375,BRT,BRT Apartments Corp. (MD) Common Stock,"BRT is a real estate investment trust that owns, operates and develops multi-family properties.",Jeffrey Alan Gould,REIT - Residential,13.21,USD,250765430,https://images.financialmodelingprep.com/symbol/BRT.png,40474,1973-05-03,,,,38305000,-11946000,"[{'period': '2025', 'revenue': 97.03, 'unit': 'M', 'net_profit': -11.95}, {'period': '2024', 'revenue': 95.63, 'unit': 'M', 'net_profit': -9.79}, {'period': '2023', 'revenue': 93.62, 'unit': 'M', 'net_profit': 3.87}, {'period': '2022', 'revenue': 70.53, 'unit': 'M', 'net_profit': 49.95}]","[{'period': ""Q4 '25"", 'revenue': 25.25, 'unit': 'M', 'net_profit': -4.32}, {'period': ""Q3 '25"", 'revenue': 24.43, 'unit': 'M', 'net_profit': -2.71}, {'period': ""Q2 '25"", 'revenue': 23.73, 'unit': 'M', 'net_profit': -2.57}, {'period': ""Q1 '25"", 'revenue': 23.62, 'unit': 'M', 'net_profit': -2.35}, {'period': ""Q4 '24"", 'revenue': 24.38, 'unit': 'M', 'net_profit': -2.07}, {'period': ""Q3 '24"", 'revenue': 24.18, 'unit': 'M', 'net_profit': -2.21}]",-0.66,-0.66,709813000,27659000,25138000.0,532613000,17723000,668619000,31981000.0,25138000.0,10824000,-0.009182617692705638,-0.22010009192115207,-0.2692307692307693,"[0.25, 1.2]","['2026-03-27', '1986-08-25']",__nan__,0.7503567841107447
376,BRX,Brixmor Property Group Inc. Common Stock,"Brixmor (NYSE: BRX) is a real estate investment trust (REIT) that owns and operates a high-quality, national portfolio of open-air shopping centers. Its 395 retail centers comprise approximately 69 million square feet of prime retail space in established trade areas. The Company strives to own and operate shopping centers that reflect Brixmor's vision to be the center of the communities we serve and are home to a diverse mix of thriving national, regional and local retailers. Brixmor is a proud real estate partner to approximately 5,000 retailers including The TJX Companies, The Kroger Co., Publix Super Markets, Wal-Mart, Ross Stores and L.A. Fitness.",Brian T. Finnegan,REIT - Retail,28.38,USD,8701024200,https://images.financialmodelingprep.com/symbol/BRX.png,2960888,2013-10-30,,,,1025874000,386228000,"[{'period': '2025', 'revenue': 1370.0, 'unit': 'M', 'net_profit': 386.23}, {'period': '2024', 'revenue': 1290.0, 'unit': 'M', 'net_profit': 339.27}, {'period': '2023', 'revenue': 1250.0, 'unit': 'M', 'net_profit': 305.09}, {'period': '2022', 'revenue': 1220.0, 'unit': 'M', 'net_profit': 354.19}]","[{'period': ""Q4 '25"", 'revenue': 353.75, 'unit': 'M', 'net_profit': 137.12}, {'period': ""Q3 '25"", 'revenue': 340.84, 'unit': 'M', 'net_profit': 94.23}, {'period': ""Q2 '25"", 'revenue': 339.49, 'unit': 'M', 'net_profit': 85.14}, {'period': ""Q1 '25"", 'revenue': 337.51, 'unit': 'M', 'net_profit': 69.73}, {'period': ""Q4 '24"", 'revenue': 328.44, 'unit': 'M', 'net_profit': 83.4}, {'period': ""Q3 '24"", 'revenue': 320.68, 'unit': 'M', 'net_profit': 96.84}]",1.26,1.25,9133137000,676658000,361530000.0,6123081000,315128000,8220134000,613545000.0,361530000.0,652010000,0.09523992543766935,0.13839551512936446,0.1249999999999999,"[0.3075, 0.127]","['2026-04-02', '2014-01-02']",__nan__,0.670424740152261
377,BSA,BrightSphere Investment Group Inc. 5.125% Notes due 2031,,None,Asset Management,25.26,USD,0,https://images.financialmodelingprep.com/symbol/BSA.png,11985,2016-08-19,,,,181500000,80000000,"[{'period': '2025', 'revenue': 563.7, 'unit': 'M', 'net_profit': 80.0}, {'period': '2024', 'revenue': 505.6, 'unit': 'M', 'net_profit': 85.0}, {'period': '2020', 'revenue': 718.0, 'unit': 'M', 'net_profit': 315.0}, {'period': '2019', 'revenue': 819.0, 'unit': 'M', 'net_profit': 240.0}]","[{'period': ""Q4 '25"", 'revenue': 172.2, 'unit': 'M', 'net_profit': 33.0}, {'period': ""Q3 '25"", 'revenue': 144.2, 'unit': 'M', 'net_profit': 15.1}, {'period': ""Q2 '25"", 'revenue': 127.4, 'unit': 'M', 'net_profit': 19.1}, {'period': ""Q1 '25"", 'revenue': 119.9, 'unit': 'M', 'net_profit': 20.1}, {'period': ""Q4 '24"", 'revenue': -280.4, 'unit': 'M', 'net_profit': -731.28}, {'period': ""Q3 '21"", 'revenue': 117.0, 'unit': 'M', 'net_profit': 229.0}]",2.21,2.21,677000000,124400000,124400000.0,593000000,0,90400000,4099999.0,124400000.0,129800000,0.47560975609756095,-0.058823529411764705,-0.017777777777777795,"[0.32, 0.32]","['2021-10-08', '2019-01-10']",__nan__,0.8759231905465288
378,BSAC,Banco Santander - Chile ADS,"Banco Santander-Chile, together with its subsidiaries, provides commercial and retail banking products and services in Chile. It operates through Retail Banking, Middle-Market, Corporate Investment Banking, and Corporate Activities segments. The company offers debit and credit cards, checking accounts, and savings products; consumer, automobile, commercial, mortgage, and government-guaranteed loans; and Chilean peso and foreign currency denominated loans to finance various commercial transactions, trade, foreign currency forward contracts, and credit lines, as well as mortgage financing services. It also provides mutual funds, insurance and securities brokerage, foreign exchange, financial leasing, factoring, financial consulting and advisory, investment management, foreign trade, treasury, and transactional services, as well as specialized services to finance projects for the real estate industry. In addition, the company offers short-term financing and fund raising, and brokerage services, as well as derivatives, securitization, and other tailor-made products. It serves individuals, small to middle-sized entities, companies, and large corporations, as well as universities, government entities, and local and regional governments. As of December 31, 2021, the company operated 326 branches, which include 220 under the Santander brand name, 14 under the Select brand name, 7 specialized branches for the middle market, and 22 as auxiliary and payment centers, as well as 1,338 ATMs, including depository ATMs. Banco Santander-Chile was incorporated in 1977 and is headquartered in Santiago, Chile.",Andrés Trautmann Buc,Banks - Regional,31.54,USD,14858977098,https://images.financialmodelingprep.com/symbol/BSAC.png,359561,1994-10-31,,,,1258412981000,1053209000000,"[{'period': '2025', 'revenue': 2.31, 'unit': 'T', 'net_profit': 1.05}, {'period': '2024', 'revenue': 4900.0, 'unit': 'B', 'net_profit': 852.96}, {'period': '2023', 'revenue': 5220.0, 'unit': 'B', 'net_profit': 579.43}, {'period': '2022', 'revenue': 4720.0, 'unit': 'B', 'net_profit': 792.28}]","[{'period': ""Q4 '25"", 'revenue': 571.85, 'unit': 'B', 'net_profit': 255.34}, {'period': ""Q3 '25"", 'revenue': 1090.0, 'unit': 'B', 'net_profit': 247.51}, {'period': ""Q2 '25"", 'revenue': 1190.0, 'unit': 'B', 'net_profit': 272.56}, {'period': ""Q1 '25"", 'revenue': 1050.0, 'unit': 'B', 'net_profit': 277.8}, {'period': ""Q4 '24"", 'revenue': 1240.0, 'unit': 'B', 'net_profit': 271.86}, {'period': ""Q3 '24"", 'revenue': 558.45, 'unit': 'B', 'net_profit': 243.13}]",2236.0,2236.0,68094956000000,1975644000000,6635916000000.0,62410979000000,99436000000,56023051000000,32718108000000.0,5238567000000.0,624404587000,0.030615939821298413,0.23476371804671708,0.23399558498896236,"[1.32946, 1.312]","['2025-04-23', '1997-03-05']",__nan__,0.9165286632977632
379,BSBR,Banco Santander Brasil SA American Depositary Shares each representing one unit,"Banco Santander (Brasil) S.A., together with its subsidiaries, provides various banking products and services to individuals, small and medium enterprises, and corporate customers in Brazil and internationally. The company operates in two segments, Commercial Banking and Global Wholesale Banking. It offers deposits and other bank funding instruments; debit and credit cards; digital prepaid solutions; payment platform; loyalty programs; employee benefit vouchers; payroll loans; digital lending and online debt renegotiation services; mortgages; home equity financing products; consumer credit; and local loans, commercial and trade finance, guarantees, structured loans, and cash management and funding solutions, as well as on-lending transfer services. It also provides funding and financial advisory services related to projects, origination and distribution of fixed-income securities in the debt capital markets, financing of acquisitions and syndicated loans, other structured financing arrangements, and subordinated debt and energy efficiency transactions; advisory services for mergers and acquisitions, and equity capital markets transactions; and stock brokerage and advisory, equity, and equity research services. In addition, the company structures and offers foreign exchange, derivative, and investment products for institutional investors, and corporate and retail customers; and provides market making services. Further, it offers instant payment services; range of products and services focused on the agribusiness sector; microfinance services; and online automotive listing and digital car insurance solutions, as well as digital trading platform. Additionally, it provides its financial services and products to its customers through multichannel distribution network comprising branches, mini-branches, ATMs, call centers, Internet banking, and mobile banking. Banco Santander (Brasil) S.A. was incorporated in 1985 and is headquartered in São Paulo, Brazil.",Mario Roberto Opice Leao,Banks - Regional,5.61,USD,42017254020,https://images.financialmodelingprep.com/symbol/BSBR.png,1001555,2009-10-07,,,,19354777000,12766035000,"[{'period': '2025', 'revenue': 151.54, 'unit': 'B', 'net_profit': 12.77}, {'period': '2024', 'revenue': 129.02, 'unit': 'B', 'net_profit': 13.37}, {'period': '2023', 'revenue': 121.36, 'unit': 'B', 'net_profit': 9.45}, {'period': '2022', 'revenue': 110.9, 'unit': 'B', 'net_profit': 14.29}]","[{'period': ""Q4 '25"", 'revenue': 42.47, 'unit': 'B', 'net_profit': 3.9}, {'period': ""Q3 '25"", 'revenue': 44.88, 'unit': 'B', 'net_profit': 3.75}, {'period': ""Q2 '25"", 'revenue': 34.57, 'unit': 'B', 'net_profit': 1.93}, {'period': ""Q1 '25"", 'revenue': 35.94, 'unit': 'B', 'net_profit': 3.11}, {'period': ""Q4 '24"", 'revenue': 35.34, 'unit': 'B', 'net_profit': 3.06}, {'period': ""Q3 '24"", 'revenue': 33.69, 'unit': 'B', 'net_profit': 3.64}]",1.63,1.63,1270029465000,273189497000,271428564000.0,1143476321000,0,886351520000,800037820000.0,201981981000.0,1336266000,-0.11707678477765361,-0.04485209912741051,0.8735632183908045,"[0.067193, 0.13816]","['2026-01-22', '2009-12-29']",__nan__,0.9003541669798976
380,BSIG,BrightSphere Investment Group Inc. Common Stock,"BrightSphere Investment Group Inc. is a publically owned asset management holding company. The firm provides its services to individuals and institutions. It manages separate client focused portfolios through its subsidiaries. The firm also launches equity mutual funds for its clients. It invests in public equity, fixed income, and alternative investment markets through its subsidiaries. The firm was founded in 1980 is based Boston, Massachusetts. It was formally known as BrightSphere Investment Group plc. BrightSphere Investment Group Inc. was formed in 1980 and is based in Boston, Massachusetts.",Suren S. Rana,Asset Management,26.34,USD,982953486,https://images.financialmodelingprep.com/symbol/BSIG.png,205731,2014-10-09,,,,16600000,80000000,"[{'period': '2025', 'revenue': 563.7, 'unit': 'M', 'net_profit': 80.0}, {'period': '2024', 'revenue': 505.6, 'unit': 'M', 'net_profit': 85.0}, {'period': '2023', 'revenue': 426.6, 'unit': 'M', 'net_profit': 65.8}, {'period': '2022', 'revenue': 417.2, 'unit': 'M', 'net_profit': 100.6}]","[{'period': ""Q4 '25"", 'revenue': 172.2, 'unit': 'M', 'net_profit': 34.7}, {'period': ""Q3 '25"", 'revenue': 144.2, 'unit': 'M', 'net_profit': 15.1}, {'period': ""Q2 '25"", 'revenue': 127.4, 'unit': 'M', 'net_profit': 10.1}, {'period': ""Q1 '25"", 'revenue': 119.9, 'unit': 'M', 'net_profit': 20.1}, {'period': ""Q4 '24"", 'revenue': 167.8, 'unit': 'M', 'net_profit': 42.5}, {'period': ""Q3 '24"", 'revenue': 123.1, 'unit': 'M', 'net_profit': 16.9}]",2.21,2.21,677000000,124400000,124400000.0,593000000,0,90400000,4099999.0,124400000.0,129800000,-0.8985330073349633,-0.058823529411764705,-0.017777777777777795,"[0.01, 0.08]","['2024-12-13', '2015-03-11']",__nan__,0.8759231905465288
381,BSL,Blackstone Senior Floating Rate Term Fund Common Shares of Beneficial Interest,"Blackstone/GSO Senior Floating Rate Term Fund is a closed-ended fixed income mutual fund launched by The Blackstone Group L.P. It is managed by GSO / Blackstone Debt Funds Management LLC. The fund invests in the fixed income markets of the United States. It seeks to invest in stocks of companies operating across diversified sectors. The fund primarily invests in senior secured, floating rate loans that are issued by corporations, partnerships, and other business entities. It seeks to invest in securities that are rated below investment grade. The fund invests in securities across the maturity spectrum, while maintaining an average duration of less than one year. It employs fundamental analysis using a research-driven credit analysis approach while focusing on factors like companies which offer attractive risk / return characteristics to create its portfolio. The fund benchmarks the performance of its portfolio against the S&P/LSTA Leveraged Loan Index. Blackstone/GSO Senior Floating Rate Term Fund was formed on March 4, 2010 and is domiciled in the United States.",Robert W. Busch,Asset Management,12.79,USD,166525007,https://images.financialmodelingprep.com/symbol/BSL.png,55561,2010-05-26,,,,12304518,7439933,"[{'period': '2025', 'revenue': 19.79, 'unit': 'M', 'net_profit': 7.44}, {'period': '2024', 'revenue': 25.68, 'unit': 'M', 'net_profit': 18.56}, {'period': '2023', 'revenue': 20.97, 'unit': 'M', 'net_profit': 26.87}, {'period': '2022', 'revenue': 20.45, 'unit': 'M', 'net_profit': -19.14}]","[{'period': ""Q4 '25"", 'revenue': 8.75, 'unit': 'M', 'net_profit': 4.12}, {'period': ""Q2 '25"", 'revenue': 11.91, 'unit': 'M', 'net_profit': 3.32}, {'period': ""Q4 '24"", 'revenue': 11.02, 'unit': 'M', 'net_profit': 8.89}, {'period': ""Q2 '24"", 'revenue': 14.65, 'unit': 'M', 'net_profit': 9.67}, {'period': ""Q4 '23"", 'revenue': 13.8, 'unit': 'M', 'net_profit': 14.06}, {'period': ""Q2 '23"", 'revenue': 12.8, 'unit': 'M', 'net_profit': 12.81}]",0.57,0.57,282799746,5426577,2317613.0,98806841,3108964,277217721,88200000.0,0.0,11992810,-0.3369495650773795,-0.5990862208950276,-0.6013986013986015,"[0.084, 0.11]","['2026-05-21', '2010-08-16']",__nan__,0.3493880118265736
382,BSM,Black Stone Minerals L.P. Common units representing limited partner interests,"Black Stone Minerals, L.P., together with its subsidiaries, owns and manages oil and natural gas mineral interests. It owns mineral interests in approximately 16.8 million gross acres, nonparticipating royalty interests in 1.8 million gross acres, and overriding royalty interests in 1.7 million gross acres located in 41 states in the United States. As of December 31, 2021, the company had a total estimated proved oil and natural gas reserves of 59,824 barrels of oil equivalent. Black Stone Minerals, L.P. was founded in 1876 and is based in Houston, Texas.",H. Taylor DeWalch,Oil & Gas Exploration & Production,15.15,USD,3216856964,https://images.financialmodelingprep.com/symbol/BSM.png,412605,2015-04-30,,,,347123000,299932000,"[{'period': '2025', 'revenue': 422.33, 'unit': 'M', 'net_profit': 299.93}, {'period': '2024', 'revenue': 439.43, 'unit': 'M', 'net_profit': 271.33}, {'period': '2023', 'revenue': 501.1, 'unit': 'M', 'net_profit': 422.55}, {'period': '2022', 'revenue': 784.28, 'unit': 'M', 'net_profit': 476.48}]","[{'period': ""Q4 '25"", 'revenue': 95.18, 'unit': 'M', 'net_profit': 72.23}, {'period': ""Q3 '25"", 'revenue': 77.9, 'unit': 'M', 'net_profit': 91.73}, {'period': ""Q2 '25"", 'revenue': 106.71, 'unit': 'M', 'net_profit': 120.03}, {'period': ""Q1 '25"", 'revenue': 115.25, 'unit': 'M', 'net_profit': 15.95}, {'period': ""Q4 '24"", 'revenue': 104.29, 'unit': 'M', 'net_profit': 46.35}, {'period': ""Q3 '24"", 'revenue': 103.18, 'unit': 'M', 'net_profit': 92.73}]",1.28,1.28,1335554000,95636000,1478000.0,207098000,65572000,4128999,24623000.0,1478000.0,298409000,0.08601168222106116,0.10543036789692105,0.11304347826086968,"[0.3, 0.1615]","['2026-02-18', '2015-08-18']",__nan__,0.15506523884470413
383,BSMX,Banco Santander Mexico S.A. Institucion de Banca Multiple Grupo Financiero Santander Mexico,"Banco Santander México, S.A., Institución de Banca Múltiple, Grupo Financiero Santander México provides various banking products and services in Mexico. The company operates through Retail Banking and Corporate and Investment Banking segments. It offers various deposit products, such as current accounts, savings accounts, and time deposits, as well as certificates of interbank deposits; and payroll loans, personal loans, credit cards, mortgages, and insurance brokerage services. The company also provides cash management, working capital solutions, and trade finance; structured credit and debt products, project finance, and asset based finance; financial and strategic advisory services for mergers and acquisition; solutions and services for investing and hedging; and Internet and mobile banking services. It serves individuals, private banking clients, small and medium-sized enterprises, middle-market corporations, government institutions, and corporate and institutional customers. As of December 31, 2021, it operated through a network of 1,346 offices; 9,498 ATMs; and 2,540 contact center positions. The company was formerly known as Banco Santander (México), S.A., Institución de Banca Múltiple, Grupo Financiero Santander and changed its name to Banco Santander México, S.A., Institución de Banca Múltiple, Grupo Financiero Santander México in September 2012. The company was incorporated in 1932 and is headquartered in Mexico City, Mexico. Banco Santander México, S.A., Institución de Banca Múltiple, Grupo Financiero Santander México is a subsidiary of Grupo Financiero Santander México, S.A. de C.V.",Felipe Francisco García Ascencio,Banks - Regional,5.46,USD,7405179425,https://images.financialmodelingprep.com/symbol/BSMX.png,102298,2012-09-26,,,,104397000000,26476000000,"[{'period': '2022', 'revenue': 96.06, 'unit': 'B', 'net_profit': 26.48}, {'period': '2021', 'revenue': 86.59, 'unit': 'B', 'net_profit': 18.08}, {'period': '2020', 'revenue': 67.19, 'unit': 'B', 'net_profit': 18.97}, {'period': '2019', 'revenue': 68.0, 'unit': 'B', 'net_profit': 20.38}]","[{'period': ""Q1 '23"", 'revenue': 26.04, 'unit': 'B', 'net_profit': 7.63}, {'period': ""Q4 '22"", 'revenue': 25.89, 'unit': 'B', 'net_profit': 6.28}, {'period': ""Q3 '22"", 'revenue': 24.54, 'unit': 'B', 'net_profit': 8.19}, {'period': ""Q2 '22"", 'revenue': 23.21, 'unit': 'B', 'net_profit': 6.9}, {'period': ""Q1 '22"", 'revenue': 21.76, 'unit': 'B', 'net_profit': 5.11}, {'period': ""Q4 '21"", 'revenue': 22.56, 'unit': 'B', 'net_profit': 5.25}]",17.8,17.75,1844169000000,470796000000,93353000000.0,1677861000000,62840000000,471004000000,60684000000.0,93353000000.0,32433000000,2.918806306306306,0.46438053097345133,0.1596091205211727,"[0.327, 0.2178]","['2022-06-24', '2013-08-28']",__nan__,0.9098195447380365
384,BSN,Broadstone Acquisition Corp. Class A Ordinary Shares,"Broadstone Acquisition Corp. focuses on effecting a merger, share exchange, asset acquisition, share purchase, reorganization, or similar business combination with one or more businesses. The company was founded in 2020 and is based in London, the United Kingdom.",Marc Jonas,Shell Companies,10.68,USD,0,https://images.financialmodelingprep.com/symbol/BSN.png,175747,2020-11-02,,,,-236201,-236201,"[{'period': '2020', 'revenue': 0.0, 'unit': 'K', 'net_profit': -236.2}]","[{'period': ""Q3 '21"", 'revenue': 0.0, 'unit': 'K', 'net_profit': -137.98}, {'period': ""Q2 '21"", 'revenue': 0.0, 'unit': 'M', 'net_profit': -14.73}, {'period': ""Q4 '20"", 'revenue': 0.0, 'unit': 'K', 'net_profit': -236.2}, {'period': ""Q3 '20"", 'revenue': 0.0, 'unit': 'K', 'net_profit': -53.06}]",-0.0061,-0.0061,307104213,1792910,306916348.0,10841507,0,0,155902.0,1605045.0,,0.0,0.0,0.0,__nan__,__nan__,__nan__,0.03530237144613838
385,BST,BlackRock Science and Technology Trust Common Shares of Beneficial Interest,"BlackRock Science and Technology Trust is a closed ended equity mutual fund launched by BlackRock, Inc. The fund is managed by BlackRock Advisors, LLC. It invests directly and indirectly through derivative such as options in public equity markets of countries across the globe. The fund seeks to invest in stocks of companies operating across the science and technology sector. It invests in dividend paying and growth stocks of companies operating across all market capitalizations. BlackRock Science and Technology Trust was formed on 28 October, 2014 and is domiciled in the United States.",Steven Reid Menge,Asset Management,35.16,USD,1220755868,https://images.financialmodelingprep.com/symbol/BST.png,88418,2014-10-29,,,,250753986,250749040,"[{'period': '2025', 'revenue': 224.98, 'unit': 'M', 'net_profit': 250.75}, {'period': '2024', 'revenue': 274.17, 'unit': 'M', 'net_profit': 272.28}, {'period': '2023', 'revenue': 54.71, 'unit': 'M', 'net_profit': 290.15}, {'period': '2022', 'revenue': 55.57, 'unit': 'M', 'net_profit': -654.77}]","[{'period': ""Q4 '25"", 'revenue': 157.07, 'unit': 'M', 'net_profit': 161.59}, {'period': ""Q2 '25"", 'revenue': 67.91, 'unit': 'M', 'net_profit': 89.16}, {'period': ""Q4 '24"", 'revenue': 53.4, 'unit': 'M', 'net_profit': 76.54}, {'period': ""Q2 '24"", 'revenue': -0.07941, 'unit': 'M', 'net_profit': 195.74}, {'period': ""Q4 '23"", 'revenue': 72.27, 'unit': 'M', 'net_profit': 72.11}, {'period': ""Q2 '23"", 'revenue': -17.56, 'unit': 'M', 'net_profit': 218.04}]",7.22,7.22,1488128000,11622461,11067687.0,8377755,554774,1476467984,10913.0,19872.0,-43470660,-0.07920588408455309,-0.0790746955182498,-0.08142493638676852,"[0.25, 0.1]","['2026-06-15', '2014-12-18']",__nan__,0.005629727415921211
386,BSTZ,BlackRock Science and Technology Trust II Common Shares of Beneficial Interest,"BlackRock Science and Technology Term Trust is a closed-ended equity mutual fund launched by BlackRock, Inc. The fund is managed by BlackRock Advisors, LLC. It invests in public equity markets across the globe. The fund seeks to invest in stocks of companies operating in the science and technology sectors. It primarily invests in growth stocks of companies across all market capitalizations. BlackRock Science and Technology Term Trust was formed in June 2019 and is domiciled in the United States.",John M. Perlowski,Asset Management,21.47,USD,1475936901,https://images.financialmodelingprep.com/symbol/BSTZ.png,251296,2019-06-26,,,,314359596,314359050,"[{'period': '2025', 'revenue': 265.96, 'unit': 'M', 'net_profit': 314.36}, {'period': '2024', 'revenue': 274.17, 'unit': 'M', 'net_profit': 272.28}, {'period': '2023', 'revenue': -34.32, 'unit': 'M', 'net_profit': 290.15}, {'period': '2022', 'revenue': 55.57, 'unit': 'M', 'net_profit': -654.77}]","[{'period': ""Q4 '25"", 'revenue': 140.57, 'unit': 'M', 'net_profit': 286.52}, {'period': ""Q2 '25"", 'revenue': 125.39, 'unit': 'M', 'net_profit': 27.84}, {'period': ""Q4 '24"", 'revenue': 95.61, 'unit': 'M', 'net_profit': 76.54}, {'period': ""Q2 '24"", 'revenue': -0.07941, 'unit': 'M', 'net_profit': 195.74}, {'period': ""Q4 '23"", 'revenue': 72.27, 'unit': 'M', 'net_profit': 72.11}, {'period': ""Q2 '23"", 'revenue': -17.56, 'unit': 'M', 'net_profit': 218.04}]",4.57,4.57,1753109018,31906530,30347159.0,36007535,1559371,1721047608,17504892.0,722165.0,-47750320,0.15436037885498283,0.15454561197061306,-0.41857506361323155,"[0.1625, 0.1]","['2026-06-15', '2019-08-14']",__nan__,0.02053924463926293
387,BSX,Boston Scientific Corporation Common Stock,"Boston Scientific Corporation develops, manufactures, and markets medical devices for use in various interventional medical specialties worldwide. It operates through three segments: MedSurg, Rhythm and Neuro, and Cardiovascular. The company offers devices to diagnose and treat gastrointestinal and pulmonary conditions; devices to treat various urological and pelvic conditions; implantable cardioverter and implantable cardiac resynchronization therapy defibrillators; pacemakers and implantable cardiac resynchronization therapy pacemakers; and remote patient management systems. It also provides medical technologies to diagnose and treat rate and rhythm disorders of the heart comprising 3-D cardiac mapping and navigation solutions, ablation catheters, diagnostic catheters, mapping catheters, intracardiac ultrasound catheters, delivery sheaths, and other accessories; spinal cord stimulator systems for the management of chronic pain; indirect decompression systems; and deep brain stimulation systems. In addition, the company offers interventional cardiology products, including drug-eluting coronary stent systems used in the treatment of coronary artery disease; percutaneous coronary interventions products to treat atherosclerosis; intravascular catheter-directed ultrasound imaging catheters, fractional flow reserve devices, and systems for use in coronary arteries and heart chambers, as well as various peripheral vessels; and structural heart therapies. Further, it provides stents, balloon catheters, wires, and atherectomy systems to treat arterial diseases; thrombectomy and acoustic pulse thrombolysis systems, wires, and stents to treat venous diseases; and peripheral embolization devices, radioactive microspheres, ablation systems, cryotherapy ablation systems, and micro and drainage catheters to treat cancer. The company was incorporated in 1979 and is headquartered in Marlborough, Massachusetts.",Michael F. Mahoney,Medical - Devices,69.17,USD,102640671300,https://images.financialmodelingprep.com/symbol/BSX.png,14568910,1992-05-19,,,,3733000000,2886000000,"[{'period': '2025', 'revenue': 20.07, 'unit': 'B', 'net_profit': 2.89}, {'period': '2024', 'revenue': 16.75, 'unit': 'B', 'net_profit': 1.85}, {'period': '2023', 'revenue': 14.24, 'unit': 'B', 'net_profit': 1.59}, {'period': '2022', 'revenue': 12680.0, 'unit': 'M', 'net_profit': 698.0}]","[{'period': ""Q4 '25"", 'revenue': 5290.0, 'unit': 'M', 'net_profit': 668.0}, {'period': ""Q3 '25"", 'revenue': 5070.0, 'unit': 'M', 'net_profit': 755.0}, {'period': ""Q2 '25"", 'revenue': 5060.0, 'unit': 'M', 'net_profit': 793.0}, {'period': ""Q1 '25"", 'revenue': 4660.0, 'unit': 'M', 'net_profit': 674.0}, {'period': ""Q4 '24"", 'revenue': 4560.0, 'unit': 'M', 'net_profit': 566.0}, {'period': ""Q3 '24"", 'revenue': 4210.0, 'unit': 'M', 'net_profit': 469.0}]",1.96,1.94,43673000000,8794000000,2045000000.0,19201000000,2926000000,842000000,5439000000.0,2045000000.0,3658000000,-0.05205688166582021,0.5566343042071198,0.5555555555555555,__nan__,__nan__,__nan__,0.439653790671582
388,BTA,BlackRock Long-Term Municipal Advantage Trust BlackRock Long-Term Municipal Advantage Trust Common Shares of Beneficial Interest,"BlackRock Long-Term Municipal Advantage Trust is a closed ended fixed income mutual fund launched by BlackRock, Inc. It is managed by BlackRock Advisors, LLC. The fund invests in fixed income markets of the United States. It uses financial derivatives to invest in municipal obligations. The fund primarily invests in long-term municipal bonds with a maturity of more than ten years at the time of investment. BlackRock Long-Term Municipal Advantage Trust was formed on February 28, 2006 and is domiciled in United States.",Charles Choon Sik Park,Asset Management,9.72,USD,130635750,https://images.financialmodelingprep.com/symbol/BTA.png,44938,2006-02-27,,,,-5592204,-8684940,"[{'period': '2024', 'revenue': 10.5, 'unit': 'M', 'net_profit': -8.68}, {'period': '2023', 'revenue': 15.79, 'unit': 'M', 'net_profit': 11.93}, {'period': '2022', 'revenue': -3.14, 'unit': 'M', 'net_profit': -3.37}, {'period': '2021', 'revenue': -20.78, 'unit': 'M', 'net_profit': -21.04}]","[{'period': ""Q1 '25"", 'revenue': 4.76, 'unit': 'M', 'net_profit': -8.91}, {'period': ""Q4 '24"", 'revenue': 2.82, 'unit': 'M', 'net_profit': -12.66}, {'period': ""Q3 '24"", 'revenue': 2770.0, 'unit': 'K', 'net_profit': 114.22}, {'period': ""Q2 '24"", 'revenue': 2770.0, 'unit': 'K', 'net_profit': 114.22}, {'period': ""Q1 '24"", 'revenue': 2.68, 'unit': 'M', 'net_profit': 3.75}, {'period': ""Q4 '23"", 'revenue': 2.68, 'unit': 'M', 'net_profit': 3.75}]",-0.65,-0.65,211637273,2699681,3119565.0,83955239,2544751,208937592,83955239.0,0.0,5308100,-1.4688507731437788,-1.7281459749514378,-1.7303370786516854,"[0.0495, 0.06875]","['2026-02-06', '2006-04-24']",__nan__,0.39669401240111424
389,BTCM,BIT Mining Limited ADS,"BIT Mining Limited operates as a cryptocurrency mining company in the Mainland China, the United States, and Hong Kong. The company operates through Data Center and Cryptocurrency Mining segments. It operates a cryptocurrency mining data center in Ohio with power capacity of 82.5 megawatts; and purchases and deploys bitcoin mining machines. In addition, it engages in online gaming activities; and provision of technology services. The company was formerly known as 500.com Limited and changed its name to BIT Mining Limited in April 2021. BIT Mining Limited was founded in 2001 and is based in Akron, Ohio.",Xianfeng Yang,Information Technology Services,1.06,USD,1298500000,https://images.financialmodelingprep.com/symbol/BTCM.png,600286,2013-11-22,,,,6209000,-6616000,"[{'period': '2024', 'revenue': 32.92, 'unit': 'M', 'net_profit': -6.62}, {'period': '2023', 'revenue': 43.1, 'unit': 'M', 'net_profit': -28.71}, {'period': '2022', 'revenue': 57.02, 'unit': 'M', 'net_profit': -155.41}, {'period': '2021', 'revenue': 1330.0, 'unit': 'M', 'net_profit': -62.4}]","[{'period': ""Q2 '25"", 'revenue': 39.45, 'unit': 'M', 'net_profit': -49.79}, {'period': ""Q1 '25"", 'revenue': 39.98, 'unit': 'M', 'net_profit': -50.45}, {'period': ""Q4 '24"", 'revenue': 49.5, 'unit': 'M', 'net_profit': -2.13}, {'period': ""Q3 '24"", 'revenue': 47.59, 'unit': 'M', 'net_profit': -24.13}, {'period': ""Q2 '24"", 'revenue': 70.34, 'unit': 'M', 'net_profit': 68.85}, {'period': ""Q1 '24"", 'revenue': 69.89, 'unit': 'M', 'net_profit': 68.41}]",-4.27,-0.56,86335000,19147000,1810000.0,19555000,4631000,3557000,11236000.0,1810000.0,-33918000,1.4843591543802168,0.7695576454197144,-0.6423076923076925,__nan__,__nan__,__nan__,0.2265014188915272
390,BTI,British American Tobacco  Industries p.l.c. Common Stock ADR,"British American Tobacco p.l.c. provides tobacco and nicotine products to consumers in the Americas, Europe, the Asia-Pacific, the Middle East, Africa, and the United States. It offers vapour, heated, and modern oral nicotine products; combustible cigarettes; and traditional oral products, such as snus and moist snuff. The company provides its products under the Vuse, glo, Velo, Grizzly, Kodiak, Dunhill, Kent, Lucky Strike, Pall Mall, Rothmans, Newport, Natural American Spirit, and Camel brands. The company distributes its products to retail outlets. British American Tobacco p.l.c. was founded in 1902 and is based in London, the United Kingdom.",Tadeu Luiz Marroco,Tobacco,57.8,USD,125599400000,https://images.financialmodelingprep.com/symbol/BTI.png,4834889,1980-04-14,,,,11758000000,7764000000,"[{'period': '2025', 'revenue': 25.61, 'unit': 'B', 'net_profit': 7.76}, {'period': '2024', 'revenue': 25.87, 'unit': 'B', 'net_profit': 3.07}, {'period': '2023', 'revenue': 27.28, 'unit': 'B', 'net_profit': -14.37}, {'period': '2022', 'revenue': 27.66, 'unit': 'B', 'net_profit': 6.67}]","[{'period': ""Q4 '25"", 'revenue': 13.54, 'unit': 'B', 'net_profit': 3.25}, {'period': ""Q2 '25"", 'revenue': 12.07, 'unit': 'B', 'net_profit': 4.51}, {'period': ""Q4 '24"", 'revenue': 13.53, 'unit': 'B', 'net_profit': -1.42}, {'period': ""Q2 '24"", 'revenue': 12.34, 'unit': 'B', 'net_profit': 4.49}, {'period': ""Q4 '23"", 'revenue': 13.84, 'unit': 'B', 'net_profit': -18.33}, {'period': ""Q2 '23"", 'revenue': 13.44, 'unit': 'B', 'net_profit': 3.96}]",3.51,3.49,109290000000,12684000000,3843000000.0,61145000000,3802000000,1854000000,14524000000.0,3827000000.0,5791000000,0.5197104820990048,1.530638852672751,1.5620437956204376,"[0.83485, 0.272]","['2026-12-29', '1984-05-29']",__nan__,0.5594747918382286
391,BTO,John Hancock Financial Opportunities Fund Common Stock,"John Hancock Financial Opportunities Fund is a closed-ended equity mutual fund launched and managed by John Hancock Investment Management LLC. It is co-managed by John Hancock Asset Management. The fund invests in the public equity markets across the globe. It seeks to invest in the stocks of companies operating across the financial services sector. The fund invests in companies across all market capitalizations. It benchmarks the performance of its portfolio against the S&P Composite 1500 Banks Index. The fund was formerly known as John Hancock Bank and Thrift Opportunity Fund. John Hancock Financial Opportunities Fund was formed on August 23, 1994 and is domiciled in the United States.",Susan A. Curry,Asset Management,33.84,USD,670599700,https://images.financialmodelingprep.com/symbol/BTO.png,57054,1994-08-16,,,,76481644,70007825,"[{'period': '2025', 'revenue': 65.96, 'unit': 'M', 'net_profit': 70.01}, {'period': '2024', 'revenue': 142.41, 'unit': 'M', 'net_profit': 140.94}, {'period': '2023', 'revenue': 24.05, 'unit': 'M', 'net_profit': 8.64}, {'period': '2022', 'revenue': 54.85, 'unit': 'M', 'net_profit': -86.92}]","[{'period': ""Q4 '25"", 'revenue': 31.08, 'unit': 'M', 'net_profit': 69.41}, {'period': ""Q2 '25"", 'revenue': 34880.0, 'unit': 'K', 'net_profit': 595.21}, {'period': ""Q4 '24"", 'revenue': 40.9, 'unit': 'M', 'net_profit': 156.18}, {'period': ""Q2 '24"", 'revenue': 12.59, 'unit': 'M', 'net_profit': -15.24}, {'period': ""Q4 '23"", 'revenue': 35.39, 'unit': 'M', 'net_profit': 146.57}, {'period': ""Q2 '23"", 'revenue': 26.49, 'unit': 'M', 'net_profit': -137.93}]",3.53,3.53,845078146,10320072,6513879.0,130822043,3806193,834610410,0.0,0.0,9347740,-0.4573627628053498,-0.5032945063261642,-0.5062937062937063,"[0.65, 0.225]","['2026-03-12', '1994-12-19']",__nan__,0.1548046693897111
392,BTT,BlackRock Municipal 2030 Target Term Trust,"Blackrock Municipal 2030 Target Term Trust is a closed end fixed income mutual fund launched by BlackRock, Inc. The fund is managed by by BlackRock Advisors, LLC. It invests in fixed income markets. The fund invests primarily in investment grade municipal bonds that are exempt from regular federal income tax. It was formerly known as BlackRock Municipal Target Term Trust. Blackrock Municipal 2030 Target Term Trust was formed on August 30, 2012 and is domiciled in the United States.",Charles Choon Sik Park,Asset Management,22.42,USD,1433349880,https://images.financialmodelingprep.com/symbol/BTT.png,107720,2012-08-30,,,,0,54450093,"[{'period': '2025', 'revenue': 82.51, 'unit': 'M', 'net_profit': 54.45}, {'period': '2024', 'revenue': 84.24, 'unit': 'M', 'net_profit': 46.65}, {'period': '2023', 'revenue': -0.60689, 'unit': 'M', 'net_profit': -1.2}, {'period': '2022', 'revenue': -161.54, 'unit': 'M', 'net_profit': -162.15}]","[{'period': ""Q4 '25"", 'revenue': 41.15, 'unit': 'M', 'net_profit': 29.71}, {'period': ""Q2 '25"", 'revenue': 44.08, 'unit': 'M', 'net_profit': 24.74}, {'period': ""Q4 '24"", 'revenue': 41.63, 'unit': 'M', 'net_profit': 9.57}, {'period': ""Q2 '24"", 'revenue': 42.61, 'unit': 'M', 'net_profit': 37.09}, {'period': ""Q4 '23"", 'revenue': 42.33, 'unit': 'M', 'net_profit': -7.82}, {'period': ""Q2 '23"", 'revenue': 41.48, 'unit': 'M', 'net_profit': 6.62}]",0.85,0.85,2398563807,22971611,19711831.0,849515487,21647740,2251655999,99569638.0,0.0,60493359,0.0,0.16714171789934912,0.1971830985915493,"[0.0464, 0.099]","['2026-06-15', '2012-10-18']",__nan__,0.35417673047544657
393,BTU,Peabody Energy Corporation Common Stock ,"Peabody Energy Corporation engages in coal mining business in the United States, Japan, Taiwan, Australia, India, Indonesia, China, Vietnam, South Korea, and internationally. The company operates through Seaborne Thermal Mining, Seaborne Metallurgical Mining, Powder River Basin Mining, and Other U.S. Thermal Mining segments. It is involved in mining, preparation, and sale of thermal coal primarily to electric utilities; mining bituminous and sub-bituminous coal deposits; and mining metallurgical coal, such as hard coking coal, semi-hard coking coal, semi-soft coking coal, and pulverized coal injection coal. The company supplies coal primarily to electricity generators, industrial facilities, and steel manufacturers. As of December 31, 2021, it owned interests in 17 coal mining operations located in the United States and Australia; and had approximately 2.5 billion tons of proven and probable coal reserves and approximately 450,000 acres of surface property through ownership and lease agreements. The company also engages in direct and brokered trading of coal and freight-related contracts, as well as provides transportation-related services. Peabody Energy Corporation was founded in 1883 and is headquartered in St. Louis, Missouri.",James C. Grech,Coal,39.495,USD,4808432244,https://images.financialmodelingprep.com/symbol/BTU.png,3101105,2017-04-03,,,,431400000,-52900000,"[{'period': '2025', 'revenue': 3860.0, 'unit': 'M', 'net_profit': -52.9}, {'period': '2024', 'revenue': 4240.0, 'unit': 'M', 'net_profit': 370.9}, {'period': '2023', 'revenue': 4950.0, 'unit': 'M', 'net_profit': 759.6}, {'period': '2022', 'revenue': 4.98, 'unit': 'B', 'net_profit': 1.3}]","[{'period': ""Q4 '25"", 'revenue': 1020.0, 'unit': 'M', 'net_profit': 10.4}, {'period': ""Q3 '25"", 'revenue': 1010.0, 'unit': 'M', 'net_profit': -70.1}, {'period': ""Q2 '25"", 'revenue': 890.1, 'unit': 'M', 'net_profit': -27.6}, {'period': ""Q1 '25"", 'revenue': 937.0, 'unit': 'M', 'net_profit': 34.4}, {'period': ""Q4 '24"", 'revenue': 1120.0, 'unit': 'M', 'net_profit': 30.6}, {'period': ""Q3 '24"", 'revenue': 1090.0, 'unit': 'M', 'net_profit': 101.3}]",-0.43,-0.43,5807200000,1558800000,575300000.0,2225000000,314900000,844100000,842200000.0,575300000.0,528299999,-0.548224945020421,-1.1426260447559988,-1.1405228758169934,"[0.075, 0.115]","['2026-02-23', '2018-02-15']",__nan__,0.3831450613032098
394,BTZ,BlackRock Credit Allocation Income Trust,"BlackRock Credit Allocation Income Trust is a closed ended balanced mutual fund launched by BlackRock, Inc. The fund is co-managed by BlackRock Advisors, LLC and BlackRock (Singapore) Limited. It invests in the fixed income markets across the globe. For the fixed income portion of the portfolio, the fund primarily invests in securities with an average credit quality of BBB by Standard & Poor's Corporation. It invests in investment grade corporate bonds, high yield bonds, bank loans, preferred securities or convertible bonds or derivatives. The fund was formerly known as BlackRock Preferred & Equity Advantage Trust. BlackRock Credit Allocation Income Trust was formed on December 27, 2006 and is domiciled in the United States.",Charles Choon Sik Park,Asset Management - Income,9.74,USD,908980211,https://images.financialmodelingprep.com/symbol/BTZ.png,321894,2006-12-22,,,,127099734,102279182,"[{'period': '2025', 'revenue': 109.68, 'unit': 'M', 'net_profit': 102.28}, {'period': '2024', 'revenue': 102.86, 'unit': 'M', 'net_profit': 63.36}, {'period': '2023', 'revenue': 52.51, 'unit': 'M', 'net_profit': 132.16}, {'period': '2022', 'revenue': 66.08, 'unit': 'M', 'net_profit': -280.0}]","[{'period': ""Q4 '25"", 'revenue': 57.36, 'unit': 'M', 'net_profit': 46.24}, {'period': ""Q2 '25"", 'revenue': 25.32, 'unit': 'M', 'net_profit': 28.02}, {'period': ""Q1 '25"", 'revenue': 25.32, 'unit': 'M', 'net_profit': 28.02}, {'period': ""Q4 '24"", 'revenue': 55.42, 'unit': 'M', 'net_profit': 47.16}, {'period': ""Q3 '24"", 'revenue': 26.38, 'unit': 'M', 'net_profit': 23.58}, {'period': ""Q2 '24"", 'revenue': 27.16, 'unit': 'M', 'net_profit': 8.1}]",1.1,1.1,1771243070,34475170,10594376.0,711432335,23880794,1731456218,544930230.0,135788.0,71472450,0.3403380537902725,0.6143195328322674,0.6176470588235294,"[0.0839, 0.15625]","['2026-06-15', '2007-02-22']",__nan__,0.401657088769866
395,BUD,Anheuser-Busch Inbev SA Sponsored ADR (Belgium),"Anheuser-Busch InBev SA/NV engages in the production, distribution, and sale of beer, alcoholic beverages, and soft drinks worldwide. It offers a portfolio of approximately 500 beer brands, which primarily include Budweiser, Corona, and Stella Artois; Beck's, Hoegaarden, Leffe, and Michelob Ultra; and Aguila, Antarctica, Bud Light, Brahma, Cass, Castle, Castle Lite, Cristal, Harbin, Jupiler, Modelo Especial, Quilmes, Victoria, Sedrin, and Skol brands. The company was founded in 1366 and is headquartered in Leuven, Belgium.",Michel Dimitrios Doukeris,Beverages - Alcoholic,67.57,USD,131347816392,https://images.financialmodelingprep.com/symbol/BUD.png,2240600,2009-07-01,,,,20762044000,6858155000,"[{'period': '2025', 'revenue': 59.5, 'unit': 'B', 'net_profit': 6.86}, {'period': '2024', 'revenue': 59.77, 'unit': 'B', 'net_profit': 5.86}, {'period': '2023', 'revenue': 59.38, 'unit': 'B', 'net_profit': 5.34}, {'period': '2022', 'revenue': 57.79, 'unit': 'B', 'net_profit': 5.97}]","[{'period': ""Q4 '25"", 'revenue': 30.61, 'unit': 'B', 'net_profit': 3.01}, {'period': ""Q2 '25"", 'revenue': 30.01, 'unit': 'B', 'net_profit': 3.35}, {'period': ""Q4 '24"", 'revenue': 29.89, 'unit': 'B', 'net_profit': 3.29}, {'period': ""Q2 '24"", 'revenue': 29.88, 'unit': 'B', 'net_profit': 2.56}, {'period': ""Q4 '23"", 'revenue': 30.05, 'unit': 'B', 'net_profit': 3.36}, {'period': ""Q2 '23"", 'revenue': 29.33, 'unit': 'B', 'net_profit': 1.98}]",3.46,3.46,218808000000,24769000000,11944000000.0,121071000000,6946000000,7179000000,34475000000.0,11638000000.0,11261738620,0.022962357114702403,0.171333048676345,0.18493150684931509,"[0.12207, 0.49377]","['2025-11-19', '2010-04-23']",__nan__,0.5533207195349348
396,BUI,BlackRock Utility Infrastructure & Power Opportunities Trust,"BlackRock Utility, Infrastructure & Power Opportunities Trust is a closed ended equity mutual fund launched by BlackRock, Inc. The fund is managed by BlackRock Advisors, LLC. It invests in public equity markets across the globe. The fund seeks to invest in stocks of companies operating in the utilities and infrastructure sectors. It invests in stocks of companies across diversified market capitalizations. The fund also invests through derivatives, with an emphasis on option writing. The fund was formerly known as BlackRock Utility and Infrastructure Trust. BlackRock Utility, Infrastructure & Power Opportunities Trust was formed on November 22, 2011 and is domiciled in the United States.",Charles Choon Sik Park,Asset Management,26.13,USD,593320845,https://images.financialmodelingprep.com/symbol/BUI.png,110096,2011-11-23,,,,103513816,103513072,"[{'period': '2025', 'revenue': 111.59, 'unit': 'M', 'net_profit': 103.51}, {'period': '2024', 'revenue': 37.27, 'unit': 'M', 'net_profit': 35.62}, {'period': '2023', 'revenue': 32.36, 'unit': 'M', 'net_profit': 36.08}, {'period': '2022', 'revenue': -43.45, 'unit': 'M', 'net_profit': -44.53}]","[{'period': ""Q4 '25"", 'revenue': 89.13, 'unit': 'M', 'net_profit': 32.78}, {'period': ""Q2 '25"", 'revenue': 22.46, 'unit': 'M', 'net_profit': 70.74}, {'period': ""Q4 '24"", 'revenue': 16.95, 'unit': 'M', 'net_profit': 25.99}, {'period': ""Q2 '24"", 'revenue': 20.32, 'unit': 'M', 'net_profit': 9.62}, {'period': ""Q4 '23"", 'revenue': 9.19, 'unit': 'M', 'net_profit': 6.72}, {'period': ""Q2 '23"", 'revenue': 23.17, 'unit': 'M', 'net_profit': 29.36}]",4.58,4.58,591853658,20119847,17498447.0,805095,2621400,571634719,10156.0,106033.0,-6595510,1.9028065102465628,1.9064291246834288,1.8987341772151898,"[0.136, 0.3625]","['2026-06-15', '2012-02-13']",__nan__,0.0013602940340363666
397,BUR,Burford Capital Limited Ordinary Shares,"Burford Capital Limited, through its subsidiaries, provides legal finance products and services. The company offers asset management services, including core legal finance, complex strategies, and post-settlement finance. The company was incorporated in 2009 and is based in Saint Peter Port, Guernsey.",Christopher Peter Bogart,Asset Management,4.125,USD,902951940,https://images.financialmodelingprep.com/symbol/BUR.png,1857840,2020-10-19,,,,240274419,72188000,"[{'period': '2025', 'revenue': 413.36, 'unit': 'M', 'net_profit': 72.19}, {'period': '2024', 'revenue': 472.25, 'unit': 'M', 'net_profit': 146.48}, {'period': '2023', 'revenue': 1080.0, 'unit': 'M', 'net_profit': 610.52}, {'period': '2022', 'revenue': 270.62, 'unit': 'M', 'net_profit': 30.51}]","[{'period': ""Q4 '25"", 'revenue': 5.89, 'unit': 'M', 'net_profit': -37.5}, {'period': ""Q3 '25"", 'revenue': 69.8, 'unit': 'M', 'net_profit': -20.27}, {'period': ""Q2 '25"", 'revenue': 174.85, 'unit': 'M', 'net_profit': 88.3}, {'period': ""Q1 '25"", 'revenue': 108.34, 'unit': 'M', 'net_profit': 30.93}, {'period': ""Q4 '24"", 'revenue': 18.23, 'unit': 'M', 'net_profit': -12.97}, {'period': ""Q3 '24"", 'revenue': 227.27, 'unit': 'M', 'net_profit': 135.64}]",0.29,0.28,6641172000,655923000,655923000.0,3513442000,186906284,0,221971244.0,566437000.0,-29298000,-0.052500832058299286,-0.5071953250866988,-0.5671641791044777,"[0.0625, 0.0366]","['2026-05-22', '2012-04-18']",__nan__,0.5290394526749195
398,BURL,Burlington Stores Inc. Common Stock,"Burlington Stores, Inc. operates as a retailer of branded apparel products in the United States. The company provides fashion-focused merchandise, including women's ready-to-wear apparel, menswear, youth apparel, footwear, accessories, toys, gifts, and coats, as well as baby, home, and beauty products. As of January 29, 2022, it operated 837 stores under the Burlington Stores name, 2 stores under the Cohoes Fashions name, and 1 store under the MJM Designer Shoes name in 45 states and Puerto Rico. Burlington Stores, Inc. was founded in 1972 and is headquartered in Burlington, New Jersey.",Michael O'Sullivan,Apparel - Retail,312.75,USD,19605492482,https://images.financialmodelingprep.com/symbol/BURL.png,837574,2013-10-02,,,,1266983000,610153000,"[{'period': '2025', 'revenue': 11570.0, 'unit': 'M', 'net_profit': 610.15}, {'period': '2024', 'revenue': 10630.0, 'unit': 'M', 'net_profit': 503.64}, {'period': '2023', 'revenue': 9720.0, 'unit': 'M', 'net_profit': 339.65}, {'period': '2022', 'revenue': 8690.0, 'unit': 'M', 'net_profit': 230.12}]","[{'period': ""Q4 '25"", 'revenue': 3650.0, 'unit': 'M', 'net_profit': 310.38}, {'period': ""Q3 '25"", 'revenue': 2710.0, 'unit': 'M', 'net_profit': 104.75}, {'period': ""Q2 '25"", 'revenue': 2700.0, 'unit': 'M', 'net_profit': 94.19}, {'period': ""Q1 '25"", 'revenue': 2500.0, 'unit': 'M', 'net_profit': 100.83}, {'period': ""Q4 '24"", 'revenue': 3270.0, 'unit': 'M', 'net_profit': 260.77}, {'period': ""Q3 '24"", 'revenue': 2530.0, 'unit': 'M', 'net_profit': 90.6}]",9.51,9.51,9919057000,2771532000,1232525000.0,8111798000,105296000,0,2249211000.0,1232525000.0,171589000,0.2088690387024568,0.21148878462549564,0.20227560050568896,__nan__,__nan__,__nan__,0.8177993129790463
399,BV,BrightView Holdings Inc. Common Stock,"BrightView Holdings, Inc., through its subsidiaries, provides commercial landscaping services in the United States. It operates through two segments, Maintenance Services and Development Services. The Maintenance Services segment delivers a suite of recurring commercial landscaping services, including mowing, gardening, mulching and snow removal, water management, irrigation maintenance, tree care, golf course maintenance, and specialty turf maintenance. Its customers' properties include corporate and commercial properties, homeowners associations, public parks, hotels and resorts, hospitals and other healthcare facilities, educational institutions, restaurants and retail, and golf courses. This segment's customer base includes approximately 13,000 office parks and corporate campuses, 8,000 residential communities, and 450 educational institutions. The Development Services segment offers landscape architecture and development services for new facilities and redesign projects. Its services include project design and management services, landscape architecture and installation, irrigation installation, tree moving and installation, pool and water features, sports field, and other services. BrightView Holdings, Inc. also operates as official field consultant to various league baseball. The company was founded in 1939 and is headquartered in Blue Bell, Pennsylvania.",Dale A. Asplund,Specialty Business Services,11.49,USD,1082358000,https://images.financialmodelingprep.com/symbol/BV.png,603410,2018-06-28,,,,306500000,56000000,"[{'period': '2025', 'revenue': 2670.0, 'unit': 'M', 'net_profit': 56.0}, {'period': '2024', 'revenue': 2770.0, 'unit': 'M', 'net_profit': 66.4}, {'period': '2023', 'revenue': 2820.0, 'unit': 'M', 'net_profit': -7.7}, {'period': '2022', 'revenue': 2770.0, 'unit': 'M', 'net_profit': 14.0}]","[{'period': ""Q1 '26"", 'revenue': 614.7, 'unit': 'M', 'net_profit': -15.2}, {'period': ""Q4 '25"", 'revenue': 702.8, 'unit': 'M', 'net_profit': 27.7}, {'period': ""Q3 '25"", 'revenue': 708.3, 'unit': 'M', 'net_profit': 32.3}, {'period': ""Q2 '25"", 'revenue': 662.6, 'unit': 'M', 'net_profit': 6.4}, {'period': ""Q1 '25"", 'revenue': 599.2, 'unit': 'M', 'net_profit': -10.4}, {'period': ""Q4 '24"", 'revenue': 728.7, 'unit': 'M', 'net_profit': 25.6}]",0.59,0.57,3392000000,666300000,74500000.0,1591900000,506200000,0,514500000.0,74500000.0,37600000,0.011217419993401518,-0.1566265060240964,1.8095238095238095,__nan__,__nan__,__nan__,0.46931014150943395
400,BVH,Bluegreen Vacations Holding Corporation Class A Common Stock,"Bluegreen Vacations Holding Corporation operates as a vacation ownership company. It markets and sells vacation ownership interests (VOI); and manages resorts in leisure and urban destinations, including Orlando, Las Vegas, Myrtle Beach, Charleston and New Orleans, and others. The company also provides resort management, mortgage, title, reservation, and construction design and development services; and financing to qualified VOI purchasers, as well as management services to the vacation club and homeowners' associations. Its resort network includes 45 club resorts and 23 club associate resorts, as well as 128 Bass Pro Shops and Cabela's stores. The company was founded in 1966 and is headquartered in Boca Raton, Florida.",Alan B. Levan,"Gambling, Resorts & Casinos",75.0,USD,1004070000,https://images.financialmodelingprep.com/symbol/BVH.png,218121,1997-11-19,,,,171322000,64385000,"[{'period': '2022', 'revenue': 817.68, 'unit': 'M', 'net_profit': 64.39}, {'period': '2021', 'revenue': 674.61, 'unit': 'M', 'net_profit': 58.73}, {'period': '2020', 'revenue': 440.09, 'unit': 'M', 'net_profit': -44.41}, {'period': '2019', 'revenue': 860.54, 'unit': 'M', 'net_profit': 32.1}]","[{'period': ""Q3 '23"", 'revenue': 234.96, 'unit': 'M', 'net_profit': 20.66}, {'period': ""Q2 '23"", 'revenue': 226.59, 'unit': 'M', 'net_profit': 21.91}, {'period': ""Q1 '23"", 'revenue': 189.97, 'unit': 'M', 'net_profit': 15.4}, {'period': ""Q4 '22"", 'revenue': 208.49, 'unit': 'M', 'net_profit': 12.56}, {'period': ""Q3 '22"", 'revenue': 224.74, 'unit': 'M', 'net_profit': 22.96}, {'period': ""Q2 '22"", 'revenue': 212.06, 'unit': 'M', 'net_profit': 17.78}]",3.26,3.24,1398385000,1192715000,175683000.0,1154392000,552490000,2100000,147112000.0,175683000.0,-27991000,0.11315998076748145,0.09628809807594074,0.1519434628975264,"[0.2, 0.005]","['2023-12-04', '2016-06-16']",__nan__,0.8255180082738302
401,BVN,Buenaventura Mining Company Inc.,"Compañía de Minas Buenaventura S.A.A. engages in the exploration, mining development, processing, and trading of precious and base metals. The company explores for gold, silver, lead, zinc, and copper metals. It operates operating mining units, including Tambomayo located in the Caylloma province, Orcopampa Unit located in the province of Castilla, Uchucchacua located in province of Oyón, Julcani located in province of Angaraes, Peru, as well as San Gabrie located in the province of General Sánchez Cerro, in the Moquegua region. The company also owns interests in Colquijirca, La Zanja, Yanacocha, Cerro Verde, El Brocal, Coimolache, Yumpaq, San Gregorio mines, and Trapiche mining unit. In addition, it produces manganese sulphate monohydrate and other by-products generated from minerals; and operates hydroelectric power plants. The company was incorporated in 1953 and is based in Lima, Peru.",Leandro Luis Martin Garcia Raggio,Other Precious Metals,33.53,USD,8516179449,https://images.financialmodelingprep.com/symbol/BVN.png,1751310,1996-05-15,,,,767860446,787052103,"[{'period': '2025', 'revenue': 1740.0, 'unit': 'M', 'net_profit': 787.05}, {'period': '2024', 'revenue': 1150.0, 'unit': 'M', 'net_profit': 402.69}, {'period': '2023', 'revenue': 823.85, 'unit': 'M', 'net_profit': 19.86}, {'period': '2022', 'revenue': 824.8, 'unit': 'M', 'net_profit': 602.55}]","[{'period': ""Q4 '25"", 'revenue': 627.12, 'unit': 'M', 'net_profit': 385.89}, {'period': ""Q3 '25"", 'revenue': 431.79, 'unit': 'M', 'net_profit': 167.44}, {'period': ""Q2 '25"", 'revenue': 369.48, 'unit': 'M', 'net_profit': 91.3}, {'period': ""Q1 '25"", 'revenue': 307.72, 'unit': 'M', 'net_profit': 140.09}, {'period': ""Q4 '24"", 'revenue': 299.59, 'unit': 'M', 'net_profit': 33.61}, {'period': ""Q3 '24"", 'revenue': 331.11, 'unit': 'M', 'net_profit': 236.93}]",3.1,3.1,6022857766,1156520179,529840914.0,1755377343,529412913,2384831618,575992081.0,529840914.0,104966440,0.2814610743866477,0.9544911904720517,0.949685534591195,"[0.13867, 0.062]","['2025-11-19', '1996-12-06']",__nan__,0.2914525647458234
402,BW,Babcock & Wilcox Enterprises Inc. Common Stock,"Babcock & Wilcox Enterprises, Inc., together with its subsidiaries, provides energy and emissions control solutions to a range of industrial, electrical utility, municipal, and other customers worldwide. It operates through three segments: Babcock & Wilcox Renewable; Babcock & Wilcox Environmental; and Babcock & Wilcox Thermal. The Babcock & Wilcox Renewable segment offers technologies for waste-to-energy, solar construction and installation, and biomass energy systems, as well as black liquor systems for the pulp and paper industry. This segment provides technologies support solutions for diverting waste from landfills to use for power generation and replacing fossil fuels while recovering metals and reducing emissions. The Babcock & Wilcox Environmental segment offers a range of emissions control and environmental technology solutions for utility, waste to energy, biomass, carbon black, and industrial steam generation applications. This segment provides systems for cooling, ash handling, particulate control, nitrogen oxides and sulfur dioxides removal, chemical looping for carbon control, and mercury control. The Babcock & Wilcox Thermal segment offers steam generation equipment; aftermarket parts; and construction, maintenance, and field services for plants in the power generation, oil and gas, and industrial sectors. This segment has an installed equipment for utilities and general industrial applications, including refining, petrochemical, food processing, metals, and others. The company was founded in 1867 and is headquartered in Akron, Ohio.",Kenneth Young,Industrial - Machinery,14.86,USD,1566433331,https://images.financialmodelingprep.com/symbol/BW.png,3997313,2015-06-16,,,,33000000,-36100000,"[{'period': '2025', 'revenue': 587.7, 'unit': 'M', 'net_profit': -36.1}, {'period': '2024', 'revenue': 717.33, 'unit': 'M', 'net_profit': -59.91}, {'period': '2023', 'revenue': 727.32, 'unit': 'M', 'net_profit': -197.21}, {'period': '2022', 'revenue': 609.44, 'unit': 'M', 'net_profit': -22.86}]","[{'period': ""Q4 '25"", 'revenue': 161.0, 'unit': 'M', 'net_profit': 9.3}, {'period': ""Q3 '25"", 'revenue': 149.01, 'unit': 'M', 'net_profit': 35.09}, {'period': ""Q2 '25"", 'revenue': 144.05, 'unit': 'M', 'net_profit': -58.49}, {'period': ""Q1 '25"", 'revenue': 181.19, 'unit': 'M', 'net_profit': -22.01}, {'period': ""Q4 '24"", 'revenue': 66.28, 'unit': 'M', 'net_profit': -63.06}, {'period': ""Q3 '24"", 'revenue': 209.86, 'unit': 'M', 'net_profit': -5.33}]",-0.48,-0.48,662900000,470700000,89500000.0,794500000,191200000,26900000,386700000.0,89500000.0,-85700000,14.980629539951574,0.3974797629975799,0.4146341463414634,__nan__,__nan__,__nan__,1.1985216473072862
403,BWA,BorgWarner Inc. Common Stock,"BorgWarner Inc. provides solutions for combustion, hybrid, and electric vehicles worldwide. The company operates through four segments: Air Management, E-Propulsion & Drivetrain, Fuel Injection, and Aftermarket. The Air Management segment offers turbochargers, eBoosters, eTurbos, timing systems, emissions systems, thermal systems, gasoline ignition technology, smart remote actuators, powertrain sensors, canisters, cabin heaters, battery modules and systems, battery packs, battery heaters, and battery charging. The E-Propulsion & Drivetrain segment provides rotating electrical components, power electronics, control modules, software, friction, and mechanical products for automatic transmissions and torque-management products. The Fuel Injection segment develops and manufactures gasoline and diesel fuel injection components and systems. The Aftermarket segment sells products and services to independent aftermarket customers and original equipment service customers. This segment provides a range of solutions, including fuel injection, electronics and engine management, maintenance, and test equipment and vehicle diagnostics. The company sells its products to original equipment manufacturers of light vehicles, which comprise passenger cars, sport-utility vehicles, vans, and light trucks; commercial vehicles, including medium-duty and heavy-duty trucks, and buses; and off-highway vehicles, such as agricultural and construction machinery, and marine applications, as well as to tier one vehicle systems suppliers and the aftermarket for light, commercial, and off-highway vehicles. The company was formerly known as Borg-Warner Automotive, Inc. BorgWarner Inc. was incorporated in 1987 and is headquartered in Auburn Hills, Michigan.",Joseph F. Fadool,Auto - Parts,54.24,USD,11230337760,https://images.financialmodelingprep.com/symbol/BWA.png,2966230,1993-08-13,,,,2096000000,277000000,"[{'period': '2025', 'revenue': 14320.0, 'unit': 'M', 'net_profit': 277.0}, {'period': '2024', 'revenue': 14080.0, 'unit': 'M', 'net_profit': 338.0}, {'period': '2023', 'revenue': 14200.0, 'unit': 'M', 'net_profit': 625.0}, {'period': '2022', 'revenue': 12630.0, 'unit': 'M', 'net_profit': 944.0}]","[{'period': ""Q4 '25"", 'revenue': 3570.0, 'unit': 'M', 'net_profit': -262.0}, {'period': ""Q3 '25"", 'revenue': 3590.0, 'unit': 'M', 'net_profit': 158.0}, {'period': ""Q2 '25"", 'revenue': 3640.0, 'unit': 'M', 'net_profit': 224.0}, {'period': ""Q1 '25"", 'revenue': 3520.0, 'unit': 'M', 'net_profit': 157.0}, {'period': ""Q4 '24"", 'revenue': 3440.0, 'unit': 'M', 'net_profit': -405.0}, {'period': ""Q3 '24"", 'revenue': 3450.0, 'unit': 'M', 'net_profit': 234.0}]",1.28,1.28,13769000000,6795000000,2313000000.0,8155000000,2977000000,384000000,3282000000.0,2313000000.0,1179000000,0.5890826383623957,-0.1804733727810651,-0.152317880794702,"[0.17, 0.125]","['2026-03-02', '1994-01-26']",__nan__,0.5922724961870869
404,BWG,BrandywineGLOBAL Global Income Opportunities Fund Inc.,"Legg Mason BW Global Income Opportunities Fund Inc. is a closed ended fixed income mutual fund launched and managed by Legg Mason Partners Fund Advisor, LLC. The fund is co-managed by Brandywine Global Investment Management, LLC. It invests in fixed income markets. The fund employs fundamental analysis to create its portfolio. Legg Mason BW Global Income Opportunities Fund Inc. was formed on March 28, 2012 and is domiciled in the United States.",Kenneth Donald Fuller,Asset Management - Income,7.48,USD,125602933,https://images.financialmodelingprep.com/symbol/BWG.png,108271,2012-03-28,,,,20319098,15472502,"[{'period': '2025', 'revenue': 19.78, 'unit': 'M', 'net_profit': 15.47}, {'period': '2024', 'revenue': 31.72, 'unit': 'M', 'net_profit': 29.7}, {'period': '2023', 'revenue': -1.58, 'unit': 'M', 'net_profit': 7.36}, {'period': '2022', 'revenue': -6.04, 'unit': 'M', 'net_profit': -52.76}]","[{'period': ""Q4 '25"", 'revenue': 11.39, 'unit': 'M', 'net_profit': 11.88}, {'period': ""Q2 '25"", 'revenue': 8.39, 'unit': 'M', 'net_profit': 3.59}, {'period': ""Q4 '24"", 'revenue': 9.55, 'unit': 'M', 'net_profit': 11.05}, {'period': ""Q2 '24"", 'revenue': 7.0, 'unit': 'M', 'net_profit': 18.65}, {'period': ""Q4 '23"", 'revenue': 2.86, 'unit': 'M', 'net_profit': -5.31}, {'period': ""Q2 '23"", 'revenue': -4.45, 'unit': 'M', 'net_profit': 12.67}]",0.92,0.92,257584637,0,13214823.0,103873096,4464773,0,78235682.0,782148.0,7166870,-0.42986230423129135,-0.4791267280046414,-0.48022598870056493,"[0.08, 0.1175]","['2026-05-21', '2012-05-16']",__nan__,0.4032581182238753
405,BWSN,Babcock & Wilcox Enterprises Inc. 8.125% Senior Notes due 2026,"Babcock & Wilcox Enterprises, Inc. engages in the provision of fossil and renewable power generation and environmental equipment. It operates through the following segments: B&W Renewable, B&W Environmental, and B&W Thermal. The B&W Renewable segment supports a circular economy, diverting waste from landfills to use for power generation and replacing fossil fuels, while recovering metals and reducing emissions. The B&W Environmental segment focuses on systems for cooling, ash handling, particulate control, nitrogen oxides and sulfur dioxides removal, chemical looping for carbon control, and mercury control. The B&W Thermal segment offers steam generation equipment, aftermarket parts, construction, maintenance, and field services for plants in the power generation, oil and gas, and industrial sectors. The company was founded by George H. Babcock, Stephen Wilcox, Jr., and Joseph P. Manton in 1856 and is headquartered in Akron, OH.",Kenneth M. Young,Consumer Electronics,25.18,USD,2797498000,https://images.financialmodelingprep.com/symbol/BWSN.png,11744,2021-02-17,,,,33000000,-36100000,"[{'period': '2025', 'revenue': 587.7, 'unit': 'M', 'net_profit': -36.1}, {'period': '2024', 'revenue': 717.33, 'unit': 'M', 'net_profit': -59.91}, {'period': '2023', 'revenue': 727.32, 'unit': 'M', 'net_profit': -197.21}, {'period': '2022', 'revenue': 609.44, 'unit': 'M', 'net_profit': -22.86}]","[{'period': ""Q4 '25"", 'revenue': 161.0, 'unit': 'M', 'net_profit': 9.3}, {'period': ""Q3 '25"", 'revenue': 149.01, 'unit': 'M', 'net_profit': 35.09}, {'period': ""Q2 '25"", 'revenue': 144.05, 'unit': 'M', 'net_profit': -58.49}, {'period': ""Q1 '25"", 'revenue': 181.19, 'unit': 'M', 'net_profit': -22.01}, {'period': ""Q4 '24"", 'revenue': 66.28, 'unit': 'M', 'net_profit': -63.06}, {'period': ""Q3 '24"", 'revenue': 209.86, 'unit': 'M', 'net_profit': -5.33}]",-0.48,-0.48,662900000,470700000,89500000.0,794500000,191200000,26900000,386700000.0,89500000.0,-85700000,14.980629539951574,0.3974797629975799,0.4146341463414634,"[0.50781, 0.44]","['2025-10-15', '2021-04-14']",__nan__,1.1985216473072862
406,BWXT,BWX Technologies Inc. Common Stock,"BWX Technologies, Inc. manufactures and sells nuclear components in the United States, Canada, and internationally. It operates in three segments: Nuclear Operations Group, Nuclear Power Group, and Nuclear Services Group. The Nuclear Operations Group segment provides precision naval and critical nuclear components, reactors, nuclear fuel, and assemblies for the United States Department of Energy/National Nuclear Security Administration's Naval Nuclear Propulsion Program and other uses; missile launch tubes for United States Navy submarines; close-tolerance and equipment for nuclear applications; and converts Cold War-era government stockpiles of high-enriched uranium, as well as receives, stores, characterizes, dissolves, recovers, and purifies uranium-bearing materials; supplies research reactor fuel elements for colleges, universities, and national laboratories; and components for defense applications. The Nuclear Power Group segment offers commercial nuclear steam generators, nuclear fuel, fuel handling systems, pressure vessels, reactor components, heat exchangers, tooling delivery systems, and containers; engineering and in-plant services for nuclear power plants; designs, manufactures, commissions, and services nuclear power generation equipment; in-plant inspection, maintenance, and modification services, as well as non-destructive examination and tooling/repair solutions; and supplies medical radioisotopes and radiopharmaceuticals for research, diagnostic, and therapeutic uses. The Nuclear Services Group segment provides nuclear materials processing, environmental site restoration, and management and operating services; develops technology for nuclear power sources application; and designs, engineers, licenses, and manufactures nuclear reactors. The company was formerly known as The Babcock & Wilcox Company and changed its name to BWX Technologies, Inc. in June 2015. BWX Technologies, Inc. was founded in 1867 and is headquartered in Lynchburg, Virginia.",Rex D. Geveden,Aerospace & Defense,202.59,USD,18525862809,https://images.financialmodelingprep.com/symbol/BWXT.png,1009459,2010-08-02,,,,551513000,329861000,"[{'period': '2025', 'revenue': 3200.0, 'unit': 'M', 'net_profit': 329.86}, {'period': '2024', 'revenue': 2700.0, 'unit': 'M', 'net_profit': 281.94}, {'period': '2023', 'revenue': 2500.0, 'unit': 'M', 'net_profit': 245.85}, {'period': '2022', 'revenue': 2230.0, 'unit': 'M', 'net_profit': 238.19}]","[{'period': ""Q4 '25"", 'revenue': 885.82, 'unit': 'M', 'net_profit': 92.99}, {'period': ""Q3 '25"", 'revenue': 866.29, 'unit': 'M', 'net_profit': 82.11}, {'period': ""Q2 '25"", 'revenue': 764.04, 'unit': 'M', 'net_profit': 78.39}, {'period': ""Q1 '25"", 'revenue': 682.26, 'unit': 'M', 'net_profit': 75.53}, {'period': ""Q4 '24"", 'revenue': 746.27, 'unit': 'M', 'net_profit': 71.02}, {'period': ""Q3 '24"", 'revenue': 671.96, 'unit': 'M', 'net_profit': 69.48}]",3.6,3.59,4271495000,1560354000,502864000.0,3038483000,944875000,162726000,672017000.0,502864000.0,295291000,0.1633896345798079,0.16996463799163655,0.16883116883116883,"[0.27, 0.08]","['2026-03-11', '2012-11-15']",__nan__,0.7113394724797758
407,BX,The Blackstone Group Inc. Common Stock,"Blackstone Inc. is an alternative asset management firm specializing in real estate, private equity, hedge fund solutions, credit, secondary funds of funds, public debt and equity and multi-asset class strategies. The firm typically invests in early-stage companies. It also provide capital markets services. The real estate segment specializes in opportunistic, core+ investments as well as debt investment opportunities collateralized by commercial real estate, and stabilized income-oriented commercial real estate across North America, Europe and Asia. The firm's corporate private equity business pursues transactions throughout the world across a variety of transaction types, including large buyouts,special situations, distressed mortgage loans, mid-cap buyouts, buy and build platforms, which involves multiple acquisitions behind a single management team and platform, and growth equity/development projects involving significant majority stakes in portfolio companies and minority investments in operating companies, shipping, real estate, corporate or consumer loans, and alternative energy greenfield development projects in energy and power, property, dislocated markets, shipping opportunities, financial institution breakups, re-insurance, and improving freight mobility, financial services, healthcare, life sciences, enterprise tech and consumer, as well as consumer technologies. The firm considers investment in Asia and Latin America. It has a three year investment period. Its hedge fund business manages a broad range of commingled and customized fund solutions and its credit business focuses on loans, and securities of non-investment grade companies spread across the capital structure including senior debt, subordinated debt, preferred stock and common equity. Blackstone Inc. was founded in 1985 and is headquartered in New York, New York with additional offices across Asia, Europe and North America.",Stephen Allen Schwarzman,Asset Management,108.07,USD,129801423134,https://images.financialmodelingprep.com/symbol/BX.png,7845811,2007-06-22,,,,7214185000,3019214000,"[{'period': '2025', 'revenue': 13.83, 'unit': 'B', 'net_profit': 3.02}, {'period': '2024', 'revenue': 11.37, 'unit': 'B', 'net_profit': 2.78}, {'period': '2023', 'revenue': 7.44, 'unit': 'B', 'net_profit': 1.39}, {'period': '2022', 'revenue': 7.45, 'unit': 'B', 'net_profit': 1.75}]","[{'period': ""Q4 '25"", 'revenue': 4.36, 'unit': 'B', 'net_profit': 1.02}, {'period': ""Q3 '25"", 'revenue': 2810.0, 'unit': 'M', 'net_profit': 624.92}, {'period': ""Q2 '25"", 'revenue': 3710.0, 'unit': 'M', 'net_profit': 764.24}, {'period': ""Q1 '25"", 'revenue': 2940.0, 'unit': 'M', 'net_profit': 614.85}, {'period': ""Q4 '24"", 'revenue': 2820.0, 'unit': 'M', 'net_profit': 703.87}, {'period': ""Q3 '24"", 'revenue': 3000.0, 'unit': 'M', 'net_profit': 780.84}]",3.88,3.88,47708975000,9503902000,2854682000.0,25827803000,6649220000,32346668000,12521638000.0,2854682000.0,1744898000,0.11065292678176784,0.08741411874195933,0.07182320441988944,"[1.49, 0.3]","['2026-02-09', '2007-11-28']",__nan__,0.5413615153123704
408,BXC,Bluelinx Holdings Inc. Common Stock,"BlueLinx Holdings Inc., together with its subsidiaries, distributes residential and commercial building products in the United States. The company distributes specialty products comprising engineered wood, industrial products, cedar, moulding, siding, metal, and insulation products; and structural products include lumber, plywood, oriented strand boards, rebars and remesh, spruce, and other wood products primarily that are used for structural support in construction projects. It also provides various value-added services and solutions to customers and suppliers. The company serves dealers, specialty distributors, national home centers, and manufactured housing customers through a network of distribution centers. BlueLinx Holdings Inc. was incorporated in 2004 and is headquartered in Marietta, Georgia.",Shyam K. Reddy,Construction,51.82,USD,407658612,https://images.financialmodelingprep.com/symbol/BXC.png,100044,2004-12-14,,,,72388000,219000,"[{'period': '2025', 'revenue': 2950000.0, 'unit': 'K', 'net_profit': 219.0}, {'period': '2024', 'revenue': 2950.0, 'unit': 'M', 'net_profit': 53.12}, {'period': '2023', 'revenue': 3140.0, 'unit': 'M', 'net_profit': 48.54}, {'period': '2022', 'revenue': 4450.0, 'unit': 'M', 'net_profit': 296.18}]","[{'period': ""Q4 '25"", 'revenue': 715.8, 'unit': 'M', 'net_profit': -8.55}, {'period': ""Q3 '25"", 'revenue': 748.87, 'unit': 'M', 'net_profit': 1.66}, {'period': ""Q2 '25"", 'revenue': 780.11, 'unit': 'M', 'net_profit': 4.31}, {'period': ""Q1 '25"", 'revenue': 709.23, 'unit': 'M', 'net_profit': 2.81}, {'period': ""Q4 '24"", 'revenue': 710.64, 'unit': 'M', 'net_profit': 5.27}, {'period': ""Q3 '24"", 'revenue': 747.29, 'unit': 'M', 'net_profit': 16.02}]",0.0278,0.0276,1549279000,984468000,385843000.0,931964000,218161000,0,211279000.0,385843000.0,32851000,-0.4368401808011576,-0.995876948565404,-0.9955305466237943,"[0.125, 0.125]","['2007-12-12', '2005-03-16']",__nan__,0.6015469131124865
409,BXMT,Blackstone Mortgage Trust Inc. Common Stock,"Blackstone Mortgage Trust, Inc., a real estate finance company, originates senior loans collateralized by commercial properties in North America, Europe, and Australia. The company operates as a real estate investment trust for federal income tax purposes. It generally would not be subject to U.S. federal income taxes if it distributes at least 90% of its taxable income to its stockholders. The company was formerly known as Capital Trust, Inc. and changed its name to Blackstone Mortgage Trust, Inc. in May 2013. Blackstone Mortgage Trust, Inc. was founded in 1997 and is headquartered in New York, New York.",Timothy Johnson,REIT - Mortgage,18.85,USD,3180730150,https://images.financialmodelingprep.com/symbol/BXMT.png,1385550,1980-12-29,,,,1166835000,109569000,"[{'period': '2025', 'revenue': 1520.0, 'unit': 'M', 'net_profit': 109.57}, {'period': '2024', 'revenue': 1770.0, 'unit': 'M', 'net_profit': -204.09}, {'period': '2023', 'revenue': 2009.9999999999998, 'unit': 'M', 'net_profit': 246.56}, {'period': '2022', 'revenue': 1320.0, 'unit': 'M', 'net_profit': 248.64}]","[{'period': ""Q4 '25"", 'revenue': 389.03, 'unit': 'M', 'net_profit': 39.56}, {'period': ""Q3 '25"", 'revenue': 372.96, 'unit': 'M', 'net_profit': 63.4}, {'period': ""Q2 '25"", 'revenue': 393.31, 'unit': 'M', 'net_profit': 6.97}, {'period': ""Q1 '25"", 'revenue': 365660.0, 'unit': 'K', 'net_profit': -357.0}, {'period': ""Q4 '24"", 'revenue': 397.49, 'unit': 'M', 'net_profit': 37.19}, {'period': ""Q3 '24"", 'revenue': 426.07, 'unit': 'M', 'net_profit': -56.38}]",0.64,0.64,20002946000,586533000,452526000.0,16498556000,17784694000,19215102000,2094822999.0,452526000.0,275873000,0.059754251196365626,1.5368713496138922,1.547008547008547,"[0.47, 0.0107]","['2026-03-31', '1985-02-14']",__nan__,0.8248063060311216
410,BXMX,Nuveen S&P 500 Buy-Write Income Fund Common Shares of Beneficial Interest,"Nuveen S&P 500 Buy-Write Income Fund is a closed-ended equity indexed mutual fund launched by Nuveen Investments, Inc. It is co-managed by Nuveen Fund Advisors LLC and Gateway Investment Advisers, LLC. The fund invests in the public equity markets of the United States. It seeks to invest in stocks of companies operating across diversified sectors. The fund also invests through index call options. It seeks to replicate the performance of the S&P 500 Index by investing in proportion to their weighting in the index. The fund was formerly known as Nuveen Equity Premium Income Fund. Nuveen S&P 500 Buy-Write Income Fund was formed on July 23, 2004 and domiciled in the United States.",Michael Thomas Buckius,Asset Management - Income,13.26,USD,1381231692,https://images.financialmodelingprep.com/symbol/BXMX.png,152923,2004-10-27,,,,209016098,208965244,"[{'period': '2025', 'revenue': 48.47, 'unit': 'M', 'net_profit': 208.97}, {'period': '2024', 'revenue': 22.66, 'unit': 'M', 'net_profit': 230.86}, {'period': '2023', 'revenue': 24.65, 'unit': 'M', 'net_profit': 241.19}, {'period': '2022', 'revenue': 153.26, 'unit': 'M', 'net_profit': -183.92}]","[{'period': ""Q4 '25"", 'revenue': 23.79, 'unit': 'M', 'net_profit': 170.36}, {'period': ""Q2 '25"", 'revenue': 24.68, 'unit': 'M', 'net_profit': 38.6}, {'period': ""Q4 '24"", 'revenue': 21.41, 'unit': 'M', 'net_profit': 91.29}, {'period': ""Q2 '24"", 'revenue': 11.33, 'unit': 'M', 'net_profit': 139.58}, {'period': ""Q4 '23"", 'revenue': 12.71, 'unit': 'M', 'net_profit': 68.25}, {'period': ""Q2 '23"", 'revenue': 11.95, 'unit': 'M', 'net_profit': 172.94}]",2.01,2.01,1723129668,61217142,56025585.0,46740901,5191557,1661812349,25020292.0,585.0,0,0.0,-0.09485328325869936,-0.09459459459459477,"[0.2725, 0.1468]","['2026-03-13', '2004-12-15']",__nan__,0.027125585420539576
411,BXP,Boston Properties Inc. Common Stock,"Boston Properties (NYSE:BXP) is the largest publicly-held developer and owner of Class A office properties in the United States, concentrated in five markets - Boston, Los Angeles, New York, San Francisco and Washington, DC. The Company is a fully integrated real estate company, organized as a real estate investment trust (REIT), that develops, manages, operates, acquires and owns a diverse portfolio of primarily Class A office space. The Company's portfolio totals 51.2 million square feet and 196 properties, including six properties under construction/redevelopment.",Owen David Thomas,REIT - Office,51.43,USD,8158289470,https://images.financialmodelingprep.com/symbol/BXP.png,2570198,1997-06-18,,,,1938415773,276800000,"[{'period': '2025', 'revenue': 3480.0, 'unit': 'M', 'net_profit': 276.8}, {'period': '2024', 'revenue': 3410.0, 'unit': 'M', 'net_profit': 14.27}, {'period': '2023', 'revenue': 3270.0, 'unit': 'M', 'net_profit': 190.22}, {'period': '2022', 'revenue': 3110.0, 'unit': 'M', 'net_profit': 848.95}]","[{'period': ""Q4 '25"", 'revenue': 877.1, 'unit': 'M', 'net_profit': 248.49}, {'period': ""Q3 '25"", 'revenue': 871.51, 'unit': 'M', 'net_profit': -121.71}, {'period': ""Q2 '25"", 'revenue': 868.46, 'unit': 'M', 'net_profit': 88.98}, {'period': ""Q1 '25"", 'revenue': 865.22, 'unit': 'M', 'net_profit': 61.18}, {'period': ""Q4 '24"", 'revenue': 858.57, 'unit': 'M', 'net_profit': -228.85}, {'period': ""Q3 '24"", 'revenue': 859.23, 'unit': 'M', 'net_profit': 83.63}]",1.75,1.74,26166164000,3374672000,1478206000.0,18481462000,1646812000,1043923000,1479115000.0,1478206000.0,689662000,0.19747100740197113,18.394618834080717,18.315673289183223,"[0.7, 0.44]","['2026-03-31', '1997-11-05']",__nan__,0.706311479206505
412,BXS,BancorpSouth Bank Common Stock,"BancorpSouth Bank provides commercial banking and financial services to individuals and small-to-medium size businesses. The company operates through Banking Services Group, Mortgage, Insurance Agencies, Wealth Management, and General Corporate and Other segments. It offers various deposit products, including interest and noninterest bearing demand deposits, and saving and other time deposits. The company also provides commercial loans, including term loans, lines of credit, equipment and receivable financing, and agricultural loans; a range of short-to-medium term secured and unsecured commercial loans to businesses for working capital, business expansion, and the purchase of equipment and machinery; and construction loans to real estate developers for the acquisition, development, and construction of residential subdivisions. In addition, it offers fixed and adjustable rate residential mortgage loans secured by owner-occupied property; residential construction loans; second mortgage loans; and home equity lines of credit, as well as non-residential consumer loans that consist of automobile, recreation vehicle, boat, personal, and deposit account secured loans, as well as issues credit cards. Further, the company operates as an agent for the sale of commercial lines of insurance; and offers a line of property and casualty, life, health, and employee benefits products and services. Additionally, it provides credit related products, trust and investment management, asset management, retirement and savings solutions, and estate planning and annuity products. It operates in Alabama, Arkansas, Florida, Louisiana, Mississippi, Missouri, Tennessee, Texas, and Illinois. The company was formerly known as BancorpSouth, Inc. and changed its name to BancorpSouth Bank in October 2017. BancorpSouth Bank was founded in 1876 and is headquartered in Tupelo, Mississippi.",James Rollins,Banks - Regional,28.76,USD,5247607120,https://images.financialmodelingprep.com/symbol/BXS.png,1610315,2017-11-07,,,,439445000,228051000,"[{'period': '2020', 'revenue': 1030.0, 'unit': 'M', 'net_profit': 228.05}, {'period': '2019', 'revenue': 930.62, 'unit': 'M', 'net_profit': 234.26}, {'period': '2018', 'revenue': 857.26, 'unit': 'M', 'net_profit': 221.32}, {'period': '2017', 'revenue': 742.07, 'unit': 'M', 'net_profit': 153.03}]","[{'period': ""Q3 '21"", 'revenue': 265.96, 'unit': 'M', 'net_profit': 72.72}, {'period': ""Q2 '21"", 'revenue': 282.12, 'unit': 'M', 'net_profit': 75.54}, {'period': ""Q1 '21"", 'revenue': 260.73, 'unit': 'M', 'net_profit': 81.56}, {'period': ""Q4 '20"", 'revenue': 255.76, 'unit': 'M', 'net_profit': 68.81}, {'period': ""Q3 '20"", 'revenue': 265.86, 'unit': 'M', 'net_profit': 73.83}, {'period': ""Q2 '20"", 'revenue': 261.83, 'unit': 'M', 'net_profit': 61.16}]",2.25,2.25,24081194000,16434530000,6648374000.0,21258717000,106318000,6231006000,10885000.0,417368000.0,170630000,-0.051360318800095846,-0.026508893926005608,-0.021739130434782532,"[0.22, 6.9632]","['2022-03-14', '1985-12-13']",__nan__,0.8827933116605431
413,BY,Byline Bancorp Inc. Common Stock,"Byline Bancorp, Inc. operates as the bank holding company for Byline Bank that provides various banking products and services for small and medium sized businesses, commercial real estate and financial sponsors, and consumers in the United States. It offers various retail deposit products, including non-interest-bearing accounts, money market demand accounts, savings accounts, interest-bearing checking accounts, and time deposits; ATM and debit cards; and online, mobile, and text banking services, as well as commercial deposits. The company also provides term loans, revolving lines of credit, and construction financing services; senior secured financing solutions to private equity backed lower middle market companies; small business administration and united states department of agriculture loans; and treasury management products and services. In addition, it offers financing solutions for equipment vendors and their end users; and investment, trust, and wealth management services that include fiduciary and executor services, financial planning solutions, investment advisory services, and private banking services for foundations and endowments, and high net worth individuals. It operates through 43 branch locations in the Chicago metropolitan area and one branch in Brookfield, Wisconsin. The company was formerly known as Metropolitan Bank Group, Inc. and changed its name to Byline Bancorp, Inc. in 2015. Byline Bancorp, Inc. was founded in 1914 and is headquartered in Chicago, Illinois.",Roberto R. Herencia,Banks - Regional,30.81,USD,1411690353,https://images.financialmodelingprep.com/symbol/BY.png,194671,2017-06-30,,,,187859000,130051000,"[{'period': '2025', 'revenue': 629.49, 'unit': 'M', 'net_profit': 130.05}, {'period': '2024', 'revenue': 621.42, 'unit': 'M', 'net_profit': 120.76}, {'period': '2023', 'revenue': 532.47, 'unit': 'M', 'net_profit': 107.88}, {'period': '2022', 'revenue': 356.46, 'unit': 'M', 'net_profit': 87.95}]","[{'period': ""Q4 '25"", 'revenue': 159.95, 'unit': 'M', 'net_profit': 34.52}, {'period': ""Q3 '25"", 'revenue': 162.58, 'unit': 'M', 'net_profit': 37.2}, {'period': ""Q2 '25"", 'revenue': 158.12, 'unit': 'M', 'net_profit': 30.08}, {'period': ""Q1 '25"", 'revenue': 148.84, 'unit': 'M', 'net_profit': 28.25}, {'period': ""Q4 '24"", 'revenue': 154.44, 'unit': 'M', 'net_profit': 30.32}, {'period': ""Q3 '24"", 'revenue': 160.04, 'unit': 'M', 'net_profit': 30.33}]",2.9,2.89,9652676000,1465290000,1465290000.0,8384770000,0,0,4761815000.0,60184000.0,136321000,0.13093131057732826,0.07694664579865683,0.043165467625899324,"[0.12, 0.03]","['2026-02-03', '2019-12-23']",__nan__,0.8686472020815782
414,BYD,Boyd Gaming Corporation Common Stock,"Boyd Gaming Corporation, together with its subsidiaries, operates as a multi-jurisdictional gaming company. It operates through three segments: Las Vegas Locals, Downtown Las Vegas, and Midwest & South. As of December 31, 2021, the company operated 28 gaming entertainment properties located in Nevada, Illinois, Indiana, Iowa, Kansas, Louisiana, Mississippi, Missouri, Ohio, and Pennsylvania. It also engages in owning and operating a travel agency. The company was founded in 1975 and is headquartered in Las Vegas, Nevada.",Keith E. Smith,"Gambling, Resorts & Casinos",80.17,USD,6052209674,https://images.financialmodelingprep.com/symbol/BYD.png,1045239,1993-10-15,,,,2790023000,1843273000,"[{'period': '2025', 'revenue': 4.09, 'unit': 'B', 'net_profit': 1.84}, {'period': '2024', 'revenue': 3930.0, 'unit': 'M', 'net_profit': 577.95}, {'period': '2023', 'revenue': 3740.0, 'unit': 'M', 'net_profit': 620.02}, {'period': '2022', 'revenue': 3560.0, 'unit': 'M', 'net_profit': 639.38}]","[{'period': ""Q4 '25"", 'revenue': 1060.0, 'unit': 'M', 'net_profit': 140.4}, {'period': ""Q3 '25"", 'revenue': 1.0, 'unit': 'B', 'net_profit': 1.44}, {'period': ""Q2 '25"", 'revenue': 1030.0, 'unit': 'M', 'net_profit': 151.46}, {'period': ""Q1 '25"", 'revenue': 991.57, 'unit': 'M', 'net_profit': 110.34}, {'period': ""Q4 '24"", 'revenue': 1040.0, 'unit': 'M', 'net_profit': 170.51}, {'period': ""Q3 '24"", 'revenue': 961.25, 'unit': 'M', 'net_profit': 131.13}]",22.56,22.56,6853570000,530728000,353413000.0,4245688000,84352000,11500000,979219000.0,353413000.0,388464000,1.3133540787246973,2.1893184901168263,2.644588045234248,"[0.2, 0.075]","['2026-03-16', '2003-08-08']",__nan__,0.6194856111486422
415,BYM,Blackrock Municipal Income Quality Trust Common Shares of Beneficial Interest,"BlackRock Municipal Income Quality Trust is a closed-ended fixed income mutual fund launched by BlackRock, Inc. It is managed by BlackRock Advisors, LLC. The fund invests in the fixed income markets of the United States. It primarily invests in investment grade municipal bonds exempt from federal income taxes, including the alternative minimum tax. BlackRock Municipal Income Quality Trust was formed on October 31, 2002 and is domiciled in the United States.",Charles Choon Sik Park,Asset Management - Income,11.05,USD,286231907,https://images.financialmodelingprep.com/symbol/BYM.png,95675,2002-10-29,,,,0,-16580396,"[{'period': '2025', 'revenue': 23.01, 'unit': 'M', 'net_profit': -16.58}, {'period': '2024', 'revenue': 13.16, 'unit': 'M', 'net_profit': 13.01}, {'period': '2023', 'revenue': 9.8, 'unit': 'M', 'net_profit': -8.77}, {'period': '2022', 'revenue': 17.18, 'unit': 'M', 'net_profit': -50.51}]","[{'period': ""Q4 '25"", 'revenue': 11.76, 'unit': 'M', 'net_profit': -15.7}, {'period': ""Q2 '25"", 'revenue': 11500.0, 'unit': 'K', 'net_profit': -875.49}, {'period': ""Q4 '24"", 'revenue': 11.27, 'unit': 'M', 'net_profit': 5.75}, {'period': ""Q2 '24"", 'revenue': 11.37, 'unit': 'M', 'net_profit': 7.26}, {'period': ""Q4 '23"", 'revenue': 3.94, 'unit': 'M', 'net_profit': -3.95}, {'period': ""Q2 '23"", 'revenue': 5.87, 'unit': 'M', 'net_profit': -4.82}]",-0.64,-0.64,497513815,5260017,2897815.0,202545819,5260017,492253798,104945819.0,0.0,-23447094,0.0,-2.2741630646932007,-2.2800000000000002,"[0.0555, 0.078125]","['2026-02-06', '2002-12-19']",__nan__,0.4071159692319298
416,BZH,Beazer Homes USA Inc. Common Stock,"Beazer Homes USA, Inc. operates as a homebuilder in the United States. It designs, constructs, and sells single-family and multi-family homes under the Beazer Homes, Gatherings, and Choice Plans names. The company sells its homes through commissioned new home sales counselors and independent brokers in Arizona, California, Nevada, Texas, Delaware, Maryland, Indiana, Tennessee, Virginia, Florida, Georgia, North Carolina, and South Carolina. Beazer Homes USA, Inc. was founded in 1985 and is headquartered in Atlanta, Georgia.",Allan Merrill,Residential Construction,19.04,USD,561832891,https://images.financialmodelingprep.com/symbol/BZH.png,485044,1994-02-23,,,,60018000,45588000,"[{'period': '2025', 'revenue': 2370.0, 'unit': 'M', 'net_profit': 45.59}, {'period': '2024', 'revenue': 2330.0, 'unit': 'M', 'net_profit': 140.18}, {'period': '2023', 'revenue': 2210.0, 'unit': 'M', 'net_profit': 158.61}, {'period': '2022', 'revenue': 2320.0, 'unit': 'M', 'net_profit': 220.7}]","[{'period': ""Q1 '26"", 'revenue': 363.49, 'unit': 'M', 'net_profit': -32.6}, {'period': ""Q4 '25"", 'revenue': 791.9, 'unit': 'M', 'net_profit': 30.0}, {'period': ""Q3 '25"", 'revenue': 545370.0, 'unit': 'K', 'net_profit': -324.0}, {'period': ""Q2 '25"", 'revenue': 565.34, 'unit': 'M', 'net_profit': 12.78}, {'period': ""Q1 '25"", 'revenue': 468.95, 'unit': 'M', 'net_profit': 3.13}, {'period': ""Q4 '24"", 'revenue': 806.16, 'unit': 'M', 'net_profit': 52.07}]",1.53,1.52,2609708000,2326149000,214705000.0,1360802000,78145000,0,204478000.0,214705000.0,3480000,-0.6198818187000057,-0.6747779561262708,-0.6666666666666666,"[0.1, 0.1]","['2007-09-06', '2003-12-08']",__nan__,0.5214384137995515
417,C,Citigroup Inc. Common Stock,"Citigroup Inc., a diversified financial services holding company, provides various financial products and services to consumers, corporations, governments, and institutions in North America, Latin America, Asia, Europe, the Middle East, and Africa. The company operates in two segments, Global Consumer Banking (GCB) and Institutional Clients Group (ICG). The GCB segment offers traditional banking services to retail customers through retail banking, Citi-branded cards, and Citi retail services. It also provides various banking, credit card, lending, and investment services through a network of local branches, offices, and electronic delivery systems. The ICG segment offers wholesale banking products and services, including fixed income and equity sales and trading, foreign exchange, prime brokerage, derivative, equity and fixed income research, corporate lending, investment banking and advisory, private banking, cash management, trade finance, and securities services to corporate, institutional, public sector, and high-net-worth clients. As of December 31, 2020, it operated 2,303 branches primarily in the United States, Mexico, and Asia. Citigroup Inc. was founded in 1812 and is headquartered in New York, New York.",Jane Nind Fraser,Banks - Diversified,107.32,USD,187737022400,https://images.financialmodelingprep.com/symbol/C.png,15434331,1977-01-03,,,,23098000000,14268000000,"[{'period': '2025', 'revenue': 168.3, 'unit': 'B', 'net_profit': 14.27}, {'period': '2024', 'revenue': 170.71, 'unit': 'B', 'net_profit': 12.68}, {'period': '2023', 'revenue': 155.38, 'unit': 'B', 'net_profit': 9.23}, {'period': '2022', 'revenue': 100.22, 'unit': 'B', 'net_profit': 14.85}]","[{'period': ""Q4 '25"", 'revenue': 40.85, 'unit': 'B', 'net_profit': 2.43}, {'period': ""Q3 '25"", 'revenue': 43.84, 'unit': 'B', 'net_profit': 3.75}, {'period': ""Q2 '25"", 'revenue': 42.35, 'unit': 'B', 'net_profit': 4.02}, {'period': ""Q1 '25"", 'revenue': 41.26, 'unit': 'B', 'net_profit': 4.06}, {'period': ""Q4 '24"", 'revenue': 40.9, 'unit': 'B', 'net_profit': 2.86}, {'period': ""Q3 '24"", 'revenue': 43.36, 'unit': 'B', 'net_profit': 3.24}]",7.23,6.99,2657202000000,738120000000,675441000000.0,2443380000000,62679000000,444229000000,1530287000000.0,349579000000.0,22283000000,0.08151893992601957,0.12505913893707618,0.19900497512437812,"[0.6, 0.072]","['2026-02-02', '1986-11-25']",__nan__,0.9195311459196553
418,CAAP,Corporacion America Airports SA Common Shares,"Corporación América Airports S.A., through its subsidiaries, acquires, develops, and operates airport concessions. It operates 53 airports in Latin America, Europe, and Eurasia. The company was formerly known as A.C.I. Airports International S.à r.l. The company was founded in 1998 and is headquartered in Luxembourg City, Luxembourg. Corporación América Airports S.A. is a subsidiary of A.C.I. Airports S.à r.l.",Martin Francisco Antranik Eurnekian Bonnarens,"Airlines, Airports & Air Services",24.39,USD,3979911420,https://images.financialmodelingprep.com/symbol/CAAP.png,253400,2018-02-01,,,,701948000,247724000,"[{'period': '2025', 'revenue': 1960.0, 'unit': 'M', 'net_profit': 247.72}, {'period': '2024', 'revenue': 1840.0, 'unit': 'M', 'net_profit': 282.67}, {'period': '2023', 'revenue': 1400.0, 'unit': 'M', 'net_profit': 239.51}, {'period': '2022', 'revenue': 1380.0, 'unit': 'M', 'net_profit': 168.17}]","[{'period': ""Q4 '25"", 'revenue': 562.61, 'unit': 'M', 'net_profit': 107.74}, {'period': ""Q3 '25"", 'revenue': 527.27, 'unit': 'M', 'net_profit': 55.05}, {'period': ""Q2 '25"", 'revenue': 476.81, 'unit': 'M', 'net_profit': 49.34}, {'period': ""Q1 '25"", 'revenue': 447.82, 'unit': 'M', 'net_profit': 40.77}, {'period': ""Q4 '24"", 'revenue': 473.41, 'unit': 'M', 'net_profit': 37.78}, {'period': ""Q3 '24"", 'revenue': 461.81, 'unit': 'M', 'net_profit': 14.68}]",1.53,1.52,4448677000,985042000,714843000.0,2787929000,237632000,157653000,728514000.0,592759000.0,446505000,0.14401847514835042,-0.12364066026588932,-0.13068181818181818,__nan__,__nan__,__nan__,0.6266872150978819
419,CABO,Cable One Inc. Common Stock,"Cable One, Inc., together with its subsidiaries, provides data, video, and voice services in the United States. The company offers residential data services, a service to enhance Wi-Fi signal throughout the home. It also provides residential video services, such as local networks; local community programming that includes governmental and public access; and other channels, as well as digital video services, including national and regional cable networks, music channels, and an interactive and electronic programming guide with parental controls. In addition, the company offers premium channels that offer movies, original programming, live sporting events, and concerts and other features; and advanced video services, such as whole-home DVRs and high-definition set-top boxes, as well as TV Everywhere product, which enables its video customers to stream various channels and shows to mobile devices and computers. Further, it provides residential voice services comprising local and long-distance calling, voicemail, call waiting, three-way calling, caller ID, anonymous call rejection, and other features, as well as international calling by the minute services. Additionally, the company offers data, voice, and video products to business customers, including small to mid-markets, enterprises, and wholesale and carrier customers. As of December 31, 2021, it served approximately 1.2 million residential and business customers in 24 states through its Sparklight, Fidelity, and Clearwave brands. Cable One, Inc. was incorporated in 1980 and is headquartered in Phoenix, Arizona.",James Holanda,Telecommunications Services,95.21,USD,540048258,https://images.financialmodelingprep.com/symbol/CABO.png,161203,2015-06-11,,,,77749000,-356459000,"[{'period': '2025', 'revenue': 1500.0, 'unit': 'M', 'net_profit': -356.46}, {'period': '2024', 'revenue': 1580.0, 'unit': 'M', 'net_profit': 14.48}, {'period': '2023', 'revenue': 1680.0, 'unit': 'M', 'net_profit': 224.62}, {'period': '2022', 'revenue': 1710.0, 'unit': 'M', 'net_profit': 213.06}]","[{'period': ""Q4 '25"", 'revenue': 363.74, 'unit': 'M', 'net_profit': -7.62}, {'period': ""Q3 '25"", 'revenue': 376.01, 'unit': 'M', 'net_profit': 86.53}, {'period': ""Q2 '25"", 'revenue': 381.07, 'unit': 'M', 'net_profit': -437.98}, {'period': ""Q1 '25"", 'revenue': 380.6, 'unit': 'M', 'net_profit': 2.61}, {'period': ""Q4 '24"", 'revenue': 387.21, 'unit': 'M', 'net_profit': -105.24}, {'period': ""Q3 '24"", 'revenue': 393.56, 'unit': 'M', 'net_profit': 44.22}]",-63.21,-63.21,5588353000,306585000,152769000.0,4154715000,58578000,613841000,759324000.0,152769000.0,278075000,-0.8926011979091844,-25.617334254143646,-25.5,"[2.95, 1.5]","['2025-02-18', '2015-11-13']",__nan__,0.7434596561813471
420,CACI,CACI International Inc. Class A Common Stock,"CACI International Inc, together with its subsidiaries, provides expertise and technology to enterprise and mission customers in support of national security missions and government modernization/transformation in the intelligence, defense, and federal civilian sectors. It operates in two segments, Domestic Operations and International Operations. The Domestic Operations segment offers information solutions and services to the U.S. federal government agencies and commercial enterprises in the areas, such as digital solutions, C4ISR, cyber and space, engineering services, enterprise IT, and mission support. The International Operations segment provides a range of IT services, proprietary data, and software products to the commercial and government customers in the United Kingdom, continental Europe, and internationally. The company designs, implements, protects, and manages secure enterprise IT solutions. It also offers software-defined, full-spectrum cyber, electronic warfare, and counter-unmanned aircraft system solutions; and platform integration and modernization and sustainment, as well as system engineering, naval architecture, training and simulation, and logistics engineering. In addition, the company provides enterprise cloud solutions for classified and unclassified networks; and intelligence support that ensures continuous advances in collection, analysis, and dissemination to optimize decision-making. CACI International Inc was founded in 1962 and is headquartered in Reston, Virginia.",John S. Mengucci,Information Technology Services,563.67,USD,12449088231,https://images.financialmodelingprep.com/symbol/CACI.png,287213,1980-03-17,,,,959310000,499830000,"[{'period': '2025', 'revenue': 8630.0, 'unit': 'M', 'net_profit': 499.83}, {'period': '2024', 'revenue': 7660.0, 'unit': 'M', 'net_profit': 419.92}, {'period': '2023', 'revenue': 6700.0, 'unit': 'M', 'net_profit': 384.74}, {'period': '2022', 'revenue': 6200.0, 'unit': 'M', 'net_profit': 366.79}]","[{'period': ""Q2 '26"", 'revenue': 2220.0, 'unit': 'M', 'net_profit': 123.86}, {'period': ""Q1 '26"", 'revenue': 2290.0, 'unit': 'M', 'net_profit': 124.81}, {'period': ""Q4 '25"", 'revenue': 2300.0, 'unit': 'M', 'net_profit': 157.85}, {'period': ""Q3 '25"", 'revenue': 2170.0, 'unit': 'M', 'net_profit': 111.86}, {'period': ""Q2 '25"", 'revenue': 2100.0, 'unit': 'M', 'net_profit': 109.94}, {'period': ""Q1 '25"", 'revenue': 2060.0, 'unit': 'M', 'net_profit': 120.18}]",22.47,22.32,8647598000,1779945000,106181000.0,4753653000,1405441000,14694000,1208106000.0,106181000.0,481406000,0.21147485707574512,0.1902868138044027,0.1977611940298506,__nan__,__nan__,__nan__,0.5497079073287172
421,CADE,Cadence Bancorporation Class A Common Stock,"Cadence Bank provides commercial banking and financial services in the United States. Its products and services include consumer banking, consumer loans, mortgages, home equity lines and loans, credit cards, commercial and business banking, treasury management, specialized and asset-based lending, commercial real estate, equipment financing, and correspondent banking services. The company's products and services also comprise small business administration lending, foreign exchange, wealth management, investment and trust, financial planning, retirement plan management, and personal and business insurance services. As of March 3, 2022, it operated approximately 400 branch locations across the South, Midwest, and Texas. The company was incorporated in 1876 and is headquartered in Tupelo, Mississippi.",James D. Rollins,Banks - Regional,42.11,USD,7845388444,https://images.financialmodelingprep.com/symbol/CADE.png,3973883,1985-10-16,,,,695706000,544464000,"[{'period': '2025', 'revenue': 2900.0, 'unit': 'M', 'net_profit': 544.46}, {'period': '2024', 'revenue': 2900.0, 'unit': 'M', 'net_profit': 523.6}, {'period': '2023', 'revenue': 2190.0, 'unit': 'M', 'net_profit': 542.3}, {'period': '2022', 'revenue': 1900.0, 'unit': 'M', 'net_profit': 463.24}]","[{'period': ""Q4 '25"", 'revenue': 767.96, 'unit': 'M', 'net_profit': 146.75}, {'period': ""Q3 '25"", 'revenue': 748.32, 'unit': 'M', 'net_profit': 129.85}, {'period': ""Q2 '25"", 'revenue': 713.2, 'unit': 'M', 'net_profit': 134.65}, {'period': ""Q1 '25"", 'revenue': 676.03, 'unit': 'M', 'net_profit': 133.22}, {'period': ""Q4 '24"", 'revenue': 706.49, 'unit': 'M', 'net_profit': 132.72}, {'period': ""Q3 '24"", 'revenue': 733.61, 'unit': 'M', 'net_profit': 136.44}]",2.83,2.83,53529044000,2227074000,0.0,47285383000,0,0,31808615000.0,0.0,776588000,-0.20831213876779064,0.03983926784363756,0.007117437722419935,"[0.34375, 0.2415]","['2026-01-30', '1990-09-10']",__nan__,0.8833593777613514
422,CAE,CAE Inc. Ordinary Shares,"CAE Inc., together with its subsidiaries, provides simulation training and critical operations support solutions worldwide. It operates through three segments: Civil Aviation, Defense and Security, and Healthcare. The Civil Aviation segment provides training solutions for flight, cabin, maintenance, and ground personnel in commercial, business, and helicopter aviation; flight simulation training devices; and ab initio pilot training and crew sourcing services, as well as end to end digitally enabled crew management, training operations solutions, and optimization software. The Defense and Security segment offers training and mission support solutions for defense forces across multi-domain operations, OEMs, government agencies and public safety organizations. The Healthcare segment provides integrated education and training solutions, including interventional and imaging simulations, curricula, audiovisual debriefing solutions, center management platforms, and patient simulators for healthcare students and clinical professionals, hospital and university simulation centers, medical and nursing schools, paramedic organizations, defense forces, medical societies, public health agencies and OEMs. The company was formerly known as CAE Industries Ltd. and changed its name to CAE Inc. in 1993. CAE Inc. was incorporated in 1947 and is headquartered in Saint-Laurent, Canada.",Matthew F. Bromberg,Aerospace & Defense,25.86,USD,8321877300,https://images.financialmodelingprep.com/symbol/CAE.png,678894,2002-07-29,,,,1122300000,405300000,"[{'period': '2024', 'revenue': 4710.0, 'unit': 'M', 'net_profit': 405.3}, {'period': '2023', 'revenue': 4280.0, 'unit': 'M', 'net_profit': -304.0}, {'period': '2022', 'revenue': 4010.0, 'unit': 'M', 'net_profit': 222.7}, {'period': '2021', 'revenue': 3370.0, 'unit': 'M', 'net_profit': 141.7}]","[{'period': ""Q3 '25"", 'revenue': 1250.0, 'unit': 'M', 'net_profit': 108.9}, {'period': ""Q2 '25"", 'revenue': 1240.0, 'unit': 'M', 'net_profit': 73.9}, {'period': ""Q1 '25"", 'revenue': 1100.0, 'unit': 'M', 'net_profit': 57.2}, {'period': ""Q4 '24"", 'revenue': 1280.0, 'unit': 'M', 'net_profit': 135.9}, {'period': ""Q3 '24"", 'revenue': 1220.0, 'unit': 'M', 'net_profit': 168.6}, {'period': ""Q2 '24"", 'revenue': 1140.0, 'unit': 'M', 'net_profit': 52.5}]",1.27,1.27,11213800000,2143600000,293700000.0,6237800000,1153200000,559100000,2686500000.0,293700000.0,452400000,5.818347509113001,2.3332236842105263,2.1651376146788994,"[0.07929928, 0.0333]","['2020-03-12', '1989-06-12']",__nan__,0.5562610355098183
423,CAF,Morgan Stanley China A Share Fund Inc. Common Stock,"Morgan Stanley China A Share Fund, Inc. is a closed ended equity mutual fund launched and managed by Morgan Stanley Investment Management Inc. It is co-managed by Morgan Stanley Investment Management Company. The fund invests in the public equity markets of China. It seeks to invest in the stocks of companies operating across diversified sectors. The fund invests in the growth stocks of companies. It employs fundamental analysis with bottom-up stock picking approach to create its portfolio. The fund benchmarks the performance of its portfolio against the Morgan Stanley Capital International China A Share Index. Morgan Stanley China A Share Fund, Inc. was formed on July 6, 2006 and is domiciled in the United States.",Kar Heng Cheung,Asset Management,16.77,USD,284886395,https://images.financialmodelingprep.com/symbol/CAF.png,42989,2006-09-28,,,,70267000,70267000,"[{'period': '2025', 'revenue': 13.39, 'unit': 'M', 'net_profit': 70.27}, {'period': '2024', 'revenue': -83.9, 'unit': 'M', 'net_profit': 17.67}, {'period': '2023', 'revenue': -13.35, 'unit': 'M', 'net_profit': -45.74}, {'period': '2022', 'revenue': -131.36, 'unit': 'M', 'net_profit': -132.54}]","[{'period': ""Q4 '25"", 'revenue': 7.35, 'unit': 'M', 'net_profit': 60.74}, {'period': ""Q2 '25"", 'revenue': 6.04, 'unit': 'M', 'net_profit': 9.53}, {'period': ""Q4 '24"", 'revenue': -5.37, 'unit': 'M', 'net_profit': 24.91}, {'period': ""Q2 '24"", 'revenue': -78.53, 'unit': 'M', 'net_profit': -7.24}, {'period': ""Q4 '23"", 'revenue': -10.91, 'unit': 'M', 'net_profit': -14.28}, {'period': ""Q2 '23"", 'revenue': -2.44, 'unit': 'M', 'net_profit': -31.46}]",4.15,4.15,330980000,4613000,4605000.0,545000,8000,326333000,0.0,3696000.0,0,2.9775274538661836,2.976852113871753,3.029126213592233,"[0.26295, 0.6296]","['2025-12-19', '2007-06-27']",__nan__,0.0016466251737265092
424,CAG,ConAgra Brands Inc. Common Stock,"Conagra Brands, Inc., together with its subsidiaries, operates as a consumer packaged goods food company in North America. The company operates in four segments: Grocery & Snacks, Refrigerated & Frozen, International, and Foodservice. The Grocery & Snacks segment primarily offers shelf stable food products through various retail channels in the United States. The Refrigerated & Frozen segment provides temperature-controlled food products through various retail channels in the United States. The International segment offers food products in various temperature states through retail and foodservice channels outside of the United States. The Foodservice segment offers branded and customized food products, including meals, entrees, sauces, and various custom-manufactured culinary products packaged for restaurants and other foodservice establishments in the United States. The company sells its products under the Birds Eye, Duncan Hines, Healthy Choice, Marie Callender's, Reddi-wip, Slim Jim, Angie's BOOMCHICKAPOP, Duke's, Earth Balance, Gardein, and Frontera brands. The company was formerly known as ConAgra Foods, Inc. and changed its name to Conagra Brands, Inc. in November 2016. Conagra Brands, Inc. was founded in 1861 and is headquartered in Chicago, Illinois.",Sean Connolly,Packaged Foods,15.62,USD,7472131200,https://images.financialmodelingprep.com/symbol/CAG.png,13530955,1980-03-17,,,,1965600000,1152400000,"[{'period': '2025', 'revenue': 11.61, 'unit': 'B', 'net_profit': 1.15}, {'period': '2024', 'revenue': 12050.0, 'unit': 'M', 'net_profit': 347.2}, {'period': '2023', 'revenue': 12280.0, 'unit': 'M', 'net_profit': 683.6}, {'period': '2022', 'revenue': 11540.0, 'unit': 'M', 'net_profit': 888.2}]","[{'period': ""Q2 '26"", 'revenue': 2980.0, 'unit': 'M', 'net_profit': -663.6}, {'period': ""Q1 '26"", 'revenue': 2630.0, 'unit': 'M', 'net_profit': 164.5}, {'period': ""Q4 '25"", 'revenue': 2780.0, 'unit': 'M', 'net_profit': 256.0}, {'period': ""Q3 '25"", 'revenue': 2840.0, 'unit': 'M', 'net_profit': 145.1}, {'period': ""Q2 '25"", 'revenue': 3200.0, 'unit': 'M', 'net_profit': 284.5}, {'period': ""Q1 '25"", 'revenue': 2790.0, 'unit': 'M', 'net_profit': 466.8}]",2.41,2.41,20933900000,3071000000,68000000.0,12001200000,770000000,0,4317000000.0,68000000.0,1302600000,0.35811511089615145,2.3191244239631335,2.301369863013699,"[0.35, 0.217]","['2026-01-27', '1985-07-22']",__nan__,0.5732902134814822
425,CAH,Cardinal Health Inc. Common Stock,"Cardinal Health, Inc. operates as an integrated healthcare services and products company in the United States, Canada, Europe, Asia, and internationally. It provides customized solutions for hospitals, healthcare systems, pharmacies, ambulatory surgery centers, clinical laboratories, physician offices, and patients in the home. The company operates in two segments, Pharmaceutical and Medical. The Pharmaceutical segment distributes branded and generic pharmaceutical, specialty pharmaceutical, and over-the-counter healthcare and consumer products. The segment also provides services to pharmaceutical manufacturers and healthcare providers for specialty pharmaceutical products; operates nuclear pharmacies and radiopharmaceutical manufacturing facilities; repackages generic pharmaceuticals and over-the-counter healthcare products; and offers medication therapy management and patient outcomes services to hospitals, other healthcare providers, and payers, as well as provides pharmacy management services to hospitals. The Medical segment manufactures, sources, and distributes Cardinal Health branded medical, surgical, and laboratory products and devices that include exam and surgical gloves; needles, syringe, and sharps disposals; compressions; incontinences; nutritional delivery products; wound care products; single-use surgical drapes, gowns, and apparels; fluid suction and collection systems; urology products; operating room supply products; and electrode product lines. The segment also distributes a range of national brand products, including medical, surgical, and laboratory products; provides supply chain services and solutions to hospitals, ambulatory surgery centers, clinical laboratories, and other healthcare providers; and assembles and sells sterile, and non-sterile procedure kits. The company was incorporated in 1979 and is headquartered in Dublin, Ohio.",Jason Hollar,Medical - Distribution,206.58,USD,48611582585,https://images.financialmodelingprep.com/symbol/CAH.png,1721205,1983-08-04,,,,3106000000,1561000000,"[{'period': '2025', 'revenue': 222.58, 'unit': 'B', 'net_profit': 1.56}, {'period': '2024', 'revenue': 226830.0, 'unit': 'M', 'net_profit': 852.0}, {'period': '2023', 'revenue': 204980.0, 'unit': 'M', 'net_profit': 330.0}, {'period': '2022', 'revenue': 181330.0, 'unit': 'M', 'net_profit': -938.0}]","[{'period': ""Q2 '26"", 'revenue': 65440.0, 'unit': 'M', 'net_profit': 471.0}, {'period': ""Q1 '26"", 'revenue': 64010.00000000001, 'unit': 'M', 'net_profit': 450.0}, {'period': ""Q4 '25"", 'revenue': 60160.0, 'unit': 'M', 'net_profit': 239.0}, {'period': ""Q3 '25"", 'revenue': 54880.0, 'unit': 'M', 'net_profit': 506.0}, {'period': ""Q2 '25"", 'revenue': 55260.0, 'unit': 'M', 'net_profit': 400.0}, {'period': ""Q1 '25"", 'revenue': 52280.0, 'unit': 'M', 'net_profit': 416.0}]",6.48,6.45,53122000000,36373000000,3874000000.0,55756000000,13242000000,14000000,38897000000.0,3874000000.0,1850000000,0.583078491335372,0.8321596244131455,0.8620689655172415,"[0.5107, 0.02]","['2026-04-01', '1986-12-24']",__nan__,1.0495839765069086
426,CAI,CAI International Inc. Common Stock,"Caris Life Sciences, Inc., an artificial intelligence TechBio company, provides molecular profiling services in the United States and internationally. It develops and commercializes solutions to transform healthcare using molecular information, and machine learning algorithms. The company's molecular profiling services portfolio includes MI Profile, a tissue-based molecular profiling solution; and Caris Assure, a blood-based molecular profiling solution for cancer treatment. It also offers pharma research and development services comprising laboratory delivery, strategic data, and research services to biopharmaceutical customers. The company was founded in 2008 and is headquartered in Irving, Texas.",David Dean Halbert,Biotechnology,16.95,USD,4789729627,https://images.financialmodelingprep.com/symbol/CAI.png,2456855,2025-06-18,,,,11380000,-537957000,"[{'period': '2025', 'revenue': 812.03, 'unit': 'M', 'net_profit': -537.96}, {'period': '2024', 'revenue': 412.26, 'unit': 'M', 'net_profit': -281.89}, {'period': '2023', 'revenue': 306.13, 'unit': 'M', 'net_profit': -341.42}, {'period': '2022', 'revenue': 258.49, 'unit': 'M', 'net_profit': -320.83}]","[{'period': ""Q4 '25"", 'revenue': 292.89, 'unit': 'M', 'net_profit': 81.96}, {'period': ""Q3 '25"", 'revenue': 216.83, 'unit': 'M', 'net_profit': 24.32}, {'period': ""Q2 '25"", 'revenue': 181.4, 'unit': 'M', 'net_profit': -71.79}, {'period': ""Q1 '25"", 'revenue': 120.92, 'unit': 'M', 'net_profit': -102.58}, {'period': ""Q2 '24"", 'revenue': 100.05, 'unit': 'M', 'net_profit': -66.19}, {'period': ""Q1 '24"", 'revenue': 80.68, 'unit': 'M', 'net_profit': -111.03}]",-1.9,-1.9,1125663000,997800000,800094000.0,548356000,112140000,0,127145000.0,797799000.0,66895000,1.062202107656653,-0.908393344921778,0.2962962962962964,__nan__,__nan__,__nan__,0.48714046744007755
