,symbol,name,description__profile,ceo__profile,industry__profile,price__profile,currency__profile,mktCap__profile,image__profile,volAvg__profile,ipoDate__profile,pe__quote,change__quote,volume__quote,ebitda__income_statement,netIncome__income_statement,annual_earnings,quaterly_earnings,eps__income_statement,epsdiluted__income_statement,totalAssets__balance_sheet_statement,totalCurrentAssets__balance_sheet_statement,cashAndShortTermInvestments__balance_sheet_statement,totalLiabilities__balance_sheet_statement,netReceivables__balance_sheet_statement,longTermInvestments__balance_sheet_statement,totalCurrentLiabilities__balance_sheet_statement,cashAndCashEquivalents__balance_sheet_statement,freeCashFlow__cash_flow_statement,growthEBITDA__income_statement_growth,growthNetIncome__income_statement_growth,growthEPS__income_statement_growth,dividend__historical-price-full/stock_dividend,date__historical-price-full/stock_dividend,derived__netIncomeMargin,derived__debtRatio
0,CAJ,Canon Inc. American Depositary Shares,,,,,,,,,,12.431034482758621,0.0,933985.0,,,[],"[{'period': ""Q1 '23"", 'revenue': 971.12, 'unit': 'B', 'net_profit': 61.73}, {'period': ""Q4 '22"", 'revenue': 1160.0, 'unit': 'B', 'net_profit': 84.84}, {'period': ""Q3 '22"", 'revenue': 996.09, 'unit': 'B', 'net_profit': 54.12}, {'period': ""Q2 '22"", 'revenue': 998.8, 'unit': 'B', 'net_profit': 59.02}, {'period': ""Q1 '22"", 'revenue': 879.35, 'unit': 'B', 'net_profit': 45.98}, {'period': ""Q4 '21"", 'revenue': 955.45, 'unit': 'B', 'net_profit': 63.43}]",,,,,,,,,,,,,,,,,__nan__,__nan__
1,CAL,Caleres Inc. Common Stock,,,,,,,,,,-50.71,0.21,68746.54581,,,[],"[{'period': ""Q4 '25"", 'revenue': 695.06, 'unit': 'M', 'net_profit': -22.73}, {'period': ""Q3 '25"", 'revenue': 790.05, 'unit': 'M', 'net_profit': 2.29}, {'period': ""Q2 '25"", 'revenue': 658.52, 'unit': 'M', 'net_profit': 6.45}, {'period': ""Q1 '25"", 'revenue': 614.22, 'unit': 'M', 'net_profit': 6.94}, {'period': ""Q4 '24"", 'revenue': 639.23, 'unit': 'M', 'net_profit': 4.93}, {'period': ""Q3 '24"", 'revenue': 740.94, 'unit': 'M', 'net_profit': 41.43}]",,,,,,,,,,,,,,,,,__nan__,__nan__
2,CALX,Calix Inc Common Stock,,,,,,,,,,189.35,-1.05,88520.0,,,[],"[{'period': ""Q4 '25"", 'revenue': 272.45, 'unit': 'M', 'net_profit': 7.21}, {'period': ""Q3 '25"", 'revenue': 265.44, 'unit': 'M', 'net_profit': 15.66}, {'period': ""Q2 '25"", 'revenue': 241880.0, 'unit': 'K', 'net_profit': -199.0}, {'period': ""Q1 '25"", 'revenue': 220.24, 'unit': 'M', 'net_profit': -4.79}, {'period': ""Q4 '24"", 'revenue': 206.12, 'unit': 'M', 'net_profit': -17.92}, {'period': ""Q3 '24"", 'revenue': 200.94, 'unit': 'M', 'net_profit': -3.97}]",,,,,,,,,,,,,,,,,__nan__,__nan__
3,CANG,Cango Inc. American Depositary Shares  each representing two (2) Class A Ordinary Shares,,,,,,,,,,-0.76,-0.0216,246228.0,,,[],"[{'period': ""Q4 '25"", 'revenue': 1.25, 'unit': 'B', 'net_profit': -1.99}, {'period': ""Q3 '25"", 'revenue': 1600.0, 'unit': 'M', 'net_profit': 265.69}, {'period': ""Q2 '25"", 'revenue': 138.5, 'unit': 'M', 'net_profit': -292.55}, {'period': ""Q1 '25"", 'revenue': 1050.0, 'unit': 'M', 'net_profit': -207.36}, {'period': ""Q4 '24"", 'revenue': 668.03, 'unit': 'M', 'net_profit': 55.89}, {'period': ""Q3 '24"", 'revenue': 26.95, 'unit': 'M', 'net_profit': 67.88}]",,,,,,,,,,,,,,,,,__nan__,__nan__
4,CAP,Capitol Investment Corp. V Class A Common Stock,,,,,,,,,,,,,,,[],"[{'period': ""Q2 '21"", 'revenue': 129.99, 'unit': 'K', 'net_profit': -330.83}, {'period': ""Q4 '20"", 'revenue': 0.0, 'unit': 'K', 'net_profit': -144.92}, {'period': ""Q2 '20"", 'revenue': 0.0, 'unit': '', 'net_profit': -277.0}, {'period': ""Q4 '19"", 'revenue': 0.0, 'unit': 'K', 'net_profit': -2.55}]",,,,,,,,,,,,,,,,,__nan__,__nan__
5,CAPL,CrossAmerica Partners LP Common Units representing limited partner interests,,,,,,,,,,20.54,-0.59,26674.0,,,[],"[{'period': ""Q4 '25"", 'revenue': 2690.0, 'unit': 'M', 'net_profit': 10.19}, {'period': ""Q3 '25"", 'revenue': 971.85, 'unit': 'M', 'net_profit': 13.59}, {'period': ""Q2 '25"", 'revenue': 961.92, 'unit': 'M', 'net_profit': 25.17}, {'period': ""Q1 '25"", 'revenue': 862.48, 'unit': 'M', 'net_profit': -7.78}, {'period': ""Q4 '24"", 'revenue': 944.22, 'unit': 'M', 'net_profit': 14.3}, {'period': ""Q3 '24"", 'revenue': 1080.0, 'unit': 'M', 'net_profit': 10.71}]",,,,,,,,,,,,,,,,,__nan__,__nan__
6,CARR,Carrier Global Corporation Common Stock ,,,,,,,,,,32.26,0.27,740087.0,,,[],"[{'period': ""Q4 '25"", 'revenue': 4840.0, 'unit': 'M', 'net_profit': 62.0}, {'period': ""Q3 '25"", 'revenue': 5580.0, 'unit': 'M', 'net_profit': 428.0}, {'period': ""Q2 '25"", 'revenue': 6110.0, 'unit': 'M', 'net_profit': 591.0}, {'period': ""Q1 '25"", 'revenue': 5220.0, 'unit': 'M', 'net_profit': 412.0}, {'period': ""Q4 '24"", 'revenue': 5.15, 'unit': 'B', 'net_profit': 2.55}, {'period': ""Q3 '24"", 'revenue': 5980.0, 'unit': 'M', 'net_profit': 447.0}]",,,,,,,,,,,,,,,,,__nan__,__nan__
7,CARS,Cars.com Inc. Common Stock ,,,,,,,,,,24.77,-0.035,204367.0,,,[],"[{'period': ""Q4 '25"", 'revenue': 183.9, 'unit': 'M', 'net_profit': 7.4}, {'period': ""Q3 '25"", 'revenue': 181.57, 'unit': 'M', 'net_profit': 7.66}, {'period': ""Q2 '25"", 'revenue': 178.74, 'unit': 'M', 'net_profit': 7.01}, {'period': ""Q1 '25"", 'revenue': 179.02, 'unit': 'M', 'net_profit': -2.01}, {'period': ""Q4 '24"", 'revenue': 180.43, 'unit': 'M', 'net_profit': 17.3}, {'period': ""Q3 '24"", 'revenue': 179.65, 'unit': 'M', 'net_profit': 18.72}]",,,,,,,,,,,,,,,,,__nan__,__nan__
8,CAS,Cascade Acquisition Corp. Class A Common Stock,,,,,,,,,,,0.2274,744.0,,,[],[],,,,,,,,,,,,,,,,,__nan__,__nan__
9,CAT,Caterpillar Inc. Common Stock,,,,,,,,,,35.99,-19.46,681938.0,,,[],"[{'period': ""Q4 '25"", 'revenue': 19.13, 'unit': 'B', 'net_profit': 2.4}, {'period': ""Q3 '25"", 'revenue': 17.64, 'unit': 'B', 'net_profit': 2.29}, {'period': ""Q2 '25"", 'revenue': 16.57, 'unit': 'B', 'net_profit': 2.18}, {'period': ""Q1 '25"", 'revenue': 14.25, 'unit': 'B', 'net_profit': 2.0}, {'period': ""Q4 '24"", 'revenue': 16.21, 'unit': 'B', 'net_profit': 2.79}, {'period': ""Q3 '24"", 'revenue': 16.11, 'unit': 'B', 'net_profit': 2.46}]",,,,,,,,,,,,,,,,,__nan__,__nan__
10,CATO,Cato Corporation (The) Class A Common Stock,,,,,,,,,,-9.19,0.11,16411.0,,,[],"[{'period': ""Q4 '25"", 'revenue': 151.66, 'unit': 'M', 'net_profit': -10.86}, {'period': ""Q3 '25"", 'revenue': 155.4, 'unit': 'M', 'net_profit': -5.19}, {'period': ""Q2 '25"", 'revenue': 176.51, 'unit': 'M', 'net_profit': 6.51}, {'period': ""Q1 '25"", 'revenue': 170.24, 'unit': 'M', 'net_profit': 3.12}, {'period': ""Q4 '24"", 'revenue': 157.91, 'unit': 'M', 'net_profit': -14.05}, {'period': ""Q3 '24"", 'revenue': 146.17, 'unit': 'M', 'net_profit': -15.27}]",,,,,,,,,,,,,,,,,__nan__,__nan__
11,CB,Chubb Limited  Common Stock,,,,,,,,,,12.67,6.28,265727.0,,,[],"[{'period': ""Q4 '25"", 'revenue': 15.23, 'unit': 'B', 'net_profit': 3.21}, {'period': ""Q3 '25"", 'revenue': 16.14, 'unit': 'B', 'net_profit': 2.8}, {'period': ""Q2 '25"", 'revenue': 14.9, 'unit': 'B', 'net_profit': 2.97}, {'period': ""Q1 '25"", 'revenue': 13.48, 'unit': 'B', 'net_profit': 1.33}, {'period': ""Q4 '24"", 'revenue': 14.18, 'unit': 'B', 'net_profit': 2.58}, {'period': ""Q3 '24"", 'revenue': 15.1, 'unit': 'B', 'net_profit': 2.32}]",,,,,,,,,,,,,,,,,__nan__,__nan__
12,CBAH,CBRE Acquisition Holdings Inc. Class A Common Stock,,,,,,,,,,0.0,0.65,1081738.0,,,[],"[{'period': ""Q4 '24"", 'revenue': 44.47, 'unit': 'M', 'net_profit': -61.47}, {'period': ""Q2 '21"", 'revenue': 0.0, 'unit': 'M', 'net_profit': -4.27}, {'period': ""Q4 '20"", 'revenue': 0.0, 'unit': 'K', 'net_profit': -295.74}]",,,,,,,,,,,,,,,,,__nan__,__nan__
13,CBB,Cincinnati Bell Inc. Common Stock,,,,,,,,,,0.0,0.0,63572.0,,,[],"[{'period': ""Q4 '25"", 'revenue': 276.7, 'unit': 'M', 'net_profit': -63.1}, {'period': ""Q3 '25"", 'revenue': 279300000.0, 'unit': '', 'net_profit': 0.0}, {'period': ""Q2 '25"", 'revenue': 274.8, 'unit': 'M', 'net_profit': -18.1}, {'period': ""Q1 '25"", 'revenue': 276.4, 'unit': 'M', 'net_profit': -28.3}, {'period': ""Q4 '24"", 'revenue': -564.7, 'unit': 'M', 'net_profit': 107.5}, {'period': ""Q2 '21"", 'revenue': 414.2, 'unit': 'M', 'net_profit': -4.6}]",,,,,,,,,,,,,,,,,__nan__,__nan__
14,CBD,Companhia Brasileira de Distribuicao American Depsitary Shares; each representing one Common Share,,,,,,,,,,-14.833333333333334,-0.014,74430.0,,,[],"[{'period': ""Q2 '25"", 'revenue': 4680.0, 'unit': 'M', 'net_profit': -216.0}, {'period': ""Q1 '25"", 'revenue': 4770.0, 'unit': 'M', 'net_profit': -169.0}, {'period': ""Q4 '24"", 'revenue': 5.22, 'unit': 'B', 'net_profit': -1.1}, {'period': ""Q3 '24"", 'revenue': 4490.0, 'unit': 'M', 'net_profit': -311.0}, {'period': ""Q2 '24"", 'revenue': 4490.0, 'unit': 'M', 'net_profit': -332.0}, {'period': ""Q1 '24"", 'revenue': 4590.0, 'unit': 'M', 'net_profit': -660.0}]",,,,,,,,,,,,,,,,,__nan__,__nan__
15,CBH,Virtus AllianzGI Convertible & Income 2024 Target Term Fund Common Shares of Beneficial Interest,,,,,,,,,,25.51388888888889,0.005,113238.0,,,[],"[{'period': ""Q4 '23"", 'revenue': 4.72, 'unit': 'M', 'net_profit': 18.26}, {'period': ""Q2 '23"", 'revenue': 3.75, 'unit': 'M', 'net_profit': 18.26}, {'period': ""Q4 '22"", 'revenue': 4.51, 'unit': 'M', 'net_profit': 18.26}, {'period': ""Q2 '22"", 'revenue': 4.26, 'unit': 'M', 'net_profit': 18.26}, {'period': ""Q4 '19"", 'revenue': 8.59, 'unit': 'M', 'net_profit': 18.26}, {'period': ""Q2 '19"", 'revenue': 7.07, 'unit': 'M', 'net_profit': 18.26}]",,,,,,,,,,,,,,,,,__nan__,__nan__
16,CBRE,CBRE Group Inc Common Stock Class A,,,,,,,,,,34.96,2.83,262524.0,,,[],"[{'period': ""Q4 '25"", 'revenue': 11630.0, 'unit': 'M', 'net_profit': 416.0}, {'period': ""Q3 '25"", 'revenue': 10260.0, 'unit': 'M', 'net_profit': 363.0}, {'period': ""Q2 '25"", 'revenue': 9750.0, 'unit': 'M', 'net_profit': 215.0}, {'period': ""Q1 '25"", 'revenue': 8910.0, 'unit': 'M', 'net_profit': 163.0}, {'period': ""Q4 '24"", 'revenue': 10400.0, 'unit': 'M', 'net_profit': 487.0}, {'period': ""Q3 '24"", 'revenue': 9040.0, 'unit': 'M', 'net_profit': 225.0}]",,,,,,,,,,,,,,,,,__nan__,__nan__
17,CBT,Cabot Corporation Common Stock,,,,,,,,,,13.14,1.05,41530.0,,,[],"[{'period': ""Q1 '26"", 'revenue': 849.0, 'unit': 'M', 'net_profit': 73.0}, {'period': ""Q4 '25"", 'revenue': 899.0, 'unit': 'M', 'net_profit': 43.0}, {'period': ""Q3 '25"", 'revenue': 923.0, 'unit': 'M', 'net_profit': 101.0}, {'period': ""Q2 '25"", 'revenue': 936.0, 'unit': 'M', 'net_profit': 94.0}, {'period': ""Q1 '25"", 'revenue': 955.0, 'unit': 'M', 'net_profit': 93.0}, {'period': ""Q4 '24"", 'revenue': 1000.0, 'unit': 'M', 'net_profit': 137.0}]",,,,,,,,,,,,,,,,,__nan__,__nan__
18,CBU,Community Bank System Inc. Common Stock,,,,,,,,,,14.45,0.57,23099.0,,,[],"[{'period': ""Q4 '25"", 'revenue': 181.47, 'unit': 'M', 'net_profit': 54.42}, {'period': ""Q3 '25"", 'revenue': 256.17, 'unit': 'M', 'net_profit': 55.09}, {'period': ""Q2 '25"", 'revenue': 247.39, 'unit': 'M', 'net_profit': 51.33}, {'period': ""Q1 '25"", 'revenue': 243.68, 'unit': 'M', 'net_profit': 49.61}, {'period': ""Q4 '24"", 'revenue': 246.25, 'unit': 'M', 'net_profit': 49.79}, {'period': ""Q3 '24"", 'revenue': 240.1, 'unit': 'M', 'net_profit': 43.9}]",,,,,,,,,,,,,,,,,__nan__,__nan__
19,CBZ,CBIZ Inc. Common Stock,,,,,,,,,,14.8,0.95,230641.0,,,[],"[{'period': ""Q4 '25"", 'revenue': 542.66, 'unit': 'M', 'net_profit': -79.42}, {'period': ""Q3 '25"", 'revenue': 693.82, 'unit': 'M', 'net_profit': 30.15}, {'period': ""Q2 '25"", 'revenue': 683.5, 'unit': 'M', 'net_profit': 41.94}, {'period': ""Q1 '25"", 'revenue': 838.01, 'unit': 'M', 'net_profit': 122.77}, {'period': ""Q4 '24"", 'revenue': 460.28, 'unit': 'M', 'net_profit': -90.72}, {'period': ""Q3 '24"", 'revenue': 438.88, 'unit': 'M', 'net_profit': 35.08}]",,,,,,,,,,,,,,,,,__nan__,__nan__
20,CC,Chemours Company (The) Common Stock,,,,,,,,,,-8.41,0.02,498110.0,,,[],"[{'period': ""Q4 '25"", 'revenue': 1330.0, 'unit': 'M', 'net_profit': -61.0}, {'period': ""Q3 '25"", 'revenue': 1500.0, 'unit': 'M', 'net_profit': 60.0}, {'period': ""Q2 '25"", 'revenue': 1610.0, 'unit': 'M', 'net_profit': -381.0}, {'period': ""Q1 '25"", 'revenue': 1370.0, 'unit': 'M', 'net_profit': -4.0}, {'period': ""Q4 '24"", 'revenue': 1390.0, 'unit': 'M', 'net_profit': -8.0}, {'period': ""Q3 '24"", 'revenue': 1500.0, 'unit': 'M', 'net_profit': -27.0}]",,,,,,,,,,,,,,,,,__nan__,__nan__
21,CCAC,CITIC Capital Acquisition Corp. Class A Ordinary Shares,,,,,,,,,,46.07843137254902,-0.37,332867.0,,,[],"[{'period': ""Q3 '21"", 'revenue': 0.0, 'unit': 'M', 'net_profit': 5.55}, {'period': ""Q2 '21"", 'revenue': 0.0, 'unit': 'M', 'net_profit': -1.88}, {'period': ""Q1 '21"", 'revenue': 0.0, 'unit': 'M', 'net_profit': 11.77}, {'period': ""Q4 '20"", 'revenue': 0.0, 'unit': 'K', 'net_profit': -173.0}, {'period': ""Q3 '20"", 'revenue': 0.0, 'unit': 'K', 'net_profit': -161.0}, {'period': ""Q2 '20"", 'revenue': 0.0, 'unit': 'K', 'net_profit': -95.96}]",,,,,,,,,,,,,,,,,__nan__,__nan__
22,CCEP,Coca-Cola Europacific Partners plc Ordinary Shares,,,,,,,,,,18.53,-0.46,761560.92171,,,[],"[{'period': ""Q4 '25"", 'revenue': 10.63, 'unit': 'B', 'net_profit': 1.03}, {'period': ""Q2 '25"", 'revenue': 10270.0, 'unit': 'M', 'net_profit': 913.0}, {'period': ""Q4 '24"", 'revenue': 10610.0, 'unit': 'M', 'net_profit': 621.0}, {'period': ""Q2 '24"", 'revenue': 9830.0, 'unit': 'M', 'net_profit': 797.0}, {'period': ""Q4 '23"", 'revenue': 9320.0, 'unit': 'M', 'net_profit': 815.0}, {'period': ""Q2 '23"", 'revenue': 8980.0, 'unit': 'M', 'net_profit': 854.0}]",,,,,,,,,,,,,,,,,__nan__,__nan__
23,CCI,Crown Castle International Corp. (REIT) Common Stock,,,,,,,,,,31.94,1.91,402458.0,,,[],"[{'period': ""Q4 '25"", 'revenue': 1070.0, 'unit': 'M', 'net_profit': 294.0}, {'period': ""Q3 '25"", 'revenue': 1070.0, 'unit': 'M', 'net_profit': 323.0}, {'period': ""Q2 '25"", 'revenue': 1060.0, 'unit': 'M', 'net_profit': 291.0}, {'period': ""Q1 '25"", 'revenue': 1060.0, 'unit': 'M', 'net_profit': -464.0}, {'period': ""Q4 '24"", 'revenue': 1.65, 'unit': 'B', 'net_profit': -4.77}, {'period': ""Q3 '24"", 'revenue': 1650.0, 'unit': 'M', 'net_profit': 303.0}]",,,,,,,,,,,,,,,,,__nan__,__nan__
24,CCIV,Churchill Capital Corp IV Class A Common Stock,,,,,,,,,,0.0,1.35,17905570.0,,,[],"[{'period': ""Q4 '25"", 'revenue': 0.0, 'unit': 'M', 'net_profit': -814.02}, {'period': ""Q3 '25"", 'revenue': 0.0, 'unit': 'M', 'net_profit': -978.43}, {'period': ""Q2 '25"", 'revenue': 0.0, 'unit': 'M', 'net_profit': -539.43}, {'period': ""Q1 '25"", 'revenue': 0.0, 'unit': 'M', 'net_profit': -366.17}, {'period': ""Q4 '24"", 'revenue': 0.0, 'unit': 'M', 'net_profit': -397.22}, {'period': ""Q2 '21"", 'revenue': 0.0, 'unit': 'M', 'net_profit': -588.82}]",,,,,,,,,,,,,,,,,__nan__,__nan__
25,CCJ,Cameco Corporation Common Stock,,,,,,,,,,107.94,1.86,796314.47178,,,[],"[{'period': ""Q4 '25"", 'revenue': 1200.0, 'unit': 'M', 'net_profit': 198.9}, {'period': ""Q3 '25"", 'revenue': 614550.0, 'unit': 'K', 'net_profit': -141.0}, {'period': ""Q2 '25"", 'revenue': 877.02, 'unit': 'M', 'net_profit': 320.89}, {'period': ""Q1 '25"", 'revenue': 789.43, 'unit': 'M', 'net_profit': 69.76}, {'period': ""Q4 '24"", 'revenue': 1180.0, 'unit': 'M', 'net_profit': 135.47}, {'period': ""Q3 '24"", 'revenue': 720.6, 'unit': 'M', 'net_profit': 7.43}]",,,,,,,,,,,,,,,,,__nan__,__nan__
26,CCK,Crown Holdings Inc.,,,,,,,,,,15.56,-0.28,226107.0,,,[],"[{'period': ""Q4 '25"", 'revenue': 3130.0, 'unit': 'M', 'net_profit': 149.0}, {'period': ""Q3 '25"", 'revenue': 3200.0, 'unit': 'M', 'net_profit': 214.0}, {'period': ""Q2 '25"", 'revenue': 3150.0, 'unit': 'M', 'net_profit': 181.0}, {'period': ""Q1 '25"", 'revenue': 2890.0, 'unit': 'M', 'net_profit': 193.0}, {'period': ""Q4 '24"", 'revenue': 2900.0, 'unit': 'M', 'net_profit': 358.0}, {'period': ""Q3 '24"", 'revenue': 3070.0, 'unit': 'M', 'net_profit': -175.0}]",,,,,,,,,,,,,,,,,__nan__,__nan__
27,CCL,Carnival Corporation Common Stock,,,,,,,,,,10.75,0.205,9723571.0,,,[],"[{'period': ""Q1 '26"", 'revenue': 6170.0, 'unit': 'M', 'net_profit': 258.0}, {'period': ""Q4 '25"", 'revenue': 6330.0, 'unit': 'M', 'net_profit': 422.0}, {'period': ""Q3 '25"", 'revenue': 8.15, 'unit': 'B', 'net_profit': 1.85}, {'period': ""Q2 '25"", 'revenue': 6330.0, 'unit': 'M', 'net_profit': 565.0}, {'period': ""Q1 '25"", 'revenue': 5810.0, 'unit': 'M', 'net_profit': -78.0}, {'period': ""Q4 '24"", 'revenue': 5940.0, 'unit': 'M', 'net_profit': 303.0}]",,,,,,,,,,,,,,,,,__nan__,__nan__
28,CCM,Concord Medical Services Holdings Limited ADS (Each represents three ordinary shares),,,,,,,,,,-0.67,-0.21,816.0,,,[],"[{'period': ""Q2 '25"", 'revenue': 100.31, 'unit': 'M', 'net_profit': -13.57}, {'period': ""Q1 '25"", 'revenue': 100.31, 'unit': 'M', 'net_profit': -13.57}, {'period': ""Q4 '24"", 'revenue': 82.57, 'unit': 'M', 'net_profit': -67.99}, {'period': ""Q3 '24"", 'revenue': 82.57, 'unit': 'M', 'net_profit': -67.99}, {'period': ""Q2 '24"", 'revenue': 109.41, 'unit': 'M', 'net_profit': -86.13}, {'period': ""Q1 '24"", 'revenue': 109.41, 'unit': 'M', 'net_profit': -86.13}]",,,,,,,,,,,,,,,,,__nan__,__nan__
29,CCO,Clear Channel Outdoor Holdings Inc. Common Stock,,,,,,,,,,-10.75,0.01500001,1257900.0,,,[],"[{'period': ""Q4 '25"", 'revenue': 461.51, 'unit': 'M', 'net_profit': -105.79}, {'period': ""Q3 '25"", 'revenue': 405.64, 'unit': 'M', 'net_profit': -60.09}, {'period': ""Q2 '25"", 'revenue': 402.81, 'unit': 'M', 'net_profit': 9.52}, {'period': ""Q1 '25"", 'revenue': 334.18, 'unit': 'M', 'net_profit': 62.51}, {'period': ""Q4 '24"", 'revenue': 426.72, 'unit': 'M', 'net_profit': -17.88}, {'period': ""Q3 '24"", 'revenue': 375.19, 'unit': 'M', 'net_profit': -32.54}]",,,,,,,,,,,,,,,,,__nan__,__nan__
30,CCS,Century Communities Inc. Common Stock,,,,,,,,,,11.55,0.66,30573.0,,,[],"[{'period': ""Q4 '25"", 'revenue': 1220.0, 'unit': 'M', 'net_profit': 35.96}, {'period': ""Q3 '25"", 'revenue': 980.28, 'unit': 'M', 'net_profit': 37.4}, {'period': ""Q2 '25"", 'revenue': 1000.0, 'unit': 'M', 'net_profit': 34.85}, {'period': ""Q1 '25"", 'revenue': 903.23, 'unit': 'M', 'net_profit': 39.38}, {'period': ""Q4 '24"", 'revenue': 1270.0, 'unit': 'M', 'net_profit': 102.74}, {'period': ""Q3 '24"", 'revenue': 1140.0, 'unit': 'M', 'net_profit': 83.02}]",,,,,,,,,,,,,,,,,__nan__,__nan__
31,CCU,Compania Cervecerias Unidas S.A. Common Stock,,,,,,,,,,16.01,0.01,17917.0,,,[],"[{'period': ""Q4 '25"", 'revenue': 825.97, 'unit': 'B', 'net_profit': 53.32}, {'period': ""Q3 '25"", 'revenue': 658.63, 'unit': 'B', 'net_profit': 15.5}, {'period': ""Q2 '25"", 'revenue': 579.91, 'unit': 'B', 'net_profit': -11.22}, {'period': ""Q1 '25"", 'revenue': 817.67, 'unit': 'B', 'net_profit': 57.78}, {'period': ""Q4 '24"", 'revenue': 968.08, 'unit': 'B', 'net_profit': 74.15}, {'period': ""Q3 '24"", 'revenue': 665.82, 'unit': 'B', 'net_profit': 29.55}]",,,,,,,,,,,,,,,,,__nan__,__nan__
32,CCV,Churchill Capital Corp V Class A Common Stock,,,,,,,,,,94.5,0.015,23023.0,,,[],"[{'period': ""Q2 '23"", 'revenue': 0.0, 'unit': 'K', 'net_profit': 981.4}, {'period': ""Q1 '23"", 'revenue': 0.0, 'unit': 'M', 'net_profit': -3.0}, {'period': ""Q4 '22"", 'revenue': 0.0, 'unit': 'M', 'net_profit': 2.48}, {'period': ""Q3 '22"", 'revenue': 0.0, 'unit': 'M', 'net_profit': 7.02}, {'period': ""Q2 '22"", 'revenue': 0.0, 'unit': 'M', 'net_profit': 6.44}, {'period': ""Q1 '22"", 'revenue': 0.0, 'unit': 'M', 'net_profit': 8.15}]",,,,,,,,,,,,,,,,,__nan__,__nan__
33,CCVI,Churchill Capital Corp VI Class A Common Stock,,,,,,,,,,61.6764705882353,0.005,2004.0,,,[],"[{'period': ""Q3 '23"", 'revenue': 0.0, 'unit': 'M', 'net_profit': 1.95}, {'period': ""Q2 '23"", 'revenue': 0.0, 'unit': 'M', 'net_profit': 1.42}, {'period': ""Q1 '23"", 'revenue': 0.0, 'unit': 'M', 'net_profit': 1.96}, {'period': ""Q4 '22"", 'revenue': 0.0, 'unit': 'M', 'net_profit': 5.24}, {'period': ""Q3 '22"", 'revenue': 0.0, 'unit': 'M', 'net_profit': 6.74}, {'period': ""Q2 '22"", 'revenue': 0.0, 'unit': 'M', 'net_profit': 7.43}]",,,,,,,,,,,,,,,,,__nan__,__nan__
34,CCX,Churchill Capital Corp II Class A Common Stock,,,,,,,,,,,,,,,[],"[{'period': ""Q2 '21"", 'revenue': 57.91, 'unit': 'M', 'net_profit': -37.53}, {'period': ""Q1 '21"", 'revenue': 0.0, 'unit': 'M', 'net_profit': 41.74}]",,,,,,,,,,,,,,,,,__nan__,__nan__
35,CCZ,Comcast Holdings ZONES,,,,,,,,,,53.79,0.0,1.0,,,[],"[{'period': ""Q4 '25"", 'revenue': 32.31, 'unit': 'B', 'net_profit': 2.17}, {'period': ""Q3 '25"", 'revenue': 31.2, 'unit': 'B', 'net_profit': 3.33}, {'period': ""Q2 '25"", 'revenue': 30.31, 'unit': 'B', 'net_profit': 11.12}, {'period': ""Q1 '25"", 'revenue': 29.89, 'unit': 'B', 'net_profit': 3.38}, {'period': ""Q4 '24"", 'revenue': 31.91, 'unit': 'B', 'net_profit': 4.78}, {'period': ""Q3 '24"", 'revenue': 32.07, 'unit': 'B', 'net_profit': 3.63}]",,,,,,,,,,,,,,,,,__nan__,__nan__
36,CDAY,Ceridian HCM Holding Inc. Common Stock,,,,,,,,,,2317.3333333333335,0.07,2683844.0,,,[],"[{'period': ""Q3 '25"", 'revenue': 481.6, 'unit': 'M', 'net_profit': -196.8}, {'period': ""Q2 '25"", 'revenue': 464.7, 'unit': 'M', 'net_profit': 21.3}, {'period': ""Q1 '25"", 'revenue': 481.8, 'unit': 'M', 'net_profit': 14.9}, {'period': ""Q4 '24"", 'revenue': 465.2, 'unit': 'M', 'net_profit': 10.8}, {'period': ""Q3 '24"", 'revenue': 440.0, 'unit': 'M', 'net_profit': 2.0}, {'period': ""Q2 '24"", 'revenue': 423.3, 'unit': 'M', 'net_profit': -1.8}]",,,,,,,,,,,,,,,,,__nan__,__nan__
37,CDE,Coeur Mining Inc. Common Stock,,,,,,,,,,18.22,0.18,8839151.0,,,[],"[{'period': ""Q4 '25"", 'revenue': 674.85, 'unit': 'M', 'net_profit': 214.97}, {'period': ""Q3 '25"", 'revenue': 554.57, 'unit': 'M', 'net_profit': 266.82}, {'period': ""Q2 '25"", 'revenue': 480.65, 'unit': 'M', 'net_profit': 70.73}, {'period': ""Q1 '25"", 'revenue': 360.06, 'unit': 'M', 'net_profit': 33.35}, {'period': ""Q4 '24"", 'revenue': 305.44, 'unit': 'M', 'net_profit': 37.85}, {'period': ""Q3 '24"", 'revenue': 313.48, 'unit': 'M', 'net_profit': 48.74}]",,,,,,,,,,,,,,,,,__nan__,__nan__
38,CDR,Cedar Realty Trust Inc. Common Stock,,,,,,,,,,-6.608933454876937,0.0200005,498513.0,,,[],"[{'period': ""Q4 '25"", 'revenue': 7940000.0, 'unit': '', 'net_profit': 0.0}, {'period': ""Q3 '25"", 'revenue': 6850000.0, 'unit': '', 'net_profit': 0.0}, {'period': ""Q2 '25"", 'revenue': 7460000.0, 'unit': '', 'net_profit': 0.0}, {'period': ""Q1 '25"", 'revenue': 7420000.0, 'unit': '', 'net_profit': 0.0}]",,,,,,,,,,,,,,,,,__nan__,__nan__
39,CE,Celanese Corporation Celanese Corporation Common Stock,,,,,,,,,,-6.23,1.655,777594.0,,,[],"[{'period': ""Q4 '25"", 'revenue': 2200.0, 'unit': 'M', 'net_profit': 19.0}, {'period': ""Q3 '25"", 'revenue': 2.42, 'unit': 'B', 'net_profit': -1.36}, {'period': ""Q2 '25"", 'revenue': 2530.0, 'unit': 'M', 'net_profit': 199.0}, {'period': ""Q1 '25"", 'revenue': 2390.0, 'unit': 'M', 'net_profit': -21.0}, {'period': ""Q4 '24"", 'revenue': 2.37, 'unit': 'B', 'net_profit': -1.91}, {'period': ""Q3 '24"", 'revenue': 2650.0, 'unit': 'M', 'net_profit': 116.0}]",,,,,,,,,,,,,,,,,__nan__,__nan__
40,CEA,China Eastern Airlines Corporation Ltd. Common Stock,,,,,,,,,,-3.652727272727273,0.5,17065.0,,,[],"[{'period': ""Q3 '24"", 'revenue': 38.39, 'unit': 'B', 'net_profit': 2.63}, {'period': ""Q2 '24"", 'revenue': 30.88, 'unit': 'B', 'net_profit': -1.97}, {'period': ""Q1 '24"", 'revenue': 33120.0, 'unit': 'M', 'net_profit': -803.0}, {'period': ""Q4 '23"", 'revenue': 28.08, 'unit': 'B', 'net_profit': -5.56}, {'period': ""Q3 '23"", 'revenue': 36.11, 'unit': 'B', 'net_profit': 3.64}, {'period': ""Q2 '23"", 'revenue': 27.16, 'unit': 'B', 'net_profit': -2.45}]",,,,,,,,,,,,,,,,,__nan__,__nan__
41,CEE,The Central and Eastern Europe Fund Inc. (The) Common Stock,,,,,,,,,,3.22,0.3,9959.0,,,[],"[{'period': ""Q4 '25"", 'revenue': 8.64, 'unit': 'M', 'net_profit': 15.02}, {'period': ""Q2 '25"", 'revenue': -4.35, 'unit': 'M', 'net_profit': 20.28}, {'period': ""Q4 '24"", 'revenue': -12.08, 'unit': 'M', 'net_profit': 7.84}, {'period': ""Q2 '24"", 'revenue': -14.3, 'unit': 'M', 'net_profit': 10.16}, {'period': ""Q4 '23"", 'revenue': 2.15, 'unit': 'M', 'net_profit': 3.88}, {'period': ""Q2 '23"", 'revenue': -1.83, 'unit': 'M', 'net_profit': 13.99}]",,,,,,,,,,,,,,,,,__nan__,__nan__
42,CEIX,CONSOL Energy Inc. Common Stock ,,,,,,,,,,6.215657311669129,0.33,86872.0,,,[],"[{'period': ""Q4 '25"", 'revenue': 1040.0, 'unit': 'M', 'net_profit': -78.98}, {'period': ""Q3 '25"", 'revenue': 1000.0, 'unit': 'M', 'net_profit': 31.6}, {'period': ""Q2 '25"", 'revenue': 1100.0, 'unit': 'M', 'net_profit': -36.56}, {'period': ""Q1 '25"", 'revenue': 1020.0, 'unit': 'M', 'net_profit': -69.28}, {'period': ""Q4 '24"", 'revenue': 590.09, 'unit': 'M', 'net_profit': 30.82}, {'period': ""Q3 '24"", 'revenue': 569.68, 'unit': 'M', 'net_profit': 95.63}]",,,,,,,,,,,,,,,,,__nan__,__nan__
43,CELP,Cypress Environmental Partners L.P. Common Units representing limited partner interests,,,,,,,,,,-0.476390243902439,0.0,0.0,,,[],"[{'period': ""Q4 '21"", 'revenue': 2.25, 'unit': 'K', 'net_profit': 2.53}, {'period': ""Q3 '21"", 'revenue': 32.43, 'unit': 'K', 'net_profit': -1.84}, {'period': ""Q2 '21"", 'revenue': 31.86, 'unit': 'M', 'net_profit': -1.87}, {'period': ""Q1 '21"", 'revenue': 26.95, 'unit': 'M', 'net_profit': -2.65}, {'period': ""Q4 '20"", 'revenue': 37780.0, 'unit': 'K', 'net_profit': -872.0}, {'period': ""Q3 '20"", 'revenue': 48.05, 'unit': 'M', 'net_profit': 1.3}]",,,,,,,,,,,,,,,,,__nan__,__nan__
44,CEM,ClearBridge MLP and Midstream Fund Inc. Common Stock,,,,,,,,,,2.911937377690802,-0.04,14093.0,,,[],"[{'period': ""Q2 '24"", 'revenue': 169.46, 'unit': 'M', 'net_profit': 90.03}, {'period': ""Q4 '23"", 'revenue': 141.33, 'unit': 'M', 'net_profit': 113.86}, {'period': ""Q2 '23"", 'revenue': 19.47, 'unit': 'M', 'net_profit': -53.23}, {'period': ""Q4 '22"", 'revenue': 24.45, 'unit': 'M', 'net_profit': 8.42}, {'period': ""Q2 '22"", 'revenue': 28.19, 'unit': 'M', 'net_profit': 175.19}, {'period': ""Q4 '21"", 'revenue': 62.95, 'unit': 'M', 'net_profit': 4.51}]",,,,,,,,,,,,,,,,,__nan__,__nan__
45,CEN,Center Coast Brookfield MLP & Energy Infrastructure Fund,,,,,,,,,,691.0,0.22,22503.0,,,[],[],,,,,,,,,,,,,,,,,__nan__,__nan__
46,CEPU,Central Puerto S.A. American Depositary Shares (each represents ten Common Shares),,,,,,,,,,8.94,0.225,81292.0,,,[],"[{'period': ""Q4 '25"", 'revenue': 316.97, 'unit': 'B', 'net_profit': 23.07}, {'period': ""Q3 '25"", 'revenue': 319.59, 'unit': 'B', 'net_profit': 139.8}, {'period': ""Q2 '25"", 'revenue': 214.52, 'unit': 'B', 'net_profit': 85.64}, {'period': ""Q1 '25"", 'revenue': 223.37, 'unit': 'B', 'net_profit': 87.72}, {'period': ""Q4 '24"", 'revenue': 215.14, 'unit': 'B', 'net_profit': -26.79}, {'period': ""Q3 '24"", 'revenue': 179.84, 'unit': 'B', 'net_profit': 38.14}]",,,,,,,,,,,,,,,,,__nan__,__nan__
47,CEQP,Crestwood Equity Partners LP,,,,,,,,,,21.906976744186046,1.18,4181025.0,,,[],"[{'period': ""Q3 '23"", 'revenue': 1140.0, 'unit': 'M', 'net_profit': -35.1}, {'period': ""Q2 '23"", 'revenue': 1020.0, 'unit': 'M', 'net_profit': 141.6}, {'period': ""Q1 '23"", 'revenue': 1260.0, 'unit': 'M', 'net_profit': 31.4}, {'period': ""Q4 '22"", 'revenue': 1400.0, 'unit': 'M', 'net_profit': 43.5}, {'period': ""Q3 '22"", 'revenue': 1570.0, 'unit': 'M', 'net_profit': -43.0}, {'period': ""Q2 '22"", 'revenue': 1450.0, 'unit': 'M', 'net_profit': 29.1}]",,,,,,,,,,,,,,,,,__nan__,__nan__
48,CF,CF Industries Holdings Inc. Common Stock,,,,,,,,,,15.49,2.31,2361910.0,,,[],"[{'period': ""Q4 '25"", 'revenue': 1870.0, 'unit': 'M', 'net_profit': 404.0}, {'period': ""Q3 '25"", 'revenue': 1660.0, 'unit': 'M', 'net_profit': 353.0}, {'period': ""Q2 '25"", 'revenue': 1890.0, 'unit': 'M', 'net_profit': 386.0}, {'period': ""Q1 '25"", 'revenue': 1660.0, 'unit': 'M', 'net_profit': 312.0}, {'period': ""Q4 '24"", 'revenue': 1520.0, 'unit': 'M', 'net_profit': 328.0}, {'period': ""Q3 '24"", 'revenue': 1370.0, 'unit': 'M', 'net_profit': 276.0}]",,,,,,,,,,,,,,,,,__nan__,__nan__
49,CFG,Citizens Financial Group Inc. Common Stock,,,,,,,,,,15.02,0.18,567467.0,,,[],"[{'period': ""Q4 '25"", 'revenue': 2160.0, 'unit': 'M', 'net_profit': 528.0}, {'period': ""Q3 '25"", 'revenue': 3090.0, 'unit': 'M', 'net_profit': 494.0}, {'period': ""Q2 '25"", 'revenue': 3010.0, 'unit': 'M', 'net_profit': 436.0}, {'period': ""Q1 '25"", 'revenue': 2900.0, 'unit': 'M', 'net_profit': 373.0}, {'period': ""Q4 '24"", 'revenue': 3030.0, 'unit': 'M', 'net_profit': 401.0}, {'period': ""Q3 '24"", 'revenue': 3070.0, 'unit': 'M', 'net_profit': 382.0}]",,,,,,,,,,,,,,,,,__nan__,__nan__
50,CFR,Cullen/Frost Bankers Inc. Common Stock,,,,,,,,,,13.69,2.1,91920.0,,,[],"[{'period': ""Q4 '25"", 'revenue': 745.92, 'unit': 'M', 'net_profit': 166.25}, {'period': ""Q3 '25"", 'revenue': 745.56, 'unit': 'M', 'net_profit': 174.38}, {'period': ""Q2 '25"", 'revenue': 719.23, 'unit': 'M', 'net_profit': 157.0}, {'period': ""Q1 '25"", 'revenue': 709.13, 'unit': 'M', 'net_profit': 150.92}, {'period': ""Q4 '24"", 'revenue': 723.52, 'unit': 'M', 'net_profit': 154.85}, {'period': ""Q3 '24"", 'revenue': 721.87, 'unit': 'M', 'net_profit': 146.5}]",,,,,,,,,,,,,,,,,__nan__,__nan__
51,CFX,Colfax Corporation Common Stock,,,,,,,,,,28.55263157894737,-1.53,2953345.0,,,[],"[{'period': ""Q4 '25"", 'revenue': 575.76, 'unit': 'M', 'net_profit': -520.59}, {'period': ""Q3 '25"", 'revenue': 548.91, 'unit': 'M', 'net_profit': -571.15}, {'period': ""Q2 '25"", 'revenue': 564.54, 'unit': 'M', 'net_profit': -36.74}, {'period': ""Q1 '25"", 'revenue': 558.83, 'unit': 'M', 'net_profit': -55.97}, {'period': ""Q4 '24"", 'revenue': 560.98, 'unit': 'M', 'net_profit': -703.34}, {'period': ""Q1 '22"", 'revenue': 1020.0, 'unit': 'M', 'net_profit': 19.36}]",,,,,,,,,,,,,,,,,__nan__,__nan__
52,CFXA,Colfax Corporation 5.75% Tangible Equity Units,,,,,,,,,,248.8935574229692,0.0,182486.0,,,[],"[{'period': ""Q4 '25"", 'revenue': 575.76, 'unit': 'M', 'net_profit': -520.59}, {'period': ""Q3 '25"", 'revenue': 548.91, 'unit': 'M', 'net_profit': -571.15}, {'period': ""Q1 '25"", 'revenue': 558.83, 'unit': 'M', 'net_profit': -55.97}, {'period': ""Q4 '21"", 'revenue': 1020.0, 'unit': 'M', 'net_profit': 11.54}, {'period': ""Q3 '21"", 'revenue': 965.89, 'unit': 'M', 'net_profit': 25.85}, {'period': ""Q2 '21"", 'revenue': 985.93, 'unit': 'M', 'net_profit': 28.64}]",,,,,,,,,,,,,,,,,__nan__,__nan__
53,CGA,China Green Agriculture Inc. Common Stock,,,,,,,,,,-0.9753694581280788,,0.0,,,[],"[{'period': ""Q1 '26"", 'revenue': 14.46, 'unit': 'M', 'net_profit': 1.09}, {'period': ""Q4 '25"", 'revenue': -56.5, 'unit': 'M', 'net_profit': 7.85}, {'period': ""Q3 '25"", 'revenue': 24790.0, 'unit': 'K', 'net_profit': -875.22}, {'period': ""Q2 '25"", 'revenue': 14.35, 'unit': 'M', 'net_profit': -5.13}, {'period': ""Q1 '25"", 'revenue': 17.36, 'unit': 'M', 'net_profit': -1.84}, {'period': ""Q4 '24"", 'revenue': 22.71, 'unit': 'M', 'net_profit': -10.35}]",,,,,,,,,,,,,,,,,__nan__,__nan__
54,CGAU,Centerra Gold Inc. Common Shares,,,,,,,,,,5.89,-0.03,314260.0,,,[],"[{'period': ""Q4 '25"", 'revenue': 376.41, 'unit': 'M', 'net_profit': 195.74}, {'period': ""Q3 '25"", 'revenue': 395.16, 'unit': 'M', 'net_profit': 292.19}, {'period': ""Q2 '25"", 'revenue': 288.34, 'unit': 'M', 'net_profit': 68.57}, {'period': ""Q1 '25"", 'revenue': 299.5, 'unit': 'M', 'net_profit': 30.45}, {'period': ""Q4 '24"", 'revenue': 302.39, 'unit': 'M', 'net_profit': -52.5}, {'period': ""Q3 '24"", 'revenue': 323.93, 'unit': 'M', 'net_profit': 28.79}]",,,,,,,,,,,,,,,,,__nan__,__nan__
55,CHAA,Catcha Investment Corp. Class A Ordinary Shares,,,,,,,,,,-12.36111111111111,0.6,16215.0,,,[],"[{'period': ""Q2 '24"", 'revenue': 0.0, 'unit': 'K', 'net_profit': -842.0}, {'period': ""Q1 '24"", 'revenue': 0.0, 'unit': 'M', 'net_profit': -2.43}, {'period': ""Q4 '23"", 'revenue': 0.0, 'unit': 'M', 'net_profit': -1.24}, {'period': ""Q3 '23"", 'revenue': 0.0, 'unit': 'M', 'net_profit': -4.58}, {'period': ""Q2 '23"", 'revenue': 0.0, 'unit': 'K', 'net_profit': -180.0}, {'period': ""Q1 '23"", 'revenue': 0.0, 'unit': 'K', 'net_profit': -188.0}]",,,,,,,,,,,,,,,,,__nan__,__nan__
56,CHCT,Community Healthcare Trust Incorporated Common Stock,,,,,,,,,,196.13,0.17,25775.31268,,,[],"[{'period': ""Q4 '25"", 'revenue': 30.95, 'unit': 'M', 'net_profit': 14.43}, {'period': ""Q3 '25"", 'revenue': 30.81, 'unit': 'M', 'net_profit': 1.64}, {'period': ""Q2 '25"", 'revenue': 29.09, 'unit': 'M', 'net_profit': -12.56}, {'period': ""Q1 '25"", 'revenue': 30.08, 'unit': 'M', 'net_profit': 1.59}, {'period': ""Q4 '24"", 'revenue': 29.3, 'unit': 'M', 'net_profit': 1.83}, {'period': ""Q3 '24"", 'revenue': 29.64, 'unit': 'M', 'net_profit': 1.75}]",,,,,,,,,,,,,,,,,__nan__,__nan__
57,CHD,Church & Dwight Company Inc. Common Stock,,,,,,,,,,31.4,0.13,301802.90818,,,[],"[{'period': ""Q4 '25"", 'revenue': 1640.0, 'unit': 'M', 'net_profit': 143.5}, {'period': ""Q3 '25"", 'revenue': 1590.0, 'unit': 'M', 'net_profit': 182.2}, {'period': ""Q2 '25"", 'revenue': 1510.0, 'unit': 'M', 'net_profit': 191.0}, {'period': ""Q1 '25"", 'revenue': 1470.0, 'unit': 'M', 'net_profit': 220.1}, {'period': ""Q4 '24"", 'revenue': 1580.0, 'unit': 'M', 'net_profit': 189.2}, {'period': ""Q3 '24"", 'revenue': 1510.0, 'unit': 'M', 'net_profit': -75.1}]",,,,,,,,,,,,,,,,,__nan__,__nan__
58,CHE,Chemed Corp,,,,,,,,,,20.27,3.61499,45850.0,,,[],"[{'period': ""Q4 '25"", 'revenue': 639.34, 'unit': 'M', 'net_profit': 76.75}, {'period': ""Q3 '25"", 'revenue': 624.9, 'unit': 'M', 'net_profit': 64.24}, {'period': ""Q2 '25"", 'revenue': 618.8, 'unit': 'M', 'net_profit': 52.49}, {'period': ""Q1 '25"", 'revenue': 646.94, 'unit': 'M', 'net_profit': 71.76}, {'period': ""Q4 '24"", 'revenue': 639.99, 'unit': 'M', 'net_profit': 90.32}, {'period': ""Q3 '24"", 'revenue': 606.18, 'unit': 'M', 'net_profit': 75.78}]",,,,,,,,,,,,,,,,,__nan__,__nan__
59,CHGG,Chegg Inc. Common Stock,,,,,,,,,,-0.74,0.0254,344234.0,,,[],"[{'period': ""Q4 '25"", 'revenue': 72.66, 'unit': 'M', 'net_profit': -32.8}, {'period': ""Q3 '25"", 'revenue': 77.74, 'unit': 'M', 'net_profit': -17.47}, {'period': ""Q2 '25"", 'revenue': 105.12, 'unit': 'M', 'net_profit': -35.66}, {'period': ""Q1 '25"", 'revenue': 121.39, 'unit': 'M', 'net_profit': -17.48}, {'period': ""Q4 '24"", 'revenue': 143.48, 'unit': 'M', 'net_profit': -6.12}, {'period': ""Q3 '24"", 'revenue': 136.59, 'unit': 'M', 'net_profit': -212.64}]",,,,,,,,,,,,,,,,,__nan__,__nan__
60,CHH,Choice Hotels International Inc. Common Stock,,,,,,,,,,12.72,-0.16,63949.0,,,[],"[{'period': ""Q4 '25"", 'revenue': 390.15, 'unit': 'M', 'net_profit': 63.68}, {'period': ""Q3 '25"", 'revenue': 447.34, 'unit': 'M', 'net_profit': 180.0}, {'period': ""Q2 '25"", 'revenue': 426.44, 'unit': 'M', 'net_profit': 81.73}, {'period': ""Q1 '25"", 'revenue': 332.86, 'unit': 'M', 'net_profit': 44.53}, {'period': ""Q4 '24"", 'revenue': 389.77, 'unit': 'M', 'net_profit': 75.8}, {'period': ""Q3 '24"", 'revenue': 427.96, 'unit': 'M', 'net_profit': 105.72}]",,,,,,,,,,,,,,,,,__nan__,__nan__
61,CHMI,Cherry Hill Mortgage Investment Corporation Common Stock,,,,,,,,,,-29.17,0.085,87677.92403,,,[],"[{'period': ""Q4 '25"", 'revenue': 24.53, 'unit': 'M', 'net_profit': 7.73}, {'period': ""Q3 '25"", 'revenue': 10.87, 'unit': 'M', 'net_profit': 4.43}, {'period': ""Q2 '25"", 'revenue': 7.99, 'unit': 'M', 'net_profit': 1.53}, {'period': ""Q1 '25"", 'revenue': -3.05, 'unit': 'M', 'net_profit': -6.86}, {'period': ""Q4 '24"", 'revenue': 18.73, 'unit': 'M', 'net_profit': 11.58}, {'period': ""Q3 '24"", 'revenue': -7.08, 'unit': 'M', 'net_profit': -12.2}]",,,,,,,,,,,,,,,,,__nan__,__nan__
62,CHN,China Fund Inc. (The) Common Stock,,,,,,,,,,9.68,-0.01,343740.0,,,[],"[{'period': ""Q2 '25"", 'revenue': 1.04, 'unit': 'M', 'net_profit': -5.04}, {'period': ""Q4 '24"", 'revenue': 2.84, 'unit': 'M', 'net_profit': 23.64}, {'period': ""Q2 '24"", 'revenue': -15.01, 'unit': 'M', 'net_profit': 3.6}, {'period': ""Q4 '23"", 'revenue': 22.96, 'unit': 'M', 'net_profit': -20.29}, {'period': ""Q2 '23"", 'revenue': -11.74, 'unit': 'M', 'net_profit': 30.4}, {'period': ""Q4 '22"", 'revenue': -2.3, 'unit': 'M', 'net_profit': -35.53}]",,,,,,,,,,,,,,,,,__nan__,__nan__
63,CHPT,ChargePoint Holdings Inc. Common Stock,,,,,,,,,,-0.49,-0.055,231305.0,,,[],"[{'period': ""Q4 '26"", 'revenue': 109.32, 'unit': 'M', 'net_profit': -44.42}, {'period': ""Q3 '26"", 'revenue': 105.67, 'unit': 'M', 'net_profit': -52.48}, {'period': ""Q2 '26"", 'revenue': 98.59, 'unit': 'M', 'net_profit': -66.18}, {'period': ""Q1 '26"", 'revenue': 97.64, 'unit': 'M', 'net_profit': -57.12}, {'period': ""Q4 '25"", 'revenue': 101.89, 'unit': 'M', 'net_profit': -58.8}, {'period': ""Q3 '25"", 'revenue': 99.61, 'unit': 'M', 'net_profit': -77.59}]",,,,,,,,,,,,,,,,,__nan__,__nan__
64,CHRA,Charah Solutions Inc. Common Stock,,,,,,,,,,-0.15360824742268042,0.01,100.0,,,[],"[{'period': ""Q1 '23"", 'revenue': 70.91, 'unit': 'M', 'net_profit': -6.09}, {'period': ""Q4 '22"", 'revenue': 68.47, 'unit': 'M', 'net_profit': -93.1}, {'period': ""Q3 '22"", 'revenue': 81.54, 'unit': 'M', 'net_profit': -13.36}, {'period': ""Q2 '22"", 'revenue': 77.11, 'unit': 'M', 'net_profit': -9.6}, {'period': ""Q1 '22"", 'revenue': 66.05, 'unit': 'M', 'net_profit': -12.04}, {'period': ""Q4 '21"", 'revenue': 93.43, 'unit': 'M', 'net_profit': 1.3}]",,,,,,,,,,,,,,,,,__nan__,__nan__
65,CHS,Chico's FAS Inc. Common Stock,,,,,,,,,,8.340659340659341,-0.01,1492810.0,,,[],"[{'period': ""Q3 '23"", 'revenue': 505.13, 'unit': 'M', 'net_profit': 5.04}, {'period': ""Q2 '23"", 'revenue': 545.13, 'unit': 'M', 'net_profit': 59.32}, {'period': ""Q1 '23"", 'revenue': 534.74, 'unit': 'M', 'net_profit': 39.91}, {'period': ""Q4 '22"", 'revenue': 524.05, 'unit': 'M', 'net_profit': 7.49}, {'period': ""Q3 '22"", 'revenue': 518.33, 'unit': 'M', 'net_profit': 24.62}, {'period': ""Q2 '22"", 'revenue': 558.72, 'unit': 'M', 'net_profit': 41.96}]",,,,,,,,,,,,,,,,,__nan__,__nan__
66,CHT,Chunghwa Telecom Co. Ltd.,,,,,,,,,,27.06,0.13,18373.0,,,[],"[{'period': ""Q4 '25"", 'revenue': 65.65, 'unit': 'B', 'net_profit': 9.29}, {'period': ""Q3 '25"", 'revenue': 57.6, 'unit': 'B', 'net_profit': 9.44}, {'period': ""Q2 '25"", 'revenue': 56.4, 'unit': 'B', 'net_profit': 10.17}, {'period': ""Q1 '25"", 'revenue': 55.43, 'unit': 'B', 'net_profit': 9.8}, {'period': ""Q4 '24"", 'revenue': 64.74, 'unit': 'B', 'net_profit': 8.97}, {'period': ""Q3 '24"", 'revenue': 55.34, 'unit': 'B', 'net_profit': 9.01}]",,,,,,,,,,,,,,,,,__nan__,__nan__
67,CHWY,Chewy Inc. Class A Common Stock,,,,,,,,,,50.63,0.21,1975187.0,,,[],"[{'period': ""Q4 '25"", 'revenue': 3260.0, 'unit': 'M', 'net_profit': 39.2}, {'period': ""Q3 '25"", 'revenue': 3120.0, 'unit': 'M', 'net_profit': 59.2}, {'period': ""Q2 '25"", 'revenue': 3100.0, 'unit': 'M', 'net_profit': 62.0}, {'period': ""Q1 '25"", 'revenue': 3120.0, 'unit': 'M', 'net_profit': 62.4}, {'period': ""Q4 '24"", 'revenue': 3250.0, 'unit': 'M', 'net_profit': 22.79}, {'period': ""Q3 '24"", 'revenue': 2880.0, 'unit': 'M', 'net_profit': 3.93}]",,,,,,,,,,,,,,,,,__nan__,__nan__
68,CI,Cigna Corporation Common Stock,,,,,,,,,,11.84,0.67501,411419.0,,,[],"[{'period': ""Q4 '25"", 'revenue': 72.47, 'unit': 'B', 'net_profit': 1.23}, {'period': ""Q3 '25"", 'revenue': 69.75, 'unit': 'B', 'net_profit': 1.87}, {'period': ""Q2 '25"", 'revenue': 67.23, 'unit': 'B', 'net_profit': 1.53}, {'period': ""Q1 '25"", 'revenue': 65.5, 'unit': 'B', 'net_profit': 1.32}, {'period': ""Q4 '24"", 'revenue': 65.65, 'unit': 'B', 'net_profit': 1.42}, {'period': ""Q3 '24"", 'revenue': 63690.0, 'unit': 'M', 'net_profit': 739.0}]",,,,,,,,,,,,,,,,,__nan__,__nan__
69,CIA,Citizens Inc. Class A Common Stock ($1.00 Par),,,,,,,,,,16.57,0.06,10801.0,,,[],"[{'period': ""Q4 '25"", 'revenue': 72.07, 'unit': 'M', 'net_profit': 7.34}, {'period': ""Q3 '25"", 'revenue': 62.81, 'unit': 'M', 'net_profit': 2.42}, {'period': ""Q2 '25"", 'revenue': 65.09, 'unit': 'M', 'net_profit': 6.46}, {'period': ""Q1 '25"", 'revenue': 55.65, 'unit': 'M', 'net_profit': -1.62}, {'period': ""Q4 '24"", 'revenue': 63.47, 'unit': 'M', 'net_profit': 3.62}, {'period': ""Q3 '24"", 'revenue': 61.73, 'unit': 'M', 'net_profit': 2.79}]",,,,,,,,,,,,,,,,,__nan__,__nan__
70,CIB,BanColombia S.A. Common Stock,,,,,,,,,,9.12,-0.12,43883.0,,,[],"[{'period': ""Q4 '25"", 'revenue': 11.69, 'unit': 'T', 'net_profit': 1.58}, {'period': ""Q3 '25"", 'revenue': 10.66, 'unit': 'T', 'net_profit': 2.14}, {'period': ""Q2 '25"", 'revenue': 10.53, 'unit': 'T', 'net_profit': 1.79}, {'period': ""Q1 '25"", 'revenue': 10.29, 'unit': 'T', 'net_profit': 1.74}, {'period': ""Q4 '24"", 'revenue': 11.01, 'unit': 'T', 'net_profit': 1.66}, {'period': ""Q3 '24"", 'revenue': 10.69, 'unit': 'T', 'net_profit': 1.5}]",,,,,,,,,,,,,,,,,__nan__,__nan__
71,CIEN,Ciena Corporation Common Stock,,,,,,,,,,236.56,-30.21,1369147.0,,,[],"[{'period': ""Q1 '26"", 'revenue': 1430.0, 'unit': 'M', 'net_profit': 150.28}, {'period': ""Q4 '25"", 'revenue': 1350.0, 'unit': 'M', 'net_profit': 19.49}, {'period': ""Q3 '25"", 'revenue': 1220.0, 'unit': 'M', 'net_profit': 50.31}, {'period': ""Q2 '25"", 'revenue': 1130.0, 'unit': 'M', 'net_profit': 8.97}, {'period': ""Q1 '25"", 'revenue': 1070.0, 'unit': 'M', 'net_profit': 44.57}, {'period': ""Q4 '24"", 'revenue': 1120.0, 'unit': 'M', 'net_profit': 37.03}]",,,,,,,,,,,,,,,,,__nan__,__nan__
72,CIF,MFS Intermediate High Income Fund Common Stock,,,,,,,,,,11.57,0.035,26151.0,,,[],"[{'period': ""Q4 '25"", 'revenue': 1.66, 'unit': 'M', 'net_profit': 2.02}, {'period': ""Q2 '25"", 'revenue': 1640.0, 'unit': 'K', 'net_profit': 568.38}, {'period': ""Q4 '24"", 'revenue': 1.65, 'unit': 'M', 'net_profit': 2.26}, {'period': ""Q2 '24"", 'revenue': 1.63, 'unit': 'M', 'net_profit': 1.92}, {'period': ""Q4 '23"", 'revenue': 1.61, 'unit': 'M', 'net_profit': 1.76}, {'period': ""Q2 '23"", 'revenue': 1.57, 'unit': 'M', 'net_profit': 1.09}]",,,,,,,,,,,,,,,,,__nan__,__nan__
73,CIG,Comp En De Mn Cemig ADS American Depositary Shares,,,,,,,,,,7.14,0.005,1437128.0,,,[],"[{'period': ""Q4 '25"", 'revenue': 11.68, 'unit': 'B', 'net_profit': 1.9}, {'period': ""Q3 '25"", 'revenue': 10620.0, 'unit': 'M', 'net_profit': 796.27}, {'period': ""Q2 '25"", 'revenue': 10.79, 'unit': 'B', 'net_profit': 1.19}, {'period': ""Q1 '25"", 'revenue': 9.71, 'unit': 'B', 'net_profit': 1.04}, {'period': ""Q4 '24"", 'revenue': 12300.0, 'unit': 'M', 'net_profit': 996.42}, {'period': ""Q3 '24"", 'revenue': 10.06, 'unit': 'B', 'net_profit': 3.28}]",,,,,,,,,,,,,,,,,__nan__,__nan__
74,CII,Blackrock Capital and Income Fund Inc.,,,,,,,,,,4.08,0.22,28146.0,,,[],"[{'period': ""Q4 '25"", 'revenue': 41.9, 'unit': 'M', 'net_profit': 123.6}, {'period': ""Q2 '25"", 'revenue': 1.74, 'unit': 'M', 'net_profit': 42.14}, {'period': ""Q4 '24"", 'revenue': 114.68, 'unit': 'M', 'net_profit': 33.29}, {'period': ""Q2 '24"", 'revenue': 26.68, 'unit': 'M', 'net_profit': 91.37}, {'period': ""Q4 '23"", 'revenue': 26.34, 'unit': 'M', 'net_profit': 53.87}, {'period': ""Q2 '23"", 'revenue': 11.22, 'unit': 'M', 'net_profit': 98.34}]",,,,,,,,,,,,,,,,,__nan__,__nan__
75,CIM,Chimera Investment Corporation Common Stock,,,,,,,,,,7.4,0.325,171353.0,,,[],"[{'period': ""Q4 '25"", 'revenue': 209.28, 'unit': 'M', 'net_profit': 28.33}, {'period': ""Q3 '25"", 'revenue': 229810.0, 'unit': 'K', 'net_profit': -580.0}, {'period': ""Q2 '25"", 'revenue': 60.08, 'unit': 'M', 'net_profit': 35.45}, {'period': ""Q1 '25"", 'revenue': 196.95, 'unit': 'M', 'net_profit': 167.3}, {'period': ""Q4 '24"", 'revenue': -113.51, 'unit': 'M', 'net_profit': -146.51}, {'period': ""Q3 '24"", 'revenue': 151.96, 'unit': 'M', 'net_profit': 136.46}]",,,,,,,,,,,,,,,,,__nan__,__nan__
76,CINR,Ciner Resources LP Common Units representing Limited Partner Interests,,,,,,,,,,21.93304535637149,-0.0300007,22498.0,,,[],"[{'period': ""Q4 '21"", 'revenue': 156.0, 'unit': 'M', 'net_profit': 22.7}, {'period': ""Q3 '21"", 'revenue': 135.6, 'unit': 'M', 'net_profit': 7.4}, {'period': ""Q2 '21"", 'revenue': 120.7, 'unit': 'M', 'net_profit': 2.9}, {'period': ""Q1 '21"", 'revenue': 127.8, 'unit': 'M', 'net_profit': 2.4}, {'period': ""Q4 '20"", 'revenue': 103.4, 'unit': 'M', 'net_profit': 6.0}, {'period': ""Q3 '20"", 'revenue': 98.2, 'unit': 'M', 'net_profit': 2.3}]",,,,,,,,,,,,,,,,,__nan__,__nan__
77,CIO,City Office REIT Inc. Common Stock,,,,,,,,,,-2.177570093457944,-0.01,457182.0,,,[],"[{'period': ""Q3 '25"", 'revenue': 37.27, 'unit': 'M', 'net_profit': -3.81}, {'period': ""Q2 '25"", 'revenue': 42.34, 'unit': 'M', 'net_profit': -105.37}, {'period': ""Q1 '25"", 'revenue': 42.26, 'unit': 'M', 'net_profit': -1.67}, {'period': ""Q4 '24"", 'revenue': 41.92, 'unit': 'M', 'net_profit': -10.7}, {'period': ""Q3 '24"", 'revenue': 42.37, 'unit': 'M', 'net_profit': -2.64}, {'period': ""Q2 '24"", 'revenue': 42.34, 'unit': 'M', 'net_profit': -3.75}]",,,,,,,,,,,,,,,,,__nan__,__nan__
78,CIR,CIRCOR International Inc. Common Stock,,,,,,,,,,38.888888888888886,2.75,2922122.0,,,[],"[{'period': ""Q2 '23"", 'revenue': 208.81, 'unit': 'M', 'net_profit': -8.57}, {'period': ""Q1 '23"", 'revenue': 203100.0, 'unit': 'K', 'net_profit': -407.0}, {'period': ""Q4 '22"", 'revenue': 214.53, 'unit': 'M', 'net_profit': 5.44}, {'period': ""Q3 '22"", 'revenue': 195.36, 'unit': 'M', 'net_profit': 31.47}, {'period': ""Q2 '22"", 'revenue': 191.38, 'unit': 'M', 'net_profit': 3.96}, {'period': ""Q1 '22"", 'revenue': 185.66, 'unit': 'M', 'net_profit': -21.48}]",,,,,,,,,,,,,,,,,__nan__,__nan__
79,CIT,CIT Group Inc (DEL) Common Stock,,,,,,,,,,0.0,2.16,32810120.0,,,[],"[{'period': ""Q3 '21"", 'revenue': 547.0, 'unit': 'M', 'net_profit': 175.5}, {'period': ""Q2 '21"", 'revenue': 586.1, 'unit': 'M', 'net_profit': 226.9}, {'period': ""Q1 '21"", 'revenue': 665.1, 'unit': 'M', 'net_profit': 303.8}, {'period': ""Q4 '20"", 'revenue': 611.4, 'unit': 'M', 'net_profit': 8.6}, {'period': ""Q3 '20"", 'revenue': 580.8, 'unit': 'M', 'net_profit': 85.7}, {'period': ""Q2 '20"", 'revenue': 527.4, 'unit': 'M', 'net_profit': -85.3}]",,,,,,,,,,,,,,,,,__nan__,__nan__
80,CIXX,CI Financial Corp. Common Shares,,,,,,,,,,7.711006076975017,0.0,52562.0,,,[],"[{'period': ""Q3 '24"", 'revenue': 868.64, 'unit': 'M', 'net_profit': -27.61}, {'period': ""Q2 '24"", 'revenue': 1120.0, 'unit': 'M', 'net_profit': 176.41}, {'period': ""Q1 '24"", 'revenue': 754.25, 'unit': 'M', 'net_profit': -154.44}, {'period': ""Q4 '23"", 'revenue': 822.98, 'unit': 'M', 'net_profit': -63.49}, {'period': ""Q3 '23"", 'revenue': 677.39, 'unit': 'M', 'net_profit': -12.41}, {'period': ""Q2 '23"", 'revenue': 653.14, 'unit': 'M', 'net_profit': 50.95}]",,,,,,,,,,,,,,,,,__nan__,__nan__
81,CL,Colgate-Palmolive Company Common Stock,,,,,,,,,,32.81,2.005,1522423.56853,,,[],"[{'period': ""Q4 '25"", 'revenue': 5230.0, 'unit': 'M', 'net_profit': -37.0}, {'period': ""Q3 '25"", 'revenue': 5130.0, 'unit': 'M', 'net_profit': 735.0}, {'period': ""Q2 '25"", 'revenue': 5110.0, 'unit': 'M', 'net_profit': 743.0}, {'period': ""Q1 '25"", 'revenue': 4910.0, 'unit': 'M', 'net_profit': 690.0}, {'period': ""Q4 '24"", 'revenue': 4940.0, 'unit': 'M', 'net_profit': 739.0}, {'period': ""Q3 '24"", 'revenue': 5030.0, 'unit': 'M', 'net_profit': 737.0}]",,,,,,,,,,,,,,,,,__nan__,__nan__
82,CLAA,Colonnade Acquisition Corp. II Class A Ordinary Shares,,,,,,,,,,510.0,0.0,653302.0,,,[],"[{'period': ""Q3 '22"", 'revenue': 0.0, 'unit': 'M', 'net_profit': 1.35}, {'period': ""Q2 '22"", 'revenue': 0.0, 'unit': 'M', 'net_profit': 7.45}, {'period': ""Q1 '22"", 'revenue': 0.0, 'unit': 'M', 'net_profit': 5.67}, {'period': ""Q4 '21"", 'revenue': 0.0, 'unit': 'M', 'net_profit': -1.55}, {'period': ""Q3 '21"", 'revenue': 0.0, 'unit': 'M', 'net_profit': 3.1}, {'period': ""Q2 '21"", 'revenue': 0.0, 'unit': 'M', 'net_profit': 3.13}]",,,,,,,,,,,,,,,,,__nan__,__nan__
83,CLAS,Class Acceleration Corp. Class A Common Stock,,,,,,,,,,0.0,0.02,72515.0,,,[],"[{'period': ""Q3 '22"", 'revenue': 0.0, 'unit': 'M', 'net_profit': 1.85}, {'period': ""Q2 '22"", 'revenue': 0.0, 'unit': 'M', 'net_profit': 2.19}, {'period': ""Q1 '22"", 'revenue': 0.0, 'unit': 'M', 'net_profit': 12.91}, {'period': ""Q4 '21"", 'revenue': 0.0, 'unit': 'M', 'net_profit': 2.82}, {'period': ""Q3 '21"", 'revenue': 0.0, 'unit': 'M', 'net_profit': 4.41}, {'period': ""Q2 '21"", 'revenue': 0.0, 'unit': 'M', 'net_profit': -4.08}]",,,,,,,,,,,,,,,,,__nan__,__nan__
84,CLB,Core Laboratories N.V. Common Stock,,,,,,,,,,27.3,-0.41,70791.84369,,,[],"[{'period': ""Q4 '25"", 'revenue': 138.25, 'unit': 'M', 'net_profit': 7.08}, {'period': ""Q3 '25"", 'revenue': 134.52, 'unit': 'M', 'net_profit': 14.24}, {'period': ""Q2 '25"", 'revenue': 130.16, 'unit': 'M', 'net_profit': 10.64}, {'period': ""Q1 '25"", 'revenue': 123580.0, 'unit': 'K', 'net_profit': -154.0}, {'period': ""Q4 '24"", 'revenue': 129.24, 'unit': 'M', 'net_profit': 7.4}, {'period': ""Q3 '24"", 'revenue': 134.4, 'unit': 'M', 'net_profit': 11.74}]",,,,,,,,,,,,,,,,,__nan__,__nan__
85,CLDR,Cloudera Inc. Common Stock,,,,,,,,,,,,,,,[],"[{'period': ""Q2 '22"", 'revenue': 236.06, 'unit': 'M', 'net_profit': -33.2}, {'period': ""Q1 '22"", 'revenue': 224.28, 'unit': 'M', 'net_profit': -40.4}, {'period': ""Q4 '21"", 'revenue': 226.56, 'unit': 'M', 'net_profit': -54.78}, {'period': ""Q3 '21"", 'revenue': 217.9, 'unit': 'M', 'net_profit': -13.95}, {'period': ""Q2 '21"", 'revenue': 214.34, 'unit': 'M', 'net_profit': -36.0}, {'period': ""Q1 '21"", 'revenue': 210.46, 'unit': 'M', 'net_profit': -58.01}]",,,,,,,,,,,,,,,,,__nan__,__nan__
86,CLDT,Chatham Lodging Trust (REIT) Common Shares of Beneficial Interest,,,,,,,,,,55.93,0.11,56316.0,,,[],"[{'period': ""Q4 '25"", 'revenue': 67.74, 'unit': 'M', 'net_profit': 4.61}, {'period': ""Q3 '25"", 'revenue': 78.41, 'unit': 'M', 'net_profit': 3.53}, {'period': ""Q2 '25"", 'revenue': 80.29, 'unit': 'M', 'net_profit': 5.38}, {'period': ""Q1 '25"", 'revenue': 68.64, 'unit': 'M', 'net_profit': 1.54}, {'period': ""Q4 '24"", 'revenue': 75.11, 'unit': 'M', 'net_profit': -1.71}, {'period': ""Q3 '24"", 'revenue': 87.18, 'unit': 'M', 'net_profit': 4.25}]",,,,,,,,,,,,,,,,,__nan__,__nan__
87,CLF,Cleveland-Cliffs Inc. Common Stock,,,,,,,,,,-2.88,0.25,2764175.0,,,[],"[{'period': ""Q4 '25"", 'revenue': 4310.0, 'unit': 'M', 'net_profit': -243.0}, {'period': ""Q3 '25"", 'revenue': 4730.0, 'unit': 'M', 'net_profit': -251.0}, {'period': ""Q2 '25"", 'revenue': 4930.0, 'unit': 'M', 'net_profit': -483.0}, {'period': ""Q1 '25"", 'revenue': 4630.0, 'unit': 'M', 'net_profit': -495.0}, {'period': ""Q4 '24"", 'revenue': 4330.0, 'unit': 'M', 'net_profit': -447.0}, {'period': ""Q3 '24"", 'revenue': 4570.0, 'unit': 'M', 'net_profit': -242.0}]",,,,,,,,,,,,,,,,,__nan__,__nan__
88,CLGX,CoreLogic Inc. Common Stock,,,,,,,,,,,,,,,[],"[{'period': ""Q1 '21"", 'revenue': 422.79, 'unit': 'M', 'net_profit': 53.56}, {'period': ""Q4 '20"", 'revenue': 467.64, 'unit': 'M', 'net_profit': 95.39}, {'period': ""Q3 '20"", 'revenue': 436.73, 'unit': 'M', 'net_profit': 113.15}, {'period': ""Q2 '20"", 'revenue': 477.46, 'unit': 'M', 'net_profit': 59.01}, {'period': ""Q1 '20"", 'revenue': 443.88, 'unit': 'M', 'net_profit': 33.82}, {'period': ""Q4 '19"", 'revenue': 426.03, 'unit': 'M', 'net_profit': 30.08}]",,,,,,,,,,,,,,,,,__nan__,__nan__
89,CLH,Clean Harbors Inc. Common Stock,,,,,,,,,,39.1,5.665,89745.0,,,[],"[{'period': ""Q4 '25"", 'revenue': 1500.0, 'unit': 'M', 'net_profit': 86.59}, {'period': ""Q3 '25"", 'revenue': 1550.0, 'unit': 'M', 'net_profit': 118.8}, {'period': ""Q2 '25"", 'revenue': 1550.0, 'unit': 'M', 'net_profit': 126.91}, {'period': ""Q1 '25"", 'revenue': 1430.0, 'unit': 'M', 'net_profit': 58.68}, {'period': ""Q4 '24"", 'revenue': 1430.0, 'unit': 'M', 'net_profit': 83.97}, {'period': ""Q3 '24"", 'revenue': 1530.0, 'unit': 'M', 'net_profit': 115.21}]",,,,,,,,,,,,,,,,,__nan__,__nan__
90,CLI,Mack-Cali Realty Corporation Common Stock,,,,,,,,,,0.0,-0.039999,867596.0,,,[],"[{'period': ""Q4 '25"", 'revenue': 71310.0, 'unit': 'K', 'net_profit': -498.0}, {'period': ""Q3 '25"", 'revenue': 73.44, 'unit': 'M', 'net_profit': 81.33}, {'period': ""Q2 '25"", 'revenue': 75.93, 'unit': 'M', 'net_profit': 11.84}, {'period': ""Q1 '25"", 'revenue': 67.76, 'unit': 'M', 'net_profit': -13.73}, {'period': ""Q4 '24"", 'revenue': 29.99, 'unit': 'M', 'net_profit': 75.04}, {'period': ""Q3 '21"", 'revenue': 83.74, 'unit': 'M', 'net_profit': -28.31}]",,,,,,,,,,,,,,,,,__nan__,__nan__
91,CLII,Climate Change Crisis Real Impact I Acquisition Corporation Class A Common Stock,,,,,,,,,,0.0,-0.660001,689307.0,,,[],"[{'period': ""Q4 '25"", 'revenue': 193.76, 'unit': 'M', 'net_profit': -5.08}, {'period': ""Q3 '25"", 'revenue': 92.3, 'unit': 'M', 'net_profit': -38.79}, {'period': ""Q2 '25"", 'revenue': 98.03, 'unit': 'M', 'net_profit': -29.82}, {'period': ""Q1 '25"", 'revenue': 75.29, 'unit': 'M', 'net_profit': -26.05}, {'period': ""Q4 '24"", 'revenue': 67.51, 'unit': 'M', 'net_profit': -40.37}, {'period': ""Q2 '21"", 'revenue': 0.0, 'unit': 'M', 'net_profit': -25.8}]",,,,,,,,,,,,,,,,,__nan__,__nan__
92,CLIM,Climate Real Impact Solutions II Acquisition Corporation Class A Common Stock,,,,,,,,,,,0.0,1237.0,,,[],[],,,,,,,,,,,,,,,,,__nan__,__nan__
93,CLNC,Colony Credit Real Estate Inc. Class A Common Stock,,,,,,,,,,0.0,0.16,168042.0,,,[],"[{'period': ""Q4 '25"", 'revenue': 0.0, 'unit': 'M', 'net_profit': -19.6}, {'period': ""Q3 '25"", 'revenue': 0.0, 'unit': 'K', 'net_profit': 984.0}, {'period': ""Q2 '25"", 'revenue': 0.0, 'unit': 'M', 'net_profit': -68.5}, {'period': ""Q1 '25"", 'revenue': 0.0, 'unit': 'M', 'net_profit': 5.34}, {'period': ""Q4 '24"", 'revenue': -256.77, 'unit': 'M', 'net_profit': 32.53}, {'period': ""Q2 '21"", 'revenue': 74.11, 'unit': 'M', 'net_profit': -19.72}]",,,,,,,,,,,,,,,,,__nan__,__nan__
94,CLNY,Colony Capital Inc.,,,,,,,,,,0.0,0.0,7108131.0,,,[],"[{'period': ""Q4 '25"", 'revenue': 47.9, 'unit': 'M', 'net_profit': 59.59}, {'period': ""Q3 '25"", 'revenue': 3.82, 'unit': 'M', 'net_profit': 16.75}, {'period': ""Q2 '25"", 'revenue': -3.21, 'unit': 'M', 'net_profit': 16.96}, {'period': ""Q1 '25"", 'revenue': 45.45, 'unit': 'M', 'net_profit': -10.07}, {'period': ""Q4 '24"", 'revenue': -284.71, 'unit': 'M', 'net_profit': 662.85}, {'period': ""Q2 '21"", 'revenue': 237.19, 'unit': 'M', 'net_profit': -122.74}]",,,,,,,,,,,,,,,,,__nan__,__nan__
95,CLPR,Clipper Realty Inc. Common Stock,,,,,,,,,,-2.12,-0.01,15892.0,,,[],"[{'period': ""Q4 '25"", 'revenue': 37.07, 'unit': 'M', 'net_profit': -4.29}, {'period': ""Q3 '25"", 'revenue': 37.7, 'unit': 'M', 'net_profit': -1.75}, {'period': ""Q2 '25"", 'revenue': 39040.0, 'unit': 'K', 'net_profit': -516.0}, {'period': ""Q1 '25"", 'revenue': 39.4, 'unit': 'M', 'net_profit': -13.35}, {'period': ""Q4 '24"", 'revenue': 38050.0, 'unit': 'K', 'net_profit': -418.0}, {'period': ""Q3 '24"", 'revenue': 37620.0, 'unit': 'K', 'net_profit': -412.0}]",,,,,,,,,,,,,,,,,__nan__,__nan__
96,CLR,Continental Resources Inc. Common Stock,,,,,,,,,,0.0,0.03,3538802.0,,,[],"[{'period': ""Q4 '25"", 'revenue': 1930.0, 'unit': 'M', 'net_profit': 479.27}, {'period': ""Q3 '25"", 'revenue': 2050.0, 'unit': 'M', 'net_profit': 555.97}, {'period': ""Q2 '25"", 'revenue': 2110.0, 'unit': 'M', 'net_profit': 727.2}, {'period': ""Q1 '25"", 'revenue': 1610.0, 'unit': 'M', 'net_profit': 316.01}, {'period': ""Q4 '24"", 'revenue': 1370.0, 'unit': 'M', 'net_profit': -415.65}, {'period': ""Q3 '24"", 'revenue': 2009.9999999999998, 'unit': 'M', 'net_profit': 719.06}]",,,,,,,,,,,,,,,,,__nan__,__nan__
97,CLS,Celestica Inc. Common Stock,,,,,,,,,,36.79,-16.424,783506.0,,,[],"[{'period': ""Q4 '25"", 'revenue': 3710.0, 'unit': 'M', 'net_profit': 271.61}, {'period': ""Q3 '25"", 'revenue': 3160.0, 'unit': 'M', 'net_profit': 264.83}, {'period': ""Q2 '25"", 'revenue': 2890.0, 'unit': 'M', 'net_profit': 211.0}, {'period': ""Q1 '25"", 'revenue': 2650.0, 'unit': 'M', 'net_profit': 86.2}, {'period': ""Q4 '24"", 'revenue': 2550.0, 'unit': 'M', 'net_profit': 135.0}, {'period': ""Q3 '24"", 'revenue': 2500.0, 'unit': 'M', 'net_profit': 91.7}]",,,,,,,,,,,,,,,,,__nan__,__nan__
98,CLVT,Clarivate Plc Ordinary Shares,,,,,,,,,,-8.07,0.06000008,618447.0,,,[],"[{'period': ""Q4 '25"", 'revenue': 617.0, 'unit': 'M', 'net_profit': 3.1}, {'period': ""Q3 '25"", 'revenue': 623.1, 'unit': 'M', 'net_profit': -28.3}, {'period': ""Q2 '25"", 'revenue': 621.4, 'unit': 'M', 'net_profit': -72.0}, {'period': ""Q1 '25"", 'revenue': 593.7, 'unit': 'M', 'net_profit': -103.9}, {'period': ""Q4 '24"", 'revenue': 663.0, 'unit': 'M', 'net_profit': -191.8}, {'period': ""Q3 '24"", 'revenue': 622.2, 'unit': 'M', 'net_profit': -65.6}]",,,,,,,,,,,,,,,,,__nan__,__nan__
99,CLW,Clearwater Paper Corporation Common Stock,,,,,,,,,,-4.42,0.33,19037.0,,,[],"[{'period': ""Q4 '25"", 'revenue': 386.4, 'unit': 'M', 'net_profit': 36.1}, {'period': ""Q3 '25"", 'revenue': 399.0, 'unit': 'M', 'net_profit': -53.9}, {'period': ""Q2 '25"", 'revenue': 391.8, 'unit': 'M', 'net_profit': 3.6}, {'period': ""Q1 '25"", 'revenue': 378.2, 'unit': 'M', 'net_profit': -6.3}, {'period': ""Q4 '24"", 'revenue': 387.1, 'unit': 'M', 'net_profit': -108.0}, {'period': ""Q3 '24"", 'revenue': 393.3, 'unit': 'M', 'net_profit': 5.9}]",,,,,,,,,,,,,,,,,__nan__,__nan__
100,CLX,Clorox Company (The) Common Stock,,,,,,,,,,16.8,0.6,466333.0,,,[],"[{'period': ""Q2 '26"", 'revenue': 1670.0, 'unit': 'M', 'net_profit': 157.0}, {'period': ""Q1 '26"", 'revenue': 1430.0, 'unit': 'M', 'net_profit': 80.0}, {'period': ""Q4 '25"", 'revenue': 1990.0, 'unit': 'M', 'net_profit': 332.0}, {'period': ""Q3 '25"", 'revenue': 1670.0, 'unit': 'M', 'net_profit': 186.0}, {'period': ""Q2 '25"", 'revenue': 1690.0, 'unit': 'M', 'net_profit': 193.0}, {'period': ""Q1 '25"", 'revenue': 1760.0, 'unit': 'M', 'net_profit': 99.0}]",,,,,,,,,,,,,,,,,__nan__,__nan__
101,CM,Canadian Imperial Bank of Commerce Common Stock,,,,,,,,,,13.46,0.625,210690.0,,,[],"[{'period': ""Q1 '26"", 'revenue': 15.84, 'unit': 'B', 'net_profit': 3.1}, {'period': ""Q4 '25"", 'revenue': 15.51, 'unit': 'B', 'net_profit': 2.17}, {'period': ""Q3 '25"", 'revenue': 15.27, 'unit': 'B', 'net_profit': 2.09}, {'period': ""Q2 '25"", 'revenue': 15.06, 'unit': 'B', 'net_profit': 2.0}, {'period': ""Q1 '25"", 'revenue': 16.17, 'unit': 'B', 'net_profit': 2.16}, {'period': ""Q4 '24"", 'revenue': 16.2, 'unit': 'B', 'net_profit': 1.87}]",,,,,,,,,,,,,,,,,__nan__,__nan__
102,CMA,Comerica Incorporated Common Stock,,,,,,,,,,16.793560606060606,-4.19,10142118.0,,,[],"[{'period': ""Q4 '25"", 'revenue': 1210.0, 'unit': 'M', 'net_profit': 176.0}, {'period': ""Q3 '25"", 'revenue': 1210.0, 'unit': 'M', 'net_profit': 176.0}, {'period': ""Q2 '25"", 'revenue': 1210.0, 'unit': 'M', 'net_profit': 199.0}, {'period': ""Q1 '25"", 'revenue': 1180.0, 'unit': 'M', 'net_profit': 172.0}, {'period': ""Q4 '24"", 'revenue': 1220.0, 'unit': 'M', 'net_profit': 170.0}, {'period': ""Q3 '24"", 'revenue': 1260.0, 'unit': 'M', 'net_profit': 184.0}]",,,,,,,,,,,,,,,,,__nan__,__nan__
103,CMC,Commercial Metals Company Common Stock,,,,,,,,,,13.41,1.66,281045.0,,,[],"[{'period': ""Q2 '26"", 'revenue': 2130.0, 'unit': 'M', 'net_profit': 93.03}, {'period': ""Q1 '26"", 'revenue': 2120.0, 'unit': 'M', 'net_profit': 177.28}, {'period': ""Q4 '25"", 'revenue': 2110.0, 'unit': 'M', 'net_profit': 151.78}, {'period': ""Q3 '25"", 'revenue': 2020.0, 'unit': 'M', 'net_profit': 83.13}, {'period': ""Q2 '25"", 'revenue': 1750.0, 'unit': 'M', 'net_profit': 25.47}, {'period': ""Q1 '25"", 'revenue': 1910.0, 'unit': 'M', 'net_profit': -175.72}]",,,,,,,,,,,,,,,,,__nan__,__nan__
104,CMCM,Cheetah Mobile Inc. American Depositary Shares each representing 10 Class Ordinary Shares,,,,,,,,,,-4.67,0.08,17136.0,,,[],"[{'period': ""Q4 '25"", 'revenue': 304.59, 'unit': 'M', 'net_profit': -188.11}, {'period': ""Q3 '25"", 'revenue': 287.37, 'unit': 'M', 'net_profit': -10.97}, {'period': ""Q2 '25"", 'revenue': 295.22, 'unit': 'M', 'net_profit': -22.64}, {'period': ""Q1 '25"", 'revenue': 259.01, 'unit': 'M', 'net_profit': -33.36}, {'period': ""Q4 '24"", 'revenue': 237.09, 'unit': 'M', 'net_profit': -366.78}, {'period': ""Q3 '24"", 'revenue': 192.08, 'unit': 'M', 'net_profit': -46.9}]",,,,,,,,,,,,,,,,,__nan__,__nan__
105,CMD,Cantel Medical Corp. Common Stock,,,,,,,,,,,,,,,[],"[{'period': ""Q1 '21"", 'revenue': 313.95, 'unit': 'M', 'net_profit': 21.12}, {'period': ""Q4 '20"", 'revenue': 294.04, 'unit': 'M', 'net_profit': 12.07}, {'period': ""Q3 '20"", 'revenue': 297.03, 'unit': 'M', 'net_profit': 24.46}, {'period': ""Q2 '20"", 'revenue': 233.37, 'unit': 'M', 'net_profit': -5.58}, {'period': ""Q1 '20"", 'revenue': 236.93, 'unit': 'M', 'net_profit': 15.79}, {'period': ""Q4 '19"", 'revenue': 288.5, 'unit': 'M', 'net_profit': -2.26}]",,,,,,,,,,,,,,,,,__nan__,__nan__
106,CMG,Chipotle Mexican Grill Inc. Common Stock,,,,,,,,,,27.68,0.695,4923446.0,,,[],"[{'period': ""Q4 '25"", 'revenue': 2980.0, 'unit': 'M', 'net_profit': 330.93}, {'period': ""Q3 '25"", 'revenue': 3000.0, 'unit': 'M', 'net_profit': 382.1}, {'period': ""Q2 '25"", 'revenue': 3060.0, 'unit': 'M', 'net_profit': 436.13}, {'period': ""Q1 '25"", 'revenue': 2880.0, 'unit': 'M', 'net_profit': 386.6}, {'period': ""Q4 '24"", 'revenue': 2850.0, 'unit': 'M', 'net_profit': 331.76}, {'period': ""Q3 '24"", 'revenue': 2790.0, 'unit': 'M', 'net_profit': 387.39}]",,,,,,,,,,,,,,,,,__nan__,__nan__
107,CMI,Cummins Inc. Common Stock,,,,,,,,,,25.29,-4.48,213172.0,,,[],"[{'period': ""Q4 '25"", 'revenue': 8540.0, 'unit': 'M', 'net_profit': 593.0}, {'period': ""Q3 '25"", 'revenue': 8320.0, 'unit': 'M', 'net_profit': 536.0}, {'period': ""Q2 '25"", 'revenue': 8640.0, 'unit': 'M', 'net_profit': 890.0}, {'period': ""Q1 '25"", 'revenue': 8170.0, 'unit': 'M', 'net_profit': 824.0}, {'period': ""Q4 '24"", 'revenue': 8450.0, 'unit': 'M', 'net_profit': 418.0}, {'period': ""Q3 '24"", 'revenue': 8460.0, 'unit': 'M', 'net_profit': 809.0}]",,,,,,,,,,,,,,,,,__nan__,__nan__
108,CMO,Capstead Mortgage Corporation Common Stock,,,,,,,,,,0.0,0.16,8306905.0,,,[],"[{'period': ""Q2 '21"", 'revenue': 18.16, 'unit': 'M', 'net_profit': 15.53}, {'period': ""Q1 '21"", 'revenue': 22.5, 'unit': 'M', 'net_profit': 18.94}, {'period': ""Q4 '20"", 'revenue': 26.32, 'unit': 'M', 'net_profit': 23.29}, {'period': ""Q3 '20"", 'revenue': 32.39, 'unit': 'M', 'net_profit': 29.08}, {'period': ""Q2 '20"", 'revenue': 26.25, 'unit': 'M', 'net_profit': 22.7}, {'period': ""Q1 '20"", 'revenue': -130.91, 'unit': 'M', 'net_profit': -204.65}]",,,,,,,,,,,,,,,,,__nan__,__nan__
109,CMP,Compass Minerals Intl Inc Common Stock,,,,,,,,,,-25.02,-0.28,41404.0,,,[],"[{'period': ""Q1 '26"", 'revenue': 396.1, 'unit': 'M', 'net_profit': 18.6}, {'period': ""Q4 '25"", 'revenue': 227.5, 'unit': 'M', 'net_profit': -7.2}, {'period': ""Q3 '25"", 'revenue': 214.6, 'unit': 'M', 'net_profit': -17.0}, {'period': ""Q2 '25"", 'revenue': 494.6, 'unit': 'M', 'net_profit': -32.0}, {'period': ""Q1 '25"", 'revenue': 307.2, 'unit': 'M', 'net_profit': -23.6}, {'period': ""Q4 '24"", 'revenue': 208.8, 'unit': 'M', 'net_profit': -48.3}]",,,,,,,,,,,,,,,,,__nan__,__nan__
110,CMRE,Costamare Inc. Common Stock $0.0001 par value,,,,,,,,,,5.36,-0.025,73905.0,,,[],"[{'period': ""Q4 '25"", 'revenue': 211.97, 'unit': 'M', 'net_profit': 77.84}, {'period': ""Q3 '25"", 'revenue': 225.17, 'unit': 'M', 'net_profit': 97.91}, {'period': ""Q2 '25"", 'revenue': 210.9, 'unit': 'M', 'net_profit': 88.69}, {'period': ""Q1 '25"", 'revenue': 446.23, 'unit': 'M', 'net_profit': 100.13}, {'period': ""Q4 '24"", 'revenue': 548.4, 'unit': 'M', 'net_profit': 34.97}, {'period': ""Q3 '24"", 'revenue': 544.64, 'unit': 'M', 'net_profit': 80.75}]",,,,,,,,,,,,,,,,,__nan__,__nan__
111,CMS,CMS Energy Corporation Common Stock,,,,,,,,,,21.99,1.4,560757.0,,,[],"[{'period': ""Q4 '25"", 'revenue': 2230.0, 'unit': 'M', 'net_profit': 289.0}, {'period': ""Q3 '25"", 'revenue': 2020.0, 'unit': 'M', 'net_profit': 277.0}, {'period': ""Q2 '25"", 'revenue': 1840.0, 'unit': 'M', 'net_profit': 201.0}, {'period': ""Q1 '25"", 'revenue': 2450.0, 'unit': 'M', 'net_profit': 304.0}, {'period': ""Q4 '24"", 'revenue': 1990.0, 'unit': 'M', 'net_profit': 265.0}, {'period': ""Q3 '24"", 'revenue': 1740.0, 'unit': 'M', 'net_profit': 253.0}]",,,,,,,,,,,,,,,,,__nan__,__nan__
112,CMSA,CMS Energy Corporation 5.625% Junior Subordinated Notes due 2078,,,,,,,,,,11.96,0.0001,14162.0,,,[],"[{'period': ""Q4 '25"", 'revenue': 2230.0, 'unit': 'M', 'net_profit': 289.0}, {'period': ""Q3 '25"", 'revenue': 2020.0, 'unit': 'M', 'net_profit': 277.0}, {'period': ""Q2 '25"", 'revenue': 1840.0, 'unit': 'M', 'net_profit': 201.0}, {'period': ""Q1 '25"", 'revenue': 2450.0, 'unit': 'M', 'net_profit': 304.0}, {'period': ""Q4 '24"", 'revenue': 1990.0, 'unit': 'M', 'net_profit': 265.0}, {'period': ""Q3 '24"", 'revenue': 1740.0, 'unit': 'M', 'net_profit': 253.0}]",,,,,,,,,,,,,,,,,__nan__,__nan__
113,CMSC,CMS Energy Corporation 5.875% Junior Subordinated Notes due 2078,,,,,,,,,,,0.0,235.0,,,[],"[{'period': ""Q4 '25"", 'revenue': 2230.0, 'unit': 'M', 'net_profit': 289.0}, {'period': ""Q3 '25"", 'revenue': 2020.0, 'unit': 'M', 'net_profit': 277.0}, {'period': ""Q2 '25"", 'revenue': 1840.0, 'unit': 'M', 'net_profit': 201.0}, {'period': ""Q1 '25"", 'revenue': 2450.0, 'unit': 'M', 'net_profit': 304.0}, {'period': ""Q4 '24"", 'revenue': 1990.0, 'unit': 'M', 'net_profit': 265.0}, {'period': ""Q3 '24"", 'revenue': 1740.0, 'unit': 'M', 'net_profit': 253.0}]",,,,,,,,,,,,,,,,,__nan__,__nan__
114,CMSD,CMS Energy Corporation 5.875% Junior Subordinated Notes due 2079,,,,,,,,,,,0.05500015,4740.0,,,[],"[{'period': ""Q4 '25"", 'revenue': 2230.0, 'unit': 'M', 'net_profit': 289.0}, {'period': ""Q3 '25"", 'revenue': 2020.0, 'unit': 'M', 'net_profit': 277.0}, {'period': ""Q2 '25"", 'revenue': 1840.0, 'unit': 'M', 'net_profit': 201.0}, {'period': ""Q1 '25"", 'revenue': 2450.0, 'unit': 'M', 'net_profit': 304.0}, {'period': ""Q4 '24"", 'revenue': 1990.0, 'unit': 'M', 'net_profit': 265.0}, {'period': ""Q3 '24"", 'revenue': 1740.0, 'unit': 'M', 'net_profit': 253.0}]",,,,,,,,,,,,,,,,,__nan__,__nan__
115,CMU,MFS Municipal Income Trust Common Stock,,,,,,,,,,59.0,0.00999996,8897.0,,,[],"[{'period': ""Q4 '25"", 'revenue': 1.85, 'unit': 'M', 'net_profit': 6.8}, {'period': ""Q2 '25"", 'revenue': 3.79, 'unit': 'M', 'net_profit': -6.81}, {'period': ""Q4 '24"", 'revenue': 3.78, 'unit': 'M', 'net_profit': 8.39}, {'period': ""Q2 '24"", 'revenue': 3.73, 'unit': 'M', 'net_profit': 4.12}, {'period': ""Q4 '23"", 'revenue': 4030.0000000000005, 'unit': 'K', 'net_profit': -326.77}, {'period': ""Q2 '23"", 'revenue': 4.22, 'unit': 'M', 'net_profit': 1.59}]",,,,,,,,,,,,,,,,,__nan__,__nan__
116,CNA,CNA Financial Corporation Common Stock,,,,,,,,,,9.72,0.69,47646.0,,,[],"[{'period': ""Q4 '25"", 'revenue': 3760.0, 'unit': 'M', 'net_profit': 302.0}, {'period': ""Q3 '25"", 'revenue': 3750.0, 'unit': 'M', 'net_profit': 403.0}, {'period': ""Q2 '25"", 'revenue': 3640.0, 'unit': 'M', 'net_profit': 299.0}, {'period': ""Q1 '25"", 'revenue': 3570.0, 'unit': 'M', 'net_profit': 274.0}, {'period': ""Q4 '24"", 'revenue': 3610.0, 'unit': 'M', 'net_profit': 21.0}, {'period': ""Q3 '24"", 'revenue': 3550.0, 'unit': 'M', 'net_profit': 283.0}]",,,,,,,,,,,,,,,,,__nan__,__nan__
117,CNC,Centene Corporation Common Stock,,,,,,,,,,-2.38,0.26,1063110.0,,,[],"[{'period': ""Q4 '25"", 'revenue': 49.73, 'unit': 'B', 'net_profit': -1.1}, {'period': ""Q3 '25"", 'revenue': 49.69, 'unit': 'B', 'net_profit': -6.63}, {'period': ""Q2 '25"", 'revenue': 48740.0, 'unit': 'M', 'net_profit': -253.0}, {'period': ""Q1 '25"", 'revenue': 46.62, 'unit': 'B', 'net_profit': 1.31}, {'period': ""Q4 '24"", 'revenue': 40800.0, 'unit': 'M', 'net_profit': 283.0}, {'period': ""Q3 '24"", 'revenue': 42020.0, 'unit': 'M', 'net_profit': 713.0}]",,,,,,,,,,,,,,,,,__nan__,__nan__
118,CND,Concord Acquisition Corp. Class A Common Stock,,,,,,,,,,-70.06896551724138,0.0,92258.0,,,[],"[{'period': ""Q3 '22"", 'revenue': 0.0, 'unit': 'M', 'net_profit': 7.94}, {'period': ""Q2 '22"", 'revenue': 0.0, 'unit': 'M', 'net_profit': 2.07}, {'period': ""Q1 '22"", 'revenue': 0.0, 'unit': 'M', 'net_profit': 43.07}, {'period': ""Q4 '21"", 'revenue': 0.0, 'unit': 'M', 'net_profit': -54.97}, {'period': ""Q3 '21"", 'revenue': 0.0, 'unit': 'M', 'net_profit': -11.36}, {'period': ""Q2 '21"", 'revenue': 0.0, 'unit': 'M', 'net_profit': -1.81}]",,,,,,,,,,,,,,,,,__nan__,__nan__
119,CNF,CNFinance Holdings Limited American Depositary Shares each representing  twenty (20) Ordinary Shares,,,,,,,,,,-4.84,0.0,3159.0,,,[],"[{'period': ""Q2 '25"", 'revenue': 44.03, 'unit': 'M', 'net_profit': -20.19}, {'period': ""Q1 '25"", 'revenue': 44.03, 'unit': 'M', 'net_profit': -20.19}, {'period': ""Q4 '24"", 'revenue': 135.93, 'unit': 'M', 'net_profit': -5.08}, {'period': ""Q3 '24"", 'revenue': 135.93, 'unit': 'M', 'net_profit': -5.08}, {'period': ""Q2 '24"", 'revenue': 176.7, 'unit': 'M', 'net_profit': 23.97}, {'period': ""Q1 '24"", 'revenue': 176.7, 'unit': 'M', 'net_profit': 23.97}]",,,,,,,,,,,,,,,,,__nan__,__nan__
120,CNHI,CNH Industrial N.V. Common Shares,,,,,,,,,,6.656976744186046,-0.07,6638056.0,,,[],"[{'period': ""Q4 '25"", 'revenue': 5160.0, 'unit': 'M', 'net_profit': 86.0}, {'period': ""Q3 '25"", 'revenue': 4400.0, 'unit': 'M', 'net_profit': 80.0}, {'period': ""Q2 '25"", 'revenue': 4710.0, 'unit': 'M', 'net_profit': 213.0}, {'period': ""Q1 '25"", 'revenue': 3830.0, 'unit': 'M', 'net_profit': 131.0}, {'period': ""Q4 '24"", 'revenue': 4880.0, 'unit': 'M', 'net_profit': 173.0}, {'period': ""Q3 '24"", 'revenue': 4650.0, 'unit': 'M', 'net_profit': 306.0}]",,,,,,,,,,,,,,,,,__nan__,__nan__
121,CNI,Canadian National Railway Company Common Stock,,,,,,,,,,18.69,1.0,319925.0,,,[],"[{'period': ""Q4 '25"", 'revenue': 4.46, 'unit': 'B', 'net_profit': 1.25}, {'period': ""Q3 '25"", 'revenue': 4.17, 'unit': 'B', 'net_profit': 1.14}, {'period': ""Q2 '25"", 'revenue': 4.27, 'unit': 'B', 'net_profit': 1.17}, {'period': ""Q1 '25"", 'revenue': 4.4, 'unit': 'B', 'net_profit': 1.16}, {'period': ""Q4 '24"", 'revenue': 4.36, 'unit': 'B', 'net_profit': 1.15}, {'period': ""Q3 '24"", 'revenue': 4.11, 'unit': 'B', 'net_profit': 1.08}]",,,,,,,,,,,,,,,,,__nan__,__nan__
122,CNK,Cinemark Holdings Inc Cinemark Holdings Inc. Common Stock,,,,,,,,,,26.71,-0.28,199523.0,,,[],"[{'period': ""Q4 '25"", 'revenue': 776.3, 'unit': 'M', 'net_profit': 34.1}, {'period': ""Q3 '25"", 'revenue': 857.5, 'unit': 'M', 'net_profit': 48.9}, {'period': ""Q2 '25"", 'revenue': 940.5, 'unit': 'M', 'net_profit': 93.5}, {'period': ""Q1 '25"", 'revenue': 540.7, 'unit': 'M', 'net_profit': -38.9}, {'period': ""Q4 '24"", 'revenue': 814.3, 'unit': 'M', 'net_profit': 51.3}, {'period': ""Q3 '24"", 'revenue': 921.8, 'unit': 'M', 'net_profit': 187.8}]",,,,,,,,,,,,,,,,,__nan__,__nan__
123,CNMD,CONMED Corporation Common Stock,,,,,,,,,,22.85,-0.07,54227.0,,,[],"[{'period': ""Q4 '25"", 'revenue': 373.2, 'unit': 'M', 'net_profit': 16.74}, {'period': ""Q3 '25"", 'revenue': 337.93, 'unit': 'M', 'net_profit': 2.86}, {'period': ""Q2 '25"", 'revenue': 342.35, 'unit': 'M', 'net_profit': 21.42}, {'period': ""Q1 '25"", 'revenue': 321.26, 'unit': 'M', 'net_profit': 6.04}, {'period': ""Q4 '24"", 'revenue': 345.94, 'unit': 'M', 'net_profit': 33.76}, {'period': ""Q3 '24"", 'revenue': 316.7, 'unit': 'M', 'net_profit': 48.98}]",,,,,,,,,,,,,,,,,__nan__,__nan__
124,CNNE,Cannae Holdings Inc. Common Stock,,,,,,,,,,-1.51,0.355,103654.0,,,[],"[{'period': ""Q4 '25"", 'revenue': 103.3, 'unit': 'M', 'net_profit': -93.0}, {'period': ""Q3 '25"", 'revenue': 106.9, 'unit': 'M', 'net_profit': -68.4}, {'period': ""Q2 '25"", 'revenue': 110.2, 'unit': 'M', 'net_profit': -238.8}, {'period': ""Q1 '25"", 'revenue': 103.2, 'unit': 'M', 'net_profit': -113.0}, {'period': ""Q4 '24"", 'revenue': 109.9, 'unit': 'M', 'net_profit': -46.1}, {'period': ""Q3 '24"", 'revenue': 113.9, 'unit': 'M', 'net_profit': -13.6}]",,,,,,,,,,,,,,,,,__nan__,__nan__
125,CNO,CNO Financial Group Inc. Common Stock,,,,,,,,,,17.54,0.8,58157.0,,,[],"[{'period': ""Q4 '25"", 'revenue': 1140.0, 'unit': 'M', 'net_profit': 92.9}, {'period': ""Q3 '25"", 'revenue': 1190.0, 'unit': 'M', 'net_profit': 23.1}, {'period': ""Q2 '25"", 'revenue': 1150.0, 'unit': 'M', 'net_profit': 91.8}, {'period': ""Q1 '25"", 'revenue': 1000.0, 'unit': 'M', 'net_profit': 13.7}, {'period': ""Q4 '24"", 'revenue': 1100.0, 'unit': 'M', 'net_profit': 166.1}, {'period': ""Q3 '24"", 'revenue': 1130.0, 'unit': 'M', 'net_profit': 9.3}]",,,,,,,,,,,,,,,,,__nan__,__nan__
126,CNP,CenterPoint Energy Inc (Holding Co) Common Stock,,,,,,,,,,27.01,0.845,761599.62873,,,[],"[{'period': ""Q4 '25"", 'revenue': 2500.0, 'unit': 'M', 'net_profit': 264.0}, {'period': ""Q3 '25"", 'revenue': 1990.0, 'unit': 'M', 'net_profit': 293.0}, {'period': ""Q2 '25"", 'revenue': 1940.0, 'unit': 'M', 'net_profit': 198.0}, {'period': ""Q1 '25"", 'revenue': 2920.0, 'unit': 'M', 'net_profit': 297.0}, {'period': ""Q4 '24"", 'revenue': 2260.0, 'unit': 'M', 'net_profit': 248.0}, {'period': ""Q3 '24"", 'revenue': 1860.0, 'unit': 'M', 'net_profit': 193.0}]",,,,,,,,,,,,,,,,,__nan__,__nan__
127,CNQ,Canadian Natural Resources Limited Common Stock,,,,,,,,,,13.54,0.555,3169149.0,,,[],"[{'period': ""Q4 '25"", 'revenue': 9.6, 'unit': 'B', 'net_profit': 5.3}, {'period': ""Q3 '25"", 'revenue': 9520.0, 'unit': 'M', 'net_profit': 600.0}, {'period': ""Q2 '25"", 'revenue': 9.68, 'unit': 'B', 'net_profit': 2.46}, {'period': ""Q1 '25"", 'revenue': 12.71, 'unit': 'B', 'net_profit': 2.46}, {'period': ""Q4 '24"", 'revenue': 11.06, 'unit': 'B', 'net_profit': 1.14}, {'period': ""Q3 '24"", 'revenue': 10.4, 'unit': 'B', 'net_profit': 2.27}]",,,,,,,,,,,,,,,,,__nan__,__nan__
128,CNR,Cornerstone Building Brands Inc. Common Stock,,,,,,,,,,-38.08,0.24,366222.0,,,[],"[{'period': ""Q4 '25"", 'revenue': 1040.0, 'unit': 'M', 'net_profit': -78.98}, {'period': ""Q3 '25"", 'revenue': 1000.0, 'unit': 'M', 'net_profit': 31.6}, {'period': ""Q2 '25"", 'revenue': 1100.0, 'unit': 'M', 'net_profit': -36.56}, {'period': ""Q1 '25"", 'revenue': 1020.0, 'unit': 'M', 'net_profit': -69.28}, {'period': ""Q4 '24"", 'revenue': 569.78, 'unit': 'M', 'net_profit': 30.82}, {'period': ""Q3 '24"", 'revenue': 549.63, 'unit': 'M', 'net_profit': 95.63}]",,,,,,,,,,,,,,,,,__nan__,__nan__
129,CNS,Cohen & Steers Inc Common Stock,,,,,,,,,,20.98,1.47,31139.0,,,[],"[{'period': ""Q4 '25"", 'revenue': 143.8, 'unit': 'M', 'net_profit': 34.88}, {'period': ""Q3 '25"", 'revenue': 141.72, 'unit': 'M', 'net_profit': 41.71}, {'period': ""Q2 '25"", 'revenue': 142.44, 'unit': 'M', 'net_profit': 36.85}, {'period': ""Q1 '25"", 'revenue': 139.84, 'unit': 'M', 'net_profit': 39.78}, {'period': ""Q4 '24"", 'revenue': 144.73, 'unit': 'M', 'net_profit': 45.82}, {'period': ""Q3 '24"", 'revenue': 138.62, 'unit': 'M', 'net_profit': 39.67}]",,,,,,,,,,,,,,,,,__nan__,__nan__
130,CNX,CNX Resources Corporation Common Stock,,,,,,,,,,10.05,-0.59,303371.0,,,[],"[{'period': ""Q4 '25"", 'revenue': 655.18, 'unit': 'M', 'net_profit': 196.25}, {'period': ""Q3 '25"", 'revenue': 452.14, 'unit': 'M', 'net_profit': 202.1}, {'period': ""Q2 '25"", 'revenue': 540.7, 'unit': 'M', 'net_profit': 432.52}, {'period': ""Q1 '25"", 'revenue': 610.55, 'unit': 'M', 'net_profit': -197.72}, {'period': ""Q4 '24"", 'revenue': 327.24, 'unit': 'M', 'net_profit': -144.62}, {'period': ""Q3 '24"", 'revenue': 334.72, 'unit': 'M', 'net_profit': 65.54}]",,,,,,,,,,,,,,,,,__nan__,__nan__
131,CO,Global Cord Blood Corporation Common Stock,,,,,,,,,,5.063728813559322,0.0,0.0,,,[],"[{'period': ""Q1 '23"", 'revenue': 297.21, 'unit': 'M', 'net_profit': 106.8}, {'period': ""Q4 '22"", 'revenue': 297.21, 'unit': 'M', 'net_profit': 104.72}, {'period': ""Q3 '22"", 'revenue': 317.2, 'unit': 'M', 'net_profit': 134.19}, {'period': ""Q2 '22"", 'revenue': 313.67, 'unit': 'M', 'net_profit': 125.74}, {'period': ""Q1 '22"", 'revenue': 315.17, 'unit': 'M', 'net_profit': 136.42}, {'period': ""Q4 '21"", 'revenue': 302.32, 'unit': 'M', 'net_profit': 127.73}]",,,,,,,,,,,,,,,,,__nan__,__nan__
132,CODI,D/B/A Compass Diversified Holdings Shares of Beneficial Interest,,,,,,,,,,-2.17,1.21,1735291.0,,,[],"[{'period': ""Q4 '25"", 'revenue': 468.56, 'unit': 'M', 'net_profit': -71.19}, {'period': ""Q3 '25"", 'revenue': 472.56, 'unit': 'M', 'net_profit': -74.02}, {'period': ""Q2 '25"", 'revenue': 478.69, 'unit': 'M', 'net_profit': -51.22}, {'period': ""Q1 '25"", 'revenue': 453.77, 'unit': 'M', 'net_profit': -29.99}, {'period': ""Q4 '24"", 'revenue': 548.73, 'unit': 'M', 'net_profit': 11.92}, {'period': ""Q3 '24"", 'revenue': 582.62, 'unit': 'M', 'net_profit': 22.06}]",,,,,,,,,,,,,,,,,__nan__,__nan__
133,COE,China Online Education Group American depositary shares each representing 15 Class A ordinary shares,,,,,,,,,,-6.25,-0.15,5793.0,,,[],"[{'period': ""Q4 '25"", 'revenue': 30.76, 'unit': 'M', 'net_profit': -6.49}, {'period': ""Q3 '25"", 'revenue': 26.33, 'unit': 'M', 'net_profit': -4.75}, {'period': ""Q2 '25"", 'revenue': 20.4, 'unit': 'M', 'net_profit': -3.05}, {'period': ""Q1 '25"", 'revenue': 18.25, 'unit': 'M', 'net_profit': -1.47}, {'period': ""Q4 '24"", 'revenue': 16.24, 'unit': 'M', 'net_profit': -1.63}, {'period': ""Q3 '24"", 'revenue': 14050.0, 'unit': 'K', 'net_profit': -618.0}]",,,,,,,,,,,,,,,,,__nan__,__nan__
134,COF,Capital One Financial Corporation Common Stock,,,,,,,,,,53.1,2.3,719483.62375,,,[],"[{'period': ""Q4 '25"", 'revenue': 19.72, 'unit': 'B', 'net_profit': 2.13}, {'period': ""Q3 '25"", 'revenue': 19.72, 'unit': 'B', 'net_profit': 3.19}, {'period': ""Q2 '25"", 'revenue': 16.41, 'unit': 'B', 'net_profit': -4.28}, {'period': ""Q1 '25"", 'revenue': 13.4, 'unit': 'B', 'net_profit': 1.4}, {'period': ""Q4 '24"", 'revenue': 13.81, 'unit': 'B', 'net_profit': 1.1}, {'period': ""Q3 '24"", 'revenue': 13.8, 'unit': 'B', 'net_profit': 1.78}]",,,,,,,,,,,,,,,,,__nan__,__nan__
135,COG,Cabot Oil & Gas Corporation Common Stock,,,,,,,,,,0.0,0.0,18763905.0,,,[],"[{'period': ""Q4 '25"", 'revenue': 643.0, 'unit': 'M', 'net_profit': 368.0}, {'period': ""Q3 '25"", 'revenue': 558.0, 'unit': 'M', 'net_profit': 322.0}, {'period': ""Q2 '25"", 'revenue': 626.0, 'unit': 'M', 'net_profit': 511.0}, {'period': ""Q1 '25"", 'revenue': 924.0, 'unit': 'M', 'net_profit': 516.0}, {'period': ""Q4 '24"", 'revenue': 528.88, 'unit': 'M', 'net_profit': 832.98}, {'period': ""Q2 '21"", 'revenue': 324.67, 'unit': 'M', 'net_profit': 30.46}]",,,,,,,,,,,,,,,,,__nan__,__nan__
136,COLD,Americold Realty Trust Common Shares,,,,,,,,,,-28.25,0.36,1453331.0,,,[],"[{'period': ""Q4 '25"", 'revenue': 658.45, 'unit': 'M', 'net_profit': -88.34}, {'period': ""Q3 '25"", 'revenue': 663.66, 'unit': 'M', 'net_profit': -11.37}, {'period': ""Q2 '25"", 'revenue': 650.75, 'unit': 'M', 'net_profit': 1.54}, {'period': ""Q1 '25"", 'revenue': 628.98, 'unit': 'M', 'net_profit': -16.38}, {'period': ""Q4 '24"", 'revenue': 666.43, 'unit': 'M', 'net_profit': -36.22}, {'period': ""Q3 '24"", 'revenue': 674.17, 'unit': 'M', 'net_profit': -3.73}]",,,,,,,,,,,,,,,,,__nan__,__nan__
137,COMP,Compass Inc. Class A Common Stock,,,,,,,,,,-70.65,-0.015,2760752.0,,,[],"[{'period': ""Q4 '25"", 'revenue': 1700.0, 'unit': 'M', 'net_profit': -42.6}, {'period': ""Q3 '25"", 'revenue': 1850.0, 'unit': 'M', 'net_profit': -4.6}, {'period': ""Q2 '25"", 'revenue': 2060.0, 'unit': 'M', 'net_profit': 39.4}, {'period': ""Q1 '25"", 'revenue': 1360.0, 'unit': 'M', 'net_profit': -50.7}, {'period': ""Q4 '24"", 'revenue': 1380.0, 'unit': 'M', 'net_profit': -40.5}, {'period': ""Q3 '24"", 'revenue': 1490.0, 'unit': 'M', 'net_profit': -1.7}]",,,,,,,,,,,,,,,,,__nan__,__nan__
138,COO,The Cooper Companies Inc. Common Stock,,,,,,,,,,34.67,-0.08,301799.0,,,[],"[{'period': ""Q1 '26"", 'revenue': 1020.0, 'unit': 'M', 'net_profit': 130.8}, {'period': ""Q4 '25"", 'revenue': 1070.0, 'unit': 'M', 'net_profit': 84.6}, {'period': ""Q3 '25"", 'revenue': 1060.0, 'unit': 'M', 'net_profit': 98.3}, {'period': ""Q2 '25"", 'revenue': 1000.0, 'unit': 'M', 'net_profit': 87.7}, {'period': ""Q1 '25"", 'revenue': 964.7, 'unit': 'M', 'net_profit': 104.3}, {'period': ""Q4 '24"", 'revenue': 1020.0, 'unit': 'M', 'net_profit': 117.5}]",,,,,,,,,,,,,,,,,__nan__,__nan__
139,COP,ConocoPhillips Common Stock,,,,,,,,,,21.27,1.45,2228392.0,,,[],"[{'period': ""Q4 '25"", 'revenue': 13.31, 'unit': 'B', 'net_profit': 1.44}, {'period': ""Q3 '25"", 'revenue': 15.03, 'unit': 'B', 'net_profit': 1.73}, {'period': ""Q2 '25"", 'revenue': 13.98, 'unit': 'B', 'net_profit': 1.96}, {'period': ""Q1 '25"", 'revenue': 16.46, 'unit': 'B', 'net_profit': 2.84}, {'period': ""Q4 '24"", 'revenue': 14.24, 'unit': 'B', 'net_profit': 2.3}, {'period': ""Q3 '24"", 'revenue': 12.99, 'unit': 'B', 'net_profit': 2.05}]",,,,,,,,,,,,,,,,,__nan__,__nan__
140,COR,CoreSite Realty Corporation Common Stock,,,,,,,,,,37.59,1.08,194644.0,,,[],"[{'period': ""Q1 '26"", 'revenue': 85930.0, 'unit': 'M', 'net_profit': 559.65}, {'period': ""Q4 '25"", 'revenue': 83730.0, 'unit': 'M', 'net_profit': -339.7}, {'period': ""Q3 '25"", 'revenue': 80660.0, 'unit': 'M', 'net_profit': 687.4}, {'period': ""Q2 '25"", 'revenue': 75450.0, 'unit': 'M', 'net_profit': 717.87}, {'period': ""Q1 '25"", 'revenue': 81490.0, 'unit': 'M', 'net_profit': 488.6}, {'period': ""Q4 '24"", 'revenue': 79050.0, 'unit': 'M', 'net_profit': 3.38}]",,,,,,,,,,,,,,,,,__nan__,__nan__
141,CORR,CorEnergy Infrastructure Trust Inc. Common Stock,,,,,,,,,,-0.013026315789473684,-0.223,3600652.0,,,[],"[{'period': ""Q4 '23"", 'revenue': 33.53, 'unit': 'M', 'net_profit': -270.94}, {'period': ""Q3 '23"", 'revenue': 33.05, 'unit': 'M', 'net_profit': -7.51}, {'period': ""Q2 '23"", 'revenue': 35.65, 'unit': 'M', 'net_profit': -3.98}, {'period': ""Q1 '23"", 'revenue': 29.34, 'unit': 'M', 'net_profit': -3.2}, {'period': ""Q4 '22"", 'revenue': 36290.0, 'unit': 'K', 'net_profit': -553.0}, {'period': ""Q3 '22"", 'revenue': 32.96, 'unit': 'M', 'net_profit': -15.5}]",,,,,,,,,,,,,,,,,__nan__,__nan__
142,COTY,Coty Inc. Class A Common Stock,,,,,,,,,,-3.31,0.04500003,1264173.42826,,,[],"[{'period': ""Q2 '26"", 'revenue': 1680.0, 'unit': 'M', 'net_profit': -123.6}, {'period': ""Q1 '26"", 'revenue': 1580.0, 'unit': 'M', 'net_profit': 67.9}, {'period': ""Q4 '25"", 'revenue': 1250.0, 'unit': 'M', 'net_profit': -68.8}, {'period': ""Q3 '25"", 'revenue': 1300.0, 'unit': 'M', 'net_profit': -405.7}, {'period': ""Q2 '25"", 'revenue': 1670.0, 'unit': 'M', 'net_profit': 23.7}, {'period': ""Q1 '25"", 'revenue': 1670.0, 'unit': 'M', 'net_profit': 82.9}]",,,,,,,,,,,,,,,,,__nan__,__nan__
143,COUR,Coursera Inc. Common Stock,,,,,,,,,,-18.32,0.17,861977.0,,,[],"[{'period': ""Q4 '25"", 'revenue': 196.9, 'unit': 'M', 'net_profit': -26.8}, {'period': ""Q3 '25"", 'revenue': 194.2, 'unit': 'M', 'net_profit': -8.6}, {'period': ""Q2 '25"", 'revenue': 187.1, 'unit': 'M', 'net_profit': -7.8}, {'period': ""Q1 '25"", 'revenue': 179.3, 'unit': 'M', 'net_profit': -7.8}, {'period': ""Q4 '24"", 'revenue': 179.18, 'unit': 'M', 'net_profit': -21.61}, {'period': ""Q3 '24"", 'revenue': 176.09, 'unit': 'M', 'net_profit': -13.69}]",,,,,,,,,,,,,,,,,__nan__,__nan__
144,CP,Canadian Pacific Railway Limited Common Stock,,,,,,,,,,24.12,0.41,700696.0,,,[],"[{'period': ""Q4 '25"", 'revenue': 3.92, 'unit': 'B', 'net_profit': 1.08}, {'period': ""Q3 '25"", 'revenue': 3660.0, 'unit': 'M', 'net_profit': 920.0}, {'period': ""Q2 '25"", 'revenue': 3.7, 'unit': 'B', 'net_profit': 1.23}, {'period': ""Q1 '25"", 'revenue': 3790.0, 'unit': 'M', 'net_profit': 910.0}, {'period': ""Q4 '24"", 'revenue': 3.87, 'unit': 'B', 'net_profit': 1.2}, {'period': ""Q3 '24"", 'revenue': 3550.0, 'unit': 'M', 'net_profit': 837.0}]",,,,,,,,,,,,,,,,,__nan__,__nan__
145,CPA,Copa Holdings S.A. Copa Holdings S.A. Class A Common Stock,,,,,,,,,,6.71,-1.645,94611.0,,,[],"[{'period': ""Q4 '25"", 'revenue': 962.89, 'unit': 'M', 'net_profit': 172.62}, {'period': ""Q3 '25"", 'revenue': 913.15, 'unit': 'M', 'net_profit': 173.35}, {'period': ""Q2 '25"", 'revenue': 842.6, 'unit': 'M', 'net_profit': 148.91}, {'period': ""Q1 '25"", 'revenue': 899.18, 'unit': 'M', 'net_profit': 176.77}, {'period': ""Q4 '24"", 'revenue': 877.05, 'unit': 'M', 'net_profit': 166.18}, {'period': ""Q3 '24"", 'revenue': 854.71, 'unit': 'M', 'net_profit': 146.03}]",,,,,,,,,,,,,,,,,__nan__,__nan__
146,CPAC,Cementos Pacasmayo S.A.A. American Depositary Shares (Each representing five Common Shares),,,,,,,,,,19.9,-0.04,2725.0,,,[],"[{'period': ""Q4 '25"", 'revenue': 555.8, 'unit': 'M', 'net_profit': -17.68}, {'period': ""Q3 '25"", 'revenue': 574.07, 'unit': 'M', 'net_profit': 71.51}, {'period': ""Q2 '25"", 'revenue': 484.1, 'unit': 'M', 'net_profit': 47.82}, {'period': ""Q1 '25"", 'revenue': 499.17, 'unit': 'M', 'net_profit': 52.67}, {'period': ""Q4 '24"", 'revenue': 526.67, 'unit': 'M', 'net_profit': 50.08}, {'period': ""Q3 '24"", 'revenue': 517.75, 'unit': 'M', 'net_profit': 62.54}]",,,,,,,,,,,,,,,,,__nan__,__nan__
147,CPB,Campbell Soup Company Common Stock,,,,,,,,,,12.14,0.3499,2756468.0,,,[],"[{'period': ""Q2 '26"", 'revenue': 2560.0, 'unit': 'M', 'net_profit': 145.0}, {'period': ""Q1 '26"", 'revenue': 2680.0, 'unit': 'M', 'net_profit': 194.0}, {'period': ""Q4 '25"", 'revenue': 2320.0, 'unit': 'M', 'net_profit': 145.0}, {'period': ""Q3 '25"", 'revenue': 2480.0, 'unit': 'M', 'net_profit': 66.0}, {'period': ""Q2 '25"", 'revenue': 2690.0, 'unit': 'M', 'net_profit': 173.0}, {'period': ""Q1 '25"", 'revenue': 2770.0, 'unit': 'M', 'net_profit': 218.0}]",,,,,,,,,,,,,,,,,__nan__,__nan__
148,CPE,Callon Petroleum Company Common Stock,,,,,,,,,,5.777059773828756,0.64,30421759.0,,,[],"[{'period': ""Q4 '23"", 'revenue': 601.36, 'unit': 'M', 'net_profit': 168.97}, {'period': ""Q3 '23"", 'revenue': 109.1, 'unit': 'M', 'net_profit': 119.48}, {'period': ""Q2 '23"", 'revenue': 562.28, 'unit': 'M', 'net_profit': -107.9}, {'period': ""Q1 '23"", 'revenue': 560.05, 'unit': 'M', 'net_profit': 220.64}, {'period': ""Q4 '22"", 'revenue': 704.25, 'unit': 'M', 'net_profit': 272.47}, {'period': ""Q3 '22"", 'revenue': 835.88, 'unit': 'M', 'net_profit': 549.6}]",,,,,,,,,,,,,,,,,__nan__,__nan__
149,CPF,Central Pacific Financial Corp New,,,,,,,,,,11.05,0.06,33850.0,,,[],"[{'period': ""Q4 '25"", 'revenue': 93.08, 'unit': 'M', 'net_profit': 22.88}, {'period': ""Q3 '25"", 'revenue': 92.19, 'unit': 'M', 'net_profit': 18.57}, {'period': ""Q2 '25"", 'revenue': 89.94, 'unit': 'M', 'net_profit': 18.27}, {'period': ""Q1 '25"", 'revenue': 87.11, 'unit': 'M', 'net_profit': 17.76}, {'period': ""Q4 '24"", 'revenue': 80.04, 'unit': 'M', 'net_profit': 11.35}, {'period': ""Q3 '24"", 'revenue': 89.38, 'unit': 'M', 'net_profit': 13.3}]",,,,,,,,,,,,,,,,,__nan__,__nan__
150,CPG,Crescent Point Energy Corporation Ordinary Shares (Canada),,,,,,,,,,23.86111111111111,-0.01,4253381.0,,,[],"[{'period': ""Q1 '24"", 'revenue': 1020.0, 'unit': 'M', 'net_profit': -411.7}, {'period': ""Q4 '23"", 'revenue': 861.4, 'unit': 'M', 'net_profit': 951.2}, {'period': ""Q3 '23"", 'revenue': 908.7, 'unit': 'M', 'net_profit': -809.9}, {'period': ""Q2 '23"", 'revenue': 841.8, 'unit': 'M', 'net_profit': 212.3}, {'period': ""Q1 '23"", 'revenue': 808.9, 'unit': 'M', 'net_profit': 216.7}, {'period': ""Q4 '22"", 'revenue': 912.8, 'unit': 'M', 'net_profit': -498.1}]",,,,,,,,,,,,,,,,,__nan__,__nan__
151,CPK,Chesapeake Utilities Corporation Common Stock,,,,,,,,,,21.19,2.39,51020.0,,,[],"[{'period': ""Q4 '25"", 'revenue': 213.3, 'unit': 'M', 'net_profit': 31.7}, {'period': ""Q3 '25"", 'revenue': 179.6, 'unit': 'M', 'net_profit': 19.4}, {'period': ""Q2 '25"", 'revenue': 192.8, 'unit': 'M', 'net_profit': 23.9}, {'period': ""Q1 '25"", 'revenue': 298.7, 'unit': 'M', 'net_profit': 50.9}, {'period': ""Q4 '24"", 'revenue': 215.05, 'unit': 'M', 'net_profit': 36.65}, {'period': ""Q3 '24"", 'revenue': 160.14, 'unit': 'M', 'net_profit': 17.51}]",,,,,,,,,,,,,,,,,__nan__,__nan__
152,CPLG,CorePoint Lodging Inc. Common Stock ,,,,,,,,,,-32.4390243902439,0.25,2023617.0,,,[],"[{'period': ""Q3 '21"", 'revenue': 142.0, 'unit': 'M', 'net_profit': 17.0}, {'period': ""Q2 '21"", 'revenue': 138.0, 'unit': 'M', 'net_profit': 28.0}, {'period': ""Q1 '21"", 'revenue': 97.0, 'unit': 'M', 'net_profit': -31.0}, {'period': ""Q4 '20"", 'revenue': 86.0, 'unit': 'M', 'net_profit': -42.0}, {'period': ""Q3 '20"", 'revenue': 107.0, 'unit': 'M', 'net_profit': -8.0}, {'period': ""Q2 '20"", 'revenue': 72.0, 'unit': 'M', 'net_profit': -107.0}]",,,,,,,,,,,,,,,,,__nan__,__nan__
153,CPNG,Coupang Inc. Class A Common Stock,,,,,,,,,,166.18,0.19,3548701.0,,,[],"[{'period': ""Q4 '25"", 'revenue': 8840.0, 'unit': 'M', 'net_profit': -26.0}, {'period': ""Q3 '25"", 'revenue': 9270.0, 'unit': 'M', 'net_profit': 95.0}, {'period': ""Q2 '25"", 'revenue': 8520.0, 'unit': 'M', 'net_profit': 32.0}, {'period': ""Q1 '25"", 'revenue': 7910.0, 'unit': 'M', 'net_profit': 107.0}, {'period': ""Q4 '24"", 'revenue': 7960.0, 'unit': 'M', 'net_profit': 156.0}, {'period': ""Q3 '24"", 'revenue': 7870.0, 'unit': 'M', 'net_profit': 70.0}]",,,,,,,,,,,,,,,,,__nan__,__nan__
154,CPRI,Capri Holdings Limited Ordinary Shares,,,,,,,,,,-1.74,-0.28,773312.0,,,[],"[{'period': ""Q3 '26"", 'revenue': 1020.0, 'unit': 'M', 'net_profit': 116.0}, {'period': ""Q2 '26"", 'revenue': 856.0, 'unit': 'M', 'net_profit': -28.0}, {'period': ""Q1 '26"", 'revenue': 797.0, 'unit': 'M', 'net_profit': 53.0}, {'period': ""Q4 '25"", 'revenue': 1030.0, 'unit': 'M', 'net_profit': -645.0}, {'period': ""Q3 '25"", 'revenue': 1260.0, 'unit': 'M', 'net_profit': -547.0}, {'period': ""Q2 '25"", 'revenue': 878.0, 'unit': 'M', 'net_profit': 24.0}]",,,,,,,,,,,,,,,,,__nan__,__nan__
155,CPS,Cooper-Standard Holdings Inc. Common Stock,,,,,,,,,,-118.13,-1.8201,199263.0,,,[],"[{'period': ""Q4 '25"", 'revenue': 672.37, 'unit': 'M', 'net_profit': 3.33}, {'period': ""Q3 '25"", 'revenue': 695.5, 'unit': 'M', 'net_profit': -7.64}, {'period': ""Q2 '25"", 'revenue': 705.97, 'unit': 'M', 'net_profit': -1.4}, {'period': ""Q1 '25"", 'revenue': 667.07, 'unit': 'M', 'net_profit': 1.55}, {'period': ""Q4 '24"", 'revenue': 660.75, 'unit': 'M', 'net_profit': 40.21}, {'period': ""Q3 '24"", 'revenue': 685.35, 'unit': 'M', 'net_profit': -11.06}]",,,,,,,,,,,,,,,,,__nan__,__nan__
156,CPSR,Capstar Special Purpose Acquisition Corp. Class A Common Stock,,,,,,,,,,,0.01999931,1373.0,,,[],[],,,,,,,,,,,,,,,,,__nan__,__nan__
157,CPT,Camden Property Trust Common Stock,,,,,,,,,,27.87,1.715,153239.0,,,[],"[{'period': ""Q4 '25"", 'revenue': 390.79, 'unit': 'M', 'net_profit': 156.04}, {'period': ""Q3 '25"", 'revenue': 395.68, 'unit': 'M', 'net_profit': 108.93}, {'period': ""Q2 '25"", 'revenue': 396.51, 'unit': 'M', 'net_profit': 80.67}, {'period': ""Q1 '25"", 'revenue': 390.56, 'unit': 'M', 'net_profit': 38.82}, {'period': ""Q4 '24"", 'revenue': 386.32, 'unit': 'M', 'net_profit': 40.69}, {'period': ""Q3 '24"", 'revenue': 387.23, 'unit': 'M', 'net_profit': -4.2}]",,,,,,,,,,,,,,,,,__nan__,__nan__
158,CPTK,Crown PropTech Acquisitions Class A Ordinary Shares,,,,,,,,,,29.135135135135137,0.08,22276.0,,,[],"[{'period': ""Q3 '25"", 'revenue': 0.0, 'unit': '', 'net_profit': 0.0}, {'period': ""Q2 '25"", 'revenue': 0.0, 'unit': 'K', 'net_profit': -81.57}, {'period': ""Q1 '25"", 'revenue': 0.0, 'unit': '', 'net_profit': 0.0}, {'period': ""Q4 '24"", 'revenue': 1.83, 'unit': 'M', 'net_profit': -1.3}, {'period': ""Q3 '23"", 'revenue': 0.0, 'unit': '', 'net_profit': 0.0}, {'period': ""Q2 '23"", 'revenue': 0.0, 'unit': 'K', 'net_profit': 860.21}]",,,,,,,,,,,,,,,,,__nan__,__nan__
159,CPUH,Compute Health Acquisition Corp. Class A Common Stock,,,,,,,,,,-11.640449438202246,-0.22,35454.0,,,[],"[{'period': ""Q1 '23"", 'revenue': 0.0, 'unit': 'M', 'net_profit': -13.3}, {'period': ""Q4 '22"", 'revenue': 0.0, 'unit': 'M', 'net_profit': 1.38}, {'period': ""Q3 '22"", 'revenue': 0.0, 'unit': 'M', 'net_profit': 8.46}, {'period': ""Q2 '22"", 'revenue': 0.0, 'unit': 'M', 'net_profit': 9.75}, {'period': ""Q1 '22"", 'revenue': 0.0, 'unit': 'M', 'net_profit': 26.14}, {'period': ""Q4 '21"", 'revenue': 0.0, 'unit': 'M', 'net_profit': 2.45}]",,,,,,,,,,,,,,,,,__nan__,__nan__
160,CR,Crane Co. Common Stock,,,,,,,,,,28.95,-0.05,42092.0,,,[],"[{'period': ""Q4 '25"", 'revenue': 581.0, 'unit': 'M', 'net_profit': 81.7}, {'period': ""Q3 '25"", 'revenue': 589.2, 'unit': 'M', 'net_profit': 91.4}, {'period': ""Q2 '25"", 'revenue': 577.2, 'unit': 'M', 'net_profit': 86.4}, {'period': ""Q1 '25"", 'revenue': 557.6, 'unit': 'M', 'net_profit': 107.1}, {'period': ""Q4 '24"", 'revenue': 544.1, 'unit': 'M', 'net_profit': 81.0}, {'period': ""Q3 '24"", 'revenue': 597.2, 'unit': 'M', 'net_profit': 77.3}]",,,,,,,,,,,,,,,,,__nan__,__nan__
161,CRC,California Resources Corporation Common Stock,,,,,,,,,,16.59,-0.00999939,254032.0,,,[],"[{'period': ""Q4 '25"", 'revenue': 871.0, 'unit': 'M', 'net_profit': 12.0}, {'period': ""Q3 '25"", 'revenue': 878.0, 'unit': 'M', 'net_profit': 64.0}, {'period': ""Q2 '25"", 'revenue': 821.0, 'unit': 'M', 'net_profit': 172.0}, {'period': ""Q1 '25"", 'revenue': 906.0, 'unit': 'M', 'net_profit': 115.0}, {'period': ""Q4 '24"", 'revenue': 926.0, 'unit': 'M', 'net_profit': 33.0}, {'period': ""Q3 '24"", 'revenue': 997.0, 'unit': 'M', 'net_profit': 345.0}]",,,,,,,,,,,,,,,,,__nan__,__nan__
162,CRD/A,Crawford & Company,,,,,,,,,,,,,,,[],[],,,,,,,,,,,,,,,,,__nan__,__nan__
163,CRD/B,Crawford & Company,,,,,,,,,,,,,,,[],[],,,,,,,,,,,,,,,,,__nan__,__nan__
164,CRH,CRH PLC American Depositary Shares,,,,,,,,,,18.63,0.89,1282251.0,,,[],"[{'period': ""Q4 '25"", 'revenue': 23.16, 'unit': 'B', 'net_profit': 2.05}, {'period': ""Q3 '25"", 'revenue': 11.07, 'unit': 'B', 'net_profit': 1.5}, {'period': ""Q2 '25"", 'revenue': 8.71, 'unit': 'B', 'net_profit': 1.12}, {'period': ""Q1 '25"", 'revenue': 6240.0, 'unit': 'M', 'net_profit': -93.31}, {'period': ""Q4 '24"", 'revenue': 8570.0, 'unit': 'M', 'net_profit': 675.02}, {'period': ""Q3 '24"", 'revenue': 9.41, 'unit': 'B', 'net_profit': 1.21}]",,,,,,,,,,,,,,,,,__nan__,__nan__
165,CRHC,Cohn Robbins Holdings Corp. Class A Ordinary Shares,,,,,,,,,,83.33333333333333,0.0,0.0,,,[],"[{'period': ""Q3 '22"", 'revenue': 0.0, 'unit': 'M', 'net_profit': 132.06}, {'period': ""Q2 '22"", 'revenue': 0.0, 'unit': 'M', 'net_profit': 26.68}, {'period': ""Q1 '22"", 'revenue': 0.0, 'unit': 'M', 'net_profit': -94.89}, {'period': ""Q4 '21"", 'revenue': 0.0, 'unit': 'M', 'net_profit': 74.93}, {'period': ""Q3 '21"", 'revenue': 0.0, 'unit': 'M', 'net_profit': 9.86}, {'period': ""Q2 '21"", 'revenue': 0.0, 'unit': 'M', 'net_profit': 3.11}]",,,,,,,,,,,,,,,,,__nan__,__nan__
166,CRI,Carter's Inc. Common Stock,,,,,,,,,,13.69,-0.18,74661.0,,,[],"[{'period': ""Q4 '25"", 'revenue': 925.45, 'unit': 'M', 'net_profit': 64.22}, {'period': ""Q3 '25"", 'revenue': 757.84, 'unit': 'M', 'net_profit': 11.59}, {'period': ""Q2 '25"", 'revenue': 585310.0, 'unit': 'K', 'net_profit': 446.0}, {'period': ""Q1 '25"", 'revenue': 629.83, 'unit': 'M', 'net_profit': 15.54}, {'period': ""Q4 '24"", 'revenue': 859.71, 'unit': 'M', 'net_profit': 61.52}, {'period': ""Q3 '24"", 'revenue': 758.46, 'unit': 'M', 'net_profit': 58.32}]",,,,,,,,,,,,,,,,,__nan__,__nan__
167,CRK,Comstock Resources Inc. Common Stock,,,,,,,,,,15.62,-1.095,724104.0,,,[],"[{'period': ""Q4 '25"", 'revenue': 497.96, 'unit': 'M', 'net_profit': 280.92}, {'period': ""Q3 '25"", 'revenue': 449.85, 'unit': 'M', 'net_profit': 111.13}, {'period': ""Q2 '25"", 'revenue': 470.26, 'unit': 'M', 'net_profit': 124.84}, {'period': ""Q1 '25"", 'revenue': 512.85, 'unit': 'M', 'net_profit': -121.28}, {'period': ""Q4 '24"", 'revenue': 366.51, 'unit': 'M', 'net_profit': -47.23}, {'period': ""Q3 '24"", 'revenue': 304.47, 'unit': 'M', 'net_profit': -28.89}]",,,,,,,,,,,,,,,,,__nan__,__nan__
168,CRL,Charles River Laboratories International Inc. Common Stock,,,,,,,,,,-55.77,3.1225,136187.0,,,[],"[{'period': ""Q4 '25"", 'revenue': 994.23, 'unit': 'M', 'net_profit': -276.56}, {'period': ""Q3 '25"", 'revenue': 1000.0, 'unit': 'M', 'net_profit': 54.42}, {'period': ""Q2 '25"", 'revenue': 1030.0, 'unit': 'M', 'net_profit': 52.33}, {'period': ""Q1 '25"", 'revenue': 984.17, 'unit': 'M', 'net_profit': 25.47}, {'period': ""Q4 '24"", 'revenue': 1000.0, 'unit': 'M', 'net_profit': -215.7}, {'period': ""Q3 '24"", 'revenue': 1010.0, 'unit': 'M', 'net_profit': 68.68}]",,,,,,,,,,,,,,,,,__nan__,__nan__
169,CRM,Salesforce.com Inc Common Stock,,,,,,,,,,23.47,3.78,2727335.0,,,[],"[{'period': ""Q4 '26"", 'revenue': 11.2, 'unit': 'B', 'net_profit': 1.94}, {'period': ""Q3 '26"", 'revenue': 10.26, 'unit': 'B', 'net_profit': 2.09}, {'period': ""Q2 '26"", 'revenue': 10.24, 'unit': 'B', 'net_profit': 1.89}, {'period': ""Q1 '26"", 'revenue': 9.83, 'unit': 'B', 'net_profit': 1.54}, {'period': ""Q4 '25"", 'revenue': 9.99, 'unit': 'B', 'net_profit': 1.71}, {'period': ""Q3 '25"", 'revenue': 9.44, 'unit': 'B', 'net_profit': 1.53}]",,,,,,,,,,,,,,,,,__nan__,__nan__
170,CRS,Carpenter Technology Corporation Common Stock,,,,,,,,,,44.27,3.38,199121.0,,,[],"[{'period': ""Q2 '26"", 'revenue': 728.0, 'unit': 'M', 'net_profit': 105.3}, {'period': ""Q1 '26"", 'revenue': 733.7, 'unit': 'M', 'net_profit': 122.5}, {'period': ""Q4 '25"", 'revenue': 755.6, 'unit': 'M', 'net_profit': 111.7}, {'period': ""Q3 '25"", 'revenue': 727.0, 'unit': 'M', 'net_profit': 95.4}, {'period': ""Q2 '25"", 'revenue': 676.9, 'unit': 'M', 'net_profit': 84.1}, {'period': ""Q1 '25"", 'revenue': 717.6, 'unit': 'M', 'net_profit': 84.8}]",,,,,,,,,,,,,,,,,__nan__,__nan__
171,CRT,Cross Timbers Royalty Trust Common Stock,,,,,,,,,,14.51,0.11,28401.0,,,[],"[{'period': ""Q4 '25"", 'revenue': 1.64, 'unit': 'M', 'net_profit': 1.36}, {'period': ""Q3 '25"", 'revenue': 774.28, 'unit': 'K', 'net_profit': 453.32}, {'period': ""Q2 '25"", 'revenue': 1290.0, 'unit': 'K', 'net_profit': 892.55}, {'period': ""Q1 '25"", 'revenue': 2.05, 'unit': 'M', 'net_profit': 1.78}, {'period': ""Q4 '24"", 'revenue': 1.48, 'unit': 'M', 'net_profit': 1.32}, {'period': ""Q3 '24"", 'revenue': 1.71, 'unit': 'M', 'net_profit': 1.52}]",,,,,,,,,,,,,,,,,__nan__,__nan__
172,CRU,Crucible Acquisition Corporation Class A Common Stock,,,,,,,,,,28.714285714285715,-0.02,85276.0,,,[],"[{'period': ""Q3 '22"", 'revenue': 0.0, 'unit': 'M', 'net_profit': 2.1}, {'period': ""Q2 '22"", 'revenue': 0.0, 'unit': 'M', 'net_profit': 3.61}, {'period': ""Q1 '22"", 'revenue': 0.0, 'unit': 'K', 'net_profit': 130.0}, {'period': ""Q4 '21"", 'revenue': 0.0, 'unit': 'M', 'net_profit': 6.8}, {'period': ""Q3 '21"", 'revenue': 0.0, 'unit': 'M', 'net_profit': 2.66}, {'period': ""Q2 '21"", 'revenue': 0.0, 'unit': 'M', 'net_profit': 1.77}]",,,,,,,,,,,,,,,,,__nan__,__nan__
173,CRY,CryoLife Inc. Common Stock,,,,,,,,,,425.7142857142857,0.25,257460.0,,,[],"[{'period': ""Q4 '25"", 'revenue': 115.99, 'unit': 'M', 'net_profit': 2.43}, {'period': ""Q3 '25"", 'revenue': 113.39, 'unit': 'M', 'net_profit': 6.5}, {'period': ""Q2 '25"", 'revenue': 112.97, 'unit': 'M', 'net_profit': 1.34}, {'period': ""Q1 '25"", 'revenue': 98980.0, 'unit': 'K', 'net_profit': -505.0}, {'period': ""Q4 '24"", 'revenue': 160.79, 'unit': 'M', 'net_profit': -1.66}, {'period': ""Q4 '21"", 'revenue': 79.39, 'unit': 'M', 'net_profit': -20.1}]",,,,,,,,,,,,,,,,,__nan__,__nan__
174,CS,Credit Suisse Group American Depositary Shares,,,,,,,,,,-0.3130035335689046,0.0087,63950993.0,,,[],"[{'period': ""Q4 '22"", 'revenue': 2.94, 'unit': 'B', 'net_profit': -1.4}, {'period': ""Q3 '22"", 'revenue': 3.49, 'unit': 'B', 'net_profit': -4.04}, {'period': ""Q2 '22"", 'revenue': 3.51, 'unit': 'B', 'net_profit': -1.59}, {'period': ""Q1 '22"", 'revenue': 4400.0, 'unit': 'M', 'net_profit': -277.0}, {'period': ""Q4 '21"", 'revenue': 4.03, 'unit': 'B', 'net_profit': -2.0}, {'period': ""Q3 '21"", 'revenue': 5370.0, 'unit': 'M', 'net_profit': 434.0}]",,,,,,,,,,,,,,,,,__nan__,__nan__
175,CSAN,Cosan S.A. ADS,,,,,,,,,,-1.3,0.015,420188.0,,,[],"[{'period': ""Q4 '25"", 'revenue': 9.76, 'unit': 'B', 'net_profit': -5.89}, {'period': ""Q3 '25"", 'revenue': 10.66, 'unit': 'B', 'net_profit': -1.19}, {'period': ""Q2 '25"", 'revenue': 10480.0, 'unit': 'M', 'net_profit': -946.04}, {'period': ""Q1 '25"", 'revenue': 9.66, 'unit': 'B', 'net_profit': -1.79}, {'period': ""Q4 '24"", 'revenue': 11.77, 'unit': 'B', 'net_profit': -9.3}, {'period': ""Q3 '24"", 'revenue': 11650.0, 'unit': 'M', 'net_profit': 292.88}]",,,,,,,,,,,,,,,,,__nan__,__nan__
176,CSL,Carlisle Companies Incorporated Common Stock,,,,,,,,,,19.21,4.11,42028.0,,,[],"[{'period': ""Q4 '25"", 'revenue': 1130.0, 'unit': 'M', 'net_profit': 127.4}, {'period': ""Q3 '25"", 'revenue': 1350.0, 'unit': 'M', 'net_profit': 214.2}, {'period': ""Q2 '25"", 'revenue': 1450.0, 'unit': 'M', 'net_profit': 255.8}, {'period': ""Q1 '25"", 'revenue': 1100.0, 'unit': 'M', 'net_profit': 143.3}, {'period': ""Q4 '24"", 'revenue': 1120.0, 'unit': 'M', 'net_profit': 162.8}, {'period': ""Q3 '24"", 'revenue': 1330.0, 'unit': 'M', 'net_profit': 244.3}]",,,,,,,,,,,,,,,,,__nan__,__nan__
177,CSLT,Castlight Health Inc. Class B Common Stock,,,,,,,,,,-37.27272727272727,0.0,0.0,,,[],"[{'period': ""Q3 '21"", 'revenue': 34.78, 'unit': 'M', 'net_profit': -2.03}, {'period': ""Q2 '21"", 'revenue': 35.6, 'unit': 'M', 'net_profit': -2.39}, {'period': ""Q1 '21"", 'revenue': 35.06, 'unit': 'M', 'net_profit': -3.0}, {'period': ""Q4 '20"", 'revenue': 37.09, 'unit': 'M', 'net_profit': -1.2}, {'period': ""Q3 '20"", 'revenue': 35080.0, 'unit': 'K', 'net_profit': -447.0}, {'period': ""Q2 '20"", 'revenue': 35.5, 'unit': 'M', 'net_profit': -4.2}]",,,,,,,,,,,,,,,,,__nan__,__nan__
178,CSPR,Casper Sleep Inc. Common Stock,,,,,,,,,,0.0,0.0,9936135.0,,,[],"[{'period': ""Q3 '21"", 'revenue': 156.53, 'unit': 'M', 'net_profit': -25.27}, {'period': ""Q2 '21"", 'revenue': 151.76, 'unit': 'M', 'net_profit': -33.75}, {'period': ""Q1 '21"", 'revenue': 127.68, 'unit': 'M', 'net_profit': -21.18}, {'period': ""Q4 '20"", 'revenue': 150.3, 'unit': 'M', 'net_profit': -15.03}, {'period': ""Q3 '20"", 'revenue': 123.46, 'unit': 'M', 'net_profit': -15.86}, {'period': ""Q2 '20"", 'revenue': 110.2, 'unit': 'M', 'net_profit': -24.2}]",,,,,,,,,,,,,,,,,__nan__,__nan__
179,CSR,D/B/A Centerspace Common Stock,,,,,,,,,,56.57,0.7,6213.0,,,[],"[{'period': ""Q4 '25"", 'revenue': 146.09, 'unit': 'M', 'net_profit': -18.43}, {'period': ""Q3 '25"", 'revenue': 71.4, 'unit': 'M', 'net_profit': -2.32}, {'period': ""Q2 '25"", 'revenue': 68.55, 'unit': 'M', 'net_profit': -14.36}, {'period': ""Q1 '25"", 'revenue': 67090.0, 'unit': 'K', 'net_profit': -36.0}, {'period': ""Q4 '24"", 'revenue': 66.41, 'unit': 'M', 'net_profit': -4.92}, {'period': ""Q3 '24"", 'revenue': 65030.0, 'unit': 'K', 'net_profit': -888.0}]",,,,,,,,,,,,,,,,,__nan__,__nan__
180,CSTA,Constellation Acquisition Corp I Class A Ordinary Shares,,,,,,,,,,138.6875,0.005,6204.0,,,[],"[{'period': ""Q3 '25"", 'revenue': 0.0, 'unit': 'M', 'net_profit': -1.33}, {'period': ""Q2 '25"", 'revenue': 0.0, 'unit': 'K', 'net_profit': -220.86}, {'period': ""Q1 '25"", 'revenue': 0.0, 'unit': 'K', 'net_profit': -447.0}, {'period': ""Q4 '24"", 'revenue': 3250.0, 'unit': 'K', 'net_profit': 3.34}, {'period': ""Q3 '24"", 'revenue': 0.0, 'unit': 'K', 'net_profit': 37.7}, {'period': ""Q2 '24"", 'revenue': 0.0, 'unit': 'K', 'net_profit': 204.96}]",,,,,,,,,,,,,,,,,__nan__,__nan__
181,CSTM,Constellium SE Ordinary Shares (France),,,,,,,,,,12.49,0.605,386889.0,,,[],"[{'period': ""Q4 '25"", 'revenue': 942.94, 'unit': 'M', 'net_profit': 71.35}, {'period': ""Q3 '25"", 'revenue': 2170.0, 'unit': 'M', 'net_profit': 88.0}, {'period': ""Q2 '25"", 'revenue': 2100.0, 'unit': 'M', 'net_profit': 36.0}, {'period': ""Q1 '25"", 'revenue': 1980.0, 'unit': 'M', 'net_profit': 37.0}, {'period': ""Q4 '24"", 'revenue': 1570.0, 'unit': 'M', 'net_profit': -43.4}, {'period': ""Q3 '24"", 'revenue': 1640.0, 'unit': 'M', 'net_profit': 2.0}]",,,,,,,,,,,,,,,,,__nan__,__nan__
182,CSU,Capital Senior Living Corporation Common Stock,,,,,,,,,,0.6732506323015778,-0.715,12686.0,,,[],"[{'period': ""Q4 '25"", 'revenue': 97.66, 'unit': 'M', 'net_profit': -33.16}, {'period': ""Q3 '25"", 'revenue': 98.04, 'unit': 'M', 'net_profit': -27.35}, {'period': ""Q2 '25"", 'revenue': 93.53, 'unit': 'M', 'net_profit': -1.97}, {'period': ""Q1 '25"", 'revenue': 91.92, 'unit': 'M', 'net_profit': -13.94}, {'period': ""Q4 '24"", 'revenue': 127.21, 'unit': 'M', 'net_profit': -132.02}, {'period': ""Q3 '21"", 'revenue': 57.92, 'unit': 'M', 'net_profit': 36.51}]",,,,,,,,,,,,,,,,,__nan__,__nan__
183,CSV,Carriage Services Inc. Common Stock,,,,,,,,,,13.81,0.2725,12353.0,,,[],"[{'period': ""Q4 '25"", 'revenue': 105.57, 'unit': 'M', 'net_profit': 12.27}, {'period': ""Q3 '25"", 'revenue': 102.66, 'unit': 'M', 'net_profit': 6.47}, {'period': ""Q2 '25"", 'revenue': 102.15, 'unit': 'M', 'net_profit': 11.74}, {'period': ""Q1 '25"", 'revenue': 107.07, 'unit': 'M', 'net_profit': 20.93}, {'period': ""Q4 '24"", 'revenue': 97.7, 'unit': 'M', 'net_profit': 9.86}, {'period': ""Q3 '24"", 'revenue': 100.69, 'unit': 'M', 'net_profit': 9.87}]",,,,,,,,,,,,,,,,,__nan__,__nan__
184,CTAC,Cerberus Telecom Acquisition Corp. Class A Ordinary Shares,,,,,,,,,,0.0,-1.48,448988.0,,,[],"[{'period': ""Q4 '25"", 'revenue': 106150.0, 'unit': 'K', 'net_profit': 306.0}, {'period': ""Q3 '25"", 'revenue': 104.16, 'unit': 'M', 'net_profit': 1.18}, {'period': ""Q2 '25"", 'revenue': 101.09, 'unit': 'M', 'net_profit': 5.27}, {'period': ""Q1 '25"", 'revenue': 100.42, 'unit': 'M', 'net_profit': 2.91}, {'period': ""Q4 '24"", 'revenue': 350.57, 'unit': 'M', 'net_profit': 13.44}, {'period': ""Q3 '24"", 'revenue': 87.44, 'unit': 'M', 'net_profit': 4.28}]",,,,,,,,,,,,,,,,,__nan__,__nan__
185,CTB,Cooper Tire & Rubber Company Common Stock,,,,,,,,,,,,,,,[],"[{'period': ""Q1 '21"", 'revenue': 655.83, 'unit': 'M', 'net_profit': 22.06}, {'period': ""Q4 '20"", 'revenue': 728.27, 'unit': 'M', 'net_profit': 37.99}, {'period': ""Q3 '20"", 'revenue': 764.85, 'unit': 'M', 'net_profit': 122.6}, {'period': ""Q2 '20"", 'revenue': 496.26, 'unit': 'M', 'net_profit': -6.21}, {'period': ""Q1 '20"", 'revenue': 531.69, 'unit': 'M', 'net_profit': -11.59}, {'period': ""Q4 '19"", 'revenue': 750.21, 'unit': 'M', 'net_profit': 51.26}]",,,,,,,,,,,,,,,,,__nan__,__nan__
186,CTBB,Qwest Corporation 6.5% Notes due 2056,,,,,,,,,,,-0.015,56248.0,,,[],"[{'period': ""Q4 '25"", 'revenue': 1.16, 'unit': 'B', 'net_profit': -2.06}, {'period': ""Q3 '25"", 'revenue': 1160.0, 'unit': 'M', 'net_profit': 176.0}, {'period': ""Q2 '25"", 'revenue': 1210.0, 'unit': 'M', 'net_profit': 277.0}, {'period': ""Q1 '25"", 'revenue': 1220.0, 'unit': 'M', 'net_profit': 284.0}, {'period': ""Q4 '24"", 'revenue': 1360.0, 'unit': 'M', 'net_profit': 391.0}, {'period': ""Q3 '24"", 'revenue': 1360.0, 'unit': 'M', 'net_profit': 365.0}]",,,,,,,,,,,,,,,,,__nan__,__nan__
187,CTDD,Qwest Corporation 6.75% Notes due 2057,,,,,,,,,,,-0.0625,2154.0,,,[],"[{'period': ""Q4 '25"", 'revenue': 1.16, 'unit': 'B', 'net_profit': -2.06}, {'period': ""Q3 '25"", 'revenue': 1160.0, 'unit': 'M', 'net_profit': 176.0}, {'period': ""Q2 '25"", 'revenue': 1210.0, 'unit': 'M', 'net_profit': 277.0}, {'period': ""Q1 '25"", 'revenue': 1220.0, 'unit': 'M', 'net_profit': 284.0}, {'period': ""Q4 '24"", 'revenue': 1360.0, 'unit': 'M', 'net_profit': 391.0}, {'period': ""Q3 '24"", 'revenue': 1360.0, 'unit': 'M', 'net_profit': 365.0}]",,,,,,,,,,,,,,,,,__nan__,__nan__
188,CTK,CooTek (Cayman) Inc. American Depositary Shares each representing 50 Class A Ordinary Shares,,,,,,,,,,-1.332017543859649,0.0,114540.0,,,[],"[{'period': ""Q4 '21"", 'revenue': 53020.0, 'unit': 'K', 'net_profit': -254.0}, {'period': ""Q3 '21"", 'revenue': 51140.0, 'unit': 'K', 'net_profit': -444.0}, {'period': ""Q2 '21"", 'revenue': 83220.0, 'unit': 'K', 'net_profit': 264.0}, {'period': ""Q1 '21"", 'revenue': 81.55, 'unit': 'M', 'net_profit': -12.4}, {'period': ""Q4 '20"", 'revenue': 102.44, 'unit': 'M', 'net_profit': -18.78}, {'period': ""Q3 '20"", 'revenue': 105.66, 'unit': 'M', 'net_profit': -21.96}]",,,,,,,,,,,,,,,,,__nan__,__nan__
189,CTLT,Catalent Inc. Common Stock,,,,,,,,,,-27.842105263157894,0.0,13674041.0,,,[],"[{'period': ""Q1 '25"", 'revenue': 1020.0, 'unit': 'M', 'net_profit': -129.0}, {'period': ""Q4 '24"", 'revenue': 1300.0, 'unit': 'M', 'net_profit': 23.0}, {'period': ""Q3 '24"", 'revenue': 1070.0, 'unit': 'M', 'net_profit': -101.0}, {'period': ""Q2 '24"", 'revenue': 1020.0, 'unit': 'M', 'net_profit': -206.0}, {'period': ""Q1 '24"", 'revenue': 982.0, 'unit': 'M', 'net_profit': -715.0}, {'period': ""Q4 '23"", 'revenue': 1070.0, 'unit': 'M', 'net_profit': -86.0}]",,,,,,,,,,,,,,,,,__nan__,__nan__
190,CTO,CTO Realty Growth Inc. Common Stock,,,,,,,,,,231.38,0.41,24823.0,,,[],"[{'period': ""Q4 '25"", 'revenue': 38.34, 'unit': 'M', 'net_profit': 28.34}, {'period': ""Q3 '25"", 'revenue': 37.76, 'unit': 'M', 'net_profit': 3.03}, {'period': ""Q2 '25"", 'revenue': 37.64, 'unit': 'M', 'net_profit': -23.42}, {'period': ""Q1 '25"", 'revenue': 35.81, 'unit': 'M', 'net_profit': 2.26}, {'period': ""Q4 '24"", 'revenue': 35.74, 'unit': 'M', 'net_profit': -15.22}, {'period': ""Q3 '24"", 'revenue': 31.8, 'unit': 'M', 'net_profit': 6.23}]",,,,,,,,,,,,,,,,,__nan__,__nan__
191,CTOS,Custom Truck One Source Inc. Common Stock,,,,,,,,,,-45.18,-0.135,103829.0,,,[],"[{'period': ""Q4 '25"", 'revenue': 528.18, 'unit': 'M', 'net_profit': 20.88}, {'period': ""Q3 '25"", 'revenue': 482.06, 'unit': 'M', 'net_profit': -5.76}, {'period': ""Q2 '25"", 'revenue': 511.48, 'unit': 'M', 'net_profit': -28.38}, {'period': ""Q1 '25"", 'revenue': 422.23, 'unit': 'M', 'net_profit': -17.79}, {'period': ""Q4 '24"", 'revenue': 520.74, 'unit': 'M', 'net_profit': 27.57}, {'period': ""Q3 '24"", 'revenue': 447.22, 'unit': 'M', 'net_profit': -17.42}]",,,,,,,,,,,,,,,,,__nan__,__nan__
192,CTR,ClearBridge MLP and Midstream Total Return Fund Inc. Common Stock,,,,,,,,,,3.089025326170376,-0.02,3940.0,,,[],"[{'period': ""Q2 '24"", 'revenue': 75.82, 'unit': 'M', 'net_profit': 39.34}, {'period': ""Q4 '23"", 'revenue': 57.25, 'unit': 'M', 'net_profit': 50.44}, {'period': ""Q2 '23"", 'revenue': 12.53, 'unit': 'M', 'net_profit': -17.17}, {'period': ""Q4 '22"", 'revenue': 7590.0, 'unit': 'K', 'net_profit': -4.93}, {'period': ""Q2 '22"", 'revenue': 9.62, 'unit': 'M', 'net_profit': 79.9}, {'period': ""Q4 '21"", 'revenue': 50.85, 'unit': 'M', 'net_profit': 1.6}]",,,,,,,,,,,,,,,,,__nan__,__nan__
193,CTS,CTS Corporation Common Stock,,,,,,,,,,21.46,-0.8487,21395.0,,,[],"[{'period': ""Q4 '25"", 'revenue': 137.27, 'unit': 'M', 'net_profit': 19.74}, {'period': ""Q3 '25"", 'revenue': 142.97, 'unit': 'M', 'net_profit': 13.69}, {'period': ""Q2 '25"", 'revenue': 135.54, 'unit': 'M', 'net_profit': 18.53}, {'period': ""Q1 '25"", 'revenue': 125.81, 'unit': 'M', 'net_profit': 13.37}, {'period': ""Q4 '24"", 'revenue': 127.31, 'unit': 'M', 'net_profit': 13.61}, {'period': ""Q3 '24"", 'revenue': 132.41, 'unit': 'M', 'net_profit': 18.68}]",,,,,,,,,,,,,,,,,__nan__,__nan__
194,CTT,CatchMark Timber Trust Inc. Class A Common Stock,,,,,,,,,,9.017391304347827,-0.150001,1926671.0,,,[],[],,,,,,,,,,,,,,,,,__nan__,__nan__
195,CTVA,Corteva Inc. Common Stock ,,,,,,,,,,47.77,1.61,828108.0,,,[],"[{'period': ""Q4 '25"", 'revenue': 3910.0, 'unit': 'M', 'net_profit': -552.0}, {'period': ""Q3 '25"", 'revenue': 2620.0, 'unit': 'M', 'net_profit': -320.0}, {'period': ""Q2 '25"", 'revenue': 6.46, 'unit': 'B', 'net_profit': 1.31}, {'period': ""Q1 '25"", 'revenue': 4420.0, 'unit': 'M', 'net_profit': 652.0}, {'period': ""Q4 '24"", 'revenue': 3980.0, 'unit': 'M', 'net_profit': -41.0}, {'period': ""Q3 '24"", 'revenue': 2330.0, 'unit': 'M', 'net_profit': -524.0}]",,,,,,,,,,,,,,,,,__nan__,__nan__
196,CUB,Cubic Corporation Common Stock,,,,,,,,,,37.03,0.02,10.0,,,[],"[{'period': ""Q4 '25"", 'revenue': 0.0, 'unit': 'M', 'net_profit': 2.17}, {'period': ""Q3 '25"", 'revenue': 0.0, 'unit': 'M', 'net_profit': 2.33}, {'period': ""Q2 '25"", 'revenue': 0.0, 'unit': 'M', 'net_profit': 2.25}, {'period': ""Q1 '25"", 'revenue': 0.0, 'unit': 'M', 'net_profit': 2.2}, {'period': ""Q4 '24"", 'revenue': 0.0, 'unit': 'M', 'net_profit': 3.68}, {'period': ""Q3 '24"", 'revenue': 0.0, 'unit': 'M', 'net_profit': 3.22}]",,,,,,,,,,,,,,,,,__nan__,__nan__
197,CUBB,Customers Bancorp Inc 5.375% Subordinated Notes Due 2034,,,,,,,,,,,0.5501,244.0,,,[],"[{'period': ""Q4 '25"", 'revenue': 387.71, 'unit': 'M', 'net_profit': 74.49}, {'period': ""Q3 '25"", 'revenue': 391.67, 'unit': 'M', 'net_profit': 75.75}, {'period': ""Q2 '25"", 'revenue': 357.61, 'unit': 'M', 'net_profit': 60.94}, {'period': ""Q1 '25"", 'revenue': 239.1, 'unit': 'M', 'net_profit': 12.91}, {'period': ""Q4 '24"", 'revenue': 329.51, 'unit': 'M', 'net_profit': 26.91}, {'period': ""Q3 '24"", 'revenue': 340.67, 'unit': 'M', 'net_profit': 46.74}]",,,,,,,,,,,,,,,,,__nan__,__nan__
198,CUBE,CubeSmart Common Shares,,,,,,,,,,25.09,0.67,175218.0,,,[],"[{'period': ""Q4 '25"", 'revenue': 282.69, 'unit': 'M', 'net_profit': 78.69}, {'period': ""Q3 '25"", 'revenue': 285.08, 'unit': 'M', 'net_profit': 82.93}, {'period': ""Q2 '25"", 'revenue': 282.3, 'unit': 'M', 'net_profit': 82.96}, {'period': ""Q1 '25"", 'revenue': 273.04, 'unit': 'M', 'net_profit': 89.2}, {'period': ""Q4 '24"", 'revenue': 267.73, 'unit': 'M', 'net_profit': 101.89}, {'period': ""Q3 '24"", 'revenue': 270.89, 'unit': 'M', 'net_profit': 100.8}]",,,,,,,,,,,,,,,,,__nan__,__nan__
199,CUBI,Customers Bancorp Inc Common Stock,,,,,,,,,,10.84,0.19,86602.0,,,[],"[{'period': ""Q4 '25"", 'revenue': 387.71, 'unit': 'M', 'net_profit': 74.49}, {'period': ""Q3 '25"", 'revenue': 387.5, 'unit': 'M', 'net_profit': 75.75}, {'period': ""Q2 '25"", 'revenue': 353.55, 'unit': 'M', 'net_profit': 60.94}, {'period': ""Q1 '25"", 'revenue': 285.79, 'unit': 'M', 'net_profit': 12.91}, {'period': ""Q4 '24"", 'revenue': 313.5, 'unit': 'M', 'net_profit': 26.91}, {'period': ""Q3 '24"", 'revenue': 336.89, 'unit': 'M', 'net_profit': 46.74}]",,,,,,,,,,,,,,,,,__nan__,__nan__
200,CUK,Carnival Plc ADS ADS,,,,,,,,,,10.72,0.265,1190653.0,,,[],"[{'period': ""Q1 '26"", 'revenue': 6170.0, 'unit': 'M', 'net_profit': 258.0}, {'period': ""Q4 '25"", 'revenue': 6330.0, 'unit': 'M', 'net_profit': 422.0}, {'period': ""Q3 '25"", 'revenue': 8.15, 'unit': 'B', 'net_profit': 1.85}, {'period': ""Q2 '25"", 'revenue': 6330.0, 'unit': 'M', 'net_profit': 565.0}, {'period': ""Q1 '25"", 'revenue': 5810.0, 'unit': 'M', 'net_profit': -78.0}, {'period': ""Q4 '24"", 'revenue': 5940.0, 'unit': 'M', 'net_profit': 303.0}]",,,,,,,,,,,,,,,,,__nan__,__nan__
201,CULP,Culp Inc. Common Stock,,,,,,,,,,-4.05,-0.06,17320.0,,,[],"[{'period': ""Q3 '25"", 'revenue': 47.97, 'unit': 'M', 'net_profit': -3.43}, {'period': ""Q2 '25"", 'revenue': 53.2, 'unit': 'M', 'net_profit': -4.31}, {'period': ""Q1 '25"", 'revenue': 50.69, 'unit': 'M', 'net_profit': 2.51}, {'period': ""Q4 '24"", 'revenue': 48.77, 'unit': 'M', 'net_profit': -2.07}, {'period': ""Q3 '24"", 'revenue': 52.25, 'unit': 'M', 'net_profit': -4.13}, {'period': ""Q2 '24"", 'revenue': 55.67, 'unit': 'M', 'net_profit': -5.64}]",,,,,,,,,,,,,,,,,__nan__,__nan__
202,CURO,CURO Group Holdings Corp. Common Stock,,,,,,,,,,-0.01545253863134658,-0.0205,1781906.0,,,[],"[{'period': ""Q4 '23"", 'revenue': 168.18, 'unit': 'M', 'net_profit': -43.49}, {'period': ""Q3 '23"", 'revenue': 99.89, 'unit': 'M', 'net_profit': -104.44}, {'period': ""Q2 '23"", 'revenue': 127.68, 'unit': 'M', 'net_profit': -59.33}, {'period': ""Q1 '23"", 'revenue': 137.44, 'unit': 'M', 'net_profit': -59.47}, {'period': ""Q4 '22"", 'revenue': 150.39, 'unit': 'M', 'net_profit': -186.39}, {'period': ""Q3 '22"", 'revenue': 152.24, 'unit': 'M', 'net_profit': 25.65}]",,,,,,,,,,,,,,,,,__nan__,__nan__
203,CUZ,Cousins Properties Incorporated Common Stock,,,,,,,,,,90.73,0.435,147674.0,,,[],"[{'period': ""Q4 '25"", 'revenue': 255.03, 'unit': 'M', 'net_profit': -3.47}, {'period': ""Q3 '25"", 'revenue': 248.33, 'unit': 'M', 'net_profit': 8.59}, {'period': ""Q2 '25"", 'revenue': 240.13, 'unit': 'M', 'net_profit': 14.48}, {'period': ""Q1 '25"", 'revenue': 250.33, 'unit': 'M', 'net_profit': 20.9}, {'period': ""Q4 '24"", 'revenue': 225.33, 'unit': 'M', 'net_profit': 13.64}, {'period': ""Q3 '24"", 'revenue': 209.21, 'unit': 'M', 'net_profit': 11.2}]",,,,,,,,,,,,,,,,,__nan__,__nan__
204,CVA,Covanta Holding Corporation Common Stock,,,,,,,,,,0.0,0.0200005,6694797.0,,,[],"[{'period': ""Q3 '21"", 'revenue': 539.0, 'unit': 'M', 'net_profit': 30.0}, {'period': ""Q2 '21"", 'revenue': 506.0, 'unit': 'M', 'net_profit': -19.0}, {'period': ""Q1 '21"", 'revenue': 498.0, 'unit': 'M', 'net_profit': 2.0}, {'period': ""Q4 '20"", 'revenue': 491.0, 'unit': 'M', 'net_profit': 12.0}, {'period': ""Q3 '20"", 'revenue': 491.0, 'unit': 'M', 'net_profit': 5.0}, {'period': ""Q2 '20"", 'revenue': 454.0, 'unit': 'M', 'net_profit': -13.0}]",,,,,,,,,,,,,,,,,__nan__,__nan__
205,CVE,Cenovus Energy Inc Common Stock,,,,,,,,,,17.71,0.805,4340572.0,,,[],"[{'period': ""Q4 '25"", 'revenue': 10870.0, 'unit': 'M', 'net_profit': 933.24}, {'period': ""Q3 '25"", 'revenue': 13.2, 'unit': 'B', 'net_profit': 1.29}, {'period': ""Q2 '25"", 'revenue': 12940.0, 'unit': 'M', 'net_profit': 851.0}, {'period': ""Q1 '25"", 'revenue': 14210.0, 'unit': 'M', 'net_profit': 859.0}, {'period': ""Q4 '24"", 'revenue': 15200.0, 'unit': 'M', 'net_profit': 146.0}, {'period': ""Q3 '24"", 'revenue': 14250.0, 'unit': 'M', 'net_profit': 820.0}]",,,,,,,,,,,,,,,,,__nan__,__nan__
206,CVEO,Civeo Corporation (Canada) Common Shares,,,,,,,,,,-17.03,-0.01679977,6491.0,,,[],"[{'period': ""Q4 '25"", 'revenue': 161.62, 'unit': 'M', 'net_profit': -6.46}, {'period': ""Q3 '25"", 'revenue': 170490.0, 'unit': 'K', 'net_profit': -455.0}, {'period': ""Q2 '25"", 'revenue': 162.69, 'unit': 'M', 'net_profit': -3.31}, {'period': ""Q1 '25"", 'revenue': 144.04, 'unit': 'M', 'net_profit': -9.84}, {'period': ""Q4 '24"", 'revenue': 150.95, 'unit': 'M', 'net_profit': -15.07}, {'period': ""Q3 '24"", 'revenue': 176.34, 'unit': 'M', 'net_profit': -5.09}]",,,,,,,,,,,,,,,,,__nan__,__nan__
207,CVI,CVR Energy Inc. Common Stock,,,,,,,,,,130.35,0.365,398306.0,,,[],"[{'period': ""Q4 '25"", 'revenue': 1810.0, 'unit': 'M', 'net_profit': -110.0}, {'period': ""Q3 '25"", 'revenue': 1940.0, 'unit': 'M', 'net_profit': 374.0}, {'period': ""Q2 '25"", 'revenue': 1760.0, 'unit': 'M', 'net_profit': -114.0}, {'period': ""Q1 '25"", 'revenue': 1650.0, 'unit': 'M', 'net_profit': -123.0}, {'period': ""Q4 '24"", 'revenue': 1950.0, 'unit': 'M', 'net_profit': 29.0}, {'period': ""Q3 '24"", 'revenue': 1830.0, 'unit': 'M', 'net_profit': -124.0}]",,,,,,,,,,,,,,,,,__nan__,__nan__
208,CVII,Churchill Capital Corp VII Class A Common Stock,,,,,,,,,,999.0,-0.02,19586.0,,,[],"[{'period': ""Q2 '24"", 'revenue': 0.0, 'unit': 'M', 'net_profit': 2.2}, {'period': ""Q1 '24"", 'revenue': 0.0, 'unit': 'M', 'net_profit': -8.01}, {'period': ""Q4 '23"", 'revenue': 0.0, 'unit': 'M', 'net_profit': 15.84}, {'period': ""Q3 '23"", 'revenue': 0.0, 'unit': 'M', 'net_profit': -10.0}, {'period': ""Q2 '23"", 'revenue': 0.0, 'unit': 'M', 'net_profit': 6.21}, {'period': ""Q1 '23"", 'revenue': 0.0, 'unit': 'M', 'net_profit': 4.33}]",,,,,,,,,,,,,,,,,__nan__,__nan__
209,CVNA,Carvana Co. Class A Common Stock,,,,,,,,,,33.66,-24.045,1335266.0,,,[],"[{'period': ""Q4 '25"", 'revenue': 5600.0, 'unit': 'M', 'net_profit': 857.0}, {'period': ""Q3 '25"", 'revenue': 5650.0, 'unit': 'M', 'net_profit': 151.0}, {'period': ""Q2 '25"", 'revenue': 4840.0, 'unit': 'M', 'net_profit': 183.0}, {'period': ""Q1 '25"", 'revenue': 4230.0, 'unit': 'M', 'net_profit': 216.0}, {'period': ""Q4 '24"", 'revenue': 3550.0, 'unit': 'M', 'net_profit': 79.0}, {'period': ""Q3 '24"", 'revenue': 3650.0, 'unit': 'M', 'net_profit': 85.0}]",,,,,,,,,,,,,,,,,__nan__,__nan__
210,CVS,CVS Health Corporation Common Stock,,,,,,,,,,50.77,0.485,1318207.0,,,[],"[{'period': ""Q4 '25"", 'revenue': 105.69, 'unit': 'B', 'net_profit': 2.94}, {'period': ""Q3 '25"", 'revenue': 102.87, 'unit': 'B', 'net_profit': -3.98}, {'period': ""Q2 '25"", 'revenue': 98.92, 'unit': 'B', 'net_profit': 1.02}, {'period': ""Q1 '25"", 'revenue': 94.59, 'unit': 'B', 'net_profit': 1.78}, {'period': ""Q4 '24"", 'revenue': 97.71, 'unit': 'B', 'net_profit': 1.64}, {'period': ""Q3 '24"", 'revenue': 95430.0, 'unit': 'M', 'net_profit': 87.0}]",,,,,,,,,,,,,,,,,__nan__,__nan__
211,CVX,Chevron Corporation Common Stock,,,,,,,,,,32.24,2.62,3779442.0,,,[],"[{'period': ""Q4 '25"", 'revenue': 45.79, 'unit': 'B', 'net_profit': 2.77}, {'period': ""Q3 '25"", 'revenue': 48.17, 'unit': 'B', 'net_profit': 3.54}, {'period': ""Q2 '25"", 'revenue': 44.38, 'unit': 'B', 'net_profit': 2.49}, {'period': ""Q1 '25"", 'revenue': 47.61, 'unit': 'B', 'net_profit': 3.51}, {'period': ""Q4 '24"", 'revenue': 48.33, 'unit': 'B', 'net_profit': 3.24}, {'period': ""Q3 '24"", 'revenue': 48.93, 'unit': 'B', 'net_profit': 4.49}]",,,,,,,,,,,,,,,,,__nan__,__nan__
212,CW,Curtiss-Wright Corporation Common Stock,,,,,,,,,,50.18,-17.75,69733.0,,,[],"[{'period': ""Q4 '25"", 'revenue': 946.98, 'unit': 'M', 'net_profit': 137.0}, {'period': ""Q3 '25"", 'revenue': 869.17, 'unit': 'M', 'net_profit': 124.83}, {'period': ""Q2 '25"", 'revenue': 876.58, 'unit': 'M', 'net_profit': 121.06}, {'period': ""Q1 '25"", 'revenue': 805.64, 'unit': 'M', 'net_profit': 101.34}, {'period': ""Q4 '24"", 'revenue': 824.31, 'unit': 'M', 'net_profit': 117.85}, {'period': ""Q3 '24"", 'revenue': 798.92, 'unit': 'M', 'net_profit': 111.16}]",,,,,,,,,,,,,,,,,__nan__,__nan__
213,CWEN,Clearway Energy Inc. Class C Common Stock,,,,,,,,,,27.36,0.02,84259.7853,,,[],"[{'period': ""Q4 '25"", 'revenue': 310.0, 'unit': 'M', 'net_profit': -104.0}, {'period': ""Q3 '25"", 'revenue': 429.0, 'unit': 'M', 'net_profit': 236.0}, {'period': ""Q2 '25"", 'revenue': 392.0, 'unit': 'M', 'net_profit': 33.0}, {'period': ""Q1 '25"", 'revenue': 298.0, 'unit': 'M', 'net_profit': 4.0}, {'period': ""Q4 '24"", 'revenue': 256.0, 'unit': 'M', 'net_profit': 3.0}, {'period': ""Q3 '24"", 'revenue': 486.0, 'unit': 'M', 'net_profit': 36.0}]",,,,,,,,,,,,,,,,,__nan__,__nan__
214,CWH,Camping World Holdings Inc. Class A Commom Stock,,,,,,,,,,-4.68,-0.22,598132.0,,,[],"[{'period': ""Q4 '25"", 'revenue': 1170.0, 'unit': 'M', 'net_profit': -67.3}, {'period': ""Q3 '25"", 'revenue': 1810.0, 'unit': 'M', 'net_profit': -40.44}, {'period': ""Q2 '25"", 'revenue': 1980.0, 'unit': 'M', 'net_profit': 30.22}, {'period': ""Q1 '25"", 'revenue': 1410.0, 'unit': 'M', 'net_profit': -12.28}, {'period': ""Q4 '24"", 'revenue': 1200.0, 'unit': 'M', 'net_profit': -31.6}, {'period': ""Q3 '24"", 'revenue': 1720.0, 'unit': 'M', 'net_profit': 5.5}]",,,,,,,,,,,,,,,,,__nan__,__nan__
215,CWK,Cushman & Wakefield plc Ordinary Shares,,,,,,,,,,31.66,0.23,478283.0,,,[],"[{'period': ""Q4 '25"", 'revenue': 2910.0, 'unit': 'M', 'net_profit': -22.4}, {'period': ""Q3 '25"", 'revenue': 2610.0, 'unit': 'M', 'net_profit': 51.4}, {'period': ""Q2 '25"", 'revenue': 2480.0, 'unit': 'M', 'net_profit': 57.3}, {'period': ""Q1 '25"", 'revenue': 2280.0, 'unit': 'M', 'net_profit': 1.9}, {'period': ""Q4 '24"", 'revenue': 2630.0, 'unit': 'M', 'net_profit': 112.9}, {'period': ""Q3 '24"", 'revenue': 2340.0, 'unit': 'M', 'net_profit': 33.7}]",,,,,,,,,,,,,,,,,__nan__,__nan__
216,CWT,California Water Service Group Common Stock,,,,,,,,,,21.18,0.53,35937.0,,,[],"[{'period': ""Q4 '25"", 'revenue': 219.98, 'unit': 'M', 'net_profit': 11.48}, {'period': ""Q3 '25"", 'revenue': 311.24, 'unit': 'M', 'net_profit': 61.23}, {'period': ""Q2 '25"", 'revenue': 264.95, 'unit': 'M', 'net_profit': 42.17}, {'period': ""Q1 '25"", 'revenue': 203.97, 'unit': 'M', 'net_profit': 13.33}, {'period': ""Q4 '24"", 'revenue': 222.19, 'unit': 'M', 'net_profit': 19.66}, {'period': ""Q3 '24"", 'revenue': 299.56, 'unit': 'M', 'net_profit': 60.68}]",,,,,,,,,,,,,,,,,__nan__,__nan__
217,CX,Cemex S.A.B. de C.V. Sponsored ADR,,,,,,,,,,40.3,0.125,1477516.0,,,[],"[{'period': ""Q4 '25"", 'revenue': 4160.0, 'unit': 'M', 'net_profit': -352.81}, {'period': ""Q3 '25"", 'revenue': 4250.0, 'unit': 'M', 'net_profit': 264.09}, {'period': ""Q2 '25"", 'revenue': 4130.0, 'unit': 'M', 'net_profit': 318.02}, {'period': ""Q1 '25"", 'revenue': 3650.0, 'unit': 'M', 'net_profit': 733.96}, {'period': ""Q4 '24"", 'revenue': 3810.0, 'unit': 'M', 'net_profit': 48.31}, {'period': ""Q3 '24"", 'revenue': 4090.0, 'unit': 'M', 'net_profit': 405.72}]",,,,,,,,,,,,,,,,,__nan__,__nan__
218,CXE,MFS High Income Municipal Trust Common Stock,,,,,,,,,,366.5,0.015,33284.0,,,[],"[{'period': ""Q4 '25"", 'revenue': 4.08, 'unit': 'M', 'net_profit': 9.24}, {'period': ""Q2 '25"", 'revenue': 5.12, 'unit': 'M', 'net_profit': -9.16}, {'period': ""Q4 '24"", 'revenue': 5.1, 'unit': 'M', 'net_profit': 11.06}, {'period': ""Q2 '24"", 'revenue': 5.05, 'unit': 'M', 'net_profit': 5.31}, {'period': ""Q4 '23"", 'revenue': 7800.0, 'unit': 'K', 'net_profit': 479.43}, {'period': ""Q2 '23"", 'revenue': 2.44, 'unit': 'M', 'net_profit': 1.97}]",,,,,,,,,,,,,,,,,__nan__,__nan__
219,CXH,MFS Investment Grade Municipal Trust Common Stock,,,,,,,,,,404.0,0.08,148.0,,,[],"[{'period': ""Q4 '25"", 'revenue': 3.31, 'unit': 'M', 'net_profit': 4.95}, {'period': ""Q2 '25"", 'revenue': 1.35, 'unit': 'M', 'net_profit': -2.42}, {'period': ""Q4 '24"", 'revenue': 2.22, 'unit': 'M', 'net_profit': 5.49}, {'period': ""Q2 '24"", 'revenue': 2.62, 'unit': 'M', 'net_profit': 1.76}, {'period': ""Q4 '23"", 'revenue': 1380.0, 'unit': 'K', 'net_profit': -175.49}, {'period': ""Q2 '23"", 'revenue': 0.25957, 'unit': 'M', 'net_profit': 1.75}]",,,,,,,,,,,,,,,,,__nan__,__nan__
220,CXP,Columbia Property Trust Inc. Common Stock,,,,,,,,,,26.556473829201103,0.0200005,4070256.0,,,[],"[{'period': ""Q3 '21"", 'revenue': 63.25, 'unit': 'M', 'net_profit': -10.15}, {'period': ""Q2 '21"", 'revenue': 63.42, 'unit': 'M', 'net_profit': -5.88}, {'period': ""Q1 '21"", 'revenue': 64390.0, 'unit': 'K', 'net_profit': 477.0}, {'period': ""Q4 '20"", 'revenue': 62.86, 'unit': 'M', 'net_profit': 98.97}, {'period': ""Q3 '20"", 'revenue': 82.08, 'unit': 'M', 'net_profit': 5.37}, {'period': ""Q2 '20"", 'revenue': 79.37, 'unit': 'M', 'net_profit': 5.08}]",,,,,,,,,,,,,,,,,__nan__,__nan__
221,CXW,CoreCivic Inc. Common Stock,,,,,,,,,,17.83,-0.185,151984.0,,,[],"[{'period': ""Q4 '25"", 'revenue': 603.95, 'unit': 'M', 'net_profit': 26.54}, {'period': ""Q3 '25"", 'revenue': 580.44, 'unit': 'M', 'net_profit': 26.31}, {'period': ""Q2 '25"", 'revenue': 538.16, 'unit': 'M', 'net_profit': 38.54}, {'period': ""Q1 '25"", 'revenue': 488.63, 'unit': 'M', 'net_profit': 25.11}, {'period': ""Q4 '24"", 'revenue': 479.29, 'unit': 'M', 'net_profit': 19.27}, {'period': ""Q3 '24"", 'revenue': 491.56, 'unit': 'M', 'net_profit': 21.1}]",,,,,,,,,,,,,,,,,__nan__,__nan__
222,CYD,China Yuchai International Limited Common Stock,,,,,,,,,,17.77,-0.51,35246.0,,,[],"[{'period': ""Q4 '25"", 'revenue': 11570.0, 'unit': 'M', 'net_profit': 168.43}, {'period': ""Q2 '25"", 'revenue': 6900.0, 'unit': 'M', 'net_profit': 182.9}, {'period': ""Q4 '24"", 'revenue': 4410.0, 'unit': 'M', 'net_profit': 41.36}, {'period': ""Q3 '24"", 'revenue': 4410.0, 'unit': 'M', 'net_profit': 41.36}, {'period': ""Q2 '24"", 'revenue': 5150.0, 'unit': 'M', 'net_profit': 120.17}, {'period': ""Q1 '24"", 'revenue': 5150.0, 'unit': 'M', 'net_profit': 120.17}]",,,,,,,,,,,,,,,,,__nan__,__nan__
223,CYH,Community Health Systems Inc. Common Stock,,,,,,,,,,0.76,9.536743394988887e-09,475420.0,,,[],"[{'period': ""Q4 '25"", 'revenue': 3110.0, 'unit': 'M', 'net_profit': 110.0}, {'period': ""Q3 '25"", 'revenue': 3090.0, 'unit': 'M', 'net_profit': 130.0}, {'period': ""Q2 '25"", 'revenue': 3130.0, 'unit': 'M', 'net_profit': 282.0}, {'period': ""Q1 '25"", 'revenue': 3160.0, 'unit': 'M', 'net_profit': -13.0}, {'period': ""Q4 '24"", 'revenue': 3270.0, 'unit': 'M', 'net_profit': -70.0}, {'period': ""Q3 '24"", 'revenue': 3090.0, 'unit': 'M', 'net_profit': -391.0}]",,,,,,,,,,,,,,,,,__nan__,__nan__
224,D,Dominion Energy Inc. Common Stock,,,,,,,,,,17.97,1.49,860255.0,,,[],"[{'period': ""Q4 '25"", 'revenue': 4090.0, 'unit': 'M', 'net_profit': 586.0}, {'period': ""Q3 '25"", 'revenue': 4.53, 'unit': 'B', 'net_profit': 1.01}, {'period': ""Q2 '25"", 'revenue': 3810.0, 'unit': 'M', 'net_profit': 760.0}, {'period': ""Q1 '25"", 'revenue': 4080.0, 'unit': 'M', 'net_profit': 646.0}, {'period': ""Q4 '24"", 'revenue': 3400.0, 'unit': 'M', 'net_profit': -76.0}, {'period': ""Q3 '24"", 'revenue': 3940.0, 'unit': 'M', 'net_profit': 934.0}]",,,,,,,,,,,,,,,,,__nan__,__nan__
225,DAC,Danaos Corporation Common Stock,,,,,,,,,,4.14,0.11,13236.0,,,[],"[{'period': ""Q4 '25"", 'revenue': 266.26, 'unit': 'M', 'net_profit': 117.91}, {'period': ""Q3 '25"", 'revenue': 260.73, 'unit': 'M', 'net_profit': 130.65}, {'period': ""Q2 '25"", 'revenue': 262.15, 'unit': 'M', 'net_profit': 130.9}, {'period': ""Q1 '25"", 'revenue': 253.31, 'unit': 'M', 'net_profit': 115.15}, {'period': ""Q4 '24"", 'revenue': 258.18, 'unit': 'M', 'net_profit': 90.43}, {'period': ""Q3 '24"", 'revenue': 256.18, 'unit': 'M', 'net_profit': 123.0}]",,,,,,,,,,,,,,,,,__nan__,__nan__
226,DAL,Delta Air Lines Inc. Common Stock,,,,,,,,,,8.34,-0.93,4566725.0,,,[],"[{'period': ""Q4 '25"", 'revenue': 16.0, 'unit': 'B', 'net_profit': 1.22}, {'period': ""Q3 '25"", 'revenue': 16.67, 'unit': 'B', 'net_profit': 1.42}, {'period': ""Q2 '25"", 'revenue': 16.65, 'unit': 'B', 'net_profit': 2.13}, {'period': ""Q1 '25"", 'revenue': 14040.0, 'unit': 'M', 'net_profit': 240.0}, {'period': ""Q4 '24"", 'revenue': 15560.0, 'unit': 'M', 'net_profit': 843.0}, {'period': ""Q3 '24"", 'revenue': 15.68, 'unit': 'B', 'net_profit': 1.27}]",,,,,,,,,,,,,,,,,__nan__,__nan__
227,DAN,Dana Incorporated Common Stock ,,,,,,,,,,-61.87,-0.38,207623.0,,,[],"[{'period': ""Q4 '25"", 'revenue': -6200.0, 'unit': 'M', 'net_profit': -168.0}, {'period': ""Q3 '25"", 'revenue': 1920.0, 'unit': 'M', 'net_profit': 83.0}, {'period': ""Q2 '25"", 'revenue': 1940.0, 'unit': 'M', 'net_profit': 27.0}, {'period': ""Q1 '25"", 'revenue': 2350.0, 'unit': 'M', 'net_profit': 25.0}, {'period': ""Q4 '24"", 'revenue': 2330.0, 'unit': 'M', 'net_profit': -80.0}, {'period': ""Q3 '24"", 'revenue': 2480.0, 'unit': 'M', 'net_profit': 4.0}]",,,,,,,,,,,,,,,,,__nan__,__nan__
228,DAO,Youdao Inc. American Depositary Shares each representing one Class A Ordinary Share,,,,,,,,,,59.65,0.19,11167.0,,,[],"[{'period': ""Q4 '25"", 'revenue': 1540.0, 'unit': 'M', 'net_profit': 47.58}, {'period': ""Q3 '25"", 'revenue': 1630000.0, 'unit': 'K', 'net_profit': 120.0}, {'period': ""Q2 '25"", 'revenue': 1400.0, 'unit': 'M', 'net_profit': -17.59}, {'period': ""Q1 '25"", 'revenue': 1300.0, 'unit': 'M', 'net_profit': 76.6}, {'period': ""Q4 '24"", 'revenue': 1360.0, 'unit': 'M', 'net_profit': 84.27}, {'period': ""Q3 '24"", 'revenue': 1540.0, 'unit': 'M', 'net_profit': 84.36}]",,,,,,,,,,,,,,,,,__nan__,__nan__
229,DAR,Darling Ingredients Inc. Common Stock,,,,,,,,,,157.17,2.015,1537136.0,,,[],"[{'period': ""Q4 '25"", 'revenue': 1710.0, 'unit': 'M', 'net_profit': 56.94}, {'period': ""Q3 '25"", 'revenue': 1560.0, 'unit': 'M', 'net_profit': 19.36}, {'period': ""Q2 '25"", 'revenue': 1480.0, 'unit': 'M', 'net_profit': 12.66}, {'period': ""Q1 '25"", 'revenue': 1380.0, 'unit': 'M', 'net_profit': -26.16}, {'period': ""Q4 '24"", 'revenue': 1420.0, 'unit': 'M', 'net_profit': 101.91}, {'period': ""Q3 '24"", 'revenue': 1420.0, 'unit': 'M', 'net_profit': 16.95}]",,,,,,,,,,,,,,,,,__nan__,__nan__
230,DASH,DoorDash Inc. Class A Common Stock,,,,,,,,,,69.61,1.67,1738566.0,,,[],"[{'period': ""Q4 '25"", 'revenue': 3960.0, 'unit': 'M', 'net_profit': 213.0}, {'period': ""Q3 '25"", 'revenue': 3450.0, 'unit': 'M', 'net_profit': 244.0}, {'period': ""Q2 '25"", 'revenue': 3280.0, 'unit': 'M', 'net_profit': 285.0}, {'period': ""Q1 '25"", 'revenue': 3030.0, 'unit': 'M', 'net_profit': 193.0}, {'period': ""Q4 '24"", 'revenue': 2870.0, 'unit': 'M', 'net_profit': 141.0}, {'period': ""Q3 '24"", 'revenue': 2710.0, 'unit': 'M', 'net_profit': 162.0}]",,,,,,,,,,,,,,,,,__nan__,__nan__
231,DAVA,Endava plc American Depositary Shares (each representing one Class A Ordinary Share),,,,,,,,,,19.13,0.06,88318.0,,,[],"[{'period': ""Q2 '26"", 'revenue': 181.7, 'unit': 'M', 'net_profit': -6.82}, {'period': ""Q1 '26"", 'revenue': 178.19, 'unit': 'M', 'net_profit': -8.16}, {'period': ""Q4 '25"", 'revenue': 186.78, 'unit': 'M', 'net_profit': 1.17}, {'period': ""Q3 '25"", 'revenue': 194.84, 'unit': 'M', 'net_profit': 10.95}, {'period': ""Q2 '25"", 'revenue': 195.59, 'unit': 'M', 'net_profit': 6.85}, {'period': ""Q1 '25"", 'revenue': 195.05, 'unit': 'M', 'net_profit': 2.25}]",,,,,,,,,,,,,,,,,__nan__,__nan__
232,DB,Deutsche Bank AG Common Stock,,,,,,,,,,7.98,0.115,730135.0,,,[],"[{'period': ""Q4 '25"", 'revenue': 7.73, 'unit': 'B', 'net_profit': 1.5}, {'period': ""Q3 '25"", 'revenue': 15.08, 'unit': 'B', 'net_profit': 1.77}, {'period': ""Q2 '25"", 'revenue': 15.03, 'unit': 'B', 'net_profit': 1.69}, {'period': ""Q1 '25"", 'revenue': 16.37, 'unit': 'B', 'net_profit': 1.97}, {'period': ""Q4 '24"", 'revenue': 15270.0, 'unit': 'M', 'net_profit': 303.0}, {'period': ""Q3 '24"", 'revenue': 16.59, 'unit': 'B', 'net_profit': 1.63}]",,,,,,,,,,,,,,,,,__nan__,__nan__
233,DBD,Diebold Nixdorf Incorporated Common Stock,,,,,,,,,,29.19,-0.87,20906.61424,,,[],"[{'period': ""Q4 '25"", 'revenue': 1100.0, 'unit': 'M', 'net_profit': 49.6}, {'period': ""Q3 '25"", 'revenue': 945.2, 'unit': 'M', 'net_profit': 41.1}, {'period': ""Q2 '25"", 'revenue': 915.2, 'unit': 'M', 'net_profit': 12.2}, {'period': ""Q1 '25"", 'revenue': 841.1, 'unit': 'M', 'net_profit': -8.3}, {'period': ""Q4 '24"", 'revenue': 988.9, 'unit': 'M', 'net_profit': 5.6}, {'period': ""Q3 '24"", 'revenue': 927.1, 'unit': 'M', 'net_profit': -22.4}]",,,,,,,,,,,,,,,,,__nan__,__nan__
234,DBI,Designer Brands Inc. Class A Common Stock,,,,,,,,,,-31.82,-0.025,254261.0,,,[],"[{'period': ""Q4 '25"", 'revenue': 713.59, 'unit': 'M', 'net_profit': -19.99}, {'period': ""Q3 '25"", 'revenue': 752.41, 'unit': 'M', 'net_profit': 18.21}, {'period': ""Q2 '25"", 'revenue': 739.76, 'unit': 'M', 'net_profit': 10.83}, {'period': ""Q1 '25"", 'revenue': 686.91, 'unit': 'M', 'net_profit': -17.42}, {'period': ""Q4 '24"", 'revenue': 713.57, 'unit': 'M', 'net_profit': -38.17}, {'period': ""Q3 '24"", 'revenue': 777.19, 'unit': 'M', 'net_profit': 13.01}]",,,,,,,,,,,,,,,,,__nan__,__nan__
235,DBL,DoubleLine Opportunistic Credit Fund Common Shares of Beneficial Interest,,,,,,,,,,13.17,-0.01,46213.0,,,[],"[{'period': ""Q4 '25"", 'revenue': 7.71, 'unit': 'M', 'net_profit': 12.39}, {'period': ""Q2 '25"", 'revenue': 9.51, 'unit': 'M', 'net_profit': 8.17}, {'period': ""Q4 '24"", 'revenue': 10.45, 'unit': 'M', 'net_profit': 19.14}, {'period': ""Q2 '24"", 'revenue': 8.89, 'unit': 'M', 'net_profit': 26.43}, {'period': ""Q4 '23"", 'revenue': 4.01, 'unit': 'M', 'net_profit': 6.29}, {'period': ""Q2 '23"", 'revenue': 3.33, 'unit': 'M', 'net_profit': 8.62}]",,,,,,,,,,,,,,,,,__nan__,__nan__
236,DCF,BNY Mellon Alcentra Global Credit Income 2024 Target Term Fund Inc. Common Stock,,,,,,,,,,6.6,,0.0,,,[],"[{'period': ""Q4 '24"", 'revenue': 6.47, 'unit': 'M', 'net_profit': 8.77}, {'period': ""Q2 '24"", 'revenue': 7.73, 'unit': 'M', 'net_profit': 12.29}, {'period': ""Q4 '23"", 'revenue': 4.7, 'unit': 'M', 'net_profit': 8.82}, {'period': ""Q2 '23"", 'revenue': -1.3, 'unit': 'M', 'net_profit': 4.89}, {'period': ""Q4 '22"", 'revenue': 6.75, 'unit': 'M', 'net_profit': -11.94}, {'period': ""Q2 '22"", 'revenue': 9.64, 'unit': 'M', 'net_profit': -2.05}]",,,,,,,,,,,,,,,,,__nan__,__nan__
237,DCI,Donaldson Company Inc. Common Stock,,,,,,,,,,26.12,-0.275,75326.0,,,[],"[{'period': ""Q2 '26"", 'revenue': 896.3, 'unit': 'M', 'net_profit': 92.5}, {'period': ""Q1 '26"", 'revenue': 935.4, 'unit': 'M', 'net_profit': 113.9}, {'period': ""Q4 '25"", 'revenue': 980.7, 'unit': 'M', 'net_profit': 114.3}, {'period': ""Q3 '25"", 'revenue': 940.1, 'unit': 'M', 'net_profit': 57.8}, {'period': ""Q2 '25"", 'revenue': 870.0, 'unit': 'M', 'net_profit': 95.9}, {'period': ""Q1 '25"", 'revenue': 900.1, 'unit': 'M', 'net_profit': 99.0}]",,,,,,,,,,,,,,,,,__nan__,__nan__
238,DCO,Ducommun Incorporated Common Stock,,,,,,,,,,-51.96,-2.82,25847.0,,,[],"[{'period': ""Q4 '25"", 'revenue': 215.8, 'unit': 'M', 'net_profit': 7.44}, {'period': ""Q3 '25"", 'revenue': 212.56, 'unit': 'M', 'net_profit': -64.45}, {'period': ""Q2 '25"", 'revenue': 202.26, 'unit': 'M', 'net_profit': 12.55}, {'period': ""Q1 '25"", 'revenue': 194.11, 'unit': 'M', 'net_profit': 10.51}, {'period': ""Q4 '24"", 'revenue': 197.29, 'unit': 'M', 'net_profit': 6.77}, {'period': ""Q3 '24"", 'revenue': 201.41, 'unit': 'M', 'net_profit': 10.15}]",,,,,,,,,,,,,,,,,__nan__,__nan__
239,DCP,DCP Midstream  LP Common Units ,,,,,,,,,,7.74907063197026,0.03,9521743.0,,,[],"[{'period': ""Q2 '23"", 'revenue': 1840.0, 'unit': 'M', 'net_profit': 94.0}, {'period': ""Q1 '23"", 'revenue': 2730.0, 'unit': 'M', 'net_profit': 211.0}, {'period': ""Q4 '22"", 'revenue': 3030.0, 'unit': 'M', 'net_profit': 261.0}, {'period': ""Q3 '22"", 'revenue': 4320.0, 'unit': 'M', 'net_profit': 328.0}, {'period': ""Q2 '22"", 'revenue': 4270.0, 'unit': 'M', 'net_profit': 383.0}, {'period': ""Q1 '22"", 'revenue': 3380.0, 'unit': 'M', 'net_profit': 80.0}]",,,,,,,,,,,,,,,,,__nan__,__nan__
240,DCUE,Dominion Energy Inc. 2019 Series A Corporate Units,,,,,,,,,,0.0,-0.779999,1907604.0,,,[],"[{'period': ""Q4 '25"", 'revenue': 4090000.0, 'unit': 'K', 'net_profit': 660.0}, {'period': ""Q3 '25"", 'revenue': 4530.0, 'unit': 'M', 'net_profit': 1.16}, {'period': ""Q2 '25"", 'revenue': 3810000.0, 'unit': 'K', 'net_profit': 880.0}, {'period': ""Q1 '25"", 'revenue': 4080000.0, 'unit': 'K', 'net_profit': 750.0}, {'period': ""Q4 '24"", 'revenue': 3.12, 'unit': 'B', 'net_profit': -2.17}, {'period': ""Q1 '22"", 'revenue': 4280.0, 'unit': 'M', 'net_profit': 692.0}]",,,,,,,,,,,,,,,,,__nan__,__nan__
241,DD,DuPont de Nemours Inc. Common Stock,,,,,,,,,,214.67,-0.18,850429.0,,,[],"[{'period': ""Q4 '25"", 'revenue': 1690.0, 'unit': 'M', 'net_profit': -126.0}, {'period': ""Q3 '25"", 'revenue': 3070.0, 'unit': 'M', 'net_profit': -123.0}, {'period': ""Q2 '25"", 'revenue': 3260.0, 'unit': 'M', 'net_profit': 59.0}, {'period': ""Q1 '25"", 'revenue': 3070.0, 'unit': 'M', 'net_profit': -589.0}, {'period': ""Q4 '24"", 'revenue': 3090.0, 'unit': 'M', 'net_profit': -118.0}, {'period': ""Q3 '24"", 'revenue': 2860.0, 'unit': 'M', 'net_profit': 455.0}]",,,,,,,,,,,,,,,,,__nan__,__nan__
242,DDD,3D Systems Corporation Common Stock,,,,,,,,,,9.97,-0.05500002,1132328.0,,,[],"[{'period': ""Q4 '25"", 'revenue': 106.28, 'unit': 'M', 'net_profit': -19.51}, {'period': ""Q3 '25"", 'revenue': 91.25, 'unit': 'M', 'net_profit': -18.05}, {'period': ""Q2 '25"", 'revenue': 94.84, 'unit': 'M', 'net_profit': 104.44}, {'period': ""Q1 '25"", 'revenue': 94.54, 'unit': 'M', 'net_profit': -36.99}, {'period': ""Q4 '24"", 'revenue': 111.02, 'unit': 'M', 'net_profit': -33.71}, {'period': ""Q3 '24"", 'revenue': 112.94, 'unit': 'M', 'net_profit': -178.63}]",,,,,,,,,,,,,,,,,__nan__,__nan__
243,DDF,Delaware Investments Dividend & Income Fund Inc. Common Stock,,,,,,,,,,-181.0,-0.19,33493.0,,,[],[],,,,,,,,,,,,,,,,,__nan__,__nan__
244,DDS,Dillard's Inc. Common Stock,,,,,,,,,,15.23,-0.33998,41830.0,,,[],"[{'period': ""Q4 '25"", 'revenue': 1990.0, 'unit': 'M', 'net_profit': 204.1}, {'period': ""Q3 '25"", 'revenue': 1490.0, 'unit': 'M', 'net_profit': 129.8}, {'period': ""Q2 '25"", 'revenue': 1540.0, 'unit': 'M', 'net_profit': 72.9}, {'period': ""Q1 '25"", 'revenue': 1550.0, 'unit': 'M', 'net_profit': 163.8}, {'period': ""Q4 '24"", 'revenue': 2050.0, 'unit': 'M', 'net_profit': 214.36}, {'period': ""Q3 '24"", 'revenue': 1450.0, 'unit': 'M', 'net_profit': 124.6}]",,,,,,,,,,,,,,,,,__nan__,__nan__
245,DDT,Dillard's Capital Trust I,,,,,,,,,,,-0.0812,2362.0,,,[],"[{'period': ""Q4 '25"", 'revenue': 1960.0, 'unit': 'M', 'net_profit': 203.7}, {'period': ""Q3 '25"", 'revenue': 1470.0, 'unit': 'M', 'net_profit': 129.8}, {'period': ""Q2 '25"", 'revenue': 1510.0, 'unit': 'M', 'net_profit': 72.8}, {'period': ""Q1 '25"", 'revenue': 1530.0, 'unit': 'M', 'net_profit': 163.8}, {'period': ""Q4 '24"", 'revenue': 2020.0, 'unit': 'M', 'net_profit': 214.4}, {'period': ""Q3 '24"", 'revenue': 1430.0, 'unit': 'M', 'net_profit': 124.6}]",,,,,,,,,,,,,,,,,__nan__,__nan__
246,DE,Deere & Company Common Stock,,,,,,,,,,31.92,-0.4,225690.0,,,[],"[{'period': ""Q1 '26"", 'revenue': 9610.0, 'unit': 'M', 'net_profit': 656.0}, {'period': ""Q4 '25"", 'revenue': 12.09, 'unit': 'B', 'net_profit': 1.06}, {'period': ""Q3 '25"", 'revenue': 11.78, 'unit': 'B', 'net_profit': 1.29}, {'period': ""Q2 '25"", 'revenue': 12.53, 'unit': 'B', 'net_profit': 1.8}, {'period': ""Q1 '25"", 'revenue': 8260.0, 'unit': 'M', 'net_profit': 869.0}, {'period': ""Q4 '24"", 'revenue': 10.83, 'unit': 'B', 'net_profit': 1.25}]",,,,,,,,,,,,,,,,,__nan__,__nan__
247,DEA,Easterly Government Properties Inc. Common Stock,,,,,,,,,,80.59,0.35,44979.0,,,[],"[{'period': ""Q4 '25"", 'revenue': 87.04, 'unit': 'M', 'net_profit': 4.59}, {'period': ""Q3 '25"", 'revenue': 86.15, 'unit': 'M', 'net_profit': 1.21}, {'period': ""Q2 '25"", 'revenue': 84.23, 'unit': 'M', 'net_profit': 4.07}, {'period': ""Q1 '25"", 'revenue': 78.67, 'unit': 'M', 'net_profit': 3.13}, {'period': ""Q4 '24"", 'revenue': 78.25, 'unit': 'M', 'net_profit': 5.45}, {'period': ""Q3 '24"", 'revenue': 74.78, 'unit': 'M', 'net_profit': 4.86}]",,,,,,,,,,,,,,,,,__nan__,__nan__
248,DECK,Deckers Outdoor Corporation Common Stock,,,,,,,,,,13.41,0.38,464751.0,,,[],"[{'period': ""Q3 '26"", 'revenue': 1960.0, 'unit': 'M', 'net_profit': 481.14}, {'period': ""Q2 '26"", 'revenue': 1430.0, 'unit': 'M', 'net_profit': 268.15}, {'period': ""Q1 '26"", 'revenue': 964.54, 'unit': 'M', 'net_profit': 139.2}, {'period': ""Q4 '25"", 'revenue': 1020.0, 'unit': 'M', 'net_profit': 151.41}, {'period': ""Q3 '25"", 'revenue': 1830.0, 'unit': 'M', 'net_profit': 456.73}, {'period': ""Q2 '25"", 'revenue': 1310.0, 'unit': 'M', 'net_profit': 242.32}]",,,,,,,,,,,,,,,,,__nan__,__nan__
249,DEH,D8 Holdings Corp. Class A Ordinary Shares,,,,,,,,,,0.0,0.4699993,899461.0,,,[],"[{'period': ""Q4 '25"", 'revenue': 0.0, 'unit': 'M', 'net_profit': -10.52}, {'period': ""Q3 '25"", 'revenue': 0.0, 'unit': 'M', 'net_profit': -11.06}, {'period': ""Q2 '25"", 'revenue': 0.0, 'unit': 'M', 'net_profit': -13.21}, {'period': ""Q1 '25"", 'revenue': 0.0, 'unit': 'M', 'net_profit': -15.39}, {'period': ""Q2 '21"", 'revenue': 0.0, 'unit': 'M', 'net_profit': -21.03}, {'period': ""Q4 '20"", 'revenue': 0.0, 'unit': 'K', 'net_profit': -161.18}]",,,,,,,,,,,,,,,,,__nan__,__nan__
250,DEI,Douglas Emmett Inc. Common Stock,,,,,,,,,,104.61,0.235,345784.0,,,[],"[{'period': ""Q4 '25"", 'revenue': 249.43, 'unit': 'M', 'net_profit': -6.84}, {'period': ""Q3 '25"", 'revenue': 250.58, 'unit': 'M', 'net_profit': -10.85}, {'period': ""Q2 '25"", 'revenue': 252.43, 'unit': 'M', 'net_profit': -5.83}, {'period': ""Q1 '25"", 'revenue': 251.53, 'unit': 'M', 'net_profit': 39.8}, {'period': ""Q4 '24"", 'revenue': 244980.0, 'unit': 'K', 'net_profit': -888.0}, {'period': ""Q3 '24"", 'revenue': 250.75, 'unit': 'M', 'net_profit': 4.62}]",,,,,,,,,,,,,,,,,__nan__,__nan__
251,DELL,Dell Technologies Inc. Class C Common Stock ,,,,,,,,,,19.39,-3.31999,3009004.0,,,[],"[{'period': ""Q4 '26"", 'revenue': 33.38, 'unit': 'B', 'net_profit': 2.26}, {'period': ""Q3 '26"", 'revenue': 27.0, 'unit': 'B', 'net_profit': 1.55}, {'period': ""Q2 '26"", 'revenue': 29.78, 'unit': 'B', 'net_profit': 1.16}, {'period': ""Q1 '26"", 'revenue': 23380.0, 'unit': 'M', 'net_profit': 965.0}, {'period': ""Q4 '25"", 'revenue': 23.81, 'unit': 'B', 'net_profit': 1.53}, {'period': ""Q3 '25"", 'revenue': 24.37, 'unit': 'B', 'net_profit': 1.13}]",,,,,,,,,,,,,,,,,__nan__,__nan__
252,DEN,Denbury Inc. Common Stock,,,,,,,,,,9.939461883408072,-0.23,11750132.0,,,[],"[{'period': ""Q3 '23"", 'revenue': 355.25, 'unit': 'M', 'net_profit': -2.89}, {'period': ""Q2 '23"", 'revenue': 328.09, 'unit': 'M', 'net_profit': 67.28}, {'period': ""Q1 '23"", 'revenue': 339.72, 'unit': 'M', 'net_profit': 89.2}, {'period': ""Q4 '22"", 'revenue': 379.9, 'unit': 'M', 'net_profit': 75.11}, {'period': ""Q3 '22"", 'revenue': 431.47, 'unit': 'M', 'net_profit': 250.42}, {'period': ""Q2 '22"", 'revenue': 481.37, 'unit': 'M', 'net_profit': 155.49}]",,,,,,,,,,,,,,,,,__nan__,__nan__
253,DEO,Diageo plc Common Stock,,,,,,,,,,17.29,0.805,536753.0,,,[],"[{'period': ""Q2 '26"", 'revenue': 7.73, 'unit': 'B', 'net_profit': 1.48}, {'period': ""Q4 '25"", 'revenue': 9420.0, 'unit': 'M', 'net_profit': 422.6}, {'period': ""Q2 '25"", 'revenue': 10.9, 'unit': 'B', 'net_profit': 1.94}, {'period': ""Q4 '24"", 'revenue': 9.31, 'unit': 'B', 'net_profit': 1.66}, {'period': ""Q2 '24"", 'revenue': 10.96, 'unit': 'B', 'net_profit': 2.21}, {'period': ""Q4 '23"", 'revenue': 9.44, 'unit': 'B', 'net_profit': 1.74}]",,,,,,,,,,,,,,,,,__nan__,__nan__
254,DESP,Despegar.com Corp. Ordinary Shares,,,,,,,,,,-650.0,-0.08,2324608.0,,,[],"[{'period': ""Q4 '24"", 'revenue': 221.43, 'unit': 'M', 'net_profit': -8.26}, {'period': ""Q3 '24"", 'revenue': 193.93, 'unit': 'M', 'net_profit': 8.93}, {'period': ""Q2 '24"", 'revenue': 185.05, 'unit': 'M', 'net_profit': 13.44}, {'period': ""Q1 '24"", 'revenue': 173.66, 'unit': 'M', 'net_profit': 13.8}, {'period': ""Q4 '23"", 'revenue': 203.66, 'unit': 'M', 'net_profit': -2.5}, {'period': ""Q3 '23"", 'revenue': 178150.0, 'unit': 'K', 'net_profit': -315.0}]",,,,,,,,,,,,,,,,,__nan__,__nan__
255,DEX,Delaware Enhanced Global Dividend Common Shares of Beneficial Interest,,,,,,,,,,-6.573913043478261,-0.06,31471.0,,,[],[],,,,,,,,,,,,,,,,,__nan__,__nan__
256,DFIN,Donnelley Financial Solutions Inc. Common Stock ,,,,,,,,,,40.21,0.485,28049.0,,,[],"[{'period': ""Q4 '25"", 'revenue': 172.5, 'unit': 'M', 'net_profit': 6.2}, {'period': ""Q3 '25"", 'revenue': 175.3, 'unit': 'M', 'net_profit': -40.9}, {'period': ""Q2 '25"", 'revenue': 218.1, 'unit': 'M', 'net_profit': 36.1}, {'period': ""Q1 '25"", 'revenue': 201.1, 'unit': 'M', 'net_profit': 31.0}, {'period': ""Q4 '24"", 'revenue': 156.3, 'unit': 'M', 'net_profit': 6.3}, {'period': ""Q3 '24"", 'revenue': 179.5, 'unit': 'M', 'net_profit': 8.7}]",,,,,,,,,,,,,,,,,__nan__,__nan__
257,DFNS,LGL Systems Acquisition Corp. Common Stock,,,,,,,,,,-0.15,0.0014,213499.5797,,,[],"[{'period': ""Q3 '25"", 'revenue': 0.0, 'unit': 'M', 'net_profit': -16.37}, {'period': ""Q2 '25"", 'revenue': 0.0, 'unit': 'M', 'net_profit': 3.02}, {'period': ""Q1 '25"", 'revenue': 0.0, 'unit': 'M', 'net_profit': 102.96}, {'period': ""Q4 '24"", 'revenue': 0.0, 'unit': 'M', 'net_profit': -160.79}, {'period': ""Q3 '24"", 'revenue': 0.2361, 'unit': 'M', 'net_profit': 4.46}]",,,,,,,,,,,,,,,,,__nan__,__nan__
258,DFP,Flaherty & Crumrine Dynamic Preferred and Income Fund Inc. Common Stock,,,,,,,,,,10.52,0.02,18035.0,,,[],"[{'period': ""Q4 '25"", 'revenue': 21.76, 'unit': 'M', 'net_profit': 33.97}, {'period': ""Q2 '25"", 'revenue': 24.48, 'unit': 'M', 'net_profit': 4.55}, {'period': ""Q4 '24"", 'revenue': 24.03, 'unit': 'M', 'net_profit': 38.05}, {'period': ""Q2 '24"", 'revenue': 21.77, 'unit': 'M', 'net_profit': 43.61}, {'period': ""Q4 '23"", 'revenue': 17.57, 'unit': 'M', 'net_profit': 28.21}, {'period': ""Q2 '23"", 'revenue': 10.05, 'unit': 'M', 'net_profit': -19.25}]",,,,,,,,,,,,,,,,,__nan__,__nan__
259,DFS,Discover Financial Services Common Stock,,,,,,,,,,10.686431623931623,-0.43,31267850.0,,,[],"[{'period': ""Q1 '25"", 'revenue': 5.49, 'unit': 'B', 'net_profit': 1.1}, {'period': ""Q4 '24"", 'revenue': 4.76, 'unit': 'B', 'net_profit': 1.29}, {'period': ""Q3 '24"", 'revenue': 5910.0, 'unit': 'M', 'net_profit': 870.0}, {'period': ""Q2 '24"", 'revenue': 5.99, 'unit': 'B', 'net_profit': 1.53}, {'period': ""Q1 '24"", 'revenue': 2660.0, 'unit': 'M', 'net_profit': 851.0}, {'period': ""Q4 '23"", 'revenue': 2270.0, 'unit': 'M', 'net_profit': 388.0}]",,,,,,,,,,,,,,,,,__nan__,__nan__
260,DG,Dollar General Corporation Common Stock,,,,,,,,,,17.4,2.02,661797.0,,,[],"[{'period': ""Q4 '25"", 'revenue': 10910.0, 'unit': 'M', 'net_profit': 426.3}, {'period': ""Q3 '25"", 'revenue': 10650.0, 'unit': 'M', 'net_profit': 282.66}, {'period': ""Q2 '25"", 'revenue': 10730.0, 'unit': 'M', 'net_profit': 411.43}, {'period': ""Q1 '25"", 'revenue': 10440.0, 'unit': 'M', 'net_profit': 391.93}, {'period': ""Q4 '24"", 'revenue': 10300.0, 'unit': 'M', 'net_profit': 191.22}, {'period': ""Q3 '24"", 'revenue': 10180.0, 'unit': 'M', 'net_profit': 196.53}]",,,,,,,,,,,,,,,,,__nan__,__nan__
261,DGNR,Dragoneer Growth Opportunities Corp. Class A Ordinary Shares,,,,,,,,,,-308.6666666666667,0.0,96536.0,,,[],"[{'period': ""Q4 '25"", 'revenue': 277.87, 'unit': 'M', 'net_profit': 8.12}, {'period': ""Q3 '25"", 'revenue': 267.12, 'unit': 'M', 'net_profit': -1.97}, {'period': ""Q2 '25"", 'revenue': 260.45, 'unit': 'M', 'net_profit': 12.96}, {'period': ""Q1 '25"", 'revenue': 251.56, 'unit': 'M', 'net_profit': -18.7}, {'period': ""Q4 '24"", 'revenue': 246.46, 'unit': 'M', 'net_profit': 4.85}, {'period': ""Q3 '24"", 'revenue': 238.48, 'unit': 'M', 'net_profit': 2.81}]",,,,,,,,,,,,,,,,,__nan__,__nan__
262,DGX,Quest Diagnostics Incorporated Common Stock,,,,,,,,,,22.51,1.71,99242.0,,,[],"[{'period': ""Q4 '25"", 'revenue': 2810.0, 'unit': 'M', 'net_profit': 245.0}, {'period': ""Q3 '25"", 'revenue': 2820.0, 'unit': 'M', 'net_profit': 245.0}, {'period': ""Q2 '25"", 'revenue': 2760.0, 'unit': 'M', 'net_profit': 282.0}, {'period': ""Q1 '25"", 'revenue': 2650.0, 'unit': 'M', 'net_profit': 220.0}, {'period': ""Q4 '24"", 'revenue': 2620.0, 'unit': 'M', 'net_profit': 222.0}, {'period': ""Q3 '24"", 'revenue': 2490.0, 'unit': 'M', 'net_profit': 226.0}]",,,,,,,,,,,,,,,,,__nan__,__nan__
263,DHF,BNY Mellon High Yield Strategies Fund Common Stock,,,,,,,,,,11.12,0.005,18797.0,,,[],"[{'period': ""Q2 '25"", 'revenue': 11.2, 'unit': 'M', 'net_profit': 13.68}, {'period': ""Q4 '24"", 'revenue': 13.96, 'unit': 'M', 'net_profit': 1.55}, {'period': ""Q2 '24"", 'revenue': 11.23, 'unit': 'M', 'net_profit': 14.28}, {'period': ""Q4 '23"", 'revenue': 11.89, 'unit': 'M', 'net_profit': 18.77}, {'period': ""Q2 '23"", 'revenue': 11.32, 'unit': 'M', 'net_profit': 5.54}, {'period': ""Q4 '22"", 'revenue': -7.23, 'unit': 'M', 'net_profit': 17.21}]",,,,,,,,,,,,,,,,,__nan__,__nan__
264,DHI,D.R. Horton Inc. Common Stock,,,,,,,,,,12.29,0.88,794602.0,,,[],"[{'period': ""Q1 '26"", 'revenue': 6890.0, 'unit': 'M', 'net_profit': 594.8}, {'period': ""Q4 '25"", 'revenue': 9680.0, 'unit': 'M', 'net_profit': 905.3}, {'period': ""Q3 '25"", 'revenue': 9.23, 'unit': 'B', 'net_profit': 1.02}, {'period': ""Q2 '25"", 'revenue': 7730.0, 'unit': 'M', 'net_profit': 810.4}, {'period': ""Q1 '25"", 'revenue': 7610.0, 'unit': 'M', 'net_profit': 844.9}, {'period': ""Q4 '24"", 'revenue': 10.0, 'unit': 'B', 'net_profit': 1.28}]",,,,,,,,,,,,,,,,,__nan__,__nan__
265,DHR,Danaher Corporation Common Stock,,,,,,,,,,36.83,3.74,655091.0,,,[],"[{'period': ""Q4 '25"", 'revenue': 6.84, 'unit': 'B', 'net_profit': 1.2}, {'period': ""Q3 '25"", 'revenue': 6050.0, 'unit': 'M', 'net_profit': 908.0}, {'period': ""Q2 '25"", 'revenue': 5940.0, 'unit': 'M', 'net_profit': 555.0}, {'period': ""Q1 '25"", 'revenue': 5740.0, 'unit': 'M', 'net_profit': 954.0}, {'period': ""Q4 '24"", 'revenue': 6.54, 'unit': 'B', 'net_profit': 1.09}, {'period': ""Q3 '24"", 'revenue': 5800.0, 'unit': 'M', 'net_profit': 818.0}]",,,,,,,,,,,,,,,,,__nan__,__nan__
266,DHT,DHT Holdings Inc.,,,,,,,,,,13.91,0.125,1097458.0,,,[],"[{'period': ""Q4 '25"", 'revenue': 143.93, 'unit': 'M', 'net_profit': 66.07}, {'period': ""Q3 '25"", 'revenue': 107.35, 'unit': 'M', 'net_profit': 44.8}, {'period': ""Q2 '25"", 'revenue': 128.32, 'unit': 'M', 'net_profit': 56.1}, {'period': ""Q1 '25"", 'revenue': 118.57, 'unit': 'M', 'net_profit': 44.12}, {'period': ""Q4 '24"", 'revenue': 131.39, 'unit': 'M', 'net_profit': 54.94}, {'period': ""Q3 '24"", 'revenue': 142.11, 'unit': 'M', 'net_profit': 35.21}]",,,,,,,,,,,,,,,,,__nan__,__nan__
267,DHX,DHI Group Inc. Common Stock,,,,,,,,,,-8.88,0.065,38122.0,,,[],"[{'period': ""Q4 '25"", 'revenue': 31.38, 'unit': 'M', 'net_profit': 1.35}, {'period': ""Q3 '25"", 'revenue': 32.12, 'unit': 'M', 'net_profit': -4.27}, {'period': ""Q2 '25"", 'revenue': 32030.0, 'unit': 'K', 'net_profit': -841.0}, {'period': ""Q1 '25"", 'revenue': 32.3, 'unit': 'M', 'net_profit': -9.35}, {'period': ""Q4 '24"", 'revenue': 34.78, 'unit': 'M', 'net_profit': 1.02}, {'period': ""Q3 '24"", 'revenue': 35280.0, 'unit': 'K', 'net_profit': -200.0}]",,,,,,,,,,,,,,,,,__nan__,__nan__
268,DIAX,Nuveen Dow 30SM Dynamic Overwrite Fund Common Shares of Beneficial Interest,,,,,,,,,,9.79,-0.13,114784.0,,,[],"[{'period': ""Q4 '25"", 'revenue': 16.24, 'unit': 'M', 'net_profit': 54.47}, {'period': ""Q2 '25"", 'revenue': 5.23, 'unit': 'M', 'net_profit': -2.24}, {'period': ""Q4 '24"", 'revenue': 46.69, 'unit': 'M', 'net_profit': 53.62}, {'period': ""Q2 '24"", 'revenue': 5.72, 'unit': 'M', 'net_profit': 7.5}, {'period': ""Q4 '23"", 'revenue': 6.21, 'unit': 'M', 'net_profit': 36.01}, {'period': ""Q2 '23"", 'revenue': 6.43, 'unit': 'M', 'net_profit': 6.68}]",,,,,,,,,,,,,,,,,__nan__,__nan__
269,DIN,Dine Brands Global Inc. Common Stock,,,,,,,,,,23.65,1.07,75457.0,,,[],"[{'period': ""Q4 '25"", 'revenue': 217.57, 'unit': 'M', 'net_profit': -12.24}, {'period': ""Q3 '25"", 'revenue': 216.17, 'unit': 'M', 'net_profit': 7.33}, {'period': ""Q2 '25"", 'revenue': 230.78, 'unit': 'M', 'net_profit': 13.81}, {'period': ""Q1 '25"", 'revenue': 214.78, 'unit': 'M', 'net_profit': 8.2}, {'period': ""Q4 '24"", 'revenue': 204.77, 'unit': 'M', 'net_profit': 5.17}, {'period': ""Q3 '24"", 'revenue': 195.03, 'unit': 'M', 'net_profit': 19.06}]",,,,,,,,,,,,,,,,,__nan__,__nan__
270,DIS,Walt Disney Company (The) Common Stock,,,,,,,,,,13.96,2.36,3233872.0,,,[],"[{'period': ""Q1 '26"", 'revenue': 25.98, 'unit': 'B', 'net_profit': 2.4}, {'period': ""Q4 '25"", 'revenue': 22.46, 'unit': 'B', 'net_profit': 1.31}, {'period': ""Q3 '25"", 'revenue': 23.65, 'unit': 'B', 'net_profit': 5.26}, {'period': ""Q2 '25"", 'revenue': 23.62, 'unit': 'B', 'net_profit': 3.27}, {'period': ""Q1 '25"", 'revenue': 24.69, 'unit': 'B', 'net_profit': 2.55}, {'period': ""Q4 '24"", 'revenue': 22570.0, 'unit': 'M', 'net_profit': 460.0}]",,,,,,,,,,,,,,,,,__nan__,__nan__
271,DK,Delek US Holdings Inc. Common Stock,,,,,,,,,,-137.03,-0.84,184218.0,,,[],"[{'period': ""Q4 '25"", 'revenue': 2430.0, 'unit': 'M', 'net_profit': 78.3}, {'period': ""Q3 '25"", 'revenue': 2890.0, 'unit': 'M', 'net_profit': 178.0}, {'period': ""Q2 '25"", 'revenue': 2760.0, 'unit': 'M', 'net_profit': -106.4}, {'period': ""Q1 '25"", 'revenue': 2640.0, 'unit': 'M', 'net_profit': -172.7}, {'period': ""Q4 '24"", 'revenue': 2370.0, 'unit': 'M', 'net_profit': -413.8}, {'period': ""Q3 '24"", 'revenue': 3040.0, 'unit': 'M', 'net_profit': -76.8}]",,,,,,,,,,,,,,,,,__nan__,__nan__
272,DKL,Delek Logistics Partners L.P. Common Units representing Limited Partner Interests,,,,,,,,,,15.81,-0.95,30449.0,,,[],"[{'period': ""Q4 '25"", 'revenue': 255.77, 'unit': 'M', 'net_profit': 47.29}, {'period': ""Q3 '25"", 'revenue': 261.28, 'unit': 'M', 'net_profit': 45.56}, {'period': ""Q2 '25"", 'revenue': 246.35, 'unit': 'M', 'net_profit': 44.57}, {'period': ""Q1 '25"", 'revenue': 249.93, 'unit': 'M', 'net_profit': 39.03}, {'period': ""Q4 '24"", 'revenue': 209.86, 'unit': 'M', 'net_profit': 35.3}, {'period': ""Q3 '24"", 'revenue': 214.07, 'unit': 'M', 'net_profit': 33.67}]",,,,,,,,,,,,,,,,,__nan__,__nan__
273,DKS,Dick's Sporting Goods Inc Common Stock,,,,,,,,,,19.07,0.96001,277423.0,,,[],"[{'period': ""Q4 '25"", 'revenue': 6230.0, 'unit': 'M', 'net_profit': 128.34}, {'period': ""Q3 '25"", 'revenue': 4170.0, 'unit': 'M', 'net_profit': 75.21}, {'period': ""Q2 '25"", 'revenue': 3650.0, 'unit': 'M', 'net_profit': 381.4}, {'period': ""Q1 '25"", 'revenue': 3170.0, 'unit': 'M', 'net_profit': 264.29}, {'period': ""Q4 '24"", 'revenue': 3890.0, 'unit': 'M', 'net_profit': 299.97}, {'period': ""Q3 '24"", 'revenue': 3060.0, 'unit': 'M', 'net_profit': 227.81}]",,,,,,,,,,,,,,,,,__nan__,__nan__
274,DLB,Dolby Laboratories Common Stock,,,,,,,,,,23.71,0.54,93378.0,,,[],"[{'period': ""Q1 '26"", 'revenue': 346.71, 'unit': 'M', 'net_profit': 53.33}, {'period': ""Q4 '25"", 'revenue': 307.02, 'unit': 'M', 'net_profit': 49.33}, {'period': ""Q3 '25"", 'revenue': 315.55, 'unit': 'M', 'net_profit': 46.07}, {'period': ""Q2 '25"", 'revenue': 369.56, 'unit': 'M', 'net_profit': 91.79}, {'period': ""Q1 '25"", 'revenue': 357.0, 'unit': 'M', 'net_profit': 67.82}, {'period': ""Q4 '24"", 'revenue': 304.81, 'unit': 'M', 'net_profit': 58.57}]",,,,,,,,,,,,,,,,,__nan__,__nan__
275,DLNG,Dynagas LNG Partners LP Common Units,,,,,,,,,,3.04,-0.0617,43185.0,,,[],"[{'period': ""Q4 '25"", 'revenue': 40.01, 'unit': 'M', 'net_profit': 15.71}, {'period': ""Q3 '25"", 'revenue': 38.89, 'unit': 'M', 'net_profit': 18.66}, {'period': ""Q2 '25"", 'revenue': 38.61, 'unit': 'M', 'net_profit': 13.71}, {'period': ""Q1 '25"", 'revenue': 39.11, 'unit': 'M', 'net_profit': 13.57}, {'period': ""Q4 '24"", 'revenue': 41.66, 'unit': 'M', 'net_profit': 14.08}, {'period': ""Q3 '24"", 'revenue': 39.07, 'unit': 'M', 'net_profit': 15.05}]",,,,,,,,,,,,,,,,,__nan__,__nan__
276,DLR,Digital Realty Trust Inc. Common Stock,,,,,,,,,,49.83,2.97,356169.14643,,,[],"[{'period': ""Q4 '25"", 'revenue': 1710.0, 'unit': 'M', 'net_profit': 98.65}, {'period': ""Q3 '25"", 'revenue': 1580.0, 'unit': 'M', 'net_profit': 67.81}, {'period': ""Q2 '25"", 'revenue': 1.49, 'unit': 'B', 'net_profit': 1.03}, {'period': ""Q1 '25"", 'revenue': 1410.0, 'unit': 'M', 'net_profit': 109.97}, {'period': ""Q4 '24"", 'revenue': 1440.0, 'unit': 'M', 'net_profit': 189.57}, {'period': ""Q3 '24"", 'revenue': 1430.0, 'unit': 'M', 'net_profit': 51.19}]",,,,,,,,,,,,,,,,,__nan__,__nan__
277,DLX,Deluxe Corporation Common Stock,,,,,,,,,,15.23,0.42,39323.0,,,[],"[{'period': ""Q4 '25"", 'revenue': 535.3, 'unit': 'M', 'net_profit': 15.1}, {'period': ""Q3 '25"", 'revenue': 540.25, 'unit': 'M', 'net_profit': 33.73}, {'period': ""Q2 '25"", 'revenue': 521.26, 'unit': 'M', 'net_profit': 22.39}, {'period': ""Q1 '25"", 'revenue': 536.47, 'unit': 'M', 'net_profit': 14.01}, {'period': ""Q4 '24"", 'revenue': 520.55, 'unit': 'M', 'net_profit': 12.61}, {'period': ""Q3 '24"", 'revenue': 528.44, 'unit': 'M', 'net_profit': 18.1}]",,,,,,,,,,,,,,,,,__nan__,__nan__
278,DLY,DoubleLine Yield Opportunities Fund Common Shares of Beneficial Interest,,,,,,,,,,13.2,0.05000031,58648.0,,,[],[],,,,,,,,,,,,,,,,,__nan__,__nan__
279,DM,Desktop Metal Inc. Class A Common Stock,,,,,,,,,,-0.44484304932735425,0.05,1281464.0,,,[],"[{'period': ""Q3 '24"", 'revenue': 36.41, 'unit': 'M', 'net_profit': -35.45}, {'period': ""Q2 '24"", 'revenue': 38.93, 'unit': 'M', 'net_profit': -103.44}, {'period': ""Q1 '24"", 'revenue': 40.6, 'unit': 'M', 'net_profit': -52.1}, {'period': ""Q4 '23"", 'revenue': 52.35, 'unit': 'M', 'net_profit': -174.53}, {'period': ""Q3 '23"", 'revenue': 42.75, 'unit': 'M', 'net_profit': -46.37}, {'period': ""Q2 '23"", 'revenue': 53.29, 'unit': 'M', 'net_profit': -49.73}]",,,,,,,,,,,,,,,,,__nan__,__nan__
280,DMB,BNY Mellon Municipal Bond Infrastructure Fund Inc. Common Stock,,,,,,,,,,-13.4,0.025,27106.0,,,[],"[{'period': ""Q2 '25"", 'revenue': 5.56, 'unit': 'M', 'net_profit': -16.25}, {'period': ""Q4 '24"", 'revenue': 7.65, 'unit': 'M', 'net_profit': 2.05}, {'period': ""Q2 '24"", 'revenue': 6.28, 'unit': 'M', 'net_profit': 5.58}, {'period': ""Q4 '23"", 'revenue': 7.59, 'unit': 'M', 'net_profit': 13.86}, {'period': ""Q2 '23"", 'revenue': 7540.0, 'unit': 'K', 'net_profit': 900.99}, {'period': ""Q4 '22"", 'revenue': 7.68, 'unit': 'M', 'net_profit': -5.37}]",,,,,,,,,,,,,,,,,__nan__,__nan__
281,DMO,Western Asset Mortgage Opportunity Fund Inc. Common Stock,,,,,,,,,,8.74,0.045,24396.73699,,,[],"[{'period': ""Q4 '25"", 'revenue': 4.88, 'unit': 'M', 'net_profit': 5.99}, {'period': ""Q2 '25"", 'revenue': 11.2, 'unit': 'M', 'net_profit': 7.71}, {'period': ""Q4 '24"", 'revenue': 11.81, 'unit': 'M', 'net_profit': 7.91}, {'period': ""Q2 '24"", 'revenue': 12.38, 'unit': 'M', 'net_profit': 9.23}, {'period': ""Q4 '23"", 'revenue': 16.45, 'unit': 'M', 'net_profit': 8.05}, {'period': ""Q2 '23"", 'revenue': 6.18, 'unit': 'M', 'net_profit': 5.74}]",,,,,,,,,,,,,,,,,__nan__,__nan__
282,DMS,Digital Media Solutions Inc. Class A Ordinary Shares,,,,,,,,,,-0.09974517655624317,0.61,467515.0,,,[],"[{'period': ""Q1 '24"", 'revenue': 70.71, 'unit': 'M', 'net_profit': -25.39}, {'period': ""Q4 '23"", 'revenue': 86.05, 'unit': 'M', 'net_profit': -21.38}, {'period': ""Q3 '23"", 'revenue': 76.03, 'unit': 'M', 'net_profit': -10.66}, {'period': ""Q2 '23"", 'revenue': 82.55, 'unit': 'M', 'net_profit': -28.94}, {'period': ""Q1 '23"", 'revenue': 90.31, 'unit': 'M', 'net_profit': -20.7}, {'period': ""Q4 '22"", 'revenue': 100.78, 'unit': 'M', 'net_profit': -25.14}]",,,,,,,,,,,,,,,,,__nan__,__nan__
283,DMYI,dMY Technology Group Inc. III Class A Common Stock,,,,,,,,,,0.0,-0.5300007,4758072.0,,,[],"[{'period': ""Q4 '25"", 'revenue': 61.89, 'unit': 'M', 'net_profit': 753.67}, {'period': ""Q3 '25"", 'revenue': 0.039869999999999996, 'unit': 'B', 'net_profit': -1.05}, {'period': ""Q2 '25"", 'revenue': 20.69, 'unit': 'M', 'net_profit': -176.84}, {'period': ""Q1 '25"", 'revenue': 7.57, 'unit': 'M', 'net_profit': -32.25}, {'period': ""Q2 '21"", 'revenue': 0.0, 'unit': 'M', 'net_profit': -7.93}, {'period': ""Q4 '20"", 'revenue': 0.0, 'unit': 'K', 'net_profit': -629.27}]",,,,,,,,,,,,,,,,,__nan__,__nan__
284,DMYQ,dMY Technology Group Inc. IV Class A Common Stock,,,,,,,,,,,,,,,[],[],,,,,,,,,,,,,,,,,__nan__,__nan__
285,DNB,Dun & Bradstreet Holdings Inc. Common Stock,,,,,,,,,,-101.66666666666667,0.04,17826710.0,,,[],"[{'period': ""Q2 '25"", 'revenue': 585.2, 'unit': 'M', 'net_profit': -33.7}, {'period': ""Q1 '25"", 'revenue': 579.8, 'unit': 'M', 'net_profit': -15.8}, {'period': ""Q4 '24"", 'revenue': 631.9, 'unit': 'M', 'net_profit': 7.8}, {'period': ""Q3 '24"", 'revenue': 609.1, 'unit': 'M', 'net_profit': 3.2}, {'period': ""Q2 '24"", 'revenue': 576.2, 'unit': 'M', 'net_profit': -16.4}, {'period': ""Q1 '24"", 'revenue': 564.5, 'unit': 'M', 'net_profit': -23.2}]",,,,,,,,,,,,,,,,,__nan__,__nan__
286,DNMR,Danimer Scientific Inc. Common Stock,,,,,,,,,,-0.008663366336633664,0.0,128418.0,,,[],"[{'period': ""Q3 '24"", 'revenue': 8.63, 'unit': 'M', 'net_profit': -21.84}, {'period': ""Q2 '24"", 'revenue': 7.63, 'unit': 'M', 'net_profit': -22.66}, {'period': ""Q1 '24"", 'revenue': 10.22, 'unit': 'M', 'net_profit': -27.26}, {'period': ""Q4 '23"", 'revenue': 10.95, 'unit': 'M', 'net_profit': -39.43}, {'period': ""Q3 '23"", 'revenue': 10.95, 'unit': 'M', 'net_profit': -40.16}, {'period': ""Q2 '23"", 'revenue': 12.87, 'unit': 'M', 'net_profit': -39.24}]",,,,,,,,,,,,,,,,,__nan__,__nan__
287,DNOW,NOW Inc. Common Stock,,,,,,,,,,-15.86,-0.2,606872.0,,,[],"[{'period': ""Q4 '25"", 'revenue': 959.0, 'unit': 'M', 'net_profit': -147.0}, {'period': ""Q3 '25"", 'revenue': 634.0, 'unit': 'M', 'net_profit': 25.0}, {'period': ""Q2 '25"", 'revenue': 628.0, 'unit': 'M', 'net_profit': 25.0}, {'period': ""Q1 '25"", 'revenue': 599.0, 'unit': 'M', 'net_profit': 22.0}, {'period': ""Q4 '24"", 'revenue': 571.0, 'unit': 'M', 'net_profit': 23.0}, {'period': ""Q3 '24"", 'revenue': 606.0, 'unit': 'M', 'net_profit': 13.0}]",,,,,,,,,,,,,,,,,__nan__,__nan__
288,DNP,DNP Select Income Fund Inc. Common Stock,,,,,,,,,,8.89,0.11,241871.0,,,[],"[{'period': ""Q4 '25"", 'revenue': 153.97, 'unit': 'M', 'net_profit': 157.82}, {'period': ""Q2 '25"", 'revenue': 177.82, 'unit': 'M', 'net_profit': 272.79}, {'period': ""Q4 '24"", 'revenue': 76.13, 'unit': 'M', 'net_profit': 582.78}, {'period': ""Q2 '24"", 'revenue': 79.15, 'unit': 'M', 'net_profit': 260.29}, {'period': ""Q4 '23"", 'revenue': -88.44, 'unit': 'M', 'net_profit': -92.96}, {'period': ""Q2 '23"", 'revenue': -88.44, 'unit': 'M', 'net_profit': -92.96}]",,,,,,,,,,,,,,,,,__nan__,__nan__
289,DNZ,D and Z Media Acquisition Corp. Class A Common Stock,,,,,,,,,,0.0,0.0,40091.0,,,[],"[{'period': ""Q3 '22"", 'revenue': 0.0, 'unit': 'M', 'net_profit': 1.36}, {'period': ""Q2 '22"", 'revenue': 0.0, 'unit': 'M', 'net_profit': 6.25}, {'period': ""Q1 '22"", 'revenue': 0.0, 'unit': 'M', 'net_profit': 7.34}, {'period': ""Q4 '21"", 'revenue': 0.0, 'unit': 'M', 'net_profit': 1.38}, {'period': ""Q3 '21"", 'revenue': 0.0, 'unit': 'M', 'net_profit': 4.3}, {'period': ""Q2 '21"", 'revenue': 0.0, 'unit': 'M', 'net_profit': -5.57}]",,,,,,,,,,,,,,,,,__nan__,__nan__
290,DOC,Physicians Realty Trust Common Shares of Beneficial Interest,,,,,,,,,,168.0,0.21,1369922.0,,,[],"[{'period': ""Q4 '25"", 'revenue': 719.4, 'unit': 'M', 'net_profit': 113.97}, {'period': ""Q3 '25"", 'revenue': 705.87, 'unit': 'M', 'net_profit': -117.12}, {'period': ""Q2 '25"", 'revenue': 694.35, 'unit': 'M', 'net_profit': 31.67}, {'period': ""Q1 '25"", 'revenue': 702.89, 'unit': 'M', 'net_profit': 42.83}, {'period': ""Q4 '24"", 'revenue': 697.99, 'unit': 'M', 'net_profit': 4.55}, {'period': ""Q3 '24"", 'revenue': 700.4, 'unit': 'M', 'net_profit': 85.87}]",,,,,,,,,,,,,,,,,__nan__,__nan__
291,DOCN,DigitalOcean Holdings Inc. Common Stock,,,,,,,,,,30.83,-3.74,1071363.0,,,[],"[{'period': ""Q4 '25"", 'revenue': 242.39, 'unit': 'M', 'net_profit': 25.66}, {'period': ""Q3 '25"", 'revenue': 229.63, 'unit': 'M', 'net_profit': 158.37}, {'period': ""Q2 '25"", 'revenue': 218.7, 'unit': 'M', 'net_profit': 37.03}, {'period': ""Q1 '25"", 'revenue': 210.7, 'unit': 'M', 'net_profit': 38.2}, {'period': ""Q4 '24"", 'revenue': 204.93, 'unit': 'M', 'net_profit': 18.27}, {'period': ""Q3 '24"", 'revenue': 198.48, 'unit': 'M', 'net_profit': 32.95}]",,,,,,,,,,,,,,,,,__nan__,__nan__
292,DOOR,Masonite International Corporation Ordinary Shares (Canada),,,,,,,,,,21.018987341772153,0.07,669574.0,,,[],"[{'period': ""Q1 '24"", 'revenue': 668.34, 'unit': 'M', 'net_profit': 61.05}, {'period': ""Q4 '23"", 'revenue': 660.58, 'unit': 'M', 'net_profit': -9.99}, {'period': ""Q3 '23"", 'revenue': 702.25, 'unit': 'M', 'net_profit': 41.49}, {'period': ""Q2 '23"", 'revenue': 741.88, 'unit': 'M', 'net_profit': 48.24}, {'period': ""Q1 '23"", 'revenue': 725.98, 'unit': 'M', 'net_profit': 38.49}, {'period': ""Q4 '22"", 'revenue': 675.97, 'unit': 'M', 'net_profit': 31.1}]",,,,,,,,,,,,,,,,,__nan__,__nan__
293,DOV,Dover Corporation Common Stock,,,,,,,,,,25.97,0.405,135044.0,,,[],"[{'period': ""Q4 '25"", 'revenue': 2100.0, 'unit': 'M', 'net_profit': 282.07}, {'period': ""Q3 '25"", 'revenue': 2080.0, 'unit': 'M', 'net_profit': 302.0}, {'period': ""Q2 '25"", 'revenue': 2050.0, 'unit': 'M', 'net_profit': 279.06}, {'period': ""Q1 '25"", 'revenue': 1870.0, 'unit': 'M', 'net_profit': 230.82}, {'period': ""Q4 '24"", 'revenue': 1.93, 'unit': 'B', 'net_profit': 1.44}, {'period': ""Q3 '24"", 'revenue': 1980.0, 'unit': 'M', 'net_profit': 347.1}]",,,,,,,,,,,,,,,,,__nan__,__nan__
294,DOW,Dow Inc. Common Stock ,,,,,,,,,,-11.29,0.96,4500086.0,,,[],"[{'period': ""Q4 '25"", 'revenue': 9.46, 'unit': 'B', 'net_profit': -1.54}, {'period': ""Q3 '25"", 'revenue': 9970.0, 'unit': 'M', 'net_profit': 62.0}, {'period': ""Q2 '25"", 'revenue': 10100.0, 'unit': 'M', 'net_profit': -835.0}, {'period': ""Q1 '25"", 'revenue': 10430.0, 'unit': 'M', 'net_profit': -307.0}, {'period': ""Q4 '24"", 'revenue': 10400.0, 'unit': 'M', 'net_profit': -53.0}, {'period': ""Q3 '24"", 'revenue': 10880.0, 'unit': 'M', 'net_profit': 214.0}]",,,,,,,,,,,,,,,,,__nan__,__nan__
295,DPG,Duff & Phelps Utility and Infrastructure Fund Inc.,,,,,,,,,,6.26,0.075,46879.0,,,[],"[{'period': ""Q4 '25"", 'revenue': 25.29, 'unit': 'M', 'net_profit': 44.36}, {'period': ""Q2 '25"", 'revenue': 40.44, 'unit': 'M', 'net_profit': 40.31}, {'period': ""Q4 '24"", 'revenue': 51.96, 'unit': 'M', 'net_profit': 93.45}, {'period': ""Q2 '24"", 'revenue': 7.7, 'unit': 'M', 'net_profit': 48.94}, {'period': ""Q4 '23"", 'revenue': -5.31, 'unit': 'M', 'net_profit': -56.45}, {'period': ""Q2 '23"", 'revenue': -0.43434, 'unit': 'M', 'net_profit': 18.05}]",,,,,,,,,,,,,,,,,__nan__,__nan__
296,DPZ,Domino's Pizza Inc Common Stock,,,,,,,,,,19.96,2.81,447688.14753,,,[],"[{'period': ""Q4 '25"", 'revenue': 1540.0, 'unit': 'M', 'net_profit': 181.64}, {'period': ""Q3 '25"", 'revenue': 1150.0, 'unit': 'M', 'net_profit': 139.32}, {'period': ""Q2 '25"", 'revenue': 1150.0, 'unit': 'M', 'net_profit': 131.09}, {'period': ""Q1 '25"", 'revenue': 1110.0, 'unit': 'M', 'net_profit': 149.65}, {'period': ""Q4 '24"", 'revenue': 1440.0, 'unit': 'M', 'net_profit': 169.44}, {'period': ""Q3 '24"", 'revenue': 1080.0, 'unit': 'M', 'net_profit': 146.92}]",,,,,,,,,,,,,,,,,__nan__,__nan__
297,DQ,DAQO New Energy Corp. American Depositary Shares each representing five ordinary shares,,,,,,,,,,-8.3,-0.23,68477.0,,,[],"[{'period': ""Q4 '25"", 'revenue': 221.71, 'unit': 'M', 'net_profit': -7.28}, {'period': ""Q3 '25"", 'revenue': 244.92, 'unit': 'M', 'net_profit': -14.94}, {'period': ""Q2 '25"", 'revenue': 75.45, 'unit': 'M', 'net_profit': -76.75}, {'period': ""Q1 '25"", 'revenue': 123.91, 'unit': 'M', 'net_profit': -71.84}, {'period': ""Q4 '24"", 'revenue': 195.36, 'unit': 'M', 'net_profit': -180.18}, {'period': ""Q3 '24"", 'revenue': 198.5, 'unit': 'M', 'net_profit': -60.72}]",,,,,,,,,,,,,,,,,__nan__,__nan__
298,DRD,DRDGOLD Limited American Depositary Shares,,,,,,,,,,18.45,-0.02800018,107786.0,,,[],"[{'period': ""Q2 '26"", 'revenue': 4.81, 'unit': 'B', 'net_profit': 1.84}, {'period': ""Q4 '25"", 'revenue': 4.08, 'unit': 'B', 'net_profit': 1.27}, {'period': ""Q2 '25"", 'revenue': 3800.0, 'unit': 'M', 'net_profit': 970.1}, {'period': ""Q4 '24"", 'revenue': 3270.0, 'unit': 'M', 'net_profit': 739.4}, {'period': ""Q2 '24"", 'revenue': 2970.0, 'unit': 'M', 'net_profit': 294.65}, {'period': ""Q4 '23"", 'revenue': 2840.0, 'unit': 'M', 'net_profit': 373.2}]",,,,,,,,,,,,,,,,,__nan__,__nan__
299,DRE,Duke Realty Corporation Common Stock,,,,,,,,,,19.43548387096774,0.23,41770369.0,,,[],"[{'period': ""Q2 '22"", 'revenue': 285.29, 'unit': 'M', 'net_profit': 103.69}, {'period': ""Q1 '22"", 'revenue': 278.16, 'unit': 'M', 'net_profit': 251.48}, {'period': ""Q4 '21"", 'revenue': 264.57, 'unit': 'M', 'net_profit': 103.99}, {'period': ""Q3 '21"", 'revenue': 280.37, 'unit': 'M', 'net_profit': 494.82}, {'period': ""Q2 '21"", 'revenue': 271.69, 'unit': 'M', 'net_profit': 175.82}, {'period': ""Q1 '21"", 'revenue': 289.29, 'unit': 'M', 'net_profit': 79.36}]",,,,,,,,,,,,,,,,,__nan__,__nan__
300,DRH,Diamondrock Hospitality Company Common Stock,,,,,,,,,,21.41,0.1,346382.92851,,,[],"[{'period': ""Q4 '25"", 'revenue': 274.53, 'unit': 'M', 'net_profit': 26.22}, {'period': ""Q3 '25"", 'revenue': 285.38, 'unit': 'M', 'net_profit': 22.52}, {'period': ""Q2 '25"", 'revenue': 305.72, 'unit': 'M', 'net_profit': 40.84}, {'period': ""Q1 '25"", 'revenue': 254.85, 'unit': 'M', 'net_profit': 11.86}, {'period': ""Q4 '24"", 'revenue': 279.05, 'unit': 'M', 'net_profit': -11.24}, {'period': ""Q3 '24"", 'revenue': 285.13, 'unit': 'M', 'net_profit': 26.43}]",,,,,,,,,,,,,,,,,__nan__,__nan__
301,DRI,Darden Restaurants Inc. Common Stock,,,,,,,,,,20.57,2.73,204804.0,,,[],"[{'period': ""Q3 '26"", 'revenue': 3350.0, 'unit': 'M', 'net_profit': 306.8}, {'period': ""Q2 '26"", 'revenue': 3100.0, 'unit': 'M', 'net_profit': 237.2}, {'period': ""Q1 '26"", 'revenue': 3040.0, 'unit': 'M', 'net_profit': 257.8}, {'period': ""Q4 '25"", 'revenue': 3270.0, 'unit': 'M', 'net_profit': 303.8}, {'period': ""Q3 '25"", 'revenue': 3160.0, 'unit': 'M', 'net_profit': 323.4}, {'period': ""Q2 '25"", 'revenue': 2890.0, 'unit': 'M', 'net_profit': 215.1}]",,,,,,,,,,,,,,,,,__nan__,__nan__
302,DRQ,Dril-Quip Inc. Common Stock,,,,,,,,,,-19.756410256410255,-0.56,403633.0,,,[],"[{'period': ""Q4 '25"", 'revenue': 273.6, 'unit': 'M', 'net_profit': 13.97}, {'period': ""Q3 '25"", 'revenue': 240.0, 'unit': 'M', 'net_profit': 39.23}, {'period': ""Q2 '25"", 'revenue': 224.23, 'unit': 'M', 'net_profit': 15.35}, {'period': ""Q1 '25"", 'revenue': 240.41, 'unit': 'M', 'net_profit': 14.76}, {'period': ""Q4 '24"", 'revenue': 303.82, 'unit': 'M', 'net_profit': 79.53}, {'period': ""Q3 '24"", 'revenue': 151.82, 'unit': 'M', 'net_profit': 82.59}]",,,,,,,,,,,,,,,,,__nan__,__nan__
303,DRUA,Dominion Energy Inc. 2016 Series A 5.25% Enhanced Junior Subordinated Notes due 2076,,,,,,,,,,5.61,0.0,33174.0,,,[],"[{'period': ""Q4 '25"", 'revenue': 4090000.0, 'unit': 'K', 'net_profit': 660.0}, {'period': ""Q3 '25"", 'revenue': 4530.0, 'unit': 'M', 'net_profit': 1.16}, {'period': ""Q2 '25"", 'revenue': 3810000.0, 'unit': 'K', 'net_profit': 880.0}, {'period': ""Q1 '25"", 'revenue': 4080000.0, 'unit': 'K', 'net_profit': 750.0}, {'period': ""Q3 '24"", 'revenue': 3940.0, 'unit': 'M', 'net_profit': 1.12}]",,,,,,,,,,,,,,,,,__nan__,__nan__
304,DS,Drive Shack Inc.,,,,,,,,,,0.0,0.0,8197130.0,,,[],"[{'period': ""Q2 '23"", 'revenue': 7.23, 'unit': 'M', 'net_profit': -37.92}, {'period': ""Q1 '23"", 'revenue': 11.93, 'unit': 'M', 'net_profit': -8.04}, {'period': ""Q4 '22"", 'revenue': 11.38, 'unit': 'M', 'net_profit': -26.93}, {'period': ""Q3 '22"", 'revenue': 11.86, 'unit': 'M', 'net_profit': -20.21}, {'period': ""Q2 '22"", 'revenue': 11.77, 'unit': 'M', 'net_profit': -4.65}, {'period': ""Q1 '22"", 'revenue': 12.3, 'unit': 'M', 'net_profit': -8.05}]",,,,,,,,,,,,,,,,,__nan__,__nan__
305,DSE,Duff & Phelps Select MLP and Midstream Energy Fund Inc.,,,,,,,,,,,0.32,73162.0,,,[],[],,,,,,,,,,,,,,,,,__nan__,__nan__
306,DSL,DoubleLine Income Solutions Fund Common Shares of Beneficial Interests,,,,,,,,,,10.96,-0.0084,300505.0,,,[],"[{'period': ""Q4 '25"", 'revenue': 71.39, 'unit': 'M', 'net_profit': 83.52}, {'period': ""Q2 '25"", 'revenue': 70.65, 'unit': 'M', 'net_profit': 25.44}, {'period': ""Q4 '24"", 'revenue': 12.71, 'unit': 'M', 'net_profit': 92.38}, {'period': ""Q2 '24"", 'revenue': 23.99, 'unit': 'M', 'net_profit': 172.4}, {'period': ""Q4 '23"", 'revenue': 14.84, 'unit': 'M', 'net_profit': 34.51}, {'period': ""Q2 '23"", 'revenue': -48.04, 'unit': 'M', 'net_profit': 70.11}]",,,,,,,,,,,,,,,,,__nan__,__nan__
307,DSM,BNY Mellon Strategic Municipal Bond Fund Inc. Common Stock,,,,,,,,,,-52.73,1.90735e-07,105457.0,,,[],"[{'period': ""Q4 '25"", 'revenue': 8.72, 'unit': 'M', 'net_profit': 25.65}, {'period': ""Q2 '25"", 'revenue': 11.39, 'unit': 'M', 'net_profit': -31.16}, {'period': ""Q4 '24"", 'revenue': 11.19, 'unit': 'M', 'net_profit': 22.96}, {'period': ""Q2 '24"", 'revenue': 11.04, 'unit': 'M', 'net_profit': 9.45}, {'period': ""Q4 '23"", 'revenue': 1.58, 'unit': 'M', 'net_profit': 2.53}, {'period': ""Q2 '23"", 'revenue': 3.4, 'unit': 'M', 'net_profit': 6.56}]",,,,,,,,,,,,,,,,,__nan__,__nan__
308,DSSI,Diamond S Shipping Inc. Common Stock ,,,,,,,,,,-6.986301369863014,0.19,666574.0,,,[],"[{'period': ""Q1 '21"", 'revenue': 87.72, 'unit': 'M', 'net_profit': -33.64}, {'period': ""Q4 '20"", 'revenue': 90.03, 'unit': 'M', 'net_profit': -54.7}, {'period': ""Q3 '20"", 'revenue': 112.6, 'unit': 'M', 'net_profit': -9.66}, {'period': ""Q2 '20"", 'revenue': 183.55, 'unit': 'M', 'net_profit': 45.71}, {'period': ""Q1 '20"", 'revenue': 209.72, 'unit': 'M', 'net_profit': 45.04}, {'period': ""Q4 '19"", 'revenue': 186.31, 'unit': 'M', 'net_profit': 26.12}]",,,,,,,,,,,,,,,,,__nan__,__nan__
309,DSU,Blackrock Debt Strategies Fund Inc. Common Stock,,,,,,,,,,13.63,0.055,213228.0,,,[],"[{'period': ""Q4 '25"", 'revenue': 24.31, 'unit': 'M', 'net_profit': 21.61}, {'period': ""Q2 '25"", 'revenue': 21.66, 'unit': 'M', 'net_profit': 17.09}, {'period': ""Q1 '25"", 'revenue': 12.68, 'unit': 'M', 'net_profit': 8.55}, {'period': ""Q4 '24"", 'revenue': 13.61, 'unit': 'M', 'net_profit': 23.26}, {'period': ""Q4 '23"", 'revenue': 27.93, 'unit': 'M', 'net_profit': 46.61}, {'period': ""Q3 '23"", 'revenue': 15.17, 'unit': 'M', 'net_profit': 16.74}]",,,,,,,,,,,,,,,,,__nan__,__nan__
310,DSX,Diana Shipping inc. common stock,,,,,,,,,,21.68,-0.025,107526.0,,,[],"[{'period': ""Q4 '25"", 'revenue': 52.05, 'unit': 'M', 'net_profit': 3.13}, {'period': ""Q3 '25"", 'revenue': 51.86, 'unit': 'M', 'net_profit': 7.16}, {'period': ""Q2 '25"", 'revenue': 54.69, 'unit': 'M', 'net_profit': 4.54}, {'period': ""Q1 '25"", 'revenue': 54.94, 'unit': 'M', 'net_profit': 3.0}, {'period': ""Q4 '24"", 'revenue': 57.07, 'unit': 'M', 'net_profit': 9.74}, {'period': ""Q3 '24"", 'revenue': 57.49, 'unit': 'M', 'net_profit': 3.71}]",,,,,,,,,,,,,,,,,__nan__,__nan__
311,DT,Dynatrace Inc. Common Stock,,,,,,,,,,62.05,1.32,1793243.0,,,[],"[{'period': ""Q3 '26"", 'revenue': 515.47, 'unit': 'M', 'net_profit': 40.05}, {'period': ""Q2 '26"", 'revenue': 493.85, 'unit': 'M', 'net_profit': 57.24}, {'period': ""Q1 '26"", 'revenue': 477.35, 'unit': 'M', 'net_profit': 47.95}, {'period': ""Q4 '25"", 'revenue': 445.17, 'unit': 'M', 'net_profit': 39.3}, {'period': ""Q3 '25"", 'revenue': 436.17, 'unit': 'M', 'net_profit': 361.75}, {'period': ""Q2 '25"", 'revenue': 418.13, 'unit': 'M', 'net_profit': 44.01}]",,,,,,,,,,,,,,,,,__nan__,__nan__
312,DTB,DTE Energy Company 2020 Series G 4.375% Junior Subordinated Debentures due 2080,,,,,,,,,,,0.11,6352.0,,,[],"[{'period': ""Q4 '25"", 'revenue': 3900.0, 'unit': 'M', 'net_profit': 370.0}, {'period': ""Q3 '25"", 'revenue': 3530.0, 'unit': 'M', 'net_profit': 418.0}, {'period': ""Q2 '25"", 'revenue': 3420.0, 'unit': 'M', 'net_profit': 229.0}, {'period': ""Q1 '25"", 'revenue': 4440.0, 'unit': 'M', 'net_profit': 445.0}, {'period': ""Q4 '24"", 'revenue': 3440.0, 'unit': 'M', 'net_profit': 292.0}, {'period': ""Q3 '24"", 'revenue': 2910.0, 'unit': 'M', 'net_profit': 477.0}]",,,,,,,,,,,,,,,,,__nan__,__nan__
313,DTE,DTE Energy Company Common Stock,,,,,,,,,,20.86,2.36,151391.0,,,[],"[{'period': ""Q4 '25"", 'revenue': 4240.0, 'unit': 'M', 'net_profit': 372.0}, {'period': ""Q3 '25"", 'revenue': 3530.0, 'unit': 'M', 'net_profit': 418.0}, {'period': ""Q2 '25"", 'revenue': 3420.0, 'unit': 'M', 'net_profit': 228.0}, {'period': ""Q1 '25"", 'revenue': 4440.0, 'unit': 'M', 'net_profit': 444.0}, {'period': ""Q4 '24"", 'revenue': 3440.0, 'unit': 'M', 'net_profit': 292.0}, {'period': ""Q3 '24"", 'revenue': 2910.0, 'unit': 'M', 'net_profit': 477.0}]",,,,,,,,,,,,,,,,,__nan__,__nan__
314,DTF,DTF Tax-Free Income Inc. Common Stock,,,,,,,,,,34.55,0.04999962,690.0,,,[],"[{'period': ""Q4 '25"", 'revenue': 1.27, 'unit': 'M', 'net_profit': 2.16}, {'period': ""Q2 '25"", 'revenue': 1370.0, 'unit': 'K', 'net_profit': 178.0}, {'period': ""Q4 '24"", 'revenue': 1.47, 'unit': 'M', 'net_profit': 1.32}, {'period': ""Q2 '24"", 'revenue': 1.48, 'unit': 'M', 'net_profit': 2.91}, {'period': ""Q4 '23"", 'revenue': 1.7, 'unit': 'M', 'net_profit': -2.7}, {'period': ""Q2 '23"", 'revenue': 2.23, 'unit': 'M', 'net_profit': 5.78}]",,,,,,,,,,,,,,,,,__nan__,__nan__
315,DTJ,DTE Energy Company 2016 Series B 5.375% Junior Subordinated Debentures due 2076,,,,,,,,,,4.1179878549154765,0.0009,146304.0,,,[],"[{'period': ""Q4 '25"", 'revenue': 4.43, 'unit': 'B', 'net_profit': -2.07}, {'period': ""Q3 '25"", 'revenue': 3530.0, 'unit': 'M', 'net_profit': 2.01}, {'period': ""Q2 '25"", 'revenue': 3.42, 'unit': 'B', 'net_profit': 3.08}, {'period': ""Q1 '25"", 'revenue': 4440.0, 'unit': 'M', 'net_profit': 445.0}, {'period': ""Q4 '24"", 'revenue': 3500.0, 'unit': 'M', 'net_profit': 292.0}, {'period': ""Q3 '24"", 'revenue': 2910.0, 'unit': 'M', 'net_profit': 477.0}]",,,,,,,,,,,,,,,,,__nan__,__nan__
316,DTP,DTE Energy Company 6.25% Corporate Units,,,,,,,,,,0.0,-0.44,2837357.0,,,[],"[{'period': ""Q4 '25"", 'revenue': 4430.0, 'unit': 'M', 'net_profit': 785.99}, {'period': ""Q3 '25"", 'revenue': 3530.0, 'unit': 'M', 'net_profit': 2.01}, {'period': ""Q2 '25"", 'revenue': 3420.0, 'unit': 'M', 'net_profit': 229.0}, {'period': ""Q1 '25"", 'revenue': 4440.0, 'unit': 'M', 'net_profit': 445.0}, {'period': ""Q4 '24"", 'revenue': 3440.0, 'unit': 'M', 'net_profit': 868.84}, {'period': ""Q3 '24"", 'revenue': 2910.0, 'unit': 'M', 'net_profit': 477.0}]",,,,,,,,,,,,,,,,,__nan__,__nan__
317,DTW,DTE Energy Company 2017 Series E 5.25% Junior Subordinated Debentures due 2077,,,,,,,,,,3.46,-0.04,1993.04295,,,[],"[{'period': ""Q4 '25"", 'revenue': 4240.0, 'unit': 'M', 'net_profit': 372.0}, {'period': ""Q3 '25"", 'revenue': 3530.0, 'unit': 'M', 'net_profit': 418.0}, {'period': ""Q2 '25"", 'revenue': 3420.0, 'unit': 'M', 'net_profit': 228.0}, {'period': ""Q1 '25"", 'revenue': 4440.0, 'unit': 'M', 'net_profit': 444.0}, {'period': ""Q4 '24"", 'revenue': 3440.0, 'unit': 'M', 'net_profit': 292.0}, {'period': ""Q3 '24"", 'revenue': 2910.0, 'unit': 'M', 'net_profit': 477.0}]",,,,,,,,,,,,,,,,,__nan__,__nan__
318,DTY,DTE Energy Company 2016 Series F 6.00% Junior Subordinated Debentures due 2076,,,,,,,,,,5.534883720930233,0.0,15369.0,,,[],"[{'period': ""Q4 '25"", 'revenue': 4240.0, 'unit': 'M', 'net_profit': 372.0}, {'period': ""Q3 '25"", 'revenue': 3530.0, 'unit': 'M', 'net_profit': 418.0}, {'period': ""Q2 '25"", 'revenue': 3420.0, 'unit': 'M', 'net_profit': 228.0}, {'period': ""Q1 '25"", 'revenue': 4440.0, 'unit': 'M', 'net_profit': 444.0}, {'period': ""Q4 '24"", 'revenue': 3440.0, 'unit': 'M', 'net_profit': 292.0}, {'period': ""Q3 '24"", 'revenue': 2910.0, 'unit': 'M', 'net_profit': 477.0}]",,,,,,,,,,,,,,,,,__nan__,__nan__
319,DUK,Duke Energy Corporation (Holding Company) Common Stock,,,,,,,,,,21.01,2.4,909338.0,,,[],"[{'period': ""Q4 '25"", 'revenue': 7.94, 'unit': 'B', 'net_profit': 1.18}, {'period': ""Q3 '25"", 'revenue': 8.67, 'unit': 'B', 'net_profit': 1.42}, {'period': ""Q2 '25"", 'revenue': 7510.0, 'unit': 'M', 'net_profit': 984.0}, {'period': ""Q1 '25"", 'revenue': 8.25, 'unit': 'B', 'net_profit': 1.38}, {'period': ""Q4 '24"", 'revenue': 7.36, 'unit': 'B', 'net_profit': 1.21}, {'period': ""Q3 '24"", 'revenue': 8.15, 'unit': 'B', 'net_profit': 1.26}]",,,,,,,,,,,,,,,,,__nan__,__nan__
320,DUKB,Duke Energy Corporation 5.625% Junior Subordinated Debentures due 2078,,,,,,,,,,,0.00509983,20598.0,,,[],"[{'period': ""Q4 '25"", 'revenue': 7.94, 'unit': 'B', 'net_profit': 1.18}, {'period': ""Q3 '25"", 'revenue': 8.54, 'unit': 'B', 'net_profit': 1.42}, {'period': ""Q2 '25"", 'revenue': 7510.0, 'unit': 'M', 'net_profit': 984.0}, {'period': ""Q1 '25"", 'revenue': 8.25, 'unit': 'B', 'net_profit': 1.38}, {'period': ""Q4 '24"", 'revenue': 6.94, 'unit': 'B', 'net_profit': 1.21}, {'period': ""Q3 '24"", 'revenue': 8.15, 'unit': 'B', 'net_profit': 1.28}]",,,,,,,,,,,,,,,,,__nan__,__nan__
321,DUKH,Duke Energy Corporation 5.125% Junior Subordinated Debentures due 2073,,,,,,,,,,15.62,-0.07,1090.0,,,[],"[{'period': ""Q4 '25"", 'revenue': 7.94, 'unit': 'B', 'net_profit': 1.18}, {'period': ""Q3 '25"", 'revenue': 8.54, 'unit': 'B', 'net_profit': 1.42}, {'period': ""Q2 '25"", 'revenue': 7510.0, 'unit': 'M', 'net_profit': 984.0}, {'period': ""Q1 '25"", 'revenue': 8.25, 'unit': 'B', 'net_profit': 1.38}, {'period': ""Q4 '24"", 'revenue': 7.36, 'unit': 'B', 'net_profit': 1.23}, {'period': ""Q3 '24"", 'revenue': 8.15, 'unit': 'B', 'net_profit': 1.28}]",,,,,,,,,,,,,,,,,__nan__,__nan__
322,DV,DoubleVerify Holdings Inc. Common Stock,,,,,,,,,,31.85,0.245,464644.0,,,[],"[{'period': ""Q4 '25"", 'revenue': 205.59, 'unit': 'M', 'net_profit': 29.33}, {'period': ""Q3 '25"", 'revenue': 188.62, 'unit': 'M', 'net_profit': 10.2}, {'period': ""Q2 '25"", 'revenue': 189.02, 'unit': 'M', 'net_profit': 8.76}, {'period': ""Q1 '25"", 'revenue': 165.06, 'unit': 'M', 'net_profit': 2.36}, {'period': ""Q4 '24"", 'revenue': 190.62, 'unit': 'M', 'net_profit': 23.4}, {'period': ""Q3 '24"", 'revenue': 169.56, 'unit': 'M', 'net_profit': 18.2}]",,,,,,,,,,,,,,,,,__nan__,__nan__
323,DVA,DaVita Inc. Common Stock,,,,,,,,,,16.24,0.01,93329.0,,,[],"[{'period': ""Q4 '25"", 'revenue': 3620.0, 'unit': 'M', 'net_profit': 234.22}, {'period': ""Q3 '25"", 'revenue': 3420.0, 'unit': 'M', 'net_profit': 150.33}, {'period': ""Q2 '25"", 'revenue': 3380.0, 'unit': 'M', 'net_profit': 199.34}, {'period': ""Q1 '25"", 'revenue': 3220.0, 'unit': 'M', 'net_profit': 162.92}, {'period': ""Q4 '24"", 'revenue': 3290.0, 'unit': 'M', 'net_profit': 259.33}, {'period': ""Q3 '24"", 'revenue': 3260.0, 'unit': 'M', 'net_profit': 214.69}]",,,,,,,,,,,,,,,,,__nan__,__nan__
324,DVD,Dover Motorsports Inc. Common Stock,,,,,,,,,,10.314285714285715,0.0,0.0,,,[],"[{'period': ""Q3 '21"", 'revenue': 1.24, 'unit': 'M', 'net_profit': -1.86}, {'period': ""Q2 '21"", 'revenue': 49.9, 'unit': 'M', 'net_profit': 19.75}, {'period': ""Q1 '21"", 'revenue': 0.157, 'unit': 'M', 'net_profit': -3.2}, {'period': ""Q4 '20"", 'revenue': 0.185, 'unit': 'M', 'net_profit': -1.88}, {'period': ""Q3 '20"", 'revenue': 38.04, 'unit': 'M', 'net_profit': 13.19}, {'period': ""Q2 '20"", 'revenue': 110.0, 'unit': 'K', 'net_profit': -689.0}]",,,,,,,,,,,,,,,,,__nan__,__nan__
325,DVN,Devon Energy Corporation Common Stock,,,,,,,,,,12.53,0.2,4024480.0,,,[],"[{'period': ""Q4 '25"", 'revenue': 3940.0, 'unit': 'M', 'net_profit': 562.0}, {'period': ""Q3 '25"", 'revenue': 4250.0, 'unit': 'M', 'net_profit': 687.0}, {'period': ""Q2 '25"", 'revenue': 4050.0, 'unit': 'M', 'net_profit': 899.0}, {'period': ""Q1 '25"", 'revenue': 4370.0, 'unit': 'M', 'net_profit': 494.0}, {'period': ""Q4 '24"", 'revenue': 4200.0, 'unit': 'M', 'net_profit': 639.0}, {'period': ""Q3 '24"", 'revenue': 4130.0, 'unit': 'M', 'net_profit': 812.0}]",,,,,,,,,,,,,,,,,__nan__,__nan__
326,DWIN,Delwinds Insurance Acquisition Corp. Class A Common Stock,,,,,,,,,,-300.0,0.59,103705.0,,,[],"[{'period': ""Q3 '25"", 'revenue': 3.55, 'unit': 'M', 'net_profit': -1.88}, {'period': ""Q2 '25"", 'revenue': 5220.0, 'unit': 'K', 'net_profit': -522.02}, {'period': ""Q1 '25"", 'revenue': 3170.0, 'unit': 'K', 'net_profit': -616.0}, {'period': ""Q4 '24"", 'revenue': 4.05, 'unit': 'B', 'net_profit': -12.42}, {'period': ""Q3 '24"", 'revenue': 1.2, 'unit': 'M', 'net_profit': -1.95}, {'period': ""Q2 '24"", 'revenue': 0.028, 'unit': 'M', 'net_profit': -2.16}]",,,,,,,,,,,,,,,,,__nan__,__nan__
327,DX,Dynex Capital Inc. Common Stock,,,,,,,,,,5.1,0.425,1916736.47362,,,[],"[{'period': ""Q4 '25"", 'revenue': 177.04, 'unit': 'M', 'net_profit': 185.36}, {'period': ""Q3 '25"", 'revenue': 149.68, 'unit': 'M', 'net_profit': 150.39}, {'period': ""Q2 '25"", 'revenue': 111.75, 'unit': 'M', 'net_profit': -13.61}, {'period': ""Q1 '25"", 'revenue': 95.06, 'unit': 'M', 'net_profit': -3.08}, {'period': ""Q4 '24"", 'revenue': 88.5, 'unit': 'M', 'net_profit': 51.09}, {'period': ""Q3 '24"", 'revenue': 83.46, 'unit': 'M', 'net_profit': 31.0}]",,,,,,,,,,,,,,,,,__nan__,__nan__
328,DXC,DXC Technology Company Common Stock ,,,,,,,,,,5.25,0.265,648703.0,,,[],"[{'period': ""Q3 '26"", 'revenue': 3190.0, 'unit': 'M', 'net_profit': 107.0}, {'period': ""Q2 '26"", 'revenue': 3160.0, 'unit': 'M', 'net_profit': 36.0}, {'period': ""Q1 '26"", 'revenue': 3160.0, 'unit': 'M', 'net_profit': 16.0}, {'period': ""Q4 '25"", 'revenue': 3170.0, 'unit': 'M', 'net_profit': 264.0}, {'period': ""Q3 '25"", 'revenue': 3230.0, 'unit': 'M', 'net_profit': 57.0}, {'period': ""Q2 '25"", 'revenue': 3240.0, 'unit': 'M', 'net_profit': 42.0}]",,,,,,,,,,,,,,,,,__nan__,__nan__
329,DY,Dycom Industries Inc. Common Stock,,,,,,,,,,34.18,-14.83,80891.0,,,[],"[{'period': ""Q4 '26"", 'revenue': 1460.0, 'unit': 'M', 'net_profit': 16.29}, {'period': ""Q3 '26"", 'revenue': 1450.0, 'unit': 'M', 'net_profit': 106.36}, {'period': ""Q2 '26"", 'revenue': 1380.0, 'unit': 'M', 'net_profit': 97.48}, {'period': ""Q1 '26"", 'revenue': 1260.0, 'unit': 'M', 'net_profit': 61.05}, {'period': ""Q4 '25"", 'revenue': 1080.0, 'unit': 'M', 'net_profit': 32.67}, {'period': ""Q3 '25"", 'revenue': 1270.0, 'unit': 'M', 'net_profit': 69.79}]",,,,,,,,,,,,,,,,,__nan__,__nan__
330,DYFN,Angel Oak Dynamic Financial Strategies Income Term Trust Common Shares of Beneficial Interest,,,,,,,,,,10.028901734104046,0.0628,7032.0,,,[],[],,,,,,,,,,,,,,,,,__nan__,__nan__
331,E,ENI S.p.A. Common Stock,,,,,,,,,,31.01,0.915,169962.0,,,[],"[{'period': ""Q4 '25"", 'revenue': 17370.0, 'unit': 'M', 'net_profit': 89.16}, {'period': ""Q3 '25"", 'revenue': 20200.0, 'unit': 'M', 'net_profit': 803.0}, {'period': ""Q2 '25"", 'revenue': 18770.0, 'unit': 'M', 'net_profit': 543.0}, {'period': ""Q1 '25"", 'revenue': 22.57, 'unit': 'B', 'net_profit': 1.17}, {'period': ""Q4 '24"", 'revenue': 23490.0, 'unit': 'M', 'net_profit': 230.0}, {'period': ""Q3 '24"", 'revenue': 20660.0, 'unit': 'M', 'net_profit': 522.0}]",,,,,,,,,,,,,,,,,__nan__,__nan__
332,EAF,GrafTech International Ltd. Common Stock,,,,,,,,,,-0.76,0.18,57253.0,,,[],"[{'period': ""Q4 '25"", 'revenue': 116.46, 'unit': 'M', 'net_profit': -65.12}, {'period': ""Q3 '25"", 'revenue': 144.0, 'unit': 'M', 'net_profit': -28.48}, {'period': ""Q2 '25"", 'revenue': 131.84, 'unit': 'M', 'net_profit': -86.89}, {'period': ""Q1 '25"", 'revenue': 111.84, 'unit': 'M', 'net_profit': -39.35}, {'period': ""Q4 '24"", 'revenue': 134.22, 'unit': 'M', 'net_profit': -49.48}, {'period': ""Q3 '24"", 'revenue': 130.65, 'unit': 'M', 'net_profit': -36.07}]",,,,,,,,,,,,,,,,,__nan__,__nan__
333,EAI,Entergy Arkansas LLC First Mortgage Bonds 4.875% Series Due September 1 2066,,,,,,,,,,5.9,0.13,7055.0,,,[],"[{'period': ""Q4 '25"", 'revenue': 2960.0, 'unit': 'M', 'net_profit': 235.78}, {'period': ""Q3 '25"", 'revenue': 3810.0, 'unit': 'M', 'net_profit': 693.8}, {'period': ""Q2 '25"", 'revenue': 3330.0, 'unit': 'M', 'net_profit': 467.93}, {'period': ""Q1 '25"", 'revenue': 2850.0, 'unit': 'M', 'net_profit': 360.76}, {'period': ""Q4 '24"", 'revenue': 567.19, 'unit': 'M', 'net_profit': 344.93}, {'period': ""Q3 '24"", 'revenue': 3390.0, 'unit': 'M', 'net_profit': 644.94}]",,,,,,,,,,,,,,,,,__nan__,__nan__
334,EARN,Ellington Residential Mortgage REIT Common Shares of Beneficial Interest,,,,,,,,,,15.8,0.05500004,218167.0,,,[],"[{'period': ""Q4 '25"", 'revenue': 14.34, 'unit': 'M', 'net_profit': -21.07}, {'period': ""Q3 '25"", 'revenue': 15.41, 'unit': 'M', 'net_profit': 4.28}, {'period': ""Q2 '25"", 'revenue': 11.9, 'unit': 'M', 'net_profit': 10.21}, {'period': ""Q1 '25"", 'revenue': 0.921, 'unit': 'M', 'net_profit': -7.87}, {'period': ""Q4 '24"", 'revenue': 6.79, 'unit': 'M', 'net_profit': -2.0}, {'period': ""Q3 '24"", 'revenue': 16.39, 'unit': 'M', 'net_profit': 5.45}]",,,,,,,,,,,,,,,,,__nan__,__nan__
335,EAT,Brinker International Inc. Common Stock,,,,,,,,,,13.69,1.905,185198.0,,,[],"[{'period': ""Q2 '26"", 'revenue': 1450.0, 'unit': 'M', 'net_profit': 128.5}, {'period': ""Q1 '26"", 'revenue': 1350.0, 'unit': 'M', 'net_profit': 99.5}, {'period': ""Q4 '25"", 'revenue': 1460.0, 'unit': 'M', 'net_profit': 107.0}, {'period': ""Q3 '25"", 'revenue': 1430.0, 'unit': 'M', 'net_profit': 119.1}, {'period': ""Q2 '25"", 'revenue': 1360.0, 'unit': 'M', 'net_profit': 118.5}, {'period': ""Q1 '25"", 'revenue': 1140.0, 'unit': 'M', 'net_profit': 38.5}]",,,,,,,,,,,,,,,,,__nan__,__nan__
336,EB,Eventbrite Inc. Class A Common Stock,,,,,,,,,,-41.0,0.065,19512320.0,,,[],"[{'period': ""Q4 '25"", 'revenue': 73.51, 'unit': 'M', 'net_profit': -8.17}, {'period': ""Q3 '25"", 'revenue': 71.74, 'unit': 'M', 'net_profit': 6.37}, {'period': ""Q2 '25"", 'revenue': 72.76, 'unit': 'M', 'net_profit': -2.11}, {'period': ""Q1 '25"", 'revenue': 73.83, 'unit': 'M', 'net_profit': -6.61}, {'period': ""Q4 '24"", 'revenue': 76.46, 'unit': 'M', 'net_profit': -8.38}, {'period': ""Q3 '24"", 'revenue': 77.8, 'unit': 'M', 'net_profit': -3.77}]",,,,,,,,,,,,,,,,,__nan__,__nan__
337,EBF,Ennis Inc. Common Stock,,,,,,,,,,13.07,0.3799,36070.0,,,[],"[{'period': ""Q3 '26"", 'revenue': 100.17, 'unit': 'M', 'net_profit': 10.83}, {'period': ""Q2 '26"", 'revenue': 98.68, 'unit': 'M', 'net_profit': 13.15}, {'period': ""Q1 '26"", 'revenue': 97.2, 'unit': 'M', 'net_profit': 9.8}, {'period': ""Q4 '25"", 'revenue': 92.7, 'unit': 'M', 'net_profit': 9.02}, {'period': ""Q3 '25"", 'revenue': 99.77, 'unit': 'M', 'net_profit': 10.2}, {'period': ""Q2 '25"", 'revenue': 99.04, 'unit': 'M', 'net_profit': 10.31}]",,,,,,,,,,,,,,,,,__nan__,__nan__
338,EBR,Centrais Electricas Brasileiras S A American Depositary Shares (Each representing one Common Share),,,,,,,,,,17.037037037037038,-0.25,3761.0,,,[],"[{'period': ""Q3 '25"", 'revenue': 9.79, 'unit': 'B', 'net_profit': -5.34}, {'period': ""Q2 '25"", 'revenue': 9.86, 'unit': 'B', 'net_profit': -1.28}, {'period': ""Q1 '25"", 'revenue': 10250.0, 'unit': 'M', 'net_profit': -347.62}, {'period': ""Q4 '24"", 'revenue': 12.74, 'unit': 'B', 'net_profit': 1.17}, {'period': ""Q3 '24"", 'revenue': 10.82, 'unit': 'B', 'net_profit': 7.06}, {'period': ""Q2 '24"", 'revenue': 8.99, 'unit': 'B', 'net_profit': 1.86}]",,,,,,,,,,,,,,,,,__nan__,__nan__
339,EBS,Emergent Biosolutions Inc. Common Stock,,,,,,,,,,8.63,0.1,122709.0,,,[],"[{'period': ""Q4 '25"", 'revenue': 148.7, 'unit': 'M', 'net_profit': -54.6}, {'period': ""Q3 '25"", 'revenue': 231.1, 'unit': 'M', 'net_profit': 51.2}, {'period': ""Q2 '25"", 'revenue': 140.9, 'unit': 'M', 'net_profit': -12.0}, {'period': ""Q1 '25"", 'revenue': 222.2, 'unit': 'M', 'net_profit': 68.0}, {'period': ""Q4 '24"", 'revenue': 194.7, 'unit': 'M', 'net_profit': -31.3}, {'period': ""Q3 '24"", 'revenue': 293.8, 'unit': 'M', 'net_profit': 114.8}]",,,,,,,,,,,,,,,,,__nan__,__nan__
340,EC,Ecopetrol S.A. American Depositary Shares,,,,,,,,,,12.8,-0.03,1568813.0,,,[],"[{'period': ""Q4 '25"", 'revenue': 28.47, 'unit': 'T', 'net_profit': 1.49}, {'period': ""Q3 '25"", 'revenue': 29.84, 'unit': 'T', 'net_profit': 2.56}, {'period': ""Q2 '25"", 'revenue': 29.67, 'unit': 'T', 'net_profit': 1.81}, {'period': ""Q1 '25"", 'revenue': 31.36, 'unit': 'T', 'net_profit': 3.13}, {'period': ""Q4 '24"", 'revenue': 34.79, 'unit': 'T', 'net_profit': 2.8}, {'period': ""Q3 '24"", 'revenue': 34.61, 'unit': 'T', 'net_profit': 3.65}]",,,,,,,,,,,,,,,,,__nan__,__nan__
341,ECC           ,Eagle Point Credit Company Inc. Common Stock,,,,,,,,,,-3.48,-0.035,380975.0,,,[],[],,,,,,,,,,,,,,,,,__nan__,__nan__
342,ECCB,Eagle Point Credit Company Inc. 7.75% Series B Term Preferred Stock due 2026,,,,,,,,,,7.11965811965812,0.0,2996.0,,,[],"[{'period': ""Q4 '25"", 'revenue': -12.96, 'unit': 'M', 'net_profit': -109.95}, {'period': ""Q3 '25"", 'revenue': 52.02, 'unit': 'M', 'net_profit': 21.76}, {'period': ""Q2 '25"", 'revenue': 70.84, 'unit': 'M', 'net_profit': 61.64}, {'period': ""Q1 '25"", 'revenue': 52.34, 'unit': 'M', 'net_profit': -94.29}, {'period': ""Q4 '24"", 'revenue': 49.55, 'unit': 'M', 'net_profit': 45.32}, {'period': ""Q3 '24"", 'revenue': 47.13, 'unit': 'M', 'net_profit': 3.86}]",,,,,,,,,,,,,,,,,__nan__,__nan__
343,ECCW,Eagle Point Credit Company Inc. 6.75% Notes due 2031,,,,,,,,,,,-0.04,120.0,,,[],"[{'period': ""Q4 '25"", 'revenue': -12.96, 'unit': 'M', 'net_profit': -109.95}, {'period': ""Q3 '25"", 'revenue': 52.02, 'unit': 'M', 'net_profit': 21.76}, {'period': ""Q2 '25"", 'revenue': 70.84, 'unit': 'M', 'net_profit': 61.64}, {'period': ""Q1 '25"", 'revenue': 52.34, 'unit': 'M', 'net_profit': -94.29}, {'period': ""Q4 '24"", 'revenue': 49.55, 'unit': 'M', 'net_profit': 45.32}, {'period': ""Q3 '24"", 'revenue': 47.13, 'unit': 'M', 'net_profit': 3.86}]",,,,,,,,,,,,,,,,,__nan__,__nan__
344,ECCX,Eagle Point Credit Company Inc. 6.6875% Notes due 2028,,,,,,,,,,12.26,-0.05,563.0,,,[],"[{'period': ""Q4 '25"", 'revenue': -12.96, 'unit': 'M', 'net_profit': -109.95}, {'period': ""Q3 '25"", 'revenue': 52.02, 'unit': 'M', 'net_profit': 21.76}, {'period': ""Q2 '25"", 'revenue': 70.84, 'unit': 'M', 'net_profit': 61.64}, {'period': ""Q1 '25"", 'revenue': 52.34, 'unit': 'M', 'net_profit': -94.29}, {'period': ""Q4 '24"", 'revenue': 49.55, 'unit': 'M', 'net_profit': 45.32}, {'period': ""Q3 '24"", 'revenue': 47.13, 'unit': 'M', 'net_profit': 3.86}]",,,,,,,,,,,,,,,,,__nan__,__nan__
345,ECCY,Eagle Point Credit Company Inc. 6.75% Notes due 2027,,,,,,,,,,12.38,0.0,12317.0,,,[],"[{'period': ""Q4 '25"", 'revenue': -12.96, 'unit': 'M', 'net_profit': -109.95}, {'period': ""Q3 '25"", 'revenue': 52.02, 'unit': 'M', 'net_profit': 21.76}, {'period': ""Q2 '25"", 'revenue': 70.84, 'unit': 'M', 'net_profit': 61.64}, {'period': ""Q1 '25"", 'revenue': 52.34, 'unit': 'M', 'net_profit': -94.29}, {'period': ""Q4 '24"", 'revenue': 49.55, 'unit': 'M', 'net_profit': 45.32}, {'period': ""Q3 '24"", 'revenue': 47.13, 'unit': 'M', 'net_profit': 3.86}]",,,,,,,,,,,,,,,,,__nan__,__nan__
346,ECL,Ecolab Inc. Common Stock,,,,,,,,,,36.3,3.23,318011.0,,,[],"[{'period': ""Q4 '25"", 'revenue': 4200.0, 'unit': 'M', 'net_profit': 563.9}, {'period': ""Q3 '25"", 'revenue': 4170.0, 'unit': 'M', 'net_profit': 585.0}, {'period': ""Q2 '25"", 'revenue': 4030.0000000000005, 'unit': 'M', 'net_profit': 524.2}, {'period': ""Q1 '25"", 'revenue': 3690.0, 'unit': 'M', 'net_profit': 402.5}, {'period': ""Q4 '24"", 'revenue': 4010.0, 'unit': 'M', 'net_profit': 472.9}, {'period': ""Q3 '24"", 'revenue': 4000.0, 'unit': 'M', 'net_profit': 736.5}]",,,,,,,,,,,,,,,,,__nan__,__nan__
347,ECOM          ,ChannelAdvisor Corporation Common Stock,,,,,,,,,,0.0,0.01,1262258.0,,,[],[],,,,,,,,,,,,,,,,,__nan__,__nan__
348,ED,Consolidated Edison Inc. Common Stock,,,,,,,,,,20.11,1.727,269037.0,,,[],"[{'period': ""Q4 '25"", 'revenue': 4000.0, 'unit': 'M', 'net_profit': 297.0}, {'period': ""Q3 '25"", 'revenue': 4530.0, 'unit': 'M', 'net_profit': 688.0}, {'period': ""Q2 '25"", 'revenue': 3600.0, 'unit': 'M', 'net_profit': 246.0}, {'period': ""Q1 '25"", 'revenue': 4800.0, 'unit': 'M', 'net_profit': 791.0}, {'period': ""Q4 '24"", 'revenue': 3670.0, 'unit': 'M', 'net_profit': 310.0}, {'period': ""Q3 '24"", 'revenue': 4090.0, 'unit': 'M', 'net_profit': 588.0}]",,,,,,,,,,,,,,,,,__nan__,__nan__
349,EDD,Morgan Stanley Emerging Markets Domestic Debt Fund Inc. Morgan Stanley Emerging Markets Domestic Debt Fund Inc. Common Stock,,,,,,,,,,4.83,-0.085,679451.0,,,[],"[{'period': ""Q4 '25"", 'revenue': 30.78, 'unit': 'M', 'net_profit': 44.09}, {'period': ""Q2 '25"", 'revenue': 12.25, 'unit': 'M', 'net_profit': 24.58}, {'period': ""Q4 '24"", 'revenue': 5.32, 'unit': 'M', 'net_profit': 13.44}, {'period': ""Q2 '24"", 'revenue': 15.99, 'unit': 'M', 'net_profit': 23.8}, {'period': ""Q4 '23"", 'revenue': 2.36, 'unit': 'M', 'net_profit': -14.03}, {'period': ""Q2 '23"", 'revenue': 8.16, 'unit': 'M', 'net_profit': 51.52}]",,,,,,,,,,,,,,,,,__nan__,__nan__
350,EDF,Stone Harbor Emerging Markets Income Fund Common Shares of Beneficial Interest,,,,,,,,,,5.6,0.09,88820.0,,,[],"[{'period': ""Q4 '25"", 'revenue': 13.06, 'unit': 'M', 'net_profit': 19.35}, {'period': ""Q2 '25"", 'revenue': 13.69, 'unit': 'M', 'net_profit': 8.04}, {'period': ""Q4 '24"", 'revenue': 10.58, 'unit': 'M', 'net_profit': 12.37}, {'period': ""Q2 '24"", 'revenue': 8.86, 'unit': 'M', 'net_profit': 20.27}, {'period': ""Q4 '23"", 'revenue': 0.883, 'unit': 'M', 'net_profit': 10.94}, {'period': ""Q2 '23"", 'revenue': -4.99, 'unit': 'M', 'net_profit': 2.98}]",,,,,,,,,,,,,,,,,__nan__,__nan__
351,EDI,Stone Harbor Emerging Markets Total Income Fund Common Shares of Beneficial Interests,,,,,,,,,,-11.674418604651162,-0.0698,29910.0,,,[],[],,,,,,,,,,,,,,,,,__nan__,__nan__
352,EDN,Empresa Distribuidora Y Comercializadora Norte S.A. (Edenor) Empresa Distribuidora Y Comercializadora Norte S.A. (Edenor) American Depositary Shares,,,,,,,,,,7.09,0.38,23220.31423,,,[],"[{'period': ""Q4 '25"", 'revenue': 882.13, 'unit': 'B', 'net_profit': 60.35}, {'period': ""Q3 '25"", 'revenue': 740.84, 'unit': 'B', 'net_profit': 40.64}, {'period': ""Q2 '25"", 'revenue': 622.99, 'unit': 'B', 'net_profit': 92.93}, {'period': ""Q1 '25"", 'revenue': 638.53, 'unit': 'B', 'net_profit': 35.91}, {'period': ""Q4 '24"", 'revenue': 630.49, 'unit': 'B', 'net_profit': 37.06}, {'period': ""Q3 '24"", 'revenue': 555.79, 'unit': 'B', 'net_profit': 114.44}]",,,,,,,,,,,,,,,,,__nan__,__nan__
353,EDR,Endeavor Group Holdings Inc. Class A Common Stock,,,,,,,,,,-23.78048780487805,0.42,8671603.0,,,[],"[{'period': ""Q4 '24"", 'revenue': 1570.0, 'unit': 'M', 'net_profit': -165.89}, {'period': ""Q3 '24"", 'revenue': 2029.9999999999998, 'unit': 'M', 'net_profit': -264.67}, {'period': ""Q2 '24"", 'revenue': 1750.0, 'unit': 'M', 'net_profit': -214.52}, {'period': ""Q1 '24"", 'revenue': 1850.0, 'unit': 'M', 'net_profit': -137.34}, {'period': ""Q4 '23"", 'revenue': 1580.0, 'unit': 'M', 'net_profit': 14.52}, {'period': ""Q3 '23"", 'revenue': 1340.0, 'unit': 'M', 'net_profit': -69.21}]",,,,,,,,,,,,,,,,,__nan__,__nan__
354,EDU,New Oriental Education & Technology Group Inc. Sponsored ADR representing 1 Ordinary Share (Cayman Islands),,,,,,,,,,22.82,0.285,87619.0,,,[],"[{'period': ""Q2 '26"", 'revenue': 1190.0, 'unit': 'M', 'net_profit': 45.54}, {'period': ""Q1 '26"", 'revenue': 1520.0, 'unit': 'M', 'net_profit': 241.15}, {'period': ""Q4 '25"", 'revenue': 1240.0, 'unit': 'M', 'net_profit': 7.12}, {'period': ""Q3 '25"", 'revenue': 1180.0, 'unit': 'M', 'net_profit': 87.25}, {'period': ""Q2 '25"", 'revenue': 1040.0, 'unit': 'M', 'net_profit': 31.93}, {'period': ""Q1 '25"", 'revenue': 1440.0, 'unit': 'M', 'net_profit': 245.43}]",,,,,,,,,,,,,,,,,__nan__,__nan__
355,EEA,The European Equity Fund Inc. Common Stock,,,,,,,,,,3.6,0.075,22063.0,,,[],"[{'period': ""Q4 '25"", 'revenue': 6.53, 'unit': 'M', 'net_profit': 3.76}, {'period': ""Q2 '25"", 'revenue': 1.72, 'unit': 'M', 'net_profit': 14.43}, {'period': ""Q4 '24"", 'revenue': 0.42643000000000003, 'unit': 'M', 'net_profit': -4.54}, {'period': ""Q2 '24"", 'revenue': 1.88, 'unit': 'M', 'net_profit': 2.57}, {'period': ""Q4 '23"", 'revenue': 0.49438, 'unit': 'M', 'net_profit': 3.14}, {'period': ""Q2 '23"", 'revenue': 1.5, 'unit': 'M', 'net_profit': 8.73}]",,,,,,,,,,,,,,,,,__nan__,__nan__
356,EEX,Emerald Holding Inc. Common Stock,,,,,,,,,,-30.83,0.125,3744.0,,,[],"[{'period': ""Q4 '25"", 'revenue': 132.7, 'unit': 'M', 'net_profit': -30.2}, {'period': ""Q3 '25"", 'revenue': 77.5, 'unit': 'M', 'net_profit': -14.4}, {'period': ""Q2 '25"", 'revenue': 105.5, 'unit': 'M', 'net_profit': -1.4}, {'period': ""Q1 '25"", 'revenue': 147.7, 'unit': 'M', 'net_profit': 15.3}, {'period': ""Q4 '24"", 'revenue': 106.8, 'unit': 'M', 'net_profit': 5.1}, {'period': ""Q3 '24"", 'revenue': 72.6, 'unit': 'M', 'net_profit': -11.1}]",,,,,,,,,,,,,,,,,__nan__,__nan__
357,EFC,Ellington Financial Inc. Common Stock ,,,,,,,,,,9.93,0.26,385881.0,,,[],"[{'period': ""Q4 '25"", 'revenue': 147.4, 'unit': 'M', 'net_profit': 21.65}, {'period': ""Q3 '25"", 'revenue': 123.01, 'unit': 'M', 'net_profit': 36.58}, {'period': ""Q2 '25"", 'revenue': 86.27, 'unit': 'M', 'net_profit': 49.96}, {'period': ""Q1 '25"", 'revenue': 72.28, 'unit': 'M', 'net_profit': 38.68}, {'period': ""Q4 '24"", 'revenue': 66.08, 'unit': 'M', 'net_profit': 30.11}, {'period': ""Q3 '24"", 'revenue': 60.95, 'unit': 'M', 'net_profit': 23.01}]",,,,,,,,,,,,,,,,,__nan__,__nan__
358,EFF,Eaton vance Floating-Rate Income Plus Fund Common Shares of Beneficial Interest,,,,,,,,,,,-0.0818996,167936.0,,,[],[],,,,,,,,,,,,,,,,,__nan__,__nan__
359,EFL,Eaton Vance Floating-Rate 2022 Target Term Trust Common Shares of Beneficial Interest,,,,,,,,,,19.177777777777777,-0.01,88440.0,,,[],[],,,,,,,,,,,,,,,,,__nan__,__nan__
360,EFR,Eaton Vance Senior Floating-Rate Fund Common Shares of Beneficial Interest,,,,,,,,,,17.65,0.105,132620.0,,,[],"[{'period': ""Q4 '25"", 'revenue': 30.4, 'unit': 'M', 'net_profit': 22.58}, {'period': ""Q2 '25"", 'revenue': 0.0, 'unit': '', 'net_profit': 0.0}, {'period': ""Q4 '24"", 'revenue': 28.44, 'unit': 'M', 'net_profit': 22.57}, {'period': ""Q2 '24"", 'revenue': 28.44, 'unit': 'M', 'net_profit': 22.57}, {'period': ""Q4 '23"", 'revenue': 37.07, 'unit': 'M', 'net_profit': 26.68}, {'period': ""Q2 '23"", 'revenue': 25.85, 'unit': 'M', 'net_profit': 28.22}]",,,,,,,,,,,,,,,,,__nan__,__nan__
361,EFT,Eaton Vance Floating Rate Income Trust Common Shares of Beneficial Interest,,,,,,,,,,21.72,0.075,142800.0,,,[],"[{'period': ""Q2 '25"", 'revenue': 13.97, 'unit': 'M', 'net_profit': 7.76}, {'period': ""Q4 '24"", 'revenue': 21.41, 'unit': 'M', 'net_profit': 5.0}, {'period': ""Q3 '24"", 'revenue': 11.76, 'unit': 'M', 'net_profit': 2.5}, {'period': ""Q2 '24"", 'revenue': 13.03, 'unit': 'M', 'net_profit': 7.32}, {'period': ""Q1 '24"", 'revenue': 13.03, 'unit': 'M', 'net_profit': 7.32}, {'period': ""Q4 '23"", 'revenue': 13.9, 'unit': 'M', 'net_profit': 11.71}]",,,,,,,,,,,,,,,,,__nan__,__nan__
362,EFX,Equifax Inc. Common Stock,,,,,,,,,,33.36,5.94,317502.71365,,,[],"[{'period': ""Q4 '25"", 'revenue': 1550.0, 'unit': 'M', 'net_profit': 175.7}, {'period': ""Q3 '25"", 'revenue': 1540.0, 'unit': 'M', 'net_profit': 160.2}, {'period': ""Q2 '25"", 'revenue': 1540.0, 'unit': 'M', 'net_profit': 191.3}, {'period': ""Q1 '25"", 'revenue': 1440.0, 'unit': 'M', 'net_profit': 133.1}, {'period': ""Q4 '24"", 'revenue': 1420.0, 'unit': 'M', 'net_profit': 174.0}, {'period': ""Q3 '24"", 'revenue': 1440.0, 'unit': 'M', 'net_profit': 141.3}]",,,,,,,,,,,,,,,,,__nan__,__nan__
363,EGF,Blackrock Enhanced Government Fund Inc. Common Stock,,,,,,,,,,121.5,-0.04,1831.0,,,[],"[{'period': ""Q4 '24"", 'revenue': -364.77, 'unit': 'K', 'net_profit': 354.53}, {'period': ""Q2 '24"", 'revenue': 892.91, 'unit': 'K', 'net_profit': -69.3}, {'period': ""Q4 '23"", 'revenue': 201.56, 'unit': 'K', 'net_profit': 835.07}, {'period': ""Q2 '23"", 'revenue': 1700.0, 'unit': 'K', 'net_profit': 795.3}, {'period': ""Q4 '22"", 'revenue': 0.9717300000000001, 'unit': 'M', 'net_profit': -1.68}, {'period': ""Q2 '22"", 'revenue': 0.92755, 'unit': 'M', 'net_profit': -6.28}]",,,,,,,,,,,,,,,,,__nan__,__nan__
364,EGHT,8x8 Inc Common Stock,,,,,,,,,,-54.58,0.0173,296062.96447,,,[],"[{'period': ""Q3 '26"", 'revenue': 185.05, 'unit': 'M', 'net_profit': 5.09}, {'period': ""Q2 '26"", 'revenue': 184090.0, 'unit': 'K', 'net_profit': 767.0}, {'period': ""Q1 '26"", 'revenue': 181.36, 'unit': 'M', 'net_profit': -4.32}, {'period': ""Q4 '25"", 'revenue': 177.04, 'unit': 'M', 'net_profit': -5.4}, {'period': ""Q3 '25"", 'revenue': 178.88, 'unit': 'M', 'net_profit': 3.02}, {'period': ""Q2 '25"", 'revenue': 181.0, 'unit': 'M', 'net_profit': -14.54}]",,,,,,,,,,,,,,,,,__nan__,__nan__
365,EGO,Eldorado Gold Corporation Ordinary Shares,,,,,,,,,,12.97,-0.99,896962.0,,,[],"[{'period': ""Q4 '25"", 'revenue': 586.03, 'unit': 'M', 'net_profit': 244.52}, {'period': ""Q3 '25"", 'revenue': 429.91, 'unit': 'M', 'net_profit': 55.41}, {'period': ""Q2 '25"", 'revenue': 451.72, 'unit': 'M', 'net_profit': 138.01}, {'period': ""Q1 '25"", 'revenue': 355.25, 'unit': 'M', 'net_profit': 72.4}, {'period': ""Q4 '24"", 'revenue': 435.71, 'unit': 'M', 'net_profit': 105.06}, {'period': ""Q3 '24"", 'revenue': 331.76, 'unit': 'M', 'net_profit': 94.97}]",,,,,,,,,,,,,,,,,__nan__,__nan__
366,EGP,EastGroup Properties Inc. Common Stock,,,,,,,,,,38.06,2.17,25356.0,,,[],"[{'period': ""Q4 '25"", 'revenue': 187.47, 'unit': 'M', 'net_profit': 67.75}, {'period': ""Q3 '25"", 'revenue': 182.14, 'unit': 'M', 'net_profit': 66.94}, {'period': ""Q2 '25"", 'revenue': 177.29, 'unit': 'M', 'net_profit': 63.3}, {'period': ""Q1 '25"", 'revenue': 172.69, 'unit': 'M', 'net_profit': 59.42}, {'period': ""Q4 '24"", 'revenue': 164.04, 'unit': 'M', 'net_profit': 58.64}, {'period': ""Q3 '24"", 'revenue': 162.88, 'unit': 'M', 'net_profit': 55.18}]",,,,,,,,,,,,,,,,,__nan__,__nan__
367,EGY,VAALCO Energy Inc.  Common Stock,,,,,,,,,,-16.56,0.185,1080618.0,,,[],"[{'period': ""Q4 '25"", 'revenue': 59.16, 'unit': 'M', 'net_profit': -58.6}, {'period': ""Q3 '25"", 'revenue': 61.01, 'unit': 'M', 'net_profit': 1.11}, {'period': ""Q2 '25"", 'revenue': 128.77, 'unit': 'M', 'net_profit': 8.28}, {'period': ""Q1 '25"", 'revenue': 110.33, 'unit': 'M', 'net_profit': 7.63}, {'period': ""Q4 '24"", 'revenue': 121.72, 'unit': 'M', 'net_profit': 11.44}, {'period': ""Q3 '24"", 'revenue': 140.33, 'unit': 'M', 'net_profit': 10.99}]",,,,,,,,,,,,,,,,,__nan__,__nan__
368,EHC,Encompass Health Corporation Common Stock,,,,,,,,,,17.67,0.5,109149.0,,,[],"[{'period': ""Q4 '25"", 'revenue': 1540.0, 'unit': 'M', 'net_profit': 146.1}, {'period': ""Q3 '25"", 'revenue': 1480.0, 'unit': 'M', 'net_profit': 126.5}, {'period': ""Q2 '25"", 'revenue': 1460.0, 'unit': 'M', 'net_profit': 142.1}, {'period': ""Q1 '25"", 'revenue': 1460.0, 'unit': 'M', 'net_profit': 151.5}, {'period': ""Q4 '24"", 'revenue': 1410.0, 'unit': 'M', 'net_profit': 120.9}, {'period': ""Q3 '24"", 'revenue': 1350.0, 'unit': 'M', 'net_profit': 108.2}]",,,,,,,,,,,,,,,,,__nan__,__nan__
369,EHI,Western Asset Global High Income Fund Inc Common Stock,,,,,,,,,,10.99,-0.00500019,41099.0,,,[],"[{'period': ""Q2 '25"", 'revenue': 11.27, 'unit': 'M', 'net_profit': 15.06}, {'period': ""Q4 '24"", 'revenue': 13.61, 'unit': 'M', 'net_profit': 1.67}, {'period': ""Q2 '24"", 'revenue': 10.82, 'unit': 'M', 'net_profit': 11.31}, {'period': ""Q4 '23"", 'revenue': 10.66, 'unit': 'M', 'net_profit': 9.49}, {'period': ""Q2 '23"", 'revenue': 10.88, 'unit': 'M', 'net_profit': 9.76}, {'period': ""Q4 '22"", 'revenue': 11.34, 'unit': 'M', 'net_profit': -5.15}]",,,,,,,,,,,,,,,,,__nan__,__nan__
370,EHT,Eaton Vance 2021 Target Term Trust Common Shares of Beneficial Interest,,,,,,,,,,,0.00500011,100275.0,,,[],"[{'period': ""Q4 '23"", 'revenue': 7.18, 'unit': 'M', 'net_profit': 3.04}, {'period': ""Q3 '23"", 'revenue': 7.18, 'unit': 'M', 'net_profit': 3.04}, {'period': ""Q2 '23"", 'revenue': 7.19, 'unit': 'M', 'net_profit': 3.6}, {'period': ""Q1 '23"", 'revenue': 7.19, 'unit': 'M', 'net_profit': 3.6}, {'period': ""Q4 '22"", 'revenue': 7.34, 'unit': 'M', 'net_profit': -12.63}, {'period': ""Q3 '22"", 'revenue': 7.34, 'unit': 'M', 'net_profit': -12.63}]",,,,,,,,,,,,,,,,,__nan__,__nan__
371,EIC,Eagle Point Income Company Inc. Common Stock,,,,,,,,,,-104.0,-0.05,38292.0,,,[],"[{'period': ""Q4 '25"", 'revenue': 6.79, 'unit': 'M', 'net_profit': -14.56}, {'period': ""Q3 '25"", 'revenue': 16.18, 'unit': 'M', 'net_profit': 11.03}, {'period': ""Q2 '25"", 'revenue': 15.78, 'unit': 'M', 'net_profit': 12.95}, {'period': ""Q1 '25"", 'revenue': 14.13, 'unit': 'M', 'net_profit': -10.57}, {'period': ""Q4 '24"", 'revenue': 15.23, 'unit': 'M', 'net_profit': 15.04}, {'period': ""Q3 '24"", 'revenue': 13.81, 'unit': 'M', 'net_profit': 1.04}]",,,,,,,,,,,,,,,,,__nan__,__nan__
372,EIG,Employers Holdings Inc Common Stock,,,,,,,,,,88.98,0.57,24292.40206,,,[],"[{'period': ""Q4 '25"", 'revenue': 170.2, 'unit': 'M', 'net_profit': -23.4}, {'period': ""Q3 '25"", 'revenue': 239.3, 'unit': 'M', 'net_profit': -8.3}, {'period': ""Q2 '25"", 'revenue': 246.3, 'unit': 'M', 'net_profit': 29.7}, {'period': ""Q1 '25"", 'revenue': 202.6, 'unit': 'M', 'net_profit': 12.8}, {'period': ""Q4 '24"", 'revenue': 216.6, 'unit': 'M', 'net_profit': 28.3}, {'period': ""Q3 '24"", 'revenue': 224.0, 'unit': 'M', 'net_profit': 30.3}]",,,,,,,,,,,,,,,,,__nan__,__nan__
373,EIX,Edison International Common Stock,,,,,,,,,,6.25,1.9,599288.11764,,,[],"[{'period': ""Q4 '25"", 'revenue': 5.21, 'unit': 'B', 'net_profit': 1.84}, {'period': ""Q3 '25"", 'revenue': 5750.0, 'unit': 'M', 'net_profit': 888.0}, {'period': ""Q2 '25"", 'revenue': 4540.0, 'unit': 'M', 'net_profit': 398.0}, {'period': ""Q1 '25"", 'revenue': 3.81, 'unit': 'B', 'net_profit': 1.49}, {'period': ""Q4 '24"", 'revenue': 3980.0, 'unit': 'M', 'net_profit': 408.0}, {'period': ""Q3 '24"", 'revenue': 5200.0, 'unit': 'M', 'net_profit': 577.0}]",,,,,,,,,,,,,,,,,__nan__,__nan__
374,EL,Estee Lauder Companies Inc. (The) Common Stock,,,,,,,,,,-132.39,0.2901,1819100.0,,,[],"[{'period': ""Q2 '26"", 'revenue': 4240.0, 'unit': 'M', 'net_profit': 162.0}, {'period': ""Q1 '26"", 'revenue': 3480.0, 'unit': 'M', 'net_profit': 47.0}, {'period': ""Q4 '25"", 'revenue': 3410.0, 'unit': 'M', 'net_profit': -546.0}, {'period': ""Q3 '25"", 'revenue': 3550.0, 'unit': 'M', 'net_profit': 159.0}, {'period': ""Q2 '25"", 'revenue': 4000.0, 'unit': 'M', 'net_profit': -590.0}, {'period': ""Q1 '25"", 'revenue': 3360.0, 'unit': 'M', 'net_profit': -156.0}]",,,,,,,,,,,,,,,,,__nan__,__nan__
375,ELAN,Elanco Animal Health Incorporated Common Stock,,,,,,,,,,-50.36,0.54,1425815.0,,,[],"[{'period': ""Q4 '25"", 'revenue': 1140.0, 'unit': 'M', 'net_profit': -276.0}, {'period': ""Q3 '25"", 'revenue': 1140.0, 'unit': 'M', 'net_profit': -34.0}, {'period': ""Q2 '25"", 'revenue': 1240.0, 'unit': 'M', 'net_profit': 11.0}, {'period': ""Q1 '25"", 'revenue': 1190.0, 'unit': 'M', 'net_profit': 67.0}, {'period': ""Q4 '24"", 'revenue': 1020.0, 'unit': 'M', 'net_profit': -8.0}, {'period': ""Q3 '24"", 'revenue': 1030.0, 'unit': 'M', 'net_profit': 364.0}]",,,,,,,,,,,,,,,,,__nan__,__nan__
376,ELAT,Elanco Animal Health Incorporated 5.00% Tangible Equity Units,,,,,,,,,,0.0,0.22,1123315.0,,,[],"[{'period': ""Q4 '25"", 'revenue': 1140.0, 'unit': 'M', 'net_profit': -276.0}, {'period': ""Q3 '25"", 'revenue': 1140.0, 'unit': 'M', 'net_profit': -34.0}, {'period': ""Q2 '25"", 'revenue': 1240.0, 'unit': 'M', 'net_profit': 11.0}, {'period': ""Q1 '25"", 'revenue': 1190.0, 'unit': 'M', 'net_profit': 67.0}, {'period': ""Q4 '24"", 'revenue': 1.06, 'unit': 'B', 'net_profit': 1.43}, {'period': ""Q3 '24"", 'revenue': 1030.0, 'unit': 'M', 'net_profit': 364.0}]",,,,,,,,,,,,,,,,,__nan__,__nan__
377,ELC,Entergy Louisiana Inc. Collateral Trust Mortgage Bonds 4.875 % Series due September 1 2066,,,,,,,,,,,0.11,11770.0,,,[],"[{'period': ""Q4 '25"", 'revenue': 2960.0, 'unit': 'M', 'net_profit': 240.53}, {'period': ""Q3 '25"", 'revenue': 3810.0, 'unit': 'M', 'net_profit': 698.42}, {'period': ""Q2 '25"", 'revenue': 3330.0, 'unit': 'M', 'net_profit': 471.95}, {'period': ""Q1 '25"", 'revenue': 2850.0, 'unit': 'M', 'net_profit': 360.76}, {'period': ""Q4 '24"", 'revenue': 2740.0, 'unit': 'M', 'net_profit': 286.45}, {'period': ""Q3 '24"", 'revenue': 3390.0, 'unit': 'M', 'net_profit': 645.75}]",,,,,,,,,,,,,,,,,__nan__,__nan__
378,ELF,e.l.f. Beauty Inc. Common Stock,,,,,,,,,,34.79,0.53,716812.0,,,[],"[{'period': ""Q3 '26"", 'revenue': 489.5, 'unit': 'M', 'net_profit': 39.38}, {'period': ""Q2 '26"", 'revenue': 343.94, 'unit': 'M', 'net_profit': 3.0}, {'period': ""Q1 '26"", 'revenue': 353.74, 'unit': 'M', 'net_profit': 33.31}, {'period': ""Q4 '25"", 'revenue': 332.64, 'unit': 'M', 'net_profit': 28.25}, {'period': ""Q3 '25"", 'revenue': 355.32, 'unit': 'M', 'net_profit': 17.26}, {'period': ""Q2 '25"", 'revenue': 301.07, 'unit': 'M', 'net_profit': 19.02}]",,,,,,,,,,,,,,,,,__nan__,__nan__
379,ELP,Companhia Paranaense de Energia (COPEL) American Depositary Shares (each representing one Unit consisting one Common Share and four non-voting Class B Preferred Shares),,,,,,,,,,18.176470588235293,-0.62,755599.0,,,[],"[{'period': ""Q3 '25"", 'revenue': 6810.0, 'unit': 'M', 'net_profit': 384.22}, {'period': ""Q2 '25"", 'revenue': 6230.0, 'unit': 'M', 'net_profit': 572.14}, {'period': ""Q1 '25"", 'revenue': 5890.0, 'unit': 'M', 'net_profit': 665.51}, {'period': ""Q4 '24"", 'revenue': 6020.0, 'unit': 'M', 'net_profit': 586.51}, {'period': ""Q3 '24"", 'revenue': 5.74, 'unit': 'B', 'net_profit': 1.22}, {'period': ""Q2 '24"", 'revenue': 5480.0, 'unit': 'M', 'net_profit': 472.08}]",,,,,,,,,,,,,,,,,__nan__,__nan__
380,ELS,Equity Lifestyle Properties Inc. Common Stock,,,,,,,,,,31.47,1.15,231810.46402,,,[],"[{'period': ""Q4 '25"", 'revenue': 417.93, 'unit': 'M', 'net_profit': 100.47}, {'period': ""Q3 '25"", 'revenue': 373.35, 'unit': 'M', 'net_profit': 97.13}, {'period': ""Q2 '25"", 'revenue': 372.58, 'unit': 'M', 'net_profit': 79.72}, {'period': ""Q1 '25"", 'revenue': 367.52, 'unit': 'M', 'net_profit': 109.19}, {'period': ""Q4 '24"", 'revenue': 341.52, 'unit': 'M', 'net_profit': 95.98}, {'period': ""Q3 '24"", 'revenue': 389.17, 'unit': 'M', 'net_profit': 82.82}]",,,,,,,,,,,,,,,,,__nan__,__nan__
381,ELVT,Elevate Credit Inc. Common Stock,,,,,,,,,,1.9560669456066946,0.01,535974.0,,,[],"[{'period': ""Q2 '22"", 'revenue': 235.21, 'unit': 'M', 'net_profit': -13.09}, {'period': ""Q4 '21"", 'revenue': 112.83, 'unit': 'M', 'net_profit': -11.01}, {'period': ""Q2 '21"", 'revenue': 89.73, 'unit': 'M', 'net_profit': 12.72}, {'period': ""Q4 '20"", 'revenue': 94.16, 'unit': 'M', 'net_profit': 21.08}, {'period': ""Q2 '20"", 'revenue': 177.46, 'unit': 'M', 'net_profit': -4.91}, {'period': ""Q4 '19"", 'revenue': 379.7, 'unit': 'M', 'net_profit': 13.05}]",,,,,,,,,,,,,,,,,__nan__,__nan__
382,ELY,Callaway Golf Company Common Stock,,,,,,,,,,41.8235294117647,-0.620001,2101270.0,,,[],"[{'period': ""Q4 '25"", 'revenue': 367.5, 'unit': 'M', 'net_profit': -66.0}, {'period': ""Q3 '25"", 'revenue': 934.0, 'unit': 'M', 'net_profit': -14.7}, {'period': ""Q2 '25"", 'revenue': 1110.0, 'unit': 'M', 'net_profit': 20.3}, {'period': ""Q1 '25"", 'revenue': 1090.0, 'unit': 'M', 'net_profit': 2.1}, {'period': ""Q4 '24"", 'revenue': 1.37, 'unit': 'B', 'net_profit': -1.61}, {'period': ""Q2 '22"", 'revenue': 1120.0, 'unit': 'M', 'net_profit': 105.4}]",,,,,,,,,,,,,,,,,__nan__,__nan__
383,EMD,Western Asset Emerging Markets Debt Fund Inc Common Stock,,,,,,,,,,5.53,-0.03,263626.0,,,[],"[{'period': ""Q4 '25"", 'revenue': 34.13, 'unit': 'M', 'net_profit': 64.35}, {'period': ""Q2 '25"", 'revenue': 33.41, 'unit': 'M', 'net_profit': 36.78}, {'period': ""Q4 '24"", 'revenue': 44.37, 'unit': 'M', 'net_profit': 43.42}, {'period': ""Q2 '24"", 'revenue': 25.32, 'unit': 'M', 'net_profit': 18.13}, {'period': ""Q4 '23"", 'revenue': 9.55, 'unit': 'M', 'net_profit': 52.39}, {'period': ""Q2 '23"", 'revenue': 4.59, 'unit': 'M', 'net_profit': 19.01}]",,,,,,,,,,,,,,,,,__nan__,__nan__
384,EME,EMCOR Group Inc. Common Stock,,,,,,,,,,25.05,-26.08501,87096.0,,,[],"[{'period': ""Q4 '25"", 'revenue': 4520.0, 'unit': 'M', 'net_profit': 431.79}, {'period': ""Q3 '25"", 'revenue': 4300.0, 'unit': 'M', 'net_profit': 295.37}, {'period': ""Q2 '25"", 'revenue': 4300.0, 'unit': 'M', 'net_profit': 302.16}, {'period': ""Q1 '25"", 'revenue': 3870.0, 'unit': 'M', 'net_profit': 240.68}, {'period': ""Q4 '24"", 'revenue': 3770.0, 'unit': 'M', 'net_profit': 292.16}, {'period': ""Q3 '24"", 'revenue': 3700.0, 'unit': 'M', 'net_profit': 270.26}]",,,,,,,,,,,,,,,,,__nan__,__nan__
385,EMF,Templeton Emerging Markets Fund Common Stock,,,,,,,,,,5.03,-0.07499954,12793.0,,,[],"[{'period': ""Q4 '25"", 'revenue': 8.33, 'unit': 'M', 'net_profit': 41.89}, {'period': ""Q2 '25"", 'revenue': 2.34, 'unit': 'M', 'net_profit': 8.59}, {'period': ""Q4 '24"", 'revenue': 12.61, 'unit': 'M', 'net_profit': 21.53}, {'period': ""Q2 '24"", 'revenue': 7.1, 'unit': 'M', 'net_profit': 6.99}, {'period': ""Q4 '23"", 'revenue': 9.48, 'unit': 'M', 'net_profit': 9.84}, {'period': ""Q2 '23"", 'revenue': -0.03313000000000001, 'unit': 'M', 'net_profit': 6.17}]",,,,,,,,,,,,,,,,,__nan__,__nan__
386,EMN,Eastman Chemical Company Common Stock,,,,,,,,,,17.98,2.515,529567.0,,,[],"[{'period': ""Q4 '25"", 'revenue': 1970.0, 'unit': 'M', 'net_profit': 105.0}, {'period': ""Q3 '25"", 'revenue': 2200.0, 'unit': 'M', 'net_profit': 47.0}, {'period': ""Q2 '25"", 'revenue': 2290.0, 'unit': 'M', 'net_profit': 140.0}, {'period': ""Q1 '25"", 'revenue': 2290.0, 'unit': 'M', 'net_profit': 182.0}, {'period': ""Q4 '24"", 'revenue': 2250.0, 'unit': 'M', 'net_profit': 330.0}, {'period': ""Q3 '24"", 'revenue': 2460.0, 'unit': 'M', 'net_profit': 180.0}]",,,,,,,,,,,,,,,,,__nan__,__nan__
387,EMO,ClearBridge Energy Midstream Opportunity Fund Inc. Common Stock,,,,,,,,,,-23.66,0.22,14813.0,,,[],"[{'period': ""Q4 '25"", 'revenue': 28.81, 'unit': 'M', 'net_profit': 38.21}, {'period': ""Q2 '25"", 'revenue': 25.18, 'unit': 'M', 'net_profit': -73.7}, {'period': ""Q4 '24"", 'revenue': 27.93, 'unit': 'M', 'net_profit': 205.96}, {'period': ""Q2 '24"", 'revenue': 112.07, 'unit': 'M', 'net_profit': 89.31}, {'period': ""Q4 '23"", 'revenue': 100.69, 'unit': 'M', 'net_profit': 104.36}, {'period': ""Q2 '23"", 'revenue': 13.23, 'unit': 'M', 'net_profit': -39.41}]",,,,,,,,,,,,,,,,,__nan__,__nan__
388,EMP,Entergy Mississippi LLC First Mortgage Bonds 4.90% Series Due October 1 2066,,,,,,,,,,1.57,0.13,16507.0,,,[],"[{'period': ""Q4 '25"", 'revenue': 2960.0, 'unit': 'M', 'net_profit': 235.78}, {'period': ""Q3 '25"", 'revenue': 3810.0, 'unit': 'M', 'net_profit': 693.8}, {'period': ""Q2 '25"", 'revenue': 3330.0, 'unit': 'M', 'net_profit': 467.93}, {'period': ""Q1 '25"", 'revenue': 2850.0, 'unit': 'M', 'net_profit': 360.76}, {'period': ""Q4 '24"", 'revenue': 453.42, 'unit': 'M', 'net_profit': 299.62}, {'period': ""Q3 '24"", 'revenue': 3390.0, 'unit': 'M', 'net_profit': 644.94}]",,,,,,,,,,,,,,,,,__nan__,__nan__
389,EMPW,Empower Ltd. Class A Ordinary Shares,,,,,,,,,,15.47,0.0355,0.0,,,[],"[{'period': ""Q4 '25"", 'revenue': 155.44, 'unit': 'M', 'net_profit': 6.3}, {'period': ""Q3 '25"", 'revenue': 138370.0, 'unit': 'K', 'net_profit': -806.0}, {'period': ""Q2 '25"", 'revenue': 166.66, 'unit': 'M', 'net_profit': 10.86}, {'period': ""Q1 '25"", 'revenue': 153.04, 'unit': 'M', 'net_profit': 2.82}, {'period': ""Q4 '24"", 'revenue': 142.98, 'unit': 'M', 'net_profit': -37.78}, {'period': ""Q3 '24"", 'revenue': 134.04, 'unit': 'M', 'net_profit': -6.29}]",,,,,,,,,,,,,,,,,__nan__,__nan__
390,EMR,Emerson Electric Company Common Stock,,,,,,,,,,30.72,-0.07,717398.0,,,[],"[{'period': ""Q1 '26"", 'revenue': 4340.0, 'unit': 'M', 'net_profit': 605.0}, {'period': ""Q4 '25"", 'revenue': 4860.0, 'unit': 'M', 'net_profit': 637.0}, {'period': ""Q3 '25"", 'revenue': 4550.0, 'unit': 'M', 'net_profit': 586.0}, {'period': ""Q2 '25"", 'revenue': 4430.0, 'unit': 'M', 'net_profit': 485.0}, {'period': ""Q1 '25"", 'revenue': 4170.0, 'unit': 'M', 'net_profit': 585.0}, {'period': ""Q4 '24"", 'revenue': 4620.0, 'unit': 'M', 'net_profit': 996.0}]",,,,,,,,,,,,,,,,,__nan__,__nan__
391,ENB,Enbridge Inc Common Stock,,,,,,,,,,23.73,0.71,2174773.33546,,,[],"[{'period': ""Q4 '25"", 'revenue': 17.18, 'unit': 'B', 'net_profit': 2.06}, {'period': ""Q3 '25"", 'revenue': 14640.0, 'unit': 'M', 'net_profit': 788.0}, {'period': ""Q2 '25"", 'revenue': 14.88, 'unit': 'B', 'net_profit': 2.28}, {'period': ""Q1 '25"", 'revenue': 18.5, 'unit': 'B', 'net_profit': 2.36}, {'period': ""Q4 '24"", 'revenue': 16219.999999999998, 'unit': 'M', 'net_profit': 595.0}, {'period': ""Q3 '24"", 'revenue': 14.88, 'unit': 'B', 'net_profit': 1.39}]",,,,,,,,,,,,,,,,,__nan__,__nan__
392,ENBA,Enbridge Inc 6.375% Fixed-to-Floating Rate Subordinated Notes Series 2018-B due 2078,,,,,,,,,,24.075829383886255,0.0,21497.0,,,[],"[{'period': ""Q4 '25"", 'revenue': 17.18, 'unit': 'B', 'net_profit': 4.3}, {'period': ""Q3 '25"", 'revenue': 14.64, 'unit': 'B', 'net_profit': 1.48}, {'period': ""Q2 '25"", 'revenue': 14.88, 'unit': 'B', 'net_profit': 3.65}, {'period': ""Q1 '25"", 'revenue': 18.5, 'unit': 'B', 'net_profit': 2.36}, {'period': ""Q4 '24"", 'revenue': 21.12, 'unit': 'B', 'net_profit': 1.08}, {'period': ""Q3 '24"", 'revenue': 14.88, 'unit': 'B', 'net_profit': 2.07}]",,,,,,,,,,,,,,,,,__nan__,__nan__
393,ENBL,Enable Midstream Partners LP Common Units representing limited partner interests,,,,,,,,,,0.0,0.1,702653.0,,,[],"[{'period': ""Q3 '21"", 'revenue': 956.0, 'unit': 'M', 'net_profit': 116.0}, {'period': ""Q2 '21"", 'revenue': 787.0, 'unit': 'M', 'net_profit': 87.0}, {'period': ""Q1 '21"", 'revenue': 970.0, 'unit': 'M', 'net_profit': 164.0}, {'period': ""Q4 '20"", 'revenue': 704.0, 'unit': 'M', 'net_profit': 96.0}, {'period': ""Q3 '20"", 'revenue': 596.0, 'unit': 'M', 'net_profit': -164.0}, {'period': ""Q2 '20"", 'revenue': 515.0, 'unit': 'M', 'net_profit': 44.0}]",,,,,,,,,,,,,,,,,__nan__,__nan__
394,ENIA,Enel Americas S.A. American Depositary Shares,,,,,,,,,,10.688888888888888,0.0,32429828.0,,,[],"[{'period': ""Q3 '24"", 'revenue': 3280.0, 'unit': 'M', 'net_profit': 175.82}, {'period': ""Q2 '24"", 'revenue': 3.12, 'unit': 'B', 'net_profit': 1.93}, {'period': ""Q1 '24"", 'revenue': 3080.0, 'unit': 'M', 'net_profit': 359.08}, {'period': ""Q4 '23"", 'revenue': 2840.0, 'unit': 'M', 'net_profit': 81.53}, {'period': ""Q3 '23"", 'revenue': 3170.0, 'unit': 'M', 'net_profit': 306.6}, {'period': ""Q2 '23"", 'revenue': 2960.0, 'unit': 'M', 'net_profit': 168.83}]",,,,,,,,,,,,,,,,,__nan__,__nan__
395,ENIC,Enel Chile S.A. American Depositary Shares (Each representing 50 shares of Common Stock),,,,,,,,,,9.88,-0.005,68867.0,,,[],"[{'period': ""Q4 '25"", 'revenue': 998.81, 'unit': 'B', 'net_profit': 167.65}, {'period': ""Q3 '25"", 'revenue': 1150.0, 'unit': 'M', 'net_profit': 106.17}, {'period': ""Q2 '25"", 'revenue': 1180.0, 'unit': 'M', 'net_profit': 71.0}, {'period': ""Q1 '25"", 'revenue': 1100.0, 'unit': 'M', 'net_profit': 175.0}, {'period': ""Q4 '24"", 'revenue': 407.12, 'unit': 'B', 'net_profit': -272.98}, {'period': ""Q3 '24"", 'revenue': 1260.0, 'unit': 'B', 'net_profit': 167.27}]",,,,,,,,,,,,,,,,,__nan__,__nan__
396,ENJ,Entergy New Orleans LLC First Mortgage Bonds 5.0% Series due December 1 2052,,,,,,,,,,3.43,-0.2,3204.0,,,[],"[{'period': ""Q4 '25"", 'revenue': 2960.0, 'unit': 'M', 'net_profit': 685.67}, {'period': ""Q3 '25"", 'revenue': 3810.0, 'unit': 'M', 'net_profit': 693.8}, {'period': ""Q2 '25"", 'revenue': 3330.0, 'unit': 'M', 'net_profit': 18.04}, {'period': ""Q1 '25"", 'revenue': 2850.0, 'unit': 'M', 'net_profit': 360.76}, {'period': ""Q4 '24"", 'revenue': 209.13, 'unit': 'M', 'net_profit': 438.5}, {'period': ""Q3 '24"", 'revenue': 3390.0, 'unit': 'M', 'net_profit': 644.94}]",,,,,,,,,,,,,,,,,__nan__,__nan__
397,ENLC,EnLink Midstream LLC Common Units representing Limited Partner Interests,,,,,,,,,,64.18181818181819,-0.03,94984962.0,,,[],"[{'period': ""Q3 '24"", 'revenue': 1610.0, 'unit': 'M', 'net_profit': 14.0}, {'period': ""Q2 '24"", 'revenue': 1550.0, 'unit': 'M', 'net_profit': 38.1}, {'period': ""Q1 '24"", 'revenue': 1680.0, 'unit': 'M', 'net_profit': 14.5}, {'period': ""Q4 '23"", 'revenue': 1840.0, 'unit': 'M', 'net_profit': 64.2}, {'period': ""Q3 '23"", 'revenue': 1750.0, 'unit': 'M', 'net_profit': 29.5}, {'period': ""Q2 '23"", 'revenue': 1530.0, 'unit': 'M', 'net_profit': 54.3}]",,,,,,,,,,,,,,,,,__nan__,__nan__
398,ENO,Entergy New Orleans LLC First Mortgage Bonds 5.50% Series due April 1 2066,,,,,,,,,,,-0.04499908,913.0,,,[],"[{'period': ""Q4 '25"", 'revenue': 2960.0, 'unit': 'M', 'net_profit': 685.67}, {'period': ""Q3 '25"", 'revenue': 3810.0, 'unit': 'M', 'net_profit': 693.8}, {'period': ""Q2 '25"", 'revenue': 3330.0, 'unit': 'M', 'net_profit': 18.04}, {'period': ""Q1 '25"", 'revenue': 2850.0, 'unit': 'M', 'net_profit': 360.76}, {'period': ""Q4 '24"", 'revenue': 209.13, 'unit': 'M', 'net_profit': 438.5}, {'period': ""Q3 '24"", 'revenue': 3390.0, 'unit': 'M', 'net_profit': 644.94}]",,,,,,,,,,,,,,,,,__nan__,__nan__
399,ENPC,Executive Network Partnering Corporation Class A Common Stock,,,,,,,,,,132.14285714285714,-0.14,109786.0,,,[],"[{'period': ""Q3 '22"", 'revenue': 0.0, 'unit': 'K', 'net_profit': 887.11}, {'period': ""Q2 '22"", 'revenue': 0.0, 'unit': 'M', 'net_profit': -14.0}, {'period': ""Q1 '22"", 'revenue': 0.0, 'unit': 'M', 'net_profit': 3.32}, {'period': ""Q4 '21"", 'revenue': 0.0, 'unit': 'M', 'net_profit': 1.62}, {'period': ""Q3 '21"", 'revenue': 0.0, 'unit': 'M', 'net_profit': 1.07}, {'period': ""Q2 '21"", 'revenue': 0.0, 'unit': 'M', 'net_profit': -1.42}]",,,,,,,,,,,,,,,,,__nan__,__nan__
400,ENR,Energizer Holdings Inc. Common Stock,,,,,,,,,,5.71,-0.04499985,179575.0,,,[],"[{'period': ""Q1 '26"", 'revenue': 778.9, 'unit': 'M', 'net_profit': -3.4}, {'period': ""Q4 '25"", 'revenue': 832.8, 'unit': 'M', 'net_profit': 34.9}, {'period': ""Q3 '25"", 'revenue': 725.3, 'unit': 'M', 'net_profit': 153.5}, {'period': ""Q2 '25"", 'revenue': 662.9, 'unit': 'M', 'net_profit': 28.3}, {'period': ""Q1 '25"", 'revenue': 731.7, 'unit': 'M', 'net_profit': 22.3}, {'period': ""Q4 '24"", 'revenue': 805.7, 'unit': 'M', 'net_profit': 47.6}]",,,,,,,,,,,,,,,,,__nan__,__nan__
401,ENS,EnerSys Common Stock,,,,,,,,,,20.88,-3.26,62171.0,,,[],"[{'period': ""Q3 '26"", 'revenue': 919.13, 'unit': 'M', 'net_profit': 90.37}, {'period': ""Q2 '26"", 'revenue': 951.29, 'unit': 'M', 'net_profit': 68.43}, {'period': ""Q1 '26"", 'revenue': 893.02, 'unit': 'M', 'net_profit': 57.46}, {'period': ""Q4 '25"", 'revenue': 974.84, 'unit': 'M', 'net_profit': 96.55}, {'period': ""Q3 '25"", 'revenue': 906.15, 'unit': 'M', 'net_profit': 114.81}, {'period': ""Q2 '25"", 'revenue': 883.67, 'unit': 'M', 'net_profit': 82.27}]",,,,,,,,,,,,,,,,,__nan__,__nan__
402,ENV,Envestnet Inc Common Stock,"Envestnet, Inc., together with its subsidiaries, provides wealth management software and services in the United States and internationally. It operates through Envestnet Wealth Solutions and Envestnet Data & Analytics segments. The company's product and services include Envestnet | Enterprise, which provides an end-to-end open architecture wealth management platform, as well as offers data aggregation and reporting, data analytics, and digital advice capabilities; Envestnet | Tamarac that provides trading, rebalancing, portfolio accounting, performance reporting, and client relationship management software; and Envestnet | MoneyGuide that provides goals-based financial planning solutions to the financial services industry. It also provides Envestnet | Retirement Solutions, which offer a suite of services for advisor-sold retirement plans; and Envestnet | Portfolio Management Consultants that provide research and consulting services to assist advisors in creating investment solutions for their clients, and portfolio overlay and tax optimization services, as well as data aggregation and data intelligence platform, which offers cloud-based innovation for digital financial services. Envestnet, Inc. was founded in 1999 and is headquartered in Chicago, Illinois.",James Lawrence Fox,Software - Application,63.14,USD,3494540126,https://images.financialmodelingprep.com/symbol/ENV.png,0,2010-07-29,-13.209205020920502,,0.0,-78810000,-238724000,"[{'period': '2023', 'revenue': 1250.0, 'unit': 'M', 'net_profit': -238.72}, {'period': '2022', 'revenue': 1240.0, 'unit': 'M', 'net_profit': -85.48}, {'period': '2021', 'revenue': 1190.0, 'unit': 'M', 'net_profit': 13.3}, {'period': '2020', 'revenue': 998.23, 'unit': 'M', 'net_profit': -2.64}]","[{'period': ""Q3 '24"", 'revenue': 345.95, 'unit': 'M', 'net_profit': -1.66}, {'period': ""Q2 '24"", 'revenue': 348.27, 'unit': 'M', 'net_profit': -79.2}, {'period': ""Q1 '24"", 'revenue': 324.95, 'unit': 'M', 'net_profit': 2.51}, {'period': ""Q4 '23"", 'revenue': 317.63, 'unit': 'M', 'net_profit': -183.17}, {'period': ""Q3 '23"", 'revenue': 316.85, 'unit': 'M', 'net_profit': 7.09}, {'period': ""Q2 '23"", 'revenue': 312.43, 'unit': 'M', 'net_profit': -21.42}]",-4.38,-4.38,1877252000,263808000,91378000,1302746000,130583000,56300000,292534000,91378000,24566000,-2.1156568516421292,-1.7927468413664014,-1.8258064516129031,"[3.12, 3.12]","['2011-09-16', '2011-09-16']",__nan__,0.6939643691949722
403,ENVA,Enova International Inc. Common Stock,"Enova International, Inc., a technology and analytics company, provides online financial services in the United States, Brazil, Australia, and Canada. The company offers installment loans; line of credit accounts; receivables purchase agreements; CSO programs, including arranging loans with independent third-party lenders and assisting in the preparation of loan applications and loan documents; and bank programs, such as marketing services and loan servicing for near-prime unsecured consumer installment loan. It markets its financing products under the CashNetUSA, NetCredit, OnDeck, Headway Capital, The Business Backer, Simplic, and Pangea names. Enova International, Inc. was incorporated in 2011 and is headquartered in Chicago, Illinois.",Steven E. Cunningham,Financial - Credit Services,131.68,USD,3293358806,https://images.financialmodelingprep.com/symbol/ENVA.png,306486,2014-11-13,11.43,1.97,59133.0,529821000,308389000,"[{'period': '2025', 'revenue': 3150.0, 'unit': 'M', 'net_profit': 308.39}, {'period': '2024', 'revenue': 2660.0, 'unit': 'M', 'net_profit': 209.45}, {'period': '2023', 'revenue': 2120.0, 'unit': 'M', 'net_profit': 175.12}, {'period': '2022', 'revenue': 1740.0, 'unit': 'M', 'net_profit': 207.42}]","[{'period': ""Q4 '25"", 'revenue': 839.39, 'unit': 'M', 'net_profit': 78.98}, {'period': ""Q3 '25"", 'revenue': 802.68, 'unit': 'M', 'net_profit': 80.31}, {'period': ""Q2 '25"", 'revenue': 764.04, 'unit': 'M', 'net_profit': 76.15}, {'period': ""Q1 '25"", 'revenue': 745.54, 'unit': 'M', 'net_profit': 72.94}, {'period': ""Q4 '24"", 'revenue': 729.55, 'unit': 'M', 'net_profit': 63.7}, {'period': ""Q3 '24"", 'revenue': 689.92, 'unit': 'M', 'net_profit': 43.41}]",12.26,11.58,6468432000,71709000,71709000,5131708000,5512445000,0,305849000,71709000,1771981000,0.5838103807510994,0.4723893281387266,0.5758354755784061,__nan__,__nan__,__nan__,0.7933465173630951
404,ENZ,Enzo Biochem Inc. Common Stock ($0.01 Par Value),"Enzo Biochem, Inc., an integrated diagnostics, clinical lab, and life sciences company, researches, develops, manufactures, and markets diagnostic and research products based on genetic engineering, biotechnology, and molecular biology. It operates through three segments: Life Sciences Products, Clinical Laboratory Services, and Therapeutics. The Life Sciences Products segment develops, manufactures, and markets products and tools to clinical research, drug development, and bioscience research customers. It offers proteins, antibodies, peptides, small molecules, labeling probes, dyes, and kits, which provide life science researchers tools for target identification/validation, content analysis, gene expression analysis, nucleic acid detection, protein biochemistry and detection, and cellular analysis. This segment also provides its products to scientific experts in the fields of cancer, cardiovascular disease, neurological disorders, diabetes and obesity, endocrine disorders, infectious and autoimmune disease, hepatotoxicity, and renal injury. The Clinical Laboratory Services segment provides molecular and other clinical laboratory tests or procedures used in general patient care by physicians to establish or support a diagnosis, monitor treatment or medication, and search for an otherwise undiagnosed condition. It operates a full-service clinical laboratory in Farmingdale, New York; a network of 30 patient service centers in New York and New Jersey; and a free-standing 'STAT' or rapid response laboratories in New York City and Connecticut, as well as a full-service phlebotomy center and an in-house logistics department. The Therapeutics segment develops novel approaches in the areas of gastrointestinal, infectious, ophthalmic, and metabolic diseases. It markets its products and services through its direct sales force and a network of distributors in the United States and internationally. The company was founded in 1976 and is headquartered in New York, New York.",Kara Cannon,Medical - Diagnostics & Research,0.3138,USD,16443999,https://images.financialmodelingprep.com/symbol/ENZ.png,348829,1980-06-12,-2.2414285714285715,-0.0678,4120683.0,-8348000,-26078000,"[{'period': '2024', 'revenue': 31.91, 'unit': 'M', 'net_profit': -26.08}, {'period': '2023', 'revenue': 31.06, 'unit': 'M', 'net_profit': 20.29}, {'period': '2022', 'revenue': 107.07, 'unit': 'M', 'net_profit': -22.58}, {'period': '2021', 'revenue': 117.73, 'unit': 'M', 'net_profit': 3.42}]","[{'period': ""Q3 '25"", 'revenue': 6.4, 'unit': 'M', 'net_profit': -2.79}, {'period': ""Q2 '25"", 'revenue': 7.33, 'unit': 'M', 'net_profit': -1.53}, {'period': ""Q1 '25"", 'revenue': 6.21, 'unit': 'M', 'net_profit': -3.38}, {'period': ""Q4 '24"", 'revenue': 7.53, 'unit': 'M', 'net_profit': -13.38}, {'period': ""Q3 '24"", 'revenue': 8.02, 'unit': 'M', 'net_profit': -3.02}, {'period': ""Q2 '24"", 'revenue': 8.55, 'unit': 'M', 'net_profit': -3.06}]",-0.51,-0.51,85764000,70031000,52371000,29652000,3988000,0,24794000,52371000,-26804000,0.6263205013428828,-2.285390378548896,0.5984251968503937,"[0.1, 0.063]","['2024-11-15', '1995-06-29']",__nan__,0.34573947110675807
405,EOD,Wells Fargo Global Dividend Opportunity Fund,"Wells Fargo Advantage Funds - Allspring Global Dividend Opportunity Fund is a closed-ended equity mutual fund launched and managed by Wells Fargo Funds Management, LLC. It is co-managed by Crow Point Partners, LLC and Wells Capital Management Incorporated. The fund invests in the public equity markets across the globe. It invests in stocks of companies operating across diversified sectors with an emphasis on utilities, telecom, and energy sectors. The fund primarily invests in dividend paying stocks of companies. Wells Fargo Advantage Funds - Allspring Global Dividend Opportunity Fund was formed on March 28, 2007 and is domiciled in the United States.",Timothy Paul O'Brien,Asset Management - Global,5.55,USD,239015823,https://images.financialmodelingprep.com/symbol/EOD.png,134383,2007-03-28,3.94,-0.0199,48177.0,60439602,60580921,"[{'period': '2025', 'revenue': 35.91, 'unit': 'M', 'net_profit': 60.58}, {'period': '2024', 'revenue': 63.41, 'unit': 'M', 'net_profit': 62.3}, {'period': '2023', 'revenue': 9.73, 'unit': 'M', 'net_profit': 17.34}, {'period': '2022', 'revenue': 13.29, 'unit': 'M', 'net_profit': -40.34}]","[{'period': ""Q4 '25"", 'revenue': 19.73, 'unit': 'M', 'net_profit': 48.6}, {'period': ""Q2 '25"", 'revenue': 16.18, 'unit': 'M', 'net_profit': 11.98}, {'period': ""Q4 '24"", 'revenue': 20.82, 'unit': 'M', 'net_profit': 18.09}, {'period': ""Q2 '24"", 'revenue': 10.98, 'unit': 'M', 'net_profit': 44.21}, {'period': ""Q4 '23"", 'revenue': 8460.0, 'unit': 'K', 'net_profit': -316.58}, {'period': ""Q2 '23"", 'revenue': 1.27, 'unit': 'M', 'net_profit': 17.65}]",1.41,1.41,330676435,2447383,33546,53499109,2413837,322763799,3575127,33546,10708910,0.0,-0.02759568614745881,-0.027586206896551748,"[0.13644, 0.43]","['2026-03-12', '2007-06-13']",__nan__,0.16178688088251586
406,EOG,EOG Resources Inc. Common Stock,"EOG Resources, Inc., together with its subsidiaries, explores for, develops, produces, and markets crude oil, and natural gas and natural gas liquids. Its principal producing areas are in New Mexico and Texas in the United States; and the Republic of Trinidad and Tobago. As of December 31, 2021, it had total estimated net proved reserves of 3,747 million barrels of oil equivalent, including 1,548 million barrels (MMBbl) of crude oil and condensate reserves; 829 MMBbl of natural gas liquid reserves; and 8,222 billion cubic feet of natural gas reserves. The company was formerly known as Enron Oil & Gas Company. EOG Resources, Inc. was incorporated in 1985 and is headquartered in Houston, Texas.",Ezra Y. Yacob,Oil & Gas Exploration & Production,151.2,USD,82040886547,https://images.financialmodelingprep.com/symbol/EOG.png,5509173,1989-10-04,16.58,1.65,1360449.0,11300869000,4980000000,"[{'period': '2025', 'revenue': 22.57, 'unit': 'B', 'net_profit': 4.98}, {'period': '2024', 'revenue': 23.38, 'unit': 'B', 'net_profit': 6.4}, {'period': '2023', 'revenue': 23.18, 'unit': 'B', 'net_profit': 7.59}, {'period': '2022', 'revenue': 29.49, 'unit': 'B', 'net_profit': 7.76}]","[{'period': ""Q4 '25"", 'revenue': 5640.0, 'unit': 'M', 'net_profit': 701.0}, {'period': ""Q3 '25"", 'revenue': 5.73, 'unit': 'B', 'net_profit': 1.47}, {'period': ""Q2 '25"", 'revenue': 5.36, 'unit': 'B', 'net_profit': 1.34}, {'period': ""Q1 '25"", 'revenue': 5.84, 'unit': 'B', 'net_profit': 1.46}, {'period': ""Q4 '24"", 'revenue': 5.65, 'unit': 'B', 'net_profit': 1.25}, {'period': ""Q3 '24"", 'revenue': 5.87, 'unit': 'B', 'net_profit': 1.67}]",9.16,9.11,51799000000,7091000000,3396000000,21966000000,2681000000,0,3702000000,3396000000,3929000000,-0.09331923940949936,-0.2222395751991254,-0.19009725906277633,"[1.02, 0.05]","['2026-04-16', '1990-01-10']",__nan__,0.42406224058379505
407,EOI,Eaton Vance Enhance Equity Income Fund Eaton Vance Enhanced Equity Income Fund Shares of Beneficial Interest,"Eaton Vance Enhanced Equity Income Fund is a closed ended equity mutual fund launched and managed by Eaton Vance Management. The fund invests in the public equity markets of the United States. It seeks to invest in stocks of companies operating across diversified sectors. The fund invests in the stocks of large-cap and mid-cap companies with a focus on investing in companies with above average growth and financial condition against valuation in selecting individual securities. It benchmarks the performance of its portfolio against S&P 500 Index. Eaton Vance Enhanced Equity Income Fund was formed on October 29, 2004 and is domiciled in the United States.",Michael A. Allison CFA,Asset Management - Income,18.18,USD,742629366,https://images.financialmodelingprep.com/symbol/EOI.png,77184,2004-10-27,7.54,0.08499949,29270.82371,97636267,97636267,"[{'period': '2025', 'revenue': 98.44, 'unit': 'M', 'net_profit': 97.64}, {'period': '2024', 'revenue': 238.78, 'unit': 'M', 'net_profit': 238.04}, {'period': '2023', 'revenue': 54.8, 'unit': 'M', 'net_profit': 111.63}, {'period': '2022', 'revenue': 61.33, 'unit': 'M', 'net_profit': -101.49}]","[{'period': ""Q4 '25"", 'revenue': 9.37, 'unit': 'M', 'net_profit': 123.98}, {'period': ""Q2 '25"", 'revenue': 66.61, 'unit': 'M', 'net_profit': -26.35}, {'period': ""Q4 '24"", 'revenue': 26.75, 'unit': 'M', 'net_profit': 87.69}, {'period': ""Q2 '24"", 'revenue': 38.91, 'unit': 'M', 'net_profit': 150.35}, {'period': ""Q4 '23"", 'revenue': 33.22, 'unit': 'M', 'net_profit': 36.09}, {'period': ""Q2 '23"", 'revenue': 21.57, 'unit': 'M', 'net_profit': 75.54}]",2.41,2.41,876322302,24691,0,13019487,24691,0,7548356,0,0,-0.590243716819263,-0.589834396195356,-0.5915254237288136,"[0.1338, 0.137]","['2026-03-16', '2004-12-22']",__nan__,0.01485696183959495
408,EOS,Eaton Vance Enhance Equity Income Fund II Common Stock,"Eaton Vance Enhanced Equity Income Fund II is a closed-ended equity mutual fund launched and managed by Eaton Vance Management. The fund invests in public equity markets of the United States. It seeks to invest in the stocks of companies operating across diversified sectors. The fund primarily invests in growth stocks of mid-cap and large-cap companies. It generates current earnings from option premiums by selling covered call options on a substantial portion of its portfolio. The fund benchmarks the performance of its portfolio against the Russell 1000 Growth Index, the CBOE S&P 500 BuyWrite Index, and the CBOE NASDAQ-100 BuyWrite Index. Eaton Vance Enhanced Equity Income Fund II was formed on January 31, 2005 and is domiciled in the United States.",Lewis R. Piantedosi,Asset Management - Income,19.5,USD,1032778500,https://images.financialmodelingprep.com/symbol/EOS.png,136088,2005-01-27,6.54,-0.01,64972.0,158130927,158130927,"[{'period': '2025', 'revenue': 120.44, 'unit': 'M', 'net_profit': 158.13}, {'period': '2024', 'revenue': 278.45, 'unit': 'M', 'net_profit': 277.44}, {'period': '2023', 'revenue': 70.57, 'unit': 'M', 'net_profit': 279.55}, {'period': '2022', 'revenue': -326.77, 'unit': 'M', 'net_profit': -327.64}]","[{'period': ""Q4 '25"", 'revenue': 20.33, 'unit': 'M', 'net_profit': 94.81}, {'period': ""Q2 '25"", 'revenue': 3.23, 'unit': 'M', 'net_profit': 63.32}, {'period': ""Q4 '24"", 'revenue': 36.99, 'unit': 'M', 'net_profit': 83.1}, {'period': ""Q2 '24"", 'revenue': 26.89, 'unit': 'M', 'net_profit': 194.34}, {'period': ""Q4 '23"", 'revenue': 10.19, 'unit': 'M', 'net_profit': 94.02}, {'period': ""Q2 '23"", 'revenue': 60.38, 'unit': 'M', 'net_profit': 185.52}]",2.98,2.98,1310807630,2462278,2187720,7194768,27580,1308345352,1268010,27390,0,-0.4300369563341628,-0.4300369563341628,-0.43773584905660373,"[0.1523, 0.144]","['2026-03-16', '2005-03-17']",__nan__,0.005488805401598097
409,EOT,Eaton Vance Municipal Income Trust EATON VANCE NATIONAL MUNICIPAL OPPORTUNITIES TRUST,"Eaton Vance National Municipal Opportunities Trust is a close-ended fixed income mutual fund launched and managed by Eaton Vance Management. The fund invests in fixed income markets of the United States. It primarily invests its assets in municipal obligations. The fund conducts in-house research to make its investments. Eaton Vance National Municipal Opportunities Trust was formed on May 29, 2009 and is domiciled in the United States.",Payson F. Swaffield,Asset Management,17.02,USD,265936155,https://images.financialmodelingprep.com/symbol/EOT.png,32505,2009-05-27,-130.92,0.11,61602.11247,4873569,4873569,"[{'period': '2024', 'revenue': 6.7, 'unit': 'M', 'net_profit': 4.87}, {'period': '2023', 'revenue': 14.87, 'unit': 'M', 'net_profit': 14.56}, {'period': '2022', 'revenue': -15.4, 'unit': 'M', 'net_profit': -15.71}, {'period': '2021', 'revenue': -14.21, 'unit': 'M', 'net_profit': -14.51}]","[{'period': ""Q2 '25"", 'revenue': 5.37, 'unit': 'M', 'net_profit': 5.84}, {'period': ""Q4 '24"", 'revenue': 6.86, 'unit': 'M', 'net_profit': -7.77}, {'period': ""Q2 '24"", 'revenue': 7.83, 'unit': 'M', 'net_profit': 12.65}, {'period': ""Q4 '23"", 'revenue': 6.2, 'unit': 'M', 'net_profit': 15.62}, {'period': ""Q2 '23"", 'revenue': 4.01, 'unit': 'M', 'net_profit': 15.62}, {'period': ""Q4 '22"", 'revenue': 1.08, 'unit': 'M', 'net_profit': 15.62}]",0.31,0.31,324297827,4496415,27944,42909035,4468471,0,2887407,27944,10771370,-0.6652898887797433,-0.6652898887797433,-0.6666666666666667,"[0.0683, 0.10333]","['2026-03-16', '2009-07-22']",__nan__,0.13231366795436467
410,EPAC,Enerpac Tool Group Corp. Common Stock,"Enerpac Tool Group Corp. manufactures and sells a range of industrial products and solutions in the United States, the United Kingdom, Germany, Australia, Canada, China, Saudi Arabia, Brazil, and internationally. It operates in two segments, Industrial Tools & Services (IT&S) and Other. The IT&S segment designs, manufactures, and distributes branded hydraulic and mechanical tools; and provides services and tool rentals to the infrastructure, industrial maintenance, repair and operations, oil and gas, mining, renewable energy, and construction markets. It also offers branded tools and engineered heavy lifting technology solutions, and hydraulic torque wrenches; maintenance and manpower services; high-force hydraulic and mechanical tools, including cylinders, pumps, valves, and specialty tools; and bolt tensioners and other miscellaneous products. This segment markets its branded tools and services primarily under the Enerpac, Hydratight, Larzep, and Simplex brands. The Other segment designs and manufactures synthetic ropes and biomedical textiles. The company was formerly known as Actuant Corporation and changed its name to Enerpac Tool Group Corp. in January 2020. Enerpac Tool Group Corp. was incorporated in 1910 and is headquartered in Menomonee Falls, Wisconsin.",Paul E. Sternlieb,Industrial - Machinery,35.38,USD,1874487027,https://images.financialmodelingprep.com/symbol/EPAC.png,376708,2000-07-24,22.25,1.04,93716.0,146314000,92749000,"[{'period': '2025', 'revenue': 616.9, 'unit': 'M', 'net_profit': 92.75}, {'period': '2024', 'revenue': 589.51, 'unit': 'M', 'net_profit': 85.75}, {'period': '2023', 'revenue': 598.2, 'unit': 'M', 'net_profit': 46.56}, {'period': '2022', 'revenue': 571.22, 'unit': 'M', 'net_profit': 15.69}]","[{'period': ""Q2 '26"", 'revenue': 154.81, 'unit': 'M', 'net_profit': 16.31}, {'period': ""Q1 '26"", 'revenue': 144.21, 'unit': 'M', 'net_profit': 19.13}, {'period': ""Q4 '25"", 'revenue': 167.51, 'unit': 'M', 'net_profit': 28.08}, {'period': ""Q3 '25"", 'revenue': 158.66, 'unit': 'M', 'net_profit': 22.04}, {'period': ""Q2 '25"", 'revenue': 145.53, 'unit': 'M', 'net_profit': 20.9}, {'period': ""Q1 '25"", 'revenue': 145.2, 'unit': 'M', 'net_profit': 21.72}]",1.72,1.7,827867000,376118000,151558000,394173000,106085000,0,137102000,151558000,91944000,0.10577548028235009,0.08163360505661874,0.08860759493670879,"[0.04, 0.025]","['2025-10-07', '1987-08-13']",__nan__,0.47613082777789184
411,EPAM,EPAM Systems Inc. Common Stock,"EPAM Systems, Inc. provides digital platform engineering and software development services worldwide. The company offers engineering services, including requirements analysis and platform selection, customization, cross-platform migration, implementation, and integration; infrastructure management services, such as software development, testing, and maintenance with private, public, and mobile infrastructures for application, database, network, server, storage, and systems operations management, as well as monitoring, incident notification, and resolution services; and maintenance and support services. It also provides operation solutions comprising integrated engineering practices and smart automation; and optimization solutions that include software application testing, test management, automation, and consulting services to enable customers enhance their existing software testing and quality assurance practices, as well as other testing services that identify threats and close loopholes to protect its customers' business systems from information loss. In addition, the company offers business, experience, technology, data, and technical advisory consulting services; and digital and service design solutions, which comprise strategy, design, creative, and program management services, as well as physical product development, such as artificial intelligence, robotics, and virtual reality. It serves the financial services, travel and consumer, software and hi-tech, business information and media, life sciences and healthcare, and other industries. The company was founded in 1993 and is headquartered in Newtown, Pennsylvania.",Balazs Fejes,Information Technology Services,136.325,USD,7530950444,https://images.financialmodelingprep.com/symbol/EPAM.png,1191728,2012-02-08,20.29,1.135,241573.0,630435000,377678000,"[{'period': '2025', 'revenue': 5460.0, 'unit': 'M', 'net_profit': 377.68}, {'period': '2024', 'revenue': 4730.0, 'unit': 'M', 'net_profit': 454.53}, {'period': '2023', 'revenue': 4690.0, 'unit': 'M', 'net_profit': 417.08}, {'period': '2022', 'revenue': 4820.0, 'unit': 'M', 'net_profit': 419.42}]","[{'period': ""Q4 '25"", 'revenue': 1410.0, 'unit': 'M', 'net_profit': 109.35}, {'period': ""Q3 '25"", 'revenue': 1390.0, 'unit': 'M', 'net_profit': 106.82}, {'period': ""Q2 '25"", 'revenue': 1350.0, 'unit': 'M', 'net_profit': 88.03}, {'period': ""Q1 '25"", 'revenue': 1300.0, 'unit': 'M', 'net_profit': 73.48}, {'period': ""Q4 '24"", 'revenue': 1250.0, 'unit': 'M', 'net_profit': 103.3}, {'period': ""Q3 '24"", 'revenue': 1170.0, 'unit': 'M', 'net_profit': 136.35}]",6.76,6.72,4902136000,2533888000,1296077000,1224328000,1108201000,0,976942000,1296077000,612691000,-0.06141690785007325,-0.16908563294634274,-0.14754098360655737,__nan__,__nan__,__nan__,0.24975398479356753
412,EPC,Edgewell Personal Care Company Common Stock,"Edgewell Personal Care Company, together with its subsidiaries, manufactures and markets personal care products worldwide. It operates through three segments: Wet shave, Sun and Skin care, and Feminine care. The Wet Shave segment provides razor systems, such as razor handles and refillable blades, and disposable shave products for men and women under the Schick, Wilkinson Sword, Edge, Skintimate, Shave Guard, and Personna brands. The Sun and Skin Care segment provides general protection, sport, kids, baby, tanning and after sun products under the Banana Boat and Hawaiian Tropic brands, as well as antibacterial hand wipes, alcohol sanitizing wipes, and hand sanitizer gels under the Wet Ones brand; and skin care products for men under the Bulldog and Jack Black brands, and skin care and grooming products under the Cremo brand. The Feminine Care segment provides tampons under the Playtex Gentle Glide 360°, Playtex Sport, Playtex and o.b. brands; and markets pads and liners under the Stayfree and Carefree brands. The company was formerly known as Energizer Holdings, Inc. and changed its name to Edgewell Personal Care Company in June 2015. Edgewell Personal Care Company was founded in 1772 and is headquartered in Shelton, Connecticut.",Rod R. Little,Household & Personal Products,21.3,USD,995063580,https://images.financialmodelingprep.com/symbol/EPC.png,869769,2000-03-27,193.64,0.28,198224.0,185600000,25400000,"[{'period': '2025', 'revenue': 2220.0, 'unit': 'M', 'net_profit': 25.4}, {'period': '2024', 'revenue': 2250.0, 'unit': 'M', 'net_profit': 98.6}, {'period': '2023', 'revenue': 2250.0, 'unit': 'M', 'net_profit': 114.7}, {'period': '2022', 'revenue': 2170.0, 'unit': 'M', 'net_profit': 99.5}]","[{'period': ""Q1 '26"", 'revenue': 422.8, 'unit': 'M', 'net_profit': -65.7}, {'period': ""Q4 '25"", 'revenue': 537.2, 'unit': 'M', 'net_profit': -30.6}, {'period': ""Q3 '25"", 'revenue': 627.2, 'unit': 'M', 'net_profit': 29.1}, {'period': ""Q2 '25"", 'revenue': 580.7, 'unit': 'M', 'net_profit': 29.0}, {'period': ""Q1 '25"", 'revenue': 478.4, 'unit': 'M', 'net_profit': -2.1}, {'period': ""Q4 '24"", 'revenue': 517.6, 'unit': 'M', 'net_profit': 8.8}]",0.53,0.53,3756300000,995500000,225700000,2203200000,194800000,0,565500000,225700000,41400000,-0.3496846531184303,-0.742393509127789,-0.7323232323232323,"[0.15, 0.4]","['2026-03-06', '2012-08-20']",__nan__,0.5865346218353167
413,EPD,Enterprise Products Partners L.P. Common Stock,"Enterprise Products Partners L.P. provides midstream energy services to producers and consumers of natural gas, natural gas liquids (NGLs), crude oil, petrochemicals, and refined products. The company operates through four segments: NGL Pipelines & Services, Crude Oil Pipelines & Services, Natural Gas Pipelines & Services, and Petrochemical & Refined Products Services. The NGL Pipelines & Services segment offers natural gas processing and related NGL marketing services. It operates 19 natural gas processing facilities located in Colorado, Louisiana, Mississippi, New Mexico, Texas, and Wyoming; NGL pipelines; NGL fractionation facilities; NGL and related product storage facilities; and NGL marine terminals. The Crude Oil Pipelines & Services segment operates crude oil pipelines; and crude oil storage and marine terminals, which include a fleet of 255 tractor-trailer tank trucks that are used to transport crude oil. It also engages in crude oil marketing activities. The Natural Gas Pipelines & Services segment operates natural gas pipeline systems to gather, treat, and transport natural gas. It leases underground salt dome natural gas storage facilities in Napoleonville, Louisiana; owns an underground salt dome storage cavern in Wharton County, Texas; and markets natural gas. The Petrochemical & Refined Products Services segment operates propylene fractionation and related marketing activities; butane isomerization complex and related deisobutanizer operations; and octane enhancement and high purity isobutylene production facilities. It also operates refined products pipelines and terminals; and ethylene export terminals, as well as provides refined products marketing and marine transportation services. The company was founded in 1968 and is headquartered in Houston, Texas.",A. James Teague,Oil & Gas Midstream,39.585,USD,85573294657,https://images.financialmodelingprep.com/symbol/EPD.png,4470588,1998-07-28,14.88,0.305,1451989.0,9923000000,5814000000,"[{'period': '2025', 'revenue': 52.6, 'unit': 'B', 'net_profit': 5.81}, {'period': '2024', 'revenue': 56.22, 'unit': 'B', 'net_profit': 5.9}, {'period': '2023', 'revenue': 49.72, 'unit': 'B', 'net_profit': 5.53}, {'period': '2022', 'revenue': 58.19, 'unit': 'B', 'net_profit': 5.49}]","[{'period': ""Q4 '25"", 'revenue': 13.79, 'unit': 'B', 'net_profit': 1.64}, {'period': ""Q3 '25"", 'revenue': 12.02, 'unit': 'B', 'net_profit': 1.33}, {'period': ""Q2 '25"", 'revenue': 11.36, 'unit': 'B', 'net_profit': 1.44}, {'period': ""Q1 '25"", 'revenue': 15.42, 'unit': 'B', 'net_profit': 1.39}, {'period': ""Q4 '24"", 'revenue': 14.2, 'unit': 'B', 'net_profit': 1.62}, {'period': ""Q3 '24"", 'revenue': 13.78, 'unit': 'B', 'net_profit': 1.42}]",2.66,2.66,77902000000,13360000000,1679000000,47408000000,6501000000,2211000000,12832000000,1245000000,0,0.03504746010222176,-0.014743263853584139,-0.011152416356877252,"[0.55, 0.45]","['2026-01-30', '1998-10-28']",__nan__,0.6085594721573259
414,EPR,EPR Properties Common Stock,"EPR Properties is a leading experiential net lease real estate investment trust (REIT), specializing in select enduring experiential properties in the real estate industry. We focus on real estate venues which create value by facilitating out of home leisure and recreation experiences where consumers choose to spend their discretionary time and money. We have nearly $6.7 billion in total investments across 44 states. We adhere to rigorous underwriting and investing criteria centered on key industry, property and tenant level cash flow standards. We believe our focused approach provides a competitive advantage and the potential for stable and attractive returns.",Gregory K. Silvers,REIT - Specialty,49.94,USD,3821408800,https://images.financialmodelingprep.com/symbol/EPR.png,841757,1997-11-18,15.23,1.23,140269.0,579671000,274936000,"[{'period': '2025', 'revenue': 718.36, 'unit': 'M', 'net_profit': 274.94}, {'period': '2024', 'revenue': 641.0, 'unit': 'M', 'net_profit': 146.07}, {'period': '2023', 'revenue': 659.72, 'unit': 'M', 'net_profit': 173.05}, {'period': '2022', 'revenue': 610.65, 'unit': 'M', 'net_profit': 176.23}]","[{'period': ""Q4 '25"", 'revenue': 182.95, 'unit': 'M', 'net_profit': 66.9}, {'period': ""Q3 '25"", 'revenue': 170.17, 'unit': 'M', 'net_profit': 66.59}, {'period': ""Q2 '25"", 'revenue': 165.85, 'unit': 'M', 'net_profit': 75.64}, {'period': ""Q1 '25"", 'revenue': 163.4, 'unit': 'M', 'net_profit': 65.8}, {'period': ""Q4 '24"", 'revenue': 164.04, 'unit': 'M', 'net_profit': -8.39}, {'period': ""Q3 '24"", 'revenue': 163.09, 'unit': 'M', 'net_profit': 46.65}]",3.3,3.28,5699762000,976322000,98648000,3370591000,877674000,4581948000,636328000,98648000,420953000,0.3243901491698443,0.8822723974093902,1.0496894409937887,"[0.31, 0.18]","['2026-03-31', '1997-12-24']",__nan__,0.5913564461112587
415,EPRT,Essential Properties Realty Trust Inc. Common Stock,"Essential Properties Realty Trust, Inc., a real estate company, acquires, owns, and manages single-tenant properties in the United States. The company leases its properties to middle-market companies, such as restaurants, car washes, automotive services, medical and dental services, convenience stores, equipment rental, entertainment, early childhood education, grocery, and health and fitness on a long-term basis. As of December 31, 2021, it had a portfolio of 1, 451 properties. The company qualifies as a real estate investment trust for federal income tax purposes. It generally would not be subject to federal corporate income taxes if it distributes at least 90% of its taxable income to its stockholders. The company was founded in 2016 and is headquartered in Princeton, New Jersey.",Peter Mavoides,REIT - Diversified,30.95,USD,6495780367,https://images.financialmodelingprep.com/symbol/EPRT.png,1993237,2018-06-21,24.18,0.57,300422.0,518957000,253011000,"[{'period': '2025', 'revenue': 561.89, 'unit': 'M', 'net_profit': 253.01}, {'period': '2024', 'revenue': 449.61, 'unit': 'M', 'net_profit': 203.0}, {'period': '2023', 'revenue': 359.6, 'unit': 'M', 'net_profit': 190.71}, {'period': '2022', 'revenue': 286.51, 'unit': 'M', 'net_profit': 134.13}]","[{'period': ""Q4 '25"", 'revenue': 150.54, 'unit': 'M', 'net_profit': 68.07}, {'period': ""Q3 '25"", 'revenue': 144.93, 'unit': 'M', 'net_profit': 65.62}, {'period': ""Q2 '25"", 'revenue': 137.06, 'unit': 'M', 'net_profit': 63.21}, {'period': ""Q1 '25"", 'revenue': 129.35, 'unit': 'M', 'net_profit': 56.11}, {'period': ""Q4 '24"", 'revenue': 119.71, 'unit': 'M', 'net_profit': 55.38}, {'period': ""Q3 '24"", 'revenue': 117.13, 'unit': 'M', 'net_profit': 49.14}]",1.29,1.28,6863023000,652512000,60181000,2655129000,631796000,6158227000,106419000,60181000,381080000,0.28146706801227744,0.24633504758526925,0.11206896551724149,"[0.31, 0.224]","['2026-03-31', '2018-09-27']",__nan__,0.3868745595053375
416,EPWR,Empowerment & Inclusion Capital I Corp. Class A Common Stock,"Empowerment & Inclusion Capital I Corp. does not have significant operations. It intends to effect a merger, capital stock exchange, asset acquisition, stock purchase, reorganization, or other similar business combination with one or more businesses. The company was incorporated in 1999 and is based in New York, New York.",,Shell Companies,10.085,USD,0,https://images.financialmodelingprep.com/symbol/EPWR.png,172071,2021-03-01,22.41111111111111,0.005,6710.0,3831000,8761000,"[{'period': '2021', 'revenue': 0.0, 'unit': 'M', 'net_profit': 8.76}, {'period': '2020', 'revenue': 0.0, 'unit': 'K', 'net_profit': -3.94}]","[{'period': ""Q3 '22"", 'revenue': 0.0, 'unit': 'M', 'net_profit': 1.13}, {'period': ""Q2 '22"", 'revenue': 0.0, 'unit': 'M', 'net_profit': 2.46}, {'period': ""Q1 '22"", 'revenue': 0.0, 'unit': 'M', 'net_profit': 14.13}, {'period': ""Q4 '21"", 'revenue': 0.0, 'unit': 'M', 'net_profit': 11.5}, {'period': ""Q3 '21"", 'revenue': 0.0, 'unit': 'K', 'net_profit': -116.31}, {'period': ""Q2 '21"", 'revenue': 0.0, 'unit': 'M', 'net_profit': -3.69}]",0.25,0.25,0.656870000000005,0.630173,0.098035,20.962362000000002,0,276.026697,0,0.098035,-1160779,974.3231707317074,2226.8638211382113,2500.9999999999995,__nan__,__nan__,__nan__,31.91249714555368
417,EQC,Equity Commonwealth Common Shares of Beneficial Interest,"Equity Commonwealth (NYSE: EQC) is a Chicago based, internally managed and self-advised real estate investment trust (REIT) with commercial office properties in the United States. EQC's same property portfolio is comprised of 4 properties and 1.5 million square feet.",David A. Helfand,REIT - Office,1.58,USD,169725180,https://images.financialmodelingprep.com/symbol/EQC.png,1199829,1986-12-17,4.157894736842105,-0.03,12285270.0,-5107200,23664000,"[{'period': '2024', 'revenue': 47.98, 'unit': 'M', 'net_profit': 23.66}, {'period': '2023', 'revenue': 60.52, 'unit': 'M', 'net_profit': 91.16}, {'period': '2022', 'revenue': 63.14, 'unit': 'M', 'net_profit': 37.26}, {'period': '2021', 'revenue': 58.0, 'unit': 'M', 'net_profit': -16.43}]","[{'period': ""Q1 '25"", 'revenue': 15.19, 'unit': 'M', 'net_profit': 25.41}, {'period': ""Q4 '24"", 'revenue': 4690.0, 'unit': 'K', 'net_profit': 298.0}, {'period': ""Q3 '24"", 'revenue': 13.99, 'unit': 'M', 'net_profit': -26.19}, {'period': ""Q2 '24"", 'revenue': 14.11, 'unit': 'M', 'net_profit': 24.15}, {'period': ""Q1 '24"", 'revenue': 15.19, 'unit': 'M', 'net_profit': 25.41}, {'period': ""Q4 '23"", 'revenue': 15.15, 'unit': 'M', 'net_profit': 26.55}]",0.22,0.22,293624000,161124000,160511000,114769000,613000,0,14750000,160511000,99130000,-0.30552147239263805,-0.740423851520337,-0.7105263157894737,"[19, 0.55]","['2024-12-09', '1987-04-13']",__nan__,0.39087063727760674
418,EQD,Equity Distribution Acquisition Corp. Class A Common Stock,"Equity Distribution Acquisition Corp. does not have significant operations. It intends to effect a merger, capital stock exchange, asset acquisition, stock purchase, reorganization, or related business combination with one or more businesses or entities. Equity Distribution Acquisition Corp. was incorporated in 2020 and is based in Chicago, Illinois.",William A. Galvin,Shell Companies,10.02,USD,0,https://images.financialmodelingprep.com/symbol/EQD.png,0,2020-11-06,23.302325581395348,0.0100002,214959.0,19598000,41430000,"[{'period': '2021', 'revenue': 0.0, 'unit': 'M', 'net_profit': 41.43}]","[{'period': ""Q2 '22"", 'revenue': 0.0, 'unit': 'M', 'net_profit': 6.39}, {'period': ""Q1 '22"", 'revenue': 0.0, 'unit': 'T', 'net_profit': 14.18}, {'period': ""Q4 '21"", 'revenue': 0.0, 'unit': 'M', 'net_profit': 3.08}, {'period': ""Q3 '21"", 'revenue': 0.0, 'unit': 'M', 'net_profit': 5.62}, {'period': ""Q2 '21"", 'revenue': 0.0, 'unit': 'M', 'net_profit': -4.7}, {'period': ""Q1 '21"", 'revenue': 0.0, 'unit': 'K', 'net_profit': 12.3}]",1.0,1.0,414837992,710727,584117,31655626,0,0,1882160,584117,-1186212,0.0,0.0,0.0,__nan__,__nan__,__nan__,0.07630840619824425
419,EQH,Equitable Holdings Inc. Common Stock,"Equitable Holdings, Inc., together with its consolidated subsidiaries, operates as a diversified financial services company worldwide. The company operates through four segments: Individual Retirement, Group Retirement, Investment Management and Research, and Protection Solutions. The Individual Retirement segment offers a suite of variable annuity products primarily to affluent and high net worth individuals. The Group Retirement segment provides tax-deferred investment and retirement services or products to plans sponsored by educational entities, municipalities, and not-for-profit entities, as well as small and medium-sized businesses. The Investment Management and Research segment offers diversified investment management, research, and related solutions to various clients through institutional, retail, and private wealth management channels; and distributes its institutional research products and solutions. The Protection Solutions segment provides various variable universal life, indexed universal life, and term life products to help affluent and high net worth individuals, as well as small and medium-sized business owners; and a suite of life, short- and long-term disability, dental, and vision insurance products to small and medium-size businesses. The company was formerly known as AXA Equitable Holdings, Inc. and changed its name to Equitable Holdings, Inc. in January 2020. Equitable Holdings, Inc. was founded in 1859 and is based in New York, New York.",Mark Pearson,Insurance - Diversified,36.27,USD,10205990656,https://images.financialmodelingprep.com/symbol/EQH.png,3056227,2018-05-10,-7.51,0.93,1988832.0,-969000000,-1380000000,"[{'period': '2025', 'revenue': 11.66, 'unit': 'B', 'net_profit': -1.38}, {'period': '2024', 'revenue': 12.44, 'unit': 'B', 'net_profit': 1.31}, {'period': '2023', 'revenue': 10.53, 'unit': 'B', 'net_profit': 1.3}, {'period': '2022', 'revenue': 12.64, 'unit': 'B', 'net_profit': 2.15}]","[{'period': ""Q4 '25"", 'revenue': 3280.0, 'unit': 'M', 'net_profit': 215.0}, {'period': ""Q3 '25"", 'revenue': 1.45, 'unit': 'B', 'net_profit': -1.31}, {'period': ""Q2 '25"", 'revenue': 2360.0, 'unit': 'M', 'net_profit': -349.0}, {'period': ""Q1 '25"", 'revenue': 3900.0, 'unit': 'M', 'net_profit': 63.0}, {'period': ""Q4 '24"", 'revenue': 3620.0, 'unit': 'M', 'net_profit': 899.0}, {'period': ""Q3 '24"", 'revenue': 2980.0, 'unit': 'M', 'net_profit': -132.0}]",-4.83,-4.83,318312000000,35572000000,52732000000,316524000000,22611000000,80326000000,1395000000,12462000000,679000000,-1.3030966531122927,-2.0558530986993113,-2.2643979057591626,"[0.27, 0.13]","['2026-03-04', '2018-08-22']",__nan__,0.9943828696373369
420,EQHA,EQ Health Acquisition Corp. Class A Common Stock,"EQ Health Acquisition Corp. does not have significant operations. It intends to effect a merger, capital stock exchange, asset acquisition, stock purchase, reorganization, or other similar business combination with one or more businesses in the healthcare services industry. The company was incorporated in 2020 and is based in Austin, Texas.",,Shell Companies,10.06,USD,0,https://images.financialmodelingprep.com/symbol/EQHA.png,115089,2021-03-22,0.0,-0.03,7149.0,6956000,17129000,"[{'period': '2021', 'revenue': 0.0, 'unit': 'M', 'net_profit': 17.13}]","[{'period': ""Q3 '22"", 'revenue': 0.0, 'unit': 'M', 'net_profit': 1.65}, {'period': ""Q2 '22"", 'revenue': 0.0, 'unit': 'M', 'net_profit': 4.44}, {'period': ""Q1 '22"", 'revenue': 0.0, 'unit': 'M', 'net_profit': 2.32}, {'period': ""Q4 '21"", 'revenue': 0.0, 'unit': 'M', 'net_profit': 1.76}, {'period': ""Q3 '21"", 'revenue': 0.0, 'unit': 'M', 'net_profit': 1.58}, {'period': ""Q2 '21"", 'revenue': 0.0, 'unit': 'M', 'net_profit': -5.47}]",0.62,0.62,220392,286.954,50.039,18778,0,0,2030.342,50.039,-1479836,0.0,0.0,0.0,__nan__,__nan__,__nan__,0.08520272968165814
421,EQNR,Equinor ASA,"Equinor ASA, an energy company, engages in the exploration, production, transportation, refining, and marketing of petroleum and petroleum-derived products, and other forms of energy in Norway and internationally. It operates through Exploration & Production Norway; Exploration & Production International; Exploration & Production USA; Marketing, Midstream & Processing; Renewables; and Other segments. The company also transports, processes, manufactures, markets, and trades in oil and gas commodities, such as crude and condensate products, gas liquids, natural gas, and liquefied natural gas; markets and trades in electricity and emission rights; operates refineries, terminals and processing, and power plants; and develops low carbon solutions for oil and gas. In addition, it develops wind, and carbon capture and storage projects, as well as offers other renewable energy. As of December 31, 2021, the company had proved oil and gas reserves of 5,356 million barrels of oil equivalent. Equinor ASA has collaboration agreements with Vårgrønn; and RWE Renewables and Hydro REIN. The company was formerly known as Statoil ASA and changed its name to Equinor ASA in May 2018. Equinor ASA was incorporated in 1972 and is headquartered in Stavanger, Norway.",Anders Opedal,Oil & Gas Integrated,42.95,USD,108874477832,https://images.financialmodelingprep.com/symbol/EQNR.png,6593767,2001-06-18,22.14,1.43,3623294.0,36457675000,5058634000,"[{'period': '2025', 'revenue': 106.16, 'unit': 'B', 'net_profit': 5.06}, {'period': '2024', 'revenue': 102.5, 'unit': 'B', 'net_profit': 8.81}, {'period': '2023', 'revenue': 106.85, 'unit': 'B', 'net_profit': 11.88}, {'period': '2022', 'revenue': 149.0, 'unit': 'B', 'net_profit': 28.75}]","[{'period': ""Q4 '25"", 'revenue': 25.26, 'unit': 'B', 'net_profit': 1.31}, {'period': ""Q3 '25"", 'revenue': 26020.0, 'unit': 'M', 'net_profit': -210.0}, {'period': ""Q2 '25"", 'revenue': 25.13, 'unit': 'B', 'net_profit': 1.31}, {'period': ""Q1 '25"", 'revenue': 29.38, 'unit': 'B', 'net_profit': 2.63}, {'period': ""Q4 '24"", 'revenue': 26.54, 'unit': 'B', 'net_profit': 2.0}, {'period': ""Q3 '24"", 'revenue': 25.42, 'unit': 'B', 'net_profit': 2.28}]",1.95,1.95,131728358000,38034392000,19333199000,91229940000,10819112000,16363169000,30601315000,5036052000,5995530000,-0.13090478914872822,-0.4255468998410175,-0.37500000000000006,"[0.321, 0.353]","['2026-05-15', '2002-05-03']",__nan__,0.6925611264356609
422,EQR,Equity Residential Common Shares of Beneficial Interest,"Equity Residential is committed to creating communities where people thrive. The Company, a member of the S&P 500, is focused on the acquisition, development and management of residential properties located in and around dynamic cities that attract high quality long-term renters. Equity Residential owns or has investments in 305 properties consisting of 78,568 apartment units, located in Boston, New York, Washington, D.C., Seattle, San Francisco, Southern California and Denver.",Mark J. Parrell,REIT - Residential,58.8,USD,22199769950,https://images.financialmodelingprep.com/symbol/EQR.png,2554120,1993-08-12,20.0,0.05,464132.71661,2338547000,1120089000,"[{'period': '2025', 'revenue': 3.1, 'unit': 'B', 'net_profit': 1.12}, {'period': '2024', 'revenue': 2.98, 'unit': 'B', 'net_profit': 1.04}, {'period': '2023', 'revenue': 2870.0, 'unit': 'M', 'net_profit': 835.44}, {'period': '2022', 'revenue': 2740.0, 'unit': 'M', 'net_profit': 776.91}]","[{'period': ""Q4 '25"", 'revenue': 789.03, 'unit': 'M', 'net_profit': 382.09}, {'period': ""Q3 '25"", 'revenue': 782.41, 'unit': 'M', 'net_profit': 289.05}, {'period': ""Q2 '25"", 'revenue': 768.83, 'unit': 'M', 'net_profit': 192.36}, {'period': ""Q1 '25"", 'revenue': 760.81, 'unit': 'M', 'net_profit': 256.59}, {'period': ""Q4 '24"", 'revenue': 766.78, 'unit': 'M', 'net_profit': 419.12}, {'period': ""Q3 '24"", 'revenue': 748.35, 'unit': 'M', 'net_profit': 143.45}]",2.97,2.91,20746023000,55904000,55904000,9336889000,14644000,19867838000,1186850000,55904000,1289704000,0.27202929878516435,0.081343385166113,0.08791208791208799,"[0.7025, 0.21]","['2026-03-30', '1993-09-20']",__nan__,0.45005681329862596
423,EQS,Equus Total Return Inc. Common Stock,"Equus Total Return, Inc. is a business development company (BDC) specializing in leveraged buyouts, management buyouts, corporate partnerships/joint ventures, growth and expansion capital, acquisition financing, roll-up acquisition strategies, operational turnarounds, recapitalizations of existing businesses, special situations, equity and equity-oriented securities issued by privately owned companies, debt securities including subordinate debt, debt convertible into common or preferred stock, or debt combined with warrants and common and preferred stock, and preferred equity financing. It invests in small to mid-sized companies and acts as a lead investor. It invests in technology, telecommunication, financial services, natural resource and industrial manufacturing and services. It invests in companies engaged in the alternative energy, real estate, healthcare, education, e-learning, leisure and entertainment, and foreign investment sector in the United States, China, India, and Europe. It investments include common and preferred stock, debt convertible into common or preferred stock, debt combined with warrants and options, and other rights to acquire common or preferred stock. It seeks to invest in companies between $1 million to $25 million with revenues between $5 million and $150 million with EBITDA between $2 million to $50 million. It seeks to take control and non-control equity positions. Equus Total Return, Inc. was founded in 1991 and is based in Houston, Texas with additional office in Vancouver, Canada.",John A. Hardy,Asset Management,2.0,USD,27933392,https://images.financialmodelingprep.com/symbol/EQS.png,6444,1992-09-11,-1.82,0.13,16285.0,-18777000,-18777000,"[{'period': '2024', 'revenue': -14.19, 'unit': 'M', 'net_profit': -18.78}, {'period': '2023', 'revenue': 17.23, 'unit': 'M', 'net_profit': 12.95}, {'period': '2022', 'revenue': 2.5, 'unit': 'M', 'net_profit': -1.13}, {'period': '2021', 'revenue': 6.08, 'unit': 'M', 'net_profit': 2.59}]","[{'period': ""Q3 '25"", 'revenue': -6.35, 'unit': 'M', 'net_profit': -8.1}, {'period': ""Q2 '25"", 'revenue': 881.0, 'unit': 'K', 'net_profit': -86.0}, {'period': ""Q1 '25"", 'revenue': 5.39, 'unit': 'M', 'net_profit': 3.94}, {'period': ""Q4 '24"", 'revenue': -9.67, 'unit': 'M', 'net_profit': -10.65}, {'period': ""Q3 '24"", 'revenue': -8.61, 'unit': 'M', 'net_profit': -9.63}, {'period': ""Q2 '24"", 'revenue': 5.11, 'unit': 'M', 'net_profit': 3.9}]",-1.38,-1.38,29936000,214000,7000,426000,2148000,27500000,425000,7000,38234000,-2.4500733647385897,-2.4500733647385897,-2.4375,"[0.108, 1.07]","['2009-03-05', '1992-12-17']",__nan__,0.014230358097274185
424,EQT,EQT Corporation Common Stock,"EQT Corporation operates as a natural gas production company in the United States. The company produces natural gas, natural gas liquids (NGLs), including ethane, propane, isobutane, butane, and natural gasoline. As of December 31, 2021, it had 25.0 trillion cubic feet of proved natural gas, NGLs, and crude oil reserves across approximately 2.0 million gross acres, including 1.7 million gross acres in the Marcellus play. The company was founded in 1878 and is headquartered in Pittsburgh, Pennsylvania.",Toby Z. Rice,Oil & Gas Exploration & Production,65.3,USD,40765094105,https://images.financialmodelingprep.com/symbol/EQT.png,10037313,1980-03-17,19.73,-2.25,3119545.0,5871300000,2039247000,"[{'period': '2025', 'revenue': 9.07, 'unit': 'B', 'net_profit': 2.04}, {'period': '2024', 'revenue': 5220.0, 'unit': 'M', 'net_profit': 230.58}, {'period': '2023', 'revenue': 5.07, 'unit': 'B', 'net_profit': 1.74}, {'period': '2022', 'revenue': 12.14, 'unit': 'B', 'net_profit': 1.77}]","[{'period': ""Q4 '25"", 'revenue': 2270.0, 'unit': 'M', 'net_profit': 677.1}, {'period': ""Q3 '25"", 'revenue': 1820.0, 'unit': 'M', 'net_profit': 335.86}, {'period': ""Q2 '25"", 'revenue': 2560.0, 'unit': 'M', 'net_profit': 784.15}, {'period': ""Q1 '25"", 'revenue': 2420.0, 'unit': 'M', 'net_profit': 242.14}, {'period': ""Q4 '24"", 'revenue': 1810.0, 'unit': 'M', 'net_profit': 418.39}, {'period': ""Q3 '24"", 'revenue': 1220.0, 'unit': 'M', 'net_profit': -300.82}]",3.33,3.31,41792874000,1895151000,110795000,14432726000,1485715000,3630577000,2484841000,110795000,2837527000,1.0376772291226843,7.844104138747577,6.3999999999999995,"[0.165, 3.1677]","['2026-02-17', '1985-02-04']",__nan__,0.3453393992478239
425,ERF,Enerplus Corporation Common Stock,"Enerplus Corporation, together with subsidiaries, engages in the exploration and development of crude oil and natural gas in the United States and Canada. The company's oil and natural gas properties are located primarily in North Dakota, Colorado, and Pennsylvania; and Alberta, British Columbia, and Saskatchewan. As of December 31, 2021, it had proved plus probable gross reserves of approximately 8.2 million barrels (MMbbls) of light and medium crude oil; 20.7 MMbbls of heavy crude oil; 299.3 MMbbls of tight oil; 56.2 MMbbls of natural gas liquids; 19.7 billion cubic feet (Bcf) of conventional natural gas; and 1,367.9 Bcf of shale gas. Enerplus Corporation was founded in 1986 and is headquartered in Calgary, Canada.",Ian Charles Dundas,Oil & Gas Exploration & Production,20.09,USD,4103302140,https://images.financialmodelingprep.com/symbol/ERF.png,2768007,2000-11-17,11.223463687150838,0.1327,5466460.0,1010400000,456076000,"[{'period': '2023', 'revenue': 1690.0, 'unit': 'M', 'net_profit': 456.08}, {'period': '2022', 'revenue': 2350.0, 'unit': 'M', 'net_profit': 914.3}, {'period': '2021', 'revenue': 1320.0, 'unit': 'M', 'net_profit': 234.44}, {'period': '2020', 'revenue': 826.97, 'unit': 'M', 'net_profit': -724.12}]","[{'period': ""Q1 '24"", 'revenue': 360.42, 'unit': 'M', 'net_profit': 66.14}, {'period': ""Q4 '23"", 'revenue': 414.54, 'unit': 'M', 'net_profit': 116.7}, {'period': ""Q3 '23"", 'revenue': 467.16, 'unit': 'M', 'net_profit': 127.66}, {'period': ""Q2 '23"", 'revenue': 365.15, 'unit': 'M', 'net_profit': 74.23}, {'period': ""Q1 '23"", 'revenue': 447.49, 'unit': 'M', 'net_profit': 137.49}, {'period': ""Q4 '22"", 'revenue': 848.46, 'unit': 'M', 'net_profit': 330.71}]",2.2,2.13,2068476000,383284000,66731000,841127000,268433000,0,478357000,66731000,386077000,-0.3445421980152032,-0.5011757603067696,-0.4133333333333333,"[0.23268, 0.4]","['2024-05-30', '2000-12-06']",__nan__,0.4066409279102102
426,ERJ,Embraer S.A. Common Stock,"Embraer S.A. designs, develops, manufactures, and sells aircrafts and systems in Brazil, North America, Latin America, the Asia Pacific, Brazil, Europe, and internationally. It operates through Commercial Aviation; Defense and Security; Executive Jets; Service & Support; and Other segments. The Commercial Aviation segment designs, develops, and manufactures a variety of commercial aircrafts. The Defense and Security segment engages in the research, development, production, modification, and support for military defense and security aircraft; and offers a range of products and integrated solutions that include radars and special space systems, as well as information and communications systems comprising command, control, communications, computer, intelligence, surveillance, and reconnaissance systems. The Executive Jets segment develops, produces, and sells executive jets. It also leases Legacy 600 and Legacy 650 executive jets in the super midsize and large categories; Legacy 450 and Legacy 500 executive jets in the midlight and midsize categories; Phenom family executive jets in the entry jet and light jet categories; Lineage 1000, an ultra-large executive jet; and Praetor 500 and Praetor 600, disruptive executive jets in the midsize and super midsize categories. The Service & Support segment offers after-service solutions, support, and maintenance, repair, and overhaul services for commercial, executive, and defense aircrafts; provides aircraft components and engines; and supplies steel and composite aviation structures to various aircraft manufacturers. The Other segment is involved in the supply of fuel systems, structural parts, and mechanical and hydraulic systems; and production of agricultural crop-spraying aircraft. The company was formerly known as Embraer-Empresa Brasileira de Aeronáutica S.A. and changed its name to Embraer S.A. in November 2010. Embraer S.A. was incorporated in 1969 and is headquartered in São Paulo, Brazil.",Francisco Gomes Neto,Aerospace & Defense,64.52,USD,47380061407,https://images.financialmodelingprep.com/symbol/ERJ.png,1237140,2000-07-21,37.73099415204678,-0.69,702557.0,1013100000,352500000,"[{'period': '2024', 'revenue': 6390.0, 'unit': 'M', 'net_profit': 352.5}, {'period': '2023', 'revenue': 5270.0, 'unit': 'M', 'net_profit': 164.0}, {'period': '2022', 'revenue': 4540.0, 'unit': 'M', 'net_profit': -185.4}, {'period': '2021', 'revenue': 4200.0, 'unit': 'M', 'net_profit': -44.7}]","[{'period': ""Q3 '25"", 'revenue': 2040.0, 'unit': 'M', 'net_profit': 116.73}, {'period': ""Q2 '25"", 'revenue': 1810.0, 'unit': 'M', 'net_profit': 79.19}, {'period': ""Q1 '25"", 'revenue': 1100.0, 'unit': 'M', 'net_profit': 73.4}, {'period': ""Q4 '24"", 'revenue': 2310.0, 'unit': 'M', 'net_profit': 45.6}, {'period': ""Q3 '24"", 'revenue': 1690.0, 'unit': 'M', 'net_profit': 178.8}, {'period': ""Q2 '24"", 'revenue': 1490.0, 'unit': 'M', 'net_profit': 99.4}]",1.92,1.92,11824300000,6512400000,2202700000,8479700000,1097700000,392000000,4416300000,1563000000,405000000,0.6935807422266801,1.149390243902439,1.1818181818181819,"[0.24275, 0.115]","['2025-12-19', '2000-09-26']",__nan__,0.7171418181203115
427,ES,Eversource Energy (D/B/A) Common Stock,"Eversource Energy, a public utility holding company, engages in the energy delivery business. The company operates through Electric Distribution, Electric Transmission, Natural Gas Distribution, and Water Distribution segments. It is involved in the transmission and distribution of electricity; solar power facilities; and distribution of natural gas. The company operates regulated water utilities that provide water services to approximately 226,000 customers. It serves residential, commercial, industrial, municipal and fire protection, and other customers in Connecticut, Massachusetts, and New Hampshire. The company was formerly known as Northeast Utilities and changed its name to Eversource Energy in April 2015. Eversource Energy is based in Springfield, Massachusetts.",Joseph R. Nolan Jr.,Regulated Electric,69.04,USD,25924286023,https://images.financialmodelingprep.com/symbol/ES.png,2574510,1973-02-21,15.14,1.45,662450.0,5393076000,1692372000,"[{'period': '2025', 'revenue': 13.55, 'unit': 'B', 'net_profit': 1.69}, {'period': '2024', 'revenue': 11900.0, 'unit': 'M', 'net_profit': 811.65}, {'period': '2023', 'revenue': 11910.0, 'unit': 'M', 'net_profit': -442.24}, {'period': '2022', 'revenue': 12.29, 'unit': 'B', 'net_profit': 1.4}]","[{'period': ""Q4 '25"", 'revenue': 3370.0, 'unit': 'M', 'net_profit': 421.31}, {'period': ""Q3 '25"", 'revenue': 3220.0, 'unit': 'M', 'net_profit': 367.55}, {'period': ""Q2 '25"", 'revenue': 2840.0, 'unit': 'M', 'net_profit': 352.73}, {'period': ""Q1 '25"", 'revenue': 4120.0, 'unit': 'M', 'net_profit': 550.79}, {'period': ""Q4 '24"", 'revenue': 2970.0, 'unit': 'M', 'net_profit': 72.52}, {'period': ""Q3 '24"", 'revenue': 3060.0, 'unit': 'M', 'net_profit': -118.06}]",4.56,4.56,63786711000,5077186000,135351000,47433872000,2122202000,486501000,7808512000,135351000,-45097000,0.30534311790352214,1.085093013886476,1.0088105726872245,"[0.7875, 0.508]","['2026-03-05', '1973-02-23']",__nan__,0.7436325099126054
428,ESE,ESCO Technologies Inc. Common Stock,"ESCO Technologies Inc. produces and supplies engineered products and systems for industrial and commercial markets worldwide. It operates through Aerospace & Defense, Utility Solutions Group, and RF Shielding and Test segments. The Aerospace & Defense segment designs and manufactures filtration products, including hydraulic filter elements and fluid control devices used in commercial aerospace applications; filter mechanisms used in micro-propulsion devices for satellites; and custom designed filters for manned aircraft and submarines. It also designs, develops, and manufactures elastomeric-based signature reduction solutions for U.S. naval vessels; and mission-critical bushings, pins, sleeves, and precision-tolerance machined components for landing gear, rotor heads, engine mounts, flight controls, and actuation systems for the aerospace and defense industries. The Utility Solutions Group segment provides diagnostic testing solutions that enable electric power grid operators to assess the integrity of high-voltage power delivery equipment; and decision support tools for the renewable energy industry, primarily wind and solar. The RF Shielding and Test segment designs and manufactures RF test and secure communication facilities, acoustic test enclosures, RF and magnetically shielded rooms, RF measurement systems, and broadcast and recording studios; and RF absorptive materials and filters, active compensation systems, antennas, antenna masts, turntables, electric and magnetic probes, RF test cells, proprietary measurement software, and other test accessories to perform various tests. It also provides services, such as calibration for antennas and field probes, chamber certification, field surveys, customer training, and various product tests. The company distributes its products through a network of distributors, sales representatives, direct sales teams, and in-house sales personnel. The company was incorporated in 1990 and is based in St. Louis, Missouri.",Bryan H. Sayler,"Hardware, Equipment & Parts",271.01,USD,7018010460,https://images.financialmodelingprep.com/symbol/ESE.png,209740,1990-10-01,56.46,-8.22,207269.0,245376000,299223000,"[{'period': '2025', 'revenue': 1100.0, 'unit': 'M', 'net_profit': 299.22}, {'period': '2024', 'revenue': 919.13, 'unit': 'M', 'net_profit': 101.88}, {'period': '2023', 'revenue': 855.79, 'unit': 'M', 'net_profit': 92.55}, {'period': '2022', 'revenue': 857.5, 'unit': 'M', 'net_profit': 82.32}]","[{'period': ""Q1 '26"", 'revenue': 289.66, 'unit': 'M', 'net_profit': 28.69}, {'period': ""Q4 '25"", 'revenue': 352.67, 'unit': 'M', 'net_profit': 218.65}, {'period': ""Q3 '25"", 'revenue': 296.34, 'unit': 'M', 'net_profit': 26.07}, {'period': ""Q2 '25"", 'revenue': 265.52, 'unit': 'M', 'net_profit': 31.03}, {'period': ""Q1 '25"", 'revenue': 214.59, 'unit': 'M', 'net_profit': 23.47}, {'period': ""Q4 '24"", 'revenue': 298.53, 'unit': 'M', 'net_profit': 34.26}]",11.55,11.55,2410388000,688506000,101350000,869517000,344284000,0,508148000,101350000,189773000,0.23705477552872375,1.9369853063868632,1.916666666666667,"[0.08, 3]","['2026-04-02', '1996-09-30']",__nan__,0.3607373584667697
429,ESGC,Eros STX Global Corporation A Ordinary Shares,"Eros STX Global Corporation produces, markets, and distributes content to audiences around the world across traditional and digital media platforms. The company produces and distributes films, scripted and unscripted TV programming, and digital content across a variety of platforms. It also offers Eros Now, a subscription based OTT platform. Eros STX Global Corporation was founded in 2011 and is headquartered in Burbank, California.",Kishore Arjan Lulla,Entertainment,3.03,USD,0,https://images.financialmodelingprep.com/symbol/ESGC.png,473006,2013-11-11,-0.18860877684407096,0.55,476278.0,-425203000,-418992000,"[{'period': '2020', 'revenue': 155.45, 'unit': 'M', 'net_profit': -418.99}, {'period': '2019', 'revenue': 270.13, 'unit': 'M', 'net_profit': -423.87}, {'period': '2018', 'revenue': 261.25, 'unit': 'M', 'net_profit': -22.57}, {'period': '2017', 'revenue': 252.99, 'unit': 'M', 'net_profit': 3.81}]","[{'period': ""Q4 '20"", 'revenue': 28.82, 'unit': 'M', 'net_profit': -378.23}, {'period': ""Q3 '20"", 'revenue': 50.75, 'unit': 'M', 'net_profit': -18.97}, {'period': ""Q2 '20"", 'revenue': 32.37, 'unit': 'M', 'net_profit': -27.9}, {'period': ""Q4 '19"", 'revenue': 69.75, 'unit': 'M', 'net_profit': -432.44}, {'period': ""Q3 '19"", 'revenue': 76.74, 'unit': 'M', 'net_profit': 9.59}, {'period': ""Q2 '19"", 'revenue': 63.42, 'unit': 'M', 'net_profit': 12.57}]",-77.93,-72.38,607656000,118405000,6365000,299170000,107253000,140000,225280000,2563000,-113909000,-0.7241640782761725,0.011501249212606784,0.3499874885311535,__nan__,__nan__,__nan__,0.49233447871822217
430,ESI,Element Solutions Inc. Common Stock,"Element Solutions Inc operates as a specialty chemicals company in the United States, China, and internationally. The company operates in two segments, Electronics, and Industrial & Specialty. The Electronics segment researches, formulates, and sells specialty chemicals and materials for various types of electronics hardware products. This segment also supplies solder technologies, fluxes, cleaners, and other attachment materials for the electronics assembly industry; proprietary liquid chemical processes to manufacture printed circuit boards; and advanced copper interconnects, die attachment, wafer bump processes, and photomask technologies for integrated circuit fabrication and semiconductor packaging. It primarily serves mobile communications, computers, automobiles, and aerospace equipment industries. The Industrial & Specialty segment provides industrial solutions, which include chemical systems that protect and decorate metal and plastic surfaces; consumable chemicals that enable printing image transfer on flexible packaging materials; and chemistries used in water-based hydraulic control fluids for offshore energy production applications. It serves aerospace, automotive, construction, consumer electronics, consumer packaged goods, and oil and gas production end markets. The company was formerly known as Platform Specialty Products Corporation and changed its name to Element Solutions Inc in January 2019. Element Solutions Inc was founded in 1785 and is headquartered in Fort Lauderdale, Florida.",Benjamin Gliklich,Chemicals - Specialty,33.32,USD,8116018960,https://images.financialmodelingprep.com/symbol/ESI.png,2643523,2013-10-22,42.18,-0.04,702099.0,493400000,190800000,"[{'period': '2025', 'revenue': 2550.0, 'unit': 'M', 'net_profit': 190.8}, {'period': '2024', 'revenue': 2460.0, 'unit': 'M', 'net_profit': 244.2}, {'period': '2023', 'revenue': 2330.0, 'unit': 'M', 'net_profit': 118.1}, {'period': '2022', 'revenue': 2550.0, 'unit': 'M', 'net_profit': 187.2}]","[{'period': ""Q4 '25"", 'revenue': 676.2, 'unit': 'M', 'net_profit': 6.1}, {'period': ""Q3 '25"", 'revenue': 656.1, 'unit': 'M', 'net_profit': 39.3}, {'period': ""Q2 '25"", 'revenue': 625.2, 'unit': 'M', 'net_profit': 47.4}, {'period': ""Q1 '25"", 'revenue': 593.7, 'unit': 'M', 'net_profit': 98.0}, {'period': ""Q4 '24"", 'revenue': 624.2, 'unit': 'M', 'net_profit': 54.7}, {'period': ""Q3 '24"", 'revenue': 645.0, 'unit': 'M', 'net_profit': 40.3}]",0.79,0.79,5101400000,1582500000,626500000,2412000000,517700000,0,429900000,626500000,227600000,-0.01634768740031898,-0.21867321867321868,-0.2178217821782178,"[0.08, 0.05]","['2026-03-02', '2020-11-24']",__nan__,0.47281138510996984
431,ESM,ESM Acquisition Corporation Class A Ordinary Shares,"ESM Acquisition Corporation does not have significant operations. It focuses on effecting a merger, share exchange, asset acquisition, share purchase, reorganization, or similar business combination with one or more businesses. The company was incorporated in 2021 and is based in Houston, Texas.",Sir Michael Lawrence Davis,Shell Companies,10.2,USD,391349500,https://images.financialmodelingprep.com/symbol/ESM.png,205406,,92.72727272727273,-0.005,1065.0,-11192000,5008000,"[{'period': '2021', 'revenue': 0.0, 'unit': 'M', 'net_profit': 5.01}]","[{'period': ""Q3 '22"", 'revenue': 0.0, 'unit': 'M', 'net_profit': 3.8}, {'period': ""Q2 '22"", 'revenue': 0.0, 'unit': 'M', 'net_profit': 6.98}, {'period': ""Q1 '22"", 'revenue': 0.0, 'unit': 'M', 'net_profit': 9.51}, {'period': ""Q4 '21"", 'revenue': 0.0, 'unit': 'M', 'net_profit': -3.85}, {'period': ""Q3 '21"", 'revenue': 0.0, 'unit': 'M', 'net_profit': 4.98}, {'period': ""Q2 '21"", 'revenue': 0.0, 'unit': 'M', 'net_profit': 3.02}]",0.15,0.15,308351353,1335646,1144155,24526306,0,0,2110271,1144155,-849899,0.0,0.0,0.0,__nan__,__nan__,__nan__,0.07954012771917365
432,ESNT,Essent Group Ltd. Common Shares,"Essent Group Ltd., through its subsidiaries, provides private mortgage insurance and reinsurance for mortgages secured by residential properties located in the United States. Its mortgage insurance products include primary, pool, and master policy. The company also provides information technology maintenance and development services; customer support-related services; underwriting consulting; and contract underwriting services. It serves the originators of residential mortgage loans, such as regulated depository institutions, mortgage banks, credit unions, and other lenders. The company was founded in 2008 and is based in Hamilton, Bermuda.",Mark Anthony Casale,Insurance - Specialty,58.415,USD,5522723504,https://images.financialmodelingprep.com/symbol/ESNT.png,815744,2013-10-31,8.47,0.675,123200.0,859790999,689969000,"[{'period': '2025', 'revenue': 1260.0, 'unit': 'M', 'net_profit': 689.97}, {'period': '2024', 'revenue': 1270.0, 'unit': 'M', 'net_profit': 729.4}, {'period': '2023', 'revenue': 1130.0, 'unit': 'M', 'net_profit': 696.39}, {'period': '2022', 'revenue': 1020.0, 'unit': 'M', 'net_profit': 831.35}]","[{'period': ""Q4 '25"", 'revenue': 312.4, 'unit': 'M', 'net_profit': 154.98}, {'period': ""Q3 '25"", 'revenue': 318.73, 'unit': 'M', 'net_profit': 164.22}, {'period': ""Q2 '25"", 'revenue': 326.05, 'unit': 'M', 'net_profit': 195.34}, {'period': ""Q1 '25"", 'revenue': 324.07, 'unit': 'M', 'net_profit': 175.43}, {'period': ""Q4 '24"", 'revenue': 339.27, 'unit': 'M', 'net_profit': 167.9}, {'period': ""Q3 '24"", 'revenue': 316.58, 'unit': 'M', 'net_profit': 176.18}]",6.97,6.9,7441003000,174316000,123049000,1684276000,51267000,6486598000,513425000,123049000,848689000,-0.041046496013241236,-0.05406339156817287,0.007225433526011535,"[0.35, 0.15]","['2026-03-13', '2019-09-03']",__nan__,0.22635066804838003
433,ESRT,Empire State Realty Trust Inc. Class A Common Stock,"Empire State Realty Trust, Inc. (NYSE: ESRT), a leading real estate investment trust (REIT), owns, manages, operates, acquires and repositions office and retail properties in Manhattan and the greater New York metropolitan area, including the Empire State Building, the World's Most Famous Building. Headquartered in New York, New York, the Company's office and retail portfolio covers 10.1 million rentable square feet, as of September 30, 2020, consisting of 9.4 million rentable square feet in 14 office properties, including nine in Manhattan, three in Fairfield County, Connecticut, and two in Westchester County, New York; and approximately 700,000 rentable square feet in the retail portfolio. Long the leader in energy efficiency retrofits and Indoor Environmental Quality, Empire State Realty Trust is the first commercial real estate portfolio in the U.S. to achieve the WELL Health-Safety Rating.",Anthony E. Malkin,REIT - Diversified,5.035,USD,857304415,https://images.financialmodelingprep.com/symbol/ESRT.png,1621757,2013-10-02,20.14,0.075,368929.0,374080000,47601000,"[{'period': '2025', 'revenue': 768.27, 'unit': 'M', 'net_profit': 47.6}, {'period': '2024', 'revenue': 763.15, 'unit': 'M', 'net_profit': 51.64}, {'period': '2023', 'revenue': 739.57, 'unit': 'M', 'net_profit': 53.24}, {'period': '2022', 'revenue': 707.01, 'unit': 'M', 'net_profit': 40.64}]","[{'period': ""Q4 '25"", 'revenue': 199.22, 'unit': 'M', 'net_profit': 20.73}, {'period': ""Q3 '25"", 'revenue': 197.73, 'unit': 'M', 'net_profit': 9.04}, {'period': ""Q2 '25"", 'revenue': 190.79, 'unit': 'M', 'net_profit': 7.57}, {'period': ""Q1 '25"", 'revenue': 180.07, 'unit': 'M', 'net_profit': 10.27}, {'period': ""Q4 '24"", 'revenue': 197.6, 'unit': 'M', 'net_profit': 12.22}, {'period': ""Q3 '24"", 'revenue': 199.6, 'unit': 'M', 'net_profit': 14.59}]",0.26,0.18,4468961000,188574000,166511000,2646769000,277333000,2839078000,59901000,166511000,50554000,0.08893598192869286,-0.07825026141512723,-0.10344827586206887,"[0.035, 0.0795]","['2026-03-13', '2013-12-12']",__nan__,0.5922560076044522
434,ESS,Essex Property Trust Inc. Common Stock,"Essex Property Trust, Inc., an S&P 500 company, is a fully integrated real estate investment trust (REIT) that acquires, develops, redevelops, and manages multifamily residential properties in selected West Coast markets. Essex currently has ownership interests in 246 apartment communities comprising approximately 60,000 apartment homes with an additional 6 properties in various stages of active development.",Angela L. Kleiman,REIT - Residential,243.93,USD,15727508715,https://images.financialmodelingprep.com/symbol/ESS.png,539286,1994-06-07,23.45,4.32,69604.0,1562754000,672488000,"[{'period': '2025', 'revenue': 1900.0, 'unit': 'M', 'net_profit': 672.49}, {'period': '2024', 'revenue': 1770.0, 'unit': 'M', 'net_profit': 741.52}, {'period': '2023', 'revenue': 1670.0, 'unit': 'M', 'net_profit': 405.82}, {'period': '2022', 'revenue': 1610.0, 'unit': 'M', 'net_profit': 408.31}]","[{'period': ""Q4 '25"", 'revenue': 479.63, 'unit': 'M', 'net_profit': 83.39}, {'period': ""Q3 '25"", 'revenue': 473.3, 'unit': 'M', 'net_profit': 164.62}, {'period': ""Q2 '25"", 'revenue': 469.83, 'unit': 'M', 'net_profit': 221.36}, {'period': ""Q1 '25"", 'revenue': 477.79, 'unit': 'M', 'net_profit': 203.11}, {'period': ""Q4 '24"", 'revenue': 454.47, 'unit': 'M', 'net_profit': 257.45}, {'period': ""Q3 '24"", 'revenue': 462.35, 'unit': 'M', 'net_profit': 118.42}]",10.41,10.41,13159009000,227177000,183656000,7422114000,141591000,630550000,98837000,85586000,1074423000,-0.039519868719865035,-0.09309770984542604,-0.09870129870129875,"[2.59, 0.08]","['2026-03-31', '1994-06-24']",__nan__,0.564032899437944
435,ESTC,Elastic N.V. Ordinary Shares,"Elastic N.V., a search company, delivers technology solutions designed to run in public or private clouds in multi-cloud environments. It primarily offers Elastic Stack, a set of software products that ingest and store data from various sources and formats, as well as perform search, analysis, and visualization. The company's Elastic Stack product portfolio comprises Elasticsearch, a distributed, real-time search and analytics engine, and data store for various types of data, including textual, numerical, geospatial, structured, and unstructured; Kibana, a user interface, management, and configuration interface for the Elastic Stack; Beats, a single-purpose data shippers for sending data from edge machines to Elasticsearch or Logstash; Elastic Agent that offers integrated host protection and central management services; and Logstash, a data processing pipeline for ingesting data into Elasticsearch or other storage systems. It also provides software solutions on the Elastic Stack that address cases, including app search, workplace search, logging, metrics, application performance management, and synthetic monitoring. The company's platform solutions provide new capabilities that helps users to combine the benefits of the Elastic Stack. The company was incorporated in 2012 and is headquartered in Mountain View, California.",Ashutosh Kulkarni,Software - Application,50.47,USD,5223696000,https://images.financialmodelingprep.com/symbol/ESTC.png,2093159,2018-10-05,-63.89,1.95,467123.0,6053000,-108114000,"[{'period': '2025', 'revenue': 1480.0, 'unit': 'M', 'net_profit': -108.11}, {'period': '2024', 'revenue': 1270.0, 'unit': 'M', 'net_profit': 61.72}, {'period': '2023', 'revenue': 1070.0, 'unit': 'M', 'net_profit': -236.16}, {'period': '2022', 'revenue': 862.37, 'unit': 'M', 'net_profit': -203.85}]","[{'period': ""Q3 '26"", 'revenue': 449.88, 'unit': 'M', 'net_profit': 7.75}, {'period': ""Q2 '26"", 'revenue': 423.48, 'unit': 'M', 'net_profit': -51.28}, {'period': ""Q1 '26"", 'revenue': 415.29, 'unit': 'M', 'net_profit': -24.6}, {'period': ""Q4 '25"", 'revenue': 388.43, 'unit': 'M', 'net_profit': -16.38}, {'period': ""Q3 '25"", 'revenue': 382.08, 'unit': 'M', 'net_profit': -17.06}, {'period': ""Q2 '25"", 'revenue': 365.36, 'unit': 'M', 'net_profit': -25.45}]",-1.04,-1.04,2592853000,1931007000,1397260000,1665619000,375613000,0,1008256000,727543000,261823000,1.0769856915739269,-2.7516850291639665,-2.67741935483871,__nan__,__nan__,__nan__,0.6423885195188466
436,ESTE,Earthstone Energy Inc. Class A Common Stock,"Earthstone Energy, Inc., an independent oil and gas company, engages in the acquisition, exploration, development, and production of oil and natural gas properties in the United States. The company's asset portfolio includes the Midland Basin of West Texas, Delaware Basin in New Mexico, and the Eagle Ford trend of south Texas. As of December 31, 2021, it operated 120 gross Eagle Ford wells, as well as had 147,587 thousand barrels of oil equivalent (MBOE) of total proved reserves comprised 93,575 MBOE of proved developed reserves and 54,012 MBOE of proved undeveloped reserves. Earthstone Energy, Inc. was incorporated in 1969 and is headquartered in The Woodlands, Texas.",Robert J. Anderson,Oil & Gas Exploration & Production,21.17,USD,2978682616,https://images.financialmodelingprep.com/symbol/ESTE.png,1931427,1994-04-18,4.642543859649122,0.1,8504606.0,1139811000,650617000,"[{'period': '2022', 'revenue': 1700.0, 'unit': 'M', 'net_profit': 650.62}, {'period': '2021', 'revenue': 419.64, 'unit': 'M', 'net_profit': 61.51}, {'period': '2020', 'revenue': 144.52, 'unit': 'M', 'net_profit': -29.43}, {'period': '2019', 'revenue': 191.26, 'unit': 'M', 'net_profit': 1.58}]","[{'period': ""Q3 '23"", 'revenue': 475.82, 'unit': 'M', 'net_profit': 125.01}, {'period': ""Q2 '23"", 'revenue': 370.01, 'unit': 'M', 'net_profit': 58.04}, {'period': ""Q1 '23"", 'revenue': 413.14, 'unit': 'M', 'net_profit': 86.21}, {'period': ""Q4 '22"", 'revenue': 494.96, 'unit': 'M', 'net_profit': 185.16}, {'period': ""Q3 '22"", 'revenue': 531.5, 'unit': 'M', 'net_profit': 299.31}, {'period': ""Q2 '22"", 'revenue': 472.55, 'unit': 'M', 'net_profit': 144.88}]",6.94,6.75,3937401000,246265000,-6409000,1613384000,0,0,376284000,-6409000,-998903000,5.164839444207065,9.578106201021038,4.642276422764229,"[0.1446, 0.1446]","['2023-10-30', '2023-10-30']",__nan__,0.40975861996276225
437,ET,Energy Transfer LP Common Units ,"Energy Transfer LP provides energy-related services. The company owns and operates approximately 11,600 miles of natural gas transportation pipeline, and three natural gas storage facilities in Texas and two natural gas storage facilities located in the state of Texas and Oklahoma; and 19,830 miles of interstate natural gas pipeline. It also sells natural gas to electric utilities, independent power plants, local distribution and other marketing companies, and industrial end-users. The company owns and operates natural gas gathering and natural gas liquid (NGL) pipeline, processing plant, and treating and conditioning facilities in Texas, New Mexico, West Virginia, Pennsylvania, Ohio, Oklahoma, Arkansas, Kansas, and Louisiana; natural gas gathering, oil pipeline, and oil stabilization facilities in South Texas; and a natural gas gathering system in Ohio, as well as transport and supplies water to natural gas producer in Pennsylvania. It owns approximately 5,215 miles of NGL pipeline; NGL and propane fractionation facilities; NGL storage facilities with working storage capacity of approximately 50 million barrels (MMBbls); and other NGL storage assets and terminal with an aggregate storage capacity of approximately 17 MMBbls. The company provides crude oil transportation, terminalling, acquisition, and marketing activities; and sells and distributes gasoline, middle distillate, and motor fuels and other petroleum product. It offers natural gas compression service; carbon dioxide and hydrogen sulfide removal, natural gas cooling, dehydration, and British thermal unit management service; and manages coal and natural resources properties, as well as sells standing timber, leases coal-related infrastructure facilities, collects oil and gas royalty, and generate electrical power. The company was formerly known as Energy Transfer Equity, L.P. and changed its name to Energy Transfer LP in October 2018. The company was founded in 1996 and is headquartered in Dallas, Texas.",Marshall S. McCrea,Oil & Gas Midstream,19.72,USD,67842910838,https://images.financialmodelingprep.com/symbol/ET.png,15548611,2006-02-03,16.3,0.04999931,7281386.0,14927000000,4901000000,"[{'period': '2025', 'revenue': 82.63, 'unit': 'B', 'net_profit': 4.9}, {'period': '2024', 'revenue': 82.67, 'unit': 'B', 'net_profit': 4.81}, {'period': '2023', 'revenue': 78.59, 'unit': 'B', 'net_profit': 3.94}, {'period': '2022', 'revenue': 89.88, 'unit': 'B', 'net_profit': 4.76}]","[{'period': ""Q4 '25"", 'revenue': 22.41, 'unit': 'B', 'net_profit': 1.46}, {'period': ""Q3 '25"", 'revenue': 19.95, 'unit': 'B', 'net_profit': 1.02}, {'period': ""Q2 '25"", 'revenue': 19.24, 'unit': 'B', 'net_profit': 1.1}, {'period': ""Q1 '25"", 'revenue': 21.02, 'unit': 'B', 'net_profit': 1.32}, {'period': ""Q4 '24"", 'revenue': 19.54, 'unit': 'B', 'net_profit': 1.08}, {'period': ""Q3 '24"", 'revenue': 20.77, 'unit': 'B', 'net_profit': 1.18}]",1.36,1.35,141740000000,18233000000,1324000000,92480000000,11451000000,3799000000,14955000000,1272000000,3846000000,-0.030462457781241882,0.018072289156626505,0.054263565891472916,"[0.335, 0.0578]","['2026-02-06', '2006-03-29']",__nan__,0.6524622548327924
438,ETB,Eaton Vance Tax-Managed Buy-Write Income Fund Eaton Vance Tax-Managed Buy-Write Income Fund Common Shares of Beneficial Interest,"Eaton Vance Tax-Managed Buy-Write Income Fund is a closed-ended equity mutual fund launched and managed by Eaton Vance Management. It is co-managed by Parametric Portfolio Associates LLC. The fund invests in the public equity markets of the United States. It seeks to invest in stocks of companies operating across diversified sectors. The fund primarily invests in stocks of large-cap companies. It also writes call options on one or more U.S. indices on a substantial portion of the value of its common stock portfolio. The fund benchmarks the performance of its portfolio against the S&P 500 Index. Eaton Vance Tax-Managed Buy-Write Income Fund was formed on April 29, 2005 and is domiciled in the United States.",Thomas Chanlin Seto,Asset Management - Income,14.09,USD,413889734,https://images.financialmodelingprep.com/symbol/ETB.png,51666,2005-04-27,6.91,0.11,23883.0,60045793,60045793,"[{'period': '2025', 'revenue': 36.86, 'unit': 'M', 'net_profit': 60.05}, {'period': '2024', 'revenue': 77.2, 'unit': 'M', 'net_profit': 76.71}, {'period': '2023', 'revenue': 7.18, 'unit': 'M', 'net_profit': 65.35}, {'period': '2022', 'revenue': 35.91, 'unit': 'M', 'net_profit': -60.84}]","[{'period': ""Q4 '25"", 'revenue': 20.58, 'unit': 'M', 'net_profit': 51.94}, {'period': ""Q2 '25"", 'revenue': 3.25, 'unit': 'M', 'net_profit': 8.1}, {'period': ""Q4 '24"", 'revenue': 18.95, 'unit': 'M', 'net_profit': 34.88}, {'period': ""Q2 '24"", 'revenue': 12.13, 'unit': 'M', 'net_profit': 41.83}, {'period': ""Q4 '23"", 'revenue': 9.68, 'unit': 'M', 'net_profit': 16.91}, {'period': ""Q2 '23"", 'revenue': 11.11, 'unit': 'M', 'net_profit': 48.44}]",2.04,2.04,482876926,1428065,900422,2172472,527643,481357992,0,0,0,-0.21718691185090877,-0.21718691185090877,-0.2183908045977011,"[0.1058, 0.45]","['2026-03-16', '2005-07-21']",__nan__,0.004499018037569267
439,ETG,Eaton Vance Tax-Advantaged Global Dividend Income Fund Common Shares of Beneficial Interest,"Eaton Vance Tax-Advantaged Global Dividend Income Fund is a closed ended equity mutual fund launched and managed by Eaton Vance Management. The fund invests in public equity markets across the globe. It seeks to invest in stocks of companies operating across diversified sectors. The fund primarily invests in dividend paying value stocks of companies. It employs fundamental analysis to create its portfolio. The fund benchmarks the performance of its portfolio against the MSCI World Index. Eaton Vance Tax-Advantaged Global Dividend Income Fund was formed on November 14, 2003 and is domiciled in the United States.",John H. Croft CFA,Asset Management - Income,19.685,USD,1502396759,https://images.financialmodelingprep.com/symbol/ETG.png,122472,2004-01-29,4.62,0.145,70117.0,344102930,325258573,"[{'period': '2025', 'revenue': 143.27, 'unit': 'M', 'net_profit': 325.26}, {'period': '2024', 'revenue': 392.84, 'unit': 'M', 'net_profit': 391.45}, {'period': '2023', 'revenue': 100.13, 'unit': 'M', 'net_profit': 152.14}, {'period': '2022', 'revenue': 143.72, 'unit': 'M', 'net_profit': -384.63}]","[{'period': ""Q4 '25"", 'revenue': -17.44, 'unit': 'M', 'net_profit': 324.36}, {'period': ""Q2 '25"", 'revenue': 160.71, 'unit': 'M', 'net_profit': 1.8}, {'period': ""Q4 '24"", 'revenue': 13.36, 'unit': 'M', 'net_profit': 61.54}, {'period': ""Q2 '24"", 'revenue': 25.31, 'unit': 'M', 'net_profit': 134.19}, {'period': ""Q4 '23"", 'revenue': 111.67, 'unit': 'M', 'net_profit': -28.67}, {'period': ""Q2 '23"", 'revenue': 15.46, 'unit': 'M', 'net_profit': 180.81}]",4.26,4.26,2147493726,0,11513451,374814021,22280663,0,4814021,238219,29744060,-0.12095698516144597,-0.16909665194653847,-0.16959064327485382,"[0.1293, 0.1025]","['2026-03-16', '2004-03-24']",__nan__,0.1745355604359051
440,ETH,Ethan Allen Interiors Inc. Common Stock,"Grayscale Ethereum Mini Trust ETF is solely and passively invested in Ether. Its investment objective is to reflect the value of Ether held by the Fund, less expenses and other liabilities. Ether is a digital asset that is created and transmitted through the operations of the peer-to-peer Ethereum Network, a decentralized network of computers that operates on cryptographic protocols. The Ethereum Network allows people to exchange tokens of value, called Ether, which are recorded on a public transaction ledger known as a blockchain.",Farooq Kathwari,Asset Management - Cryptocurrency,19.665,USD,1643647994,https://images.financialmodelingprep.com/symbol/ETH.png,9058737,2024-07-23,8.31,0.815,2269083.0,61988000,51596000,"[{'period': '2025', 'revenue': 614.65, 'unit': 'M', 'net_profit': 51.6}, {'period': '2024', 'revenue': 646.22, 'unit': 'M', 'net_profit': 63.82}, {'period': '2023', 'revenue': 791.38, 'unit': 'M', 'net_profit': 105.81}, {'period': '2022', 'revenue': 817.76, 'unit': 'M', 'net_profit': 103.28}]","[{'period': ""Q2 '26"", 'revenue': 149.92, 'unit': 'M', 'net_profit': 11.74}, {'period': ""Q1 '26"", 'revenue': 146.98, 'unit': 'M', 'net_profit': 10.45}, {'period': ""Q4 '25"", 'revenue': 160.36, 'unit': 'M', 'net_profit': 12.27}, {'period': ""Q3 '25"", 'revenue': 142.69, 'unit': 'M', 'net_profit': 9.61}, {'period': ""Q2 '25"", 'revenue': 157.26, 'unit': 'M', 'net_profit': 15.0}, {'period': ""Q1 '25"", 'revenue': 154.34, 'unit': 'M', 'net_profit': 14.72}]",2.01,2.01,737099000,309933000,76178000,254830000,6066000,60030000,152851000,76178000,50400,-0.20519034247541382,-0.1914880280807321,-0.1960000000000001,"[0.075, 0.004]","['2021-08-16', '1996-07-08']",__nan__,0.3457201814138942
441,ETJ,Eaton Vance Risk-Managed Diversified Equity Income Fund Common Shares of Beneficial Interest,"Eaton Vance Risk-Managed Diversified Equity Income Fund is a closed ended equity mutual fund launched and managed by Eaton Vance Management. The fund invests in the public equity markets of the United States. It primarily invests in common stocks and purchases out-of-the-money, short-dated S&P 500 index put options and sells out-of-the-money S&P 500 Index call options of the same term as the put options with roll dates that are staggered across the options portfolio. The fund invests in stocks of companies operating across diversified sectors. It benchmarks the performance of its portfolio against the S&P 500 Index and the Barclays U.S. Aggregate Bond Index. Eaton Vance Risk-Managed Diversified Equity Income Fund was formed on July 31, 2007 and is domiciled in the United States.",Kevin J. Amell,Asset Management - Income,7.9426,USD,534551173,https://images.financialmodelingprep.com/symbol/ETJ.png,160533,2007-07-27,10.73,0.0626,124609.0,49922944,49922944,"[{'period': '2025', 'revenue': 33.21, 'unit': 'M', 'net_profit': 49.92}, {'period': '2024', 'revenue': 37.86, 'unit': 'M', 'net_profit': 135.0}, {'period': '2023', 'revenue': 45.06, 'unit': 'M', 'net_profit': 80.35}, {'period': '2022', 'revenue': -100.2, 'unit': 'M', 'net_profit': -100.9}]","[{'period': ""Q4 '25"", 'revenue': 8.0, 'unit': 'M', 'net_profit': 27.81}, {'period': ""Q2 '25"", 'revenue': 25.21, 'unit': 'M', 'net_profit': 22.11}, {'period': ""Q4 '24"", 'revenue': 24.31, 'unit': 'M', 'net_profit': 43.57}, {'period': ""Q2 '24"", 'revenue': 13.55, 'unit': 'M', 'net_profit': 91.43}, {'period': ""Q4 '23"", 'revenue': 42.99, 'unit': 'M', 'net_profit': 19.43}, {'period': ""Q2 '23"", 'revenue': 2.07, 'unit': 'M', 'net_profit': 60.93}]",0.74,0.74,654806524,17157,0,2522440,17157,1321669,935028,0,0,-0.6301870988110172,-0.6301870988110172,-0.63,"[0.0651, 0.45]","['2026-03-16', '2007-10-19']",__nan__,0.0038521913077335193
442,ETN,Eaton Corporation PLC Ordinary Shares,"Eaton Corporation plc operates as a power management company worldwide. The company's Electrical Americas and Electrical Global segment provides electrical components, industrial components, power distribution and assemblies, residential products, single and three phase power quality and connectivity products, wiring devices, circuit protection products, utility power distribution products, power reliability equipment, and services, as well as hazardous duty electrical equipment, emergency lighting, fire detection, explosion-proof instrumentation, and structural support systems. Its Aerospace segment offers pumps, motors, hydraulic power units, hoses and fittings, and electro-hydraulic pumps; valves, cylinders, electronic controls, electromechanical actuators, sensors, aircraft flap and slat systems, and nose wheel steering systems; hose, thermoplastic tubing products, fittings, adapters, couplings, and sealing and ducting products; air-to-air refueling systems, fuel pumps, fuel inerting products, sensors, valves, and adapters and regulators; oxygen generation system, payload carriages, and thermal management products; and wiring connectors and cables, as well as hydraulic and bag filters, strainers and cartridges, and golf grips for manufacturers of commercial and military aircraft, and related after-market customers, as well as industrial applications. The company's Vehicle segment offers transmissions, clutches, hybrid power systems, superchargers, engine valves and valve actuation systems, locking and limited slip differentials, transmission controls, and fuel vapor components for the vehicle industry. Its eMobility segment provides voltage inverters, converters, fuses, onboard chargers, circuit protection units, vehicle controls, power distribution systems, fuel tank isolation valves, and commercial vehicle hybrid systems. Eaton Corporation plc was founded in 1911 and is based in Dublin, Ireland.",Paulo Ruiz Sternadt,Industrial - Machinery,348.26501,USD,135091999182,https://images.financialmodelingprep.com/symbol/ETN.png,2868613,1972-06-01,33.39,-9.09499,1098978.0,5947000000,4089000000,"[{'period': '2025', 'revenue': 27.45, 'unit': 'B', 'net_profit': 4.09}, {'period': '2024', 'revenue': 24.88, 'unit': 'B', 'net_profit': 3.79}, {'period': '2023', 'revenue': 23.2, 'unit': 'B', 'net_profit': 3.22}, {'period': '2022', 'revenue': 20.75, 'unit': 'B', 'net_profit': 2.46}]","[{'period': ""Q4 '25"", 'revenue': 7.05, 'unit': 'B', 'net_profit': 1.13}, {'period': ""Q3 '25"", 'revenue': 6.99, 'unit': 'B', 'net_profit': 1.01}, {'period': ""Q2 '25"", 'revenue': 7030.0, 'unit': 'M', 'net_profit': 982.0}, {'period': ""Q1 '25"", 'revenue': 6380.0, 'unit': 'M', 'net_profit': 964.0}, {'period': ""Q4 '24"", 'revenue': 6240.0, 'unit': 'M', 'net_profit': 971.0}, {'period': ""Q3 '24"", 'revenue': 6.34, 'unit': 'B', 'net_profit': 1.01}]",10.49,10.46,41251000000,12355000000,803000000,21782000000,5387000000,0,9370000000,622000000,4472000000,0.05611791866453561,0.07775434897206115,0.09958071278826008,"[1.1, 0.35]","['2026-03-10', '1972-08-01']",__nan__,0.5280356839834186
443,ETO,Eaton Vance Tax-Advantage Global Dividend Opp Common Stock,"Eaton Vance Tax-Advantaged Global Dividend Opportunities Fund is a closed ended equity mutual fund launched and managed by Eaton Vance Management. It invests in public equity markets across the globe. The fund seeks to invest in the stocks of companies operating across diversified sectors. It primarily invests in dividend paying value stocks of companies. The fund employs fundamental analysis to create its portfolio. It benchmarks the performance of its portfolio against the MSCI World Index. Eaton Vance Tax-Advantaged Global Dividend Opportunities Fund was formed on April 30, 2004 and is domiciled in the United States.",John H. Croft CFA,Asset Management - Global,25.985,USD,425845766,https://images.financialmodelingprep.com/symbol/ETO.png,44533,2004-05-26,4.83,0.085,36393.0,93246525,88265747,"[{'period': '2025', 'revenue': 43.51, 'unit': 'M', 'net_profit': 88.27}, {'period': '2024', 'revenue': 114.33, 'unit': 'M', 'net_profit': 113.75}, {'period': '2023', 'revenue': 24.42, 'unit': 'M', 'net_profit': 38.38}, {'period': '2022', 'revenue': 41.6, 'unit': 'M', 'net_profit': -118.22}]","[{'period': ""Q4 '25"", 'revenue': -11.41, 'unit': 'M', 'net_profit': 91.26}, {'period': ""Q2 '25"", 'revenue': 54.92, 'unit': 'M', 'net_profit': -6.0}, {'period': ""Q4 '24"", 'revenue': 3.67, 'unit': 'M', 'net_profit': 17.92}, {'period': ""Q2 '24"", 'revenue': 6.4, 'unit': 'M', 'net_profit': 38.95}, {'period': ""Q4 '23"", 'revenue': 16.3, 'unit': 'M', 'net_profit': -12.0}, {'period': ""Q2 '23"", 'revenue': 21.26, 'unit': 'M', 'net_profit': 50.38}]",5.39,5.39,613099772,0,5069084,104496549,4343296,0,1496549,82300,5153100,-0.1802329037640554,-0.22402089391227675,-0.2233429394812681,"[0.1733, 0.1]","['2026-03-16', '2004-06-24']",__nan__,0.17043971270633582
444,ETR,Entergy Corporation Common Stock,"Entergy Corporation, together with its subsidiaries, engages in the production and retail distribution of electricity in the United States. The company operates in two segments, Utility and Entergy Wholesale Commodities. The Utility segment generates, transmits, distributes, and sells electric power in portions of Arkansas, Louisiana, Mississippi, and Texas, including the City of New Orleans; and distributes natural gas. The Entergy Wholesale Commodities segment engages in the ownership, operation, and decommissioning of nuclear power plants; and ownership of interests in non-nuclear power plants that sell electric power to wholesale customers, as well as provides services to other nuclear power plant owners. It generates electricity through gas, nuclear, coal, hydro, and solar power sources. The company sells energy to retail power providers, utilities, electric power co-operatives, power trading organizations, and other power generation companies. The company's power plants have approximately 26,000 megawatts (MW) of electric generating capacity, which include 6,000 MW of nuclear power. It delivers electricity to 3 million utility customers in Arkansas, Louisiana, Mississippi, and Texas. The company was founded in 1913 and is headquartered in New Orleans, Louisiana.",Andrew S. Marsh,Regulated Electric,111.05,USD,50304521399,https://images.financialmodelingprep.com/symbol/ETR.png,2568428,1972-06-01,28.4,1.17,903964.0,6145069000,1773328000,"[{'period': '2025', 'revenue': 12.95, 'unit': 'B', 'net_profit': 1.77}, {'period': '2024', 'revenue': 11.88, 'unit': 'B', 'net_profit': 1.06}, {'period': '2023', 'revenue': 12.15, 'unit': 'B', 'net_profit': 2.36}, {'period': '2022', 'revenue': 13.76, 'unit': 'B', 'net_profit': 1.1}]","[{'period': ""Q4 '25"", 'revenue': 2960.0, 'unit': 'M', 'net_profit': 240.53}, {'period': ""Q3 '25"", 'revenue': 3810.0, 'unit': 'M', 'net_profit': 698.42}, {'period': ""Q2 '25"", 'revenue': 3330.0, 'unit': 'M', 'net_profit': 471.95}, {'period': ""Q1 '25"", 'revenue': 2850.0, 'unit': 'M', 'net_profit': 360.76}, {'period': ""Q4 '24"", 'revenue': 2740.0, 'unit': 'M', 'net_profit': 286.45}, {'period': ""Q3 '24"", 'revenue': 3390.0, 'unit': 'M', 'net_profit': 645.75}]",3.98,3.91,71890730000,5720354000,1928916000,54622153000,1502556000,6425294000,7822968000,45895000,-2790700000,0.2200844896540181,0.6710843736807189,0.6113360323886639,"[0.64, 0.45]","['2026-02-09', '1994-02-04']",__nan__,0.75979410697318
